timestamp,open,high,low,close,volume,bar_vwap,transactions,otc
2026-03-24 08:01:00,251.8,251.8,251.8,251.8,233.0,251.8271,22,
2026-03-24 08:02:00,251.81,251.81,251.81,251.81,353.0,251.8148,9,
2026-03-24 08:07:00,251.98,251.98,251.98,251.98,199.0,251.9802,3,
2026-03-24 08:10:00,251.84,251.84,251.83,251.83,275.0,251.8276,8,
2026-03-24 08:18:00,251.85,251.95,251.8,251.8,2564.0,251.837,29,
2026-03-24 08:19:00,251.6,251.6,251.6,251.6,580.0,251.5985,70,
2026-03-24 08:21:00,251.68,251.68,251.68,251.68,417.0,251.68,2,
2026-03-24 08:22:00,251.65,251.65,251.65,251.65,102.0,251.6514,2,
2026-03-24 08:24:00,251.51,251.51,251.51,251.51,438.0,251.548,11,
2026-03-24 08:30:00,251.37,251.37,251.37,251.37,389.0,251.422,17,
2026-03-24 08:37:00,251.59,251.59,251.59,251.59,131.0,251.5826,7,
2026-03-24 08:50:00,251.58,251.58,251.01,251.07,3876.0,251.2158,92,
2026-03-24 08:51:00,251.15,251.15,251.15,251.15,388.0,251.1129,11,
2026-03-24 08:54:00,251.49,251.49,251.49,251.49,395.0,251.4535,9,
2026-03-24 09:07:00,251.23,251.23,251.22,251.22,367.0,251.2262,6,
2026-03-24 09:11:00,251.2,251.37,251.2,251.37,2064.0,251.2345,24,
2026-03-24 09:13:00,251.2,251.2,251.2,251.2,658.0,251.2,15,
2026-03-24 09:48:00,251.47,251.47,251.47,251.47,294.0,251.4698,7,
2026-03-24 10:01:00,251.56,251.56,251.55,251.55,324.0,251.564,8,
2026-03-24 10:10:00,251.65,251.65,251.65,251.65,521.0,251.6503,7,
2026-03-24 10:34:00,251.5,251.5,251.4,251.4,783.0,251.4245,31,
2026-03-24 10:39:00,251.5,251.5,251.5,251.5,458.0,251.5167,16,
2026-03-24 11:00:00,251.57,251.57,251.57,251.57,818.0,251.536,131,
2026-03-24 11:01:00,251.5,251.5,251.5,251.5,738.0,251.467,44,
2026-03-24 11:13:00,251.5,251.5,251.5,251.5,515.0,251.5002,5,
2026-03-24 11:15:00,251.44,251.44,251.44,251.44,533.0,251.344,22,
2026-03-24 11:16:00,251.21,251.21,251.01,251.01,960.0,251.1384,41,
2026-03-24 11:25:00,251.3,251.3,251.3,251.3,730.0,251.2999,10,
2026-03-24 11:32:00,251.3,251.3,251.3,251.3,534.0,251.3,7,
2026-03-24 11:35:00,251.4,251.4,251.4,251.4,910.0,251.4001,3,
2026-03-24 11:36:00,251.49,251.49,251.49,251.49,477.0,251.4821,12,
2026-03-24 11:37:00,251.48,251.48,251.48,251.48,145.0,251.487,15,
2026-03-24 11:41:00,251.5,251.5,251.5,251.5,434.0,251.5023,7,
2026-03-24 11:43:00,251.5,251.6,251.5,251.5,2007.0,251.5482,24,
2026-03-24 11:44:00,251.5,251.5,251.5,251.5,201.0,251.5,2,
2026-03-24 11:46:00,251.6,251.65,251.6,251.65,1059.0,251.6263,38,
2026-03-24 11:48:00,251.78,251.78,251.77,251.77,302.0,251.7765,7,
2026-03-24 11:49:00,251.79,251.79,251.79,251.79,301.0,251.788,6,
2026-03-24 11:51:00,251.6,251.6,251.5,251.5,631.0,251.5714,14,
2026-03-24 11:52:00,251.5,251.5,251.3,251.3,3598.0,251.3892,62,
2026-03-24 11:53:00,251.02,251.03,250.77,250.89,4870.0,250.9388,165,
2026-03-24 11:55:00,251.0,251.0,251.0,251.0,833.0,251.0001,5,
2026-03-24 11:56:00,251.13,251.13,251.13,251.13,249.0,251.1323,5,
2026-03-24 11:57:00,251.23,251.25,251.23,251.25,728.0,251.2428,27,
2026-03-24 11:59:00,251.3,251.39,251.3,251.39,978.0,251.3687,15,
2026-03-24 12:00:00,252.33,252.33,250.0,252.2,59445.832533,251.2032,3412,
2026-03-24 12:01:00,252.12,252.12,250.35,251.39,10460.0,251.3542,547,
2026-03-24 12:02:00,251.5,251.5,251.49,251.49,1825.88366,251.5817,107,
2026-03-24 12:03:00,251.5,251.5,251.25,251.25,1832.446,251.4967,27,
2026-03-24 12:04:00,251.35,251.35,251.35,251.35,2157.0,250.7914,126,
2026-03-24 12:05:00,251.35,251.35,251.2,251.2,3081.572955,251.32,76,
2026-03-24 12:06:00,251.4,251.4,251.4,251.4,127.21837,251.8413,7,
2026-03-24 12:07:00,251.19,251.31,251.19,251.31,884.0,251.2697,12,
2026-03-24 12:08:00,251.13,251.18,251.13,251.18,454.004084,251.1745,20,
2026-03-24 12:10:00,251.13,251.13,251.13,251.13,944.417442,251.2408,22,
2026-03-24 12:11:00,251.17,251.17,251.1308,251.1308,605.933796,251.5342,14,
2026-03-24 12:13:00,251.27,251.28,251.27,251.28,1066.598,251.4179,18,
2026-03-24 12:18:00,251.13,251.15,251.13,251.15,660.936237,251.5092,22,
2026-03-24 12:20:00,251.14,251.14,251.1316,251.1316,548.225274,251.2472,25,
2026-03-24 12:24:00,251.24,251.25,251.24,251.24,949.079639,251.2663,21,
2026-03-24 12:26:00,251.45,251.46,251.45,251.46,363.035788,251.4083,13,
2026-03-24 12:28:00,251.3,251.3,251.3,251.3,596.0,251.3147,10,
2026-03-24 12:30:00,251.25,251.25,251.25,251.25,270.011929,251.2811,9,
2026-03-24 12:32:00,251.13,251.13,251.13,251.13,360.02136,251.1484,16,
2026-03-24 12:33:00,251.13,251.13,251.0,251.13,1822.309357,251.1206,56,
2026-03-24 12:36:00,250.93,250.93,250.93,250.93,545.0,250.9136,24,
2026-03-24 12:37:00,250.8,250.8,250.8,250.8,292.974733,251.6403,34,
2026-03-24 12:38:00,250.63,250.63,250.6,250.6,1743.497597,250.678,44,
2026-03-24 12:39:00,250.7,250.87,250.7,250.7,928.004109,250.7299,12,
2026-03-24 12:40:00,250.76,250.76,250.76,250.76,208.0,250.7568,7,
2026-03-24 12:41:00,250.77,250.77,250.77,250.77,174.001992,250.7851,13,
2026-03-24 12:42:00,250.75,250.75,250.6851,250.6851,460.004114,250.725,10,
2026-03-24 12:43:00,250.66,250.75,250.65,250.75,1380.016474,250.6861,38,
2026-03-24 12:44:00,250.4836,250.4836,250.4836,250.4836,131.040764,250.5669,15,
2026-03-24 12:46:00,250.6,250.6,250.6,250.6,800.212442,250.6595,20,
2026-03-24 12:47:00,250.5,250.565,250.5,250.565,970.0,250.5388,19,
2026-03-24 12:49:00,250.62,250.62,250.62,250.62,805.011962,250.6178,24,
2026-03-24 12:50:00,250.57,250.57,250.57,250.57,235.013101,250.6157,15,
2026-03-24 12:51:00,250.7,250.7,250.7,250.7,107.0,250.6912,3,
2026-03-24 12:52:00,250.761,250.761,250.761,250.761,444.176889,250.8124,27,
2026-03-24 12:55:00,250.701,250.701,250.7,250.7,778.062081,250.7217,8,
2026-03-24 12:56:00,250.5617,250.5617,250.5617,250.5617,156.0,250.5923,13,
2026-03-24 12:58:00,250.74,250.74,250.74,250.74,447.0,250.7271,7,
2026-03-24 12:59:00,250.6,250.61,250.6,250.6,954.207164,250.6674,21,
2026-03-24 13:02:00,250.71,250.71,250.65,250.65,1901.02,250.6923,55,
2026-03-24 13:03:00,250.6351,250.6351,250.62,250.62,337.0,250.6551,8,
2026-03-24 13:04:00,250.6267,250.7,250.6,250.67,1944.0,250.6478,41,
2026-03-24 13:05:00,250.74,250.79,250.74,250.79,537.0,250.7572,13,
2026-03-24 13:07:00,250.56,250.56,250.35,250.35,3892.020013,250.4291,135,
2026-03-24 13:08:00,250.34,250.34,250.3,250.3,949.224188,250.4024,33,
2026-03-24 13:09:00,250.25,250.25,250.0,250.19,6848.005571,250.065,290,
2026-03-24 13:10:00,250.0,250.16,250.0,250.16,1149.122192,250.0884,52,
2026-03-24 13:11:00,250.37,250.37,250.0,250.0,707.0,250.2099,16,
2026-03-24 13:12:00,250.0,250.1293,250.0,250.1114,2294.0,250.019,12,
2026-03-24 13:13:00,250.18,250.6642,250.18,250.6642,3288.037715,250.3713,45,
2026-03-24 13:14:00,250.55,250.6551,250.55,250.6551,1285.012167,250.5515,30,
2026-03-24 13:15:00,250.57,250.63,250.57,250.63,550.0,250.6041,20,
2026-03-24 13:17:00,250.5,250.5,250.5,250.5,1965.113652,250.5014,23,
2026-03-24 13:20:00,250.5,250.5,250.5,250.5,534.036231,250.4717,44,
2026-03-24 13:21:00,250.52,250.52,250.25,250.4,4933.0,250.4513,32,
2026-03-24 13:22:00,250.3,250.58,250.3,250.58,562.0,250.4541,12,
2026-03-24 13:23:00,250.5,250.74,250.5,250.74,929.036702,250.6016,39,
2026-03-24 13:24:00,250.75,250.75,250.31,250.31,1537.0,250.5191,37,
2026-03-24 13:25:00,250.26,250.4,250.16,250.4,1260.0,250.2469,33,
2026-03-24 13:26:00,250.48,250.7467,250.18,250.7467,899.022016,250.5313,23,
2026-03-24 13:27:00,250.43,250.7996,250.37,250.61,3073.008202,250.6441,80,
2026-03-24 13:28:00,250.12,250.2,250.0,250.2,16196.525373,250.1174,242,
2026-03-24 13:29:00,250.25,250.75,250.25,250.56,7658.115971,250.5155,188,
2026-03-24 13:30:00,250.35,250.93,249.55,250.19,620037.00016,250.3395,10298,
2026-03-24 13:31:00,250.2,251.1881,249.8201,250.99,130076.803379,250.595,3223,
2026-03-24 13:32:00,251.03,251.1,250.68,250.83,85448.019731,250.8867,1563,
2026-03-24 13:33:00,250.845,251.02,250.39,251.02,112711.390271,250.7684,2101,
2026-03-24 13:34:00,251.0,251.4499,250.99,251.21,75570.508326,251.2406,1745,
2026-03-24 13:35:00,251.3,251.45,250.81,251.305,81023.449732,251.1598,1793,
2026-03-24 13:36:00,251.34,251.5,251.15,251.5,101718.918701,251.3447,1903,
2026-03-24 13:37:00,251.5,251.99,251.46,251.76,97713.380143,251.7325,1731,
2026-03-24 13:38:00,251.795,251.86,251.43,251.49,58263.030334,251.6588,1330,
2026-03-24 13:39:00,251.44,251.6,251.26,251.38,82977.441033,251.4182,1596,
2026-03-24 13:40:00,251.3704,251.56,251.24,251.3472,81607.292537,251.3816,1413,
2026-03-24 13:41:00,251.34,251.425,251.07,251.08,70088.59296,251.2666,1423,
2026-03-24 13:42:00,251.15,252.0551,251.12,252.0551,145634.517415,251.6668,2962,
2026-03-24 13:43:00,252.03,252.09,251.72,251.79,122452.46198,251.9158,2428,
2026-03-24 13:44:00,251.82,251.96,251.6,251.68,60248.789227,251.7893,2084,
2026-03-24 13:45:00,251.69,251.75,251.38,251.455,81789.306754,251.535,2646,
2026-03-24 13:46:00,251.46,252.14,251.34,251.98,106306.768245,251.7973,3035,
2026-03-24 13:47:00,251.97,252.15,251.86,251.9801,80179.874106,251.9969,2470,
2026-03-24 13:48:00,252.005,252.17,251.56,251.6852,68740.526016,251.8355,2409,
2026-03-24 13:49:00,251.6,251.72,251.42,251.66,83029.250823,251.5447,2696,
2026-03-24 13:50:00,251.655,251.87,251.65,251.83,44295.570442,251.7754,2073,
2026-03-24 13:51:00,251.84,252.1,251.66,251.72,77393.367584,251.8852,2511,
2026-03-24 13:52:00,251.73,251.91,251.67,251.85,42454.006348,251.7706,1947,
2026-03-24 13:53:00,251.85,251.85,251.42,251.536,45899.883609,251.6649,2139,
2026-03-24 13:54:00,251.55,251.59,251.17,251.23,45087.000625,251.3842,1923,
2026-03-24 13:55:00,251.26,251.47,251.195,251.41,49314.325106,251.333,1944,
2026-03-24 13:56:00,251.46,251.71,251.41,251.6,52889.736718,251.6049,2019,
2026-03-24 13:57:00,251.58,251.9399,251.57,251.69,99119.866663,251.7744,2345,
2026-03-24 13:58:00,251.68,251.68,251.36,251.57,43063.199913,251.4754,1804,
2026-03-24 13:59:00,251.53,251.65,251.48,251.65,22502.935795,251.5887,1598,
2026-03-24 14:00:00,251.64,252.25,251.59,251.96,93830.096759,251.958,2818,
2026-03-24 14:01:00,251.9699,252.005,251.84,251.89,36828.89699,251.9451,1793,
2026-03-24 14:02:00,251.87,252.0,251.73,251.9,45463.502743,251.8531,1941,
2026-03-24 14:03:00,251.89,252.0699,251.805,251.99,39546.982775,251.9297,1796,
2026-03-24 14:04:00,252.015,252.1855,251.96,252.1408,55145.641076,252.0656,2152,
2026-03-24 14:05:00,252.17,252.2199,252.04,252.19,50956.289412,252.1483,2218,
2026-03-24 14:06:00,252.145,252.425,252.125,252.38,61297.83254,252.3282,2265,
2026-03-24 14:07:00,252.39,252.7,252.37,252.61,88470.739966,252.5566,2679,
2026-03-24 14:08:00,252.63,252.7,252.505,252.68,47672.324032,252.5867,1905,
2026-03-24 14:09:00,252.68,253.05,252.6601,253.02,103023.120642,252.8891,2705,
2026-03-24 14:10:00,253.025,253.12,252.9301,253.05,56995.380318,253.0233,2091,
2026-03-24 14:11:00,253.02,253.02,252.875,252.91,58744.54179,252.9543,1998,
2026-03-24 14:12:00,252.94,253.04,252.73,252.76,100539.017203,252.894,2665,
2026-03-24 14:13:00,252.76,252.82,252.48,252.605,63508.649324,252.6186,2324,
2026-03-24 14:14:00,252.5908,252.8799,252.52,252.73,58645.504509,252.6868,2012,
2026-03-24 14:15:00,252.75,252.92,252.6701,252.73,62539.283314,252.8038,2129,
2026-03-24 14:16:00,252.7101,252.76,252.285,252.3,67498.869478,252.5436,2182,
2026-03-24 14:17:00,252.32,252.62,252.32,252.55,60220.986685,252.4871,2274,
2026-03-24 14:18:00,252.56,252.73,252.41,252.615,68169.727201,252.581,2023,
2026-03-24 14:19:00,252.64,252.69,252.55,252.64,29944.642828,252.6245,1685,
2026-03-24 14:20:00,252.62,252.88,252.55,252.86,52516.992285,252.7364,1967,
2026-03-24 14:21:00,252.8401,253.0,252.76,252.85,39609.79589,252.8773,1794,
2026-03-24 14:22:00,252.8501,252.93,252.49,252.5691,138580.985213,252.606,1815,
2026-03-24 14:23:00,252.58,252.83,252.58,252.72,26462.295675,252.7162,1707,
2026-03-24 14:24:00,252.72,252.7799,252.482,252.56,57597.662835,252.6357,1892,
2026-03-24 14:25:00,252.555,252.5899,252.36,252.38,50769.058506,252.466,1967,
2026-03-24 14:26:00,252.38,252.63,252.38,252.48,47281.182611,252.4425,1624,
2026-03-24 14:27:00,252.49,252.8799,252.47,252.83,49115.90937,252.6358,1873,
2026-03-24 14:28:00,252.805,253.1157,252.76,252.93,112186.742469,252.9734,2627,
2026-03-24 14:29:00,252.91,252.94,252.41,252.47,70289.451668,252.6892,2266,
2026-03-24 14:30:00,252.44,252.66,252.39,252.59,58943.938088,252.5218,2506,
2026-03-24 14:31:00,252.56,252.77,252.545,252.73,52125.89826,252.6761,2403,
2026-03-24 14:32:00,252.7,252.8,252.65,252.765,38784.779594,252.7213,2363,
2026-03-24 14:33:00,252.775,252.86,252.72,252.72,28329.72262,252.8001,1724,
2026-03-24 14:34:00,252.73,252.775,252.59,252.65,26954.536584,252.7204,1625,
2026-03-24 14:35:00,252.64,252.7499,252.55,252.59,55571.829531,252.6479,1972,
2026-03-24 14:36:00,252.5952,252.5952,252.17,252.31,80233.764461,252.3393,2387,
2026-03-24 14:37:00,252.28,252.55,252.28,252.395,79062.394441,252.4568,2403,
2026-03-24 14:38:00,252.39,252.5001,252.34,252.44,63784.260862,252.4287,1933,
2026-03-24 14:39:00,252.43,252.49,252.33,252.39,49208.219282,252.411,1852,
2026-03-24 14:40:00,252.38,252.5,252.23,252.49,44522.800411,252.3598,1844,
2026-03-24 14:41:00,252.49,252.55,252.4,252.4,28249.628707,252.4887,1582,
2026-03-24 14:42:00,252.41,252.5,252.295,252.495,31800.141758,252.3935,1559,
2026-03-24 14:43:00,252.455,252.5663,252.22,252.3,61429.232799,252.427,2132,
2026-03-24 14:44:00,252.29,252.47,252.22,252.47,34083.697599,252.3341,1673,
2026-03-24 14:45:00,252.46,252.48,252.29,252.29,39602.485504,252.4167,1735,
2026-03-24 14:46:00,252.305,252.74,252.305,252.6902,68145.054404,252.4809,2257,
2026-03-24 14:47:00,252.66,252.68,252.445,252.59,68090.492954,252.5956,2034,
2026-03-24 14:48:00,252.58,252.615,252.52,252.5801,24611.953193,252.5742,1571,
2026-03-24 14:49:00,252.58,252.59,252.38,252.395,43640.208837,252.4889,1812,
2026-03-24 14:50:00,252.41,252.41,252.225,252.3,39067.928463,252.2909,1882,
2026-03-24 14:51:00,252.31,253.0,252.253,252.905,90362.442929,252.593,2950,
2026-03-24 14:52:00,252.9025,253.31,252.895,252.9691,255343.342679,253.1477,5945,
2026-03-24 14:53:00,252.97,253.155,252.79,253.155,58167.434276,252.9096,2090,
2026-03-24 14:54:00,253.11,253.26,252.85,252.8999,138174.981127,253.0711,3162,
2026-03-24 14:55:00,252.9,252.98,252.62,252.92,108796.190648,252.8004,2914,
2026-03-24 14:56:00,252.89,253.1,252.81,253.0101,40409.908563,252.993,1903,
2026-03-24 14:57:00,253.02,253.16,252.9,253.08,53682.615537,253.0666,1952,
2026-03-24 14:58:00,253.01,253.01,252.4,252.45,105178.451374,252.6502,2977,
2026-03-24 14:59:00,252.45,252.49,251.74,252.11,247087.784729,252.0896,5877,
2026-03-24 15:00:00,252.1,252.8185,252.05,252.7245,132811.384958,252.539,3212,
2026-03-24 15:01:00,252.715,252.88,252.67,252.81,40751.742843,252.7721,1708,
2026-03-24 15:02:00,252.85,252.9,252.59,252.71,39593.504711,252.7595,1825,
2026-03-24 15:03:00,252.6772,252.89,252.58,252.865,34412.87459,252.7571,1811,
2026-03-24 15:04:00,252.87,252.89,252.69,252.72,41161.94119,252.7969,1851,
2026-03-24 15:05:00,252.7,252.93,252.6201,252.78,40778.536903,252.8162,1814,
2026-03-24 15:06:00,252.8,253.04,252.76,253.02,40418.160468,252.9231,1857,
2026-03-24 15:07:00,253.03,253.25,252.97,253.2,172363.075679,253.181,2639,
2026-03-24 15:08:00,253.195,253.25,252.95,253.02,83881.549085,253.0912,2108,
2026-03-24 15:09:00,253.04,253.41,253.03,253.34,96439.327502,253.248,2293,
2026-03-24 15:10:00,253.33,253.39,253.165,253.355,102193.733326,253.3001,2420,
2026-03-24 15:11:00,253.37,253.54,253.3,253.465,89085.014833,253.4665,2407,
2026-03-24 15:12:00,253.47,253.6,253.39,253.54,74219.586432,253.5004,2076,
2026-03-24 15:13:00,253.565,253.69,253.51,253.68,86283.732573,253.5933,2137,
2026-03-24 15:14:00,253.675,253.81,253.53,253.75,91281.707455,253.6931,2418,
2026-03-24 15:15:00,253.76,254.065,253.725,254.05,213324.232845,253.9262,3213,
2026-03-24 15:16:00,254.045,254.17,253.97,254.14,98614.350375,254.0527,2488,
2026-03-24 15:17:00,254.15,254.15,253.9005,253.915,128742.873588,254.0491,2761,
2026-03-24 15:18:00,253.93,254.06,253.8901,253.9,74536.820945,253.9781,2199,
2026-03-24 15:19:00,253.92,253.98,253.82,253.955,99366.34213,253.9158,2681,
2026-03-24 15:20:00,253.98,253.98,253.8,253.96,73074.511549,253.909,2254,
2026-03-24 15:21:00,253.965,253.965,253.64,253.67,80872.506213,253.7443,2940,
2026-03-24 15:22:00,253.68,253.85,253.64,253.825,71213.067399,253.7213,2105,
2026-03-24 15:23:00,253.79,253.86,253.62,253.8199,42177.742564,253.7629,1792,
2026-03-24 15:24:00,253.8,253.94,253.785,253.8101,26847.908591,253.8619,1698,
2026-03-24 15:25:00,253.85,253.97,253.78,253.97,36376.41177,253.856,1688,
2026-03-24 15:26:00,253.966,254.025,253.87,253.9062,42898.979574,253.9571,1810,
2026-03-24 15:27:00,253.89,253.9786,253.7,253.85,88120.295451,253.842,2686,
2026-03-24 15:28:00,253.85,253.94,253.84,253.845,34188.106577,253.8756,1619,
2026-03-24 15:29:00,253.83,253.99,253.8,253.985,35587.464497,253.8979,1667,
2026-03-24 15:30:00,253.98,254.19,253.98,254.066,63049.778311,254.0745,2014,
2026-03-24 15:31:00,254.08,254.32,253.97,254.01,63643.562591,254.1937,1876,
2026-03-24 15:32:00,253.996,254.02,253.824,253.9409,36064.084374,253.9256,1505,
2026-03-24 15:33:00,254.0,254.0,253.83,253.88,39771.56317,253.9403,1705,
2026-03-24 15:34:00,253.88,254.11,253.88,254.0801,44124.401427,254.0104,1683,
2026-03-24 15:35:00,254.1,254.13,253.99,253.99,44713.588232,254.0791,1667,
2026-03-24 15:36:00,253.9899,254.15,253.959,254.115,25347.971528,254.1029,1385,
2026-03-24 15:37:00,254.1,254.18,254.03,254.17,26834.12688,254.0998,1518,
2026-03-24 15:38:00,254.15,254.24,254.05,254.0501,25735.408904,254.1557,1454,
2026-03-24 15:39:00,254.084,254.17,254.06,254.1117,21546.011365,254.122,1458,
2026-03-24 15:40:00,254.1,254.28,254.1,254.2399,37652.992479,254.2089,1665,
2026-03-24 15:41:00,254.238,254.29,254.13,254.24,30959.179946,254.162,1582,
2026-03-24 15:42:00,254.26,254.31,254.13,254.16,35243.361897,254.2258,1580,
2026-03-24 15:43:00,254.165,254.1899,254.03,254.135,23641.311508,254.13,945,
2026-03-24 15:44:00,254.12,254.27,254.12,254.255,26467.200366,254.2031,523,
2026-03-24 15:45:00,254.2505,254.36,254.21,254.31,90086.347827,254.3102,832,
2026-03-24 15:46:00,254.315,254.37,254.24,254.29,47342.309871,254.2984,834,
2026-03-24 15:47:00,254.29,254.4,254.19,254.3,48791.244781,254.3175,915,
2026-03-24 15:48:00,254.3,254.3739,254.28,254.35,31959.111559,254.3264,699,
2026-03-24 15:49:00,254.33,254.48,254.32,254.4799,51597.029431,254.415,793,
2026-03-24 15:50:00,254.48,254.67,254.465,254.5001,101280.594429,254.5609,1446,
2026-03-24 15:51:00,254.52,254.69,254.5101,254.665,60205.890296,254.6216,981,
2026-03-24 15:52:00,254.665,254.665,254.43,254.46,38752.139558,254.5018,668,
2026-03-24 15:53:00,254.465,254.465,254.2101,254.2732,35046.51233,254.3452,835,
2026-03-24 15:54:00,254.25,254.2801,254.1,254.101,58880.790326,254.2047,1046,
2026-03-24 15:55:00,254.08,254.1093,253.88,253.9,54600.50495,254.0061,967,
2026-03-24 15:56:00,253.895,253.94,253.66,253.685,72951.126618,253.7985,1265,
2026-03-24 15:57:00,253.7,253.86,253.7,253.765,39984.32815,253.7751,872,
2026-03-24 15:58:00,253.75,253.87,253.735,253.8599,32528.16348,253.8264,711,
2026-03-24 15:59:00,253.84,253.99,253.83,253.88,49254.988361,253.9251,933,
2026-03-24 16:00:00,253.88,253.98,253.85,253.94,46400.808007,253.9214,1020,
2026-03-24 16:01:00,253.88,253.96,253.64,253.64,50668.831244,253.8269,949,
2026-03-24 16:02:00,253.68,253.8021,253.54,253.575,68469.28493,253.6472,1193,
2026-03-24 16:03:00,253.575,253.63,253.475,253.51,42452.33432,253.5693,880,
2026-03-24 16:04:00,253.52,253.6099,253.495,253.52,35403.972397,253.5653,723,
2026-03-24 16:05:00,253.55,253.61,253.47,253.505,29651.899476,253.5482,654,
2026-03-24 16:06:00,253.5,253.53,253.39,253.5,38794.891623,253.4769,730,
2026-03-24 16:07:00,253.49,253.65,253.48,253.565,27846.57234,253.5703,654,
2026-03-24 16:08:00,253.565,253.67,253.495,253.535,39958.827446,253.5708,707,
2026-03-24 16:09:00,253.55,253.64,253.53,253.64,24999.910073,253.5861,564,
2026-03-24 16:10:00,253.64,253.68,253.47,253.52,41614.042242,253.5906,819,
2026-03-24 16:11:00,253.52,253.575,253.46,253.48,45213.15266,253.5056,815,
2026-03-24 16:12:00,253.475,253.58,253.3849,253.4701,48210.548072,253.5106,906,
2026-03-24 16:13:00,253.49,253.575,253.45,253.56,41510.13468,253.5184,713,
2026-03-24 16:14:00,253.57,253.61,253.48,253.535,47063.089237,253.5671,853,
2026-03-24 16:15:00,253.55,253.63,253.52,253.6,65474.210504,253.5798,1029,
2026-03-24 16:16:00,253.61,253.88,253.58,253.87,97148.587162,253.7248,1515,
2026-03-24 16:17:00,253.85,254.16,253.83,254.1301,78947.332789,254.0199,1536,
2026-03-24 16:18:00,254.1499,254.15,253.91,253.985,49944.441745,254.017,1050,
2026-03-24 16:19:00,253.98,254.2,253.98,254.2,32885.043263,254.1044,807,
2026-03-24 16:20:00,254.19,254.285,254.04,254.2499,51303.158798,254.1642,899,
2026-03-24 16:21:00,254.24,254.34,254.19,254.305,34640.417865,254.2752,779,
2026-03-24 16:22:00,254.34,254.5871,254.33,254.55,54491.419172,254.4566,1001,
2026-03-24 16:23:00,254.54,254.68,254.46,254.63,65473.704682,254.5719,1193,
2026-03-24 16:24:00,254.635,254.645,254.48,254.54,49275.453377,254.5634,807,
2026-03-24 16:25:00,254.56,254.6,254.45,254.55,64926.577569,254.5291,1210,
2026-03-24 16:26:00,254.5613,254.71,254.5201,254.535,86588.939918,254.6186,1295,
2026-03-24 16:27:00,254.52,254.72,254.4207,254.7,53716.253786,254.5763,963,
2026-03-24 16:28:00,254.7,254.825,254.645,254.82,79948.84813,254.757,1037,
2026-03-24 16:29:00,254.82,254.82,254.555,254.59,48634.939942,254.7095,995,
2026-03-24 16:30:00,254.59,254.71,254.52,254.52,41459.766357,254.6164,952,
2026-03-24 16:31:00,254.52,254.575,254.48,254.575,34156.921825,254.5388,766,
2026-03-24 16:32:00,254.585,254.65,254.52,254.605,38637.16508,254.5891,826,
2026-03-24 16:33:00,254.58,254.59,254.42,254.435,63775.464946,254.4881,1104,
2026-03-24 16:34:00,254.42,254.425,254.3,254.3,25066.236608,254.3677,695,
2026-03-24 16:35:00,254.3,254.31,253.94,254.02,62915.220553,254.1133,1299,
2026-03-24 16:36:00,254.035,254.18,254.03,254.125,28972.057232,254.1183,685,
2026-03-24 16:37:00,254.14,254.22,253.98,253.98,38150.824312,254.133,685,
2026-03-24 16:38:00,253.97,254.01,253.8204,253.94,46028.004221,253.9392,895,
2026-03-24 16:39:00,253.92,253.93,253.66,253.67,40284.801659,253.8115,834,
2026-03-24 16:40:00,253.675,253.78,253.55,253.565,66999.139764,253.6823,956,
2026-03-24 16:41:00,253.57,253.755,253.55,253.75,51425.798257,253.6619,862,
2026-03-24 16:42:00,253.735,253.79,253.65,253.66,36644.389648,253.7208,780,
2026-03-24 16:43:00,253.67,253.7196,253.5212,253.68,49732.143689,253.6179,834,
2026-03-24 16:44:00,253.69,253.71,253.59,253.655,25631.563859,253.6573,602,
2026-03-24 16:45:00,253.66,253.85,253.645,253.785,55760.248855,253.7503,719,
2026-03-24 16:46:00,253.785,253.88,253.745,253.745,35673.016809,253.9014,505,
2026-03-24 16:47:00,253.745,253.91,253.6801,253.84,65928.158108,253.7875,947,
2026-03-24 16:48:00,253.85,253.85,253.5,253.54,34451.889595,253.6558,809,
2026-03-24 16:49:00,253.57,253.7077,253.57,253.67,28065.981388,253.6535,732,
2026-03-24 16:50:00,253.65,253.67,253.56,253.615,28148.082357,253.629,625,
2026-03-24 16:51:00,253.64,253.73,253.63,253.7,20560.136356,253.6884,498,
2026-03-24 16:52:00,253.73,253.83,253.73,253.795,21511.64751,253.7805,494,
2026-03-24 16:53:00,253.78,253.7826,253.62,253.68,27149.679203,253.7017,620,
2026-03-24 16:54:00,253.635,253.69,253.59,253.59,23098.946154,253.6975,459,
2026-03-24 16:55:00,253.58,253.6399,253.37,253.49,51463.181868,253.4964,1091,
2026-03-24 16:56:00,253.5,253.72,253.5,253.68,24032.988073,253.6489,614,
2026-03-24 16:57:00,253.71,253.75,253.61,253.65,17842.009717,253.6709,480,
2026-03-24 16:58:00,253.665,253.72,253.61,253.63,19270.735674,253.6849,432,
2026-03-24 16:59:00,253.645,253.71,253.58,253.65,15292.764605,253.6545,402,
2026-03-24 17:00:00,253.6301,253.84,253.6301,253.74,55235.630463,253.7633,932,
2026-03-24 17:01:00,253.765,253.84,253.715,253.8,39336.875278,253.7698,720,
2026-03-24 17:02:00,253.79,253.835,253.53,253.57,59940.969292,253.6863,1009,
2026-03-24 17:03:00,253.615,253.62,253.345,253.345,37212.519946,253.4457,791,
2026-03-24 17:04:00,253.4,253.47,253.21,253.234,32005.106737,253.3299,695,
2026-03-24 17:05:00,253.22,253.22,252.865,252.9,103195.806872,253.036,1981,
2026-03-24 17:06:00,252.88,253.25,252.88,253.12,56073.549262,253.0734,1025,
2026-03-24 17:07:00,253.1,253.19,253.02,253.07,75838.690353,253.1012,1217,
2026-03-24 17:08:00,253.08,253.165,253.05,253.115,31394.417667,253.1118,679,
2026-03-24 17:09:00,253.12,253.25,253.03,253.04,25207.399034,253.1419,617,
2026-03-24 17:10:00,253.05,253.11,252.9,253.08,32924.251041,253.0198,720,
2026-03-24 17:11:00,253.1,253.21,253.055,253.06,27190.995965,253.1339,653,
2026-03-24 17:12:00,253.07,253.12,252.89,252.91,57159.246877,253.0439,890,
2026-03-24 17:13:00,252.93,253.05,252.88,253.0,39277.102181,252.9782,783,
2026-03-24 17:14:00,253.015,253.04,252.95,252.99,21387.292166,253.0003,440,
2026-03-24 17:15:00,252.99,253.03,252.93,252.97,22424.631632,252.9944,611,
2026-03-24 17:16:00,252.95,252.95,252.83,252.91,29112.480263,252.8922,651,
2026-03-24 17:17:00,252.905,252.97,252.77,252.77,57536.78311,252.8866,1062,
2026-03-24 17:18:00,252.78,252.88,252.768,252.768,30381.791274,252.8126,724,
2026-03-24 17:19:00,252.785,252.89,252.785,252.85,22479.250776,252.8349,567,
2026-03-24 17:20:00,252.85,253.025,252.78,252.995,38075.330923,252.9104,750,
2026-03-24 17:21:00,252.99,253.07,252.94,253.01,26349.535692,253.023,642,
2026-03-24 17:22:00,252.99,253.039,252.765,252.87,25581.058205,252.8911,574,
2026-03-24 17:23:00,252.86,253.0,252.86,252.93,30496.516687,252.9325,676,
2026-03-24 17:24:00,252.9001,253.02,252.8601,252.96,26251.232795,252.9525,629,
2026-03-24 17:25:00,252.945,252.945,252.8,252.85,26640.211828,252.8854,680,
2026-03-24 17:26:00,252.86,252.929,252.79,252.87,18969.035883,252.8695,652,
2026-03-24 17:27:00,252.8701,252.92,252.84,252.86,20862.449154,252.8942,502,
2026-03-24 17:28:00,252.87,253.03,252.8454,253.03,30756.189832,252.9323,687,
2026-03-24 17:29:00,253.03,253.07,252.97,253.04,37475.148235,253.0222,775,
2026-03-24 17:30:00,253.05,253.45,253.0212,253.38,61143.509382,253.2563,1406,
2026-03-24 17:31:00,253.4,253.54,253.3451,253.54,42697.986248,253.4563,819,
2026-03-24 17:32:00,253.495,253.495,253.29,253.32,20011.727028,253.3776,563,
2026-03-24 17:33:00,253.32,253.33,253.04,253.0897,48060.323037,253.1765,804,
2026-03-24 17:34:00,253.1,253.11,252.9401,253.0,33637.929131,253.0104,730,
2026-03-24 17:35:00,252.98,253.07,252.84,252.94,37523.025988,252.9294,889,
2026-03-24 17:36:00,252.905,253.0,252.84,252.9,34571.287878,252.9067,763,
2026-03-24 17:37:00,252.87,253.01,252.87,252.97,14631.21795,252.9502,516,
2026-03-24 17:38:00,252.99,253.075,252.815,252.83,27503.662657,252.9576,637,
2026-03-24 17:39:00,252.85,252.89,252.77,252.88,15576.220471,252.8508,424,
2026-03-24 17:40:00,252.87,252.93,252.73,252.77,102805.936822,252.8073,1069,
2026-03-24 17:41:00,252.77,252.775,252.6,252.62,56075.058373,252.7148,793,
2026-03-24 17:42:00,252.61,252.61,252.33,252.43,41906.852525,252.4402,914,
2026-03-24 17:43:00,252.47,252.4999,252.3,252.32,60561.039364,252.3884,1050,
2026-03-24 17:44:00,252.33,252.43,252.295,252.41,69498.696587,252.3549,1138,
2026-03-24 17:45:00,252.42,252.44,252.325,252.41,38781.063285,252.3907,649,
2026-03-24 17:46:00,252.41,252.55,252.4,252.51,16920.517549,252.4817,457,
2026-03-24 17:47:00,252.51,252.53,252.46,252.5,13340.324968,252.4971,447,
2026-03-24 17:48:00,252.495,252.56,252.47,252.52,38130.005436,252.5319,679,
2026-03-24 17:49:00,252.52,252.55,252.4301,252.4321,37526.65168,252.5303,727,
2026-03-24 17:50:00,252.41,252.45,252.4,252.45,19296.578936,252.4381,457,
2026-03-24 17:51:00,252.46,252.48,252.36,252.44,23120.88607,252.428,572,
2026-03-24 17:52:00,252.44,253.21,252.4,252.59,93946.314574,252.5919,1782,
2026-03-24 17:53:00,252.57,252.7,252.53,252.7,21643.501334,252.6172,651,
2026-03-24 17:54:00,252.69,252.83,252.655,252.785,23542.026264,252.7273,666,
2026-03-24 17:55:00,252.77,253.2,252.69,252.92,137069.999117,252.9505,3154,
2026-03-24 17:56:00,252.94,253.27,252.94,253.11,70200.760031,253.1386,2510,
2026-03-24 17:57:00,253.12,253.25,252.82,252.9401,77571.497967,253.0413,1312,
2026-03-24 17:58:00,252.945,253.125,252.93,253.05,48112.578388,253.0431,855,
2026-03-24 17:59:00,253.0001,253.21,252.93,253.21,35843.254765,253.0563,715,
2026-03-24 18:00:00,253.21,253.5,253.14,253.31,75072.382935,253.3291,1239,
2026-03-24 18:01:00,253.3,253.32,253.1263,253.185,29170.969502,253.2351,679,
2026-03-24 18:02:00,253.155,253.155,252.94,252.99,34651.450903,252.997,760,
2026-03-24 18:03:00,252.985,253.03,252.89,253.0,23989.828993,252.9736,570,
2026-03-24 18:04:00,253.01,253.03,252.91,252.955,33795.499774,252.9849,662,
2026-03-24 18:05:00,252.94,253.005,252.88,253.0,21863.803498,252.9578,562,
2026-03-24 18:06:00,253.0099,253.03,252.91,252.94,27943.800389,252.9745,648,
2026-03-24 18:07:00,252.94,253.0,252.84,253.0,19438.760834,252.934,473,
2026-03-24 18:08:00,253.005,253.0299,252.71,252.76,23735.925295,252.8768,592,
2026-03-24 18:09:00,252.72,252.82,252.72,252.75,31519.700683,252.7842,601,
2026-03-24 18:10:00,252.745,252.84,252.745,252.825,30323.297244,252.7991,610,
2026-03-24 18:11:00,252.81,252.88,252.77,252.835,18859.552246,252.8433,530,
2026-03-24 18:12:00,252.835,252.895,252.81,252.83,14731.469736,252.8587,445,
2026-03-24 18:13:00,252.83,252.83,252.7,252.7638,31680.640917,252.7851,690,
2026-03-24 18:14:00,252.76,252.785,252.65,252.75,17883.207254,252.7273,483,
2026-03-24 18:15:00,252.705,252.72,252.4734,252.485,34054.001319,252.6001,711,
2026-03-24 18:16:00,252.48,252.51,252.41,252.5,22511.13613,252.4674,601,
2026-03-24 18:17:00,252.505,252.53,252.37,252.445,38873.589261,252.4583,710,
2026-03-24 18:18:00,252.44,252.49,252.4,252.49,46541.550798,252.4525,727,
2026-03-24 18:19:00,252.49,252.795,252.48,252.7,95117.665936,252.6373,1818,
2026-03-24 18:20:00,252.705,252.78,252.5801,252.71,56641.259164,252.6958,1001,
2026-03-24 18:21:00,252.7,252.71,252.63,252.69,23007.184179,252.6771,568,
2026-03-24 18:22:00,252.67,252.67,252.43,252.44,26270.728829,252.5298,590,
2026-03-24 18:23:00,252.445,252.5716,252.445,252.46,20957.783279,252.5391,523,
2026-03-24 18:24:00,252.455,252.58,252.455,252.52,24364.832076,252.5406,524,
2026-03-24 18:25:00,252.51,252.68,252.485,252.66,47663.636287,252.6161,835,
2026-03-24 18:26:00,252.65,252.7,252.605,252.63,21470.697432,252.6564,540,
2026-03-24 18:27:00,252.64,252.865,252.64,252.8401,33066.608665,252.7501,862,
2026-03-24 18:28:00,252.85,252.85,252.45,252.55,135317.888653,252.5338,2079,
2026-03-24 18:29:00,252.53,252.63,252.465,252.57,39974.586839,252.5437,851,
2026-03-24 18:30:00,252.58,252.6,252.4093,252.47,31104.425975,252.5344,780,
2026-03-24 18:31:00,252.45,252.72,252.38,252.72,51612.652472,252.5164,903,
2026-03-24 18:32:00,252.73,252.86,252.7,252.73,58014.69007,252.7742,1093,
2026-03-24 18:33:00,252.72,252.72,252.5145,252.53,25922.273628,252.5862,665,
2026-03-24 18:34:00,252.57,252.6,252.47,252.48,31494.098558,252.5502,670,
2026-03-24 18:35:00,252.47,252.6301,252.46,252.61,32855.926202,252.5398,651,
2026-03-24 18:36:00,252.625,252.625,252.48,252.59,30359.314129,252.547,610,
2026-03-24 18:37:00,252.6,252.66,252.5,252.5374,22596.610967,252.5808,513,
2026-03-24 18:38:00,252.53,252.865,252.505,252.86,53485.365118,252.6899,1193,
2026-03-24 18:39:00,252.86,253.06,252.75,253.0199,68675.819384,252.9215,1658,
2026-03-24 18:40:00,252.97,252.98,252.86,252.91,50692.211012,252.9184,757,
2026-03-24 18:41:00,252.89,252.89,252.46,252.51,64258.92591,252.6472,1306,
2026-03-24 18:42:00,252.55,252.56,252.22,252.42,67142.076885,252.3611,1461,
2026-03-24 18:43:00,252.415,252.51,252.31,252.49,27683.399155,252.4434,641,
2026-03-24 18:44:00,252.49,252.55,252.47,252.48,28961.390661,252.5147,635,
2026-03-24 18:45:00,252.52,252.53,252.28,252.33,60197.42367,252.3906,993,
2026-03-24 18:46:00,252.34,252.3839,252.235,252.38,27339.537442,252.3189,671,
2026-03-24 18:47:00,252.355,252.38,252.25,252.28,21510.179634,252.3239,601,
2026-03-24 18:48:00,252.27,252.73,252.27,252.53,117262.882269,252.4974,1975,
2026-03-24 18:49:00,252.525,252.61,252.42,252.4601,39754.405458,252.4899,754,
2026-03-24 18:50:00,252.475,252.7,252.47,252.57,46778.30722,252.5873,914,
2026-03-24 18:51:00,252.565,252.72,252.52,252.63,36073.926218,252.617,628,
2026-03-24 18:52:00,252.66,252.71,252.59,252.67,24029.371976,252.6513,580,
2026-03-24 18:53:00,252.68,252.79,252.59,252.605,47187.547156,252.6809,928,
2026-03-24 18:54:00,252.6,252.6,252.4201,252.515,31193.566519,252.5196,645,
2026-03-24 18:55:00,252.49,252.55,252.46,252.52,33894.090575,252.5156,586,
2026-03-24 18:56:00,252.5,252.51,252.25,252.355,34198.691475,252.3736,808,
2026-03-24 18:57:00,252.38,252.44,252.355,252.36,23064.301447,252.3965,569,
2026-03-24 18:58:00,252.36,252.5,252.36,252.445,28363.534779,252.4532,644,
2026-03-24 18:59:00,252.4301,252.48,252.425,252.425,18718.069154,252.4516,521,
2026-03-24 19:00:00,252.42,252.73,252.406,252.72,42155.352308,252.6004,1048,
2026-03-24 19:01:00,252.725,252.91,252.72,252.725,37734.049539,252.8133,940,
2026-03-24 19:02:00,252.72,252.7618,252.55,252.55,21156.695915,252.6929,614,
2026-03-24 19:03:00,252.54,252.7,252.54,252.64,28974.767377,252.6263,593,
2026-03-24 19:04:00,252.64,252.77,252.64,252.7,27003.486876,252.7227,615,
2026-03-24 19:05:00,252.67,252.72,252.56,252.72,21493.142403,252.6394,566,
2026-03-24 19:06:00,252.725,252.76,252.66,252.705,29286.343977,252.7036,657,
2026-03-24 19:07:00,252.7,252.75,252.67,252.7,21239.319799,252.7115,540,
2026-03-24 19:08:00,252.69,252.885,252.69,252.885,30420.12134,252.767,619,
2026-03-24 19:09:00,252.89,252.99,252.871,252.96,41118.638843,252.9434,944,
2026-03-24 19:10:00,252.96,252.9999,252.91,252.965,47210.142996,252.9517,774,
2026-03-24 19:11:00,252.96,253.16,252.95,253.07,51742.596586,253.0638,853,
2026-03-24 19:12:00,253.04,253.07,252.95,253.0,23452.316844,252.9983,515,
2026-03-24 19:13:00,253.0,253.04,252.9601,253.0,25916.342716,252.9955,596,
2026-03-24 19:14:00,252.99,253.1,252.96,253.08,27488.023876,253.0203,657,
2026-03-24 19:15:00,253.04,253.075,252.9801,253.0001,32663.240977,253.0337,768,
2026-03-24 19:16:00,253.0,253.0,252.87,252.93,30339.531793,252.9257,767,
2026-03-24 19:17:00,252.93,252.93,252.77,252.79,25353.454138,252.8335,646,
2026-03-24 19:18:00,252.7999,252.82,252.65,252.72,41734.352931,252.7473,862,
2026-03-24 19:19:00,252.73,252.8,252.73,252.74,49506.626223,252.7756,793,
2026-03-24 19:20:00,252.74,252.77,252.6001,252.665,34150.853956,252.6927,736,
2026-03-24 19:21:00,252.645,252.65,252.49,252.575,37037.053061,252.5948,887,
2026-03-24 19:22:00,252.56,252.62,252.54,252.61,28564.419198,252.5979,677,
2026-03-24 19:23:00,252.6,252.62,252.515,252.59,39920.614397,252.5844,860,
2026-03-24 19:24:00,252.58,252.62,252.485,252.56,46004.044542,252.5612,849,
2026-03-24 19:25:00,252.57,252.585,252.49,252.525,32160.274973,252.5565,652,
2026-03-24 19:26:00,252.52,252.535,252.34,252.351,35255.719958,252.4321,879,
2026-03-24 19:27:00,252.32,252.4002,252.29,252.305,25237.81682,252.3667,761,
2026-03-24 19:28:00,252.3,252.34,252.13,252.15,44064.385472,252.2532,1070,
2026-03-24 19:29:00,252.15,252.195,252.08,252.0896,38001.057631,252.1541,930,
2026-03-24 19:30:00,252.0899,252.11,251.9301,252.08,74895.589669,252.0216,1650,
2026-03-24 19:31:00,252.08,252.13,251.97,251.99,41628.966411,252.0578,994,
2026-03-24 19:32:00,252.0,252.1,251.95,251.95,22059.242598,252.0147,647,
2026-03-24 19:33:00,251.93,251.94,251.76,251.81,64459.996423,251.8291,964,
2026-03-24 19:34:00,251.8,251.8,251.665,251.745,51035.803188,251.747,1007,
2026-03-24 19:35:00,251.755,251.8,251.57,251.6,58915.626122,251.6797,1114,
2026-03-24 19:36:00,251.575,251.68,251.56,251.64,54715.112238,251.6419,1131,
2026-03-24 19:37:00,251.635,251.72,251.59,251.67,73284.561103,251.666,1303,
2026-03-24 19:38:00,251.65,251.66,251.54,251.54,43382.223161,251.6137,884,
2026-03-24 19:39:00,251.54,251.54,251.3804,251.435,67893.529591,251.4675,1304,
2026-03-24 19:40:00,251.435,251.49,251.36,251.4,612199.369533,251.3704,1385,
2026-03-24 19:41:00,251.4,251.48,251.3,251.47,121937.123478,251.3854,2333,
2026-03-24 19:42:00,251.475,251.65,251.44,251.64,87292.198049,251.5473,1496,
2026-03-24 19:43:00,251.65,251.67,251.5,251.5284,31433.627717,251.5753,885,
2026-03-24 19:44:00,251.51,251.57,251.47,251.48,39364.739756,251.5257,1077,
2026-03-24 19:45:00,251.46,251.51,251.32,251.34,86181.425977,251.4168,1616,
2026-03-24 19:46:00,251.31,251.37,251.22,251.314,77802.358164,251.313,1614,
2026-03-24 19:47:00,251.34,251.42,251.25,251.365,104741.130916,251.3383,1672,
2026-03-24 19:48:00,251.36,251.49,251.306,251.39,72207.166447,251.393,1335,
2026-03-24 19:49:00,251.39,251.55,251.39,251.53,58720.159172,251.4969,1004,
2026-03-24 19:50:00,251.54,251.58,251.29,251.425,91480.717788,251.4064,2147,
2026-03-24 19:51:00,251.415,251.53,251.37,251.395,68456.081411,251.4516,1424,
2026-03-24 19:52:00,251.38,251.52,251.34,251.44,58975.280542,251.4388,1450,
2026-03-24 19:53:00,251.45,251.5,251.4,251.4,61172.615892,251.4358,1303,
2026-03-24 19:54:00,251.4,251.6499,251.39,251.64,113678.53035,251.54,2095,
2026-03-24 19:55:00,251.61,251.64,251.38,251.55,155814.01563,251.541,3034,
2026-03-24 19:56:00,251.531,251.62,251.4801,251.57,103484.949471,251.5383,2095,
2026-03-24 19:57:00,251.59,251.59,251.35,251.54,258672.837997,251.4487,2857,
2026-03-24 19:58:00,251.53,251.6,251.5,251.59,193736.00645,251.5474,3544,
2026-03-24 19:59:00,251.6,251.77,251.5,251.75,630289.068037,251.6275,8831,
2026-03-24 20:00:00,251.64,251.7364,251.24,251.64,2376220.222572,251.6389,558,
2026-03-24 20:01:00,251.67,251.67,251.4521,251.4521,6798.125762,251.605,78,
2026-03-24 20:02:00,251.58,251.6,251.58,251.6,20307.003974,251.6379,22,
2026-03-24 20:03:00,251.6,251.6,251.54,251.58,2229.00496,251.5812,30,
2026-03-24 20:04:00,251.58,251.58,251.5108,251.5108,2540.649822,251.6215,133,
2026-03-24 20:05:00,251.5215,251.55,251.5043,251.5043,779.013372,251.5353,24,
2026-03-24 20:06:00,251.54,251.55,251.53,251.55,5328.186643,251.5535,37,
2026-03-24 20:07:00,251.55,251.6,251.55,251.6,2337.0,251.5884,42,
2026-03-24 20:09:00,251.61,251.61,251.61,251.61,15050.0,251.6389,14,
2026-03-24 20:10:00,251.61,251.61,251.61,251.61,242.133245,251.7643,19,
2026-03-24 20:11:00,251.64,251.67,251.64,251.645,3406.067485,251.6513,37,
2026-03-24 20:12:00,251.64,251.68,251.64,251.67,2029.012495,251.6621,64,
2026-03-24 20:13:00,251.71,251.78,251.71,251.78,1790.016674,251.7623,35,
2026-03-24 20:15:00,251.77,251.77,251.77,251.77,370.112763,251.8464,13,
2026-03-24 20:16:00,251.7117,251.7117,251.7067,251.7067,1059.063545,251.7256,12,
2026-03-24 20:17:00,251.79,251.79,251.79,251.79,216.082891,251.885,7,
2026-03-24 20:18:00,251.79,251.79,251.79,251.79,400.044241,251.7974,15,
2026-03-24 20:19:00,251.8,251.93,251.8,251.93,2135.034888,251.8686,60,
2026-03-24 20:20:00,251.95,253.72,251.95,253.72,38316.803495,253.0537,711,
2026-03-24 20:21:00,253.73,254.1,253.0,253.0,10671.126678,253.7023,248,
2026-03-24 20:22:00,253.17,255.0,252.7,254.56,15859.187682,254.1247,540,
2026-03-24 20:23:00,254.74,254.75,253.5501,254.0,7213.00685,254.2294,87,
2026-03-24 20:24:00,254.3543,254.89,254.0,254.75,6976.068756,254.4192,112,
2026-03-24 20:25:00,254.88,254.94,254.065,254.065,7009.056423,254.7301,114,
2026-03-24 20:26:00,254.46,255.23,254.46,255.23,25868.133525,254.9822,545,
2026-03-24 20:27:00,255.23,255.23,254.25,254.35,10380.084513,254.7991,185,
2026-03-24 20:28:00,254.46,254.46,253.74,253.74,3961.239386,254.162,158,
2026-03-24 20:29:00,253.78,254.1,253.5,254.1,5281.185735,253.7326,98,
2026-03-24 20:30:00,253.9532,253.9532,251.64,253.7,6672.0,252.5152,40,
2026-03-24 20:31:00,253.7,253.9,253.7,253.81,2846.004051,253.8256,48,
2026-03-24 20:32:00,253.8,253.88,253.75,253.88,1209.082581,253.8479,38,
2026-03-24 20:33:00,254.02,254.37,254.02,254.17,2623.229145,254.2369,106,
2026-03-24 20:34:00,253.91,254.1,253.63,253.75,6738.279043,253.8898,144,
2026-03-24 20:35:00,253.56,254.1,253.35,254.1,6868.48297,253.7757,196,
2026-03-24 20:36:00,254.1,254.65,254.1,254.51,6242.276876,254.4686,197,
2026-03-24 20:37:00,254.11,254.65,254.11,254.298,1411.549,254.5396,46,
2026-03-24 20:38:00,254.302,254.83,254.302,254.5,3702.0,254.6101,105,
2026-03-24 20:39:00,254.37,255.29,254.37,254.8,17735.320874,254.9303,331,
2026-03-24 20:40:00,254.71,254.71,254.23,254.35,2102.052595,254.4469,51,
2026-03-24 20:41:00,254.2,254.2,253.75,253.75,3445.248231,254.0315,150,
2026-03-24 20:42:00,253.6,253.6,253.41,253.41,954.074556,253.5625,50,
2026-03-24 20:43:00,253.02,253.02,253.01,253.02,2023.199839,253.2065,144,
2026-03-24 20:44:00,253.24,253.76,253.01,253.76,3429.162989,253.3229,79,
2026-03-24 20:46:00,253.3,253.3,253.0,253.03,3181.184901,253.1711,95,
2026-03-24 20:47:00,253.09,253.09,252.16,252.69,9246.452053,252.605,277,
2026-03-24 20:48:00,253.0,253.24,253.0,253.24,359.339378,253.4104,39,
2026-03-24 20:49:00,253.6,253.67,253.6,253.67,741.78436,253.7865,83,
2026-03-24 20:50:00,253.4,253.4,253.14,253.14,626.0,253.3355,31,
2026-03-24 20:52:00,253.48,253.48,253.3,253.3,1146.0,253.3819,23,
2026-03-24 20:53:00,253.2,253.22,253.08,253.15,2243.146518,253.2842,62,
2026-03-24 20:54:00,253.15,253.4,253.15,253.4,3436.0,253.3355,29,
2026-03-24 20:55:00,253.3,253.5,253.3,253.5,2473.0,253.3605,30,
2026-03-24 20:56:00,253.49,253.49,253.29,253.29,471.0,253.3444,12,
2026-03-24 20:57:00,253.4,253.4,253.4,253.4,225.028782,253.4537,21,
2026-03-24 20:58:00,253.4,253.47,253.4,253.45,2402.041261,253.4456,62,
2026-03-24 20:59:00,253.6,253.6416,253.5,253.5,2303.041041,253.5828,78,
2026-03-24 21:01:00,253.4,253.4,253.02,253.02,1277.08,253.2177,57,
2026-03-24 21:02:00,252.5,252.5,252.5,252.5,498.0,252.7747,18,
2026-03-24 21:03:00,253.1,253.1,253.1,253.1,1033.0,253.0959,43,
2026-03-24 21:04:00,253.66,253.66,253.66,253.66,553.0,253.2804,21,
2026-03-24 21:05:00,253.05,253.05,253.05,253.05,1461.058496,253.0186,70,
2026-03-24 21:06:00,252.85,252.85,252.85,252.85,974.10263,252.8773,73,
2026-03-24 21:07:00,252.7,253.5,252.7,253.5,1987310.04581,251.6403,15,
2026-03-24 21:17:00,253.1,253.11,253.1,253.11,662.090643,253.1529,25,
2026-03-24 21:18:00,253.22,253.3,253.22,253.3,1480.480709,253.3162,51,
2026-03-24 21:20:00,253.24,253.24,253.23,253.23,849.005611,253.245,29,
2026-03-24 21:29:00,253.11,253.11,253.07,253.07,417.0,253.0993,15,
2026-03-24 21:30:00,253.1,253.1,253.1,253.1,256.156703,253.3335,15,
2026-03-24 21:31:00,253.26,253.26,253.26,253.26,223.003944,253.2225,9,
2026-03-24 21:34:00,253.1416,253.1416,253.1416,253.1416,145.2727,253.6164,8,
2026-03-24 21:36:00,253.2,253.2,253.2,253.2,322.01324,253.2124,8,
2026-03-24 21:37:00,253.33,253.33,253.33,253.33,535.11477,253.3806,16,
2026-03-24 21:38:00,253.14,253.22,253.14,253.22,5113.0,253.1885,13,
2026-03-24 21:45:00,253.34,253.3562,253.34,253.3562,1349.450015,253.5667,25,
2026-03-24 21:46:00,253.34,253.38,253.25,253.25,683.01646,253.3452,27,
2026-03-24 21:47:00,253.42,253.42,253.42,253.42,115.0,253.4005,10,
2026-03-24 21:48:00,253.45,253.5,253.45,253.5,963.053669,253.4908,58,
2026-03-24 21:49:00,253.65,253.65,253.62,253.62,882.057452,253.6411,30,
2026-03-24 21:50:00,253.7,253.7,253.26,253.26,1305.179392,253.0335,55,
2026-03-24 21:51:00,253.62,253.62,253.62,253.62,1141.049358,253.6036,22,
2026-03-24 21:54:00,253.63,253.63,253.63,253.63,389.072131,253.646,18,
2026-03-24 21:56:00,253.3916,253.3916,253.3916,253.3916,156.036698,253.5154,9,
2026-03-24 21:59:00,253.45,253.45,253.45,253.45,428.0,253.4226,10,
2026-03-24 22:00:00,253.5,254.0,253.5,254.0,5896.843554,253.8791,178,
2026-03-24 22:01:00,253.99,254.13,253.55,253.55,1679.036845,253.972,36,
2026-03-24 22:03:00,254.4205,254.4205,253.97,253.97,1000.058046,254.1707,16,
2026-03-24 22:04:00,253.95,254.43,253.95,254.43,3015.0,254.0718,45,
2026-03-24 22:05:00,254.14,254.284,254.14,254.22,2175.044914,254.23,34,
2026-03-24 22:06:00,254.22,254.31,254.19,254.28,2469.202541,254.2667,39,
2026-03-24 22:07:00,254.31,254.44,254.01,254.23,1703.020422,254.2776,62,
2026-03-24 22:08:00,254.11,254.44,254.11,254.38,1001.020408,254.3754,27,
2026-03-24 22:12:00,253.8512,253.8512,253.8,253.8,1260.150911,253.8486,53,
2026-03-24 22:15:00,253.61,253.61,253.6,253.6,764.064976,253.5779,56,
2026-03-24 22:18:00,253.28,253.28,253.28,253.28,1387.0,253.2879,9,
2026-03-24 22:22:00,253.6,253.6,253.6,253.6,310.0,253.5525,14,
2026-03-24 22:24:00,253.47,254.0,253.47,253.51,2685.024594,253.7461,22,
2026-03-24 22:25:00,253.33,253.33,253.06,253.06,1244.224433,253.2735,49,
2026-03-24 22:26:00,253.5,253.5,253.11,253.11,839.0,253.2345,28,
2026-03-24 22:29:00,253.41,253.41,253.41,253.41,353.12237,253.4307,13,
2026-03-24 22:31:00,253.5,253.51,253.5,253.5,2174.005951,253.5056,17,
2026-03-24 22:34:00,253.56,253.56,253.56,253.56,384.0,253.5592,8,
2026-03-24 22:35:00,253.75,253.75,253.75,253.75,1557.0,253.7418,9,
2026-03-24 22:37:00,253.59,253.76,253.59,253.75,2344.078015,253.7302,96,
2026-03-24 22:39:00,253.32,253.32,253.32,253.32,246.470871,253.9095,14,
2026-03-24 22:41:00,253.2043,253.2043,253.2043,253.2043,479.0,253.2551,13,
2026-03-24 22:45:00,253.68,253.68,253.68,253.68,263.0,253.7306,19,
2026-03-24 22:47:00,253.86,253.97,253.86,253.97,1531.09569,253.9621,42,
2026-03-24 22:48:00,253.8705,253.95,253.87,253.87,455.019686,253.916,16,
2026-03-24 22:50:00,253.8,253.8,253.8,253.8,437.105172,253.8354,7,
2026-03-24 22:53:00,253.55,253.67,253.55,253.67,355.156059,253.7319,27,
2026-03-24 22:54:00,253.67,253.67,253.67,253.67,244.0,253.6513,17,
2026-03-24 22:55:00,253.8838,253.8838,253.8838,253.8838,235.392982,254.2763,9,
2026-03-24 23:00:00,253.82,253.84,253.82,253.84,556.41086,254.0049,33,
2026-03-24 23:01:00,253.84,253.84,253.84,253.84,1392.017481,253.8231,13,
2026-03-24 23:02:00,253.59,253.59,253.57,253.57,748.036031,253.5804,42,
2026-03-24 23:05:00,253.57,253.57,253.57,253.57,212.005126,253.5397,8,
2026-03-24 23:06:00,253.68,253.68,253.68,253.68,512.016406,253.7224,23,
2026-03-24 23:07:00,253.79,253.79,253.79,253.79,106.0,253.7896,4,
2026-03-24 23:11:00,253.85,253.85,253.85,253.85,116.0,253.8338,4,
2026-03-24 23:13:00,253.66,253.71,253.66,253.7,505.0,253.7028,13,
2026-03-24 23:14:00,253.79,253.79,253.79,253.79,135.02634,253.8249,9,
2026-03-24 23:17:00,253.8,253.8,253.8,253.8,1006.022139,253.8058,7,
2026-03-24 23:18:00,253.95,253.95,253.95,253.95,157.0,253.8943,6,
2026-03-24 23:20:00,253.84,253.84,253.84,253.84,122.00797,253.862,5,
2026-03-24 23:24:00,253.88,253.95,253.88,253.95,636.112034,253.9465,33,
2026-03-24 23:27:00,253.95,253.97,253.86,253.86,1286.0,253.9348,15,
2026-03-24 23:28:00,253.77,253.77,253.77,253.77,111.089677,253.9908,4,
2026-03-24 23:29:00,253.75,253.75,253.75,253.75,144.0,253.7951,5,
2026-03-24 23:30:00,253.8,253.8,253.8,253.8,133.025513,253.8905,5,
2026-03-24 23:33:00,253.9,253.9,253.9,253.9,376.0,253.8522,13,
2026-03-24 23:34:00,253.8,253.8,253.8,253.8,182.0,253.8646,5,
2026-03-24 23:37:00,253.85,253.85,253.85,253.85,617.094492,253.8896,13,
2026-03-24 23:38:00,253.81,253.81,253.81,253.81,243.590984,254.4248,13,
2026-03-24 23:40:00,253.9588,253.9588,253.9588,253.9588,324.00398,253.9118,8,
2026-03-24 23:41:00,253.75,253.75,253.75,253.75,558.0,253.6995,17,
2026-03-24 23:42:00,253.51,253.54,253.5,253.54,543.33,253.7049,13,
2026-03-24 23:44:00,253.54,253.75,253.12,253.12,1719.0,253.5707,48,
2026-03-24 23:47:00,253.4,253.4,253.4,253.4,223.652463,254.1272,20,
2026-03-24 23:52:00,253.33,253.7499,253.33,253.43,1438.0,253.6094,27,
2026-03-24 23:55:00,253.2945,253.2945,253.2945,253.2945,577.040094,253.3889,19,
2026-03-24 23:56:00,253.26,253.26,253.26,253.26,484.0,253.3223,18,
2026-03-24 23:57:00,253.33,253.33,253.33,253.33,273.02285,253.4027,5,
2026-03-24 23:59:00,253.2,253.34,253.13,253.34,1097.091378,253.2146,45,
2026-03-25 08:00:00,253.3,253.3,253.3,253.3,1234.0,253.3009,39,
2026-03-25 08:02:00,253.3,253.3,253.3,253.3,604.0,253.3333,19,
2026-03-25 08:04:00,253.4,253.4,253.31,253.31,448.0,253.3592,11,
2026-03-25 08:05:00,253.44,253.66,253.44,253.66,1217.0,253.5132,52,
2026-03-25 08:09:00,253.63,253.69,253.6,253.69,1931.0,253.6309,30,
2026-03-25 08:13:00,253.74,253.74,253.74,253.74,919.0,253.7325,20,
2026-03-25 08:15:00,253.84,253.99,253.84,253.99,2124.0,253.8764,47,
2026-03-25 08:16:00,254.25,254.25,254.23,254.23,1012.0,254.1775,23,
2026-03-25 08:18:00,254.25,254.25,254.25,254.25,650.0,254.2468,9,
2026-03-25 08:19:00,254.2,254.24,254.2,254.24,572.0,254.2391,11,
2026-03-25 08:25:00,254.13,254.13,254.03,254.03,976.0,254.0859,12,
2026-03-25 08:29:00,254.03,254.03,254.03,254.03,225.0,254.0374,11,
2026-03-25 08:32:00,254.11,254.11,254.11,254.11,106.0,254.1099,6,
2026-03-25 08:36:00,254.0,254.0,254.0,254.0,850.0,253.9932,32,
2026-03-25 08:41:00,253.79,253.79,253.79,253.79,244.0,253.7869,11,
2026-03-25 08:47:00,253.7,253.7,253.7,253.7,671.0,253.7,10,
2026-03-25 08:48:00,253.71,253.71,253.7,253.7,454.0,253.6977,19,
2026-03-25 08:50:00,253.73,253.73,253.73,253.73,518.0,253.7608,16,
2026-03-25 08:51:00,253.79,253.79,253.79,253.79,289.0,253.7503,12,
2026-03-25 08:53:00,253.56,253.56,253.56,253.56,102.0,253.561,3,
2026-03-25 08:59:00,253.51,253.51,253.51,253.51,278.0,253.511,5,
2026-03-25 09:01:00,253.3,253.3,253.3,253.3,608.0,253.3051,28,
2026-03-25 09:03:00,253.5,253.5,253.5,253.5,409.0,253.4799,14,
2026-03-25 09:17:00,253.51,253.51,253.51,253.51,253.0,253.5184,10,
2026-03-25 09:26:00,253.21,253.21,253.21,253.21,429.0,253.2395,13,
2026-03-25 09:32:00,253.37,253.56,253.37,253.56,1259.0,253.5234,12,
2026-03-25 09:37:00,253.49,253.49,253.49,253.49,314.0,253.3767,7,
2026-03-25 09:39:00,253.31,253.31,253.31,253.31,146.0,253.3058,6,
2026-03-25 09:43:00,253.2,253.26,253.2,253.26,368.0,253.2326,13,
2026-03-25 09:48:00,253.0,253.0,252.93,252.93,372.0,252.9619,20,
2026-03-25 09:53:00,253.03,253.03,253.01,253.01,400.0,253.025,4,
2026-03-25 09:59:00,253.4,253.41,253.4,253.4,1852.0,253.3975,46,
2026-03-25 10:01:00,253.57,253.57,253.57,253.57,451.0,253.5416,10,
2026-03-25 10:02:00,253.57,253.65,253.57,253.65,1061.0,253.5819,18,
2026-03-25 10:06:00,253.5,253.5,253.4,253.4,712.0,253.4552,12,
2026-03-25 10:13:00,253.4,253.4,253.4,253.4,703.0,253.3907,15,
2026-03-25 10:17:00,253.4,253.4,253.4,253.4,100.0,253.4,1,
2026-03-25 10:21:00,253.38,253.38,253.38,253.38,1014.0,253.3823,22,
2026-03-25 10:23:00,253.44,253.44,253.44,253.44,214.0,253.4356,5,
2026-03-25 10:29:00,253.28,253.28,253.28,253.28,322.0,253.2822,5,
2026-03-25 10:42:00,253.3,253.3,253.3,253.3,336.0,253.3124,6,
2026-03-25 10:43:00,253.45,253.56,253.45,253.56,1312.0,253.4833,41,
2026-03-25 10:45:00,253.45,253.55,253.45,253.55,1100.0,253.4881,9,
2026-03-25 10:46:00,253.54,253.54,253.49,253.49,300.0,253.5233,3,
2026-03-25 10:47:00,253.58,253.58,253.58,253.58,300.0,253.58,4,
2026-03-25 10:48:00,253.58,253.58,253.58,253.58,200.0,253.58,2,
2026-03-25 10:49:00,253.58,253.58,253.58,253.58,684.0,253.5597,24,
2026-03-25 10:51:00,253.56,253.56,253.47,253.47,708.0,253.5375,14,
2026-03-25 10:52:00,253.47,253.47,253.32,253.43,1205.0,253.4034,16,
2026-03-25 10:53:00,253.43,253.47,253.43,253.47,1180.0,253.4408,11,
2026-03-25 10:54:00,253.47,253.49,253.46,253.46,1099.0,253.4716,17,
2026-03-25 10:57:00,253.53,253.53,253.53,253.53,630.0,253.5264,21,
2026-03-25 10:59:00,253.55,253.55,253.55,253.55,675.0,253.5485,16,
2026-03-25 11:00:00,253.55,253.55,253.51,253.51,736.0,253.5376,49,
2026-03-25 11:03:00,253.6,253.76,253.58,253.76,1289.0,253.6335,16,
2026-03-25 11:04:00,253.73,253.76,253.73,253.76,1042.0,253.7409,15,
2026-03-25 11:06:00,253.74,253.74,253.74,253.74,194.0,253.7909,12,
2026-03-25 11:08:00,253.75,253.8,253.75,253.8,889.0,253.8092,20,
2026-03-25 11:10:00,253.7,253.7,253.7,253.7,1136.0,253.6964,24,
2026-03-25 11:20:00,253.71,253.72,253.71,253.72,602.0,253.6747,19,
2026-03-25 11:22:00,253.69,253.71,253.69,253.71,648.0,253.6992,9,
2026-03-25 11:23:00,253.85,253.85,253.85,253.85,609.0,253.8377,14,
2026-03-25 11:27:00,253.8,253.8,253.8,253.8,818.0,253.801,29,
2026-03-25 11:28:00,253.89,253.89,253.89,253.89,298.0,253.8429,6,
2026-03-25 11:36:00,253.95,253.95,253.95,253.95,584.0,253.9508,9,
2026-03-25 11:37:00,254.0,254.0,254.0,254.0,954.0,254.0001,49,
2026-03-25 11:38:00,254.19,254.19,254.19,254.19,1014.0,254.1636,33,
2026-03-25 11:39:00,254.19,254.19,254.18,254.19,890.0,254.1691,15,
2026-03-25 11:40:00,254.18,254.18,254.18,254.18,244.0,254.1797,6,
2026-03-25 11:42:00,254.0,254.32,254.0,254.25,7212.0,254.2134,141,
2026-03-25 11:43:00,254.43,254.45,254.37,254.37,3518.0,254.4188,56,
2026-03-25 11:46:00,254.27,254.27,254.26,254.26,698.0,254.2937,15,
2026-03-25 11:47:00,254.3,254.3,253.68,253.68,4985.0,253.8786,136,
2026-03-25 11:52:00,254.09,254.1,254.0,254.0,315.0,254.0594,9,
2026-03-25 11:53:00,254.15,254.15,254.15,254.15,340.0,254.0983,12,
2026-03-25 12:00:00,253.3,254.5,252.61,253.09,48053.854753,253.5407,2694,
2026-03-25 12:01:00,252.75,252.75,252.75,252.75,4134.06567,252.8742,151,
2026-03-25 12:02:00,254.0203,254.487,254.0203,254.487,1651.911157,254.201,143,
2026-03-25 12:03:00,254.46,254.46,254.46,254.46,180.957764,255.6598,27,
2026-03-25 12:05:00,254.44,254.45,254.41,254.42,975.034927,254.1767,83,
2026-03-25 12:06:00,254.47,254.54,254.47,254.54,3031.032685,254.5029,73,
2026-03-25 12:07:00,254.5159,254.5159,254.5159,254.5159,333.626008,255.0719,43,
2026-03-25 12:08:00,254.8,254.8,254.8,254.8,612.166623,254.8095,41,
2026-03-25 12:09:00,254.56,254.86,254.56,254.5687,1165.8,254.7971,35,
2026-03-25 12:11:00,254.55,254.55,254.55,254.55,669.0,254.5802,30,
2026-03-25 12:12:00,254.61,254.61,254.61,254.61,377.0,254.5914,20,
2026-03-25 12:13:00,254.5,254.5,254.5,254.5,306.116207,254.6372,20,
2026-03-25 12:14:00,254.55,254.55,254.55,254.55,377.106143,254.6296,27,
2026-03-25 12:15:00,254.3168,254.3168,254.3168,254.3168,250.0,254.4507,19,
2026-03-25 12:16:00,254.47,254.47,254.47,254.47,2486.11831,253.9878,165,
2026-03-25 12:17:00,253.61,253.84,253.61,253.81,3190.086374,253.7967,81,
2026-03-25 12:18:00,253.72,253.8,253.72,253.8,849.0,253.7284,27,
2026-03-25 12:19:00,253.83,253.91,253.6,253.91,3341.501883,253.8465,18,
2026-03-25 12:21:00,254.0,254.0,254.0,254.0,290.040332,254.1343,24,
2026-03-25 12:23:00,253.63,254.0,253.55,254.0,7049.206738,253.6792,278,
2026-03-25 12:24:00,253.6686,253.9,253.6686,253.75,753.55894,254.022,14,
2026-03-25 12:26:00,254.0,254.0,254.0,254.0,355.234108,254.257,25,
2026-03-25 12:28:00,254.1,254.1,253.99,253.99,690.078601,254.002,21,
2026-03-25 12:29:00,253.99,253.99,253.87,253.89,1433.0,253.9094,22,
2026-03-25 12:30:00,253.76,253.76,253.3968,253.3968,4257.42326,253.6072,99,
2026-03-25 12:31:00,253.5,253.5,253.1242,253.2,3840.392383,253.2747,120,
2026-03-25 12:32:00,253.08,253.55,253.08,253.3,3144.0,253.3126,40,
2026-03-25 12:33:00,253.6,253.6,253.23,253.23,1182.329755,253.4899,19,
2026-03-25 12:34:00,253.68,253.69,253.68,253.69,582.0,253.659,11,
2026-03-25 12:37:00,253.5,253.5,253.5,253.5,194.0,253.6098,11,
2026-03-25 12:39:00,253.746,253.746,253.746,253.746,363.011103,253.781,6,
2026-03-25 12:40:00,253.79,253.92,253.72,253.72,1355.01656,253.822,35,
2026-03-25 12:42:00,253.78,253.8,253.78,253.79,726.361767,253.9048,14,
2026-03-25 12:43:00,253.8,253.8,253.77,253.78,1342.0,253.7856,8,
2026-03-25 12:45:00,253.57,253.57,253.55,253.55,915.052,253.555,36,
2026-03-25 12:47:00,253.65,253.65,253.65,253.65,1053.625801,253.7869,23,
2026-03-25 12:48:00,253.8,253.8,253.8,253.8,720.321836,253.8873,25,
2026-03-25 12:51:00,253.92,253.92,253.92,253.92,1544.0,253.9102,6,
2026-03-25 12:54:00,253.62,253.89,253.61,253.74,90896.0,251.6755,31,
2026-03-25 12:55:00,253.92,253.97,253.62,253.62,1929.053229,254.0658,128,
2026-03-25 12:56:00,254.0,254.0,254.0,254.0,413.0,254.0031,9,
2026-03-25 12:57:00,254.3,254.42,254.2,254.2,3222.280198,254.338,103,
2026-03-25 12:58:00,254.25,254.35,254.25,254.3,5214.103154,254.3341,38,
2026-03-25 12:59:00,254.4,254.5,254.17,254.17,1590.017285,254.392,33,
2026-03-25 13:00:00,254.4,254.46,254.353,254.46,1146.548458,254.4845,45,
2026-03-25 13:01:00,254.25,254.4,253.878,254.29,1184.081261,254.2208,30,
2026-03-25 13:02:00,254.5,254.6,254.3,254.3,5386.119882,254.5,122,
2026-03-25 13:03:00,254.3772,254.3772,254.3772,254.3772,854.0,254.4381,22,
2026-03-25 13:04:00,254.3851,254.601,254.3533,254.3533,1572.350169,254.4535,21,
2026-03-25 13:05:00,254.6,254.6,254.57,254.6,1082.061436,254.61,29,
2026-03-25 13:06:00,254.48,254.48,254.46,254.46,582.000039,254.4412,22,
2026-03-25 13:07:00,254.45,254.5,254.45,254.5,642.0,254.4693,36,
2026-03-25 13:08:00,254.383,254.45,254.31,254.45,4728.023578,254.3503,99,
2026-03-25 13:09:00,254.32,254.58,254.32,254.56,3874.0,254.4785,77,
2026-03-25 13:10:00,254.43,254.43,254.34,254.35,1632.303738,254.4292,31,
2026-03-25 13:11:00,254.59,254.59,254.33,254.33,2025.0,254.4042,40,
2026-03-25 13:12:00,254.33,254.42,254.31,254.38,3116.011796,254.3626,49,
2026-03-25 13:13:00,254.33,254.33,254.0243,254.0243,1526.851499,254.3879,57,
2026-03-25 13:14:00,254.1,254.31,254.03,254.1113,2887.023806,254.2232,54,
2026-03-25 13:15:00,254.23,254.32,254.23,254.32,1070.00786,254.2681,35,
2026-03-25 13:17:00,254.15,254.15,254.01,254.03,2011.0,254.0502,28,
2026-03-25 13:19:00,254.45,254.45,254.45,254.45,616.0,254.32,22,
2026-03-25 13:21:00,254.12,254.14,254.0,254.0,2487.203065,254.0665,118,
2026-03-25 13:22:00,254.07,254.1,254.07,254.1,971.010535,254.0008,40,
2026-03-25 13:23:00,253.84,253.84,253.84,253.84,384.004119,253.8371,26,
2026-03-25 13:24:00,254.0,254.2,253.99,254.2,2081.333025,254.1227,37,
2026-03-25 13:25:00,253.93,254.2,253.72,253.72,5311.752422,253.8843,152,
2026-03-25 13:26:00,253.65,253.85,253.58,253.82,2617.213777,253.7449,102,
2026-03-25 13:27:00,254.16,254.59,253.95,254.59,5441.247642,254.3094,182,
2026-03-25 13:28:00,254.41,254.41,254.1,254.1,7523.522365,254.2563,164,
2026-03-25 13:29:00,254.1,254.35,254.1,254.1795,9761.01234,254.2334,106,
2026-03-25 13:30:00,254.095,254.7,254.0,254.28,577737.183838,254.1201,10735,
2026-03-25 13:31:00,254.25,254.54,254.175,254.5,103609.952018,254.4171,1725,
2026-03-25 13:32:00,254.49,255.0,254.42,254.87,111068.644862,254.7218,2047,
2026-03-25 13:33:00,254.84,254.99,254.0,254.05,118753.355482,254.6262,2731,
2026-03-25 13:34:00,254.05,254.4,253.95,254.03,93593.949929,254.1501,2260,
2026-03-25 13:35:00,254.04,254.4599,254.04,254.45,90596.52966,254.2344,2219,
2026-03-25 13:36:00,254.465,254.665,254.15,254.655,80625.740016,254.4605,1931,
2026-03-25 13:37:00,254.7,254.9049,254.29,254.45,103691.310392,254.5341,2019,
2026-03-25 13:38:00,254.46,254.62,254.16,254.28,133931.88085,254.2982,2310,
2026-03-25 13:39:00,254.28,254.43,254.01,254.04,87739.703226,254.2408,1720,
2026-03-25 13:40:00,254.03,254.12,253.785,253.9,93191.390479,253.9683,1810,
2026-03-25 13:41:00,253.92,254.15,253.79,253.96,77126.194138,253.9839,1394,
2026-03-25 13:42:00,253.97,254.025,253.86,253.895,49693.214862,253.9259,1643,
2026-03-25 13:43:00,253.91,253.98,253.69,253.79,84206.674106,253.8229,2325,
2026-03-25 13:44:00,253.79,253.89,253.5,253.52,61912.289534,253.6799,2097,
2026-03-25 13:45:00,253.5,253.61,253.29,253.355,70091.501652,253.4559,2343,
2026-03-25 13:46:00,253.33,253.4149,253.22,253.355,48212.33227,253.3114,1878,
2026-03-25 13:47:00,253.37,253.41,253.11,253.14,53253.050028,253.2671,1922,
2026-03-25 13:48:00,253.155,253.23,252.77,252.79,72189.959913,253.0126,2411,
2026-03-25 13:49:00,252.78,252.825,252.39,252.435,86011.490003,252.6308,2743,
2026-03-25 13:50:00,252.41,252.61,252.24,252.52,105716.404601,252.4177,2781,
2026-03-25 13:51:00,252.53,252.85,252.53,252.67,152090.972667,252.7291,3051,
2026-03-25 13:52:00,252.67,252.6875,252.44,252.6,82601.835288,252.5813,2415,
2026-03-25 13:53:00,252.62,252.74,252.39,252.455,63354.118374,252.5716,2057,
2026-03-25 13:54:00,252.44,252.55,252.25,252.34,82256.876185,252.4146,2417,
2026-03-25 13:55:00,252.385,252.4899,252.27,252.3261,98626.522573,252.3936,2947,
2026-03-25 13:56:00,252.33,252.45,252.26,252.32,80018.006666,252.3667,2239,
2026-03-25 13:57:00,252.34,252.355,252.16,252.31,122662.703935,252.2901,2215,
2026-03-25 13:58:00,252.3,252.54,252.19,252.24,71966.29138,252.3775,2286,
2026-03-25 13:59:00,252.25,252.26,251.82,251.88,110920.195316,251.9989,2920,
2026-03-25 14:00:00,251.89,251.99,251.6,251.65,93588.750665,251.7902,2941,
2026-03-25 14:01:00,251.65,252.0,251.65,251.8535,99658.686695,251.8594,2694,
2026-03-25 14:02:00,251.82,252.1,251.773,252.05,80457.322653,251.9532,2351,
2026-03-25 14:03:00,252.03,252.21,251.96,252.03,51565.961429,252.1101,1834,
2026-03-25 14:04:00,252.0161,252.22,252.0,252.03,52892.111552,252.1123,1980,
2026-03-25 14:05:00,252.03,252.295,251.98,252.23,78786.407443,252.1152,2140,
2026-03-25 14:06:00,252.2551,252.28,251.93,251.98,56171.374297,252.0924,1970,
2026-03-25 14:07:00,252.01,252.1499,251.93,251.98,56428.300127,252.0377,2175,
2026-03-25 14:08:00,252.02,252.23,251.94,251.9799,64370.197231,252.105,2212,
2026-03-25 14:09:00,251.98,252.2799,251.94,252.24,46639.590842,252.1012,1867,
2026-03-25 14:10:00,252.28,252.28,252.13,252.25,50072.595312,252.2093,1841,
2026-03-25 14:11:00,252.255,252.5,252.255,252.405,85901.965191,252.3891,2678,
2026-03-25 14:12:00,252.41,252.56,252.24,252.5,59693.007591,252.4154,2205,
2026-03-25 14:13:00,252.526,252.6999,252.42,252.4401,53997.658281,252.5698,2033,
2026-03-25 14:14:00,252.45,252.845,252.43,252.84,62381.619455,252.6301,2133,
2026-03-25 14:15:00,252.83,252.88,252.707,252.815,51603.496815,252.7961,2018,
2026-03-25 14:16:00,252.8,252.87,252.7,252.81,39344.635123,252.7953,1735,
2026-03-25 14:17:00,252.79,252.83,252.5401,252.6,47226.431082,252.688,1879,
2026-03-25 14:18:00,252.62,252.74,252.6,252.72,32137.354973,252.6925,1688,
2026-03-25 14:19:00,252.705,252.705,252.47,252.57,56236.728739,252.591,1804,
2026-03-25 14:20:00,252.55,252.64,252.4378,252.6266,45480.636904,252.5397,1881,
2026-03-25 14:21:00,252.6299,252.73,252.58,252.67,43850.796166,252.646,1691,
2026-03-25 14:22:00,252.65,252.71,252.55,252.66,60839.797746,252.6494,2231,
2026-03-25 14:23:00,252.66,252.66,252.39,252.5,28216.118904,252.4963,1588,
2026-03-25 14:24:00,252.49,252.49,252.23,252.26,45284.261459,252.3429,1883,
2026-03-25 14:25:00,252.265,252.73,252.18,252.6482,67294.823715,252.5161,2580,
2026-03-25 14:26:00,252.62,252.72,252.55,252.6501,70712.146,252.6395,2143,
2026-03-25 14:27:00,252.66,252.96,252.63,252.96,58582.432203,252.8096,2151,
2026-03-25 14:28:00,252.915,252.915,252.6212,252.67,38296.606864,252.7405,1917,
2026-03-25 14:29:00,252.675,252.86,252.63,252.86,36134.905445,252.7189,1708,
2026-03-25 14:30:00,252.87,252.93,252.58,252.7551,75397.713616,252.7844,2271,
2026-03-25 14:31:00,252.73,252.89,252.68,252.835,38984.518372,252.7801,1976,
2026-03-25 14:32:00,252.85,252.96,252.8201,252.86,35912.229039,252.8942,1832,
2026-03-25 14:33:00,252.82,253.09,252.8,253.05,44687.786763,252.9653,2068,
2026-03-25 14:34:00,253.0,253.09,252.94,253.0801,28260.116867,252.9953,1745,
2026-03-25 14:35:00,253.1,253.17,252.92,253.0,47928.435827,253.0463,1949,
2026-03-25 14:36:00,253.0051,253.05,252.83,252.9,58447.978071,252.9307,1955,
2026-03-25 14:37:00,252.89,253.01,252.84,252.85,42856.356515,252.9242,1854,
2026-03-25 14:38:00,252.85,252.99,252.84,252.93,45075.958825,252.9174,2012,
2026-03-25 14:39:00,252.945,252.95,252.78,252.9,56275.709793,252.8563,2184,
2026-03-25 14:40:00,252.895,253.005,252.79,253.0,55509.915716,252.9302,2256,
2026-03-25 14:41:00,253.01,253.24,253.0024,253.125,57307.115809,253.125,2109,
2026-03-25 14:42:00,253.12,253.33,253.1,253.21,56685.545875,253.2037,1925,
2026-03-25 14:43:00,253.21,253.3,253.14,253.27,45149.602301,253.2177,2130,
2026-03-25 14:44:00,253.28,253.3627,253.25,253.25,55611.587673,253.3115,2244,
2026-03-25 14:45:00,253.26,253.44,253.26,253.4,60870.82254,253.3743,1986,
2026-03-25 14:46:00,253.36,253.44,253.28,253.38,49305.692619,253.3776,1959,
2026-03-25 14:47:00,253.37,253.49,253.33,253.44,49010.137674,253.4206,2007,
2026-03-25 14:48:00,253.4394,253.55,253.38,253.525,48907.149639,253.478,2012,
2026-03-25 14:49:00,253.51,253.57,253.47,253.52,63010.200793,253.513,1999,
2026-03-25 14:50:00,253.505,253.61,253.46,253.58,63723.717833,253.5259,2039,
2026-03-25 14:51:00,253.56,253.6597,253.53,253.635,44421.867133,253.5846,1813,
2026-03-25 14:52:00,253.62,253.67,253.5,253.58,49590.504001,253.5952,2030,
2026-03-25 14:53:00,253.59,253.66,253.55,253.62,37846.56487,253.607,1766,
2026-03-25 14:54:00,253.585,253.67,253.43,253.46,55578.360627,253.5579,2103,
2026-03-25 14:55:00,253.47,253.54,253.44,253.5,51319.907708,253.5015,1823,
2026-03-25 14:56:00,253.5099,253.53,253.47,253.52,31492.159312,253.5048,1850,
2026-03-25 14:57:00,253.5101,253.53,253.38,253.49,55446.508655,253.4664,1888,
2026-03-25 14:58:00,253.48,253.56,253.4001,253.56,37241.723618,253.4634,1903,
2026-03-25 14:59:00,253.54,253.59,253.32,253.42,61125.785807,253.4356,2250,
2026-03-25 15:00:00,253.4225,253.48,253.38,253.41,38582.26788,253.4343,1927,
2026-03-25 15:01:00,253.43,253.52,253.365,253.45,49008.032447,253.4682,2111,
2026-03-25 15:02:00,253.46,253.54,253.46,253.49,32147.916342,253.5144,1720,
2026-03-25 15:03:00,253.49,253.61,253.46,253.575,30312.759713,253.5462,1690,
2026-03-25 15:04:00,253.55,253.6488,253.52,253.53,44519.629837,253.5997,1732,
2026-03-25 15:05:00,253.53,253.58,253.43,253.48,38210.714989,253.5076,1871,
2026-03-25 15:06:00,253.48,253.52,253.29,253.29,45864.429214,253.4018,2028,
2026-03-25 15:07:00,253.295,253.33,253.11,253.13,50693.768063,253.2258,2110,
2026-03-25 15:08:00,253.15,253.4785,253.15,253.47,46647.576876,253.3395,1848,
2026-03-25 15:09:00,253.475,253.54,253.38,253.445,43586.691541,253.4461,1923,
2026-03-25 15:10:00,253.45,253.65,253.45,253.6199,38476.920257,253.5783,1919,
2026-03-25 15:11:00,253.62,253.8949,253.62,253.85,63028.772235,253.7963,2169,
2026-03-25 15:12:00,253.86,253.95,253.68,253.69,69416.404578,253.8567,2242,
2026-03-25 15:13:00,253.69,253.8,253.56,253.7736,86176.190425,253.6834,2608,
2026-03-25 15:14:00,253.765,253.86,253.6925,253.75,44366.978159,253.7858,1852,
2026-03-25 15:15:00,253.74,253.93,253.61,253.725,123102.8551,253.7885,2732,
2026-03-25 15:16:00,253.76,253.8,253.11,253.135,193069.231506,253.4357,4171,
2026-03-25 15:17:00,253.135,253.31,252.98,253.01,80196.072381,253.1921,2552,
2026-03-25 15:18:00,253.04,253.608,253.03,253.54,62282.493588,253.3172,2202,
2026-03-25 15:19:00,253.54,253.84,253.44,253.805,119804.264933,253.6307,3172,
2026-03-25 15:20:00,253.81,253.83,253.62,253.71,91465.21939,253.7306,2711,
2026-03-25 15:21:00,253.7101,253.955,253.71,253.775,41232.667419,253.839,1733,
2026-03-25 15:22:00,253.79,254.0,253.79,253.9599,64826.75078,253.9303,2059,
2026-03-25 15:23:00,253.93,254.01,253.8001,253.93,85791.551018,253.9433,2198,
2026-03-25 15:24:00,253.925,254.25,253.9,254.12,127433.325732,254.0628,2517,
2026-03-25 15:25:00,254.1399,254.29,254.065,254.23,60016.305579,254.1516,1934,
2026-03-25 15:26:00,254.205,254.205,253.87,253.985,37696.361709,253.9984,1891,
2026-03-25 15:27:00,253.96,253.97,253.8401,253.94,29084.641102,253.9306,1589,
2026-03-25 15:28:00,253.93,254.045,253.865,253.98,34191.926605,253.9691,1806,
2026-03-25 15:29:00,254.0,254.245,253.99,254.245,37453.238875,254.1395,1731,
2026-03-25 15:30:00,254.25,254.29,254.11,254.26,47490.91982,254.1882,2053,
2026-03-25 15:31:00,254.26,254.29,254.17,254.2517,42927.651162,254.234,1783,
2026-03-25 15:32:00,254.245,254.28,254.195,254.23,54827.795035,254.2324,1914,
2026-03-25 15:33:00,254.22,254.46,254.1323,254.4245,57149.237387,254.3122,1950,
2026-03-25 15:34:00,254.43,254.46,254.24,254.2492,45014.513216,254.3651,1953,
2026-03-25 15:35:00,254.28,254.28,254.07,254.165,37166.549382,254.1714,1742,
2026-03-25 15:36:00,254.1608,254.25,254.13,254.2,36173.876019,254.1951,1715,
2026-03-25 15:37:00,254.2,254.25,254.13,254.165,49560.958244,254.1926,1785,
2026-03-25 15:38:00,254.16,254.1999,254.06,254.06,56434.816936,254.1418,2108,
2026-03-25 15:39:00,254.065,254.14,253.96,254.02,84043.122785,254.0738,2391,
2026-03-25 15:40:00,254.0,254.08,253.88,253.89,41925.550883,253.9913,1774,
2026-03-25 15:41:00,253.91,254.02,253.8206,253.83,50880.357583,253.9179,1871,
2026-03-25 15:42:00,253.85,253.881,253.69,253.76,51435.885614,253.8157,1923,
2026-03-25 15:43:00,253.75,253.8175,253.7,253.74,18786.169047,253.7512,1424,
2026-03-25 15:44:00,253.74,253.85,253.65,253.71,32017.366238,253.7337,1677,
2026-03-25 15:45:00,253.685,253.855,253.685,253.795,46698.39869,253.7973,1939,
2026-03-25 15:46:00,253.795,253.835,253.73,253.78,26570.74407,253.7928,1526,
2026-03-25 15:47:00,253.785,253.7899,253.68,253.71,28355.711234,253.7355,1568,
2026-03-25 15:48:00,253.71,253.74,253.6,253.7,27922.282381,253.6942,1597,
2026-03-25 15:49:00,253.68,253.77,253.645,253.69,38370.381225,253.7278,1507,
2026-03-25 15:50:00,253.725,253.915,253.725,253.8871,38060.323647,253.8465,749,
2026-03-25 15:51:00,253.88,253.95,253.8099,253.825,26223.442893,253.8875,614,
2026-03-25 15:52:00,253.85,253.85,253.43,253.465,67763.62929,253.5977,1164,
2026-03-25 15:53:00,253.465,253.55,253.38,253.3909,60566.503164,253.4435,971,
2026-03-25 15:54:00,253.3909,253.55,253.38,253.505,33187.21648,253.4511,679,
2026-03-25 15:55:00,253.52,253.759,253.47,253.6,53249.7299,253.6053,1191,
2026-03-25 15:56:00,253.6,253.74,253.57,253.72,24555.679306,253.6461,732,
2026-03-25 15:57:00,253.71,253.76,253.56,253.56,37854.12494,253.6914,896,
2026-03-25 15:58:00,253.61,253.63,253.53,253.55,35970.988365,253.6033,726,
2026-03-25 15:59:00,253.56,253.61,253.5,253.5,34824.552675,253.5645,827,
2026-03-25 16:00:00,253.51,253.51,253.2996,253.3099,45538.58455,253.3842,937,
2026-03-25 16:01:00,253.275,253.45,253.246,253.37,45962.055995,253.3217,1019,
2026-03-25 16:02:00,253.37,253.45,253.27,253.365,42447.525812,253.3793,1013,
2026-03-25 16:03:00,253.35,253.38,253.28,253.31,18753.903718,253.3555,573,
2026-03-25 16:04:00,253.28,253.33,253.2,253.235,43887.911915,253.2852,1007,
2026-03-25 16:05:00,253.22,253.2601,253.09,253.25,38001.021012,253.1909,1101,
2026-03-25 16:06:00,253.26,253.42,253.26,253.405,24787.591515,253.3633,687,
2026-03-25 16:07:00,253.4,253.565,253.4,253.46,24951.461339,253.4721,702,
2026-03-25 16:08:00,253.46,253.46,253.32,253.455,24332.537779,253.3933,649,
2026-03-25 16:09:00,253.49,253.54,253.41,253.48,23775.667306,253.4957,755,
2026-03-25 16:10:00,253.47,253.5,253.32,253.4,33552.353734,253.4018,757,
2026-03-25 16:11:00,253.4,253.5,253.365,253.4555,25601.785705,253.4298,724,
2026-03-25 16:12:00,253.44,253.51,253.38,253.4,22711.398816,253.4324,576,
2026-03-25 16:13:00,253.44,253.445,253.33,253.435,19534.905416,253.4103,640,
2026-03-25 16:14:00,253.42,253.54,253.42,253.505,23034.784146,253.4772,735,
2026-03-25 16:15:00,253.5,253.6,253.45,253.46,28205.292642,253.5198,822,
2026-03-25 16:16:00,253.475,253.58,253.465,253.545,19062.609916,253.5295,704,
2026-03-25 16:17:00,253.53,253.5599,253.44,253.55,27525.82637,253.5102,895,
2026-03-25 16:18:00,253.53,253.585,253.5167,253.58,20958.449398,253.5458,670,
2026-03-25 16:19:00,253.585,253.59,253.45,253.475,22496.170405,253.5127,747,
2026-03-25 16:20:00,253.49,253.58,253.43,253.51,32070.728534,253.5081,1037,
2026-03-25 16:21:00,253.5175,253.61,253.49,253.535,27231.017008,253.5437,823,
2026-03-25 16:22:00,253.53,253.64,253.44,253.59,21321.524539,253.5528,738,
2026-03-25 16:23:00,253.625,253.84,253.625,253.7191,36528.148426,253.7311,917,
2026-03-25 16:24:00,253.715,254.17,253.715,254.1,60148.26,253.9233,1525,
2026-03-25 16:25:00,254.13,254.15,253.84,253.97,106112.245279,253.99,2392,
2026-03-25 16:26:00,253.97,253.99,253.8,253.955,50586.586657,253.9126,1169,
2026-03-25 16:27:00,253.965,253.97,253.82,253.9393,24148.338489,253.9152,731,
2026-03-25 16:28:00,253.92,253.975,253.83,253.9425,44266.635077,253.9079,997,
2026-03-25 16:29:00,253.92,253.945,253.86,253.925,20642.477993,253.91,787,
2026-03-25 16:30:00,253.95,254.12,253.86,254.0399,49536.262391,253.9922,1194,
2026-03-25 16:31:00,254.0283,254.23,254.0,254.215,44725.87412,254.1214,922,
2026-03-25 16:32:00,254.23,254.37,254.19,254.37,37400.446891,254.2504,877,
2026-03-25 16:33:00,254.4,254.65,254.38,254.61,87573.835646,254.5413,1474,
2026-03-25 16:34:00,254.61,254.644,254.42,254.471,63956.585177,254.5473,1172,
2026-03-25 16:35:00,254.47,254.54,254.33,254.4899,176860.84848,254.5525,958,
2026-03-25 16:36:00,254.495,254.58,254.43,254.52,33389.065906,254.503,757,
2026-03-25 16:37:00,254.52,254.55,254.43,254.47,53603.674783,253.9985,651,
2026-03-25 16:38:00,254.49,254.49,254.27,254.33,39414.278901,254.3576,904,
2026-03-25 16:39:00,254.36,254.4,254.32,254.385,17498.918432,254.3727,538,
2026-03-25 16:40:00,254.41,254.41,254.23,254.26,27205.720276,254.3418,811,
2026-03-25 16:41:00,254.28,254.3,254.16,254.25,29105.593965,254.2403,728,
2026-03-25 16:42:00,254.23,254.315,254.18,254.18,30216.954568,254.2674,702,
2026-03-25 16:43:00,254.21,254.26,254.16,254.26,20351.527085,254.2264,598,
2026-03-25 16:44:00,254.2399,254.27,254.19,254.26,20740.163231,254.2362,561,
2026-03-25 16:45:00,254.28,254.305,254.21,254.3,26064.402961,254.2646,697,
2026-03-25 16:46:00,254.3,254.3,254.17,254.27,31789.444181,254.2258,755,
2026-03-25 16:47:00,254.26,254.28,254.16,254.23,24679.108144,254.2182,614,
2026-03-25 16:48:00,254.25,254.35,254.24,254.2799,27895.789615,254.3,552,
2026-03-25 16:49:00,254.26,254.27,254.18,254.2,15272.278186,254.2222,442,
2026-03-25 16:50:00,254.21,254.21,254.03,254.08,32211.540922,254.1497,737,
2026-03-25 16:51:00,254.085,254.28,254.065,254.065,25798.09956,254.1621,666,
2026-03-25 16:52:00,254.0601,254.26,254.02,254.205,36141.509574,254.1205,884,
2026-03-25 16:53:00,254.23,254.29,254.185,254.225,32259.490486,254.2271,627,
2026-03-25 16:54:00,254.24,254.29,254.15,254.275,27569.846999,254.2261,590,
2026-03-25 16:55:00,254.27,254.4,254.24,254.375,19622.418091,254.3106,537,
2026-03-25 16:56:00,254.37,254.375,254.23,254.265,38008.979178,254.3142,740,
2026-03-25 16:57:00,254.265,254.29,254.2,254.215,16961.440687,254.2564,487,
2026-03-25 16:58:00,254.225,254.23,254.12,254.165,20253.824219,254.1862,502,
2026-03-25 16:59:00,254.16,254.31,254.1583,254.2399,24673.651395,254.2352,614,
2026-03-25 17:00:00,254.22,254.3,254.195,254.195,41165.531854,254.2511,814,
2026-03-25 17:01:00,254.1701,254.365,254.1701,254.365,30183.529064,254.271,632,
2026-03-25 17:02:00,254.37,254.45,254.0,254.31,115519.956667,254.2217,2699,
2026-03-25 17:03:00,254.32,254.385,254.25,254.2596,22027.746909,254.3264,614,
2026-03-25 17:04:00,254.26,254.305,254.215,254.26,21943.322429,254.2771,505,
2026-03-25 17:05:00,254.275,254.28,253.95,254.045,43279.856821,254.1008,910,
2026-03-25 17:06:00,254.04,254.08,253.93,254.0648,27326.452705,254.031,649,
2026-03-25 17:07:00,254.055,254.15,254.0,254.0499,30080.766511,254.0918,610,
2026-03-25 17:08:00,254.03,254.03,253.955,253.965,30094.522176,254.0009,634,
2026-03-25 17:09:00,253.96,254.11,253.855,253.855,64245.067161,253.9978,905,
2026-03-25 17:10:00,253.865,253.93,253.79,253.87,23763.246694,253.8697,584,
2026-03-25 17:11:00,253.86,253.94,253.86,253.93,27526.87487,253.9154,628,
2026-03-25 17:12:00,253.97,254.1,253.93,254.07,23712.843658,253.9991,557,
2026-03-25 17:13:00,254.05,254.2099,254.03,254.195,33188.967183,254.1197,570,
2026-03-25 17:14:00,254.19,254.19,254.02,254.02,25734.348606,254.1305,561,
2026-03-25 17:15:00,254.0,254.02,253.86,253.86,21591.085297,253.9391,511,
2026-03-25 17:16:00,253.88,253.91,253.77,253.78,33540.76802,253.8375,810,
2026-03-25 17:17:00,253.81,253.83,253.75,253.76,24169.559135,253.8111,646,
2026-03-25 17:18:00,253.77,253.895,253.76,253.795,26917.945187,253.8362,662,
2026-03-25 17:19:00,253.8,254.0,253.74,253.92,31392.562413,253.8718,663,
2026-03-25 17:20:00,253.92,253.98,253.88,253.97,18807.552319,253.9334,533,
2026-03-25 17:21:00,253.97,254.0025,253.9201,254.0,21384.857477,253.981,496,
2026-03-25 17:22:00,253.98,254.01,253.91,253.915,59201.010806,253.9786,871,
2026-03-25 17:23:00,253.92,254.0,253.9101,253.96,21341.301997,253.9733,483,
2026-03-25 17:24:00,253.94,253.94,253.86,253.93,18142.24589,253.909,473,
2026-03-25 17:25:00,253.94,254.0,253.9101,253.97,17846.13718,253.9622,460,
2026-03-25 17:26:00,253.97,254.2499,253.97,254.23,69483.799502,254.0509,1112,
2026-03-25 17:27:00,254.23,254.331,254.23,254.285,24682.835525,254.2666,628,
2026-03-25 17:28:00,254.27,254.29,254.19,254.29,23642.300728,254.229,502,
2026-03-25 17:29:00,254.27,254.27,254.14,254.145,20689.770982,254.2075,519,
2026-03-25 17:30:00,254.13,254.15,254.06,254.1499,23363.724063,254.1195,746,
2026-03-25 17:31:00,254.13,254.15,254.02,254.02,44045.238495,253.971,512,
2026-03-25 17:32:00,254.01,254.09,253.98,254.09,26975.864079,254.0446,608,
2026-03-25 17:33:00,254.09,254.21,254.09,254.21,25170.140274,254.148,748,
2026-03-25 17:34:00,254.215,254.3,254.13,254.16,63334.918479,254.2652,931,
2026-03-25 17:35:00,254.17,254.23,254.14,254.18,18855.000316,254.1831,497,
2026-03-25 17:36:00,254.19,254.2,254.125,254.17,14541.882841,254.1863,460,
2026-03-25 17:37:00,254.14,254.19,254.115,254.185,18256.936865,254.161,469,
2026-03-25 17:38:00,254.18,254.19,254.05,254.17,37705.671074,254.1222,707,
2026-03-25 17:39:00,254.175,254.3,254.15,254.18,44173.742736,254.2046,845,
2026-03-25 17:40:00,254.17,254.185,254.11,254.16,21300.325667,254.1605,529,
2026-03-25 17:41:00,254.17,254.21,254.07,254.1,29806.335255,254.1482,767,
2026-03-25 17:42:00,254.125,254.18,254.06,254.1,29010.197464,254.1222,666,
2026-03-25 17:43:00,254.12,254.51,254.12,254.41,102002.44388,254.3653,1726,
2026-03-25 17:44:00,254.39,254.46,254.3,254.38,31050.613032,254.3923,727,
2026-03-25 17:45:00,254.38,254.395,254.23,254.3,32712.788814,254.3197,754,
2026-03-25 17:46:00,254.285,254.33,254.23,254.31,29015.158158,254.2864,695,
2026-03-25 17:47:00,254.29,254.3,254.15,254.225,31487.508523,254.2294,2090,
2026-03-25 17:48:00,254.24,254.29,254.105,254.17,26752.492276,254.1912,617,
2026-03-25 17:49:00,254.16,254.17,253.99,254.03,30429.607445,254.097,729,
2026-03-25 17:50:00,254.04,254.04,253.94,253.97,30552.366146,253.9976,672,
2026-03-25 17:51:00,253.96,254.03,253.92,254.03,32076.002898,253.9867,635,
2026-03-25 17:52:00,254.05,254.43,253.98,254.005,50596.653144,254.1691,1301,
2026-03-25 17:53:00,254.01,254.0591,253.84,253.97,24341.537456,253.9585,596,
2026-03-25 17:54:00,253.99,254.04,253.89,253.9,16311.991575,253.9767,507,
2026-03-25 17:55:00,253.89,253.99,253.84,253.98,27626.387975,253.9223,648,
2026-03-25 17:56:00,253.975,254.03,253.87,254.015,30858.682147,253.9652,553,
2026-03-25 17:57:00,254.01,254.14,253.98,254.14,16355.078376,254.0623,433,
2026-03-25 17:58:00,254.13,254.38,253.9,254.04,83203.269198,254.1434,2090,
2026-03-25 17:59:00,254.03,254.075,253.9402,253.97,40979.850855,254.0166,664,
2026-03-25 18:00:00,253.96,254.03,253.905,253.99,24030.943943,253.9723,627,
2026-03-25 18:01:00,253.99,254.04,253.9708,253.9708,26131.684227,254.0211,661,
2026-03-25 18:02:00,254.01,254.05,253.96,253.96,21468.469499,254.0211,476,
2026-03-25 18:03:00,253.97,254.035,253.9,253.91,20152.362818,253.9603,560,
2026-03-25 18:04:00,253.93,253.94,253.85,253.925,19000.471492,253.9144,520,
2026-03-25 18:05:00,253.925,254.13,253.91,254.11,20402.751608,254.0381,467,
2026-03-25 18:06:00,254.11,254.13,254.03,254.0341,23207.037329,254.0783,529,
2026-03-25 18:07:00,254.03,254.095,253.95,253.975,17898.459385,254.0541,512,
2026-03-25 18:08:00,254.0,254.025,253.735,253.8705,60305.237642,253.8729,835,
2026-03-25 18:09:00,253.88,254.0,253.87,253.92,27949.260136,253.9224,498,
2026-03-25 18:10:00,253.93,254.0,253.91,253.94,17137.285596,253.9465,448,
2026-03-25 18:11:00,253.99,254.05,253.9701,254.01,16680.182161,254.0179,484,
2026-03-25 18:12:00,254.0,254.09,253.99,254.07,36159.204855,254.0424,455,
2026-03-25 18:13:00,254.085,254.11,254.02,254.06,17631.042845,254.0613,451,
2026-03-25 18:14:00,254.05,254.0905,254.03,254.09,19981.058604,254.0654,414,
2026-03-25 18:15:00,254.1,254.13,254.06,254.06,18198.187787,254.0904,449,
2026-03-25 18:16:00,254.07,254.151,254.07,254.0934,25033.006223,254.1071,490,
2026-03-25 18:17:00,254.1,254.25,254.01,254.185,51312.806373,254.1396,1295,
2026-03-25 18:18:00,254.16,254.16,253.98,254.11,36336.028758,254.0758,832,
2026-03-25 18:19:00,254.1,254.12,254.02,254.04,24015.555558,254.0708,485,
2026-03-25 18:20:00,254.03,254.2,254.02,254.1551,28191.320224,254.1292,678,
2026-03-25 18:21:00,254.155,254.2,254.13,254.195,15971.466097,254.1635,413,
2026-03-25 18:22:00,254.2199,254.22,254.19,254.2,21646.329821,254.2074,389,
2026-03-25 18:23:00,254.2,254.215,254.13,254.155,19633.855566,254.1825,516,
2026-03-25 18:24:00,254.14,254.21,254.13,254.21,16124.264556,254.1696,427,
2026-03-25 18:25:00,254.19,254.22,254.17,254.21,18170.908364,254.2036,370,
2026-03-25 18:26:00,254.22,254.23,254.11,254.17,21546.391568,254.1646,512,
2026-03-25 18:27:00,254.16,254.21,254.12,254.12,16851.783492,254.1768,495,
2026-03-25 18:28:00,254.11,254.155,253.99,254.035,25885.167105,254.0478,735,
2026-03-25 18:29:00,254.03,254.04,253.935,253.96,24280.299928,253.9975,542,
2026-03-25 18:30:00,253.96,254.02,253.94,253.995,24736.308869,253.9907,627,
2026-03-25 18:31:00,253.97,254.01,253.92,253.95,25043.00003,253.9585,610,
2026-03-25 18:32:00,253.94,254.02,253.925,254.02,29031.584648,253.9801,661,
2026-03-25 18:33:00,254.0,254.055,253.98,254.04,21524.445666,254.0253,524,
2026-03-25 18:34:00,254.03,254.03,253.94,253.96,22653.323515,253.9778,563,
2026-03-25 18:35:00,253.955,253.955,253.81,253.83,53166.104942,253.8798,977,
2026-03-25 18:36:00,253.8001,253.85,253.75,253.8,31937.544727,253.8082,820,
2026-03-25 18:37:00,253.7901,253.81,253.7201,253.78,29092.223649,253.7774,669,
2026-03-25 18:38:00,253.78,253.78,253.61,253.63,47387.394789,253.7044,1084,
2026-03-25 18:39:00,253.63,253.6999,253.6105,253.685,42590.529375,253.6659,663,
2026-03-25 18:40:00,253.68,253.685,253.51,253.545,36876.125827,253.6097,906,
2026-03-25 18:41:00,253.51,253.61,253.51,253.57,36230.089939,253.5712,771,
2026-03-25 18:42:00,253.57,253.61,253.5,253.535,43194.767276,253.5608,826,
2026-03-25 18:43:00,253.53,253.54,253.46,253.515,42641.775556,253.5112,755,
2026-03-25 18:44:00,253.5,253.57,253.46,253.46,47719.246512,253.5296,759,
2026-03-25 18:45:00,253.46,253.47,253.36,253.43,46304.947131,253.4282,970,
2026-03-25 18:46:00,253.4201,253.53,253.4201,253.48,28748.345504,253.4897,674,
2026-03-25 18:47:00,253.46,253.5,253.3807,253.3807,39819.238086,253.4512,656,
2026-03-25 18:48:00,253.4,253.45,253.21,253.21,62802.152047,253.3648,1120,
2026-03-25 18:49:00,253.2,253.205,253.115,253.18,68210.056013,253.1739,895,
2026-03-25 18:50:00,253.1701,253.26,253.05,253.23,84632.504121,253.1547,1146,
2026-03-25 18:51:00,253.24,253.4,253.2,253.4,47453.675252,253.2781,961,
2026-03-25 18:52:00,253.38,253.4,253.2,253.32,51554.659527,253.3126,1072,
2026-03-25 18:53:00,253.33,253.35,253.28,253.31,25779.262514,253.3074,613,
2026-03-25 18:54:00,253.33,253.37,253.31,253.32,19952.252821,253.3239,553,
2026-03-25 18:55:00,253.32,253.35,252.7,252.7,124619.764387,253.023,2602,
2026-03-25 18:56:00,252.73,252.89,252.71,252.76,61884.397303,252.7968,1147,
2026-03-25 18:57:00,252.79,252.925,252.78,252.835,41153.112706,252.8578,853,
2026-03-25 18:58:00,252.82,253.07,252.82,252.905,50149.909933,252.9662,1030,
2026-03-25 18:59:00,252.92,252.93,252.785,252.8,40668.310069,252.8436,865,
2026-03-25 19:00:00,252.7801,252.7801,252.48,252.65,63220.848788,252.6352,1298,
2026-03-25 19:01:00,252.65,252.69,252.5,252.62,74591.96374,252.6104,1488,
2026-03-25 19:02:00,252.6,252.69,252.5,252.5,55599.207954,252.6006,1158,
2026-03-25 19:03:00,252.49,252.54,252.26,252.3201,63662.297543,252.3985,1366,
2026-03-25 19:04:00,252.33,252.62,252.32,252.55,49002.097515,252.5199,957,
2026-03-25 19:05:00,252.539,252.72,252.539,252.64,43035.776685,252.6542,914,
2026-03-25 19:06:00,252.64,252.78,252.64,252.72,37041.506744,252.7215,730,
2026-03-25 19:07:00,252.72,252.73,252.59,252.63,45539.801468,252.6609,864,
2026-03-25 19:08:00,252.62,252.69,252.59,252.65,32660.892733,252.636,787,
2026-03-25 19:09:00,252.655,252.695,252.63,252.68,21073.51286,252.6645,593,
2026-03-25 19:10:00,252.665,252.74,252.61,252.675,48678.057582,252.6667,769,
2026-03-25 19:11:00,252.675,252.78,252.675,252.68,33693.23691,252.7149,756,
2026-03-25 19:12:00,252.6775,252.79,252.665,252.71,28886.71171,252.7304,666,
2026-03-25 19:13:00,252.7,252.87,252.66,252.85,37173.439513,252.763,702,
2026-03-25 19:14:00,252.845,252.885,252.72,252.81,34165.005732,252.7754,754,
2026-03-25 19:15:00,252.8,252.95,252.78,252.93,35026.221484,252.8362,772,
2026-03-25 19:16:00,252.92,252.97,252.82,252.87,40043.852567,252.9076,801,
2026-03-25 19:17:00,252.845,252.9,252.81,252.84,33208.281293,252.8466,696,
2026-03-25 19:18:00,252.84,252.91,252.8,252.85,39298.465371,252.8559,885,
2026-03-25 19:19:00,252.87,253.03,252.82,252.9326,40969.643896,252.9326,966,
2026-03-25 19:20:00,252.92,253.06,252.87,253.05,61372.262224,252.957,1306,
2026-03-25 19:21:00,253.05,253.05,252.8401,252.88,40239.181527,252.9401,945,
2026-03-25 19:22:00,252.87,252.89,252.74,252.75,30823.852365,252.8023,817,
2026-03-25 19:23:00,252.73,252.825,252.7,252.82,23989.358582,252.7772,608,
2026-03-25 19:24:00,252.83,252.845,252.76,252.78,36324.638178,252.8232,600,
2026-03-25 19:25:00,252.775,252.81,252.67,252.67,35652.994372,252.776,721,
2026-03-25 19:26:00,252.67,252.74,252.625,252.63,36209.636937,252.6972,809,
2026-03-25 19:27:00,252.635,252.69,252.57,252.69,36107.421609,252.636,813,
2026-03-25 19:28:00,252.68,252.765,252.68,252.7499,27975.793127,252.7321,614,
2026-03-25 19:29:00,252.75,252.77,252.625,252.63,35588.396433,252.6961,775,
2026-03-25 19:30:00,252.635,252.66,252.43,252.46,56745.143013,252.5585,1230,
2026-03-25 19:31:00,252.44,252.475,252.36,252.41,49693.10032,252.447,968,
2026-03-25 19:32:00,252.43,252.44,252.35,252.38,40428.575555,252.4084,711,
2026-03-25 19:33:00,252.37,252.405,252.33,252.345,48136.127859,252.3665,1078,
2026-03-25 19:34:00,252.36,252.39,252.33,252.35,36077.301918,252.3665,799,
2026-03-25 19:35:00,252.34,252.38,252.25,252.25,48364.113109,252.3227,945,
2026-03-25 19:36:00,252.2402,252.275,252.09,252.12,49214.08237,252.1619,1037,
2026-03-25 19:37:00,252.1201,252.15,252.06,252.13,54262.197516,252.1163,945,
2026-03-25 19:38:00,252.12,252.15,252.07,252.1399,52164.570399,252.1222,1010,
2026-03-25 19:39:00,252.12,252.18,252.11,252.12,51790.140393,252.1369,953,
2026-03-25 19:40:00,252.11,252.175,252.08,252.12,58577.811205,252.1305,1273,
2026-03-25 19:41:00,252.125,252.25,252.08,252.1525,50922.708605,252.1555,991,
2026-03-25 19:42:00,252.15,252.22,252.1,252.115,46846.529968,252.1533,917,
2026-03-25 19:43:00,252.11,252.27,252.08,252.1801,47299.157944,252.1528,1013,
2026-03-25 19:44:00,252.2,252.24,252.115,252.18,67725.703904,252.1651,1188,
2026-03-25 19:45:00,252.18,252.18,252.0855,252.11,55991.04628,252.1252,1008,
2026-03-25 19:46:00,252.11,252.18,252.04,252.075,56956.077831,252.0937,1070,
2026-03-25 19:47:00,252.079,252.21,252.02,252.13,79107.895165,252.1138,1250,
2026-03-25 19:48:00,252.13,252.13,252.01,252.0667,69852.475656,252.069,1256,
2026-03-25 19:49:00,252.085,252.22,252.085,252.18,33464.888982,252.1583,806,
2026-03-25 19:50:00,252.2,252.66,252.19,252.45,193783.850875,252.3374,3565,
2026-03-25 19:51:00,252.45,252.45,252.27,252.28,110399.856771,252.3497,1815,
2026-03-25 19:52:00,252.285,252.41,252.25,252.3,118072.843568,252.3285,1766,
2026-03-25 19:53:00,252.34,252.6,252.32,252.585,109224.193054,252.4899,1921,
2026-03-25 19:54:00,252.595,252.72,252.45,252.6,121952.902011,252.6117,2657,
2026-03-25 19:55:00,252.6,252.65,252.37,252.43,158084.671083,252.5196,3006,
2026-03-25 19:56:00,252.44,252.46,252.27,252.29,116336.507368,252.3672,2095,
2026-03-25 19:57:00,252.29,252.455,252.25,252.37,173013.3247,252.3445,2838,
2026-03-25 19:58:00,252.39,252.52,252.39,252.485,263089.021901,252.408,3560,
2026-03-25 19:59:00,252.48,252.71,252.47,252.61,641465.227722,252.5875,7647,
2026-03-25 20:00:00,252.62,252.93,252.62,252.81,685446.10801,252.6234,222,
2026-03-25 20:01:00,252.8243,252.88,252.8107,252.88,3422.901193,252.9049,76,
2026-03-25 20:02:00,252.99,253.13,252.92,253.0,12769.60987,252.7721,77,
2026-03-25 20:03:00,252.9981,253.1,252.9981,253.07,941.395933,253.1815,33,
2026-03-25 20:04:00,253.1,253.1,253.01,253.1,3323.4486,253.0922,57,
2026-03-25 20:05:00,253.1,253.1,253.1,253.1,937.0,253.0919,14,
2026-03-25 20:06:00,253.07,253.1,253.01,253.1,4293.00423,253.0784,69,
2026-03-25 20:07:00,253.0,253.0,252.95,252.95,3133.0,252.978,48,
2026-03-25 20:08:00,252.98,252.98,252.98,252.98,278.767265,253.673,11,
2026-03-25 20:09:00,252.99,253.0,252.62,252.62,27140.0,252.6382,36,
2026-03-25 20:10:00,253.03,253.03,252.9534,252.9534,1204.002406,252.9884,23,
2026-03-25 20:11:00,252.62,253.05,252.62,252.95,57442.064697,252.6362,50,
2026-03-25 20:12:00,253.05,253.05,253.05,253.05,621.09122,253.086,8,
2026-03-25 20:13:00,253.04,253.07,253.04,253.07,985.059272,253.0685,11,
2026-03-25 20:14:00,253.07,253.07,253.06,253.07,1480.0,253.0649,20,
2026-03-25 20:15:00,253.06,253.08,253.06,253.08,2389.72603,253.1493,32,
2026-03-25 20:16:00,252.62,253.18,252.62,253.18,653.197475,253.026,15,
2026-03-25 20:17:00,253.17,253.2,253.17,253.2,1398.016576,253.1924,30,
2026-03-25 20:18:00,253.07,253.25,253.03,253.25,10595.040689,253.0572,105,
2026-03-25 20:19:00,253.28,253.28,253.17,253.24,2738.070394,253.2279,33,
2026-03-25 20:20:00,253.21,253.29,253.21,253.21,1066.21888,253.2833,24,
2026-03-25 20:23:00,253.18,253.1984,253.15,253.15,1429.092234,253.1832,30,
2026-03-25 20:24:00,253.25,253.25,253.06,253.21,1856.01137,253.1761,47,
2026-03-25 20:25:00,253.06,253.07,253.0,253.04,2495.688819,253.1246,44,
2026-03-25 20:26:00,253.1,253.1,253.03,253.03,1367.043342,253.0759,37,
2026-03-25 20:27:00,253.0,253.15,252.99,253.15,8240.0,253.0263,74,
2026-03-25 20:28:00,253.0,253.0,252.99,252.99,1009.0,252.9949,5,
2026-03-25 20:30:00,253.0,253.0,253.0,253.0,1619.0,252.998,14,
2026-03-25 20:33:00,253.13,253.13,253.13,253.13,1677.049533,253.1242,29,
2026-03-25 20:35:00,253.13,253.13,253.12,253.12,1826.104728,253.1356,23,
2026-03-25 20:39:00,253.03,253.09,252.99,253.0,3732.0,253.0133,46,
2026-03-25 20:40:00,252.95,253.0282,252.93,252.93,1852.0,252.9522,31,
2026-03-25 20:41:00,252.9287,252.9287,252.62,252.62,13415.057215,252.6493,19,
2026-03-25 20:42:00,252.85,252.85,252.85,252.85,606.113646,252.8961,16,
2026-03-25 20:43:00,252.85,252.85,252.85,252.85,1265.178076,253.1009,17,
2026-03-25 20:44:00,252.85,252.85,252.85,252.85,3888.007909,252.8542,53,
2026-03-25 20:45:00,252.85,252.85,252.85,252.85,344.037684,252.4815,19,
2026-03-25 20:46:00,252.82,252.82,252.82,252.82,134.012459,252.848,9,
2026-03-25 20:47:00,252.93,252.93,252.93,252.93,2441.59586,252.988,10,
2026-03-25 20:49:00,252.86,252.86,252.86,252.86,494.0,252.8581,12,
2026-03-25 20:50:00,252.85,252.85,252.82,252.82,2111.03234,252.8489,35,
2026-03-25 20:51:00,252.82,252.82,252.82,252.82,621.764268,253.1304,14,
2026-03-25 20:53:00,252.8499,252.8499,252.8,252.8,3700.134783,252.8503,21,
2026-03-25 20:54:00,252.8,252.81,252.8,252.81,1812.0,253.3488,15,
2026-03-25 20:55:00,252.85,252.85,252.85,252.85,2136.0,252.8459,42,
2026-03-25 20:56:00,252.85,252.85,252.73,252.73,7264.02908,252.8162,110,
2026-03-25 20:58:00,252.8,252.8,252.8,252.8,727.04378,252.8153,15,
2026-03-25 21:00:00,252.8,252.8,252.8,252.8,317.0,252.8038,8,
2026-03-25 21:02:00,252.85,252.85,252.8486,252.8486,2294.0,252.7137,16,
2026-03-25 21:04:00,252.85,252.85,252.85,252.85,401.0,252.8481,8,
2026-03-25 21:07:00,252.7404,252.7404,252.7404,252.7404,1001.024286,252.7465,4,
2026-03-25 21:11:00,252.85,252.85,252.85,252.85,640.110061,250.5829,17,
2026-03-25 21:12:00,252.8491,252.8491,252.8491,252.8491,284.224128,250.9661,10,
2026-03-25 21:14:00,252.8,252.8,252.8,252.8,2926.01256,252.8021,16,
2026-03-25 21:17:00,252.8065,252.8065,252.8065,252.8065,220.0,252.8067,6,
2026-03-25 21:18:00,252.8,252.8,252.75,252.75,1977.0,252.7616,19,
2026-03-25 21:19:00,252.73,252.73,252.73,252.73,557.0,252.7335,11,
2026-03-25 21:22:00,252.72,252.72,252.72,252.72,607.0,252.7354,29,
2026-03-25 21:28:00,252.67,252.67,252.67,252.67,2714.0,252.6699,10,
2026-03-25 21:45:00,252.662,252.662,252.662,252.662,270.092234,252.7544,12,
2026-03-25 21:48:00,252.65,252.65,252.65,252.65,560.070191,252.6887,37,
2026-03-25 21:49:00,252.62,252.6257,252.62,252.62,774.0,252.6216,40,
2026-03-25 21:51:00,252.65,252.65,252.65,252.65,121.04433,252.7412,5,
2026-03-25 22:00:00,252.61,252.65,252.61,252.65,3725.012559,252.6353,78,
2026-03-25 22:02:00,252.64,252.64,252.64,252.64,807.229035,252.616,47,
2026-03-25 22:03:00,252.5,252.5,252.5,252.5,101.0,252.5015,2,
2026-03-25 22:09:00,252.5,252.5,252.5,252.5,330.1049,252.5778,3,
2026-03-25 22:15:00,252.59,252.59,252.59,252.59,126.0,252.5877,5,
2026-03-25 22:19:00,252.4779,252.4779,252.4779,252.4779,161.0,252.4554,6,
2026-03-25 22:21:00,252.3521,252.3521,252.3521,252.3521,150.0,252.3879,3,
2026-03-25 22:24:00,252.33,252.33,252.33,252.33,440.004244,252.3392,17,
2026-03-25 22:25:00,252.32,252.32,252.32,252.32,641.035643,252.337,10,
2026-03-25 22:27:00,252.35,252.35,252.35,252.35,179.0,252.3624,5,
2026-03-25 22:28:00,252.33,252.33,252.33,252.33,112.019802,252.3822,4,
2026-03-25 22:31:00,252.33,252.33,252.33,252.33,1062.0,252.334,15,
2026-03-25 22:34:00,252.37,252.62,252.3214,252.6,5044.467574,252.5713,41,
2026-03-25 22:46:00,252.54,252.54,252.54,252.54,235.0,252.4858,7,
2026-03-25 22:47:00,252.54,252.54,252.54,252.54,245.369,252.9204,10,
2026-03-25 22:59:00,252.62,252.62,252.62,252.62,587.015833,252.5021,25,
2026-03-25 23:04:00,252.55,252.65,252.55,252.65,2435.398566,252.6579,42,
2026-03-25 23:13:00,252.5871,252.5871,252.5871,252.5871,273.995413,253.5016,7,
2026-03-25 23:16:00,252.42,252.42,252.42,252.42,408.36132,252.608,17,
2026-03-25 23:21:00,252.38,252.38,252.38,252.38,1894.0,252.3801,14,
2026-03-25 23:23:00,252.39,252.39,252.39,252.39,133.0,252.3819,4,
2026-03-25 23:25:00,252.21,252.21,252.21,252.21,497.071416,252.2777,31,
2026-03-25 23:26:00,252.43,252.43,252.43,252.43,165.159748,252.6257,7,
2026-03-25 23:28:00,252.15,252.15,252.15,252.15,104.013,252.1854,3,
2026-03-25 23:32:00,252.48,252.48,252.37,252.37,2642.0,252.4546,23,
2026-03-25 23:33:00,252.3,252.3,252.3,252.3,361.0,252.3019,10,
2026-03-25 23:38:00,252.35,252.35,252.35,252.35,119.0,252.35,1,
2026-03-25 23:39:00,252.39,252.39,252.39,252.39,417.0,252.3951,8,
2026-03-25 23:44:00,252.3,252.3,252.3,252.3,698.221844,252.3752,22,
2026-03-25 23:49:00,252.2,252.2,252.2,252.2,202.0,252.2,2,
2026-03-25 23:55:00,252.39,252.39,252.39,252.39,906.033065,252.4032,9,
2026-03-25 23:56:00,252.4,252.4325,252.4,252.4325,606.00386,252.4795,13,
2026-03-25 23:57:00,252.5,252.5,252.5,252.5,767.0,252.5024,5,
2026-03-25 23:59:00,252.57,252.57,252.57,252.57,105.0,252.5706,3,
2026-03-26 08:02:00,252.4,252.4,252.4,252.4,501.0,252.4034,13,
2026-03-26 08:04:00,252.41,252.41,252.41,252.41,136.0,252.4097,2,
2026-03-26 08:10:00,252.93,253.0,252.93,253.0,1127.0,252.9244,16,
2026-03-26 08:12:00,252.98,253.04,252.81,252.81,1305.0,252.9055,30,
2026-03-26 08:13:00,252.81,252.81,252.7,252.7,600.0,252.7701,9,
2026-03-26 08:14:00,252.61,252.61,252.6,252.6,1053.0,252.6072,17,
2026-03-26 08:15:00,252.42,252.42,252.41,252.41,242.0,252.3761,7,
2026-03-26 08:22:00,252.44,252.44,252.34,252.34,767.0,252.3879,18,
2026-03-26 08:44:00,252.12,252.12,252.12,252.12,454.0,252.1426,20,
2026-03-26 08:48:00,252.21,252.21,252.04,252.04,1571.0,252.1193,41,
2026-03-26 08:49:00,252.19,252.19,252.02,252.03,1445.0,252.0819,37,
2026-03-26 09:12:00,252.19,252.19,252.19,252.19,305.0,252.2076,20,
2026-03-26 09:15:00,252.19,252.19,252.19,252.19,159.0,252.1909,2,
2026-03-26 09:23:00,252.23,252.23,252.22,252.22,1261.0,252.2218,11,
2026-03-26 09:30:00,252.1,252.1,251.81,251.88,2279.0,251.9519,66,
2026-03-26 09:38:00,251.85,251.85,251.85,251.85,206.0,251.8663,8,
2026-03-26 09:40:00,251.86,251.9,251.86,251.9,468.0,251.9509,8,
2026-03-26 09:53:00,252.1,252.1,252.1,252.1,494.0,252.1063,12,
2026-03-26 10:04:00,252.19,252.19,252.19,252.19,501.0,252.1837,17,
2026-03-26 10:05:00,252.35,252.35,252.35,252.35,329.0,252.3236,19,
2026-03-26 10:10:00,252.24,252.24,252.17,252.17,235.0,252.2015,3,
2026-03-26 10:11:00,252.15,252.15,251.93,251.99,2789.0,252.0075,42,
2026-03-26 10:14:00,252.09,252.09,252.09,252.09,1173.0,252.0875,42,
2026-03-26 10:24:00,251.98,251.98,251.89,251.9,6502.0,251.9073,39,
2026-03-26 10:26:00,252.02,252.05,252.02,252.05,667.0,252.0354,12,
2026-03-26 10:27:00,252.06,252.06,252.06,252.06,501.0,252.062,8,
2026-03-26 10:29:00,252.25,252.26,252.25,252.25,1171.0,252.2147,23,
2026-03-26 10:41:00,251.95,251.95,251.92,251.92,500.0,251.9462,3,
2026-03-26 10:43:00,251.93,251.93,251.93,251.93,200.0,251.93,2,
2026-03-26 11:00:00,252.02,252.02,251.96,251.96,1884.0,252.0022,47,
2026-03-26 11:04:00,252.2,252.26,252.08,252.26,5307.0,252.2204,112,
2026-03-26 11:16:00,251.92,251.92,251.92,251.92,850.0,251.9755,19,
2026-03-26 11:17:00,252.06,252.1,252.06,252.1,768.0,252.0804,10,
2026-03-26 11:20:00,251.93,251.93,251.93,251.93,283.0,251.9832,9,
2026-03-26 11:26:00,251.96,251.96,251.9,251.9,734.0,251.9191,15,
2026-03-26 11:31:00,251.91,251.96,251.9,251.96,1206.0,251.9139,32,
2026-03-26 11:33:00,251.99,252.0,251.99,252.0,948.0,251.9919,15,
2026-03-26 11:37:00,251.98,251.99,251.98,251.99,312.0,251.9863,8,
2026-03-26 11:38:00,251.99,251.99,251.86,251.86,423.0,251.899,7,
2026-03-26 11:39:00,251.98,252.01,251.98,251.99,525.0,251.966,12,
2026-03-26 11:41:00,252.01,252.01,252.0,252.0,2224.0,252.0087,16,
2026-03-26 11:45:00,251.9,252.0,251.85,252.0,2408.0,251.882,27,
2026-03-26 11:46:00,252.02,252.02,252.02,252.02,174.0,252.0295,9,
2026-03-26 11:50:00,252.0,252.0,252.0,252.0,687.0,251.9712,9,
2026-03-26 11:54:00,251.84,251.99,251.84,251.99,5408.0,251.9743,24,
2026-03-26 11:56:00,251.82,251.82,251.8,251.8,1810.0,251.7967,76,
2026-03-26 11:57:00,251.63,251.63,251.63,251.63,202.0,251.6699,12,
2026-03-26 11:59:00,251.6,251.6,251.6,251.6,655.0,251.5922,33,
2026-03-26 12:00:00,251.82,252.7,251.5283,252.51,63538.220582,252.1596,2478,
2026-03-26 12:01:00,252.45,252.45,252.45,252.45,5330.0,252.2219,256,
2026-03-26 12:02:00,251.55,251.6,251.52,251.6,9177.387581,252.0547,306,
2026-03-26 12:04:00,251.65,251.9371,251.65,251.9371,410.0,251.6913,12,
2026-03-26 12:05:00,251.65,251.71,251.6,251.6,1581.38934,251.7198,41,
2026-03-26 12:06:00,251.5585,251.5585,251.5585,251.5585,1692.003969,252.1442,105,
2026-03-26 12:07:00,251.7,251.7,251.7,251.7,330.19776,251.8778,39,
2026-03-26 12:08:00,251.9,251.9,251.85,251.85,769.0,251.8472,33,
2026-03-26 12:09:00,251.86,251.88,251.86,251.87,994.390474,251.9676,25,
2026-03-26 12:11:00,251.93,251.99,251.93,251.99,7262.085055,251.9854,38,
2026-03-26 12:13:00,252.2,252.2,252.2,252.2,1284.0,252.157,18,
2026-03-26 12:16:00,252.0,252.0,252.0,252.0,627.0,251.9933,24,
2026-03-26 12:18:00,252.1897,252.1897,252.1897,252.1897,557.0,252.0942,40,
2026-03-26 12:19:00,252.04,252.04,252.02,252.02,1083.073484,252.0505,27,
2026-03-26 12:22:00,252.164,252.164,252.164,252.164,787.583122,252.307,37,
2026-03-26 12:23:00,252.18,252.18,252.18,252.18,274.702749,252.803,16,
2026-03-26 12:24:00,252.164,252.164,251.99,251.99,1183.083262,252.0328,20,
2026-03-26 12:28:00,252.06,252.06,252.06,252.06,617.0,252.0999,12,
2026-03-26 12:29:00,252.25,252.25,252.11,252.11,1703.592286,252.3125,67,
2026-03-26 12:30:00,252.0,252.0,252.0,252.0,344.036927,252.0673,14,
2026-03-26 12:31:00,252.02,252.02,251.9034,252.01,1229.396826,252.0616,35,
2026-03-26 12:33:00,251.96,251.96,251.88,251.88,892.121962,251.9526,25,
2026-03-26 12:35:00,251.77,251.77,251.77,251.77,826.0,251.7458,31,
2026-03-26 12:37:00,251.8,251.8,251.8,251.8,683.0,251.7795,14,
2026-03-26 12:38:00,251.66,251.85,251.66,251.85,1536.0,251.8246,16,
2026-03-26 12:39:00,251.72,251.7844,251.72,251.7844,583.0,251.7369,24,
2026-03-26 12:40:00,251.8061,251.8061,251.75,251.75,1247.0,251.763,16,
2026-03-26 12:42:00,251.75,251.75,251.75,251.75,1388.0,251.7498,32,
2026-03-26 12:43:00,251.7,251.79,251.7,251.79,633.170716,251.8059,17,
2026-03-26 12:44:00,251.77,251.77,251.7,251.7,694.399228,251.904,20,
2026-03-26 12:46:00,251.91,251.94,251.91,251.94,631.0,251.9094,17,
2026-03-26 12:47:00,251.65,251.65,251.65,251.65,336.042938,251.6927,8,
2026-03-26 12:48:00,251.91,251.91,251.91,251.91,333.0,251.8883,10,
2026-03-26 12:49:00,251.94,251.95,251.9389,251.9389,1666.0,251.9417,12,
2026-03-26 12:50:00,251.922,251.922,251.922,251.922,198.0,251.8987,8,
2026-03-26 12:51:00,251.95,251.95,251.95,251.95,233.070821,251.949,10,
2026-03-26 12:52:00,251.9058,251.95,251.9058,251.95,558.013208,251.9154,10,
2026-03-26 12:56:00,251.89,251.94,251.89,251.94,707.039126,251.9138,22,
2026-03-26 12:57:00,251.95,251.95,251.95,251.95,299.0,251.9462,6,
2026-03-26 12:58:00,251.94,251.94,251.61,251.61,2168.0,251.7809,21,
2026-03-26 13:00:00,251.95,252.0,251.95,252.0,910.134202,252.0002,36,
2026-03-26 13:01:00,251.7912,251.808,251.7912,251.808,1613.0,251.8132,9,
2026-03-26 13:03:00,251.95,251.95,251.95,251.95,339.92136,252.6385,15,
2026-03-26 13:04:00,251.96,251.96,251.96,251.96,456.484612,252.2663,18,
2026-03-26 13:05:00,251.7901,252.05,251.7901,252.05,1397.332,251.9998,36,
2026-03-26 13:06:00,251.75,251.75,251.75,251.75,160.639724,252.8401,18,
2026-03-26 13:08:00,251.8,252.0,251.8,252.0,442.551,252.2267,19,
2026-03-26 13:10:00,251.9936,251.9936,251.9936,251.9936,320.0,251.9717,11,
2026-03-26 13:11:00,251.97,251.99,251.9,251.9,1326.015732,251.9482,29,
2026-03-26 13:12:00,251.9901,251.9901,251.9901,251.9901,216.0,251.9795,6,
2026-03-26 13:15:00,252.0,252.0,251.95,251.95,2295.0,251.9779,26,
2026-03-26 13:16:00,251.92,252.0,251.9,251.9,1143.435086,252.0293,25,
2026-03-26 13:17:00,252.0,252.02,251.91,251.91,1481.236847,252.0438,51,
2026-03-26 13:18:00,252.0,252.01,252.0,252.01,463.005912,252.0124,18,
2026-03-26 13:19:00,252.01,252.01,251.99,251.99,1542.0,251.999,32,
2026-03-26 13:20:00,251.98,251.98,251.98,251.98,671.0,251.9683,18,
2026-03-26 13:21:00,251.85,251.85,251.85,251.85,451.566486,252.1714,11,
2026-03-26 13:22:00,251.89,251.89,251.89,251.89,368.013248,251.9537,15,
2026-03-26 13:23:00,251.89,251.93,251.87,251.93,2195.007936,251.9182,56,
2026-03-26 13:24:00,251.79,251.79,251.79,251.79,1262.0,251.8412,67,
2026-03-26 13:25:00,251.98,252.0,251.98,252.0,2433.0,251.9499,71,
2026-03-26 13:26:00,252.1131,252.2736,252.05,252.2736,4349.075295,252.1218,95,
2026-03-26 13:27:00,252.35,252.73,251.9,252.34,7411.882588,252.4045,241,
2026-03-26 13:28:00,252.0,252.21,251.91,252.07,5303.029734,252.0276,84,
2026-03-26 13:29:00,251.98,252.21,251.98,252.12,3463.0,252.1155,50,
2026-03-26 13:30:00,252.115,252.47,250.77,251.54,655724.991129,251.9154,10260,
2026-03-26 13:31:00,251.55,251.55,251.04,251.2999,56849.896546,251.2425,2083,
2026-03-26 13:32:00,251.28,251.66,251.06,251.555,207332.953387,251.3487,3489,
2026-03-26 13:33:00,251.59,251.71,251.32,251.395,96462.996418,251.487,2293,
2026-03-26 13:34:00,251.38,251.8,251.3,251.7526,74462.772422,251.5229,1740,
2026-03-26 13:35:00,251.77,251.77,251.33,251.43,70389.267858,251.5431,1435,
2026-03-26 13:36:00,251.44,251.65,251.44,251.6201,61355.311897,251.5546,1342,
2026-03-26 13:37:00,251.655,251.84,251.655,251.78,72183.656582,251.745,1539,
2026-03-26 13:38:00,251.755,251.81,251.3363,251.35,92820.934947,251.581,1725,
2026-03-26 13:39:00,251.29,251.44,251.2301,251.28,78128.661826,251.3182,1607,
2026-03-26 13:40:00,251.295,251.735,251.23,251.52,108207.851173,251.4914,2174,
2026-03-26 13:41:00,251.52,251.705,251.3,251.55,169406.646412,251.4891,2096,
2026-03-26 13:42:00,251.51,251.875,251.37,251.5,91804.560296,251.6562,2787,
2026-03-26 13:43:00,251.51,251.93,251.42,251.635,49356.982386,251.6685,1921,
2026-03-26 13:44:00,251.58,251.88,251.57,251.86,34267.199461,251.6813,1906,
2026-03-26 13:45:00,251.86,252.08,251.81,251.99,75133.756037,251.9639,2264,
2026-03-26 13:46:00,251.99,252.11,251.81,252.04,80685.942483,251.9687,2701,
2026-03-26 13:47:00,252.04,252.42,251.94,252.42,72360.413745,252.1755,2497,
2026-03-26 13:48:00,252.41,252.42,252.225,252.385,50105.46487,252.3382,1997,
2026-03-26 13:49:00,252.37,252.45,252.24,252.35,54612.106413,252.3317,2292,
2026-03-26 13:50:00,252.3972,252.47,252.21,252.35,54501.307491,252.3203,2201,
2026-03-26 13:51:00,252.36,252.575,252.33,252.55,146417.079544,252.4746,2655,
2026-03-26 13:52:00,252.57,252.57,252.34,252.44,78259.403779,252.4703,2215,
2026-03-26 13:53:00,252.43,252.9,252.32,252.825,82494.134897,252.5914,2573,
2026-03-26 13:54:00,252.8001,252.95,252.74,252.845,125640.490822,252.8475,2491,
2026-03-26 13:55:00,252.83,252.91,252.7306,252.87,65170.775461,252.8012,2009,
2026-03-26 13:56:00,252.89,253.035,252.74,253.01,68124.581666,252.8918,2172,
2026-03-26 13:57:00,253.015,253.06,252.78,252.98,81904.287852,252.9673,2254,
2026-03-26 13:58:00,252.97,253.18,252.97,253.02,103997.15616,253.0816,3141,
2026-03-26 13:59:00,253.05,253.85,252.89,253.77,155790.955296,253.4111,4011,
2026-03-26 14:00:00,253.8,253.87,253.45,253.61,123194.425552,253.6078,3264,
2026-03-26 14:01:00,253.59,254.09,253.55,254.06,189054.392822,253.7503,3195,
2026-03-26 14:02:00,254.05,254.074,253.756,254.061,72086.024379,253.9413,2513,
2026-03-26 14:03:00,254.05,254.325,253.98,254.32,108511.548005,254.0976,2750,
2026-03-26 14:04:00,254.3,254.61,254.2,254.54,205866.45655,254.3602,3519,
2026-03-26 14:05:00,254.53,254.67,254.13,254.605,155445.37542,254.4389,3317,
2026-03-26 14:06:00,254.62,254.8297,254.3,254.34,144537.242661,254.583,3198,
2026-03-26 14:07:00,254.3,254.53,254.23,254.275,75924.548293,254.3509,2464,
2026-03-26 14:08:00,254.27,254.41,253.88,254.1,124511.953736,254.1767,3380,
2026-03-26 14:09:00,254.0701,254.35,254.04,254.28,101165.778946,254.2436,2336,
2026-03-26 14:10:00,254.26,254.39,254.23,254.275,55494.487443,254.3087,2106,
2026-03-26 14:11:00,254.23,254.68,254.23,254.575,99934.173079,254.5424,2740,
2026-03-26 14:12:00,254.57,254.6,254.4,254.52,72130.589538,254.5046,2249,
2026-03-26 14:13:00,254.51,254.8,254.49,254.76,114778.102439,254.6804,2715,
2026-03-26 14:14:00,254.765,255.13,254.765,255.05,248066.898285,254.9618,4540,
2026-03-26 14:15:00,255.05,255.27,254.86,255.19,185646.688097,255.0313,3685,
2026-03-26 14:16:00,255.1996,255.25,254.924,255.2301,167541.908534,255.1146,3139,
2026-03-26 14:17:00,255.23,255.35,255.14,255.335,212794.542859,255.2456,3376,
2026-03-26 14:18:00,255.335,255.56,255.33,255.4,147114.043106,255.4555,3489,
2026-03-26 14:19:00,255.39,255.41,255.06,255.1,77043.674388,255.2613,2619,
2026-03-26 14:20:00,255.09,255.47,254.94,255.37,104238.601278,255.2103,2797,
2026-03-26 14:21:00,255.36,255.65,255.336,255.59,138851.631744,255.5041,3115,
2026-03-26 14:22:00,255.6,256.21,255.5811,256.1699,256901.017226,255.9352,4848,
2026-03-26 14:23:00,256.14,256.19,255.93,256.07,132188.882422,256.0387,3212,
2026-03-26 14:24:00,256.05,256.13,255.961,256.015,84522.2272,256.0546,2579,
2026-03-26 14:25:00,256.0,256.1,255.88,256.08,99095.398153,255.9698,2750,
2026-03-26 14:26:00,256.08,256.2,256.08,256.1749,96428.353547,256.1421,2805,
2026-03-26 14:27:00,256.185,256.24,255.8312,255.88,134375.899984,256.0107,3206,
2026-03-26 14:28:00,255.9,255.99,255.72,255.98,107150.603932,255.8558,2969,
2026-03-26 14:29:00,255.955,256.04,255.8101,255.91,66480.169797,255.9313,2308,
2026-03-26 14:30:00,255.9,256.07,255.83,255.89,77836.800036,255.9471,2529,
2026-03-26 14:31:00,255.89,256.02,255.8,255.97,70823.770118,255.9362,2450,
2026-03-26 14:32:00,255.96,256.2,255.9201,256.11,118379.941641,256.0763,3302,
2026-03-26 14:33:00,256.09,256.1455,255.81,255.9001,95328.867259,255.9669,2795,
2026-03-26 14:34:00,255.9093,256.03,255.83,256.01,131361.086505,255.9311,3126,
2026-03-26 14:35:00,256.02,256.12,255.94,255.94,62997.377064,256.0371,2282,
2026-03-26 14:36:00,255.94,256.13,255.9,255.9709,97542.564937,256.0164,2822,
2026-03-26 14:37:00,255.955,256.0,255.83,255.95,73737.123448,255.9229,2287,
2026-03-26 14:38:00,255.95,256.1699,255.87,256.085,82355.6106,256.0288,2366,
2026-03-26 14:39:00,256.065,256.26,256.065,256.23,86591.046628,256.1841,2539,
2026-03-26 14:40:00,256.23,256.73,256.22,256.325,237724.853151,256.4735,4806,
2026-03-26 14:41:00,256.31,256.41,255.85,256.38,140868.298024,256.1397,3329,
2026-03-26 14:42:00,256.37,256.58,256.22,256.4001,132170.580678,256.4069,2951,
2026-03-26 14:43:00,256.405,256.5399,256.32,256.46,129479.829366,256.4242,3067,
2026-03-26 14:44:00,256.44,256.59,256.28,256.41,179418.590961,256.4335,3641,
2026-03-26 14:45:00,256.39,256.42,256.0315,256.07,120132.862807,256.2233,2905,
2026-03-26 14:46:00,256.08,256.41,256.05,256.32,111704.349155,256.2017,2929,
2026-03-26 14:47:00,256.32,256.86,256.28,256.68,223937.274322,256.6265,3731,
2026-03-26 14:48:00,256.68,256.76,256.535,256.61,128354.298488,256.6591,3067,
2026-03-26 14:49:00,256.61,256.61,255.95,256.23,133845.118263,256.2249,2976,
2026-03-26 14:50:00,256.23,256.51,256.2,256.425,74709.01077,256.3488,2389,
2026-03-26 14:51:00,256.45,256.55,256.27,256.2909,64173.781243,256.3658,2165,
2026-03-26 14:52:00,256.295,256.41,256.09,256.17,73987.46621,256.2787,2234,
2026-03-26 14:53:00,256.23,256.37,256.12,256.1588,72875.208888,256.2499,2292,
2026-03-26 14:54:00,256.17,256.18,255.92,255.92,92927.130767,256.067,2553,
2026-03-26 14:55:00,255.93,255.93,255.51,255.874,198027.223272,255.6884,4330,
2026-03-26 14:56:00,255.86,256.25,255.795,256.08,101176.538627,256.0263,2907,
2026-03-26 14:57:00,256.09,256.29,256.0101,256.225,63278.784613,256.1954,2307,
2026-03-26 14:58:00,256.2399,256.4199,256.15,256.365,58112.936251,256.2796,2144,
2026-03-26 14:59:00,256.375,256.59,256.3107,256.47,80853.818786,256.4359,2516,
2026-03-26 15:00:00,256.44,257.0,256.44,256.8,222969.933789,256.7792,4117,
2026-03-26 15:01:00,256.78,256.86,256.68,256.8,72731.073249,256.7843,2285,
2026-03-26 15:02:00,256.7901,256.829,256.55,256.65,62458.499899,256.663,2216,
2026-03-26 15:03:00,256.65,256.69,256.5467,256.56,58494.896098,256.6101,2032,
2026-03-26 15:04:00,256.575,256.575,256.27,256.27,90441.05306,256.4099,2354,
2026-03-26 15:05:00,256.25,256.34,256.06,256.33,123870.092185,256.2124,3442,
2026-03-26 15:06:00,256.3102,256.6899,256.28,256.6399,122906.313458,256.5766,2790,
2026-03-26 15:07:00,256.65,256.7,256.43,256.56,79314.931546,256.5808,2425,
2026-03-26 15:08:00,256.54,256.6,256.41,256.48,45079.313945,256.5228,1888,
2026-03-26 15:09:00,256.46,256.55,256.43,256.442,42645.463623,256.4906,1968,
2026-03-26 15:10:00,256.455,256.6,256.4401,256.48,59642.037897,256.4989,2060,
2026-03-26 15:11:00,256.485,256.49,256.335,256.37,42173.01617,256.4199,1905,
2026-03-26 15:12:00,256.36,256.45,256.27,256.31,50864.778618,256.3671,2055,
2026-03-26 15:13:00,256.305,256.6,256.25,256.31,73368.58948,256.4031,2358,
2026-03-26 15:14:00,256.32,256.38,256.15,256.16,74821.231902,256.295,2100,
2026-03-26 15:15:00,256.2,256.28,256.14,256.205,45019.245739,256.2022,2072,
2026-03-26 15:16:00,256.19,256.245,255.94,256.005,107901.544374,256.0755,2521,
2026-03-26 15:17:00,256.02,256.105,255.99,256.0501,62654.904062,256.0593,2310,
2026-03-26 15:18:00,256.06,256.14,255.98,256.01,75694.410005,256.074,2218,
2026-03-26 15:19:00,256.07,256.09,255.79,255.83,110532.184432,255.9308,2897,
2026-03-26 15:20:00,255.8499,256.14,255.83,256.09,77701.866976,256.0213,2328,
2026-03-26 15:21:00,256.055,256.18,256.04,256.105,46296.153486,256.1076,2117,
2026-03-26 15:22:00,256.09,256.15,256.01,256.07,45912.01347,256.0893,2183,
2026-03-26 15:23:00,256.04,256.115,255.88,256.025,54576.149061,255.9699,2011,
2026-03-26 15:24:00,256.045,256.07,255.99,255.995,42230.713969,256.0324,1696,
2026-03-26 15:25:00,256.02,256.045,255.83,255.83,37846.995033,255.9777,1876,
2026-03-26 15:26:00,255.815,255.96,255.815,255.935,45138.268327,255.9021,2051,
2026-03-26 15:27:00,255.945,255.945,255.72,255.79,42169.157515,255.8242,1955,
2026-03-26 15:28:00,255.7799,255.835,255.73,255.74,36473.96288,255.7965,1829,
2026-03-26 15:29:00,255.7503,255.77,255.5501,255.69,80132.693517,255.6808,2541,
2026-03-26 15:30:00,255.69,255.7,255.6,255.7,64289.279304,255.6426,2190,
2026-03-26 15:31:00,255.6899,255.75,255.56,255.61,79591.235898,255.6701,2329,
2026-03-26 15:32:00,255.63,255.76,255.6122,255.71,50627.890358,255.7007,2059,
2026-03-26 15:33:00,255.7,255.79,255.69,255.75,52560.344968,255.7498,1969,
2026-03-26 15:34:00,255.74,255.89,255.682,255.8301,33764.291809,255.7977,1823,
2026-03-26 15:35:00,255.845,256.14,255.845,256.14,96564.372713,256.0194,2563,
2026-03-26 15:36:00,256.13,256.26,256.11,256.19,60814.71168,256.2008,2168,
2026-03-26 15:37:00,256.18,256.51,256.17,256.445,87509.460823,256.3561,2385,
2026-03-26 15:38:00,256.46,256.61,256.39,256.56,67705.419568,256.5163,2160,
2026-03-26 15:39:00,256.57,256.61,256.48,256.57,62819.31555,256.5633,2157,
2026-03-26 15:40:00,256.59,256.63,256.5,256.6,57600.517995,256.5464,2015,
2026-03-26 15:41:00,256.6,256.7,256.43,256.495,80491.207178,256.5741,2406,
2026-03-26 15:42:00,256.495,256.51,256.43,256.477,43344.110718,256.4707,1301,
2026-03-26 15:43:00,256.46,256.5,256.325,256.35,39455.989318,256.4154,894,
2026-03-26 15:44:00,256.35,256.379,256.16,256.22,59857.39052,256.2743,901,
2026-03-26 15:45:00,256.25,256.27,256.11,256.15,50401.509485,256.1838,1096,
2026-03-26 15:46:00,256.125,256.55,256.04,256.37,115206.407402,256.3111,2347,
2026-03-26 15:47:00,256.375,256.44,256.24,256.29,67251.528277,256.2602,1024,
2026-03-26 15:48:00,256.29,256.53,256.28,256.465,29783.64058,256.4129,711,
2026-03-26 15:49:00,256.47,256.47,256.33,256.39,37337.737689,256.4196,1055,
2026-03-26 15:50:00,256.44,256.55,256.325,256.3303,66329.224287,256.4381,1364,
2026-03-26 15:51:00,256.3585,256.72,256.305,256.68,59503.81554,256.5248,1291,
2026-03-26 15:52:00,256.67,256.77,256.37,256.6,77304.275182,256.5438,1388,
2026-03-26 15:53:00,256.58,256.67,256.53,256.57,42665.486463,256.6137,995,
2026-03-26 15:54:00,256.58,256.6399,256.49,256.505,51495.87088,256.5853,869,
2026-03-26 15:55:00,256.51,256.5285,256.3,256.4063,37122.441825,256.4109,843,
2026-03-26 15:56:00,256.4,256.46,256.33,256.36,43810.997316,256.4133,1051,
2026-03-26 15:57:00,256.36,256.48,256.3415,256.46,56000.085386,256.4305,1111,
2026-03-26 15:58:00,256.5,256.53,256.3901,256.485,32885.913021,256.4848,783,
2026-03-26 15:59:00,256.485,256.61,256.425,256.515,57664.243903,256.5253,1102,
2026-03-26 16:00:00,256.52,256.64,256.45,256.54,42434.303702,256.5549,1012,
2026-03-26 16:01:00,256.52,256.65,256.49,256.63,53008.17542,256.5762,906,
2026-03-26 16:02:00,256.615,256.705,256.5601,256.61,46104.839413,256.6388,931,
2026-03-26 16:03:00,256.63,256.65,256.4,256.41,63286.652881,256.4797,922,
2026-03-26 16:04:00,256.42,256.46,256.39,256.39,27429.766199,256.4317,783,
2026-03-26 16:05:00,256.415,256.49,256.33,256.33,48530.861847,256.4258,964,
2026-03-26 16:06:00,256.32,256.35,256.2,256.2773,90694.9801,256.2836,1051,
2026-03-26 16:07:00,256.25,256.34,256.19,256.19,49369.662382,256.2636,980,
2026-03-26 16:08:00,256.21,256.33,256.184,256.265,35327.364477,256.2896,803,
2026-03-26 16:09:00,256.27,256.28,256.13,256.145,28615.167141,256.2146,862,
2026-03-26 16:10:00,256.14,256.197,256.13,256.135,25363.663002,256.1684,774,
2026-03-26 16:11:00,256.135,256.15,255.75,255.77,81615.032832,255.9588,1441,
2026-03-26 16:12:00,255.8089,256.06,255.775,256.04,55285.563498,255.9116,1018,
2026-03-26 16:13:00,256.04,256.05,255.94,255.98,29542.941366,255.9913,736,
2026-03-26 16:14:00,255.98,256.19,255.96,256.1303,45173.606458,256.0989,1017,
2026-03-26 16:15:00,256.14,256.18,256.05,256.09,63702.034204,256.1097,1240,
2026-03-26 16:16:00,256.09,256.115,255.83,255.87,78722.988626,255.9341,1895,
2026-03-26 16:17:00,255.85,255.88,255.56,255.74,102473.579822,255.7173,2103,
2026-03-26 16:18:00,255.74,256.18,255.68,256.13,97593.339871,255.8884,1672,
2026-03-26 16:19:00,256.14,256.265,256.14,256.199,40122.062271,256.2041,1097,
2026-03-26 16:20:00,256.19,256.24,256.05,256.05,48274.713018,256.166,1201,
2026-03-26 16:21:00,256.07,256.11,256.01,256.02,56474.916816,256.076,1196,
2026-03-26 16:22:00,256.02,256.07,255.8,255.885,61022.657305,255.9085,1346,
2026-03-26 16:23:00,255.885,256.085,255.81,256.065,55230.496954,255.9245,1281,
2026-03-26 16:24:00,256.08,256.32,256.03,256.32,55501.891869,256.1784,1160,
2026-03-26 16:25:00,256.32,256.36,256.09,256.11,57050.576945,256.1142,1050,
2026-03-26 16:26:00,256.13,256.15,255.965,256.05,69196.579921,256.0346,1013,
2026-03-26 16:27:00,256.08,256.09,255.91,256.02,33213.739013,256.0054,920,
2026-03-26 16:28:00,256.01,256.07,255.88,255.9499,41562.081541,255.9906,1033,
2026-03-26 16:29:00,255.945,256.1,255.93,256.09,39023.34935,256.0217,1092,
2026-03-26 16:30:00,256.1,256.11,255.85,255.855,48157.418924,256.0027,1145,
2026-03-26 16:31:00,255.855,255.8875,255.75,255.85,75765.084921,255.8229,1438,
2026-03-26 16:32:00,255.855,255.86,255.615,255.64,56378.122555,255.6843,1399,
2026-03-26 16:33:00,255.66,255.7926,255.645,255.76,38879.292021,255.7334,946,
2026-03-26 16:34:00,255.74,256.0,255.74,255.945,65795.650419,255.9091,1252,
2026-03-26 16:35:00,255.97,255.98,255.82,255.835,34372.958449,255.9155,1027,
2026-03-26 16:36:00,255.8499,255.93,255.71,255.915,78063.698564,255.8249,1486,
2026-03-26 16:37:00,255.93,256.1105,255.9,256.08,56156.269858,256.0134,1136,
2026-03-26 16:38:00,256.07,256.08,255.935,255.94,33685.120699,256.025,852,
2026-03-26 16:39:00,255.9401,255.9799,255.825,255.8599,61115.273613,255.9133,945,
2026-03-26 16:40:00,255.84,255.9599,255.795,255.865,61425.213581,255.8781,1167,
2026-03-26 16:41:00,255.85,256.05,255.84,255.98,56478.446043,255.9304,1036,
2026-03-26 16:42:00,255.98,256.1399,255.975,256.04,45086.297659,256.0582,804,
2026-03-26 16:43:00,256.035,256.11,255.98,256.1,43029.353201,256.0342,909,
2026-03-26 16:44:00,256.13,256.3996,256.095,256.2201,122332.243399,256.2836,1828,
2026-03-26 16:45:00,256.23,256.3125,256.06,256.17,48817.55897,256.1872,1151,
2026-03-26 16:46:00,256.155,256.155,256.01,256.03,38138.497414,256.0817,707,
2026-03-26 16:47:00,256.04,256.04,255.875,255.9,60154.877678,255.9303,1033,
2026-03-26 16:48:00,255.9,256.105,255.88,256.05,111635.081265,255.9787,1220,
2026-03-26 16:49:00,256.055,256.09,255.86,255.87,31081.14688,255.9245,723,
2026-03-26 16:50:00,255.91,256.03,255.89,255.93,35766.755399,255.9483,743,
2026-03-26 16:51:00,255.92,256.03,255.9,256.03,36136.2683,255.986,842,
2026-03-26 16:52:00,256.04,256.08,255.98,256.025,31682.30039,256.0312,802,
2026-03-26 16:53:00,256.02,256.21,256.01,256.13,49429.17887,256.1307,1174,
2026-03-26 16:54:00,256.135,256.16,256.07,256.12,40230.109662,256.1165,870,
2026-03-26 16:55:00,256.1,256.1464,256.07,256.11,24844.375833,256.1105,619,
2026-03-26 16:56:00,256.1,256.19,256.05,256.15,55350.546514,256.128,1123,
2026-03-26 16:57:00,256.16,256.35,256.13,256.31,52430.548322,256.2518,1139,
2026-03-26 16:58:00,256.31,256.35,256.23,256.277,64669.758752,256.2835,1221,
2026-03-26 16:59:00,256.28,256.33,256.19,256.265,64384.849099,256.2671,1370,
2026-03-26 17:00:00,256.25,256.42,256.18,256.42,66822.522871,256.3115,1290,
2026-03-26 17:01:00,256.4,256.46,256.32,256.415,59966.685384,256.4,942,
2026-03-26 17:02:00,256.43,256.43,256.2,256.27,69599.463878,256.2913,1183,
2026-03-26 17:03:00,256.28,256.39,256.24,256.2615,52622.544587,256.3333,873,
2026-03-26 17:04:00,256.29,256.2999,256.18,256.249,37660.387291,256.241,829,
2026-03-26 17:05:00,256.25,256.35,256.23,256.285,44385.101258,256.3012,849,
2026-03-26 17:06:00,256.27,256.3,256.08,256.1199,41503.48874,256.2075,915,
2026-03-26 17:07:00,256.1,256.12,255.925,256.02,63518.860798,256.0238,1215,
2026-03-26 17:08:00,256.0139,256.06,256.0,256.05,35672.791436,256.0417,702,
2026-03-26 17:09:00,256.05,256.1,255.92,255.97,120554.577372,256.0116,1306,
2026-03-26 17:10:00,255.97,255.97,255.79,255.905,54306.048319,255.885,883,
2026-03-26 17:11:00,255.91,255.91,255.57,255.59,95219.300595,255.6841,1587,
2026-03-26 17:12:00,255.59,255.59,255.26,255.3,114152.235439,255.4142,1899,
2026-03-26 17:13:00,255.33,255.36,255.15,255.245,89184.998616,255.238,1515,
2026-03-26 17:14:00,255.245,255.31,255.19,255.2691,94300.291883,255.2594,1442,
2026-03-26 17:15:00,255.26,255.3,255.19,255.2101,57055.360373,255.2438,1039,
2026-03-26 17:16:00,255.22,255.28,255.2,255.25,45032.458042,255.2458,948,
2026-03-26 17:17:00,255.25,255.255,255.1,255.23,57950.170423,255.1761,1075,
2026-03-26 17:18:00,255.23,255.255,255.14,255.145,59806.302485,255.1997,959,
2026-03-26 17:19:00,255.145,255.23,255.1,255.21,37860.169782,255.1731,864,
2026-03-26 17:20:00,255.25,255.25,255.01,255.035,58164.728301,255.1343,1103,
2026-03-26 17:21:00,255.045,255.11,254.865,254.8661,85019.840954,254.9817,1653,
2026-03-26 17:22:00,254.86,254.94,254.81,254.81,57136.841634,254.8828,1058,
2026-03-26 17:23:00,254.79,254.8299,254.6,254.63,47087.572594,254.719,910,
2026-03-26 17:24:00,254.64,254.765,254.5901,254.68,72031.271683,254.6666,1103,
2026-03-26 17:25:00,254.7,254.85,254.63,254.84,82216.19911,254.754,1607,
2026-03-26 17:26:00,254.86,255.02,254.86,255.0,70666.909907,254.9594,1256,
2026-03-26 17:27:00,254.9645,254.99,254.845,254.93,38772.286946,254.9159,869,
2026-03-26 17:28:00,254.93,255.06,254.8901,255.05,43673.288307,254.9663,793,
2026-03-26 17:29:00,255.04,255.15,254.96,254.99,47476.235156,255.0558,900,
2026-03-26 17:30:00,254.98,255.06,254.77,254.77,40844.870014,254.9243,1023,
2026-03-26 17:31:00,254.785,254.785,254.5934,254.6045,53684.761843,254.6931,1103,
2026-03-26 17:32:00,254.6,254.67,254.53,254.6592,48780.414805,254.5983,1021,
2026-03-26 17:33:00,254.66,254.69,254.49,254.55,43263.468338,254.5833,984,
2026-03-26 17:34:00,254.5599,254.57,254.48,254.545,28318.897441,254.5426,704,
2026-03-26 17:35:00,254.53,254.56,254.31,254.33,59330.880153,254.4537,1200,
2026-03-26 17:36:00,254.3107,254.48,254.3,254.41,41924.373577,254.4049,863,
2026-03-26 17:37:00,254.41,254.56,254.4,254.53,40332.177664,254.483,830,
2026-03-26 17:38:00,254.54,254.67,254.425,254.45,55878.0468,254.5353,1160,
2026-03-26 17:39:00,254.46,254.46,254.2801,254.413,42835.254706,254.3756,726,
2026-03-26 17:40:00,254.4099,254.46,254.34,254.45,39623.694797,254.4117,953,
2026-03-26 17:41:00,254.45,254.45,254.36,254.3899,29676.275162,254.4066,738,
2026-03-26 17:42:00,254.39,254.455,254.32,254.3581,43039.351928,254.3927,959,
2026-03-26 17:43:00,254.37,254.44,254.21,254.265,59224.15901,254.3284,1188,
2026-03-26 17:44:00,254.2788,254.355,254.13,254.29,50129.297361,254.2421,1137,
2026-03-26 17:45:00,254.31,254.35,254.27,254.305,42303.055104,254.3041,1018,
2026-03-26 17:46:00,254.34,254.38,254.27,254.3301,38137.650719,254.3236,959,
2026-03-26 17:47:00,254.36,254.39,254.21,254.32,42050.818478,254.3142,1042,
2026-03-26 17:48:00,254.32,254.37,254.29,254.35,37202.456263,254.3347,967,
2026-03-26 17:49:00,254.38,254.42,254.3,254.3,41359.640064,254.3619,1005,
2026-03-26 17:50:00,254.31,254.31,254.17,254.23,73591.246492,254.2356,1546,
2026-03-26 17:51:00,254.22,254.31,254.18,254.24,49909.635565,254.2434,1044,
2026-03-26 17:52:00,254.255,254.31,254.19,254.2,50047.505296,254.2646,1131,
2026-03-26 17:53:00,254.2,254.21,253.94,254.075,129039.110527,254.0795,2162,
2026-03-26 17:54:00,254.095,254.11,253.96,254.0,98333.869153,254.044,2575,
2026-03-26 17:55:00,253.99,254.24,253.96,254.19,66836.308645,254.1392,1430,
2026-03-26 17:56:00,254.17,254.24,254.07,254.08,42837.850239,254.1647,1045,
2026-03-26 17:57:00,254.0651,254.14,253.96,254.0,99333.083673,254.0273,1573,
2026-03-26 17:58:00,254.01,254.02,253.765,253.8,167142.608496,254.0177,1780,
2026-03-26 17:59:00,253.79,253.83,253.661,253.805,100756.923653,253.7382,2029,
2026-03-26 18:00:00,253.79,254.13,253.75,254.06,89609.096419,253.9521,1818,
2026-03-26 18:01:00,254.07,254.475,254.07,254.465,304385.847027,253.9995,1911,
2026-03-26 18:02:00,254.47,254.67,254.44,254.5968,87185.753943,254.5529,1541,
2026-03-26 18:03:00,254.61,254.7,254.33,254.4001,43218.122442,254.519,810,
2026-03-26 18:04:00,254.4,254.42,254.24,254.33,44341.767113,254.3381,959,
2026-03-26 18:05:00,254.34,254.4,254.2115,254.3,52381.203756,254.32,987,
2026-03-26 18:06:00,254.26,254.9,254.26,254.58,262050.564502,254.6613,5346,
2026-03-26 18:07:00,254.61,254.7899,254.59,254.63,83680.25857,254.6849,1442,
2026-03-26 18:08:00,254.64,254.93,254.5,254.66,105791.272491,254.7014,1645,
2026-03-26 18:09:00,254.69,254.9099,254.66,254.76,128087.809108,254.7718,1702,
2026-03-26 18:10:00,254.76,255.115,254.45,254.59,194294.493105,254.7826,2630,
2026-03-26 18:11:00,254.57,254.66,254.25,254.59,116019.576275,254.4541,1909,
2026-03-26 18:12:00,254.575,254.61,254.48,254.56,37449.914939,254.5641,769,
2026-03-26 18:13:00,254.58,254.64,254.39,254.39,49152.667476,254.5457,983,
2026-03-26 18:14:00,254.34,254.3949,253.6614,253.67,120354.111429,254.018,2367,
2026-03-26 18:15:00,253.66,253.81,253.38,253.53,99661.001837,253.6073,1820,
2026-03-26 18:16:00,253.51,253.71,253.42,253.62,42859.446029,253.5556,900,
2026-03-26 18:17:00,253.67,253.77,253.5439,253.64,85121.993863,253.6807,1001,
2026-03-26 18:18:00,253.63,253.83,253.57,253.75,52127.378839,253.7305,818,
2026-03-26 18:19:00,253.73,253.78,253.64,253.645,31932.40406,253.7165,662,
2026-03-26 18:20:00,253.64,253.67,253.495,253.5099,39294.160806,253.5909,708,
2026-03-26 18:21:00,253.51,253.72,253.5,253.7,54864.440769,253.6317,910,
2026-03-26 18:22:00,253.72,253.78,253.6,253.6275,44618.215518,253.6852,905,
2026-03-26 18:23:00,253.64,253.68,253.55,253.62,37675.991758,253.6172,768,
2026-03-26 18:24:00,253.595,253.61,253.41,253.495,52805.363181,253.4954,873,
2026-03-26 18:25:00,253.495,253.71,253.495,253.695,63342.535886,253.5763,811,
2026-03-26 18:26:00,253.71,253.7693,253.55,253.7,40965.076651,253.6543,779,
2026-03-26 18:27:00,253.71,253.73,253.54,253.65,42147.675715,253.6512,774,
2026-03-26 18:28:00,253.62,253.81,253.62,253.78,55146.877826,253.7249,1053,
2026-03-26 18:29:00,253.78,253.94,253.77,253.825,42697.697787,253.8597,928,
2026-03-26 18:30:00,253.84,254.06,253.82,254.04,49277.080097,253.9614,1064,
2026-03-26 18:31:00,254.05,254.13,253.9701,254.0875,42598.115676,254.061,889,
2026-03-26 18:32:00,254.0899,254.17,253.98,254.04,80192.696639,254.0667,1321,
2026-03-26 18:33:00,254.0444,254.07,253.95,254.0099,43688.017083,254.0075,851,
2026-03-26 18:34:00,254.01,254.12,253.98,254.11,49164.222139,254.0284,1011,
2026-03-26 18:35:00,254.1,254.155,254.05,254.1058,70855.81096,254.1133,1397,
2026-03-26 18:36:00,254.14,254.29,254.085,254.275,54262.943329,254.1593,1075,
2026-03-26 18:37:00,254.26,254.328,254.18,254.195,42747.087432,254.2432,902,
2026-03-26 18:38:00,254.18,254.32,254.14,254.3,39390.136015,254.2195,788,
2026-03-26 18:39:00,254.3,254.42,254.26,254.3999,68780.294589,254.3514,975,
2026-03-26 18:40:00,254.42,254.515,254.355,254.48,70646.775501,254.4473,1301,
2026-03-26 18:41:00,254.4601,254.49,254.34,254.37,56011.402579,254.4244,959,
2026-03-26 18:42:00,254.39,254.39,254.09,254.112,39823.860668,254.2347,878,
2026-03-26 18:43:00,254.13,254.17,253.9501,253.96,65295.666613,254.0883,1100,
2026-03-26 18:44:00,253.98,254.1576,253.97,254.12,36746.115768,254.0689,861,
2026-03-26 18:45:00,254.1,254.18,254.08,254.12,32824.742924,254.1275,692,
2026-03-26 18:46:00,254.1199,254.22,254.08,254.18,36226.108027,254.1579,656,
2026-03-26 18:47:00,254.18,254.29,254.11,254.29,31674.744491,254.198,759,
2026-03-26 18:48:00,254.26,254.4,254.26,254.26,136492.71524,254.3896,691,
2026-03-26 18:49:00,254.26,254.33,254.22,254.22,37454.785272,254.2735,772,
2026-03-26 18:50:00,254.21,254.37,254.1,254.37,46378.93661,254.2379,957,
2026-03-26 18:51:00,254.37,254.39,254.25,254.26,40903.724498,254.33,769,
2026-03-26 18:52:00,254.275,254.32,254.21,254.31,57466.764522,254.2578,995,
2026-03-26 18:53:00,254.285,254.39,254.24,254.3451,59865.654748,254.2927,745,
2026-03-26 18:54:00,254.35,254.38,254.26,254.28,40716.148217,254.3076,650,
2026-03-26 18:55:00,254.25,254.25,254.09,254.16,50983.720361,254.1563,967,
2026-03-26 18:56:00,254.15,254.24,254.14,254.22,45083.74432,254.2044,810,
2026-03-26 18:57:00,254.23,254.3,254.228,254.255,28981.693025,254.2632,575,
2026-03-26 18:58:00,254.26,254.32,254.19,254.3,39564.496458,254.2561,602,
2026-03-26 18:59:00,254.283,254.37,254.22,254.37,39724.589762,254.2802,639,
2026-03-26 19:00:00,254.37,254.48,254.26,254.2999,48564.899061,254.3857,971,
2026-03-26 19:01:00,254.3,254.3,254.15,254.26,41627.968118,254.2097,765,
2026-03-26 19:02:00,254.26,254.26,254.09,254.09,38536.414248,254.178,822,
2026-03-26 19:03:00,254.085,254.13,253.96,253.975,35271.204128,254.0457,863,
2026-03-26 19:04:00,253.96,254.08,253.96,254.02,43909.280998,254.0195,859,
2026-03-26 19:05:00,254.03,254.08,253.97,253.99,39948.275524,254.0262,856,
2026-03-26 19:06:00,253.9745,254.055,253.84,253.87,74312.55467,253.9415,1401,
2026-03-26 19:07:00,253.9,253.985,253.8,253.84,33679.138059,253.9282,804,
2026-03-26 19:08:00,253.84,253.93,253.77,253.88,51691.091738,253.8536,1182,
2026-03-26 19:09:00,253.89,253.9399,253.73,253.855,48067.621159,253.8257,1106,
2026-03-26 19:10:00,253.84,253.97,253.78,253.865,81021.125795,253.8908,1560,
2026-03-26 19:11:00,253.865,253.95,253.81,253.935,55823.559344,253.8722,1092,
2026-03-26 19:12:00,253.89,253.96,253.835,253.955,49549.595981,253.9056,1037,
2026-03-26 19:13:00,253.96,253.98,253.845,253.855,49782.223678,253.8929,1090,
2026-03-26 19:14:00,253.85,253.92,253.79,253.79,70901.575124,253.8436,1416,
2026-03-26 19:15:00,253.8,253.99,253.78,253.965,64364.638316,253.8738,1332,
2026-03-26 19:16:00,253.98,254.05,253.88,253.94,43564.549653,253.9595,1007,
2026-03-26 19:17:00,253.94,253.95,253.83,253.86,45944.860958,253.9014,913,
2026-03-26 19:18:00,253.855,253.86,253.74,253.85,47550.412257,253.7903,1068,
2026-03-26 19:19:00,253.875,253.91,253.79,253.8244,45027.023428,253.8494,874,
2026-03-26 19:20:00,253.82,253.83,253.67,253.7,44792.59247,253.7756,998,
2026-03-26 19:21:00,253.71,253.72,253.6,253.64,47334.564297,253.6512,946,
2026-03-26 19:22:00,253.64,253.64,253.5301,253.6,46366.300246,253.5853,879,
2026-03-26 19:23:00,253.6,253.655,253.57,253.58,39654.26915,253.6242,696,
2026-03-26 19:24:00,253.57,253.59,253.25,253.2549,148353.689678,253.4297,1835,
2026-03-26 19:25:00,253.24,253.37,253.14,253.18,80416.329196,253.2749,1502,
2026-03-26 19:26:00,253.19,253.39,253.19,253.36,64419.393288,253.318,1291,
2026-03-26 19:27:00,253.36,253.41,253.2,253.31,98179.354502,253.3368,1533,
2026-03-26 19:28:00,253.305,253.42,253.29,253.405,71680.700032,253.3695,1039,
2026-03-26 19:29:00,253.4,253.7,253.4,253.67,60261.525272,253.5342,1220,
2026-03-26 19:30:00,253.68,253.725,253.535,253.61,67787.301177,253.6312,1120,
2026-03-26 19:31:00,253.61,253.67,253.43,253.48,59747.630735,253.5431,1221,
2026-03-26 19:32:00,253.48,253.49,253.26,253.303,82241.260323,253.3822,1235,
2026-03-26 19:33:00,253.285,253.42,253.26,253.35,62638.559049,253.3368,1075,
2026-03-26 19:34:00,253.32,253.32,253.04,253.055,63743.38709,253.1393,1219,
2026-03-26 19:35:00,253.07,253.08,252.75,252.92,127849.874011,252.8997,2130,
2026-03-26 19:36:00,252.915,252.915,252.68,252.765,64266.248465,252.7881,1118,
2026-03-26 19:37:00,252.76,252.9,252.73,252.805,45302.457188,252.8236,967,
2026-03-26 19:38:00,252.795,252.795,252.58,252.61,65167.583818,252.6828,1077,
2026-03-26 19:39:00,252.6,252.63,252.4,252.43,118432.621734,252.5086,1813,
2026-03-26 19:40:00,252.45,252.62,252.34,252.61,122958.230912,252.474,1871,
2026-03-26 19:41:00,252.61,252.61,252.4,252.415,84167.826557,252.5054,1390,
2026-03-26 19:42:00,252.3901,252.59,252.39,252.5199,183412.023872,252.4899,1374,
2026-03-26 19:43:00,252.52,252.59,252.49,252.55,47680.563933,252.5423,964,
2026-03-26 19:44:00,252.54,252.61,252.49,252.58,56967.52615,252.5422,1198,
2026-03-26 19:45:00,252.56,252.82,252.56,252.81,77647.379705,252.7115,1564,
2026-03-26 19:46:00,252.81,252.86,252.76,252.83,99019.150176,252.8053,1397,
2026-03-26 19:47:00,252.835,252.955,252.775,252.85,127425.067965,252.8792,1722,
2026-03-26 19:48:00,252.87,252.97,252.82,252.945,98015.155609,252.8893,1781,
2026-03-26 19:49:00,252.97,252.99,252.84,252.84,85945.165989,252.9227,1431,
2026-03-26 19:50:00,252.87,252.93,252.79,252.84,128273.708162,252.8608,2377,
2026-03-26 19:51:00,252.87,252.91,252.7,252.89,115256.319569,252.8252,2057,
2026-03-26 19:52:00,252.87,252.885,252.75,252.81,133006.692195,252.7984,2317,
2026-03-26 19:53:00,252.82,252.86,252.73,252.805,96854.144824,252.7943,1772,
2026-03-26 19:54:00,252.8,252.8,252.02,252.26,316191.743946,252.3982,5280,
2026-03-26 19:55:00,252.29,253.0,252.28,252.985,259435.71534,252.7462,4098,
2026-03-26 19:56:00,252.97,253.07,252.9,253.05,219271.08231,252.9913,3353,
2026-03-26 19:57:00,253.045,253.22,252.95,253.18,226602.56148,253.0787,3431,
2026-03-26 19:58:00,253.185,253.22,253.03,253.055,282036.29752,253.106,4368,
2026-03-26 19:59:00,253.05,253.12,252.82,252.88,902829.456206,252.9677,10737,
2026-03-26 20:00:00,252.8889,253.76,252.8889,253.76,672565.588153,252.9306,593,
2026-03-26 20:01:00,253.67,253.77,253.29,253.58,309089.831215,252.9498,326,
2026-03-26 20:02:00,253.519,253.65,253.5102,253.62,5431.0,253.5884,91,
2026-03-26 20:03:00,253.6,253.63,253.58,253.6,4501.0,253.6005,77,
2026-03-26 20:04:00,253.6016,253.74,253.6,253.74,5304.759679,253.6966,91,
2026-03-26 20:05:00,253.68,253.87,253.68,253.82,1885.81106,253.9419,101,
2026-03-26 20:06:00,253.78,253.88,253.75,253.88,2522.009849,253.8243,40,
2026-03-26 20:07:00,253.9,253.9,253.801,253.89,4596.117738,253.8747,50,
2026-03-26 20:08:00,253.9,254.0,253.9,254.0,2114.255011,253.9719,79,
2026-03-26 20:09:00,253.88,254.17,253.88,253.99,2340.008345,254.0119,76,
2026-03-26 20:10:00,254.09,254.17,254.03,254.06,3172.371988,254.1143,88,
2026-03-26 20:11:00,254.09,256.0,254.06,255.84,38599.312794,254.1674,890,
2026-03-26 20:12:00,255.66,256.6,255.0,255.43,24808.305278,255.8363,651,
2026-03-26 20:13:00,255.41,255.5,254.8,254.81,9680.678723,255.1168,299,
2026-03-26 20:14:00,255.03,255.87,254.97,255.0,6526.0,255.3229,140,
2026-03-26 20:15:00,255.44,255.44,254.45,255.38,8200.261445,254.7755,272,
2026-03-26 20:16:00,255.17,255.38,254.75,254.75,7250.551695,255.0873,176,
2026-03-26 20:17:00,254.45,254.89,254.41,254.89,3960.135634,254.6319,69,
2026-03-26 20:18:00,254.55,254.55,254.45,254.45,2007.053022,254.5066,58,
2026-03-26 20:19:00,254.7,254.7,254.32,254.5,14863.950793,254.4396,201,
2026-03-26 20:20:00,254.43,254.43,254.16,254.16,4096.216497,254.2561,102,
2026-03-26 20:21:00,254.16,254.46,254.16,254.45,3089.1089,254.4032,55,
2026-03-26 20:22:00,254.58,254.6,254.46,254.5,1829.006281,254.5216,33,
2026-03-26 20:23:00,254.74,254.74,254.68,254.68,1915.097193,254.7102,91,
2026-03-26 20:24:00,254.74,254.74,254.25,254.26,4882.070656,254.4219,105,
2026-03-26 20:25:00,254.26,254.4695,253.93,253.99,10247.176459,254.159,206,
2026-03-26 20:26:00,254.0005,254.3,254.0005,254.28,2069.0,254.155,34,
2026-03-26 20:27:00,254.3,254.4,254.3,254.35,3975.087547,254.3686,86,
2026-03-26 20:28:00,254.4,254.4,254.06,254.17,4751.010858,254.174,77,
2026-03-26 20:29:00,254.17,254.4,254.12,254.35,1775.0,254.3182,39,
2026-03-26 20:30:00,254.35,254.4,252.89,252.89,3481.0,253.4102,35,
2026-03-26 20:31:00,254.31,254.91,254.29,254.91,6785.04684,254.396,84,
2026-03-26 20:32:00,254.59,254.59,254.59,254.59,573.029082,254.5916,23,
2026-03-26 20:33:00,254.6,254.6,254.6,254.6,2333.835941,254.6947,35,
2026-03-26 20:34:00,254.5,254.5,254.28,254.39,2083.078596,254.3865,37,
2026-03-26 20:35:00,254.6,254.6,254.3,254.41,1060.048549,254.4977,39,
2026-03-26 20:36:00,254.45,254.6,254.45,254.46,6761.0,254.4683,59,
2026-03-26 20:37:00,254.6,254.6,254.59,254.59,653.031461,254.6106,26,
2026-03-26 20:38:00,254.69,254.7,254.67,254.67,1913.037456,254.6958,58,
2026-03-26 20:39:00,254.75,254.77,254.67,254.67,2505.502754,254.7776,48,
2026-03-26 20:40:00,254.63,254.65,254.59,254.64,2043.0,254.4939,45,
2026-03-26 20:41:00,254.64,254.8401,254.64,254.8401,3491.0,254.701,55,
2026-03-26 20:42:00,254.58,254.58,254.55,254.55,843.019616,254.5892,21,
2026-03-26 20:43:00,254.5,254.7,254.4,254.4,1259.0,254.4975,29,
2026-03-26 20:44:00,254.41,254.47,254.41,254.47,633.011316,254.424,26,
2026-03-26 20:45:00,254.5,254.5,254.5,254.5,220.78525,255.3789,22,
2026-03-26 20:46:00,254.42,254.45,254.42,254.45,667.003937,254.4378,13,
2026-03-26 20:47:00,254.5,254.5,254.5,254.5,468.112619,254.5498,15,
2026-03-26 20:48:00,254.47,254.47,254.41,254.41,413.0,254.4368,19,
2026-03-26 20:49:00,254.34,254.34,254.3,254.3,1682.000039,254.3554,66,
2026-03-26 20:51:00,254.23,254.25,254.23,254.25,2357.0,254.2396,36,
2026-03-26 20:52:00,254.2,254.2,254.0886,254.0886,819.043353,254.1355,35,
2026-03-26 20:53:00,254.2,254.2,254.2,254.2,899.0,254.1673,23,
2026-03-26 20:54:00,254.06,254.1,254.0,254.0,956.058959,254.0972,35,
2026-03-26 20:57:00,254.08,254.08,254.0,254.0,2668.104761,254.0129,130,
2026-03-26 20:58:00,253.77,253.77,253.66,253.66,2778.162475,253.6648,146,
2026-03-26 20:59:00,253.9,254.0,253.72,254.0,1837.038351,253.9259,45,
2026-03-26 21:00:00,253.89,253.89,253.66,253.66,2281.0,253.7407,59,
2026-03-26 21:01:00,254.1,254.1,254.1,254.1,1767.217787,254.0565,58,
2026-03-26 21:09:00,254.0,254.14,254.0,254.14,1655.0,254.0503,14,
2026-03-26 21:10:00,254.1305,254.1305,254.0017,254.0017,697.0,254.0395,11,
2026-03-26 21:11:00,254.02,254.02,254.02,254.02,547.035412,254.0229,20,
2026-03-26 21:12:00,253.93,254.15,253.91,254.14,1356.0,254.0191,22,
2026-03-26 21:13:00,254.01,254.13,253.99,254.13,987.0,254.0482,21,
2026-03-26 21:14:00,254.15,254.15,254.15,254.15,930.0,254.1184,45,
2026-03-26 21:15:00,254.11,254.11,254.1,254.1,633.011066,254.1113,12,
2026-03-26 21:17:00,254.03,254.03,254.03,254.03,276.02,254.0803,15,
2026-03-26 21:21:00,254.05,254.05,254.05,254.05,201.2,254.2937,10,
2026-03-26 21:22:00,254.04,254.04,254.04,254.04,246.106214,254.1439,16,
2026-03-26 21:25:00,254.0517,254.0517,254.0517,254.0517,149.0,254.0679,7,
2026-03-26 21:26:00,254.1,254.1,254.1,254.1,221.838734,255.0624,15,
2026-03-26 21:28:00,254.05,254.05,254.05,254.05,323.0,254.0654,20,
2026-03-26 21:29:00,254.12,254.12,254.12,254.12,381.037776,254.1375,17,
2026-03-26 21:32:00,254.09,254.09,254.0,254.0,1581.042339,254.0321,16,
2026-03-26 21:33:00,253.98,253.98,253.94,253.94,1379.059649,253.964,20,
2026-03-26 21:36:00,253.95,253.95,253.95,253.95,268.64907,254.5645,12,
2026-03-26 21:38:00,253.93,253.93,253.93,253.93,305.022855,253.9629,13,
2026-03-26 21:40:00,253.95,253.95,253.95,253.95,216.070315,254.026,10,
2026-03-26 21:41:00,254.0,254.0,253.89,253.92,1108.063722,253.9498,27,
2026-03-26 21:47:00,253.75,253.9675,253.75,253.9675,780.0,253.835,8,
2026-03-26 21:52:00,253.8,253.8,253.8,253.8,221.045237,253.8551,10,
2026-03-26 21:56:00,253.95,253.95,253.95,253.95,1514.649213,254.0585,14,
2026-03-26 22:00:00,254.0,254.0,253.9,254.0,721.217443,254.0463,42,
2026-03-26 22:01:00,254.0,254.0,254.0,254.0,787.013232,254.0044,13,
2026-03-26 22:04:00,254.12,254.18,254.12,254.18,893.0,254.131,30,
2026-03-26 22:06:00,254.18,254.18,254.18,254.18,254.055036,254.232,5,
2026-03-26 22:08:00,253.9,253.9,253.9,253.9,282.0,253.911,23,
2026-03-26 22:11:00,254.0,254.0,254.0,254.0,1187.0,254.0013,15,
2026-03-26 22:15:00,254.2,254.25,254.2,254.25,507.033189,254.2194,43,
2026-03-26 22:16:00,254.28,254.31,254.28,254.31,1524.033366,254.3049,28,
2026-03-26 22:17:00,254.35,254.35,254.29,254.3,1959.020446,254.3149,33,
2026-03-26 22:18:00,254.3,254.34,254.3,254.34,3288.0,254.3329,10,
2026-03-26 22:19:00,254.29,254.29,254.29,254.29,581.005072,254.3072,14,
2026-03-26 22:21:00,254.25,254.25,254.25,254.25,601.0,254.3142,34,
2026-03-26 22:22:00,254.49,254.49,254.49,254.49,202.079562,254.6025,37,
2026-03-26 22:26:00,254.2,254.2,254.2,254.2,2065.0,254.1716,58,
2026-03-26 22:29:00,254.06,254.06,254.06,254.06,110.0,254.0513,5,
2026-03-26 22:32:00,253.9,254.1382,253.9,254.1382,821.429208,254.1019,29,
2026-03-26 22:35:00,254.09,254.09,254.09,254.09,231.0,254.0843,8,
2026-03-26 22:36:00,254.02,254.02,254.02,254.02,211.0,254.0187,6,
2026-03-26 22:37:00,254.1,254.1128,254.1,254.1128,803.044431,254.1026,23,
2026-03-26 22:38:00,254.15,254.15,254.15,254.15,439.806336,254.6447,34,
2026-03-26 22:49:00,254.4,254.4,254.4,254.4,133.0,254.3532,11,
2026-03-26 22:54:00,254.38,254.39,254.38,254.39,1006.0,254.3864,13,
2026-03-26 22:56:00,254.37,254.37,254.37,254.37,498.570322,254.656,28,
2026-03-26 22:59:00,254.33,254.4,254.33,254.4,1777.04419,254.3489,16,
2026-03-26 23:00:00,254.4,254.45,254.4,254.45,615.0,254.414,13,
2026-03-26 23:02:00,254.41,254.41,254.38,254.39,2721.004322,254.3924,13,
2026-03-26 23:03:00,254.3889,254.5,254.3889,254.5,1389.204497,254.4807,32,
2026-03-26 23:07:00,254.53,254.53,254.4,254.4,807.035344,254.4314,23,
2026-03-26 23:11:00,254.3195,254.3195,254.3195,254.3195,185.0,254.3196,6,
2026-03-26 23:13:00,254.3,254.3,254.3,254.3,323.0,254.3093,15,
2026-03-26 23:16:00,254.11,254.11,254.11,254.11,382.0,254.1099,9,
2026-03-26 23:18:00,254.08,254.08,254.08,254.08,366.0,254.0798,5,
2026-03-26 23:19:00,254.09,254.09,254.09,254.09,227.13258,254.2518,15,
2026-03-26 23:26:00,254.3471,254.3471,254.3471,254.3471,158.0,254.3333,6,
2026-03-26 23:31:00,254.11,254.11,254.1,254.1,281.574005,254.6142,10,
2026-03-26 23:33:00,254.35,254.35,254.24,254.34,1029.013225,254.3246,20,
2026-03-26 23:34:00,254.12,254.34,254.12,254.34,819.0,254.2532,13,
2026-03-26 23:35:00,254.34,254.34,254.34,254.34,1036.0,254.3375,19,
2026-03-26 23:36:00,254.34,254.34,254.15,254.15,495.0,254.2654,15,
2026-03-26 23:37:00,254.35,254.4,254.34,254.4,1258.013414,254.3797,49,
2026-03-26 23:38:00,254.4,254.4,254.4,254.4,106.0,254.3985,6,
2026-03-26 23:39:00,254.4,254.4,254.4,254.4,1215.0,254.3997,12,
2026-03-26 23:40:00,254.45,254.45,254.45,254.45,1101.302795,254.5272,28,
2026-03-26 23:41:00,254.736,254.736,254.51,254.51,1188.230014,254.75,14,
2026-03-26 23:44:00,254.53,254.53,254.53,254.53,228.004197,254.5464,6,
2026-03-26 23:45:00,254.576,254.576,254.576,254.576,233.148061,254.7512,13,
2026-03-26 23:46:00,254.6756,254.6756,254.6756,254.6756,369.0,254.6549,21,
2026-03-26 23:48:00,254.56,254.56,254.55,254.55,626.034672,254.5744,11,
2026-03-26 23:51:00,254.66,254.66,254.55,254.61,560.048647,254.6363,24,
2026-03-26 23:52:00,254.55,254.61,254.55,254.61,1259.0,254.5995,11,
2026-03-26 23:54:00,254.75,254.75,254.75,254.75,459.013238,254.7559,10,
2026-03-26 23:55:00,254.576,254.576,254.576,254.576,342.0,254.5984,8,
2026-03-26 23:56:00,254.55,254.55,254.55,254.55,134.188935,254.9537,11,
2026-03-26 23:57:00,254.74,254.75,254.74,254.75,2595.01659,254.7465,46,
2026-03-26 23:58:00,254.8792,254.8792,254.74,254.74,1689.017281,254.772,19,
2026-03-26 23:59:00,254.74,254.8933,254.74,254.8933,1102.043061,254.8329,40,
2026-03-27 08:02:00,254.06,254.06,254.06,254.06,558.0,254.0767,18,
2026-03-27 08:03:00,254.03,254.03,253.92,253.92,1624.0,253.9925,67,
2026-03-27 08:05:00,254.11,254.11,254.0,254.0,2816.0,254.0443,36,
2026-03-27 08:08:00,253.9,253.9,253.8,253.8,1171.0,253.8777,21,
2026-03-27 08:13:00,253.95,253.96,253.95,253.95,1289.0,253.9539,7,
2026-03-27 08:14:00,253.95,253.96,253.95,253.96,584.0,253.9543,24,
2026-03-27 08:17:00,253.73,253.73,253.67,253.67,1177.0,253.7122,23,
2026-03-27 08:21:00,253.68,253.68,253.68,253.68,482.0,253.6094,19,
2026-03-27 08:35:00,253.51,253.51,253.51,253.51,670.0,253.51,61,
2026-03-27 08:37:00,253.4,253.4,253.4,253.4,267.0,253.3999,10,
2026-03-27 08:38:00,253.33,253.33,253.33,253.33,122.0,253.3302,7,
2026-03-27 08:41:00,253.38,253.49,253.38,253.49,584.0,253.419,9,
2026-03-27 08:50:00,253.45,253.51,253.45,253.45,3045.0,253.4732,46,
2026-03-27 08:52:00,253.47,253.47,253.47,253.47,434.0,253.4701,8,
2026-03-27 08:53:00,253.58,253.58,253.58,253.58,218.0,253.5799,3,
2026-03-27 09:05:00,253.26,253.26,253.26,253.26,621.0,253.2495,19,
2026-03-27 09:08:00,253.26,253.26,253.26,253.26,151.0,253.26,4,
2026-03-27 09:09:00,253.2,253.2,253.2,253.2,371.0,253.2146,14,
2026-03-27 09:10:00,253.13,253.13,253.0,253.0,851.0,253.0696,37,
2026-03-27 09:11:00,253.0,253.0,252.99,253.0,1263.0,252.9966,28,
2026-03-27 09:14:00,253.15,253.15,253.15,253.15,589.0,253.1517,18,
2026-03-27 09:21:00,253.23,253.43,253.23,253.43,350.0,253.3358,14,
2026-03-27 09:22:00,253.23,253.23,253.23,253.23,258.0,253.2296,4,
2026-03-27 09:25:00,253.35,253.36,253.35,253.36,849.0,253.3493,16,
2026-03-27 09:31:00,253.43,253.43,253.43,253.43,183.0,253.4077,9,
2026-03-27 09:32:00,253.47,253.47,253.47,253.47,1190.0,253.4759,18,
2026-03-27 09:44:00,253.35,253.35,253.34,253.34,335.0,253.3505,8,
2026-03-27 09:45:00,253.35,253.35,253.35,253.35,245.0,253.3547,13,
2026-03-27 10:00:00,253.15,253.15,253.1,253.1,608.0,253.1358,28,
2026-03-27 10:02:00,253.2,253.2,253.2,253.2,176.0,253.2074,33,
2026-03-27 10:04:00,253.15,253.15,253.15,253.15,134.0,253.1557,13,
2026-03-27 10:11:00,253.275,253.275,253.275,253.275,764.0,253.2407,22,
2026-03-27 10:20:00,253.22,253.22,253.22,253.22,170.0,253.22,1,
2026-03-27 10:22:00,253.24,253.24,253.24,253.24,196.0,253.2553,6,
2026-03-27 10:29:00,253.29,253.29,253.29,253.29,461.0,253.2945,8,
2026-03-27 10:32:00,253.24,253.24,253.2,253.2,991.0,253.1795,49,
2026-03-27 10:35:00,253.0,253.0,252.8,252.8,1785.0,252.9288,77,
2026-03-27 10:36:00,252.93,252.93,252.93,252.93,284.0,252.9221,15,
2026-03-27 10:37:00,252.82,252.82,252.82,252.82,328.0,252.8467,11,
2026-03-27 10:42:00,252.74,252.74,252.74,252.74,792.0,252.8168,29,
2026-03-27 10:43:00,252.76,252.76,252.76,252.76,139.0,252.7742,6,
2026-03-27 10:46:00,252.7,252.81,252.7,252.81,507.0,252.7766,22,
2026-03-27 10:51:00,252.7,252.71,252.7,252.71,942.0,252.7281,30,
2026-03-27 10:52:00,252.74,252.74,252.73,252.73,424.0,252.7341,8,
2026-03-27 10:55:00,252.75,252.75,252.7,252.7,632.0,252.6808,35,
2026-03-27 10:58:00,252.56,252.56,252.56,252.56,680.0,252.5444,24,
2026-03-27 11:00:00,252.75,252.75,252.73,252.73,2249.0,252.5627,105,
2026-03-27 11:01:00,252.5,252.5,252.5,252.5,102.0,252.4992,3,
2026-03-27 11:02:00,252.5,252.5,252.5,252.5,366.0,252.4963,15,
2026-03-27 11:06:00,252.41,252.41,252.3,252.4,1690.0,252.3767,54,
2026-03-27 11:07:00,252.2,252.2,252.2,252.2,1588.0,252.2222,35,
2026-03-27 11:10:00,252.2,252.2,252.2,252.2,242.0,252.2055,10,
2026-03-27 11:13:00,252.33,252.4,252.33,252.39,1596.0,252.3602,95,
2026-03-27 11:15:00,252.4,252.51,252.4,252.51,2181.0,252.4339,43,
2026-03-27 11:17:00,252.5,252.51,252.5,252.5,1466.0,252.5066,32,
2026-03-27 11:18:00,252.4,252.41,252.4,252.41,3184.0,252.404,38,
2026-03-27 11:19:00,252.4,252.4,252.4,252.4,746.0,252.3957,7,
2026-03-27 11:21:00,252.4,252.45,252.4,252.45,855.0,252.4145,21,
2026-03-27 11:22:00,252.49,252.5,252.49,252.5,500.0,252.498,3,
2026-03-27 11:24:00,252.5,252.5,252.5,252.5,630.0,252.4992,8,
2026-03-27 11:25:00,252.46,252.46,252.46,252.46,393.0,252.4934,9,
2026-03-27 11:29:00,252.61,252.72,252.61,252.72,781.0,252.6791,11,
2026-03-27 11:30:00,252.6,252.6,252.6,252.6,570.0,252.6112,9,
2026-03-27 11:31:00,252.55,252.55,252.55,252.55,242.0,252.5689,7,
2026-03-27 11:34:00,252.65,252.65,252.65,252.65,542.0,252.6424,22,
2026-03-27 11:35:00,252.54,252.54,252.5,252.5,2310.0,252.5245,38,
2026-03-27 11:48:00,252.88,252.88,252.88,252.88,334.0,252.8598,24,
2026-03-27 11:49:00,252.9,252.9,252.9,252.9,711.0,252.9061,27,
2026-03-27 11:50:00,252.94,253.0,252.94,253.0,3549.0,252.9754,60,
2026-03-27 11:55:00,253.0,253.0,253.0,253.0,787.0,252.9939,30,
2026-03-27 11:57:00,252.92,252.92,252.92,252.92,161.0,252.9183,6,
2026-03-27 11:59:00,252.91,252.91,252.78,252.78,1312.0,252.812,18,
2026-03-27 12:00:00,253.2,254.71,252.06,253.93,34778.466692,253.5592,2493,
2026-03-27 12:01:00,254.55,254.55,252.5,252.5,4545.0,254.2646,262,
2026-03-27 12:03:00,252.89,252.89,252.89,252.89,2040.480384,253.6662,103,
2026-03-27 12:05:00,252.85,252.85,252.51,252.51,549.649249,252.9402,42,
2026-03-27 12:08:00,252.5,252.52,252.5,252.5,1040.07,252.5243,35,
2026-03-27 12:09:00,252.5,252.5,252.5,252.5,309.070919,252.5622,12,
2026-03-27 12:10:00,252.4,252.4,252.33,252.37,1142.07,252.3919,30,
2026-03-27 12:11:00,252.35,252.59,252.35,252.59,460.001346,252.4836,14,
2026-03-27 12:12:00,252.5658,252.5658,252.35,252.5,1277.007402,252.4285,21,
2026-03-27 12:13:00,252.52,252.52,252.52,252.52,275.881422,253.3277,14,
2026-03-27 12:15:00,252.31,252.31,252.31,252.31,465.052207,252.3405,9,
2026-03-27 12:16:00,252.52,252.68,252.5,252.6,3975.046728,252.5991,128,
2026-03-27 12:17:00,252.7,252.8175,252.7,252.8175,1509.0,252.719,40,
2026-03-27 12:18:00,252.8,252.85,252.8,252.85,487.015731,252.8054,18,
2026-03-27 12:19:00,253.0,253.0,252.84,252.84,730.026196,252.9252,16,
2026-03-27 12:21:00,252.91,252.99,252.75,252.75,1495.049222,252.9253,28,
2026-03-27 12:22:00,253.0,253.0,252.96,252.96,738.140419,252.9808,20,
2026-03-27 12:26:00,252.77,252.77,252.61,252.61,504.0,252.7445,29,
2026-03-27 12:27:00,252.95,252.95,252.93,252.93,940.0,252.8964,40,
2026-03-27 12:28:00,252.99,252.99,252.99,252.99,283.0,252.8488,16,
2026-03-27 12:30:00,252.95,252.98,252.95,252.98,675.0,252.9517,37,
2026-03-27 12:31:00,252.92,252.92,252.72,252.72,807.0,252.8476,35,
2026-03-27 12:32:00,252.74,252.86,252.74,252.85,1638.236483,252.858,23,
2026-03-27 12:33:00,252.8628,252.8628,252.8628,252.8628,302.586313,253.3178,13,
2026-03-27 12:34:00,252.7,252.7,252.7,252.7,763.0,252.7068,19,
2026-03-27 12:35:00,252.68,252.68,252.55,252.55,1596.5,252.7077,59,
2026-03-27 12:36:00,252.52,252.52,252.48,252.48,2538.004255,252.4969,32,
2026-03-27 12:37:00,252.42,252.5,252.42,252.5,384.0,252.4983,9,
2026-03-27 12:38:00,252.52,252.52,252.51,252.51,550.019758,252.5514,17,
2026-03-27 12:39:00,252.6907,252.83,252.6,252.83,3938.802044,252.7461,120,
2026-03-27 12:40:00,252.51,252.51,252.51,252.51,1500.0,252.6396,27,
2026-03-27 12:43:00,252.72,252.72,252.72,252.72,546.149008,252.8116,17,
2026-03-27 12:44:00,252.5136,252.84,252.5136,252.83,847.289815,252.8678,41,
2026-03-27 12:45:00,252.9,252.9,252.89,252.89,499.122242,252.9346,25,
2026-03-27 12:46:00,252.98,252.98,252.8014,252.8014,2061.0,252.9334,11,
2026-03-27 12:47:00,252.83,252.83,252.83,252.83,442.073838,252.8671,24,
2026-03-27 12:48:00,252.88,252.97,252.88,252.97,2060.015811,252.9196,42,
2026-03-27 12:49:00,252.7,252.7,252.7,252.7,1658.652395,252.8027,30,
2026-03-27 12:51:00,252.74,252.74,252.7,252.71,1436.592783,252.8188,31,
2026-03-27 12:57:00,252.9502,252.9502,252.9502,252.9502,145.0,252.8987,11,
2026-03-27 12:58:00,252.8,252.8,252.8,252.8,235.0,252.8183,13,
2026-03-27 12:59:00,252.722,252.722,252.62,252.62,359.0,252.7126,9,
2026-03-27 13:00:00,252.9,252.9,252.62,252.62,1920.024165,252.6944,53,
2026-03-27 13:01:00,252.5,252.55,252.5,252.54,1144.028803,252.5559,60,
2026-03-27 13:02:00,252.4,252.54,252.4,252.4,1278.0,252.4432,17,
2026-03-27 13:03:00,252.3,252.4,252.3,252.4,566.0,252.3835,13,
2026-03-27 13:04:00,252.68,252.71,252.68,252.71,947.5,252.818,32,
2026-03-27 13:06:00,252.3736,252.55,252.3736,252.55,668.299455,252.6137,28,
2026-03-27 13:07:00,252.68,252.7,252.56,252.56,5532.173368,252.6561,31,
2026-03-27 13:08:00,252.58,252.77,252.55,252.62,2628.0,252.6272,79,
2026-03-27 13:09:00,252.5,252.76,252.5,252.76,1202.071202,252.6397,67,
2026-03-27 13:11:00,252.69,252.73,252.69,252.73,528.006132,252.6121,29,
2026-03-27 13:12:00,252.73,252.8,252.555,252.75,1616.201919,252.6991,45,
2026-03-27 13:13:00,252.5748,252.79,252.5748,252.79,549.0,252.6993,29,
2026-03-27 13:14:00,252.5713,252.5713,252.5713,252.5713,327.0,252.58,11,
2026-03-27 13:15:00,252.79,252.87,252.79,252.87,2242.071402,252.8273,57,
2026-03-27 13:16:00,252.85,252.9,252.85,252.9,2032.0,252.8516,24,
2026-03-27 13:17:00,252.9,252.9,252.8,252.8,937.0,252.8551,45,
2026-03-27 13:18:00,252.89,252.89,252.89,252.89,751.007908,252.8859,39,
2026-03-27 13:19:00,252.96,252.96,252.83,252.83,812.363205,252.9826,36,
2026-03-27 13:20:00,252.94,253.08,252.94,253.08,2686.10465,253.0154,114,
2026-03-27 13:21:00,253.142,253.17,253.1,253.1,1593.012681,253.1375,29,
2026-03-27 13:22:00,253.16,253.16,253.16,253.16,588.170517,253.1562,29,
2026-03-27 13:23:00,253.1037,253.16,253.08,253.16,2415.004344,253.0957,27,
2026-03-27 13:24:00,253.16,253.17,253.06,253.17,1433.0,253.108,43,
2026-03-27 13:25:00,252.99,253.08,252.99,253.08,2949.157602,253.0152,121,
2026-03-27 13:26:00,253.0,253.92,253.0,253.92,8905.721584,253.6612,282,
2026-03-27 13:27:00,254.02,254.61,253.92,254.01,17993.818356,254.3263,409,
2026-03-27 13:28:00,253.85,253.91,253.6,253.6,3616.956103,253.7549,124,
2026-03-27 13:29:00,253.64,253.9,253.5,253.9,3364.428693,253.7278,94,
2026-03-27 13:30:00,253.9,255.1,253.25,254.07,800853.988209,254.0624,13873,
2026-03-27 13:31:00,254.04,254.04,253.16,253.39,163716.349903,253.4552,3186,
2026-03-27 13:32:00,253.3,253.685,253.17,253.629,115062.312061,253.4163,2344,
2026-03-27 13:33:00,253.605,253.64,253.0,253.15,143629.552937,253.2938,3396,
2026-03-27 13:34:00,253.15,253.2999,252.91,253.0901,108252.693159,253.0929,2302,
2026-03-27 13:35:00,253.14,253.16,252.7801,253.03,153094.909931,252.9863,3079,
2026-03-27 13:36:00,253.04,253.42,252.94,253.1604,133003.475812,253.1915,2584,
2026-03-27 13:37:00,253.1617,253.63,253.16,253.48,154359.975572,253.4321,3115,
2026-03-27 13:38:00,253.47,254.01,253.44,253.76,128592.708655,253.7308,2366,
2026-03-27 13:39:00,253.75,254.27,253.75,254.03,123655.284901,253.9634,1914,
2026-03-27 13:40:00,254.0364,254.11,253.5601,254.03,135447.840914,253.822,2450,
2026-03-27 13:41:00,254.05,254.37,254.05,254.33,104421.195542,254.2167,1778,
2026-03-27 13:42:00,254.36,254.37,253.9706,254.15,88548.184043,254.1905,2084,
2026-03-27 13:43:00,254.16,254.16,253.85,253.9315,120423.322446,253.9788,2428,
2026-03-27 13:44:00,253.98,254.28,253.98,254.0,62467.126013,254.1232,2053,
2026-03-27 13:45:00,254.06,254.31,254.02,254.275,104178.512599,254.154,2828,
2026-03-27 13:46:00,254.25,254.53,254.205,254.36,88061.415301,254.3953,2578,
2026-03-27 13:47:00,254.4,254.805,254.29,254.79,150002.192486,254.5664,3394,
2026-03-27 13:48:00,254.78,255.37,254.72,255.23,208371.438689,255.0303,4525,
2026-03-27 13:49:00,255.26,255.3,254.68,254.725,123952.368391,254.9764,2975,
2026-03-27 13:50:00,254.74,254.87,254.56,254.58,199825.96329,254.6759,3940,
2026-03-27 13:51:00,254.6,255.04,254.6,254.97,288418.306721,254.827,4485,
2026-03-27 13:52:00,254.97,255.2,254.67,254.68,325755.081573,254.9198,5079,
2026-03-27 13:53:00,254.68,254.73,254.3,254.45,234924.329402,254.5297,5042,
2026-03-27 13:54:00,254.48,255.07,254.44,254.875,125198.087531,254.8274,2805,
2026-03-27 13:55:00,254.875,254.97,254.7,254.885,189888.12128,254.8597,2941,
2026-03-27 13:56:00,254.885,254.94,254.29,254.35,170031.707147,254.637,3869,
2026-03-27 13:57:00,254.39,255.23,254.3,255.0,379670.292487,254.9586,5941,
2026-03-27 13:58:00,254.98,255.0,254.83,254.88,189756.550993,254.9009,3244,
2026-03-27 13:59:00,254.88,255.2,254.86,254.9,92826.785741,255.056,2829,
2026-03-27 14:00:00,254.86,255.05,254.73,254.93,162969.713,254.9188,3567,
2026-03-27 14:01:00,254.94,255.09,254.73,254.86,157127.912286,254.8991,3085,
2026-03-27 14:02:00,254.86,254.91,254.43,254.855,160672.219119,254.6821,3663,
2026-03-27 14:03:00,254.87,255.06,254.6279,254.66,178597.448626,254.9028,3186,
2026-03-27 14:04:00,254.67,254.79,254.41,254.465,192501.883116,254.6029,4068,
2026-03-27 14:05:00,254.48,254.57,254.025,254.2,156912.331128,254.2593,3282,
2026-03-27 14:06:00,254.21,254.38,254.09,254.28,90788.333852,254.2421,2754,
2026-03-27 14:07:00,254.31,254.58,254.245,254.56,85724.264597,254.4178,2735,
2026-03-27 14:08:00,254.56,254.86,254.43,254.78,167564.555931,254.6553,3539,
2026-03-27 14:09:00,254.81,254.87,254.5901,254.5902,102963.151982,254.7607,2991,
2026-03-27 14:10:00,254.62,255.05,254.61,254.99,172679.328072,254.85,3792,
2026-03-27 14:11:00,254.99,255.2,254.89,255.18,162761.35809,255.037,3497,
2026-03-27 14:12:00,255.2,255.493,255.19,255.29,154693.599358,255.3648,3329,
2026-03-27 14:13:00,255.29,255.39,254.9,254.935,77739.253992,255.1636,2542,
2026-03-27 14:14:00,254.9,254.91,254.36,254.77,198300.08782,254.6715,3897,
2026-03-27 14:15:00,254.72,255.02,254.66,254.945,134588.043773,254.8294,3210,
2026-03-27 14:16:00,254.92,255.105,254.81,254.82,126520.811133,255.0217,2724,
2026-03-27 14:17:00,254.84,254.84,254.55,254.69,71098.258834,254.7013,2352,
2026-03-27 14:18:00,254.68,254.82,254.4,254.74,131471.934772,254.5766,3221,
2026-03-27 14:19:00,254.7201,255.0,254.7201,254.86,117297.259382,254.8961,3099,
2026-03-27 14:20:00,254.8899,255.29,254.825,255.21,185182.894309,255.1226,3480,
2026-03-27 14:21:00,255.23,255.29,254.835,254.962,168131.151215,255.0794,3659,
2026-03-27 14:22:00,254.95,254.97,254.3,254.3,141453.222502,254.7079,3204,
2026-03-27 14:23:00,254.29,254.35,254.07,254.11,105670.294391,254.225,2749,
2026-03-27 14:24:00,254.0905,254.53,253.94,254.51,152522.395287,254.2183,3011,
2026-03-27 14:25:00,254.51,254.82,254.48,254.62,213302.322901,254.5992,4380,
2026-03-27 14:26:00,254.63,254.72,254.47,254.52,78030.19077,254.5894,2428,
2026-03-27 14:27:00,254.52,254.69,254.37,254.39,82387.190146,254.5663,2348,
2026-03-27 14:28:00,254.4,254.54,254.3,254.4895,51711.45907,254.4265,1992,
2026-03-27 14:29:00,254.49,254.56,254.4,254.46,57494.389828,254.4825,2230,
2026-03-27 14:30:00,254.46,254.62,254.3612,254.41,107142.868403,254.4974,2458,
2026-03-27 14:31:00,254.4099,254.69,254.3901,254.66,56061.005043,254.5575,2227,
2026-03-27 14:32:00,254.62,254.62,254.3,254.38,75280.971992,254.4511,2138,
2026-03-27 14:33:00,254.36,254.43,254.1844,254.208,57649.179814,254.3468,2308,
2026-03-27 14:34:00,254.2,254.305,254.1,254.13,69832.04804,254.2088,2414,
2026-03-27 14:35:00,254.13,254.2794,253.97,254.19,68516.098367,254.1236,2606,
2026-03-27 14:36:00,254.18,254.22,253.96,254.04,62713.778729,254.1438,2105,
2026-03-27 14:37:00,254.0,254.0,253.72,253.77,108953.977423,253.8114,2462,
2026-03-27 14:38:00,253.81,253.84,253.2701,253.3799,108523.175319,253.5547,2767,
2026-03-27 14:39:00,253.37,253.47,253.16,253.3,147592.264445,253.3002,3079,
2026-03-27 14:40:00,253.3,253.38,253.15,253.25,100665.35029,253.2897,3106,
2026-03-27 14:41:00,253.25,253.2501,252.99,253.075,94958.793297,253.1449,2861,
2026-03-27 14:42:00,253.08,253.095,252.62,252.64,134303.120695,252.8935,3417,
2026-03-27 14:43:00,252.68,252.71,252.3412,252.42,159337.200853,252.5332,3334,
2026-03-27 14:44:00,252.41,252.54,252.375,252.54,114973.524415,252.4755,3077,
2026-03-27 14:45:00,252.53,252.575,252.25,252.25,115645.322348,252.4663,3039,
2026-03-27 14:46:00,252.27,252.29,251.8,251.98,234280.470505,252.0515,4715,
2026-03-27 14:47:00,251.99,252.21,251.86,252.21,143779.779354,252.0166,2863,
2026-03-27 14:48:00,252.21,252.5,252.15,252.5,126109.464321,252.3494,2800,
2026-03-27 14:49:00,252.485,252.7,252.47,252.63,100222.893378,252.6062,2548,
2026-03-27 14:50:00,252.63,252.865,252.58,252.85,83264.425978,252.7255,2175,
2026-03-27 14:51:00,252.85,252.96,252.74,252.79,92701.194899,252.858,2626,
2026-03-27 14:52:00,252.75,253.27,252.68,253.1,146279.754772,253.0063,3261,
2026-03-27 14:53:00,253.08,253.14,252.9,253.125,131602.534013,253.0021,2591,
2026-03-27 14:54:00,253.125,253.16,252.8201,252.9,204408.563403,253.0102,2690,
2026-03-27 14:55:00,252.901,253.45,252.901,253.21,139539.691194,253.2598,3087,
2026-03-27 14:56:00,253.21,253.3499,253.09,253.32,49599.867454,253.2,1964,
2026-03-27 14:57:00,253.29,253.43,253.165,253.4,47383.689909,253.3012,1833,
2026-03-27 14:58:00,253.405,253.46,253.23,253.24,71012.688253,253.346,2122,
2026-03-27 14:59:00,253.27,253.33,253.23,253.28,68777.144586,253.2682,2013,
2026-03-27 15:00:00,253.27,253.43,253.13,253.205,272966.208745,253.2567,2264,
2026-03-27 15:01:00,253.19,253.43,253.13,253.27,67746.272069,253.293,2085,
2026-03-27 15:02:00,253.29,253.41,253.27,253.32,49508.935558,253.3507,2035,
2026-03-27 15:03:00,253.35,253.39,253.2502,253.33,43546.114579,253.3251,1845,
2026-03-27 15:04:00,253.36,253.385,253.16,253.18,38822.053076,253.2849,1805,
2026-03-27 15:05:00,253.195,253.2671,253.07,253.18,54981.543546,253.164,2022,
2026-03-27 15:06:00,253.17,253.4,252.95,252.97,89471.012886,253.176,2531,
2026-03-27 15:07:00,252.99,253.125,252.88,252.88,92009.063202,253.0589,2397,
2026-03-27 15:08:00,252.89,253.05,252.77,253.0201,65673.868878,252.8899,2065,
2026-03-27 15:09:00,252.97,252.97,252.74,252.79,39887.804229,252.8541,1835,
2026-03-27 15:10:00,252.79,252.84,252.685,252.745,41095.357978,252.7518,1899,
2026-03-27 15:11:00,252.745,252.86,252.3608,252.45,73719.06252,252.5588,2433,
2026-03-27 15:12:00,252.42,252.47,252.2901,252.35,67492.830086,252.3866,2165,
2026-03-27 15:13:00,252.36,252.36,252.2209,252.23,45256.595849,252.3025,1764,
2026-03-27 15:14:00,252.22,252.32,252.11,252.19,68156.016748,252.2479,2214,
2026-03-27 15:15:00,252.19,252.38,252.13,252.18,67627.431487,252.2528,2044,
2026-03-27 15:16:00,252.1601,252.3099,252.07,252.23,65540.744272,252.1994,2014,
2026-03-27 15:17:00,252.22,252.24,251.97,252.052,63565.524707,252.1071,2311,
2026-03-27 15:18:00,252.04,252.37,252.04,252.32,65501.971332,252.2065,2044,
2026-03-27 15:19:00,252.32,252.44,252.245,252.245,44346.603492,252.358,1854,
2026-03-27 15:20:00,252.255,252.26,252.085,252.135,55858.71787,252.1818,2019,
2026-03-27 15:21:00,252.14,252.23,252.14,252.23,23907.494036,252.179,1590,
2026-03-27 15:22:00,252.22,252.32,252.19,252.21,44469.810178,252.254,1741,
2026-03-27 15:23:00,252.24,252.8,252.18,252.68,163419.168407,252.4375,3925,
2026-03-27 15:24:00,252.635,252.73,252.33,252.375,85343.399373,252.466,2535,
2026-03-27 15:25:00,252.38,252.465,252.28,252.465,38576.838286,252.3812,1780,
2026-03-27 15:26:00,252.48,252.61,252.44,252.6,40086.442047,252.5375,1659,
2026-03-27 15:27:00,252.6,252.65,252.48,252.58,47142.018711,252.5861,1841,
2026-03-27 15:28:00,252.575,252.68,252.53,252.65,45241.701336,252.6247,1825,
2026-03-27 15:29:00,252.67,252.68,252.48,252.62,44645.478708,252.5524,1811,
2026-03-27 15:30:00,252.63,252.69,252.34,252.65,57939.679412,252.5102,2101,
2026-03-27 15:31:00,252.64,252.84,252.58,252.69,72640.801148,252.7343,2066,
2026-03-27 15:32:00,252.68,252.9,252.64,252.87,60834.470827,252.7721,1980,
2026-03-27 15:33:00,252.87,253.0,252.83,252.9899,92335.070987,252.9062,2127,
2026-03-27 15:34:00,252.97,253.09,252.97,253.04,94514.459545,253.0393,2133,
2026-03-27 15:35:00,253.03,253.06,252.89,253.025,76209.127998,252.9841,2159,
2026-03-27 15:36:00,253.015,253.0999,252.91,252.99,189566.668494,252.8052,2263,
2026-03-27 15:37:00,252.99,253.25,252.74,252.89,92084.293421,253.0164,2599,
2026-03-27 15:38:00,252.905,252.94,252.795,252.83,46538.778726,252.8755,1831,
2026-03-27 15:39:00,252.82,252.84,252.41,252.47,53598.04827,252.6464,2071,
2026-03-27 15:40:00,252.46,252.5,252.17,252.28,67930.447584,252.3179,2182,
2026-03-27 15:41:00,252.29,252.39,252.14,252.21,46672.294476,252.2347,1947,
2026-03-27 15:42:00,252.2,252.46,252.19,252.38,45902.73506,252.3682,1824,
2026-03-27 15:43:00,252.3899,252.61,252.38,252.575,59695.22725,252.5144,1844,
2026-03-27 15:44:00,252.58,252.7,252.54,252.57,40621.018259,252.632,1608,
2026-03-27 15:45:00,252.615,252.67,252.3155,252.415,63168.032996,252.4597,2073,
2026-03-27 15:46:00,252.4,252.48,252.385,252.455,27586.555489,252.4324,1541,
2026-03-27 15:47:00,252.48,252.535,252.37,252.41,24809.080853,252.4378,1442,
2026-03-27 15:48:00,252.41,252.44,252.31,252.4,26035.239879,252.3832,1500,
2026-03-27 15:49:00,252.41,252.44,252.31,252.37,28493.278686,252.3876,603,
2026-03-27 15:50:00,252.3701,252.57,252.33,252.55,54378.740776,252.4864,1093,
2026-03-27 15:51:00,252.55,252.81,252.47,252.695,63624.784138,252.6406,1243,
2026-03-27 15:52:00,252.695,252.76,252.62,252.66,41596.40998,252.7022,807,
2026-03-27 15:53:00,252.66,252.66,252.54,252.5401,52952.547348,252.6097,1180,
2026-03-27 15:54:00,252.54,252.61,252.46,252.5746,63758.647018,252.5187,939,
2026-03-27 15:55:00,252.59,252.7,252.54,252.66,30272.84847,252.6156,693,
2026-03-27 15:56:00,252.68,252.93,252.68,252.79,65826.223628,252.8244,1052,
2026-03-27 15:57:00,252.76,252.79,252.665,252.77,51961.374286,252.7301,873,
2026-03-27 15:58:00,252.8,252.84,252.67,252.67,47011.362688,252.7477,777,
2026-03-27 15:59:00,252.655,252.78,252.59,252.725,42576.111289,252.6838,788,
2026-03-27 16:00:00,252.73,252.83,252.7,252.82,62049.795098,252.766,1017,
2026-03-27 16:01:00,252.8,252.8,252.59,252.65,51780.934379,252.6983,942,
2026-03-27 16:02:00,252.645,252.85,252.635,252.84,42907.586303,252.7593,820,
2026-03-27 16:03:00,252.84,252.89,252.77,252.815,41836.070666,252.8388,831,
2026-03-27 16:04:00,252.8,252.9,252.78,252.79,41714.279279,252.846,797,
2026-03-27 16:05:00,252.7999,252.81,252.7,252.705,45108.38687,252.7743,854,
2026-03-27 16:06:00,252.705,252.775,252.64,252.76,41837.257857,252.7069,824,
2026-03-27 16:07:00,252.76,252.775,252.515,252.545,64394.358629,252.6684,1240,
2026-03-27 16:08:00,252.53,252.54,252.27,252.36,102100.505313,252.4022,1670,
2026-03-27 16:09:00,252.3401,252.56,252.3401,252.45,49090.815083,252.4869,873,
2026-03-27 16:10:00,252.46,252.47,252.29,252.33,25939.22231,252.3843,688,
2026-03-27 16:11:00,252.33,252.39,252.24,252.28,36315.2978,252.3033,779,
2026-03-27 16:12:00,252.29,252.48,252.29,252.41,27552.038279,252.409,633,
2026-03-27 16:13:00,252.395,252.83,252.39,252.725,66259.95085,252.6552,1333,
2026-03-27 16:14:00,252.72,252.745,252.63,252.72,53671.143788,252.6993,903,
2026-03-27 16:15:00,252.75,252.75,252.5,252.59,45447.320705,252.5993,933,
2026-03-27 16:16:00,252.61,252.66,252.47,252.5368,34307.007078,252.5835,804,
2026-03-27 16:17:00,252.535,252.597,252.305,252.39,39395.856949,252.4531,848,
2026-03-27 16:18:00,252.385,252.42,252.22,252.23,33265.542362,252.331,771,
2026-03-27 16:19:00,252.2201,252.375,252.2201,252.26,29890.902519,252.3029,761,
2026-03-27 16:20:00,252.265,252.315,252.14,252.3,41578.028667,252.2536,932,
2026-03-27 16:21:00,252.32,252.38,252.23,252.315,28567.681589,252.3125,710,
2026-03-27 16:22:00,252.315,252.36,252.17,252.17,35945.58152,252.2752,892,
2026-03-27 16:23:00,252.18,252.37,252.18,252.28,39427.263768,252.309,876,
2026-03-27 16:24:00,252.28,252.28,252.07,252.08,29128.353293,252.1761,726,
2026-03-27 16:25:00,252.1,252.11,251.81,251.84,101170.091729,251.9666,1566,
2026-03-27 16:26:00,251.835,251.865,251.71,251.84,84288.451433,251.813,1432,
2026-03-27 16:27:00,251.85,251.93,251.82,251.93,101848.298911,251.8842,965,
2026-03-27 16:28:00,251.9256,251.94,251.78,251.88,64069.946843,251.8879,896,
2026-03-27 16:29:00,251.855,251.92,251.69,251.78,73422.441386,251.7885,1046,
2026-03-27 16:30:00,251.77,251.9,251.77,251.83,37703.667002,251.8416,762,
2026-03-27 16:31:00,251.83,251.86,251.74,251.84,35030.207338,251.8077,791,
2026-03-27 16:32:00,251.83,251.83,251.75,251.81,38679.139395,251.7919,760,
2026-03-27 16:33:00,251.8,251.85,251.77,251.83,46797.622709,251.818,958,
2026-03-27 16:34:00,251.83,251.84,251.74,251.8099,34745.885633,251.7997,819,
2026-03-27 16:35:00,251.81,251.9,251.78,251.86,43632.56599,251.8415,818,
2026-03-27 16:36:00,251.869,251.94,251.8,251.94,29990.550178,251.8853,759,
2026-03-27 16:37:00,251.92,251.93,251.78,251.865,34757.017771,251.8644,870,
2026-03-27 16:38:00,251.865,252.12,251.78,251.88,179675.251,251.9441,2492,
2026-03-27 16:39:00,251.8801,251.93,251.75,251.82,54263.859743,251.8545,1208,
2026-03-27 16:40:00,251.795,251.895,251.695,251.84,41022.523138,251.8193,1058,
2026-03-27 16:41:00,251.83,252.05,251.82,252.02,33970.198462,251.9662,873,
2026-03-27 16:42:00,252.025,252.18,252.0112,252.11,53910.003961,252.0745,872,
2026-03-27 16:43:00,252.11,252.28,252.07,252.175,40986.204255,252.176,985,
2026-03-27 16:44:00,252.175,252.27,252.12,252.22,29692.172579,252.2002,771,
2026-03-27 16:45:00,252.22,252.29,252.13,252.27,45283.083475,252.2027,834,
2026-03-27 16:46:00,252.29,252.6,252.29,252.55,63419.897769,252.4778,1263,
2026-03-27 16:47:00,252.57,252.67,252.5,252.6302,68661.809252,252.6015,1088,
2026-03-27 16:48:00,252.64,252.71,252.57,252.71,58026.251603,252.6303,1047,
2026-03-27 16:49:00,252.72,252.76,252.59,252.595,33027.800161,252.6645,722,
2026-03-27 16:50:00,252.58,252.7,252.495,252.59,58879.349522,252.6085,1030,
2026-03-27 16:51:00,252.6,252.7,252.52,252.53,40594.7323,252.5973,707,
2026-03-27 16:52:00,252.535,252.55,252.33,252.36,50040.094847,252.4577,887,
2026-03-27 16:53:00,252.35,252.4392,252.315,252.345,25712.293819,252.3692,510,
2026-03-27 16:54:00,252.34,252.48,252.2701,252.45,63966.474007,252.3554,999,
2026-03-27 16:55:00,252.43,252.58,252.41,252.5,46342.867412,252.4873,967,
2026-03-27 16:56:00,252.49,252.49,252.39,252.41,41572.584716,252.431,738,
2026-03-27 16:57:00,252.41,252.42,252.36,252.41,33287.710629,252.4017,667,
2026-03-27 16:58:00,252.41,252.57,252.41,252.455,38817.939298,252.4897,721,
2026-03-27 16:59:00,252.44,252.445,252.39,252.42,26869.608281,252.4177,588,
2026-03-27 17:00:00,252.42,252.5,252.22,252.239,46792.428044,252.4078,841,
2026-03-27 17:01:00,252.24,252.28,252.12,252.19,31615.308494,252.1956,786,
2026-03-27 17:02:00,252.2,252.23,252.05,252.085,42397.848424,252.1437,796,
2026-03-27 17:03:00,252.11,252.128,251.98,252.03,44684.952275,252.074,848,
2026-03-27 17:04:00,252.03,252.18,252.0,252.12,32583.401476,252.1172,611,
2026-03-27 17:05:00,252.12,252.15,252.015,252.04,33592.936961,252.1028,749,
2026-03-27 17:06:00,252.0101,252.51,251.95,252.45,95998.164787,252.1813,1953,
2026-03-27 17:07:00,252.425,252.65,252.16,252.285,84240.148167,252.4199,1821,
2026-03-27 17:08:00,252.28,252.3999,252.205,252.22,36113.376879,252.2913,667,
2026-03-27 17:09:00,252.24,252.37,252.21,252.31,28280.944349,252.2972,658,
2026-03-27 17:10:00,252.3,252.32,252.1,252.1,42599.57568,252.218,723,
2026-03-27 17:11:00,252.08,252.175,252.03,252.12,60268.559911,252.0939,944,
2026-03-27 17:12:00,252.1001,252.14,251.64,251.7645,171084.57766,251.8765,2362,
2026-03-27 17:13:00,251.77,251.7705,251.6,251.61,53693.041731,251.6894,936,
2026-03-27 17:14:00,251.61,251.96,251.61,251.825,35658.381318,251.7899,743,
2026-03-27 17:15:00,251.83,251.855,251.75,251.755,37434.583027,251.7979,659,
2026-03-27 17:16:00,251.76,251.78,251.665,251.73,33373.469532,251.7395,663,
2026-03-27 17:17:00,251.72,251.775,251.62,251.635,36141.187517,251.7065,762,
2026-03-27 17:18:00,251.6108,251.65,251.39,251.401,53520.392091,251.5489,1099,
2026-03-27 17:19:00,251.4,251.4199,251.285,251.39,41066.956002,251.357,934,
2026-03-27 17:20:00,251.375,251.42,251.12,251.15,135260.504005,251.1928,2018,
2026-03-27 17:21:00,251.155,251.28,251.03,251.06,111086.006718,251.1435,1092,
2026-03-27 17:22:00,251.07,251.08,250.9,251.03,84090.777296,250.9621,1407,
2026-03-27 17:23:00,251.03,251.03,250.76,250.885,50241.649665,250.8565,949,
2026-03-27 17:24:00,250.87,250.92,250.68,250.794,102302.425215,250.7977,1398,
2026-03-27 17:25:00,250.79,250.82,250.71,250.73,58460.905804,250.7911,1008,
2026-03-27 17:26:00,250.725,250.74,250.58,250.58,55284.088405,250.6549,1023,
2026-03-27 17:27:00,250.57,250.62,250.47,250.5101,52311.811048,250.547,1181,
2026-03-27 17:28:00,250.525,250.7,250.42,250.5,111701.33819,250.5192,1977,
2026-03-27 17:29:00,250.51,250.515,250.365,250.41,51288.902891,250.452,907,
2026-03-27 17:30:00,250.41,250.51,250.352,250.43,89015.684124,250.4297,1488,
2026-03-27 17:31:00,250.425,250.5,250.4,250.4,39653.649871,250.4507,865,
2026-03-27 17:32:00,250.41,250.54,250.39,250.485,103021.709427,250.4473,1549,
2026-03-27 17:33:00,250.5,250.58,250.46,250.52,51061.395521,250.5259,1097,
2026-03-27 17:34:00,250.53,250.535,250.405,250.445,39816.35775,250.4743,898,
2026-03-27 17:35:00,250.45,250.52,250.42,250.465,56455.068888,250.4622,1200,
2026-03-27 17:36:00,250.47,250.47,250.16,250.28,138972.407101,250.286,2766,
2026-03-27 17:37:00,250.29,250.325,250.12,250.28,70819.232773,250.2219,1370,
2026-03-27 17:38:00,250.285,250.285,250.03,250.22,145099.365931,250.1402,2600,
2026-03-27 17:39:00,250.22,250.225,250.03,250.04,74686.966219,250.1123,1241,
2026-03-27 17:40:00,250.05,250.05,249.88,249.92,112690.553467,249.9748,3162,
2026-03-27 17:41:00,249.93,249.94,249.74,249.77,67361.087838,249.8314,1273,
2026-03-27 17:42:00,249.79,249.84,249.71,249.77,72979.105432,249.763,1415,
2026-03-27 17:43:00,249.78,249.82,249.59,249.7,86482.752734,249.7205,1662,
2026-03-27 17:44:00,249.691,249.7074,249.56,249.64,74820.015064,249.6263,1452,
2026-03-27 17:45:00,249.63,249.72,249.35,249.64,168528.209031,249.5432,3072,
2026-03-27 17:46:00,249.63,249.675,249.49,249.595,110840.686331,249.5538,1347,
2026-03-27 17:47:00,249.59,249.72,249.51,249.57,68157.72221,249.6129,1422,
2026-03-27 17:48:00,249.56,249.61,249.4201,249.45,54237.878656,249.5268,918,
2026-03-27 17:49:00,249.46,249.56,249.36,249.43,62107.217881,249.4652,1360,
2026-03-27 17:50:00,249.43,249.62,249.41,249.57,48912.083877,249.5311,1026,
2026-03-27 17:51:00,249.58,249.635,249.54,249.54,46386.927106,249.5943,847,
2026-03-27 17:52:00,249.545,249.735,249.545,249.735,41713.762874,249.6655,946,
2026-03-27 17:53:00,249.735,249.7399,249.66,249.68,47205.74034,249.7053,3314,
2026-03-27 17:54:00,249.68,249.905,249.625,249.83,46008.574987,249.7744,1319,
2026-03-27 17:55:00,249.85,249.96,249.8,249.86,105199.475254,249.8849,1711,
2026-03-27 17:56:00,249.84,249.925,249.76,249.82,78767.909787,249.8472,1239,
2026-03-27 17:57:00,249.835,250.1,249.79,250.04,101087.99878,249.8845,1576,
2026-03-27 17:58:00,250.03,250.03,249.855,249.96,55212.361993,249.9472,1097,
2026-03-27 17:59:00,249.99,249.99,249.79,249.81,56786.556639,249.9024,1215,
2026-03-27 18:00:00,249.81,249.8963,249.7301,249.86,52964.481537,249.8306,1193,
2026-03-27 18:01:00,249.88,249.91,249.78,249.88,385849.710735,249.8572,644,
2026-03-27 18:02:00,249.88,249.94,249.84,249.88,36350.140006,249.881,836,
2026-03-27 18:03:00,249.89,249.91,249.75,249.83,44598.544091,249.8378,813,
2026-03-27 18:04:00,249.825,249.83,249.66,249.805,70117.833353,249.7628,1292,
2026-03-27 18:05:00,249.8,249.88,249.695,249.735,42135.611481,249.7917,869,
2026-03-27 18:06:00,249.74,249.75,249.48,249.51,65999.551338,249.5871,1283,
2026-03-27 18:07:00,249.52,249.555,249.17,249.185,91697.755254,249.327,1764,
2026-03-27 18:08:00,249.18,249.32,249.035,249.06,90503.124511,249.1548,1615,
2026-03-27 18:09:00,249.05,249.0799,248.71,248.76,186676.048828,248.8911,2861,
2026-03-27 18:10:00,248.765,248.87,248.63,248.87,93097.239107,248.7474,1672,
2026-03-27 18:11:00,248.87,249.13,248.87,249.105,126775.293974,249.0019,1608,
2026-03-27 18:12:00,249.12,249.13,249.04,249.08,75118.266387,249.0848,1385,
2026-03-27 18:13:00,249.075,249.22,249.025,249.1,47131.004191,249.1188,979,
2026-03-27 18:14:00,249.1,249.19,249.035,249.095,83157.79397,249.113,1132,
2026-03-27 18:15:00,249.1,249.32,249.05,249.25,69705.714284,249.215,1366,
2026-03-27 18:16:00,249.23,249.3,249.15,249.18,41292.173133,249.233,1012,
2026-03-27 18:17:00,249.18,249.38,249.15,249.36,47971.878099,249.2777,1073,
2026-03-27 18:18:00,249.36,249.5199,249.32,249.39,64631.893996,249.4165,1210,
2026-03-27 18:19:00,249.39,249.48,249.3501,249.4,46467.06293,249.4293,1021,
2026-03-27 18:20:00,249.39,249.48,249.36,249.435,56818.104617,249.4305,1034,
2026-03-27 18:21:00,249.4,249.43,249.16,249.29,51969.271762,249.2819,980,
2026-03-27 18:22:00,249.275,249.3399,249.13,249.1699,48874.337415,249.2325,926,
2026-03-27 18:23:00,249.14,249.17,248.9701,249.115,55820.090614,249.0773,1184,
2026-03-27 18:24:00,249.11,249.22,249.07,249.11,41230.753949,249.1433,1057,
2026-03-27 18:25:00,249.105,249.11,248.98,249.11,43254.278413,249.0597,996,
2026-03-27 18:26:00,249.12,249.19,249.04,249.13,43066.555792,249.1346,903,
2026-03-27 18:27:00,249.135,249.28,249.11,249.26,69245.766677,249.2153,1212,
2026-03-27 18:28:00,249.27,249.42,249.26,249.41,40259.2012,249.3279,872,
2026-03-27 18:29:00,249.42,249.5351,249.35,249.385,52498.300505,249.4178,1027,
2026-03-27 18:30:00,249.41,249.43,249.3,249.36,44403.239936,249.3575,882,
2026-03-27 18:31:00,249.34,249.39,249.26,249.36,40007.088757,249.3249,877,
2026-03-27 18:32:00,249.341,249.3874,249.26,249.3,43874.262101,249.3203,858,
2026-03-27 18:33:00,249.31,249.36,249.24,249.242,47228.618853,249.2924,982,
2026-03-27 18:34:00,249.23,249.405,249.23,249.38,33203.215937,249.3193,753,
2026-03-27 18:35:00,249.37,249.37,249.17,249.275,42910.041877,249.25,927,
2026-03-27 18:36:00,249.28,249.39,249.28,249.34,58333.18435,249.3269,1065,
2026-03-27 18:37:00,249.33,249.52,249.33,249.3751,58489.256357,249.4275,1045,
2026-03-27 18:38:00,249.365,249.37,249.1,249.14,74121.543403,249.2179,1239,
2026-03-27 18:39:00,249.13,249.2699,248.94,249.015,96506.608741,249.1034,1427,
2026-03-27 18:40:00,249.02,249.04,248.83,248.91,78340.150184,248.9574,1263,
2026-03-27 18:41:00,248.925,249.01,248.82,248.84,61523.409063,248.9068,1010,
2026-03-27 18:42:00,248.84,248.85,248.61,248.7801,122113.255738,248.7168,1951,
2026-03-27 18:43:00,248.79,249.32,248.79,249.095,103519.382971,249.0726,2174,
2026-03-27 18:44:00,249.11,249.11,248.84,248.9025,72963.949357,248.9263,1257,
2026-03-27 18:45:00,248.89,249.045,248.88,249.015,86689.033556,248.9799,1543,
2026-03-27 18:46:00,249.0,249.06,248.86,248.94,59267.953206,248.9691,1174,
2026-03-27 18:47:00,248.93,248.97,248.81,248.82,89606.092097,248.9062,1278,
2026-03-27 18:48:00,248.8,248.98,248.79,248.94,86777.860685,248.8957,1332,
2026-03-27 18:49:00,248.93,249.09,248.92,249.0,75030.550415,249.0111,1304,
2026-03-27 18:50:00,248.995,249.1,248.96,249.04,40799.781694,249.0422,914,
2026-03-27 18:51:00,249.035,249.14,249.02,249.095,55920.855602,249.0855,1066,
2026-03-27 18:52:00,249.098,249.19,248.985,248.985,63927.11577,249.086,1030,
2026-03-27 18:53:00,248.98,248.99,248.69,248.835,70288.039426,248.8264,1370,
2026-03-27 18:54:00,248.85,248.955,248.67,248.69,56525.160249,248.8008,1124,
2026-03-27 18:55:00,248.685,248.84,248.685,248.78,74125.666264,248.7852,1282,
2026-03-27 18:56:00,248.775,248.8221,248.7,248.8,48349.818416,248.7708,1026,
2026-03-27 18:57:00,248.79,248.83,248.73,248.83,51061.713302,248.8043,991,
2026-03-27 18:58:00,248.84,248.84,248.67,248.68,55394.903823,248.736,1131,
2026-03-27 18:59:00,248.67,248.73,248.64,248.66,65288.895366,248.6861,1538,
2026-03-27 19:00:00,248.66,248.79,248.64,248.715,67339.518303,248.6959,1379,
2026-03-27 19:01:00,248.715,248.77,248.56,248.66,65837.726806,248.6411,1443,
2026-03-27 19:02:00,248.66,248.97,248.66,248.86,68354.181893,248.8297,1545,
2026-03-27 19:03:00,248.86,248.86,248.63,248.725,41383.796838,248.748,918,
2026-03-27 19:04:00,248.73,248.73,248.59,248.635,58643.782167,248.6727,1144,
2026-03-27 19:05:00,248.65,248.705,248.53,248.705,86471.565033,248.6209,1601,
2026-03-27 19:06:00,248.7,248.75,248.6,248.733,52636.893882,248.701,945,
2026-03-27 19:07:00,248.735,248.75,248.45,248.55,109452.30862,248.5666,2318,
2026-03-27 19:08:00,248.55,248.56,248.36,248.45,87546.15502,248.4618,1688,
2026-03-27 19:09:00,248.45,248.45,248.36,248.43,48016.301854,248.4037,975,
2026-03-27 19:10:00,248.43,248.45,248.33,248.45,67379.145064,248.3842,1308,
2026-03-27 19:11:00,248.45,248.7,248.415,248.655,83156.284561,248.5474,1554,
2026-03-27 19:12:00,248.655,249.08,248.655,248.96,113803.93851,248.8924,2162,
2026-03-27 19:13:00,248.965,249.11,248.865,249.05,110364.751041,248.9851,1786,
2026-03-27 19:14:00,249.06,249.12,248.99,249.02,83219.785828,249.0642,1399,
2026-03-27 19:15:00,249.0,249.02,248.795,248.83,76983.795211,248.9052,1427,
2026-03-27 19:16:00,248.83,248.9,248.83,248.855,27701.517056,248.8673,807,
2026-03-27 19:17:00,248.85,249.02,248.82,249.015,71799.898989,248.9588,1135,
2026-03-27 19:18:00,249.01,249.2,249.0,249.07,45747.060566,249.0867,1031,
2026-03-27 19:19:00,249.07,249.09,248.87,248.97,85151.294807,248.9598,1155,
2026-03-27 19:20:00,248.955,249.14,248.845,249.07,88802.286745,249.0014,1389,
2026-03-27 19:21:00,249.065,249.12,248.68,248.74,95301.405906,248.9387,1561,
2026-03-27 19:22:00,248.74,248.95,248.72,248.86,66615.121703,248.8768,1216,
2026-03-27 19:23:00,248.855,248.96,248.73,248.75,69123.302917,248.9076,1257,
2026-03-27 19:24:00,248.77,248.88,248.74,248.755,40851.258704,248.8155,973,
2026-03-27 19:25:00,248.74,248.74,248.5601,248.577,51621.772557,248.6532,1120,
2026-03-27 19:26:00,248.57,248.57,248.4401,248.53,61811.41249,248.5225,1141,
2026-03-27 19:27:00,248.51,248.54,248.44,248.475,101232.712571,248.5012,1647,
2026-03-27 19:28:00,248.47,248.47,248.25,248.4,84042.267845,248.3769,1519,
2026-03-27 19:29:00,248.4078,248.41,248.34,248.4099,47013.578444,248.3896,1005,
2026-03-27 19:30:00,248.41,248.49,248.38,248.43,99453.432847,248.4517,1750,
2026-03-27 19:31:00,248.44,248.445,248.34,248.38,66490.655094,248.4207,1242,
2026-03-27 19:32:00,248.39,248.51,248.39,248.44,72907.305481,248.443,1389,
2026-03-27 19:33:00,248.44,248.58,248.4,248.57,103794.167205,248.483,1747,
2026-03-27 19:34:00,248.58,248.64,248.55,248.61,44321.469245,248.5947,1067,
2026-03-27 19:35:00,248.62,248.7,248.54,248.6,72069.812155,248.6112,1384,
2026-03-27 19:36:00,248.61,248.61,248.42,248.52,63529.253029,248.5104,1284,
2026-03-27 19:37:00,248.53,248.65,248.4907,248.605,53644.312458,248.5627,1106,
2026-03-27 19:38:00,248.61,248.745,248.61,248.74,79785.676736,248.6721,1306,
2026-03-27 19:39:00,248.75,248.75,248.55,248.5801,64661.307347,248.6766,1267,
2026-03-27 19:40:00,248.59,248.63,248.29,248.31,97416.568995,248.4555,1852,
2026-03-27 19:41:00,248.31,248.34,248.15,248.255,102340.737629,248.2405,1810,
2026-03-27 19:42:00,248.27,248.33,248.16,248.21,60997.976322,248.261,1253,
2026-03-27 19:43:00,248.21,248.355,248.19,248.23,82311.89624,248.2713,1340,
2026-03-27 19:44:00,248.23,248.34,248.2,248.31,74942.925621,248.2822,1384,
2026-03-27 19:45:00,248.32,248.41,248.23,248.24,105455.97969,248.3281,1818,
2026-03-27 19:46:00,248.23,248.32,248.18,248.24,93861.584815,248.2593,1576,
2026-03-27 19:47:00,248.24,248.5,248.22,248.37,111044.701581,248.3266,1810,
2026-03-27 19:48:00,248.38,248.45,248.303,248.32,86493.952804,248.385,1546,
2026-03-27 19:49:00,248.32,248.41,248.27,248.315,117432.356558,248.3408,1855,
2026-03-27 19:50:00,248.3,248.47,248.17,248.21,154539.977731,248.2879,3095,
2026-03-27 19:51:00,248.205,248.375,248.07,248.34,139415.400014,248.2061,2780,
2026-03-27 19:52:00,248.355,248.42,248.19,248.325,201227.366955,248.3321,3264,
2026-03-27 19:53:00,248.335,248.83,248.3001,248.77,311299.277796,248.7304,2841,
2026-03-27 19:54:00,248.76,248.795,248.47,248.749,181511.090746,248.6658,3762,
2026-03-27 19:55:00,248.74,249.28,248.74,249.08,298990.592195,249.0719,5170,
2026-03-27 19:56:00,249.06,249.095,248.9,249.0,223429.816822,248.9869,3243,
2026-03-27 19:57:00,249.0,249.16,248.98,249.09,279490.098007,249.0668,3712,
2026-03-27 19:58:00,249.1,249.29,249.1,249.23,303672.220622,249.2199,4528,
2026-03-27 19:59:00,249.24,249.37,248.61,248.61,1506507.032514,248.8934,15002,
2026-03-27 20:00:00,248.8,248.8,248.23,248.5089,736447.987099,248.7967,328,
2026-03-27 20:01:00,248.5,248.56,248.1,248.46,4488.004163,248.3523,157,
2026-03-27 20:02:00,248.43,248.43,248.1,248.2,4932.050805,248.2616,115,
2026-03-27 20:03:00,248.2,248.49,248.2,248.35,8812.138729,248.315,97,
2026-03-27 20:04:00,248.2195,248.34,248.2195,248.34,12243.220864,248.7746,55,
2026-03-27 20:05:00,248.25,248.35,248.15,248.35,2928.129335,248.2745,66,
2026-03-27 20:06:00,248.35,248.63,248.34,248.6009,26073.020381,248.9877,345,
2026-03-27 20:07:00,248.6008,248.75,248.6,248.75,5781.106194,248.6443,102,
2026-03-27 20:08:00,248.6595,248.79,248.5616,248.5616,1407.0,248.6443,63,
2026-03-27 20:09:00,248.52,248.8,248.52,248.79,25402.127388,248.788,54,
2026-03-27 20:10:00,248.54,248.54,248.54,248.54,10949.308392,248.8018,28,
2026-03-27 20:11:00,248.54,248.54,248.54,248.54,6114.020091,248.5389,67,
2026-03-27 20:13:00,248.5384,248.5384,248.42,248.42,739.0,248.4636,30,
2026-03-27 20:14:00,248.4,248.4,248.27,248.27,1731.006843,248.378,51,
2026-03-27 20:15:00,248.2756,248.34,248.2756,248.33,967.616478,248.4737,17,
2026-03-27 20:16:00,248.33,248.33,248.33,248.33,663.0,248.346,19,
2026-03-27 20:17:00,248.15,248.31,247.83,248.23,9464.088527,248.0462,478,
2026-03-27 20:18:00,248.07,248.07,247.89,247.89,1458.005215,247.9597,40,
2026-03-27 20:19:00,248.44,248.47,248.44,248.47,1507.029234,248.381,46,
2026-03-27 20:20:00,248.21,248.21,247.63,247.8523,5117.712003,247.94,230,
2026-03-27 20:21:00,247.84,247.89,247.71,247.71,2784.084843,247.8021,53,
2026-03-27 20:22:00,247.77,247.77,247.77,247.77,1481.962723,247.8927,96,
2026-03-27 20:23:00,247.8,247.88,247.71,247.71,2566.012416,247.8015,68,
2026-03-27 20:24:00,247.8088,247.8088,247.6,247.65,3186.024845,247.7696,82,
2026-03-27 20:25:00,247.8577,247.8577,247.8577,247.8577,414.040307,247.8198,23,
2026-03-27 20:26:00,247.72,247.9,247.717,247.717,1589.116322,247.7736,58,
2026-03-27 20:27:00,247.85,247.8581,247.71,247.8,2431.056463,247.7623,43,
2026-03-27 20:28:00,247.81,247.84,247.81,247.84,1280.008065,247.8142,34,
2026-03-27 20:29:00,247.65,247.84,247.65,247.82,1944.07019,247.8284,47,
2026-03-27 20:30:00,247.91,247.91,247.88,247.9,1293.058497,247.8397,54,
2026-03-27 20:31:00,247.67,247.67,247.65,247.65,2351.004138,247.6781,80,
2026-03-27 20:32:00,247.65,247.7,247.5,247.59,8385.480155,247.5647,135,
2026-03-27 20:33:00,247.7,247.79,247.6,247.79,1538.00414,247.6916,43,
2026-03-27 20:34:00,247.6205,248.8,247.62,247.77,5985.0,248.3283,20,
2026-03-27 20:35:00,247.62,248.8,247.616,247.616,47575.037694,248.7663,50,
2026-03-27 20:36:00,247.62,247.7,247.62,247.7,812.052705,247.6871,29,
2026-03-27 20:38:00,247.79,247.9268,247.79,247.9268,860.6463,248.0027,23,
2026-03-27 20:39:00,247.9119,248.01,247.62,248.0,5402.662828,247.9434,113,
2026-03-27 20:40:00,248.1,248.1,248.0,248.0,4653.0,248.0373,117,
2026-03-27 20:42:00,248.0,248.0,248.0,248.0,1397.0,248.0216,57,
2026-03-27 20:43:00,248.1,248.1,248.0,248.0,1680.0,248.0496,47,
2026-03-27 20:44:00,247.9,247.9,247.86,247.86,1084.0251,247.8906,48,
2026-03-27 20:45:00,247.7,248.1,247.7,248.1,585.005426,247.8967,21,
2026-03-27 20:48:00,247.95,247.95,247.95,247.95,804411.643018,248.7996,39,
2026-03-27 20:49:00,247.92,248.0,247.92,247.98,1574.0,247.9955,49,
2026-03-27 20:50:00,247.7928,248.05,247.7928,248.05,1159.004031,247.9211,29,
2026-03-27 20:51:00,248.04,248.05,247.797,247.797,982.0,248.0167,17,
2026-03-27 20:52:00,248.06,248.06,247.75,247.75,3012.003627,247.8324,65,
2026-03-27 20:53:00,247.8,247.8,247.8,247.8,256.0,247.8148,16,
2026-03-27 20:56:00,247.81,247.81,247.81,247.81,397.0,247.8484,41,
2026-03-27 20:57:00,247.75,247.89,247.75,247.89,992.0,243.3232,24,
2026-03-27 20:58:00,247.76,247.76,247.76,247.76,216.0,247.7661,12,
2026-03-27 20:59:00,247.75,247.75,247.75,247.75,632.234658,247.8293,52,
2026-03-27 21:00:00,247.89,247.89,247.89,247.89,299.0,247.8649,9,
2026-03-27 21:03:00,247.91,247.91,247.91,247.91,659.0,247.8997,17,
2026-03-27 21:07:00,247.83,247.83,247.83,247.83,280.01453,247.8721,14,
2026-03-27 21:08:00,247.88,247.88,247.88,247.88,407.659326,248.3385,16,
2026-03-27 21:09:00,247.9,247.905,247.9,247.905,495.023386,246.4518,25,
2026-03-27 21:10:00,247.91,247.935,247.91,247.935,607.004395,247.9271,20,
2026-03-27 21:11:00,247.81,247.81,247.75,247.75,2416.114994,247.7988,69,
2026-03-27 21:14:00,247.88,247.88,247.64,247.64,923.0,247.7572,35,
2026-03-27 21:15:00,247.95,247.95,247.95,247.95,587.228753,248.0345,38,
2026-03-27 21:19:00,248.0,248.0,248.0,248.0,2164.020161,247.995,33,
2026-03-27 21:20:00,247.75,247.75,247.75,247.75,1036.012096,247.7575,9,
2026-03-27 21:21:00,247.9859,247.9859,247.9859,247.9859,298.161498,248.1092,18,
2026-03-27 21:22:00,247.96,247.96,247.96,247.96,243.0,247.9317,15,
2026-03-27 21:24:00,247.84,247.84,247.84,247.84,352.008025,247.8504,12,
2026-03-27 21:26:00,247.8,247.8,247.8,247.8,466.0,247.8043,12,
2026-03-27 21:27:00,247.8,247.8,247.8,247.8,319.0209,247.8283,8,
2026-03-27 21:28:00,247.91,247.91,247.91,247.91,332.0,247.8901,13,
2026-03-27 21:31:00,247.92,247.92,247.92,247.92,902.310937,247.9914,35,
2026-03-27 21:32:00,247.98,248.0,247.8849,247.8849,611.0,247.9568,22,
2026-03-27 21:33:00,248.0,248.0,248.0,248.0,1080.019131,247.9956,34,
2026-03-27 21:34:00,248.07,248.07,248.07,248.07,3547.00403,248.0633,15,
2026-03-27 21:35:00,247.95,247.95,247.95,247.95,445.0,248.255,10,
2026-03-27 21:38:00,247.98,247.98,247.98,247.98,358.231494,248.1541,38,
2026-03-27 21:39:00,248.0,248.0,248.0,248.0,399.068534,248.0469,15,
2026-03-27 21:40:00,248.0317,248.0317,248.0317,248.0317,554.0,248.0321,22,
2026-03-27 21:43:00,248.02,248.02,248.02,248.02,815.0,248.032,23,
2026-03-27 21:45:00,248.01,248.01,248.01,248.01,232.016654,248.0319,16,
2026-03-27 21:46:00,248.02,248.02,248.02,248.02,1538.0,248.0209,32,
2026-03-27 21:47:00,248.01,248.104,248.01,248.104,378.625022,248.49,28,
2026-03-27 21:48:00,248.12,248.12,248.12,248.12,807.036249,248.1457,29,
2026-03-27 21:53:00,248.2,248.2,248.2,248.2,250.0,248.1624,14,
2026-03-27 21:54:00,248.15,248.15,248.15,248.15,460.0,248.1162,21,
2026-03-27 21:55:00,248.16,248.16,248.16,248.16,415.085907,248.1942,13,
2026-03-27 21:57:00,248.05,248.05,248.05,248.05,467.240992,248.2132,29,
2026-03-27 21:58:00,248.22,248.22,248.22,248.22,2044.021464,248.2203,12,
2026-03-27 22:01:00,248.01,248.11,248.0,248.11,1119.0,248.068,25,
2026-03-27 22:02:00,248.06,248.06,247.97,247.97,1770.075471,248.0148,69,
2026-03-27 22:03:00,247.94,247.94,247.94,247.94,447.0,247.9385,15,
2026-03-27 22:04:00,247.9,247.9,247.9,247.9,376.0,247.9185,23,
2026-03-27 22:07:00,247.83,247.83,247.8,247.8,1977.944196,247.9276,30,
2026-03-27 22:10:00,247.9743,247.9743,247.9743,247.9743,293.0,247.9456,20,
2026-03-27 22:13:00,247.8,247.8,247.8,247.8,656.595822,248.0283,41,
2026-03-27 22:19:00,248.0,248.0,248.0,248.0,1026.039347,248.0082,9,
2026-03-27 22:22:00,247.95,247.95,247.95,247.95,517.0,247.9515,7,
2026-03-27 22:24:00,247.99,247.99,247.99,247.99,823.109873,248.0278,20,
2026-03-27 22:38:00,248.0,248.0,248.0,248.0,113.176051,248.377,8,
2026-03-27 22:41:00,247.89,247.89,247.89,247.89,234.0,247.9035,10,
2026-03-27 22:43:00,247.98,248.2,247.98,248.2,3155.300703,248.0945,61,
2026-03-27 22:49:00,248.01,248.01,248.01,248.01,162.020145,248.0713,11,
2026-03-27 22:52:00,248.0,248.0,248.0,248.0,517.0,248.009,26,
2026-03-27 22:53:00,248.0,248.0,248.0,248.0,213.0,248.001,6,
2026-03-27 22:54:00,248.0,248.0,248.0,248.0,499.01008,247.9993,24,
2026-03-27 22:55:00,247.96,247.96,247.96,247.96,256.0,247.9565,22,
2026-03-27 22:58:00,248.0,248.0,248.0,248.0,489.0,247.99,24,
2026-03-27 23:00:00,247.9,247.9,247.9,247.9,194.382695,248.4199,9,
2026-03-27 23:06:00,247.9,247.9,247.8,247.8,1034.167803,247.9231,49,
2026-03-27 23:08:00,247.76,247.81,247.76,247.81,412.0,247.7901,31,
2026-03-27 23:11:00,247.7501,247.7501,247.7001,247.7001,620.0,247.7456,29,
2026-03-27 23:13:00,247.7,247.7,247.5,247.66,3444.010125,247.6561,167,
2026-03-27 23:15:00,247.95,247.95,247.95,247.95,206.0,247.8015,13,
2026-03-27 23:19:00,247.7,247.7,247.67,247.673,1027.557314,247.8158,192,
2026-03-27 23:20:00,247.5074,247.5074,247.5,247.5,307.106778,247.6158,32,
2026-03-27 23:23:00,247.6647,247.6647,247.6647,247.6647,491.0,247.6374,11,
2026-03-27 23:28:00,247.7,247.7,247.7,247.7,591.10652,247.7339,10,
2026-03-27 23:29:00,247.64,247.64,247.64,247.64,633.165216,247.7046,14,
2026-03-27 23:30:00,247.7,247.7,247.6,247.6,2270.048457,247.6191,41,
2026-03-27 23:32:00,247.6,247.6,247.6,247.6,521.0,247.6397,10,
2026-03-27 23:34:00,247.55,247.56,247.5001,247.5001,5184.046426,247.5462,48,
2026-03-27 23:35:00,247.5,247.52,247.5,247.52,1480.365773,247.5821,17,
2026-03-27 23:36:00,247.6907,247.6907,247.6907,247.6907,262.0,247.5934,15,
2026-03-27 23:37:00,247.69,247.69,247.69,247.69,1619.0,247.6898,6,
2026-03-27 23:41:00,247.44,247.44,247.44,247.44,423.258852,247.5904,27,
2026-03-27 23:42:00,247.4,247.46,247.35,247.46,1260.083335,247.4099,67,
2026-03-27 23:44:00,247.3,247.3001,247.3,247.3001,1478.04477,247.3113,37,
2026-03-27 23:45:00,247.3,247.3,247.3,247.3,2876.0,247.3063,18,
2026-03-27 23:46:00,247.35,247.35,247.35,247.35,266.0,247.3507,13,
2026-03-27 23:47:00,247.5,247.5,247.5,247.5,367.0,247.4682,12,
2026-03-27 23:48:00,247.5,247.5,247.49,247.5,1247.0,247.4792,22,
2026-03-27 23:49:00,247.37,247.37,247.37,247.37,343.0,247.4186,8,
2026-03-27 23:52:00,247.3983,247.4,247.3983,247.4,458.0,247.3725,33,
2026-03-27 23:53:00,247.35,247.35,247.3008,247.3008,3774.0,247.3415,19,
2026-03-27 23:54:00,247.3299,247.3299,247.3261,247.3293,1310.0,247.3274,31,
2026-03-27 23:55:00,247.33,247.33,247.3,247.3,1680.1789,247.3309,24,
2026-03-27 23:56:00,247.33,247.33,247.2793,247.33,1920.166532,247.3426,21,
2026-03-27 23:57:00,247.33,247.33,247.33,247.33,381.0,247.3157,24,
2026-03-27 23:58:00,247.29,247.31,247.29,247.31,2987.0,247.2957,31,
2026-03-27 23:59:00,247.3493,247.3493,247.25,247.25,1943.035547,247.2918,43,
2026-03-30 08:00:00,249.85,249.85,248.13,248.8,5488.022746,248.8367,851,
2026-03-30 08:01:00,249.05,249.11,248.65,249.02,25891.103138,248.8945,2246,
2026-03-30 08:03:00,248.95,248.95,248.95,248.95,2540.0,248.9523,106,
2026-03-30 08:05:00,249.0,249.0,249.0,249.0,827.518101,249.148,37,
2026-03-30 08:06:00,249.2,249.2,249.1665,249.1665,1019.024015,249.1927,13,
2026-03-30 08:07:00,249.03,249.04,249.03,249.04,480.0,248.9958,10,
2026-03-30 08:09:00,248.79,248.79,248.79,248.79,887.200602,248.8488,7,
2026-03-30 08:16:00,249.2,249.2,249.2,249.2,640.144918,249.2461,41,
2026-03-30 08:19:00,249.12,249.12,249.12,249.12,442.085777,249.1676,26,
2026-03-30 08:23:00,249.01,249.01,249.01,249.01,578.398193,249.2143,33,
2026-03-30 08:24:00,249.0,249.0,249.0,249.0,269.03,249.0365,9,
2026-03-30 08:25:00,249.03,249.05,249.03,249.05,702.022083,249.0497,22,
2026-03-30 08:28:00,249.21,249.21,249.21,249.21,480.013332,249.2321,18,
2026-03-30 08:29:00,249.24,249.24,249.24,249.24,209.0,249.2375,11,
2026-03-30 08:31:00,249.3,249.3,249.3,249.3,770.0,249.2935,8,
2026-03-30 08:32:00,249.26,249.26,249.22,249.22,631.004372,249.2558,31,
2026-03-30 08:33:00,249.32,249.41,249.32,249.41,2185.057151,249.3684,61,
2026-03-30 08:34:00,249.28,249.28,249.22,249.22,409.0,249.2385,20,
2026-03-30 08:35:00,249.13,249.13,249.13,249.13,343.0,249.1355,13,
2026-03-30 08:39:00,249.14,249.15,249.14,249.14,982.155788,249.182,27,
2026-03-30 08:40:00,249.25,249.25,249.25,249.25,129.015534,249.2529,6,
2026-03-30 08:43:00,249.12,249.12,249.0,249.0,531.004008,249.0836,24,
2026-03-30 08:46:00,249.1,249.1,249.1,249.1,286.0,249.1059,6,
2026-03-30 08:47:00,248.92,248.92,248.92,248.92,358.0,248.8771,21,
2026-03-30 08:48:00,248.8,248.8,248.8,248.8,478.448164,249.1005,35,
2026-03-30 08:49:00,249.11,249.11,249.08,249.08,879.09366,249.0851,25,
2026-03-30 08:56:00,249.08,249.08,249.08,249.08,370.0,249.0439,13,
2026-03-30 09:00:00,249.19,249.19,249.19,249.19,246.012039,249.113,6,
2026-03-30 09:03:00,248.96,248.96,248.96,248.96,415.006099,248.9826,26,
2026-03-30 09:06:00,248.9,248.9,248.9,248.9,453.01,248.8756,55,
2026-03-30 09:09:00,248.88,248.89,248.88,248.89,924.005665,248.8593,40,
2026-03-30 09:12:00,248.77,248.77,248.77,248.77,151.570848,249.7305,4,
2026-03-30 09:15:00,249.09,249.09,249.09,249.09,328.01338,248.8571,46,
2026-03-30 09:21:00,248.93,248.93,248.93,248.93,500.022603,248.9477,9,
2026-03-30 09:22:00,248.79,248.79,248.79,248.79,104.015648,248.8239,3,
2026-03-30 09:32:00,248.8,248.81,248.8,248.81,824.0,248.8041,20,
2026-03-30 09:33:00,248.81,248.81,248.81,248.81,114.015327,248.846,6,
2026-03-30 09:52:00,249.0,249.0,249.0,249.0,425.275735,249.1462,27,
2026-03-30 10:02:00,249.0,249.0,249.0,249.0,123.0,248.9837,5,
2026-03-30 10:08:00,248.82,248.82,248.82,248.82,695.0,248.8371,5,
2026-03-30 10:10:00,249.0,249.0,249.0,249.0,330.272531,249.2003,5,
2026-03-30 10:12:00,248.82,248.82,248.82,248.82,227.085,248.9211,17,
2026-03-30 10:13:00,248.79,248.79,248.79,248.79,143.0,248.7887,13,
2026-03-30 10:24:00,248.97,248.97,248.97,248.97,407.0,248.9346,12,
2026-03-30 10:34:00,248.76,248.79,248.7,248.79,1645.207697,248.7516,80,
2026-03-30 10:41:00,248.63,248.63,248.59,248.59,705.920589,248.923,38,
2026-03-30 10:46:00,248.6,248.6,248.6,248.6,308.040072,248.681,10,
2026-03-30 10:49:00,248.8,248.8,248.79,248.8,1339.917396,248.9594,32,
2026-03-30 10:50:00,248.8,248.8,248.8,248.8,763.107082,248.8438,28,
2026-03-30 10:52:00,248.91,248.91,248.91,248.91,260.106585,249.002,6,
2026-03-30 10:59:00,248.93,249.0,248.87,248.87,2826.060208,248.978,82,
2026-03-30 11:00:00,248.8,249.18,248.8,248.91,18913.31352,248.9552,211,
2026-03-30 11:01:00,249.11,249.13,248.82,248.82,1997.0,248.9558,32,
2026-03-30 11:03:00,249.0,249.06,248.91,248.91,1653.084355,249.03,19,
2026-03-30 11:04:00,248.95,249.0,248.95,249.0,1034.0,248.9904,13,
2026-03-30 11:07:00,249.07,249.1,249.07,249.1,2523.058885,249.113,47,
2026-03-30 11:10:00,249.15,249.15,249.0,249.0,449.0,249.0439,6,
2026-03-30 11:11:00,249.09,249.09,249.09,249.09,319.004011,249.1084,18,
2026-03-30 11:13:00,249.18,249.2627,249.17,249.2627,563.0,249.1695,20,
2026-03-30 11:14:00,249.2777,249.2777,249.2777,249.2777,594.156502,249.2493,29,
2026-03-30 11:15:00,249.29,249.3,249.2,249.2,2848.0,249.2658,59,
2026-03-30 11:16:00,249.2,249.2,249.1,249.1,1474.0,249.134,40,
2026-03-30 11:17:00,249.1975,249.3,249.1975,249.3,1440.494,249.3451,74,
2026-03-30 11:19:00,249.4,249.4,249.4,249.4,1348.312369,249.4568,62,
2026-03-30 11:22:00,249.3,249.3,249.3,249.3,1047.0,249.303,11,
2026-03-30 11:23:00,249.2377,249.49,249.2377,249.49,937.088124,249.4379,28,
2026-03-30 11:24:00,249.25,249.25,249.25,249.25,149.048,249.345,22,
2026-03-30 11:25:00,249.25,249.25,249.25,249.25,295.231698,249.4954,15,
2026-03-30 11:26:00,249.48,250.16,249.48,249.91,17127.275125,249.7645,500,
2026-03-30 11:27:00,249.8,249.8,249.26,249.4371,5200.113272,249.5503,277,
2026-03-30 11:28:00,249.07,249.83,249.07,249.8,1022.698,249.6251,30,
2026-03-30 11:29:00,249.23,249.23,249.23,249.23,239.343283,249.6657,13,
2026-03-30 11:30:00,249.5,249.6081,249.5,249.5,1893.279633,249.5466,54,
2026-03-30 11:31:00,249.49,249.49,249.0811,249.2096,1006.566107,249.4024,41,
2026-03-30 11:33:00,249.27,249.27,249.27,249.27,229.7984,250.1416,13,
2026-03-30 11:34:00,249.29,249.3,249.27,249.3,2437.7047,249.3509,24,
2026-03-30 11:35:00,249.1159,249.49,249.1159,249.49,1428.69967,249.5661,37,
2026-03-30 11:37:00,249.4899,249.4899,249.4899,249.4899,492.873,249.8339,17,
2026-03-30 11:38:00,249.21,249.21,249.16,249.16,868.040112,249.1923,42,
2026-03-30 11:39:00,249.2991,249.2991,249.2991,249.2991,152.015716,249.2807,17,
2026-03-30 11:40:00,249.18,249.2208,249.18,249.2208,672.441368,249.3702,13,
2026-03-30 11:43:00,249.2121,249.2121,249.2121,249.2121,286.0,249.2087,19,
2026-03-30 11:44:00,249.1,249.1,249.1,249.1,459.0,249.1634,15,
2026-03-30 11:50:00,249.25,249.275,249.25,249.275,1016.01626,249.269,37,
2026-03-30 11:51:00,249.26,249.29,249.25,249.27,1578.0,249.2599,17,
2026-03-30 11:52:00,249.2,249.2,249.2,249.2,1082.321181,249.277,20,
2026-03-30 11:53:00,249.2122,249.2122,249.2122,249.2122,301.002807,249.2053,14,
2026-03-30 11:55:00,249.19,249.27,249.11,249.11,1402.0,249.2047,23,
2026-03-30 11:57:00,249.1,249.1,249.1,249.1,738.0,249.1069,17,
2026-03-30 11:58:00,249.1,249.1,249.1,249.1,793.0,249.1169,26,
2026-03-30 12:00:00,249.126,249.126,249.126,249.126,242.0,249.1273,6,
2026-03-30 12:02:00,249.1,249.1,249.02,249.02,5508.024145,249.092,79,
2026-03-30 12:03:00,249.0,249.0,249.0,249.0,2038.020737,249.0047,80,
2026-03-30 12:04:00,249.01,249.01,249.01,249.01,476.0,249.0602,17,
2026-03-30 12:06:00,249.1157,249.1157,249.1157,249.1157,2115.024083,248.9437,104,
2026-03-30 12:07:00,249.1,249.2,249.0923,249.16,1127.0,249.1297,10,
2026-03-30 12:08:00,249.1,249.1048,249.1,249.1048,221.204631,249.3348,6,
2026-03-30 12:09:00,249.1,249.1,249.1,249.1,513.0,249.0999,6,
2026-03-30 12:10:00,249.0665,249.0665,248.99,248.99,1589.038659,249.0498,41,
2026-03-30 12:11:00,249.0753,249.0753,249.0753,249.0753,791.859877,249.351,21,
2026-03-30 12:12:00,249.08,249.09,249.08,249.09,461.0,249.0883,11,
2026-03-30 12:13:00,249.09,249.09,249.09,249.09,227.992139,250.1789,10,
2026-03-30 12:14:00,249.0432,249.0432,249.0432,249.0432,198.020069,249.0753,10,
2026-03-30 12:15:00,249.03,249.03,249.03,249.03,423.2286,249.1944,20,
2026-03-30 12:16:00,249.04,249.09,249.04,249.09,777.0,249.0775,21,
2026-03-30 12:18:00,249.19,249.2,249.0504,249.2,4905.053852,249.1971,43,
2026-03-30 12:19:00,249.23,249.3102,249.23,249.3102,2037.056084,249.2907,36,
2026-03-30 12:20:00,249.31,249.31,249.31,249.31,412.296208,249.5033,15,
2026-03-30 12:21:00,249.36,249.36,249.36,249.36,519.400729,249.5505,10,
2026-03-30 12:22:00,249.3,249.3,249.3,249.3,313.005332,249.3053,9,
2026-03-30 12:23:00,249.22,249.4005,249.22,249.4005,1857.156363,249.3934,22,
2026-03-30 12:24:00,249.3693,249.3693,249.3693,249.3693,544.0,249.3369,21,
2026-03-30 12:25:00,249.32,249.32,249.32,249.32,438.0,249.3228,6,
2026-03-30 12:27:00,249.37,249.4481,249.37,249.4481,651.209952,249.5016,19,
2026-03-30 12:28:00,249.43,249.45,249.43,249.45,810.122286,249.484,41,
2026-03-30 12:29:00,249.45,249.69,249.45,249.69,695.0,249.5032,15,
2026-03-30 12:33:00,249.6,249.6,249.6,249.6,535.243737,249.7412,16,
2026-03-30 12:35:00,249.51,249.51,249.5,249.5,450.000372,249.6113,24,
2026-03-30 12:36:00,249.5,249.5,249.5,249.5,646.09341,249.5405,25,
2026-03-30 12:37:00,249.5,249.5,249.4,249.4,1017.0,249.4914,21,
2026-03-30 12:38:00,249.6,249.6,249.48,249.48,350.0,249.5335,23,
2026-03-30 12:40:00,249.41,249.4383,249.4,249.4383,1370.021231,249.422,57,
2026-03-30 12:41:00,249.46,249.46,249.4,249.4,478.0,249.4256,29,
2026-03-30 12:42:00,249.44,249.45,249.44,249.45,1680.068018,249.4577,24,
2026-03-30 12:43:00,249.5,249.5,249.5,249.5,903.126208,249.527,28,
2026-03-30 12:44:00,249.43,249.443,249.42,249.443,1491.005,249.4351,24,
2026-03-30 12:45:00,249.4694,249.4694,249.41,249.41,915.0,249.4337,22,
2026-03-30 12:46:00,249.49,249.49,249.49,249.49,1268.320375,249.5493,14,
2026-03-30 12:47:00,249.38,249.38,249.37,249.38,586.0,249.3789,21,
2026-03-30 12:48:00,249.43,249.43,249.43,249.43,490.0,249.417,17,
2026-03-30 12:49:00,249.36,249.36,249.35,249.35,1092.106288,249.3943,23,
2026-03-30 12:50:00,249.34,249.34,249.3,249.3,6407.0,249.3333,59,
2026-03-30 12:52:00,249.3,249.4,249.3,249.4,247.0,249.3498,11,
2026-03-30 12:54:00,249.36,249.36,249.3,249.3,1070.0,249.3163,37,
2026-03-30 12:55:00,249.3,249.3,249.2889,249.2889,1398.349203,249.3485,30,
2026-03-30 12:56:00,249.2741,249.29,249.26,249.29,837.0,249.2823,19,
2026-03-30 12:58:00,249.3,249.45,249.3,249.45,728.0,249.387,13,
2026-03-30 13:00:00,249.45,249.56,249.45,249.56,2822.0,249.4665,76,
2026-03-30 13:02:00,249.5,249.61,249.5,249.61,828.012533,249.5332,34,
2026-03-30 13:05:00,249.43,249.44,249.43,249.43,1395.0,249.4176,43,
2026-03-30 13:07:00,249.42,249.45,249.35,249.35,1107.070055,249.4247,29,
2026-03-30 13:08:00,249.3,249.3,249.3,249.3,415.016038,249.3172,39,
2026-03-30 13:09:00,249.3032,249.4246,249.3032,249.4246,1969.0,249.3136,21,
2026-03-30 13:11:00,249.3585,249.3585,249.35,249.35,982.0,249.371,42,
2026-03-30 13:14:00,249.4,249.4,249.4,249.4,617.656212,249.6592,27,
2026-03-30 13:15:00,249.42,249.42,249.38,249.4,1159.904237,249.5931,36,
2026-03-30 13:16:00,249.38,249.38,249.38,249.38,544.233783,249.4912,26,
2026-03-30 13:17:00,249.4,249.53,249.4,249.52,1494.106169,249.4848,57,
2026-03-30 13:18:00,249.4,249.4,249.4,249.4,309.0,249.4514,18,
2026-03-30 13:19:00,249.5119,249.5119,249.5119,249.5119,564.0,249.5127,18,
2026-03-30 13:20:00,249.46,249.53,249.46,249.49,1863.0,249.4772,50,
2026-03-30 13:21:00,249.48,249.65,249.47,249.65,2821.607331,249.6006,79,
2026-03-30 13:22:00,249.6659,249.6659,249.6659,249.6659,902.071916,249.6905,43,
2026-03-30 13:23:00,249.66,249.77,249.63,249.64,4229.113145,249.6962,78,
2026-03-30 13:24:00,249.69,249.69,249.65,249.65,2529.609272,249.7357,34,
2026-03-30 13:25:00,249.37,249.66,249.3,249.61,5248.327811,249.5132,187,
2026-03-30 13:26:00,249.64,249.71,249.49,249.49,3044.110397,249.634,53,
2026-03-30 13:27:00,249.65,250.09,249.65,250.09,5763.008252,249.8316,164,
2026-03-30 13:28:00,250.15,250.15,250.1,250.12,2110.04118,250.119,63,
2026-03-30 13:29:00,250.09,250.2,250.05,250.05,9616.507406,250.13,202,
2026-03-30 13:30:00,250.07,250.87,249.35,249.52,884784.679669,249.9951,18014,
2026-03-30 13:31:00,249.53,249.77,248.6201,248.66,164835.964516,249.3063,5968,
2026-03-30 13:32:00,248.725,248.9999,248.59,248.8401,180747.472585,248.7915,4492,
2026-03-30 13:33:00,248.8999,248.91,248.4,248.665,133947.944218,248.6375,3024,
2026-03-30 13:34:00,248.665,248.6675,247.65,247.92,153660.186257,248.1009,4430,
2026-03-30 13:35:00,247.91,247.98,247.4,247.46,127858.862054,247.6553,3199,
2026-03-30 13:36:00,247.47,247.51,247.06,247.46,149840.452408,247.3484,3407,
2026-03-30 13:37:00,247.41,247.91,247.41,247.61,144087.144668,247.6907,2665,
2026-03-30 13:38:00,247.63,247.715,247.2491,247.265,83529.355086,247.5383,1963,
2026-03-30 13:39:00,247.28,247.58,247.19,247.52,107287.940222,247.4165,2336,
2026-03-30 13:40:00,247.49,247.65,247.37,247.49,105409.588384,247.4724,2242,
2026-03-30 13:41:00,247.47,247.61,247.2,247.345,93298.141975,247.3886,2148,
2026-03-30 13:42:00,247.33,247.6,247.1344,247.2,114691.764099,247.4516,2957,
2026-03-30 13:43:00,247.175,247.41,247.03,247.19,111704.546603,247.194,2652,
2026-03-30 13:44:00,247.18,247.58,247.09,247.44,143104.751344,247.3475,3386,
2026-03-30 13:45:00,247.46,247.51,247.2,247.45,114777.611719,247.3502,3078,
2026-03-30 13:46:00,247.435,247.5599,247.0101,247.07,98107.850962,247.343,2822,
2026-03-30 13:47:00,247.05,247.44,246.97,247.37,106965.728351,247.1336,3415,
2026-03-30 13:48:00,247.355,247.52,247.19,247.41,70658.536472,247.3672,2741,
2026-03-30 13:49:00,247.43,247.62,247.21,247.507,108558.886076,247.4088,3043,
2026-03-30 13:50:00,247.5,247.73,247.27,247.66,85292.209333,247.5012,2553,
2026-03-30 13:51:00,247.645,247.78,247.53,247.64,87235.735315,247.6423,2860,
2026-03-30 13:52:00,247.58,247.88,247.58,247.73,99794.611633,247.7573,2827,
2026-03-30 13:53:00,247.74,248.18,247.74,248.05,158179.614682,247.9979,3747,
2026-03-30 13:54:00,248.09,248.215,247.95,247.95,86043.333663,248.11,2685,
2026-03-30 13:55:00,247.935,248.0,247.57,247.97,120510.242106,247.7758,3773,
2026-03-30 13:56:00,247.9175,248.15,247.8608,248.13,72202.561303,247.9948,2800,
2026-03-30 13:57:00,248.13,248.34,248.09,248.19,102766.970117,248.202,3248,
2026-03-30 13:58:00,248.17,248.25,247.855,247.855,128775.950637,248.0163,3432,
2026-03-30 13:59:00,247.84,247.87,247.59,247.62,87913.040502,247.6935,2904,
2026-03-30 14:00:00,247.6,247.89,247.5,247.74,120023.966026,247.6911,3435,
2026-03-30 14:01:00,247.7,247.7551,247.41,247.66,73985.995087,247.5631,2733,
2026-03-30 14:02:00,247.68,247.88,247.65,247.88,52495.645459,247.7533,2338,
2026-03-30 14:03:00,247.92,247.98,247.68,247.83,53023.348025,247.8469,2336,
2026-03-30 14:04:00,247.86,248.08,247.7864,248.08,61513.74145,247.9382,2397,
2026-03-30 14:05:00,248.06,248.23,247.97,248.22,65200.421442,248.0896,2456,
2026-03-30 14:06:00,248.225,248.28,247.85,247.93,65095.247656,248.0735,2542,
2026-03-30 14:07:00,247.94,248.16,247.93,248.11,42194.679654,248.0314,2142,
2026-03-30 14:08:00,248.12,248.14,247.9,248.03,43426.504443,248.0041,2030,
2026-03-30 14:09:00,248.04,248.13,247.688,247.745,75327.351263,247.8633,2325,
2026-03-30 14:10:00,247.745,247.82,247.65,247.7106,76885.67897,247.7412,2307,
2026-03-30 14:11:00,247.73,247.96,247.5301,247.95,50352.299316,247.7069,2194,
2026-03-30 14:12:00,247.96,247.97,247.82,247.88,94152.628874,247.9164,1805,
2026-03-30 14:13:00,247.895,247.91,247.71,247.79,40751.448877,247.793,1961,
2026-03-30 14:14:00,247.8,247.87,247.73,247.82,35037.252399,247.7943,1862,
2026-03-30 14:15:00,247.85,247.95,247.72,247.765,53035.705995,247.8016,2204,
2026-03-30 14:16:00,247.77,247.79,247.59,247.75,65472.501562,247.6938,2285,
2026-03-30 14:17:00,247.76,247.87,247.73,247.73,30434.170136,247.8019,1836,
2026-03-30 14:18:00,247.73,247.8,247.41,247.44,58431.221477,247.5232,2248,
2026-03-30 14:19:00,247.44,247.47,247.18,247.32,69024.724515,247.3205,2554,
2026-03-30 14:20:00,247.34,247.6,247.3164,247.49,44722.123965,247.4894,2004,
2026-03-30 14:21:00,247.5,247.6,247.46,247.48,60638.777746,247.5337,2128,
2026-03-30 14:22:00,247.51,247.78,247.4419,247.74,53076.099481,247.5764,2073,
2026-03-30 14:23:00,247.7,247.88,247.62,247.79,50836.986943,247.7752,2118,
2026-03-30 14:24:00,247.78,247.89,247.73,247.875,47032.259466,247.8103,1950,
2026-03-30 14:25:00,247.87,248.14,247.83,247.94,86193.763593,247.9639,2771,
2026-03-30 14:26:00,247.9,247.92,247.66,247.74,55680.107711,247.8152,2340,
2026-03-30 14:27:00,247.76,247.87,247.655,247.695,57692.301569,247.7799,2215,
2026-03-30 14:28:00,247.69,247.87,247.685,247.8,54226.223988,247.789,2086,
2026-03-30 14:29:00,247.78,247.92,247.78,247.83,29855.24216,247.8542,1725,
2026-03-30 14:30:00,247.82,247.89,247.74,247.825,57370.878842,247.8166,2111,
2026-03-30 14:31:00,247.8399,247.975,247.69,247.97,55499.69901,247.835,2204,
2026-03-30 14:32:00,247.95,248.0,247.65,247.68,52552.618352,247.8436,2391,
2026-03-30 14:33:00,247.675,247.69,247.52,247.58,49278.854797,247.6335,2250,
2026-03-30 14:34:00,247.58,247.58,247.365,247.475,66023.466178,247.4558,2520,
2026-03-30 14:35:00,247.47,247.52,247.26,247.28,68858.31023,247.4284,2464,
2026-03-30 14:36:00,247.29,247.46,247.23,247.2586,60459.560759,247.3429,2562,
2026-03-30 14:37:00,247.25,247.33,247.21,247.215,50319.196854,247.2709,2462,
2026-03-30 14:38:00,247.23,247.35,247.16,247.335,44029.536403,247.2796,2058,
2026-03-30 14:39:00,247.33,247.45,247.275,247.435,39022.154234,247.3647,2010,
2026-03-30 14:40:00,247.435,247.48,247.135,247.1499,51270.080123,247.3588,2073,
2026-03-30 14:41:00,247.135,247.15,246.96,247.02,83451.220581,247.0312,2853,
2026-03-30 14:42:00,247.04,247.12,246.97,247.12,59307.378467,247.0496,2047,
2026-03-30 14:43:00,247.13,247.15,247.02,247.08,41541.208253,247.0783,2012,
2026-03-30 14:44:00,247.08,247.08,246.86,246.875,100302.96078,246.9497,2737,
2026-03-30 14:45:00,246.89,247.04,246.77,246.93,96060.81584,246.8932,2923,
2026-03-30 14:46:00,246.93,247.26,246.92,247.205,143351.399967,247.1224,3548,
2026-03-30 14:47:00,247.19,247.3,246.95,247.26,115994.084682,247.1,3298,
2026-03-30 14:48:00,247.21,247.33,246.7601,246.79,145889.896144,247.0932,3676,
2026-03-30 14:49:00,246.81,246.81,246.43,246.46,99587.247398,246.603,3067,
2026-03-30 14:50:00,246.47,246.57,246.245,246.525,78199.747417,246.3915,2598,
2026-03-30 14:51:00,246.515,246.555,246.16,246.17,65349.575906,246.3616,2363,
2026-03-30 14:52:00,246.17,246.23,246.04,246.2299,86547.092382,246.1317,2588,
2026-03-30 14:53:00,246.2191,246.66,246.13,246.66,73162.563778,246.3513,2173,
2026-03-30 14:54:00,246.65,246.7599,246.38,246.665,47106.670046,246.6053,2171,
2026-03-30 14:55:00,246.68,246.68,246.395,246.445,55081.745087,246.5169,2181,
2026-03-30 14:56:00,246.47,246.59,246.41,246.58,61312.746382,246.507,2176,
2026-03-30 14:57:00,246.57,246.69,246.49,246.6,61743.278526,246.5948,2128,
2026-03-30 14:58:00,246.55,246.61,246.44,246.52,43724.852171,246.5247,1955,
2026-03-30 14:59:00,246.52,246.535,246.425,246.53,41065.075811,246.4831,1722,
2026-03-30 15:00:00,246.51,246.63,246.365,246.47,52272.867427,246.476,2293,
2026-03-30 15:01:00,246.5,246.6,246.23,246.36,69371.836439,246.4096,2474,
2026-03-30 15:02:00,246.37,246.4599,246.245,246.45,58237.941994,246.3655,2104,
2026-03-30 15:03:00,246.44,246.78,246.35,246.78,77397.799889,246.5171,2522,
2026-03-30 15:04:00,246.76,246.888,246.67,246.88,76604.879575,246.7944,2313,
2026-03-30 15:05:00,246.87,247.055,246.745,246.77,74106.04971,246.8502,2439,
2026-03-30 15:06:00,246.75,246.8,246.525,246.735,61881.537053,246.6776,2306,
2026-03-30 15:07:00,246.69,246.69,246.36,246.37,87853.277575,246.4924,2407,
2026-03-30 15:08:00,246.3701,246.4,246.17,246.33,63856.49274,246.2854,2287,
2026-03-30 15:09:00,246.33,246.5,246.31,246.46,54487.114986,246.3994,2159,
2026-03-30 15:10:00,246.445,246.65,246.445,246.6,58769.412083,246.573,2234,
2026-03-30 15:11:00,246.6,246.61,246.335,246.36,38873.743739,246.4753,1838,
2026-03-30 15:12:00,246.35,246.46,246.34,246.35,30563.510189,246.4927,1796,
2026-03-30 15:13:00,246.38,246.62,246.35,246.54,70363.499568,246.4948,2301,
2026-03-30 15:14:00,246.535,246.64,246.4799,246.61,39807.677245,246.5524,2012,
2026-03-30 15:15:00,246.6,246.66,246.575,246.62,56161.791125,246.6268,2359,
2026-03-30 15:16:00,246.625,246.64,246.31,246.39,228006.743438,246.4573,4155,
2026-03-30 15:17:00,246.35,246.57,246.27,246.53,104522.390737,246.4062,2973,
2026-03-30 15:18:00,246.53,246.53,246.22,246.31,59987.498965,246.3414,2170,
2026-03-30 15:19:00,246.275,246.62,246.275,246.62,38465.894825,246.4823,1907,
2026-03-30 15:20:00,246.63,246.66,246.51,246.55,70179.272818,246.5979,2446,
2026-03-30 15:21:00,246.54,246.66,246.46,246.61,61342.756614,246.5629,2209,
2026-03-30 15:22:00,246.61,246.62,246.45,246.6,35624.802918,246.5458,1897,
2026-03-30 15:23:00,246.61,246.89,246.61,246.885,45574.931981,246.7272,1953,
2026-03-30 15:24:00,246.885,246.9,246.78,246.785,73549.450799,246.8374,2151,
2026-03-30 15:25:00,246.79,246.955,246.78,246.83,43368.744226,246.8868,2033,
2026-03-30 15:26:00,246.86,246.86,246.595,246.73,34063.702865,246.701,1834,
2026-03-30 15:27:00,246.73,246.78,246.63,246.68,55313.616953,246.7088,2092,
2026-03-30 15:28:00,246.66,246.7,246.5415,246.57,52868.827955,246.5996,2014,
2026-03-30 15:29:00,246.57,246.65,246.49,246.53,41587.484704,246.5657,1848,
2026-03-30 15:30:00,246.53,246.56,246.34,246.39,69756.284884,246.4156,2078,
2026-03-30 15:31:00,246.41,246.555,246.355,246.405,52044.657287,246.4414,1946,
2026-03-30 15:32:00,246.4,246.7899,246.35,246.76,59542.250681,246.5176,2076,
2026-03-30 15:33:00,246.71,246.9,246.66,246.835,58924.291476,246.792,2182,
2026-03-30 15:34:00,246.83,246.88,246.685,246.86,65160.774289,246.7779,2279,
2026-03-30 15:35:00,246.86,247.01,246.86,246.9401,75506.59503,246.9359,2316,
2026-03-30 15:36:00,246.95,246.9893,246.825,246.965,39567.887831,246.9188,1999,
2026-03-30 15:37:00,246.94,247.02,246.84,246.95,61920.999077,246.9575,2130,
2026-03-30 15:38:00,246.95,246.97,246.5901,246.6101,49105.035307,246.7836,2050,
2026-03-30 15:39:00,246.615,246.63,246.3901,246.45,58338.708637,246.4976,2281,
2026-03-30 15:40:00,246.445,246.62,246.41,246.62,41612.615887,246.5118,1861,
2026-03-30 15:41:00,246.61,246.85,246.58,246.81,33473.772931,246.7616,1861,
2026-03-30 15:42:00,246.81,246.99,246.7701,246.93,40500.763718,246.9049,1929,
2026-03-30 15:43:00,246.935,247.0,246.89,247.0,27814.63019,246.9374,1675,
2026-03-30 15:44:00,246.97,246.98,246.86,246.885,31594.586562,246.9096,1657,
2026-03-30 15:45:00,246.9,246.95,246.75,246.785,37654.442674,246.817,1933,
2026-03-30 15:46:00,246.765,246.89,246.765,246.865,44761.242081,246.8257,1902,
2026-03-30 15:47:00,246.88,246.96,246.86,246.9,35586.049736,246.9039,1821,
2026-03-30 15:48:00,246.91,247.0,246.88,246.933,29225.524717,246.9502,1741,
2026-03-30 15:49:00,246.94,247.04,246.865,246.99,69256.668043,246.9706,2306,
2026-03-30 15:50:00,246.99,247.21,246.94,247.1983,62775.156938,247.1088,2316,
2026-03-30 15:51:00,247.185,247.185,246.97,247.02,95178.188526,247.041,2502,
2026-03-30 15:52:00,247.021,247.06,246.81,246.85,71750.738193,246.9409,1820,
2026-03-30 15:53:00,246.84,246.93,246.8,246.88,49250.17386,246.8741,1205,
2026-03-30 15:54:00,246.88,246.93,246.835,246.84,37004.66433,246.9003,953,
2026-03-30 15:55:00,246.79,246.79,246.62,246.655,52222.473811,246.6852,1100,
2026-03-30 15:56:00,246.68,246.68,246.48,246.54,58880.069736,246.5641,1250,
2026-03-30 15:57:00,246.55,246.68,246.53,246.68,61561.097246,246.5823,1096,
2026-03-30 15:58:00,246.705,247.02,246.63,246.97,51397.680932,246.8655,1038,
2026-03-30 15:59:00,246.97,246.989,246.79,246.88,41589.31399,246.887,947,
2026-03-30 16:00:00,246.84,246.92,246.7,246.75,30449.74532,246.7729,839,
2026-03-30 16:01:00,246.76,246.78,246.69,246.7,37246.724526,246.7296,821,
2026-03-30 16:02:00,246.69,246.7199,246.4511,246.5,41303.722209,246.5954,870,
2026-03-30 16:03:00,246.5,246.51,246.16,246.16,58513.329556,246.3502,1280,
2026-03-30 16:04:00,246.18,246.33,246.16,246.31,63572.326651,246.2715,1182,
2026-03-30 16:05:00,246.325,246.45,246.29,246.31,44354.850809,246.3774,980,
2026-03-30 16:06:00,246.34,246.435,246.2675,246.385,31643.985334,246.3589,812,
2026-03-30 16:07:00,246.39,246.47,246.29,246.325,38599.63321,246.3961,918,
2026-03-30 16:08:00,246.325,246.515,246.3,246.42,37362.868204,246.4205,867,
2026-03-30 16:09:00,246.3879,246.56,246.3879,246.43,42517.839508,246.5088,773,
2026-03-30 16:10:00,246.41,246.66,246.39,246.625,54563.615811,246.5463,969,
2026-03-30 16:11:00,246.595,246.78,246.595,246.7201,38926.724429,246.7223,841,
2026-03-30 16:12:00,246.74,246.93,246.73,246.91,36993.954835,246.8407,790,
2026-03-30 16:13:00,246.92,247.01,246.885,246.9401,42233.823024,246.9646,818,
2026-03-30 16:14:00,246.96,247.01,246.9,246.9015,19859.713424,246.9667,650,
2026-03-30 16:15:00,246.893,246.93,246.67,246.69,58852.450158,246.7749,1087,
2026-03-30 16:16:00,246.698,246.84,246.675,246.73,63634.267127,246.6389,801,
2026-03-30 16:17:00,246.73,246.73,246.62,246.65,29489.019363,246.6862,883,
2026-03-30 16:18:00,246.64,246.67,246.46,246.575,43287.814141,246.5924,1044,
2026-03-30 16:19:00,246.555,246.565,246.445,246.49,24562.750201,246.5153,645,
2026-03-30 16:20:00,246.48,246.5,246.31,246.385,52277.152082,246.3993,936,
2026-03-30 16:21:00,246.42,246.4488,246.29,246.325,46602.223867,246.3692,1073,
2026-03-30 16:22:00,246.32,246.43,246.29,246.34,36083.49682,246.366,888,
2026-03-30 16:23:00,246.34,246.35,246.185,246.215,38643.936286,246.2693,833,
2026-03-30 16:24:00,246.225,246.3499,246.1901,246.29,22665.67339,246.2924,702,
2026-03-30 16:25:00,246.29,246.32,246.2,246.215,35685.53173,246.2527,778,
2026-03-30 16:26:00,246.22,246.23,246.012,246.1143,49482.037629,246.0912,1283,
2026-03-30 16:27:00,246.115,246.135,246.03,246.08,24528.44481,246.0979,787,
2026-03-30 16:28:00,246.085,246.11,245.96,246.0599,75178.312905,246.0238,2666,
2026-03-30 16:29:00,246.0532,246.0532,245.98,246.02,35459.012165,246.0179,781,
2026-03-30 16:30:00,246.01,246.16,245.96,246.13,45559.385872,246.0732,1066,
2026-03-30 16:31:00,246.135,246.32,246.135,246.24,43582.646365,246.2424,1071,
2026-03-30 16:32:00,246.2401,246.29,246.2,246.25,35049.150432,246.244,873,
2026-03-30 16:33:00,246.225,246.29,246.185,246.285,29184.634829,246.2567,826,
2026-03-30 16:34:00,246.27,246.3299,246.27,246.315,30811.389232,246.3069,758,
2026-03-30 16:35:00,246.34,246.4527,246.325,246.45,168173.679472,246.3875,1186,
2026-03-30 16:36:00,246.47,246.49,246.365,246.47,36117.69481,246.4365,1040,
2026-03-30 16:37:00,246.48,246.6,246.46,246.54,59593.715552,246.5252,1140,
2026-03-30 16:38:00,246.53,246.6599,246.49,246.61,37165.601955,246.5593,802,
2026-03-30 16:39:00,246.64,246.76,246.64,246.715,35928.232762,246.7158,872,
2026-03-30 16:40:00,246.73,246.76,246.68,246.76,25707.401833,246.723,743,
2026-03-30 16:41:00,246.77,246.94,246.76,246.91,49560.986348,246.8482,1079,
2026-03-30 16:42:00,246.92,246.925,246.725,246.78,64852.412303,246.8264,1238,
2026-03-30 16:43:00,246.8,246.97,246.795,246.93,39809.783536,246.8964,1048,
2026-03-30 16:44:00,246.9,247.07,246.87,247.0,64997.097397,246.9578,1226,
2026-03-30 16:45:00,247.0,247.11,246.9501,247.07,41972.99398,247.0201,906,
2026-03-30 16:46:00,247.065,247.0899,246.96,246.97,47626.215747,247.0157,975,
2026-03-30 16:47:00,246.9697,247.095,246.9316,247.07,41793.640197,247.0091,931,
2026-03-30 16:48:00,247.07,247.11,246.97,247.05,23760.124829,247.0558,747,
2026-03-30 16:49:00,247.04,247.1,247.025,247.0299,24796.391381,247.0712,666,
2026-03-30 16:50:00,247.025,247.19,247.02,247.1801,50121.134814,247.0935,984,
2026-03-30 16:51:00,247.1801,247.43,247.18,247.4078,75130.436935,247.307,1279,
2026-03-30 16:52:00,247.405,247.41,247.36,247.37,38759.806311,247.3945,796,
2026-03-30 16:53:00,247.375,247.385,247.24,247.26,34809.710411,247.2969,716,
2026-03-30 16:54:00,247.275,247.3,247.2,247.24,34385.79167,247.2514,635,
2026-03-30 16:55:00,247.24,247.28,247.2,247.23,42645.383366,247.2467,872,
2026-03-30 16:56:00,247.24,247.25,247.18,247.2111,26935.28797,247.2261,734,
2026-03-30 16:57:00,247.23,247.28,247.21,247.22,33706.325356,247.2463,833,
2026-03-30 16:58:00,247.23,247.275,247.14,247.21,33446.071546,247.2055,776,
2026-03-30 16:59:00,247.22,247.36,247.2,247.32,31423.373783,247.303,842,
2026-03-30 17:00:00,247.32,247.4,247.27,247.366,35240.108804,247.3413,866,
2026-03-30 17:01:00,247.37,247.45,247.28,247.305,35488.146825,247.3496,843,
2026-03-30 17:02:00,247.31,247.33,247.165,247.18,32537.068131,247.2332,843,
2026-03-30 17:03:00,247.19,247.21,247.06,247.105,42797.304687,247.1369,781,
2026-03-30 17:04:00,247.115,247.12,246.97,246.9901,23847.200683,247.0437,682,
2026-03-30 17:05:00,247.0,247.16,246.94,247.131,38026.133012,247.0517,806,
2026-03-30 17:06:00,247.13,247.3299,247.13,247.27,33756.748404,247.2302,857,
2026-03-30 17:07:00,247.255,247.27,247.1,247.11,23858.985366,247.2001,625,
2026-03-30 17:08:00,247.09,247.15,247.04,247.11,21576.202022,247.0868,586,
2026-03-30 17:09:00,247.08,247.08,246.96,246.97,21480.273773,247.0084,658,
2026-03-30 17:10:00,246.97,247.05,246.8801,246.885,31175.755648,246.9703,787,
2026-03-30 17:11:00,246.9,246.915,246.79,246.88,31103.76558,246.8541,677,
2026-03-30 17:12:00,246.89,246.9899,246.89,246.95,20946.417867,246.9576,607,
2026-03-30 17:13:00,246.94,246.94,246.76,246.78,33744.894375,246.8575,907,
2026-03-30 17:14:00,246.785,246.87,246.775,246.86,30865.17562,246.8334,822,
2026-03-30 17:15:00,246.865,246.9,246.595,246.64,40218.710647,246.7443,964,
2026-03-30 17:16:00,246.65,246.68,246.45,246.465,89667.128029,246.5601,1730,
2026-03-30 17:17:00,246.49,246.62,246.4401,246.59,45220.203262,246.5268,1065,
2026-03-30 17:18:00,246.62,246.67,246.58,246.62,34841.445401,246.6247,935,
2026-03-30 17:19:00,246.62,246.64,246.56,246.58,35024.133344,246.5931,887,
2026-03-30 17:20:00,246.58,246.68,246.49,246.49,45565.795439,246.5792,1068,
2026-03-30 17:21:00,246.49,246.52,246.39,246.446,39309.176815,246.4697,922,
2026-03-30 17:22:00,246.43,246.43,246.04,246.08,112078.340348,246.2237,1994,
2026-03-30 17:23:00,246.08,246.13,245.96,246.08,124640.588887,246.0549,2112,
2026-03-30 17:24:00,246.085,246.1599,245.99,246.1,75004.683556,246.0733,1401,
2026-03-30 17:25:00,246.09,246.3,246.04,246.27,56476.611872,246.1982,1297,
2026-03-30 17:26:00,246.285,246.35,246.19,246.2,41338.573849,246.2773,934,
2026-03-30 17:27:00,246.2,246.2299,246.08,246.13,54966.952737,246.1637,1314,
2026-03-30 17:28:00,246.14,246.36,245.995,246.34,81417.427744,246.1546,1552,
2026-03-30 17:29:00,246.32,246.37,246.23,246.25,33811.590317,246.3116,880,
2026-03-30 17:30:00,246.255,246.3799,246.21,246.3799,45537.435802,246.3019,1216,
2026-03-30 17:31:00,246.365,246.38,246.18,246.21,50233.401179,246.2833,1200,
2026-03-30 17:32:00,246.22,246.24,246.05,246.09,47847.425918,246.1458,1105,
2026-03-30 17:33:00,246.08,246.15,245.995,246.07,77732.705319,246.0653,1469,
2026-03-30 17:34:00,246.07,246.11,246.03,246.09,51071.019541,246.0648,1148,
2026-03-30 17:35:00,246.08,246.13,246.04,246.1,38427.170145,246.0824,1126,
2026-03-30 17:36:00,246.0999,246.28,246.085,246.25,91350.320295,246.2164,1871,
2026-03-30 17:37:00,246.23,246.36,246.22,246.25,42393.942633,246.2963,1059,
2026-03-30 17:38:00,246.24,246.28,246.155,246.26,42089.225032,246.2272,1014,
2026-03-30 17:39:00,246.26,246.38,246.26,246.27,53664.611606,246.3298,1119,
2026-03-30 17:40:00,246.31,246.43,246.28,246.4099,47186.431829,246.3566,951,
2026-03-30 17:41:00,246.39,246.5396,246.3,246.5396,69016.833019,246.4288,1183,
2026-03-30 17:42:00,246.53,246.78,246.51,246.725,77024.148071,246.6479,1586,
2026-03-30 17:43:00,246.72,246.8279,246.71,246.81,38503.757452,246.7541,890,
2026-03-30 17:44:00,246.805,247.07,246.805,246.98,77005.14751,246.9714,1431,
2026-03-30 17:45:00,246.98,247.025,246.91,247.005,34796.331383,246.967,706,
2026-03-30 17:46:00,247.0,247.04,246.92,246.96,45943.473175,246.972,846,
2026-03-30 17:47:00,246.98,247.21,246.9,247.18,103782.514123,247.0959,2112,
2026-03-30 17:48:00,247.1601,247.24,247.0,247.0745,77726.288203,247.1395,1322,
2026-03-30 17:49:00,247.09,247.13,246.96,246.98,55045.617048,247.0786,1052,
2026-03-30 17:50:00,247.005,247.1,246.99,247.05,42457.482236,247.051,946,
2026-03-30 17:51:00,247.05,247.32,247.03,247.3,66150.188612,247.1957,3768,
2026-03-30 17:52:00,247.3,247.32,247.075,247.155,29942.761143,247.1921,773,
2026-03-30 17:53:00,247.1631,247.25,247.115,247.17,44494.868606,247.1858,989,
2026-03-30 17:54:00,247.165,247.165,246.935,246.97,55325.927952,247.0252,1120,
2026-03-30 17:55:00,246.97,247.07,246.87,246.965,37164.915012,247.0064,847,
2026-03-30 17:56:00,246.98,246.99,246.685,246.685,43817.369144,246.8613,954,
2026-03-30 17:57:00,246.645,246.829,246.645,246.809,37419.719819,246.7658,868,
2026-03-30 17:58:00,246.77,246.83,246.715,246.79,35791.446064,246.7807,876,
2026-03-30 17:59:00,246.81,247.05,246.81,246.92,47855.290459,246.9444,901,
2026-03-30 18:00:00,246.93,247.0,246.9,246.929,57654.178824,246.9395,1052,
2026-03-30 18:01:00,246.93,246.97,246.86,246.92,42225.241836,246.913,917,
2026-03-30 18:02:00,246.9225,247.08,246.875,247.045,62736.921052,246.9849,1233,
2026-03-30 18:03:00,247.05,247.12,247.0201,247.05,47066.212843,247.0741,1000,
2026-03-30 18:04:00,247.045,247.08,246.95,247.04,40058.919565,247.0231,902,
2026-03-30 18:05:00,247.05,247.15,247.045,247.08,33051.81425,247.0902,835,
2026-03-30 18:06:00,247.08,247.08,246.84,246.9,33860.987493,246.9764,779,
2026-03-30 18:07:00,246.915,247.04,246.915,247.01,48828.243144,246.976,980,
2026-03-30 18:08:00,247.01,247.08,246.94,246.96,33805.153914,247.017,819,
2026-03-30 18:09:00,246.956,246.99,246.9,246.93,47681.814384,246.9532,782,
2026-03-30 18:10:00,246.94,247.06,246.88,247.03,47863.765878,246.9606,1010,
2026-03-30 18:11:00,247.03,247.04,246.95,246.96,32914.793645,247.0081,840,
2026-03-30 18:12:00,246.97,246.99,246.75,246.77,40468.968784,246.8485,797,
2026-03-30 18:13:00,246.79,246.8099,246.635,246.655,45070.891855,246.713,934,
2026-03-30 18:14:00,246.655,246.79,246.54,246.74,62430.76472,246.6298,1247,
2026-03-30 18:15:00,246.75,246.77,246.68,246.7,31169.956833,246.7339,764,
2026-03-30 18:16:00,246.7,246.81,246.68,246.785,26317.883492,246.7526,724,
2026-03-30 18:17:00,246.81,246.83,246.74,246.7499,27461.154469,246.792,720,
2026-03-30 18:18:00,246.74,246.79,246.7,246.7,19203.511081,246.761,561,
2026-03-30 18:19:00,246.7,246.75,246.67,246.71,90981.597752,246.7038,794,
2026-03-30 18:20:00,246.68,246.75,246.655,246.67,26133.814828,246.7068,705,
2026-03-30 18:21:00,246.655,246.69,246.515,246.585,35345.867628,246.6168,766,
2026-03-30 18:22:00,246.59,246.66,246.475,246.5001,30935.902065,246.5837,755,
2026-03-30 18:23:00,246.5,246.52,246.44,246.47,30357.596318,246.4914,772,
2026-03-30 18:24:00,246.46,246.52,246.4,246.48,30854.663083,246.4613,758,
2026-03-30 18:25:00,246.49,246.57,246.48,246.53,36354.861718,246.5409,913,
2026-03-30 18:26:00,246.53,246.57,246.43,246.56,48464.80157,246.5217,1055,
2026-03-30 18:27:00,246.545,246.58,246.47,246.53,23246.040719,246.5221,657,
2026-03-30 18:28:00,246.5,246.53,246.38,246.515,107799.836889,246.4563,1434,
2026-03-30 18:29:00,246.49,246.58,246.47,246.4802,29692.085164,246.5196,642,
2026-03-30 18:30:00,246.49,246.6,246.47,246.485,51576.20152,246.5297,982,
2026-03-30 18:31:00,246.4899,246.53,246.39,246.4,63559.19876,246.4674,1016,
2026-03-30 18:32:00,246.4,246.52,246.375,246.44,67366.240707,246.4498,1152,
2026-03-30 18:33:00,246.425,246.435,246.31,246.33,31252.20999,246.3793,773,
2026-03-30 18:34:00,246.34,246.42,246.31,246.42,24367.0652,246.3587,617,
2026-03-30 18:35:00,246.4385,246.78,246.4095,246.74,48143.22985,246.6402,1200,
2026-03-30 18:36:00,246.75,246.8,246.66,246.71,34823.878732,246.7327,778,
2026-03-30 18:37:00,246.7,246.72,246.465,246.53,37206.610786,246.5966,927,
2026-03-30 18:38:00,246.54,246.54,246.32,246.32,62724.837839,246.4176,1250,
2026-03-30 18:39:00,246.32,246.33,246.2301,246.27,48744.280241,246.2981,913,
2026-03-30 18:40:00,246.26,246.28,246.16,246.23,62787.915332,246.2401,1193,
2026-03-30 18:41:00,246.23,246.4599,246.23,246.41,77642.743106,246.3318,1212,
2026-03-30 18:42:00,246.4,246.46,246.365,246.42,31147.173348,246.4065,657,
2026-03-30 18:43:00,246.42,246.475,246.3,246.47,37340.057937,246.4012,898,
2026-03-30 18:44:00,246.45,246.47,246.42,246.44,25652.931991,246.4514,731,
2026-03-30 18:45:00,246.46,246.5,246.31,246.39,53803.997897,246.4,1006,
2026-03-30 18:46:00,246.39,246.465,246.34,246.4193,55567.448686,246.3986,868,
2026-03-30 18:47:00,246.41,246.48,246.41,246.445,32528.559878,246.4426,702,
2026-03-30 18:48:00,246.44,246.52,246.37,246.47,49754.798755,246.4501,1116,
2026-03-30 18:49:00,246.47,246.6301,246.47,246.54,39634.106926,246.5526,932,
2026-03-30 18:50:00,246.57,246.57,246.36,246.43,40454.803036,246.4509,1080,
2026-03-30 18:51:00,246.44,246.48,246.31,246.33,30126.609002,246.397,760,
2026-03-30 18:52:00,246.34,246.42,246.32,246.4,38430.787412,246.3954,901,
2026-03-30 18:53:00,246.415,246.45,246.3901,246.445,25537.443932,246.4277,597,
2026-03-30 18:54:00,246.445,246.69,246.42,246.69,44268.718825,246.5214,1031,
2026-03-30 18:55:00,246.67,246.83,246.66,246.75,71813.678666,246.7639,1444,
2026-03-30 18:56:00,246.78,246.78,246.6101,246.68,56858.087875,246.7024,1064,
2026-03-30 18:57:00,246.69,246.69,246.52,246.54,29979.472698,246.5718,744,
2026-03-30 18:58:00,246.55,246.69,246.55,246.6201,26191.028052,246.6426,680,
2026-03-30 18:59:00,246.63,246.76,246.63,246.725,36420.452924,246.7075,885,
2026-03-30 19:00:00,246.74,246.78,246.66,246.685,41881.001435,246.7052,944,
2026-03-30 19:01:00,246.68,246.79,246.58,246.74,45704.382092,246.6739,992,
2026-03-30 19:02:00,246.75,246.81,246.7,246.72,36252.933707,246.7702,829,
2026-03-30 19:03:00,246.72,246.73,246.64,246.655,28797.47381,246.6904,661,
2026-03-30 19:04:00,246.6401,246.8,246.62,246.765,44367.413783,246.7138,933,
2026-03-30 19:05:00,246.77,246.78,246.69,246.75,50354.234199,246.7368,1010,
2026-03-30 19:06:00,246.77,246.8,246.57,246.61,61177.336624,246.6667,1344,
2026-03-30 19:07:00,246.63,246.66,246.53,246.55,54757.347694,246.5943,1270,
2026-03-30 19:08:00,246.545,246.61,246.46,246.6,66394.893386,246.521,1551,
2026-03-30 19:09:00,246.58,246.6601,246.54,246.54,42318.071007,246.6005,1006,
2026-03-30 19:10:00,246.55,246.61,246.25,246.25,70262.609735,246.4099,1815,
2026-03-30 19:11:00,246.25,246.31,246.04,246.11,113101.41594,246.1625,2294,
2026-03-30 19:12:00,246.13,246.21,245.92,245.9801,86046.044602,246.0569,1859,
2026-03-30 19:13:00,246.03,246.1,245.99,246.07,51850.835351,246.0687,1034,
2026-03-30 19:14:00,246.1,246.2375,246.07,246.195,56750.956807,246.1725,973,
2026-03-30 19:15:00,246.195,246.37,246.19,246.3,61596.45602,246.2833,1400,
2026-03-30 19:16:00,246.305,246.4,246.2801,246.285,48541.392139,246.3265,1037,
2026-03-30 19:17:00,246.2898,246.31,246.147,246.2099,43754.636578,246.2478,934,
2026-03-30 19:18:00,246.2,246.4,246.11,246.365,82766.440123,246.2394,1460,
2026-03-30 19:19:00,246.35,246.38,246.25,246.25,39817.486052,246.3244,927,
2026-03-30 19:20:00,246.275,246.3699,246.25,246.325,42790.132004,246.3163,862,
2026-03-30 19:21:00,246.31,246.34,246.19,246.21,38228.996086,246.2675,908,
2026-03-30 19:22:00,246.2,246.26,246.18,246.185,43972.667926,246.2293,984,
2026-03-30 19:23:00,246.19,246.22,246.1,246.21,46602.5027,246.1817,899,
2026-03-30 19:24:00,246.19,246.21,246.035,246.035,33115.002974,246.1458,830,
2026-03-30 19:25:00,246.035,246.09,245.97,246.04,44504.16048,246.0378,981,
2026-03-30 19:26:00,246.04,246.125,245.965,246.04,65240.30878,246.0434,1003,
2026-03-30 19:27:00,246.06,246.11,245.94,246.05,57971.574812,246.0317,1077,
2026-03-30 19:28:00,246.03,246.03,245.86,245.9101,73992.063337,245.9343,1449,
2026-03-30 19:29:00,245.875,245.94,245.83,245.88,60967.921255,245.8859,1308,
2026-03-30 19:30:00,245.89,246.0499,245.89,246.02,85542.313994,245.9806,1650,
2026-03-30 19:31:00,246.03,246.08,245.97,246.02,48554.748505,246.0357,1217,
2026-03-30 19:32:00,246.0,246.02,245.84,245.9,52412.02582,245.9235,1263,
2026-03-30 19:33:00,245.915,245.93,245.7701,245.8199,50695.020797,245.8663,1326,
2026-03-30 19:34:00,245.77,245.77,245.51,245.53,76895.757936,245.6425,1718,
2026-03-30 19:35:00,245.51,245.71,245.51,245.69,66016.468074,245.6237,1424,
2026-03-30 19:36:00,245.7,246.035,245.7,245.985,97917.453485,245.8822,1858,
2026-03-30 19:37:00,245.98,246.02,245.86,245.9325,56138.832536,245.9528,1444,
2026-03-30 19:38:00,245.94,245.99,245.82,245.83,64810.271928,245.914,1187,
2026-03-30 19:39:00,245.82,245.85,245.69,245.79,58035.872608,245.7941,1110,
2026-03-30 19:40:00,245.79,245.93,245.74,245.91,87684.104272,245.8159,1517,
2026-03-30 19:41:00,245.89,245.9,245.66,245.81,88637.619821,245.792,2156,
2026-03-30 19:42:00,245.79,245.95,245.735,245.81,68758.747804,245.8521,1637,
2026-03-30 19:43:00,245.8,245.86,245.71,245.84,76891.859527,245.7836,1559,
2026-03-30 19:44:00,245.84,245.94,245.81,245.87,71195.145347,245.8673,1500,
2026-03-30 19:45:00,245.88,246.16,245.875,246.13,109138.139982,246.0368,2055,
2026-03-30 19:46:00,246.12,246.13,246.0,246.05,68103.932122,246.0533,1452,
2026-03-30 19:47:00,246.0619,246.26,246.06,246.24,113244.103926,246.1539,1891,
2026-03-30 19:48:00,246.24,246.27,246.12,246.14,70236.641716,246.2124,1598,
2026-03-30 19:49:00,246.14,246.17,246.01,246.07,61108.44203,246.1008,1265,
2026-03-30 19:50:00,246.08,246.5,246.02,246.425,211256.350886,246.3205,4569,
2026-03-30 19:51:00,246.43,246.46,246.23,246.26,117814.561656,246.3423,2475,
2026-03-30 19:52:00,246.25,246.385,246.19,246.2,128843.510884,246.2826,2522,
2026-03-30 19:53:00,246.21,246.4701,246.12,246.45,155631.757206,246.2553,2187,
2026-03-30 19:54:00,246.47,246.64,246.33,246.55,159119.783321,246.4743,3136,
2026-03-30 19:55:00,246.57,247.05,246.57,246.97,274224.211422,246.853,3595,
2026-03-30 19:56:00,246.98,247.04,246.88,246.965,196479.590093,246.9594,2990,
2026-03-30 19:57:00,246.97,246.985,246.76,246.855,279440.379483,246.8846,3849,
2026-03-30 19:58:00,246.87,246.91,246.57,246.62,388000.680122,246.6637,5219,
2026-03-30 19:59:00,246.67,246.96,246.46,246.54,1170667.399535,246.6669,13689,
2026-03-30 20:00:00,246.63,246.63,246.63,246.63,1334491.311962,246.63,180,
2026-03-30 20:01:00,246.61,246.61,246.5368,246.61,1951.907339,246.6845,38,
2026-03-30 20:02:00,246.61,246.61,246.5327,246.5341,1454.11307,246.5906,40,
2026-03-30 20:03:00,246.5,246.5,246.5,246.5,379.0,246.5505,21,
2026-03-30 20:04:00,246.63,246.63,246.6,246.6,49402.14233,246.6292,72,
2026-03-30 20:06:00,246.52,246.52,246.52,246.52,293.036499,246.5609,19,
2026-03-30 20:08:00,246.4899,246.4899,246.35,246.37,1500.016556,246.4073,47,
2026-03-30 20:10:00,246.38,246.4022,246.38,246.4022,1125.816186,246.5704,22,
2026-03-30 20:12:00,246.45,246.45,246.45,246.45,233.5,246.942,20,
2026-03-30 20:13:00,246.45,246.45,246.45,246.45,1121.0,246.4425,23,
2026-03-30 20:14:00,246.36,246.36,246.35,246.3501,2266.024763,246.353,33,
2026-03-30 20:15:00,246.35,246.5,246.35,246.5,2762.108023,246.4563,35,
2026-03-30 20:16:00,246.39,246.39,246.39,246.39,256.000411,246.3898,11,
2026-03-30 20:18:00,246.36,246.36,246.23,246.23,3598.049433,246.2795,87,
2026-03-30 20:19:00,246.21,246.63,246.1368,246.63,6415.087249,246.3668,113,
2026-03-30 20:20:00,246.2,246.2,246.1982,246.2,3359.183104,246.2147,50,
2026-03-30 20:22:00,246.26,246.26,246.26,246.26,915.0,246.2793,29,
2026-03-30 20:27:00,246.27,246.27,246.22,246.22,1056.0,246.2342,19,
2026-03-30 20:28:00,246.24,246.24,246.24,246.24,316.0,246.2466,13,
2026-03-30 20:31:00,246.22,246.22,246.22,246.22,166.0,246.2345,6,
2026-03-30 20:32:00,246.28,246.28,246.16,246.1639,9637.0,246.2215,89,
2026-03-30 20:34:00,246.2299,246.23,246.2299,246.23,767.0,246.211,24,
2026-03-30 20:36:00,246.63,246.63,246.63,246.63,33596.0,246.6299,5,
2026-03-30 20:37:00,246.23,246.23,246.2007,246.2007,434.0,246.2115,11,
2026-03-30 20:40:00,246.2,246.23,246.2,246.23,301.0,246.2082,13,
2026-03-30 20:41:00,246.22,246.23,246.22,246.23,5320.0,246.2297,27,
2026-03-30 20:46:00,246.2,246.2,246.2,246.2,386.0,246.1925,11,
2026-03-30 20:47:00,246.2,246.2,246.2,246.2,333.0,246.1918,42,
2026-03-30 20:49:00,246.17,246.17,246.05,246.05,1621.137484,246.1729,80,
2026-03-30 20:51:00,246.14,246.16,246.14,246.16,4914.0,246.1563,26,
2026-03-30 20:53:00,246.0794,246.0794,246.0794,246.0794,121.0,246.094,8,
2026-03-30 20:59:00,246.01,246.01,246.01,246.01,771.0,246.0543,20,
2026-03-30 21:02:00,246.1753,246.1753,246.1753,246.1753,577.104266,246.2136,9,
2026-03-30 21:03:00,246.19,246.2,246.19,246.2,1408.657979,246.3072,35,
2026-03-30 21:04:00,246.19,246.19,246.19,246.19,115.191154,246.5966,8,
2026-03-30 21:09:00,246.1271,246.1271,246.0794,246.0794,352.0,246.1354,15,
2026-03-30 21:11:00,246.13,246.16,246.13,246.16,316.0,246.1265,10,
2026-03-30 21:12:00,246.01,246.01,246.01,246.01,133.036557,246.1017,9,
2026-03-30 21:13:00,246.15,246.15,246.15,246.15,423.0,246.1496,22,
2026-03-30 21:14:00,246.16,246.16,246.1,246.1,1223.925727,246.2688,78,
2026-03-30 21:15:00,246.03,246.03,246.01,246.01,874.0,246.0211,32,
2026-03-30 21:16:00,246.08,246.1,246.08,246.1,51189.0,246.0999,32,
2026-03-30 21:20:00,246.12,246.12,246.12,246.12,145.0,246.1135,7,
2026-03-30 21:21:00,246.19,246.19,246.19,246.19,323.0,246.1606,10,
2026-03-30 21:23:00,246.1,246.1,246.04,246.04,474.0,246.0755,13,
2026-03-30 21:24:00,246.08,246.08,246.08,246.08,263.0,246.0953,10,
2026-03-30 21:27:00,246.17,246.17,246.07,246.07,1270.0,246.1259,21,
2026-03-30 21:29:00,246.13,246.13,246.08,246.08,349.004063,246.1083,10,
2026-03-30 21:30:00,246.0717,246.0717,246.0717,246.0717,492.0,246.072,6,
2026-03-30 21:31:00,246.07,246.07,246.07,246.07,381.013086,246.0932,22,
2026-03-30 21:33:00,246.1,246.1,246.1,246.1,140.020309,246.139,13,
2026-03-30 21:34:00,246.18,246.18,246.18,246.18,1087.130494,246.2044,8,
2026-03-30 21:35:00,246.08,246.08,246.08,246.08,158.0545,246.1708,17,
2026-03-30 21:38:00,246.1,246.11,246.1,246.11,200.0545,246.1721,3,
2026-03-30 21:39:00,246.2,246.2,246.2,246.2,136.007739,246.2048,8,
2026-03-30 21:40:00,246.1248,246.1248,246.12,246.12,1079.0,246.1323,18,
2026-03-30 21:41:00,246.11,246.11,246.1,246.11,1075.0,246.1061,20,
2026-03-30 21:42:00,246.11,246.11,246.11,246.11,195.0,246.1101,6,
2026-03-30 21:44:00,246.11,246.11,246.09,246.09,922.004088,246.0983,34,
2026-03-30 21:46:00,246.04,246.04,246.03,246.03,481.0,246.0364,22,
2026-03-30 21:48:00,246.1,246.1,246.1,246.1,834.019788,246.0888,21,
2026-03-30 21:49:00,246.01,246.02,246.0,246.0,2483.253731,246.0301,120,
2026-03-30 21:51:00,245.93,245.93,245.93,245.93,124.0,245.9409,4,
2026-03-30 21:52:00,246.0,246.0,246.0,246.0,598.004063,246.0002,16,
2026-03-30 21:54:00,246.0,246.0,246.0,246.0,392.019685,246.015,17,
2026-03-30 21:55:00,245.9,245.9,245.9,245.9,509.012222,245.9095,16,
2026-03-30 21:56:00,246.0,246.0,246.0,246.0,157.0,245.9757,4,
2026-03-30 22:00:00,246.18,246.21,246.16,246.21,3474.2,246.2076,31,
2026-03-30 22:01:00,246.2,246.25,246.2,246.25,2527.0,246.2247,37,
2026-03-30 22:03:00,246.42,246.42,246.37,246.42,745.335118,246.528,55,
2026-03-30 22:05:00,246.4,246.4,246.4,246.4,222.450744,246.8617,12,
2026-03-30 22:07:00,246.32,246.32,246.32,246.32,176.58812,247.1334,10,
2026-03-30 22:08:00,246.5856,246.5856,246.5856,246.5856,1027.06263,246.5986,9,
2026-03-30 22:10:00,246.2679,246.2938,246.2679,246.2938,233.0,246.2916,11,
2026-03-30 22:13:00,246.05,246.192,246.05,246.192,1398.040518,246.1448,26,
2026-03-30 22:16:00,246.2055,246.2055,246.2055,246.2055,421.0,246.2112,4,
2026-03-30 22:19:00,246.2571,246.2571,246.2144,246.2144,309.0,246.2394,10,
2026-03-30 22:27:00,246.3186,246.3186,246.3186,246.3186,151.0,246.3065,14,
2026-03-30 22:28:00,246.23,246.23,246.18,246.18,660.0,246.1986,24,
2026-03-30 22:33:00,246.04,246.04,246.04,246.04,366.0,246.04,4,
2026-03-30 22:38:00,246.32,246.32,246.32,246.32,216.0,246.3111,4,
2026-03-30 22:41:00,246.31,246.31,246.31,246.31,1506.0,246.3075,6,
2026-03-30 22:47:00,246.03,246.1,246.03,246.1,459.078512,246.1137,15,
2026-03-30 22:49:00,246.0149,246.0149,246.0149,246.0149,192.055198,246.1059,10,
2026-03-30 22:50:00,246.09,246.09,246.09,246.09,2984.01394,246.0929,42,
2026-03-30 22:52:00,246.15,246.38,246.15,246.38,476.01108,246.2171,13,
2026-03-30 22:54:00,246.16,246.16,246.15,246.15,560.025469,246.1689,20,
2026-03-30 22:57:00,246.15,246.15,246.15,246.15,302.266006,246.3441,16,
2026-03-30 22:58:00,246.2,246.2,246.2,246.2,462.0,246.1925,14,
2026-03-30 23:00:00,246.03,246.03,246.03,246.03,969.065132,245.9617,76,
2026-03-30 23:01:00,245.76,245.76,245.76,245.76,842.020376,249.5552,25,
2026-03-30 23:04:00,245.7,245.7,245.7,245.7,388.002032,245.7274,24,
2026-03-30 23:06:00,245.68,245.7,245.68,245.7,1505.0,245.6953,34,
2026-03-30 23:07:00,245.8,245.8,245.8,245.8,1625.987466,245.9506,29,
2026-03-30 23:08:00,245.62,245.62,245.5,245.5,2882.044867,245.5787,105,
2026-03-30 23:11:00,245.6218,245.6218,245.6218,245.6218,210.202907,245.8457,11,
2026-03-30 23:14:00,245.5007,245.5007,245.5007,245.5007,1127.0,245.5061,15,
2026-03-30 23:18:00,245.68,245.68,245.68,245.68,215.0,245.6845,5,
2026-03-30 23:25:00,245.58,245.58,245.58,245.58,246.0,245.5685,15,
2026-03-30 23:27:00,245.61,245.61,245.61,245.61,194.042278,245.6999,9,
2026-03-30 23:33:00,245.55,245.55,245.29,245.32,5256.449066,245.4312,207,
2026-03-30 23:34:00,245.6,245.6,245.6,245.6,217.0,245.579,12,
2026-03-30 23:38:00,245.39,245.39,245.37,245.37,1381.02444,245.3824,64,
2026-03-30 23:39:00,245.4,245.4,245.4,245.4,259.013394,245.4214,11,
2026-03-30 23:41:00,245.3,245.3101,245.19,245.19,1119.207439,245.294,75,
2026-03-30 23:43:00,245.25,245.25,245.24,245.25,15119.0,245.2498,31,
2026-03-30 23:45:00,245.16,245.16,245.16,245.16,668.22478,245.2254,68,
2026-03-30 23:46:00,245.16,245.16,245.16,245.16,912.679763,245.3554,25,
2026-03-30 23:50:00,245.09,245.24,245.09,245.24,456.0,245.1421,15,
2026-03-30 23:52:00,245.1332,245.1332,245.1332,245.1332,150.0,245.1335,8,
2026-03-30 23:53:00,245.12,245.24,245.12,245.2,592.024477,245.192,15,
2026-03-30 23:55:00,245.12,245.1479,245.12,245.14,511.021794,245.1489,22,
2026-03-30 23:56:00,245.1,245.1486,245.09,245.1486,952.045699,245.1392,29,
2026-03-30 23:58:00,245.19,245.19,245.19,245.19,613.893177,245.5312,17,
2026-03-30 23:59:00,245.25,245.25,245.1999,245.25,4598.071,245.2459,27,
2026-03-31 08:00:00,248.05,248.64,247.41,248.64,26030.679548,247.7257,2268,
2026-03-31 08:01:00,248.29,248.39,248.11,248.37,9697.0,247.7593,476,
2026-03-31 08:03:00,248.18,248.29,248.18,248.28,5287.169528,247.7562,179,
2026-03-31 08:04:00,248.14,248.14,248.14,248.14,317.028809,248.215,15,
2026-03-31 08:05:00,248.3,248.5,248.29,248.5,2973.555677,248.4183,76,
2026-03-31 08:06:00,248.65,248.65,248.65,248.65,158.08662,248.7426,29,
2026-03-31 08:08:00,248.65,248.65,248.65,248.65,436.134971,248.7098,38,
2026-03-31 08:12:00,248.32,248.32,248.17,248.17,996.0,248.242,19,
2026-03-31 08:13:00,248.2,248.2,248.18,248.18,219.0,248.1905,4,
2026-03-31 08:14:00,248.18,248.39,248.17,248.17,1027.243455,248.2725,17,
2026-03-31 08:15:00,248.27,248.27,248.27,248.27,413.041673,248.2912,18,
2026-03-31 08:17:00,248.23,248.23,248.14,248.14,1444.101853,248.1727,30,
2026-03-31 08:18:00,248.05,248.05,248.02,248.02,627.082957,248.0734,20,
2026-03-31 08:20:00,248.2,248.2,248.2,248.2,571.00004,248.213,21,
2026-03-31 08:21:00,248.19,248.21,248.06,248.06,1212.0,248.1746,29,
2026-03-31 08:22:00,248.12,248.12,248.12,248.12,439.008048,248.0991,20,
2026-03-31 08:23:00,248.02,248.02,247.93,247.93,725.0,247.9896,19,
2026-03-31 08:27:00,248.49,248.49,248.06,248.06,1412.0,248.1073,28,
2026-03-31 08:28:00,248.04,248.05,248.04,248.05,616.013226,248.0525,13,
2026-03-31 08:30:00,248.02,248.02,248.02,248.02,212.0,248.02,5,
2026-03-31 08:32:00,248.08,248.08,248.08,248.08,284.0,248.1009,6,
2026-03-31 08:34:00,248.12,248.12,248.12,248.12,697.004032,248.0984,33,
2026-03-31 08:36:00,248.06,248.06,248.06,248.06,290.9714,248.8938,11,
2026-03-31 08:37:00,248.07,248.07,248.06,248.06,747.000402,248.0608,14,
2026-03-31 08:38:00,248.06,248.06,248.06,248.06,287.0,248.0713,12,
2026-03-31 08:39:00,248.12,248.12,247.9,247.99,6399.202298,248.0231,110,
2026-03-31 08:42:00,247.98,247.98,247.98,247.98,361.295057,248.1832,47,
2026-03-31 08:44:00,247.97,247.97,247.97,247.97,105.0,247.9697,4,
2026-03-31 08:45:00,248.0,248.0,247.88,247.88,729.228092,248.0455,22,
2026-03-31 08:51:00,248.0,248.05,248.0,248.05,372.0,248.0227,9,
2026-03-31 08:52:00,247.92,247.92,247.87,247.87,823.350123,247.9978,28,
2026-03-31 08:55:00,247.96,247.96,247.96,247.96,332.0,247.9687,31,
2026-03-31 09:17:00,248.01,248.01,248.01,248.01,201.011955,248.0247,5,
2026-03-31 09:19:00,248.19,248.19,248.19,248.19,157.217504,248.4608,7,
2026-03-31 09:25:00,248.19,248.19,248.19,248.19,137.441119,248.9522,9,
2026-03-31 09:28:00,248.1,248.1,247.98,247.98,485.040359,248.0863,14,
2026-03-31 09:33:00,248.13,248.13,248.13,248.13,1163.00004,248.1129,21,
2026-03-31 09:34:00,248.13,248.17,248.12,248.17,1389.045529,248.1516,13,
2026-03-31 09:35:00,248.13,248.19,248.13,248.19,1522.369689,248.2098,25,
2026-03-31 09:36:00,248.19,248.22,248.19,248.22,1134.228583,248.2604,14,
2026-03-31 09:45:00,248.4,248.4,248.4,248.4,105.059209,248.5299,5,
2026-03-31 09:46:00,248.2,248.2,248.2,248.2,487.0,248.1671,27,
2026-03-31 09:49:00,248.3,248.3,248.3,248.3,350.903643,248.9375,7,
2026-03-31 09:50:00,248.3,248.3,248.3,248.3,1292.005918,248.2931,14,
2026-03-31 09:51:00,248.3,248.4,248.3,248.4,1385.0,248.3403,29,
2026-03-31 09:52:00,248.4,248.4,248.39,248.4,1286.985842,248.5851,26,
2026-03-31 09:55:00,248.44,248.44,248.44,248.44,956.016099,248.3761,20,
2026-03-31 09:58:00,248.4,248.4,248.4,248.4,335.0,248.3903,9,
2026-03-31 10:00:00,248.45,248.65,248.45,248.65,1372.808338,248.7275,42,
2026-03-31 10:05:00,248.64,248.64,248.49,248.49,3025.311246,248.5897,32,
2026-03-31 10:07:00,248.74,248.74,248.7,248.7,1474.984086,248.8778,31,
2026-03-31 10:09:00,248.74,248.75,248.74,248.75,591.0,248.739,12,
2026-03-31 10:16:00,248.53,248.53,248.43,248.43,975.289608,248.5595,28,
2026-03-31 10:23:00,248.48,248.48,248.48,248.48,660.012574,248.4815,24,
2026-03-31 10:29:00,248.59,248.59,248.59,248.59,677.0,248.5703,25,
2026-03-31 10:30:00,248.59,248.59,248.59,248.59,893.0,248.5742,12,
2026-03-31 10:31:00,248.59,248.59,248.59,248.59,572.0,248.5775,17,
2026-03-31 10:33:00,248.5,248.75,248.5,248.75,1377.165472,248.7177,28,
2026-03-31 10:34:00,248.51,248.51,248.51,248.51,876.084502,248.492,37,
2026-03-31 10:37:00,248.34,248.34,248.32,248.32,993.0,248.3483,17,
2026-03-31 10:38:00,248.3,248.3,248.29,248.29,1195.644184,248.4217,43,
2026-03-31 10:40:00,248.11,248.11,248.0,248.04,2586.084698,248.0563,55,
2026-03-31 10:43:00,248.11,248.11,248.06,248.07,1431.0,248.0879,28,
2026-03-31 10:44:00,248.13,248.15,248.1,248.15,1913.0,248.1212,32,
2026-03-31 10:45:00,248.14,248.14,248.07,248.07,1730.01613,248.1104,40,
2026-03-31 10:49:00,248.08,248.08,248.08,248.08,517.089805,248.1273,11,
2026-03-31 11:00:00,248.3,248.3,247.89,247.89,29575.900752,248.0181,234,
2026-03-31 11:01:00,247.85,247.87,247.82,247.82,1564.09424,247.8486,70,
2026-03-31 11:02:00,247.9,247.94,247.9,247.94,999.550148,248.0414,46,
2026-03-31 11:04:00,247.93,248.0,247.5,248.0,2447.044415,247.8619,50,
2026-03-31 11:05:00,247.9,247.9,247.8,247.8,1215.004173,247.8856,13,
2026-03-31 11:06:00,247.8,247.8,247.8,247.8,317.0,247.8139,12,
2026-03-31 11:07:00,247.82,247.82,247.7065,247.7065,1926.0,247.7638,34,
2026-03-31 11:09:00,247.64,247.64,247.64,247.64,482.203,247.7539,14,
2026-03-31 11:10:00,247.75,247.75,247.73,247.73,772.04944,247.7277,34,
2026-03-31 11:11:00,247.88,247.99,247.66,247.71,6455.101811,247.87,142,
2026-03-31 11:12:00,247.96,247.99,247.92,247.92,2462.0,247.9634,33,
2026-03-31 11:13:00,247.99,247.99,247.82,247.82,18850.0,247.9869,12,
2026-03-31 11:14:00,247.9309,247.9309,247.89,247.89,1191.000725,247.899,33,
2026-03-31 11:15:00,247.87,248.26,247.87,248.26,44613.0042,248.0198,116,
2026-03-31 11:16:00,248.34,248.45,248.32,248.4,4876.098805,248.3507,188,
2026-03-31 11:20:00,248.21,248.48,248.21,248.48,2468.0,248.281,47,
2026-03-31 11:23:00,248.1117,248.1117,248.1117,248.1117,123.008053,248.1225,5,
2026-03-31 11:24:00,248.29,248.3,248.29,248.3,2165.267558,248.3253,20,
2026-03-31 11:25:00,248.3,248.35,248.3,248.35,856.748001,248.4911,26,
2026-03-31 11:27:00,248.4,248.4,248.13,248.13,1085.950979,248.4292,32,
2026-03-31 11:28:00,248.1,248.12,248.1,248.12,586.0,248.1279,13,
2026-03-31 11:29:00,248.11,248.11,248.02,248.02,1104.0,248.0721,34,
2026-03-31 11:30:00,248.1789,248.3149,248.1789,248.3149,813.0,248.2617,16,
2026-03-31 11:33:00,248.09,248.09,248.09,248.09,186.0,248.1384,10,
2026-03-31 11:34:00,248.3,248.35,248.3,248.35,1870.008026,248.3548,49,
2026-03-31 11:35:00,248.47,248.48,248.2799,248.48,2005.0,248.4326,54,
2026-03-31 11:36:00,248.47,248.48,248.37,248.48,1319.658,248.5622,33,
2026-03-31 11:37:00,248.48,248.5,248.48,248.49,5227.42164,248.5121,87,
2026-03-31 11:39:00,248.7768,248.7768,248.5241,248.5241,549.509378,248.927,43,
2026-03-31 11:40:00,248.72,248.72,248.7,248.7,665.129081,248.7429,74,
2026-03-31 11:41:00,248.8,248.8,248.8,248.8,915.952218,248.9609,112,
2026-03-31 11:42:00,248.81,248.81,248.47,248.47,2186.765,248.736,30,
2026-03-31 11:43:00,248.81,248.84,248.81,248.84,2834.787399,248.8983,92,
2026-03-31 11:44:00,248.85,248.85,248.84,248.84,1925.012541,248.8481,50,
2026-03-31 11:45:00,248.96,248.96,248.96,248.96,824.0,248.9265,34,
2026-03-31 11:46:00,248.89,249.0,248.8,249.0,6165.105174,248.9321,187,
2026-03-31 11:47:00,248.89,248.9,248.85,248.89,19927.20071,248.8917,53,
2026-03-31 11:48:00,249.0,249.0,248.7557,248.7557,1410.051243,249.0044,49,
2026-03-31 11:49:00,248.99,249.0,248.76,248.85,3118.0,248.9058,65,
2026-03-31 11:50:00,248.95,248.95,248.95,248.95,555.208802,249.0418,38,
2026-03-31 11:53:00,248.99,248.99,248.98,248.99,2574.469363,249.03,20,
2026-03-31 11:54:00,248.99,248.99,248.99,248.99,235.021566,248.9705,24,
2026-03-31 11:55:00,248.99,248.99,248.91,248.93,916.956606,249.2151,23,
2026-03-31 11:56:00,248.91,248.91,248.91,248.91,655.0,248.8941,19,
2026-03-31 11:57:00,248.91,248.93,248.91,248.93,555.024103,248.9225,19,
2026-03-31 11:58:00,248.9,248.9,248.8624,248.8624,1214.0,248.8871,17,
2026-03-31 11:59:00,248.86,248.89,248.86,248.89,1398.17203,248.9073,23,
2026-03-31 12:00:00,248.98,248.99,248.98,248.99,2010.0,248.9406,54,
2026-03-31 12:01:00,248.97,248.97,248.97,248.97,1301.976204,249.1741,49,
2026-03-31 12:05:00,249.4363,249.4363,249.4363,249.4363,3045.99638,248.1177,226,
2026-03-31 12:06:00,249.21,249.21,249.03,249.03,1974.755034,248.6812,100,
2026-03-31 12:07:00,249.2,249.35,249.2,249.34,4049.608422,249.33,89,
2026-03-31 12:08:00,249.3,249.35,249.0,249.35,3415.61,249.2987,62,
2026-03-31 12:09:00,249.3058,249.5058,249.3058,249.4883,2945.453783,249.4707,105,
2026-03-31 12:10:00,249.5,249.5,249.0,249.0,14816.553017,249.414,170,
2026-03-31 12:11:00,249.201,249.2916,249.0,249.0,52873.04705,249.0051,124,
2026-03-31 12:12:00,248.91,248.99,248.76,248.85,6191.222111,248.8067,160,
2026-03-31 12:13:00,248.99,249.01,248.93,249.01,1530.214279,249.0194,73,
2026-03-31 12:14:00,248.87,248.87,248.5001,248.85,4442.008357,248.8533,81,
2026-03-31 12:15:00,248.62,248.75,248.56,248.58,3310.06197,248.6869,80,
2026-03-31 12:16:00,248.56,248.7,248.52,248.7,3141.033239,248.5811,45,
2026-03-31 12:17:00,248.6987,248.6987,248.6987,248.6987,2079.011452,248.664,45,
2026-03-31 12:18:00,248.7,248.88,248.7,248.88,2910.0,248.782,43,
2026-03-31 12:19:00,248.93,248.95,248.91,248.91,2103.0,248.9279,75,
2026-03-31 12:22:00,248.82,248.82,248.8,248.8,1052.0,248.804,20,
2026-03-31 12:24:00,248.85,248.85,248.73,248.73,614.020265,248.786,23,
2026-03-31 12:25:00,248.85,248.86,248.85,248.85,997.0683,248.8928,20,
2026-03-31 12:27:00,248.92,248.92,248.77,248.83,4147.0,248.8195,84,
2026-03-31 12:28:00,248.76,248.86,248.72,248.82,5925.192663,248.8008,160,
2026-03-31 12:29:00,248.79,248.98,248.79,248.8,1672.032631,248.9133,40,
2026-03-31 12:31:00,248.83,248.99,248.78,248.78,1424.14031,248.9346,46,
2026-03-31 12:32:00,248.9,248.9,248.9,248.9,776.063465,248.9483,26,
2026-03-31 12:33:00,248.85,248.85,248.85,248.85,641.0,248.8851,28,
2026-03-31 12:35:00,248.9218,248.94,248.8001,248.94,31157.615941,248.81,36,
2026-03-31 12:36:00,248.82,248.9,248.82,248.88,827.012138,248.8892,30,
2026-03-31 12:37:00,248.8,248.84,248.8,248.81,1441.086206,248.838,49,
2026-03-31 12:39:00,248.94,248.94,248.8,248.8282,1759.0,248.8467,37,
2026-03-31 12:40:00,248.72,248.77,248.72,248.77,823.0,248.7474,34,
2026-03-31 12:41:00,248.6443,248.7389,248.6443,248.7389,1550.0,248.6582,38,
2026-03-31 12:42:00,248.76,248.76,248.75,248.76,1503.0,248.7574,16,
2026-03-31 12:43:00,248.8719,248.8719,248.8719,248.8719,458.008034,248.8587,20,
2026-03-31 12:44:00,248.55,248.75,248.55,248.75,1249.0,248.66,13,
2026-03-31 12:45:00,248.76,248.8099,248.66,248.66,1982.0,248.7733,47,
2026-03-31 12:46:00,248.81,248.91,248.81,248.91,979.117924,248.8889,36,
2026-03-31 12:48:00,248.89,248.89,248.81,248.8805,1111.0,248.8598,30,
2026-03-31 12:49:00,248.89,248.9,248.8,248.8,3641.0,248.8664,43,
2026-03-31 12:50:00,248.88,248.89,248.81,248.89,1529.0,248.8633,32,
2026-03-31 12:51:00,248.8942,248.96,248.71,248.71,8619.004017,248.8537,93,
2026-03-31 12:52:00,248.85,248.85,248.85,248.85,330.0,248.8336,31,
2026-03-31 12:54:00,248.73,248.76,248.73,248.76,802.00406,248.7318,36,
2026-03-31 12:55:00,248.67,248.79,248.65,248.65,1231.021654,248.7139,43,
2026-03-31 12:56:00,248.56,248.62,248.31,248.62,6868.162166,248.5175,156,
2026-03-31 12:57:00,248.44,248.45,248.3195,248.3195,1492.008044,248.4429,45,
2026-03-31 12:58:00,248.3,248.34,248.3,248.3,2954.531812,248.36,74,
2026-03-31 12:59:00,248.3,248.3,248.3,248.3,496.054418,248.3202,39,
2026-03-31 13:00:00,248.18,248.18,248.0,248.0,1947.101506,248.1421,46,
2026-03-31 13:01:00,248.13,248.13,248.1,248.1,1012.025125,248.1433,30,
2026-03-31 13:02:00,248.06,248.2,248.04,248.2,392.991229,248.7528,14,
2026-03-31 13:03:00,248.16,248.16,248.1,248.1,1619.0,248.1433,36,
2026-03-31 13:04:00,248.04,248.04,248.0,248.0,1619.133328,248.0273,72,
2026-03-31 13:05:00,248.04,248.09,248.04,248.09,1931.030263,248.0724,32,
2026-03-31 13:06:00,248.1,248.1197,248.09,248.1,1059.18869,248.1461,29,
2026-03-31 13:07:00,248.04,248.04,247.93,247.93,5912.008389,247.9996,106,
2026-03-31 13:08:00,247.91,247.95,247.9,247.91,5849.131105,247.9227,125,
2026-03-31 13:09:00,247.836,247.836,247.836,247.836,383.0,247.8786,17,
2026-03-31 13:10:00,247.984,248.0,247.91,247.91,3592.0,247.954,88,
2026-03-31 13:11:00,247.97,247.98,247.95,247.95,2510.0,247.9742,51,
2026-03-31 13:12:00,247.99,248.01,247.91,247.95,7225.014862,247.9912,82,
2026-03-31 13:13:00,247.81,247.81,247.78,247.8,2135.024241,247.8141,71,
2026-03-31 13:14:00,247.81,247.84,247.81,247.84,631.040362,247.8617,24,
2026-03-31 13:16:00,247.98,247.98,247.75,247.75,5145.082436,247.8323,107,
2026-03-31 13:17:00,247.76,247.8218,247.67,247.67,1681.029315,247.7388,53,
2026-03-31 13:18:00,247.67,247.77,247.67,247.77,1106.020302,247.7223,52,
2026-03-31 13:19:00,247.69,247.83,247.69,247.83,3883.016757,247.7135,72,
2026-03-31 13:20:00,247.82,247.83,247.64,247.73,4317.054288,247.736,63,
2026-03-31 13:21:00,247.7,247.71,247.7,247.71,1067.353988,247.7824,29,
2026-03-31 13:22:00,247.79,247.79,247.66,247.66,3662.056592,247.7421,69,
2026-03-31 13:23:00,247.59,247.7,247.5,247.55,3713.138918,247.5631,89,
2026-03-31 13:24:00,247.549,247.549,247.38,247.38,3983.103955,247.4481,88,
2026-03-31 13:25:00,247.32,247.39,247.32,247.39,4319.583392,247.3795,63,
2026-03-31 13:26:00,247.3717,247.56,247.3717,247.5522,3943.374777,247.4748,48,
2026-03-31 13:27:00,247.82,247.82,247.35,247.5746,11957.345458,247.5704,584,
2026-03-31 13:28:00,247.82,248.04,247.71,247.8,18649.095742,247.8593,163,
2026-03-31 13:29:00,247.8,247.8,247.49,247.72,10932.240599,247.674,117,
2026-03-31 13:30:00,247.91,249.2,247.8,248.84,713422.328419,248.1774,11785,
2026-03-31 13:31:00,248.81,248.98,248.37,248.4499,195725.194558,248.5732,3828,
2026-03-31 13:32:00,248.42,248.53,247.86,248.2,170186.911126,248.1854,3181,
2026-03-31 13:33:00,248.22,248.63,247.92,248.5,105049.816551,248.269,2070,
2026-03-31 13:34:00,248.485,248.71,248.195,248.695,73486.786723,248.482,1510,
2026-03-31 13:35:00,248.68,248.695,248.05,248.1301,111983.374842,248.2614,1957,
2026-03-31 13:36:00,248.15,248.16,247.64,247.7,174527.514854,247.8033,2560,
2026-03-31 13:37:00,247.71,248.05,247.69,247.86,106143.361638,247.8791,1661,
2026-03-31 13:38:00,247.88,248.565,247.82,248.52,110918.95037,248.0985,1905,
2026-03-31 13:39:00,248.515,248.56,248.38,248.55,87051.781492,248.481,1395,
2026-03-31 13:40:00,248.53,248.55,247.97,248.19,96576.88758,248.2036,1670,
2026-03-31 13:41:00,248.185,248.185,247.85,248.0,79904.008601,248.0233,1279,
2026-03-31 13:42:00,247.95,248.18,247.91,248.09,114827.076267,248.0197,2349,
2026-03-31 13:43:00,248.07,248.16,247.79,247.99,83039.375776,247.9481,2217,
2026-03-31 13:44:00,247.97,247.97,247.69,247.82,104900.108795,247.775,2261,
2026-03-31 13:45:00,247.83,248.04,247.83,247.98,89171.390278,247.9439,2234,
2026-03-31 13:46:00,247.99,248.72,247.905,248.51,117291.580264,248.3442,2454,
2026-03-31 13:47:00,248.49,248.84,248.49,248.72,108716.960432,248.6685,2494,
2026-03-31 13:48:00,248.71,248.885,248.66,248.8,44477.994679,248.7673,1763,
2026-03-31 13:49:00,248.82,249.0599,248.6701,249.04,98516.935347,248.9034,2821,
2026-03-31 13:50:00,249.07,249.08,248.79,248.98,66164.626462,248.9062,2140,
2026-03-31 13:51:00,248.999,249.16,248.94,249.06,93208.407608,249.0607,2130,
2026-03-31 13:52:00,249.03,249.035,248.76,248.89,47896.885092,248.8899,1816,
2026-03-31 13:53:00,248.89,249.23,248.78,249.15,94939.941365,249.1049,1975,
2026-03-31 13:54:00,249.155,249.27,249.09,249.1,76642.194826,249.1615,2097,
2026-03-31 13:55:00,249.1041,249.2,248.99,249.01,94447.65333,249.1174,2408,
2026-03-31 13:56:00,249.0,249.02,248.65,248.71,63502.365104,248.8525,2074,
2026-03-31 13:57:00,248.72,248.7399,248.52,248.596,62007.305965,248.651,2171,
2026-03-31 13:58:00,248.6,248.805,248.6,248.73,50828.576915,248.6944,2034,
2026-03-31 13:59:00,248.75,248.87,248.7,248.7927,73116.133907,248.7794,2247,
2026-03-31 14:00:00,248.82,248.89,248.57,248.715,102712.923826,248.7522,2868,
2026-03-31 14:01:00,248.73,248.74,248.435,248.59,64585.404088,248.5842,2329,
2026-03-31 14:02:00,248.64,248.65,248.46,248.61,58303.84456,248.5564,2113,
2026-03-31 14:03:00,248.63,248.64,248.32,248.52,81948.642019,248.4958,2632,
2026-03-31 14:04:00,248.54,248.73,248.53,248.67,55944.07297,248.622,1975,
2026-03-31 14:05:00,248.67,248.67,248.28,248.3287,57338.055323,248.4532,2135,
2026-03-31 14:06:00,248.32,248.36,247.9214,248.17,93973.562714,248.0698,3022,
2026-03-31 14:07:00,248.08,248.14,248.03,248.12,49385.6731,248.093,2030,
2026-03-31 14:08:00,248.12,248.28,248.11,248.22,69403.885642,248.1937,2268,
2026-03-31 14:09:00,248.23,248.4199,248.23,248.36,52604.612435,248.3197,2055,
2026-03-31 14:10:00,248.345,248.4499,248.3,248.42,58775.160553,248.346,2042,
2026-03-31 14:11:00,248.4114,248.64,248.31,248.63,59740.37675,248.4735,2222,
2026-03-31 14:12:00,248.62,248.62,248.51,248.58,29603.487124,248.5774,1671,
2026-03-31 14:13:00,248.55,248.71,248.49,248.5,92159.5901,248.5786,2582,
2026-03-31 14:14:00,248.53,248.585,248.45,248.51,55760.209561,248.5147,1984,
2026-03-31 14:15:00,248.511,248.68,248.49,248.63,48501.820809,248.6023,2021,
2026-03-31 14:16:00,248.619,248.63,248.315,248.425,43628.604439,248.4532,1974,
2026-03-31 14:17:00,248.43,248.55,248.41,248.5115,36969.332756,248.4801,1818,
2026-03-31 14:18:00,248.54,249.11,248.53,249.03,147225.416205,248.8499,2915,
2026-03-31 14:19:00,249.03,249.12,248.99,249.048,46335.292422,249.0459,1948,
2026-03-31 14:20:00,249.05,249.05,248.715,248.73,101012.629152,248.8694,2033,
2026-03-31 14:21:00,248.72,248.79,248.6,248.715,38139.034737,248.714,1913,
2026-03-31 14:22:00,248.73,248.82,248.64,248.8075,54976.886012,248.7418,2038,
2026-03-31 14:23:00,248.8,248.955,248.73,248.745,39553.329311,248.8649,1844,
2026-03-31 14:24:00,248.72,248.87,248.69,248.74,44591.536746,248.7817,1834,
2026-03-31 14:25:00,248.71,248.865,248.6009,248.7563,60029.515659,248.7595,1951,
2026-03-31 14:26:00,248.795,248.86,248.71,248.845,49291.905556,248.7885,1778,
2026-03-31 14:27:00,248.87,248.95,248.84,248.84,24919.678401,248.9013,1571,
2026-03-31 14:28:00,248.83,249.06,248.83,248.95,58277.963939,248.9384,2027,
2026-03-31 14:29:00,248.92,249.04,248.8801,248.94,55251.25656,248.9461,1771,
2026-03-31 14:30:00,248.96,249.01,248.805,248.83,54444.948749,248.9003,1973,
2026-03-31 14:31:00,248.825,248.84,248.67,248.71,86402.552335,248.7501,2335,
2026-03-31 14:32:00,248.72,248.78,248.55,248.56,104623.845712,248.6789,2553,
2026-03-31 14:33:00,248.55,248.72,248.53,248.66,57229.782876,248.6456,2235,
2026-03-31 14:34:00,248.62,248.63,248.45,248.54,71772.452068,248.5396,2494,
2026-03-31 14:35:00,248.55,248.575,248.35,248.39,59163.510601,248.4781,2040,
2026-03-31 14:36:00,248.4,248.56,248.29,248.2909,44279.989577,248.4474,1881,
2026-03-31 14:37:00,248.28,248.29,248.17,248.22,84236.820089,248.2093,2361,
2026-03-31 14:38:00,248.22,248.39,248.17,248.29,64144.570618,248.2628,2448,
2026-03-31 14:39:00,248.28,248.42,248.27,248.4086,51584.298708,248.3572,1859,
2026-03-31 14:40:00,248.435,248.52,248.32,248.3354,51491.47503,248.4292,1984,
2026-03-31 14:41:00,248.325,248.34,248.09,248.16,42938.03859,248.1978,1994,
2026-03-31 14:42:00,248.12,248.2,248.05,248.11,34562.655701,248.1413,1822,
2026-03-31 14:43:00,248.1,248.11,247.71,247.77,91249.857263,247.8942,2893,
2026-03-31 14:44:00,247.78,247.795,247.56,247.61,100789.685148,247.6774,2804,
2026-03-31 14:45:00,247.62,247.68,247.4402,247.525,57242.532215,247.5821,2192,
2026-03-31 14:46:00,247.54,247.87,247.54,247.735,85344.652263,247.6879,2284,
2026-03-31 14:47:00,247.735,247.8,247.69,247.7491,37236.481505,247.7487,1761,
2026-03-31 14:48:00,247.75,247.7599,247.64,247.73,44440.443493,247.7092,1934,
2026-03-31 14:49:00,247.72,247.91,247.6701,247.82,70040.213437,247.8017,2171,
2026-03-31 14:50:00,247.73,247.7999,247.5,247.6,64734.07122,247.6607,2244,
2026-03-31 14:51:00,247.58,247.68,247.42,247.46,45985.436028,247.5437,1937,
2026-03-31 14:52:00,247.46,247.56,247.41,247.5099,37331.076197,247.4777,1874,
2026-03-31 14:53:00,247.5,247.53,247.34,247.35,33806.615867,247.436,1849,
2026-03-31 14:54:00,247.3201,247.41,247.285,247.37,61308.623393,247.3758,2078,
2026-03-31 14:55:00,247.34,247.34,247.23,247.26,31737.919902,247.2932,1833,
2026-03-31 14:56:00,247.23,247.37,247.101,247.305,87134.826133,247.2374,2547,
2026-03-31 14:57:00,247.31,247.5,247.29,247.34,103550.132281,247.3988,2438,
2026-03-31 14:58:00,247.37,247.42,247.3,247.38,50987.123431,247.3654,1968,
2026-03-31 14:59:00,247.38,247.43,247.2225,247.32,67590.453374,247.3342,2130,
2026-03-31 15:00:00,247.29,247.63,247.27,247.46,58795.68528,247.4443,2204,
2026-03-31 15:01:00,247.47,247.63,247.41,247.585,46101.789964,247.5418,1846,
2026-03-31 15:02:00,247.59,247.8,247.58,247.679,89124.566486,247.6955,2183,
2026-03-31 15:03:00,247.64,247.64,247.42,247.56,35573.486499,247.5338,1803,
2026-03-31 15:04:00,247.5743,247.67,247.48,247.55,38922.23929,247.5421,1823,
2026-03-31 15:05:00,247.55,247.62,247.43,247.6118,53219.679152,247.5501,1866,
2026-03-31 15:06:00,247.65,247.81,247.615,247.735,62672.543761,247.7232,2219,
2026-03-31 15:07:00,247.725,247.76,247.61,247.76,46239.588019,247.6914,2012,
2026-03-31 15:08:00,247.7502,247.82,247.58,247.63,47196.200844,247.6955,2049,
2026-03-31 15:09:00,247.62,247.73,247.51,247.68,65522.740378,247.6131,2201,
2026-03-31 15:10:00,247.67,247.805,247.66,247.77,43934.643965,247.741,2048,
2026-03-31 15:11:00,247.79,247.97,247.79,247.94,49207.648141,247.887,2092,
2026-03-31 15:12:00,247.93,248.04,247.87,247.97,75372.649417,247.9486,2128,
2026-03-31 15:13:00,247.97,248.23,247.95,248.2007,84261.558841,248.0622,2357,
2026-03-31 15:14:00,248.17,248.43,248.16,248.38,46332.499979,248.3201,1916,
2026-03-31 15:15:00,248.39,248.51,248.33,248.48,67467.573633,248.407,2055,
2026-03-31 15:16:00,248.47,248.58,248.35,248.58,65956.167332,248.4808,2337,
2026-03-31 15:17:00,248.56,248.805,248.48,248.785,76418.714167,248.6322,2160,
2026-03-31 15:18:00,248.795,248.88,248.76,248.76,49705.544708,248.8144,1829,
2026-03-31 15:19:00,248.77,248.82,248.6,248.68,43921.781813,248.7045,1796,
2026-03-31 15:20:00,248.68,248.6888,248.44,248.49,54548.402098,248.54,1974,
2026-03-31 15:21:00,248.46,248.53,248.42,248.46,38014.097319,248.4726,1728,
2026-03-31 15:22:00,248.45,248.55,248.44,248.535,33245.65896,248.4936,1522,
2026-03-31 15:23:00,248.54,248.67,248.53,248.665,38013.375425,248.5958,1857,
2026-03-31 15:24:00,248.665,248.73,248.64,248.67,40008.868209,248.6812,1604,
2026-03-31 15:25:00,248.63,248.7932,248.63,248.65,28908.630888,248.7129,1693,
2026-03-31 15:26:00,248.6576,248.7199,248.321,248.3875,74620.348014,248.4882,2129,
2026-03-31 15:27:00,248.38,248.61,248.32,248.57,67369.456312,248.4685,2153,
2026-03-31 15:28:00,248.55,248.56,248.38,248.53,27787.336935,248.4865,1546,
2026-03-31 15:29:00,248.54,248.62,248.39,248.43,32036.386511,248.4893,1652,
2026-03-31 15:30:00,248.42,248.455,248.025,248.025,64782.791467,248.2951,2140,
2026-03-31 15:31:00,248.01,248.09,247.8902,247.91,48317.797912,247.989,1901,
2026-03-31 15:32:00,247.9,247.91,247.66,247.69,46703.371078,247.8067,1948,
2026-03-31 15:33:00,247.66,247.83,247.66,247.78,37572.454048,247.7731,1671,
2026-03-31 15:34:00,247.8,248.045,247.8,248.02,41424.591986,247.93,1677,
2026-03-31 15:35:00,248.015,248.25,248.015,248.115,44919.529539,248.1392,1819,
2026-03-31 15:36:00,248.115,248.25,248.07,248.25,26625.911391,248.1478,1535,
2026-03-31 15:37:00,248.233,248.43,248.233,248.41,48765.940093,248.3595,1773,
2026-03-31 15:38:00,248.42,248.52,248.37,248.405,42170.70036,248.4591,1655,
2026-03-31 15:39:00,248.4,248.52,248.34,248.505,42823.799512,248.4211,1639,
2026-03-31 15:40:00,248.49,248.64,248.48,248.52,36140.456876,248.5581,1608,
2026-03-31 15:41:00,248.527,248.7,248.485,248.685,31893.403095,248.5861,1695,
2026-03-31 15:42:00,248.71,248.74,248.61,248.64,29350.271395,248.666,1559,
2026-03-31 15:43:00,248.64,248.67,248.5695,248.64,39312.151834,248.6148,809,
2026-03-31 15:44:00,248.66,248.73,248.62,248.635,41940.473793,248.6733,841,
2026-03-31 15:45:00,248.62,248.63,248.46,248.51,49045.515341,248.5599,986,
2026-03-31 15:46:00,248.46,248.63,248.46,248.54,55641.180257,248.5393,1072,
2026-03-31 15:47:00,248.53,248.58,248.43,248.43,38952.786252,248.5118,761,
2026-03-31 15:48:00,248.44,248.62,248.42,248.585,49514.813891,248.5116,789,
2026-03-31 15:49:00,248.56,248.76,248.54,248.61,37200.402063,248.6546,849,
2026-03-31 15:50:00,248.62,248.965,248.575,248.9,69162.379361,248.8484,1217,
2026-03-31 15:51:00,248.89,249.04,248.85,248.95,69930.71708,248.9378,1307,
2026-03-31 15:52:00,248.915,249.03,248.8899,248.995,38556.014909,248.9556,720,
2026-03-31 15:53:00,249.02,249.084,248.91,248.95,40934.221389,248.9756,766,
2026-03-31 15:54:00,248.95,248.98,248.8601,248.91,39131.109338,248.9191,717,
2026-03-31 15:55:00,248.92,248.98,248.83,248.94,30019.794236,248.9227,760,
2026-03-31 15:56:00,248.94,249.0,248.68,248.68,41853.633927,248.8556,909,
2026-03-31 15:57:00,248.67,248.755,248.59,248.6,31808.001087,248.6773,697,
2026-03-31 15:58:00,248.61,248.68,248.59,248.65,43754.099704,248.634,1027,
2026-03-31 15:59:00,248.64,248.71,248.6,248.61,28476.566438,248.6443,645,
2026-03-31 16:00:00,248.61,249.29,248.49,248.89,226726.93879,249.0132,4761,
2026-03-31 16:01:00,248.89,249.2,248.83,249.2,54601.322878,249.009,1028,
2026-03-31 16:02:00,249.19,249.3,249.075,249.15,76020.624703,249.1727,1383,
2026-03-31 16:03:00,249.1551,249.16,249.05,249.07,54109.863678,249.1074,934,
2026-03-31 16:04:00,249.08,249.13,249.01,249.04,31292.587858,249.0681,1068,
2026-03-31 16:05:00,249.05,249.18,249.05,249.16,56575.520977,249.137,955,
2026-03-31 16:06:00,249.18,249.24,249.125,249.19,54159.783164,249.1762,864,
2026-03-31 16:07:00,249.2,249.58,249.15,249.58,93869.148892,249.382,1712,
2026-03-31 16:08:00,249.575,249.66,249.5701,249.5999,58679.257201,249.5949,879,
2026-03-31 16:09:00,249.595,249.595,249.47,249.59,44501.032281,249.5352,986,
2026-03-31 16:10:00,249.585,249.69,249.54,249.54,50442.368925,249.5954,923,
2026-03-31 16:11:00,249.54,249.5599,249.2001,249.213,48005.649082,249.389,1030,
2026-03-31 16:12:00,249.24,249.2799,249.18,249.25,42991.599718,249.2168,1010,
2026-03-31 16:13:00,249.29,249.48,249.2,249.45,30317.105301,249.327,742,
2026-03-31 16:14:00,249.435,249.495,249.39,249.44,34600.2944,249.4451,789,
2026-03-31 16:15:00,249.435,249.56,249.435,249.545,26857.606347,249.5085,740,
2026-03-31 16:16:00,249.55,249.79,249.52,249.77,68038.801929,249.6925,1273,
2026-03-31 16:17:00,249.74,249.8,249.6907,249.79,39679.634188,249.7466,803,
2026-03-31 16:18:00,249.79,249.79,249.72,249.7499,27938.046229,249.7545,736,
2026-03-31 16:19:00,249.75,249.79,249.7,249.71,56036.597362,249.7257,817,
2026-03-31 16:20:00,249.71,249.96,249.635,249.945,116406.67567,249.785,1421,
2026-03-31 16:21:00,249.95,250.045,249.84,250.03,187389.913159,249.9775,2485,
2026-03-31 16:22:00,250.02,250.07,249.91,249.9901,103149.068075,250.0023,1573,
2026-03-31 16:23:00,249.99,250.2378,249.91,250.2094,76810.302589,250.0804,1329,
2026-03-31 16:24:00,250.2099,250.58,250.2,250.58,136164.049587,250.3756,2000,
2026-03-31 16:25:00,250.57,250.69,250.57,250.61,96908.254416,250.6202,1721,
2026-03-31 16:26:00,250.605,250.63,250.35,250.3601,88496.046016,250.4931,1477,
2026-03-31 16:27:00,250.39,250.39,250.1301,250.145,70223.546864,250.234,1243,
2026-03-31 16:28:00,250.15,250.23,250.125,250.2199,52487.37424,250.1751,1096,
2026-03-31 16:29:00,250.19,250.37,250.181,250.34,46603.793217,250.2815,957,
2026-03-31 16:30:00,250.3499,250.39,250.18,250.23,43503.285954,250.3008,1034,
2026-03-31 16:31:00,250.203,250.34,250.203,250.32,33547.883844,250.2781,800,
2026-03-31 16:32:00,250.2801,250.3799,250.2401,250.3799,44672.311952,250.3071,916,
2026-03-31 16:33:00,250.37,250.5,250.36,250.43,39714.391861,250.41,791,
2026-03-31 16:34:00,250.44,250.48,250.36,250.41,51030.116332,250.4236,999,
2026-03-31 16:35:00,250.39,250.43,250.3,250.34,55542.937665,250.3885,931,
2026-03-31 16:36:00,250.355,250.61,250.34,250.565,53538.426839,250.4812,987,
2026-03-31 16:37:00,250.56,250.8,250.56,250.6401,78101.436841,250.6777,1191,
2026-03-31 16:38:00,250.67,251.23,250.655,251.21,133787.633771,251.0186,2595,
2026-03-31 16:39:00,251.21,251.74,251.17,251.74,125247.111496,251.4198,2234,
2026-03-31 16:40:00,251.7,252.31,251.67,251.75,330277.907334,251.9721,5694,
2026-03-31 16:41:00,251.77,252.03,251.52,251.985,177430.87452,251.726,3318,
2026-03-31 16:42:00,251.98,252.08,251.5,251.59,306292.858504,251.6973,5504,
2026-03-31 16:43:00,251.64,252.13,251.64,251.94,201783.340255,251.9054,3612,
2026-03-31 16:44:00,252.1,252.12,251.58,251.77,151535.309606,251.782,3237,
2026-03-31 16:45:00,251.75,252.55,251.64,252.15,166577.304054,252.1516,3047,
2026-03-31 16:46:00,252.17,252.25,251.88,252.22,161577.793194,252.0401,2523,
2026-03-31 16:47:00,252.25,252.43,252.05,252.13,88190.041726,252.2209,1558,
2026-03-31 16:48:00,252.12,252.51,251.93,252.4,140912.561561,252.2342,2238,
2026-03-31 16:49:00,252.4,252.93,252.4,252.87,167692.91638,252.6477,2639,
2026-03-31 16:50:00,252.85,253.35,252.63,253.02,199224.027636,252.9603,3385,
2026-03-31 16:51:00,253.0,253.12,252.59,252.85,97099.257163,252.8785,1716,
2026-03-31 16:52:00,252.86,252.89,252.4,252.6,87953.84036,252.6777,1662,
2026-03-31 16:53:00,252.59,253.21,252.51,253.055,83495.442565,252.8775,1434,
2026-03-31 16:54:00,253.0799,253.17,252.84,252.84,243161.035907,253.1257,1291,
2026-03-31 16:55:00,252.85,252.9,252.59,252.59,59695.155875,252.7495,1250,
2026-03-31 16:56:00,252.55,252.77,252.5,252.71,249486.143188,252.9916,1504,
2026-03-31 16:57:00,252.73,253.045,252.68,252.84,60753.283665,252.8337,1158,
2026-03-31 16:58:00,252.845,253.07,252.74,253.0,49421.063199,252.9383,1049,
2026-03-31 16:59:00,252.985,253.2244,252.98,253.13,101931.091013,253.1052,1420,
2026-03-31 17:00:00,253.14,253.46,253.13,253.45,102043.169317,253.3025,1647,
2026-03-31 17:01:00,253.43,253.65,253.3451,253.61,90834.663901,253.5147,1409,
2026-03-31 17:02:00,253.59,253.8,253.54,253.755,88286.132781,253.6571,1584,
2026-03-31 17:03:00,253.78,253.83,253.59,253.68,88160.274593,253.7249,1649,
2026-03-31 17:04:00,253.69,253.9299,253.66,253.66,131376.276871,253.7826,1702,
2026-03-31 17:05:00,253.68,253.72,253.1,253.15,120548.664907,253.3495,2333,
2026-03-31 17:06:00,253.15,253.16,252.8901,252.94,64215.373986,253.0201,1286,
2026-03-31 17:07:00,252.92,253.09,252.85,253.07,62628.140073,252.9296,1344,
2026-03-31 17:08:00,253.09,253.21,253.05,253.18,55295.559736,253.1517,1072,
2026-03-31 17:09:00,253.18,253.22,252.56,252.67,98745.609465,252.8844,2245,
2026-03-31 17:10:00,252.695,253.06,252.59,253.06,42086.618515,252.853,1052,
2026-03-31 17:11:00,253.03,253.41,253.03,253.19,54686.310656,253.2257,1271,
2026-03-31 17:12:00,253.24,253.24,252.97,253.06,51294.627505,253.0804,940,
2026-03-31 17:13:00,253.06,253.1501,252.83,253.11,85071.189732,253.0008,1059,
2026-03-31 17:14:00,253.08,253.32,253.08,253.25,47602.067009,253.226,863,
2026-03-31 17:15:00,253.33,253.43,253.19,253.4,52876.989505,253.3074,1218,
2026-03-31 17:16:00,253.39,253.57,253.2925,253.37,77377.083083,253.455,1189,
2026-03-31 17:17:00,253.355,253.485,253.32,253.45,58803.871384,253.3903,930,
2026-03-31 17:18:00,253.45,253.46,253.29,253.35,57497.673211,253.3781,1153,
2026-03-31 17:19:00,253.36,253.61,253.265,253.52,40990.380268,253.4303,1030,
2026-03-31 17:20:00,253.53,253.53,253.25,253.32,49890.295086,253.3669,1161,
2026-03-31 17:21:00,253.34,253.52,253.28,253.44,38398.157159,253.406,968,
2026-03-31 17:22:00,253.44,253.52,253.3633,253.47,53832.276647,253.4293,1203,
2026-03-31 17:23:00,253.48,253.48,253.33,253.41,54673.276512,253.3981,1229,
2026-03-31 17:24:00,253.4,253.51,253.22,253.51,61285.184075,253.376,1226,
2026-03-31 17:25:00,253.53,253.56,253.17,253.4,53202.424346,253.4002,1173,
2026-03-31 17:26:00,253.4,253.465,253.305,253.39,65757.295137,253.3945,1249,
2026-03-31 17:27:00,253.38,253.48,253.07,253.1,52018.044051,253.3026,1119,
2026-03-31 17:28:00,253.125,253.28,253.11,253.2623,30546.268465,253.2047,763,
2026-03-31 17:29:00,253.23,253.27,253.09,253.225,38541.846544,253.177,1019,
2026-03-31 17:30:00,253.18,253.35,253.15,253.219,40452.006321,253.2688,1115,
2026-03-31 17:31:00,253.22,253.44,253.21,253.42,33075.688336,253.3293,992,
2026-03-31 17:32:00,253.4,253.59,253.36,253.37,55764.880783,253.4935,1119,
2026-03-31 17:33:00,253.36,253.7,253.34,253.68,48821.749075,253.5709,996,
2026-03-31 17:34:00,253.66,253.75,253.6,253.695,57846.706011,253.6739,1083,
2026-03-31 17:35:00,253.7,253.96,253.7,253.775,134817.213202,253.85,2104,
2026-03-31 17:36:00,253.769,253.7699,253.13,253.34,98960.434498,253.4053,2363,
2026-03-31 17:37:00,253.33,253.41,252.87,252.95,88418.794876,253.123,1875,
2026-03-31 17:38:00,252.95,252.99,252.66,252.73,62348.109845,252.8134,1256,
2026-03-31 17:39:00,252.7245,253.03,252.7245,252.985,54870.848852,252.8949,980,
2026-03-31 17:40:00,253.0,253.2,252.95,253.14,58453.292316,253.0848,1005,
2026-03-31 17:41:00,253.1,253.13,252.8408,252.8615,35631.728468,252.9794,745,
2026-03-31 17:42:00,252.8701,252.88,252.6,252.65,67824.781475,252.7356,1125,
2026-03-31 17:43:00,252.69,252.76,252.605,252.62,45550.876251,252.6846,805,
2026-03-31 17:44:00,252.61,252.65,252.39,252.5801,48090.543835,252.5323,995,
2026-03-31 17:45:00,252.6,252.63,252.42,252.54,45167.227373,252.5325,790,
2026-03-31 17:46:00,252.53,252.623,252.52,252.59,39682.889387,252.5851,690,
2026-03-31 17:47:00,252.57,252.96,252.57,252.88,65648.517456,252.802,1130,
2026-03-31 17:48:00,252.87,252.92,252.785,252.81,40141.522287,252.8597,764,
2026-03-31 17:49:00,252.81,253.11,252.805,253.11,38304.509421,252.9649,800,
2026-03-31 17:50:00,253.12,253.19,252.98,252.99,39872.334562,253.0545,747,
2026-03-31 17:51:00,252.985,253.18,252.965,253.04,34212.619276,253.066,758,
2026-03-31 17:52:00,253.03,253.065,252.87,252.87,34296.778984,252.9426,786,
2026-03-31 17:53:00,252.885,252.93,252.82,252.87,27378.956322,252.902,635,
2026-03-31 17:54:00,252.875,252.96,252.81,252.9,35600.821086,252.9199,674,
2026-03-31 17:55:00,252.89,252.89,252.46,252.57,65223.325904,252.7099,1238,
2026-03-31 17:56:00,252.57,252.65,252.54,252.62,36773.490574,252.6003,693,
2026-03-31 17:57:00,252.59,252.7588,252.57,252.635,34440.563994,252.6773,686,
2026-03-31 17:58:00,252.65,252.67,252.46,252.57,53177.466516,252.5513,2240,
2026-03-31 17:59:00,252.58,252.6048,252.52,252.54,49167.186217,252.5676,921,
2026-03-31 18:00:00,252.53,252.84,252.53,252.72,40466.230334,252.6851,948,
2026-03-31 18:01:00,252.72,253.125,252.7,253.03,51676.878372,252.9241,836,
2026-03-31 18:02:00,253.03,253.1599,252.98,252.9898,44572.572142,253.0431,831,
2026-03-31 18:03:00,252.97,252.9967,252.88,252.955,33787.397539,252.9492,660,
2026-03-31 18:04:00,252.96,253.0101,252.83,252.83,31166.272175,252.9355,646,
2026-03-31 18:05:00,252.84,252.9801,252.78,252.95,30887.587032,252.8786,718,
2026-03-31 18:06:00,252.99,253.04,252.89,252.96,25150.226503,252.954,635,
2026-03-31 18:07:00,252.98,253.14,252.97,253.11,26699.76621,253.0465,661,
2026-03-31 18:08:00,253.1,253.16,252.99,253.09,186578.167716,253.058,1251,
2026-03-31 18:09:00,253.12,253.18,253.01,253.11,58962.785101,253.1064,924,
2026-03-31 18:10:00,253.11,253.2,252.99,253.01,66325.47103,253.0921,1176,
2026-03-31 18:11:00,253.02,253.02,252.88,252.96,44251.026115,252.9569,903,
2026-03-31 18:12:00,252.98,253.01,252.917,252.99,47465.502146,252.9648,886,
2026-03-31 18:13:00,252.98,252.98,252.8,252.89,42613.198469,252.8809,918,
2026-03-31 18:14:00,252.89,252.92,252.77,252.8,28791.643528,252.8633,755,
2026-03-31 18:15:00,252.82,252.895,252.82,252.89,37600.804649,252.8635,870,
2026-03-31 18:16:00,252.88,253.03,252.88,252.96,38371.589991,252.9638,823,
2026-03-31 18:17:00,252.96,253.025,252.8,252.83,48906.997735,252.9372,1050,
2026-03-31 18:18:00,252.847,252.89,252.765,252.87,62231.226668,252.8384,863,
2026-03-31 18:19:00,252.8601,253.18,252.85,253.14,94290.917256,252.97,1229,
2026-03-31 18:20:00,253.17,253.21,253.001,253.02,31674.117615,253.1034,774,
2026-03-31 18:21:00,253.01,253.12,252.87,252.89,66987.38154,253.0268,1107,
2026-03-31 18:22:00,252.88,252.97,252.8,252.92,48032.218176,252.8951,1057,
2026-03-31 18:23:00,252.92,252.92,252.73,252.79,58856.758766,252.7934,923,
2026-03-31 18:24:00,252.79,252.96,252.79,252.9,54481.563102,252.904,1030,
2026-03-31 18:25:00,252.9,252.94,252.84,252.93,44094.242197,252.8967,989,
2026-03-31 18:26:00,252.92,252.97,252.75,252.79,71990.169364,252.8799,937,
2026-03-31 18:27:00,252.785,252.88,252.75,252.88,26675.547846,252.8121,721,
2026-03-31 18:28:00,252.88,253.39,252.88,253.28,75723.654354,253.239,1461,
2026-03-31 18:29:00,253.275,253.365,253.13,253.13,52925.833927,253.2736,886,
2026-03-31 18:30:00,253.12,253.3,253.1,253.14,40257.469428,253.1945,917,
2026-03-31 18:31:00,253.17,253.3,253.16,253.18,43479.013243,253.2297,921,
2026-03-31 18:32:00,253.185,253.325,253.16,253.18,58936.606423,253.2427,1078,
2026-03-31 18:33:00,253.17,253.24,253.02,253.23,53486.601851,253.1163,1036,
2026-03-31 18:34:00,253.24,253.32,253.23,253.304,41367.006439,253.2622,819,
2026-03-31 18:35:00,253.33,253.56,253.2,253.56,56116.067831,253.3035,1206,
2026-03-31 18:36:00,253.55,253.63,253.4901,253.51,56498.490239,253.5419,894,
2026-03-31 18:37:00,253.515,253.715,253.51,253.7,39855.585306,253.5972,787,
2026-03-31 18:38:00,253.73,253.77,253.69,253.71,35854.140742,253.7274,716,
2026-03-31 18:39:00,253.71,253.78,253.6595,253.675,47487.40798,253.6923,803,
2026-03-31 18:40:00,253.665,253.7,253.57,253.5951,42323.159938,253.6245,792,
2026-03-31 18:41:00,253.605,253.65,253.425,253.46,92530.192679,253.5198,1354,
2026-03-31 18:42:00,253.42,253.595,253.42,253.51,98651.8877,253.4976,1140,
2026-03-31 18:43:00,253.5,253.549,253.45,253.46,33048.923487,253.5053,898,
2026-03-31 18:44:00,253.465,253.47,253.34,253.4,47566.361911,253.402,946,
2026-03-31 18:45:00,253.37,253.665,253.365,253.64,45856.80485,253.5586,1016,
2026-03-31 18:46:00,253.62,253.79,253.57,253.78,37945.942475,253.6798,863,
2026-03-31 18:47:00,253.78,253.81,253.65,253.66,36312.588294,253.7463,823,
2026-03-31 18:48:00,253.665,253.69,253.54,253.585,39422.665656,253.6066,903,
2026-03-31 18:49:00,253.575,253.69,253.44,253.6501,46891.427472,253.5402,985,
2026-03-31 18:50:00,253.67,253.89,253.65,253.765,39337.67478,253.793,974,
2026-03-31 18:51:00,253.77,253.88,253.77,253.79,41183.214721,253.8097,812,
2026-03-31 18:52:00,253.785,253.8,253.72,253.775,42428.161871,253.7624,720,
2026-03-31 18:53:00,253.77,253.83,253.71,253.74,27035.761634,253.773,684,
2026-03-31 18:54:00,253.72,253.8295,253.72,253.79,28614.94077,253.7945,606,
2026-03-31 18:55:00,253.775,253.86,253.76,253.77,37107.468739,253.8033,729,
2026-03-31 18:56:00,253.775,253.8,253.7,253.74,39450.499359,253.7331,974,
2026-03-31 18:57:00,253.73,253.83,253.65,253.74,58262.58796,253.7329,932,
2026-03-31 18:58:00,253.73,253.94,253.67,253.91,59821.254422,253.8178,1021,
2026-03-31 18:59:00,253.9,253.93,253.74,253.74,47221.999373,253.8399,847,
2026-03-31 19:00:00,253.73,253.88,253.7,253.85,48663.631381,253.799,1074,
2026-03-31 19:01:00,253.84,253.95,253.775,253.9,61342.291487,253.8705,1190,
2026-03-31 19:02:00,253.88,253.88,253.79,253.81,54399.238117,253.8306,995,
2026-03-31 19:03:00,253.82,253.96,253.8,253.94,51361.257058,253.8961,885,
2026-03-31 19:04:00,253.94,253.9599,253.72,253.8,52773.510965,253.8419,1024,
2026-03-31 19:05:00,253.81,253.8199,253.72,253.745,59155.596067,253.7606,1168,
2026-03-31 19:06:00,253.73,253.785,253.63,253.71,43350.897893,253.6952,998,
2026-03-31 19:07:00,253.7,253.73,253.65,253.67,45892.012225,253.6883,878,
2026-03-31 19:08:00,253.6501,253.66,253.45,253.45,56801.68467,253.5381,1176,
2026-03-31 19:09:00,253.46,253.605,253.43,253.58,59311.815683,253.5462,1101,
2026-03-31 19:10:00,253.57,253.91,253.52,253.8302,91726.615796,253.734,1599,
2026-03-31 19:11:00,253.8399,254.0,253.83,253.99,101787.663076,253.9343,1592,
2026-03-31 19:12:00,253.981,254.01,253.845,253.91,52442.610003,253.9191,1003,
2026-03-31 19:13:00,253.91,253.95,253.8,253.88,47179.386621,253.8639,943,
2026-03-31 19:14:00,253.89,253.91,253.8,253.89,36382.189427,253.8554,832,
2026-03-31 19:15:00,253.8746,254.1,253.8746,254.07,162314.894685,254.0217,1453,
2026-03-31 19:16:00,254.075,254.13,253.87,253.94,52423.058502,253.9792,1138,
2026-03-31 19:17:00,253.93,253.95,253.79,253.83,66302.868246,253.8559,1119,
2026-03-31 19:18:00,253.825,253.84,253.71,253.74,77640.540298,253.7804,1391,
2026-03-31 19:19:00,253.75,253.8684,253.73,253.8,81537.176465,253.8058,1082,
2026-03-31 19:20:00,253.81,254.02,253.81,253.995,77829.197506,253.9023,1522,
2026-03-31 19:21:00,253.99,254.045,253.86,253.865,65756.383852,253.9442,1092,
2026-03-31 19:22:00,253.87,253.95,253.845,253.9301,59565.567656,253.8814,1129,
2026-03-31 19:23:00,253.93,253.95,253.82,253.86,72172.745732,253.8899,1155,
2026-03-31 19:24:00,253.85,253.86,253.71,253.74,67926.368064,253.7725,1233,
2026-03-31 19:25:00,253.73,253.81,253.68,253.78,75343.921646,253.7518,1431,
2026-03-31 19:26:00,253.77,253.805,253.53,253.57,72709.567813,253.6715,1275,
2026-03-31 19:27:00,253.57,253.65,253.465,253.465,74096.17369,253.5874,1243,
2026-03-31 19:28:00,253.46,253.74,253.42,253.74,124724.333714,253.5392,1698,
2026-03-31 19:29:00,253.72,253.76,253.545,253.67,107215.858438,253.6676,1590,
2026-03-31 19:30:00,253.68,253.98,253.635,253.89,79449.178566,253.8578,1479,
2026-03-31 19:31:00,253.9,253.925,253.78,253.79,74790.586131,253.873,1369,
2026-03-31 19:32:00,253.785,253.83,253.7,253.76,83388.247082,253.782,1385,
2026-03-31 19:33:00,253.78,253.8,253.6423,253.72,76220.626618,253.7115,1211,
2026-03-31 19:34:00,253.71,253.75,253.66,253.6801,378769.533945,253.5418,1347,
2026-03-31 19:35:00,253.67,253.78,253.66,253.72,70885.867089,253.7172,1328,
2026-03-31 19:36:00,253.705,253.85,253.64,253.7501,97891.876936,253.7165,1801,
2026-03-31 19:37:00,253.76,253.88,253.76,253.83,56025.151384,253.8302,1102,
2026-03-31 19:38:00,253.84,253.87,253.768,253.86,62728.767544,253.8192,1045,
2026-03-31 19:39:00,253.86,253.93,253.81,253.85,91129.96454,253.8656,1397,
2026-03-31 19:40:00,253.88,254.035,253.83,253.995,129179.776727,253.9391,1736,
2026-03-31 19:41:00,253.99,254.01,253.9,253.98,95916.141066,253.975,1654,
2026-03-31 19:42:00,253.9999,254.091,253.94,254.0,127275.700124,254.025,1839,
2026-03-31 19:43:00,253.99,254.03,253.87,253.89,93650.267089,253.9559,1498,
2026-03-31 19:44:00,253.9,254.04,253.84,253.95,83068.363869,253.9569,1606,
2026-03-31 19:45:00,253.94,254.13,253.89,254.08,116912.409947,254.0503,1862,
2026-03-31 19:46:00,254.085,254.27,254.05,254.22,130826.256273,254.1835,2063,
2026-03-31 19:47:00,254.23,254.275,254.16,254.23,94329.159358,254.2127,1543,
2026-03-31 19:48:00,254.23,254.58,254.21,254.5399,187994.819835,254.4024,2655,
2026-03-31 19:49:00,254.53,254.58,254.4,254.5,131167.359812,254.4674,2130,
2026-03-31 19:50:00,254.5,255.48,254.49,255.0,575770.070798,255.1903,8825,
2026-03-31 19:51:00,254.99,255.01,254.5,254.57,247206.729449,254.7412,3550,
2026-03-31 19:52:00,254.56,254.64,254.28,254.285,273421.069644,254.5227,3940,
2026-03-31 19:53:00,254.28,254.64,254.13,254.61,277749.714143,254.3579,4087,
2026-03-31 19:54:00,254.62,254.8,254.15,254.18,384672.504931,254.5634,5732,
2026-03-31 19:55:00,254.16,254.21,253.6,253.67,467651.943355,253.8608,6583,
2026-03-31 19:56:00,253.67,253.79,253.35,253.41,370897.077722,253.5716,4885,
2026-03-31 19:57:00,253.41,253.63,253.28,253.58,388566.349281,253.4513,5674,
2026-03-31 19:58:00,253.57,253.6425,253.38,253.47,496529.854445,253.5064,6552,
2026-03-31 19:59:00,253.45,253.98,253.34,253.79,1258177.545303,253.7296,16144,
2026-03-31 20:00:00,253.79,254.03,253.53,253.77,1093310.612537,253.7891,366,
2026-03-31 20:02:00,253.72,253.79,253.46,253.46,3067.0,253.6698,174,
2026-03-31 20:03:00,253.36,253.5,253.21,253.33,4933.125509,253.3658,145,
2026-03-31 20:04:00,253.3,253.3,252.23,252.55,14071.867794,253.0144,353,
2026-03-31 20:05:00,252.4884,253.2,252.4884,253.2,216123.076403,253.7464,137,
2026-03-31 20:06:00,253.2,253.28,253.2,253.28,1483.011616,253.2393,81,
2026-03-31 20:07:00,253.28,253.49,253.23,253.48,19487.268541,253.7028,94,
2026-03-31 20:08:00,253.47,253.5,253.46,253.5,1167.024358,253.4794,35,
2026-03-31 20:09:00,253.59,253.68,253.59,253.6,1077.154882,253.6607,53,
2026-03-31 20:10:00,253.7,253.7,253.7,253.7,1300.977805,253.8752,31,
2026-03-31 20:11:00,253.68,253.68,253.5,253.5,849.059583,253.6227,35,
2026-03-31 20:12:00,253.6,253.6,253.526,253.526,746.10907,253.5914,25,
2026-03-31 20:13:00,253.5,253.6,253.5,253.53,1865.0,253.5466,74,
2026-03-31 20:14:00,253.51,253.79,253.5,253.79,6246.086592,253.5833,68,
2026-03-31 20:15:00,253.68,253.69,253.5,253.5,1180.027646,253.6775,55,
2026-03-31 20:17:00,253.6098,253.65,253.6098,253.65,1083.012561,253.6326,26,
2026-03-31 20:18:00,253.79,253.79,253.79,253.79,2596.607014,253.8456,24,
2026-03-31 20:19:00,253.77,253.77,253.77,253.77,774.045497,253.7746,54,
2026-03-31 20:20:00,253.77,253.77,253.77,253.77,215.010441,253.7809,11,
2026-03-31 20:21:00,253.65,253.65,253.65,253.65,578.023157,253.6952,24,
2026-03-31 20:23:00,253.5651,253.66,253.5651,253.66,450.019978,253.599,17,
2026-03-31 20:26:00,253.61,253.61,253.61,253.61,291.000472,253.6259,16,
2026-03-31 20:27:00,253.79,253.79,253.6,253.6,2641.0,253.716,26,
2026-03-31 20:30:00,253.64,253.64,253.63,253.63,968.000462,253.644,71,
2026-03-31 20:32:00,253.63,253.63,253.63,253.63,709.008277,253.6445,28,
2026-03-31 20:33:00,253.61,253.61,253.61,253.61,146.023651,253.653,13,
2026-03-31 20:35:00,253.61,253.79,253.61,253.79,20336.0,253.7831,13,
2026-03-31 20:36:00,253.79,253.79,253.79,253.79,79857.012771,253.7899,14,
2026-03-31 20:39:00,253.56,253.56,253.56,253.56,1035.00757,253.5536,31,
2026-03-31 20:40:00,253.56,253.56,253.28,253.32,6342.013316,253.506,95,
2026-03-31 20:41:00,253.48,253.56,253.48,253.56,2598.011274,253.5262,61,
2026-03-31 20:44:00,253.46,253.46,253.46,253.46,307.097228,253.5611,16,
2026-03-31 20:46:00,253.5,253.5,253.5,253.5,312.048905,253.5392,17,
2026-03-31 20:47:00,253.44,253.44,253.44,253.44,539.187378,253.5413,33,
2026-03-31 20:51:00,253.42,253.42,253.42,253.42,399.106587,253.4364,22,
2026-03-31 20:52:00,253.43,253.5,253.43,253.5,3494.114189,253.4882,54,
2026-03-31 20:53:00,253.5,253.5,253.45,253.45,413.30788,253.6605,21,
2026-03-31 20:54:00,253.45,253.45,253.26,253.26,3235.0,253.3554,67,
2026-03-31 20:55:00,253.21,253.21,253.21,253.21,242.011848,253.2391,13,
2026-03-31 20:56:00,253.27,253.27,253.25,253.25,839.0,253.2627,19,
2026-03-31 20:59:00,253.4,253.4,253.4,253.4,318.0,253.326,19,
2026-03-31 21:01:00,253.3,253.3,253.3,253.3,259.0,253.3252,10,
2026-03-31 21:03:00,253.42,253.59,253.42,253.59,2212.04,253.4277,61,
2026-03-31 21:05:00,253.45,253.54,253.3292,253.3292,1229.0,253.4477,11,
2026-03-31 21:07:00,253.3,253.31,253.29,253.3,3838.313899,252.9033,115,
2026-03-31 21:08:00,253.2985,253.2985,253.22,253.22,1805.012786,253.2311,30,
2026-03-31 21:09:00,253.2411,253.2411,253.24,253.24,1132.453752,253.3428,7,
2026-03-31 21:13:00,253.2461,253.25,253.2461,253.25,236.0,253.2493,7,
2026-03-31 21:15:00,253.3,253.3,253.26,253.29,621.006471,253.2861,24,
2026-03-31 21:16:00,253.3,253.3,253.3,253.3,205.0,253.2738,12,
2026-03-31 21:20:00,253.3,253.3,253.3,253.3,223.10308,253.402,16,
2026-03-31 21:24:00,253.29,253.29,253.24,253.24,226.018397,253.2891,6,
2026-03-31 21:26:00,253.3,253.3,253.3,253.3,164.074181,253.4091,10,
2026-03-31 21:27:00,253.28,253.3,253.28,253.3,650.0,253.2932,17,
2026-03-31 21:28:00,253.3,253.3,253.3,253.3,378.0,253.2922,18,
2026-03-31 21:30:00,253.04,253.0608,253.04,253.0608,431.11521,253.1515,24,
2026-03-31 21:32:00,253.16,253.16,253.09,253.09,977.046435,253.11,23,
2026-03-31 21:36:00,253.1088,253.1088,253.1088,253.1088,334.0,253.1626,16,
2026-03-31 21:38:00,253.1352,253.1352,253.1352,253.1352,578.0,253.1351,2,
2026-03-31 21:41:00,253.25,253.25,253.25,253.25,680.0,253.2442,6,
2026-03-31 21:42:00,253.09,253.09,253.09,253.09,517.0,253.0939,6,
2026-03-31 21:43:00,253.1796,253.1796,253.1796,253.1796,268.070789,253.2454,9,
2026-03-31 21:44:00,253.2805,253.2805,253.2805,253.2805,131.023617,253.3099,11,
2026-03-31 21:50:00,253.3,253.3,253.2313,253.2313,3208.035531,253.2997,26,
2026-03-31 21:51:00,253.3,253.3,253.3,253.3,522.0,253.2996,6,
2026-03-31 21:53:00,253.3,253.3,253.3,253.3,158.0,253.2895,8,
2026-03-31 21:55:00,253.3,253.3,253.2634,253.2634,336.138532,253.3806,10,
2026-03-31 21:58:00,253.29,253.29,253.29,253.29,150.433717,254.0008,12,
2026-03-31 22:00:00,253.3,253.3,253.28,253.3,3928.961181,253.3597,72,
2026-03-31 22:01:00,253.53,253.53,253.3,253.3,588.315833,253.4765,8,
2026-03-31 22:02:00,253.31,253.55,253.31,253.55,375.061192,253.4426,10,
2026-03-31 22:03:00,253.45,253.46,253.45,253.46,755.0,253.4656,37,
2026-03-31 22:04:00,253.55,253.6,253.51,253.51,1319.0,253.5366,39,
2026-03-31 22:05:00,253.51,253.51,253.51,253.51,516.0,253.5039,19,
2026-03-31 22:06:00,253.51,253.51,253.51,253.51,572.016566,253.497,22,
2026-03-31 22:07:00,253.44,253.44,253.44,253.44,103.015778,253.4788,5,
2026-03-31 22:08:00,253.42,253.42,253.41,253.41,728.139754,253.46,12,
2026-03-31 22:09:00,253.37,253.37,253.37,253.37,527.022204,253.3831,13,
2026-03-31 22:10:00,253.4,253.4,253.38,253.38,357.171608,253.5158,16,
2026-03-31 22:11:00,253.3304,253.3304,253.3304,253.3304,149.052354,253.4412,16,
2026-03-31 22:12:00,253.48,253.54,253.48,253.54,1091.0,253.5169,25,
2026-03-31 22:13:00,253.53,253.53,253.53,253.53,755.055183,253.56,16,
2026-03-31 22:14:00,253.63,253.98,253.63,253.98,4343.240378,253.8091,168,
2026-03-31 22:16:00,253.948,253.98,253.948,253.98,831.013819,253.9158,33,
2026-03-31 22:17:00,253.95,253.97,253.95,253.97,825.053852,253.9474,32,
2026-03-31 22:18:00,254.0,254.0,253.95,253.95,1994.099003,254.0038,33,
2026-03-31 22:20:00,253.99,253.99,253.99,253.99,414.010708,253.9608,16,
2026-03-31 22:21:00,253.85,253.95,253.83,253.95,1175.0,253.8269,65,
2026-03-31 22:22:00,253.98,254.0,253.98,254.0,1474.00433,253.9687,43,
2026-03-31 22:23:00,253.9,253.9,253.71,253.71,806.009968,253.8125,33,
2026-03-31 22:25:00,253.93,253.98,253.93,253.98,1306.012744,253.976,13,
2026-03-31 22:30:00,253.87,253.87,253.87,253.87,331.070868,253.876,19,
2026-03-31 22:32:00,253.83,253.83,253.83,253.83,254.000472,253.8352,13,
2026-03-31 22:33:00,253.77,253.77,253.77,253.77,560.0744,253.7053,25,
2026-03-31 22:35:00,253.62,253.62,253.62,253.62,374.021797,253.6402,11,
2026-03-31 22:36:00,253.61,253.7,253.61,253.7,441.0,253.6679,19,
2026-03-31 22:37:00,253.7,253.7,253.7,253.7,160.0,253.7074,15,
2026-03-31 22:41:00,253.8,253.83,253.8,253.83,526.393889,254.0569,30,
2026-03-31 22:43:00,253.8759,253.97,253.8759,253.97,770.0,253.9198,20,
2026-03-31 22:45:00,253.96,253.96,253.96,253.96,327.081925,254.0161,15,
2026-03-31 22:47:00,253.87,253.87,253.87,253.87,118.0,253.8736,11,
2026-03-31 22:52:00,253.86,253.86,253.82,253.82,1126.0,253.8415,17,
2026-03-31 22:53:00,253.9,253.9,253.9,253.9,193.023508,253.9288,11,
2026-03-31 22:55:00,253.9,253.9,253.9,253.9,549.0,253.8956,23,
2026-03-31 22:56:00,253.85,253.85,253.82,253.82,1235.22839,253.8728,20,
2026-03-31 22:58:00,253.8,253.8,253.8,253.8,412.006614,253.7974,10,
2026-03-31 22:59:00,253.99,253.99,253.99,253.99,1113.0,253.9733,9,
2026-03-31 23:02:00,253.7873,253.7873,253.7873,253.7873,225.160754,253.9801,11,
2026-03-31 23:04:00,253.86,253.86,253.86,253.86,214.082688,253.9578,5,
2026-03-31 23:05:00,253.85,253.85,253.85,253.85,482.0,253.86,19,
2026-03-31 23:10:00,253.76,253.77,253.76,253.77,329.0,253.7722,10,
2026-03-31 23:12:00,253.88,253.88,253.88,253.88,339.0,253.8449,15,
2026-03-31 23:16:00,253.8,253.8,253.8,253.8,111.0,253.8002,3,
2026-03-31 23:18:00,253.98,253.98,253.98,253.98,295.053114,254.0114,19,
2026-03-31 23:19:00,253.91,253.91,253.91,253.91,731.0,253.9093,5,
2026-03-31 23:24:00,253.97,253.98,253.97,253.98,1536.0,253.9782,17,
2026-03-31 23:25:00,253.98,254.0,253.98,254.0,1020.011011,253.998,42,
2026-03-31 23:28:00,254.22,254.22,254.22,254.22,1098.198451,254.246,47,
2026-03-31 23:29:00,254.22,254.45,254.22,254.45,1269.09825,254.3215,38,
2026-03-31 23:30:00,254.37,254.38,254.37,254.38,375.004228,254.3195,16,
2026-03-31 23:32:00,254.24,254.24,254.24,254.24,670.0,254.2334,16,
2026-03-31 23:33:00,254.44,254.44,254.1,254.29,685.013426,254.335,32,
2026-03-31 23:34:00,254.39,254.41,254.39,254.41,610.018459,254.3802,18,
2026-03-31 23:35:00,254.78,254.79,254.59,254.59,2652.313248,254.5902,119,
2026-03-31 23:36:00,254.75,254.75,254.75,254.75,319.066502,254.6079,28,
2026-03-31 23:37:00,254.5,254.5,254.5,254.5,331.0,254.5785,11,
2026-03-31 23:38:00,254.67,254.67,254.67,254.67,333.0,254.6872,10,
2026-03-31 23:39:00,254.4332,254.4332,254.4332,254.4332,313.091834,254.5147,8,
2026-03-31 23:41:00,254.66,254.7,254.66,254.7,506.0,254.7497,15,
2026-03-31 23:42:00,254.97,254.97,254.5,254.5,372.036767,254.6543,27,
2026-03-31 23:43:00,254.367,254.367,254.367,254.367,246.029598,254.4074,13,
2026-03-31 23:48:00,254.41,254.41,254.0,254.0,1425.0,254.258,18,
2026-03-31 23:50:00,254.32,254.32,254.32,254.32,550.0,254.3532,14,
2026-03-31 23:54:00,254.2804,254.3346,254.2804,254.3346,534.0,254.3363,6,
2026-03-31 23:57:00,254.5,254.5,254.5,254.5,570.0,254.4987,14,
2026-03-31 23:58:00,254.96,254.99,254.96,254.99,1971.118742,254.9759,115,
2026-04-01 08:00:00,255.45,255.45,253.59,254.84,39246.672527,254.7675,2932,
2026-04-01 08:01:00,255.17,255.17,253.57,253.57,9407.0,254.6,525,
2026-04-01 08:03:00,254.34,254.5,254.33,254.37,2320.612669,254.491,30,
2026-04-01 08:04:00,254.16,254.16,254.16,254.16,1282.108976,254.2105,20,
2026-04-01 08:05:00,254.26,254.26,254.16,254.16,1373.617573,254.2997,65,
2026-04-01 08:06:00,254.09,254.11,254.09,254.11,608.033234,254.1119,35,
2026-04-01 08:07:00,254.11,254.12,254.11,254.12,661.19198,254.1889,27,
2026-04-01 08:08:00,254.11,254.11,254.11,254.11,606.025689,254.1122,35,
2026-04-01 08:09:00,254.11,254.11,254.11,254.11,260.008557,254.0993,17,
2026-04-01 08:10:00,254.08,254.11,254.08,254.11,838.004295,254.0946,40,
2026-04-01 08:12:00,254.2,254.2,254.2,254.2,651.0,254.1961,25,
2026-04-01 08:13:00,254.1331,254.1331,254.1331,254.1331,173.0,254.133,8,
2026-04-01 08:14:00,254.28,254.28,254.14,254.14,897.517974,254.316,26,
2026-04-01 08:15:00,254.11,254.22,254.11,254.22,637.277858,254.26,19,
2026-04-01 08:16:00,254.22,254.24,254.22,254.24,1169.0,254.2159,28,
2026-04-01 08:17:00,254.25,254.25,254.25,254.25,574.161259,254.3007,29,
2026-04-01 08:19:00,254.48,254.48,254.48,254.48,303.138238,254.5708,17,
2026-04-01 08:20:00,254.48,254.5,254.48,254.5,1297.013115,254.4881,34,
2026-04-01 08:23:00,254.5,254.5,254.5,254.5,356.015207,254.483,8,
2026-04-01 08:25:00,254.48,254.5,254.48,254.5,1305.346572,254.5628,27,
2026-04-01 08:28:00,254.75,254.75,254.75,254.75,147.0,254.7167,5,
2026-04-01 08:30:00,254.73,254.73,254.73,254.73,427.0,254.7001,9,
2026-04-01 08:32:00,254.73,254.73,254.73,254.73,230.0,254.724,9,
2026-04-01 08:34:00,254.59,254.59,254.59,254.59,716.0,254.5952,15,
2026-04-01 08:38:00,254.27,254.27,254.27,254.27,225.0,254.3602,11,
2026-04-01 08:46:00,254.68,254.68,254.68,254.68,110.0,254.6828,5,
2026-04-01 08:54:00,254.42,254.42,254.26,254.26,2529.265305,254.3704,119,
2026-04-01 09:01:00,254.5,254.5,254.5,254.5,931.0,254.4968,3,
2026-04-01 09:07:00,254.4902,254.4902,254.4902,254.4902,2172.0,254.4823,9,
2026-04-01 09:12:00,254.11,254.11,254.1,254.1,518.014624,254.1086,21,
2026-04-01 09:20:00,254.0124,254.0124,254.0124,254.0124,226.012717,254.0786,19,
2026-04-01 09:22:00,254.06,254.06,254.06,254.06,201.0,254.0545,10,
2026-04-01 09:25:00,254.15,254.15,254.15,254.15,403.196849,254.2812,11,
2026-04-01 09:28:00,254.19,254.19,254.02,254.18,902.015092,254.1657,32,
2026-04-01 09:33:00,254.35,254.35,254.35,254.35,209.0,254.3481,5,
2026-04-01 09:37:00,254.35,254.35,254.35,254.35,201.012497,254.3874,4,
2026-04-01 09:41:00,254.49,254.49,254.49,254.49,344.003923,254.4782,19,
2026-04-01 09:48:00,254.62,254.62,254.62,254.62,325.178936,254.7616,12,
2026-04-01 09:50:00,254.75,254.81,254.75,254.81,1002.938037,255.025,58,
2026-04-01 09:52:00,254.83,254.83,254.83,254.83,172.124333,255.0289,7,
2026-04-01 09:53:00,254.84,254.84,254.84,254.84,182.0,254.8441,7,
2026-04-01 09:55:00,254.8263,254.8263,254.8263,254.8263,209.224292,255.0978,5,
2026-04-01 09:58:00,254.87,254.87,254.87,254.87,109.0,254.8624,5,
2026-04-01 10:00:00,254.87,254.87,254.67,254.79,2744.39,254.7686,39,
2026-04-01 10:01:00,254.46,254.46,254.46,254.46,1010.048278,254.4749,3,
2026-04-01 10:11:00,254.78,254.79,254.78,254.79,268.0,254.7834,14,
2026-04-01 10:16:00,254.82,254.82,254.82,254.82,242.485248,255.3261,13,
2026-04-01 10:17:00,254.8,254.8,254.8,254.8,180.004176,254.8059,2,
2026-04-01 10:18:00,254.88,254.88,254.88,254.88,536.039246,254.8942,9,
2026-04-01 10:19:00,254.8,254.81,254.77,254.81,1655.102574,254.8186,54,
2026-04-01 10:20:00,254.88,254.88,254.88,254.88,492.072041,254.9122,30,
2026-04-01 10:21:00,254.88,254.88,254.74,254.83,1169.017922,254.8002,22,
2026-04-01 10:33:00,254.8,254.8,254.8,254.8,121.091126,255.0166,5,
2026-04-01 10:34:00,254.85,254.85,254.85,254.85,287.0,254.7883,12,
2026-04-01 10:43:00,254.8,254.8,254.8,254.8,104.164745,255.2048,5,
2026-04-01 10:46:00,254.95,254.95,254.95,254.95,1046.289323,255.0333,79,
2026-04-01 10:48:00,255.11,255.11,255.11,255.11,679.062335,255.1528,38,
2026-04-01 10:49:00,255.18,255.22,255.18,255.22,364.0,255.2038,6,
2026-04-01 10:50:00,255.22,255.22,255.22,255.22,565.041178,255.2477,34,
2026-04-01 10:52:00,255.28,255.3,255.28,255.3,619.076079,255.33,27,
2026-04-01 10:55:00,255.49,255.49,255.49,255.49,195.0,255.4193,15,
2026-04-01 10:58:00,255.22,255.22,255.05,255.05,429.13925,255.231,13,
2026-04-01 10:59:00,255.19,255.43,255.19,255.22,2407.0,255.2835,81,
2026-04-01 11:00:00,255.14,255.37,255.02,255.2461,23792.0,255.0658,150,
2026-04-01 11:01:00,255.18,255.2,255.18,255.2,821.0,255.1926,28,
2026-04-01 11:02:00,255.2,255.2009,255.2,255.2009,767.0,255.1938,26,
2026-04-01 11:03:00,255.23,255.35,255.23,255.35,715.919,255.5785,29,
2026-04-01 11:05:00,255.0013,255.39,255.0013,255.39,10974.0,255.0341,30,
2026-04-01 11:06:00,255.39,255.39,255.24,255.24,11264.038789,255.2589,91,
2026-04-01 11:07:00,255.29,255.29,255.04,255.04,11449.134897,255.0754,71,
2026-04-01 11:08:00,255.38,255.4,255.38,255.4,2280.262053,255.4065,49,
2026-04-01 11:09:00,255.05,255.4441,255.05,255.4441,1710.004048,255.2728,22,
2026-04-01 11:10:00,255.4382,255.4382,255.4382,255.4382,362.29004,255.6326,35,
2026-04-01 11:11:00,255.49,255.4999,255.49,255.4999,676.008341,255.481,45,
2026-04-01 11:12:00,255.51,255.51,255.45,255.45,1229.03113,255.4811,60,
2026-04-01 11:13:00,255.5,255.5,255.5,255.5,1337.101549,255.5179,76,
2026-04-01 11:14:00,255.49,255.49,255.47,255.4736,1023.0,255.4977,51,
2026-04-01 11:15:00,255.55,255.55,255.5,255.5,2584.259127,255.5494,76,
2026-04-01 11:16:00,255.4984,255.4984,255.39,255.39,864.000039,255.2663,49,
2026-04-01 11:17:00,255.54,255.54,255.54,255.54,1029.028779,254.751,24,
2026-04-01 11:18:00,255.24,255.42,255.1681,255.41,7376.198453,255.2704,77,
2026-04-01 11:19:00,255.48,255.5,255.48,255.5,918.009674,255.4994,36,
2026-04-01 11:22:00,255.5614,255.5614,255.4,255.4,1127.003758,255.45,31,
2026-04-01 11:23:00,255.31,255.36,255.31,255.33,689.0,255.3992,16,
2026-04-01 11:25:00,255.31,255.45,255.31,255.45,958.011741,255.4064,29,
2026-04-01 11:26:00,255.44,255.5,255.406,255.406,620.415027,255.6262,19,
2026-04-01 11:27:00,255.4,255.4999,255.34,255.34,1328.195858,255.45,32,
2026-04-01 11:28:00,255.36,255.36,255.15,255.15,1387.090081,255.2963,71,
2026-04-01 11:29:00,255.35,255.35,255.28,255.28,794.0,255.3101,36,
2026-04-01 11:30:00,255.28,255.3,255.28,255.3,1269.0,255.2829,38,
2026-04-01 11:31:00,255.37,255.37,255.37,255.37,444.0,255.3459,23,
2026-04-01 11:32:00,255.35,255.35,255.35,255.35,1113.0,255.3438,27,
2026-04-01 11:33:00,255.17,255.17,255.17,255.17,692.0,255.2281,32,
2026-04-01 11:34:00,255.17,255.21,255.16,255.17,1123.993829,255.4224,38,
2026-04-01 11:36:00,255.35,255.35,255.35,255.35,642.458,255.4982,41,
2026-04-01 11:38:00,255.4,255.5,255.3728,255.5,1977.715323,255.5394,124,
2026-04-01 11:42:00,255.5,255.5128,255.41,255.41,2621.196039,255.5137,72,
2026-04-01 11:43:00,255.32,255.4,255.32,255.4,1589.168565,255.4202,48,
2026-04-01 11:44:00,255.55,255.5889,255.3,255.5889,14581.182527,255.5075,32,
2026-04-01 11:45:00,255.45,255.5801,255.42,255.5,839.110788,255.5,31,
2026-04-01 11:46:00,255.55,255.55,255.5413,255.5417,861.141915,255.5755,18,
2026-04-01 11:48:00,255.4891,255.5,255.4,255.5,1412.010841,255.4229,33,
2026-04-01 11:49:00,255.326,255.4761,255.326,255.4761,731.0,255.4426,23,
2026-04-01 11:51:00,255.499,255.499,255.43,255.43,3546.1,255.4921,35,
2026-04-01 11:52:00,255.5,255.5,255.5,255.5,1264.021534,255.4856,41,
2026-04-01 11:56:00,255.65,255.6893,255.63,255.6893,964.027316,255.6476,34,
2026-04-01 11:57:00,255.58,255.58,255.52,255.57,2402.963084,255.6607,48,
2026-04-01 11:58:00,255.59,255.59,255.57,255.57,933.1,255.626,43,
2026-04-01 11:59:00,255.65,255.69,255.65,255.69,705.507018,255.8449,39,
2026-04-01 12:00:00,255.5,255.5,255.5,255.5,227.0,255.5216,21,
2026-04-01 12:01:00,255.44,255.49,255.44,255.49,722.0,255.4609,46,
2026-04-01 12:02:00,255.39,255.39,255.39,255.39,1852.074309,255.3391,67,
2026-04-01 12:03:00,255.35,255.35,255.34,255.34,1341.130309,255.3852,53,
2026-04-01 12:04:00,255.27,255.27,255.27,255.27,826.188252,255.3908,46,
2026-04-01 12:06:00,255.23,255.38,255.23,255.36,3321.305719,254.7117,181,
2026-04-01 12:07:00,255.2,255.3,255.17,255.17,1137.01957,255.2726,53,
2026-04-01 12:08:00,255.23,255.23,255.23,255.23,334.0,255.2563,22,
2026-04-01 12:09:00,255.25,255.25,255.25,255.25,328.091444,255.3308,32,
2026-04-01 12:10:00,255.26,255.26,255.2529,255.2529,1282.0,255.2422,40,
2026-04-01 12:11:00,255.2691,255.2691,255.16,255.16,2867.543257,255.2471,75,
2026-04-01 12:13:00,255.18,255.18,255.18,255.18,1079.0085,255.1419,60,
2026-04-01 12:14:00,255.0178,255.19,255.0178,255.19,1073.0,255.1499,27,
2026-04-01 12:15:00,255.19,255.2,255.17,255.17,822.051078,255.2098,39,
2026-04-01 12:16:00,255.1477,255.4,255.1477,255.4,1385.411317,255.2657,39,
2026-04-01 12:17:00,255.39,255.39,255.39,255.39,743.0,255.2806,31,
2026-04-01 12:18:00,255.21,255.21,255.2,255.2,700.95,255.599,33,
2026-04-01 12:19:00,255.36,255.36,255.28,255.28,1454.0,255.3112,54,
2026-04-01 12:20:00,255.23,255.23,255.22,255.23,741.0,255.2292,39,
2026-04-01 12:21:00,255.24,255.24,255.0213,255.1833,11299.882287,255.198,76,
2026-04-01 12:22:00,255.184,255.184,255.0,255.03,4762.040627,255.0265,196,
2026-04-01 12:23:00,255.0,255.32,255.0,255.06,1008.0,255.1082,38,
2026-04-01 12:24:00,255.09,255.1,255.08,255.1,1604.353842,255.1537,41,
2026-04-01 12:25:00,255.11,255.1999,255.1,255.1999,3067.019605,255.1752,28,
2026-04-01 12:26:00,255.09,255.1257,254.96,254.96,2373.424704,255.0773,60,
2026-04-01 12:27:00,254.95,254.9966,254.91,254.98,2168.374914,254.9712,113,
2026-04-01 12:29:00,255.174,255.174,255.1,255.1,936.309582,255.2114,39,
2026-04-01 12:30:00,255.2,255.2978,255.1,255.1,1462.0,255.1534,27,
2026-04-01 12:31:00,255.13,255.13,255.1,255.1,501.168444,255.2054,21,
2026-04-01 12:32:00,255.0,255.0491,255.0,255.0491,823.0,255.0046,37,
2026-04-01 12:33:00,254.9492,254.9492,254.9492,254.9492,333.0,254.9426,15,
2026-04-01 12:34:00,254.9492,255.0,254.9492,255.0,630.0,254.9505,30,
2026-04-01 12:35:00,255.05,255.05,255.05,255.05,340.0,255.0217,23,
2026-04-01 12:36:00,255.0,255.0,254.6,254.6,4943.484252,254.8297,112,
2026-04-01 12:37:00,254.6,254.65,254.4,254.5754,4182.998695,254.5937,154,
2026-04-01 12:38:00,254.48,254.55,254.48,254.55,2506.178455,254.5145,67,
2026-04-01 12:39:00,254.583,254.63,253.79,253.79,1311.015711,254.419,42,
2026-04-01 12:40:00,254.6,254.6559,254.6,254.6559,1254.0,254.6209,23,
2026-04-01 12:41:00,254.5011,254.6566,254.5011,254.5563,4047.050792,254.5179,45,
2026-04-01 12:42:00,254.5,254.5,254.5,254.5,456.0,254.4853,18,
2026-04-01 12:43:00,254.51,254.534,254.51,254.534,422.0,254.5145,22,
2026-04-01 12:44:00,254.54,255.58,254.54,255.29,16946.55241,255.1125,737,
2026-04-01 12:45:00,255.3,255.56,254.49,255.03,11814.036033,254.9099,524,
2026-04-01 12:46:00,254.75,254.75,254.52,254.52,1060.064946,254.6708,57,
2026-04-01 12:47:00,254.51,254.65,254.5,254.65,1914.06557,254.5486,83,
2026-04-01 12:48:00,254.55,254.55,254.04,254.04,5162.203981,254.2469,257,
2026-04-01 12:49:00,253.93,254.15,253.8,254.15,5378.481297,254.016,162,
2026-04-01 12:50:00,254.23,254.23,254.02,254.02,49451.307123,253.803,41,
2026-04-01 12:51:00,254.18,254.18,253.9,253.99,3787.039431,254.0261,70,
2026-04-01 12:52:00,253.92,254.15,253.92,254.15,2281.143812,254.057,62,
2026-04-01 12:53:00,254.06,254.06,253.9631,254.06,2801.0043,254.0551,60,
2026-04-01 12:54:00,253.95,254.03,253.81,254.03,3055.071958,253.8929,93,
2026-04-01 12:55:00,253.89,253.98,253.89,253.98,1323.0,253.9235,39,
2026-04-01 12:56:00,254.0,254.2006,254.0,254.2006,1508.048293,254.0365,47,
2026-04-01 12:57:00,254.05,254.25,254.01,254.2175,1648.012822,254.1016,36,
2026-04-01 12:58:00,254.13,254.13,253.91,253.91,1088.0,253.9935,36,
2026-04-01 12:59:00,253.8977,254.15,253.8977,254.15,2074.127365,254.114,31,
2026-04-01 13:00:00,254.03,254.05,253.99,254.05,1274.055396,254.0132,51,
2026-04-01 13:01:00,254.04,254.07,254.04,254.07,765.0,254.0165,30,
2026-04-01 13:02:00,254.05,254.11,254.01,254.11,1189.0,254.0572,43,
2026-04-01 13:03:00,254.1,254.12,254.1,254.1,2741.313199,254.1514,76,
2026-04-01 13:04:00,254.1692,254.1692,253.95,253.95,2456.652596,254.1071,39,
2026-04-01 13:05:00,253.94,253.94,253.8,253.8,2117.130031,253.9005,56,
2026-04-01 13:06:00,253.86,253.94,253.8,253.8,2193.00426,253.8242,54,
2026-04-01 13:07:00,253.92,253.99,253.81,253.99,902.370889,254.0078,45,
2026-04-01 13:08:00,254.0,254.0,253.87,253.87,1874.07214,253.9307,59,
2026-04-01 13:09:00,253.88,254.0,253.88,254.0,990.0,253.9651,79,
2026-04-01 13:10:00,254.0,254.2,254.0,254.11,2570.017188,254.0614,110,
2026-04-01 13:11:00,254.1,254.16,253.94,254.16,12744.001968,254.0191,242,
2026-04-01 13:12:00,254.1,254.25,254.1,254.22,2426.092295,254.1933,77,
2026-04-01 13:13:00,254.2438,254.47,254.21,254.29,4191.0,254.2992,73,
2026-04-01 13:15:00,254.16,254.16,254.09,254.09,1690.0,254.1443,45,
2026-04-01 13:16:00,254.26,254.31,254.26,254.3,2766.0,254.2889,107,
2026-04-01 13:17:00,254.33,254.37,254.25,254.29,1841.902466,254.4533,113,
2026-04-01 13:18:00,254.34,254.47,254.34,254.47,1455.135689,254.4398,49,
2026-04-01 13:19:00,254.45,254.45,254.43,254.43,1612.812498,254.5694,36,
2026-04-01 13:20:00,254.41,254.4672,254.21,254.4672,2689.0,254.336,60,
2026-04-01 13:21:00,254.37,254.4358,254.13,254.29,3778.087604,254.2573,100,
2026-04-01 13:22:00,254.11,254.2095,254.11,254.2095,2594.0,254.1153,94,
2026-04-01 13:23:00,254.28,254.28,254.28,254.28,566.0,254.3216,28,
2026-04-01 13:24:00,254.5,254.5,254.32,254.36,5991.023231,254.3867,43,
2026-04-01 13:25:00,254.32,254.33,253.95,254.1,10799.926599,254.1465,191,
2026-04-01 13:26:00,254.06,254.4228,254.06,254.4228,4685.404155,254.2447,108,
2026-04-01 13:27:00,254.49,254.94,254.45,254.66,17097.715499,254.7702,313,
2026-04-01 13:28:00,254.43,254.59,254.43,254.45,2639.0,254.4899,121,
2026-04-01 13:29:00,254.36,254.43,253.9,253.9,11221.105679,254.1766,184,
2026-04-01 13:30:00,254.08,256.18,254.0,254.17,926982.126549,254.4504,17663,
2026-04-01 13:31:00,254.23,254.46,253.82,253.89,138170.934684,254.1038,2814,
2026-04-01 13:32:00,253.91,254.84,253.84,254.81,164854.220863,254.4248,2989,
2026-04-01 13:33:00,254.805,254.84,254.47,254.755,192491.702897,254.6448,3661,
2026-04-01 13:34:00,254.73,254.96,254.62,254.7551,104123.011542,254.7877,2472,
2026-04-01 13:35:00,254.79,255.07,254.75,254.835,137989.081496,254.8914,2663,
2026-04-01 13:36:00,254.84,255.07,254.79,255.01,123184.901016,254.9504,2328,
2026-04-01 13:37:00,254.99,255.32,254.69,255.11,135455.755898,254.977,2803,
2026-04-01 13:38:00,255.14,255.26,254.92,254.96,91811.580982,255.069,1872,
2026-04-01 13:39:00,254.89,255.1,254.67,255.06,133192.853149,254.8404,2268,
2026-04-01 13:40:00,255.05,255.44,255.03,255.27,157932.794568,255.2656,2847,
2026-04-01 13:41:00,255.27,255.59,255.22,255.4,128714.755554,255.4187,2189,
2026-04-01 13:42:00,255.42,255.58,254.94,255.01,144167.544455,255.248,3499,
2026-04-01 13:43:00,254.99,255.215,254.69,255.12,117703.565372,254.8955,3330,
2026-04-01 13:44:00,255.13,255.58,255.09,255.542,123786.586628,255.3444,3154,
2026-04-01 13:45:00,255.55,255.82,255.37,255.64,135371.727532,255.6115,3208,
2026-04-01 13:46:00,255.59,255.66,255.45,255.59,135349.815034,255.5656,3628,
2026-04-01 13:47:00,255.56,255.56,255.17,255.17,78479.686999,255.4042,2704,
2026-04-01 13:48:00,255.21,255.645,255.2,255.48,132550.346754,255.4074,3404,
2026-04-01 13:49:00,255.47,255.55,255.32,255.47,93042.156434,255.4251,2962,
2026-04-01 13:50:00,255.46,255.46,255.09,255.335,81671.33504,255.2379,2781,
2026-04-01 13:51:00,255.3399,255.46,255.05,255.12,74415.058243,255.2626,2531,
2026-04-01 13:52:00,255.105,255.115,254.69,254.82,89387.656335,254.8907,2704,
2026-04-01 13:53:00,254.86,254.95,254.57,254.7,66629.336253,254.7525,2172,
2026-04-01 13:54:00,254.695,254.84,254.545,254.545,47482.340431,254.715,1954,
2026-04-01 13:55:00,254.52,254.98,254.49,254.945,92632.888218,254.6695,2446,
2026-04-01 13:56:00,254.95,254.97,254.62,254.63,50612.162855,254.7768,1957,
2026-04-01 13:57:00,254.66,255.0,254.641,254.77,60306.07502,254.8299,2252,
2026-04-01 13:58:00,254.82,255.0,254.75,254.88,50807.413419,254.885,1929,
2026-04-01 13:59:00,254.88,254.95,254.585,254.62,71329.403617,254.7382,2214,
2026-04-01 14:00:00,254.6,254.6505,254.3345,254.49,97781.004769,254.4977,3533,
2026-04-01 14:01:00,254.52,254.95,254.52,254.77,94913.233688,254.7171,2842,
2026-04-01 14:02:00,254.7475,254.8605,254.62,254.83,57017.144688,254.7435,2112,
2026-04-01 14:03:00,254.82,254.97,254.53,254.54,52581.921363,254.7333,2057,
2026-04-01 14:04:00,254.53,254.67,254.48,254.66,107202.008303,254.6055,2467,
2026-04-01 14:05:00,254.68,254.86,254.65,254.81,79847.215085,254.7633,2112,
2026-04-01 14:06:00,254.83,254.84,254.54,254.725,83613.167847,254.6602,1985,
2026-04-01 14:07:00,254.71,255.155,254.69,255.0,209579.498286,254.9934,3211,
2026-04-01 14:08:00,254.97,255.11,254.85,254.94,108401.092768,254.9495,2911,
2026-04-01 14:09:00,254.97,255.01,254.775,254.85,62132.362763,254.8988,2332,
2026-04-01 14:10:00,254.83,254.895,254.435,254.74,91158.662591,254.6064,2815,
2026-04-01 14:11:00,254.7399,254.7399,254.21,254.3599,143051.844129,254.4804,3300,
2026-04-01 14:12:00,254.34,254.59,254.17,254.355,122905.54964,254.3447,2610,
2026-04-01 14:13:00,254.34,254.3688,254.05,254.065,64483.01831,254.1994,2146,
2026-04-01 14:14:00,254.05,254.335,253.97,254.275,198264.55422,254.1032,3415,
2026-04-01 14:15:00,254.26,254.59,254.15,254.22,111769.411947,254.3905,2667,
2026-04-01 14:16:00,254.215,254.215,253.88,254.11,93845.834155,254.0407,2597,
2026-04-01 14:17:00,254.12,254.15,254.06,254.13,82912.121114,254.1026,2145,
2026-04-01 14:18:00,254.12,254.63,254.12,254.61,72718.102005,254.3667,2300,
2026-04-01 14:19:00,254.6,254.93,254.5699,254.925,70972.766166,254.7149,2389,
2026-04-01 14:20:00,254.9355,255.07,254.77,254.98,76661.522277,254.9486,2665,
2026-04-01 14:21:00,254.965,255.08,254.575,254.72,125312.32677,254.8333,2700,
2026-04-01 14:22:00,254.72,254.85,254.62,254.75,88637.047857,254.6943,2290,
2026-04-01 14:23:00,254.755,254.8,254.61,254.78,53037.520747,254.7187,1933,
2026-04-01 14:24:00,254.8,254.855,254.33,254.43,68827.296959,254.6171,2489,
2026-04-01 14:25:00,254.45,254.54,254.35,254.51,38962.505972,254.4487,1840,
2026-04-01 14:26:00,254.53,254.53,254.2,254.2,45048.966396,254.3558,2024,
2026-04-01 14:27:00,254.18,254.3,254.14,254.18,47812.133937,254.218,1930,
2026-04-01 14:28:00,254.12,254.2,254.03,254.06,62317.112861,254.083,2224,
2026-04-01 14:29:00,254.07,254.21,254.05,254.1201,56556.590135,254.1401,1980,
2026-04-01 14:30:00,254.17,254.21,253.92,254.03,83467.237475,254.05,2610,
2026-04-01 14:31:00,254.04,254.2999,253.99,254.2,53630.298283,254.1545,2130,
2026-04-01 14:32:00,254.22,254.23,253.91,253.91,67145.956688,254.0478,2353,
2026-04-01 14:33:00,253.91,253.96,253.6159,253.675,151133.975488,253.8077,3516,
2026-04-01 14:34:00,253.6601,253.73,253.45,253.458,134299.796839,253.5738,3037,
2026-04-01 14:35:00,253.45,253.54,253.33,253.43,83438.555715,253.4462,2562,
2026-04-01 14:36:00,253.42,253.519,253.33,253.47,106351.536778,253.4198,2777,
2026-04-01 14:37:00,253.45,253.55,253.35,253.49,68213.25176,253.4707,2240,
2026-04-01 14:38:00,253.49,253.8,253.49,253.67,92858.058373,253.6854,2489,
2026-04-01 14:39:00,253.73,254.37,253.7,254.17,176310.434747,254.0437,4289,
2026-04-01 14:40:00,254.16,254.16,253.6801,253.83,92698.701496,253.8553,2762,
2026-04-01 14:41:00,253.85,254.11,253.74,254.105,84308.396155,253.9388,2416,
2026-04-01 14:42:00,254.09,254.38,254.04,254.28,72755.054279,254.1616,2570,
2026-04-01 14:43:00,254.26,254.3,254.05,254.15,57237.450102,254.1532,2188,
2026-04-01 14:44:00,254.1551,254.255,254.06,254.15,48648.308622,254.173,1988,
2026-04-01 14:45:00,254.175,254.33,254.05,254.19,47712.734634,254.1972,1908,
2026-04-01 14:46:00,254.17,254.22,253.94,254.085,97970.074007,254.1108,2665,
2026-04-01 14:47:00,254.08,254.12,253.87,254.1,52670.252641,254.0079,2004,
2026-04-01 14:48:00,254.08,254.14,253.99,254.02,34322.105807,254.0625,1890,
2026-04-01 14:49:00,254.04,254.255,253.99,254.19,55061.033406,254.0969,2061,
2026-04-01 14:50:00,254.17,254.185,254.04,254.075,40255.639954,254.105,1976,
2026-04-01 14:51:00,254.07,254.22,253.95,254.13,62803.050648,254.0653,2329,
2026-04-01 14:52:00,254.1301,254.33,254.1301,254.22,62011.817929,254.2264,2573,
2026-04-01 14:53:00,254.23,254.39,254.21,254.33,51796.990922,254.2885,2234,
2026-04-01 14:54:00,254.32,254.4,254.22,254.23,76193.955315,254.303,2320,
2026-04-01 14:55:00,254.24,254.325,254.16,254.2,75250.661929,254.2541,2735,
2026-04-01 14:56:00,254.2,254.3,254.14,254.22,57474.137574,254.2205,2078,
2026-04-01 14:57:00,254.26,254.3,254.14,254.245,78667.586146,254.22,2322,
2026-04-01 14:58:00,254.23,254.37,254.2204,254.278,41231.354303,254.2988,1844,
2026-04-01 14:59:00,254.26,254.27,254.01,254.13,51858.711311,254.124,2092,
2026-04-01 15:00:00,254.14,254.255,254.06,254.255,44547.725718,254.1513,2148,
2026-04-01 15:01:00,254.23,254.27,254.16,254.21,47899.636959,254.2083,2066,
2026-04-01 15:02:00,254.19,254.3143,254.17,254.23,40650.032704,254.2535,1944,
2026-04-01 15:03:00,254.235,254.325,254.137,254.175,59568.104217,254.231,2208,
2026-04-01 15:04:00,254.19,254.305,254.18,254.198,43988.974885,254.2407,1993,
2026-04-01 15:05:00,254.19,254.25,254.11,254.205,43894.174471,254.1873,2057,
2026-04-01 15:06:00,254.22,254.31,254.03,254.1,66141.216483,254.1959,2346,
2026-04-01 15:07:00,254.1,254.22,254.05,254.2099,42169.696524,254.1473,1848,
2026-04-01 15:08:00,254.19,254.2,254.04,254.1799,58277.420283,254.129,2126,
2026-04-01 15:09:00,254.165,254.2,254.08,254.15,40548.536356,254.1498,1831,
2026-04-01 15:10:00,254.15,254.16,253.82,253.832,71066.043019,254.0052,2440,
2026-04-01 15:11:00,253.835,254.1,253.7973,254.03,94386.004048,253.9874,2932,
2026-04-01 15:12:00,254.02,254.22,253.995,254.21,49707.639587,254.0932,2089,
2026-04-01 15:13:00,254.2,254.22,254.07,254.085,37266.45268,254.1459,1841,
2026-04-01 15:14:00,254.07,254.2,254.04,254.155,49437.78061,254.1373,2103,
2026-04-01 15:15:00,254.17,254.32,254.14,254.205,58933.457725,254.2147,1907,
2026-04-01 15:16:00,254.21,254.29,254.18,254.215,52216.057108,254.2243,1775,
2026-04-01 15:17:00,254.205,254.25,254.17,254.235,53658.433708,254.2098,1992,
2026-04-01 15:18:00,254.23,254.32,254.19,254.32,34434.890727,254.2479,1802,
2026-04-01 15:19:00,254.32,254.48,254.32,254.45,68026.121067,254.3896,2296,
2026-04-01 15:20:00,254.44,254.64,254.33,254.59,81485.582088,254.5006,2147,
2026-04-01 15:21:00,254.5899,254.745,254.51,254.56,82721.596575,254.6168,2143,
2026-04-01 15:22:00,254.56,254.63,254.56,254.615,46393.733538,254.595,1822,
2026-04-01 15:23:00,254.625,254.68,254.555,254.56,46932.043948,254.6119,1753,
2026-04-01 15:24:00,254.55,254.56,254.14,254.18,132540.907926,254.3575,2618,
2026-04-01 15:25:00,254.17,254.21,254.09,254.15,49236.772441,254.1539,2015,
2026-04-01 15:26:00,254.145,254.215,254.03,254.055,51787.515768,254.1299,1959,
2026-04-01 15:27:00,254.07,254.12,253.97,254.08,74168.976158,254.0591,2269,
2026-04-01 15:28:00,254.08,254.32,254.04,254.22,52736.455917,254.1606,2085,
2026-04-01 15:29:00,254.135,254.23,254.13,254.15,32738.708296,254.1901,1784,
2026-04-01 15:30:00,254.16,254.16,253.85,253.91,62133.652694,254.0338,2152,
2026-04-01 15:31:00,253.91,254.21,253.91,254.1999,35632.724269,254.0749,1754,
2026-04-01 15:32:00,254.2,254.22,253.94,253.9901,38106.053569,254.0718,1651,
2026-04-01 15:33:00,253.99,253.9901,253.88,253.966,45650.059362,253.9347,1846,
2026-04-01 15:34:00,253.96,253.971,253.76,253.885,67330.538408,253.8591,2099,
2026-04-01 15:35:00,253.91,254.185,253.91,254.07,64960.099474,254.0734,1966,
2026-04-01 15:36:00,254.07,254.17,254.01,254.15,37645.903804,254.0727,1842,
2026-04-01 15:37:00,254.13,254.21,254.08,254.14,48881.33996,254.1394,2006,
2026-04-01 15:38:00,254.12,254.16,254.08,254.09,34546.515114,254.1197,1696,
2026-04-01 15:39:00,254.1,254.17,254.065,254.11,27662.430538,254.1031,1505,
2026-04-01 15:40:00,254.13,254.13,253.93,253.98,35443.987417,254.0139,1810,
2026-04-01 15:41:00,253.98,254.08,253.93,253.93,41545.502809,254.0246,1384,
2026-04-01 15:42:00,253.95,253.96,253.89,253.93,33868.028238,253.9335,839,
2026-04-01 15:43:00,253.92,253.96,253.87,253.915,41829.046724,253.9099,968,
2026-04-01 15:44:00,253.87,253.97,253.87,253.95,45170.627804,253.9336,797,
2026-04-01 15:45:00,253.93,254.13,253.93,253.975,49012.608506,254.0388,952,
2026-04-01 15:46:00,253.98,254.0201,253.91,253.92,40418.568335,253.967,868,
2026-04-01 15:47:00,253.91,254.23,253.85,254.23,66519.439492,253.9928,1097,
2026-04-01 15:48:00,254.23,254.24,254.09,254.225,55850.891222,254.174,801,
2026-04-01 15:49:00,254.225,254.52,254.2,254.44,97993.306515,254.3262,1442,
2026-04-01 15:50:00,254.44,254.59,254.41,254.52,47665.112243,254.4858,951,
2026-04-01 15:51:00,254.525,254.6,254.435,254.56,33482.498398,254.5285,806,
2026-04-01 15:52:00,254.5651,254.7,254.5501,254.59,41379.951455,254.6333,878,
2026-04-01 15:53:00,254.59,254.61,254.5,254.56,28283.147504,254.5543,747,
2026-04-01 15:54:00,254.565,254.57,254.47,254.55,33348.846314,254.5265,824,
2026-04-01 15:55:00,254.55,254.59,254.51,254.52,30150.081508,254.5424,793,
2026-04-01 15:56:00,254.54,254.6899,254.53,254.54,40941.15505,254.6055,959,
2026-04-01 15:57:00,254.53,254.6599,254.515,254.65,40611.916667,254.5919,977,
2026-04-01 15:58:00,254.66,254.82,254.66,254.81,48327.865267,254.7569,1083,
2026-04-01 15:59:00,254.785,254.795,254.59,254.62,40386.971235,254.702,918,
2026-04-01 16:00:00,254.6239,254.7899,254.6239,254.73,41698.424777,254.7032,981,
2026-04-01 16:01:00,254.72,254.81,254.69,254.77,34452.317983,254.7593,852,
2026-04-01 16:02:00,254.79,254.79,254.63,254.65,40074.395943,254.469,807,
2026-04-01 16:03:00,254.6198,254.68,254.55,254.625,39493.56102,254.6257,964,
2026-04-01 16:04:00,254.635,254.75,254.62,254.72,31984.911542,254.6905,731,
2026-04-01 16:05:00,254.74,254.8,254.62,254.64,83986.474456,254.722,1188,
2026-04-01 16:06:00,254.67,254.71,254.57,254.605,34991.092779,254.6395,850,
2026-04-01 16:07:00,254.59,254.65,254.51,254.52,38161.779095,254.5717,1061,
2026-04-01 16:08:00,254.51,254.58,254.46,254.56,60105.106238,254.5311,1004,
2026-04-01 16:09:00,254.58,254.67,254.56,254.66,29245.819988,254.622,719,
2026-04-01 16:10:00,254.64,254.66,254.57,254.6201,39507.08087,254.6257,778,
2026-04-01 16:11:00,254.65,254.655,254.4501,254.545,77273.984652,254.5401,1513,
2026-04-01 16:12:00,254.5314,254.54,254.35,254.36,55911.499127,254.4255,1241,
2026-04-01 16:13:00,254.35,254.46,254.35,254.41,36451.073617,254.4151,987,
2026-04-01 16:14:00,254.4,254.4399,254.31,254.4,49653.992385,254.3927,967,
2026-04-01 16:15:00,254.375,254.44,254.28,254.28,45710.83867,254.3638,859,
2026-04-01 16:16:00,254.27,254.2813,254.15,254.255,48393.019759,254.2176,1151,
2026-04-01 16:17:00,254.235,254.235,254.1,254.11,42906.692276,254.1795,1023,
2026-04-01 16:18:00,254.105,254.38,254.09,254.365,42073.114723,254.2412,877,
2026-04-01 16:19:00,254.38,254.51,254.32,254.35,42506.857677,254.4077,950,
2026-04-01 16:20:00,254.36,254.45,254.34,254.415,34404.023746,254.3658,823,
2026-04-01 16:21:00,254.415,254.54,254.41,254.54,40583.649763,254.4863,938,
2026-04-01 16:22:00,254.51,254.578,254.49,254.53,32278.054043,254.5315,938,
2026-04-01 16:23:00,254.52,254.5777,254.49,254.54,28039.692881,254.5215,854,
2026-04-01 16:24:00,254.5309,254.549,254.445,254.445,31400.506265,254.5063,822,
2026-04-01 16:25:00,254.45,254.485,254.3827,254.485,23209.663432,254.4401,733,
2026-04-01 16:26:00,254.5,254.55,254.4,254.425,33815.456007,254.4943,783,
2026-04-01 16:27:00,254.42,254.52,254.34,254.5054,22669.36894,254.4222,621,
2026-04-01 16:28:00,254.52,254.583,254.42,254.44,24517.068464,254.5112,737,
2026-04-01 16:29:00,254.4499,254.49,254.375,254.4301,31876.351407,254.4474,767,
2026-04-01 16:30:00,254.44,254.44,254.28,254.335,32209.400645,254.3704,834,
2026-04-01 16:31:00,254.335,254.34,254.22,254.23,37049.509112,254.2987,893,
2026-04-01 16:32:00,254.23,254.405,254.22,254.395,21353.098651,254.341,594,
2026-04-01 16:33:00,254.385,254.53,254.3801,254.495,31831.225695,254.4616,705,
2026-04-01 16:34:00,254.51,254.61,254.49,254.61,25819.917463,254.566,581,
2026-04-01 16:35:00,254.6,254.71,254.6,254.68,32458.596554,254.6644,668,
2026-04-01 16:36:00,254.68,254.82,254.67,254.775,36768.975277,254.7439,823,
2026-04-01 16:37:00,254.76,254.8299,254.68,254.7923,38714.282544,254.7618,673,
2026-04-01 16:38:00,254.775,254.8199,254.72,254.72,28868.653574,254.7659,678,
2026-04-01 16:39:00,254.715,254.76,254.7,254.75,25043.885578,254.7324,502,
2026-04-01 16:40:00,254.745,254.8099,254.73,254.76,34205.838979,254.7686,702,
2026-04-01 16:41:00,254.76,254.82,254.75,254.7894,28475.622466,254.7909,628,
2026-04-01 16:42:00,254.77,254.825,254.75,254.8,26253.929773,254.7969,541,
2026-04-01 16:43:00,254.79,254.83,254.73,254.76,24840.728822,254.7895,644,
2026-04-01 16:44:00,254.7699,254.82,254.75,254.7793,27196.66739,254.7785,703,
2026-04-01 16:45:00,254.77,254.89,254.76,254.8501,61695.736837,254.8406,1157,
2026-04-01 16:46:00,254.83,254.88,254.7701,254.79,59136.608398,254.8249,827,
2026-04-01 16:47:00,254.78,254.9,254.74,254.9,46981.41069,254.8224,737,
2026-04-01 16:48:00,254.895,254.9099,254.83,254.84,26731.491773,254.8764,587,
2026-04-01 16:49:00,254.8393,254.89,254.77,254.89,49596.180582,254.8111,819,
2026-04-01 16:50:00,254.8999,254.96,254.875,254.88,29306.011827,254.9147,664,
2026-04-01 16:51:00,254.87,254.88,254.77,254.81,27789.245549,254.8246,660,
2026-04-01 16:52:00,254.81,254.85,254.7901,254.83,30119.863253,254.8348,553,
2026-04-01 16:53:00,254.83,254.8706,254.82,254.84,20490.811357,254.8578,526,
2026-04-01 16:54:00,254.83,254.915,254.74,254.75,55843.069036,254.8643,719,
2026-04-01 16:55:00,254.74,254.74,254.515,254.54,45864.248458,254.6009,744,
2026-04-01 16:56:00,254.54,254.55,254.44,254.505,39098.929682,254.4929,825,
2026-04-01 16:57:00,254.5093,254.685,254.5,254.665,38091.198747,254.5783,654,
2026-04-01 16:58:00,254.675,254.715,254.6101,254.6101,32338.044501,254.6735,543,
2026-04-01 16:59:00,254.615,254.65,254.59,254.6,23713.598691,254.6204,615,
2026-04-01 17:00:00,254.59,254.65,254.5,254.545,28497.615774,254.583,718,
2026-04-01 17:01:00,254.56,254.68,254.56,254.635,37568.869136,254.6259,818,
2026-04-01 17:02:00,254.64,254.71,254.6144,254.67,20372.054562,254.6598,597,
2026-04-01 17:03:00,254.655,254.775,254.59,254.77,26626.532642,254.6772,707,
2026-04-01 17:04:00,254.74,254.85,254.715,254.785,1525838.73376,254.5983,653,
2026-04-01 17:05:00,254.8,254.8,254.71,254.74,39734.848048,254.7558,737,
2026-04-01 17:06:00,254.7489,254.86,254.73,254.79,217734.027868,254.8754,847,
2026-04-01 17:07:00,254.81,254.92,254.8,254.89,24712.290105,254.8492,562,
2026-04-01 17:08:00,254.89,255.06,254.89,255.015,59579.750742,255.0073,1180,
2026-04-01 17:09:00,255.015,255.1299,255.015,255.065,52001.43199,255.0592,839,
2026-04-01 17:10:00,255.09,255.17,255.03,255.04,33563.143429,255.1091,750,
2026-04-01 17:11:00,255.0309,255.055,254.945,255.0,44735.783898,254.992,834,
2026-04-01 17:12:00,254.995,255.0625,254.97,254.99,37285.042406,255.0029,688,
2026-04-01 17:13:00,254.99,255.0,254.96,254.993,23214.114564,254.9908,446,
2026-04-01 17:14:00,254.985,254.99,254.93,254.98,29812.141894,254.9657,724,
2026-04-01 17:15:00,254.9614,255.04,254.9614,255.01,23742.988223,255.0196,651,
2026-04-01 17:16:00,255.02,255.09,254.9996,254.9996,48232.865611,255.0446,814,
2026-04-01 17:17:00,254.99,255.15,254.99,255.12,64709.874228,255.0957,1010,
2026-04-01 17:18:00,255.12,255.145,255.07,255.09,48765.511813,255.1089,751,
2026-04-01 17:19:00,255.09,255.13,255.04,255.06,526037.717195,255.095,633,
2026-04-01 17:20:00,255.06,255.21,255.04,255.17,40792.442259,255.1374,930,
2026-04-01 17:21:00,255.16,255.24,255.14,255.2201,35880.902173,255.1946,799,
2026-04-01 17:22:00,255.24,255.24,255.15,255.2299,38022.633818,255.1708,775,
2026-04-01 17:23:00,255.24,255.375,255.23,255.375,47520.900987,255.2701,1010,
2026-04-01 17:24:00,255.38,255.4,255.2,255.28,62433.522144,255.3296,1019,
2026-04-01 17:25:00,255.275,255.31,255.18,255.2601,43253.494299,255.2603,794,
2026-04-01 17:26:00,255.28,255.315,255.19,255.235,23332.870859,255.2515,554,
2026-04-01 17:27:00,255.2301,255.24,255.07,255.1,22183.573249,255.1696,595,
2026-04-01 17:28:00,255.09,255.2196,255.08,255.2,38941.304517,255.1429,745,
2026-04-01 17:29:00,255.22,255.26,255.09,255.1422,49861.253341,255.2031,998,
2026-04-01 17:30:00,255.125,255.2498,255.07,255.11,31433.151382,255.1364,815,
2026-04-01 17:31:00,255.115,255.195,255.115,255.13,16353.22486,255.1655,537,
2026-04-01 17:32:00,255.12,255.12,254.93,254.9425,49685.052806,255.0557,959,
2026-04-01 17:33:00,254.945,254.99,254.9,254.9,39136.562781,254.9422,748,
2026-04-01 17:34:00,254.89,254.91,254.76,254.77,79610.955821,254.8319,1122,
2026-04-01 17:35:00,254.78,254.9,254.76,254.88,42225.968841,254.8438,648,
2026-04-01 17:36:00,254.89,255.07,254.88,254.99,52335.265878,254.9718,795,
2026-04-01 17:37:00,255.0,255.22,254.94,255.205,61660.352366,255.0892,1039,
2026-04-01 17:38:00,255.205,255.24,255.13,255.15,54125.610061,255.1994,859,
2026-04-01 17:39:00,255.1499,255.26,255.12,255.19,40532.068561,255.1844,787,
2026-04-01 17:40:00,255.2,255.23,255.1125,255.135,48290.797193,255.176,872,
2026-04-01 17:41:00,255.14,255.24,255.11,255.12,51952.549242,255.1683,838,
2026-04-01 17:42:00,255.15,255.23,255.14,255.185,35362.136691,255.1898,842,
2026-04-01 17:43:00,255.18,255.18,254.96,254.97,38762.324684,255.0653,848,
2026-04-01 17:44:00,254.95,255.01,254.92,254.963,30244.978192,254.9699,668,
2026-04-01 17:45:00,254.99,255.14,254.99,255.13,30046.949556,255.0748,601,
2026-04-01 17:46:00,255.14,255.23,255.12,255.1616,42585.569049,255.1727,797,
2026-04-01 17:47:00,255.17,255.26,255.1401,255.23,22444.648405,255.2023,564,
2026-04-01 17:48:00,255.23,255.27,255.05,255.055,42124.399764,255.1409,780,
2026-04-01 17:49:00,255.05,255.06,254.96,254.975,41604.341404,255.0027,3269,
2026-04-01 17:50:00,254.975,255.13,254.975,255.1,28765.821111,255.0714,949,
2026-04-01 17:51:00,255.09,255.215,255.09,255.175,36480.121023,255.1653,723,
2026-04-01 17:52:00,255.16,255.19,255.065,255.19,41868.46277,255.1265,743,
2026-04-01 17:53:00,255.19,255.28,255.17,255.19,57764.696539,255.2266,828,
2026-04-01 17:54:00,255.19,255.25,255.15,255.15,30840.266437,255.199,706,
2026-04-01 17:55:00,255.14,255.23,255.14,255.175,24317.232825,255.1936,625,
2026-04-01 17:56:00,255.165,255.19,254.98,255.08,43431.589043,255.0797,1073,
2026-04-01 17:57:00,255.105,255.105,255.02,255.03,51792.911011,255.0639,952,
2026-04-01 17:58:00,255.01,255.04,254.76,254.7725,40534.164566,254.9293,986,
2026-04-01 17:59:00,254.79,254.885,254.78,254.785,31005.744329,254.8427,649,
2026-04-01 18:00:00,254.7545,254.81,254.635,254.645,42972.812674,254.7282,1019,
2026-04-01 18:01:00,254.65,254.71,254.57,254.67,50188.706771,254.6581,1061,
2026-04-01 18:02:00,254.675,254.68,254.51,254.62,63205.445099,254.595,1149,
2026-04-01 18:03:00,254.605,254.71,254.575,254.65,60722.790275,254.6661,1014,
2026-04-01 18:04:00,254.645,254.81,254.59,254.765,56665.301454,254.7174,1363,
2026-04-01 18:05:00,254.76,254.84,254.73,254.73,44196.287888,254.7939,882,
2026-04-01 18:06:00,254.74,254.77,254.65,254.72,26275.199524,254.7175,681,
2026-04-01 18:07:00,254.71,254.77,254.69,254.75,30155.794306,254.7435,602,
2026-04-01 18:08:00,254.77,254.7851,254.67,254.7,24815.153914,254.7402,726,
2026-04-01 18:09:00,254.68,254.87,254.68,254.8489,40021.00938,254.7731,771,
2026-04-01 18:10:00,254.82,254.91,254.75,254.8,34943.247882,254.8339,820,
2026-04-01 18:11:00,254.77,254.79,254.7,254.75,29700.807905,254.7442,755,
2026-04-01 18:12:00,254.74,254.81,254.7301,254.76,17205.284794,254.7693,479,
2026-04-01 18:13:00,254.75,254.845,254.7,254.82,30931.554921,254.7852,648,
2026-04-01 18:14:00,254.81,254.86,254.79,254.7901,23872.910581,254.8231,547,
2026-04-01 18:15:00,254.78,254.83,254.74,254.83,27856.788091,254.7964,688,
2026-04-01 18:16:00,254.86,254.91,254.765,254.78,42036.935371,254.836,900,
2026-04-01 18:17:00,254.825,254.845,254.765,254.835,38769.062199,254.8038,917,
2026-04-01 18:18:00,254.85,254.865,254.66,254.68,86268.401327,254.7898,1600,
2026-04-01 18:19:00,254.67,254.72,254.55,254.72,51583.898883,254.636,1374,
2026-04-01 18:20:00,254.715,254.79,254.56,254.61,57534.197245,254.6933,1338,
2026-04-01 18:21:00,254.6,254.7,254.55,254.615,34469.470904,254.6134,790,
2026-04-01 18:22:00,254.61,254.66,254.56,254.585,39356.573547,254.6037,1001,
2026-04-01 18:23:00,254.61,254.65,254.44,254.5201,59193.483717,254.5311,1461,
2026-04-01 18:24:00,254.5,254.525,254.225,254.23,74159.933397,254.3402,1564,
2026-04-01 18:25:00,254.23,254.32,254.1,254.31,91773.183525,254.1963,1383,
2026-04-01 18:26:00,254.295,254.51,254.295,254.44,77236.367106,254.3934,1166,
2026-04-01 18:27:00,254.45,254.47,254.31,254.34,44625.78371,254.4096,997,
2026-04-01 18:28:00,254.37,254.5,254.28,254.34,40700.180213,254.3745,803,
2026-04-01 18:29:00,254.34,254.3599,254.25,254.31,35988.561935,254.315,686,
2026-04-01 18:30:00,254.32,254.42,254.28,254.37,53384.163971,254.3639,783,
2026-04-01 18:31:00,254.35,254.36,254.1801,254.22,55816.428705,254.2657,841,
2026-04-01 18:32:00,254.25,254.3,254.17,254.2201,54358.729737,254.2203,685,
2026-04-01 18:33:00,254.2398,254.335,254.18,254.24,32694.768396,254.2455,818,
2026-04-01 18:34:00,254.2301,254.235,254.145,254.17,29076.361411,254.1948,760,
2026-04-01 18:35:00,254.17,254.18,253.97,254.055,147647.050759,254.0275,1917,
2026-04-01 18:36:00,254.04,254.245,254.01,254.19,48948.666108,254.1406,896,
2026-04-01 18:37:00,254.21,254.27,254.11,254.12,36114.093728,254.2013,963,
2026-04-01 18:38:00,254.125,254.26,254.09,254.18,41375.755547,254.1858,888,
2026-04-01 18:39:00,254.2,254.5,254.185,254.4,71676.547307,254.3569,1253,
2026-04-01 18:40:00,254.39,254.53,254.34,254.435,72420.374415,254.4117,1175,
2026-04-01 18:41:00,254.45,254.67,254.415,254.58,46662.044262,254.5692,918,
2026-04-01 18:42:00,254.5401,254.625,254.5401,254.58,43361.154018,254.5897,858,
2026-04-01 18:43:00,254.57,254.68,254.48,254.645,34416.88079,254.5993,897,
2026-04-01 18:44:00,254.64,254.698,254.59,254.67,35318.435711,254.636,794,
2026-04-01 18:45:00,254.67,254.695,254.58,254.58,44543.29917,254.6254,758,
2026-04-01 18:46:00,254.57,254.68,254.48,254.5,56183.044516,254.5605,1120,
2026-04-01 18:47:00,254.51,254.6212,254.46,254.62,57569.111334,254.5285,1003,
2026-04-01 18:48:00,254.6291,254.71,254.552,254.594,31663.8911,254.6564,855,
2026-04-01 18:49:00,254.56,254.561,254.44,254.51,39036.764942,254.5225,907,
2026-04-01 18:50:00,254.52,254.6,254.39,254.405,38251.866356,254.5243,826,
2026-04-01 18:51:00,254.4,254.4,254.23,254.315,40390.146941,254.323,913,
2026-04-01 18:52:00,254.31,254.39,254.28,254.346,57750.525265,254.3398,1096,
2026-04-01 18:53:00,254.33,254.445,254.29,254.436,28652.64217,254.369,740,
2026-04-01 18:54:00,254.45,254.47,254.32,254.3799,26068.606672,254.4125,634,
2026-04-01 18:55:00,254.37,254.37,254.23,254.34,49583.34622,254.3099,828,
2026-04-01 18:56:00,254.34,254.45,254.3,254.41,33934.91226,254.3838,743,
2026-04-01 18:57:00,254.41,254.41,254.25,254.38,36499.312386,254.3182,687,
2026-04-01 18:58:00,254.37,254.375,254.24,254.33,40961.56607,254.2965,770,
2026-04-01 18:59:00,254.34,254.42,254.33,254.42,28201.485381,254.3639,612,
2026-04-01 19:00:00,254.41,254.57,254.4,254.52,51100.427201,254.4677,1158,
2026-04-01 19:01:00,254.54,254.64,254.52,254.55,50138.179318,254.5845,967,
2026-04-01 19:02:00,254.5699,254.73,254.565,254.65,45412.12882,254.6384,873,
2026-04-01 19:03:00,254.6485,254.6485,254.43,254.455,34976.814147,254.5327,732,
2026-04-01 19:04:00,254.46,254.51,254.38,254.47,24349.600066,254.4462,707,
2026-04-01 19:05:00,254.495,254.77,254.495,254.7501,42770.532764,254.6723,900,
2026-04-01 19:06:00,254.745,254.79,254.64,254.68,40479.913091,254.7045,722,
2026-04-01 19:07:00,254.7099,254.73,254.59,254.59,27785.557058,254.6525,642,
2026-04-01 19:08:00,254.58,254.64,254.51,254.64,49852.70544,254.5881,971,
2026-04-01 19:09:00,254.64,254.705,254.62,254.7,28522.301655,254.671,710,
2026-04-01 19:10:00,254.69,254.77,254.63,254.65,71296.996722,254.6964,1197,
2026-04-01 19:11:00,254.67,254.69,254.6,254.68,77343.000034,254.6559,1354,
2026-04-01 19:12:00,254.69,254.85,254.69,254.805,68955.400559,254.8002,997,
2026-04-01 19:13:00,254.82,254.92,254.77,254.9,42577.777671,254.8416,907,
2026-04-01 19:14:00,254.89,254.99,254.87,254.97,62954.367454,254.9294,1042,
2026-04-01 19:15:00,254.97,255.05,254.96,255.01,69022.760047,255.0084,1092,
2026-04-01 19:16:00,255.0085,255.07,254.89,254.9,73588.025934,254.9869,1117,
2026-04-01 19:17:00,254.9,254.97,254.84,254.95,52633.228848,254.9177,905,
2026-04-01 19:18:00,254.95,255.135,254.94,255.105,63574.418413,255.049,1154,
2026-04-01 19:19:00,255.1,255.16,254.959,255.04,81163.796334,255.0573,1307,
2026-04-01 19:20:00,255.0535,255.21,255.02,255.19,80250.0028,255.1428,1261,
2026-04-01 19:21:00,255.195,255.27,255.02,255.0875,64131.257282,255.1782,1074,
2026-04-01 19:22:00,255.09,255.22,255.09,255.18,83119.81484,255.187,939,
2026-04-01 19:23:00,255.18,255.2487,255.165,255.245,75705.31251,255.2007,958,
2026-04-01 19:24:00,255.245,255.29,255.21,255.26,49213.550916,255.2444,810,
2026-04-01 19:25:00,255.26,255.36,255.245,255.3,60687.124773,255.2958,1091,
2026-04-01 19:26:00,255.31,255.45,255.31,255.445,59825.408949,255.3973,1116,
2026-04-01 19:27:00,255.45,255.519,255.41,255.515,128736.756478,255.4555,1404,
2026-04-01 19:28:00,255.51,255.63,255.5,255.5901,70052.94307,255.5445,1167,
2026-04-01 19:29:00,255.6,255.67,255.54,255.65,92699.40514,255.6006,1240,
2026-04-01 19:30:00,255.64,255.755,255.58,255.65,123600.91724,255.6681,2020,
2026-04-01 19:31:00,255.64,255.68,255.55,255.56,58366.901015,255.6049,1144,
2026-04-01 19:32:00,255.555,255.58,255.43,255.44,63794.492528,255.5241,1246,
2026-04-01 19:33:00,255.44,255.47,255.36,255.45,71505.47166,255.4109,1245,
2026-04-01 19:34:00,255.46,255.69,255.4599,255.68,67621.316612,255.5531,1263,
2026-04-01 19:35:00,255.68,255.7,255.6,255.6449,77827.655615,255.6553,1432,
2026-04-01 19:36:00,255.63,255.72,255.62,255.6907,72892.850572,255.6792,1171,
2026-04-01 19:37:00,255.69,255.76,255.65,255.74,60931.636227,255.6988,1170,
2026-04-01 19:38:00,255.73,255.87,255.6501,255.87,96476.480632,255.7589,1472,
2026-04-01 19:39:00,255.865,256.0,255.8401,255.945,118939.70555,255.9153,1804,
2026-04-01 19:40:00,255.94,256.0397,255.9,255.98,109951.179533,255.9667,1921,
2026-04-01 19:41:00,255.98,256.11,255.94,256.005,95383.610014,256.0245,1514,
2026-04-01 19:42:00,256.005,256.06,255.965,255.965,64899.059764,256.006,1228,
2026-04-01 19:43:00,255.97,255.99,255.9,255.9193,66528.916942,255.9539,1242,
2026-04-01 19:44:00,255.92,255.93,255.75,255.85,122699.11672,255.8456,1948,
2026-04-01 19:45:00,255.84,256.03,255.745,256.01,113197.381147,255.8764,1902,
2026-04-01 19:46:00,256.025,256.13,255.92,255.96,113340.194721,256.0177,1738,
2026-04-01 19:47:00,255.96,256.04,255.9001,255.91,62507.967719,255.9676,1162,
2026-04-01 19:48:00,255.9,256.05,255.89,256.05,103916.733536,255.9838,1590,
2026-04-01 19:49:00,256.045,256.13,255.95,256.04,205166.759368,256.0577,2883,
2026-04-01 19:50:00,256.05,256.1,255.39,255.56,241458.625467,255.6756,3750,
2026-04-01 19:51:00,255.56,255.61,255.42,255.5,181085.322008,255.5118,2472,
2026-04-01 19:52:00,255.49,255.59,255.41,255.55,129777.821073,255.5076,2013,
2026-04-01 19:53:00,255.56,255.56,255.31,255.43,177680.286132,255.4098,2292,
2026-04-01 19:54:00,255.42,255.54,255.33,255.4,165268.66767,255.4221,2392,
2026-04-01 19:55:00,255.39,255.39,255.1501,255.28,239593.311577,255.251,3538,
2026-04-01 19:56:00,255.28,255.48,255.185,255.27,260050.067557,255.2781,3264,
2026-04-01 19:57:00,255.27,255.58,255.25,255.57,274629.430785,255.4005,3595,
2026-04-01 19:58:00,255.565,255.72,255.55,255.64,365805.373042,255.6605,4361,
2026-04-01 19:59:00,255.63,255.76,255.35,255.69,876880.240429,255.5847,9992,
2026-04-01 20:00:00,255.63,256.0,255.63,255.87,349720.258842,255.6317,151,
2026-04-01 20:01:00,255.76,256.11,255.65,255.65,1673.627377,255.9148,45,
2026-04-01 20:02:00,255.66,255.94,255.54,255.71,4403.0,255.6928,85,
2026-04-01 20:03:00,255.88,255.88,255.54,255.54,7675.0,255.6363,30,
2026-04-01 20:05:00,255.54,255.68,255.54,255.68,12178.063943,255.6333,29,
2026-04-01 20:06:00,255.63,255.63,255.62,255.62,6942.0,255.6308,28,
2026-04-01 20:07:00,255.62,255.63,255.62,255.63,765.0,255.6264,12,
2026-04-01 20:09:00,255.67,255.7,255.67,255.7,3795.004341,255.6717,51,
2026-04-01 20:10:00,255.7,255.7,255.6,255.66,1844.301134,255.7047,61,
2026-04-01 20:11:00,255.55,255.55,255.55,255.55,1312.017521,255.5871,56,
2026-04-01 20:12:00,255.59,255.6,255.56,255.56,357.015649,255.5927,10,
2026-04-01 20:13:00,255.65,255.65,255.65,255.65,657.020492,255.6489,30,
2026-04-01 20:15:00,255.56,255.63,255.5,255.5,1642.762939,255.687,35,
2026-04-01 20:16:00,255.2898,255.2898,255.2898,255.2898,161.0,255.3422,8,
2026-04-01 20:17:00,255.4,255.4,255.4,255.4,132.0,255.4441,3,
2026-04-01 20:18:00,255.6,255.6,255.6,255.6,1175.010211,255.5942,12,
2026-04-01 20:19:00,255.5008,255.5008,255.5008,255.5008,552.0,255.5019,9,
2026-04-01 20:23:00,255.63,255.63,255.5781,255.5781,2579.003912,255.5862,12,
2026-04-01 20:24:00,255.54,255.55,255.41,255.41,1440.0,255.5155,36,
2026-04-01 20:25:00,255.42,255.42,255.25,255.41,7277.032524,255.3048,101,
2026-04-01 20:26:00,255.38,255.4,255.35,255.35,1039.023491,255.3769,31,
2026-04-01 20:29:00,255.3,255.3,255.3,255.3,381.007976,255.313,18,
2026-04-01 20:30:00,255.35,255.35,255.35,255.35,223.0,255.3514,8,
2026-04-01 20:31:00,255.29,255.3,255.12,255.3,3152.003915,255.2538,56,
2026-04-01 20:32:00,255.63,255.63,255.63,255.63,25698.133918,255.6308,8,
2026-04-01 20:33:00,255.41,255.41,255.41,255.41,192.0,255.3043,6,
2026-04-01 20:34:00,255.41,255.41,255.41,255.41,982.0,255.3298,17,
2026-04-01 20:35:00,255.23,255.23,255.11,255.15,3034.01249,255.1693,39,
2026-04-01 20:36:00,255.25,255.3,255.25,255.3,903.0,255.2871,20,
2026-04-01 20:37:00,255.25,255.25,255.25,255.25,326.985078,256.0203,6,
2026-04-01 20:39:00,255.25,255.3,255.25,255.3,1021.096969,255.3129,40,
2026-04-01 20:40:00,255.32,255.33,255.32,255.33,356.39114,255.6038,8,
2026-04-01 20:42:00,255.355,255.355,255.355,255.355,777.0,255.3537,3,
2026-04-01 20:47:00,255.63,255.63,255.63,255.63,112516.0,255.6298,4,
2026-04-01 20:49:00,255.33,255.4,255.33,255.4,909.065747,255.3507,25,
2026-04-01 20:51:00,255.36,255.36,255.36,255.36,372.0,255.3623,14,
2026-04-01 20:53:00,255.3996,255.3996,255.3996,255.3996,129.0,255.3938,6,
2026-04-01 20:54:00,255.41,255.41,255.41,255.41,399.039237,255.4248,21,
2026-04-01 20:55:00,255.41,255.41,255.38,255.38,754.004332,255.407,12,
2026-04-01 20:56:00,255.37,255.37,255.37,255.37,356.247065,255.543,19,
2026-04-01 20:57:00,255.3404,255.3404,255.33,255.33,2086.033201,255.3378,41,
2026-04-01 20:59:00,255.35,255.35,255.33,255.33,924.276854,255.4057,22,
2026-04-01 21:00:00,255.21,255.21,255.19,255.1935,1771.058242,255.2109,56,
2026-04-01 21:01:00,255.19,255.19,255.19,255.19,369.0,255.1858,17,
2026-04-01 21:02:00,255.1913,255.2,255.1908,255.2,579.0,255.1946,59,
2026-04-01 21:04:00,255.12,255.12,255.1152,255.1152,634.043895,255.1323,12,
2026-04-01 21:08:00,255.2,255.2,255.2,255.2,1381.0,255.198,14,
2026-04-01 21:10:00,255.15,255.1501,255.15,255.1501,3642.0,255.1523,21,
2026-04-01 21:11:00,255.15,255.2,255.15,255.2,648.003917,255.1884,17,
2026-04-01 21:12:00,255.25,255.25,255.25,255.25,1220.0,255.2498,2,
2026-04-01 21:14:00,255.25,255.25,255.25,255.25,410.09576,255.1165,20,
2026-04-01 21:15:00,255.36,255.36,255.36,255.36,210.0,255.3707,9,
2026-04-01 21:17:00,255.47,255.47,255.47,255.47,618.0,255.4485,29,
2026-04-01 21:20:00,255.44,255.44,255.4,255.4,343.0,255.4237,13,
2026-04-01 21:21:00,255.3217,255.4,255.3217,255.4,660.007673,255.387,9,
2026-04-01 21:25:00,255.3347,255.3347,255.32,255.32,605.0,255.3246,16,
2026-04-01 21:29:00,255.3164,255.3164,255.3164,255.3164,125.011743,255.3548,8,
2026-04-01 21:37:00,255.3195,255.3195,255.3195,255.3195,110.0,255.3195,2,
2026-04-01 21:39:00,255.3001,255.3001,255.3001,255.3001,276.021096,255.323,10,
2026-04-01 21:42:00,255.31,255.31,255.3007,255.3007,262.0,255.2853,6,
2026-04-01 21:44:00,255.32,255.32,255.31,255.31,755.003915,255.3132,12,
2026-04-01 21:49:00,255.3,255.3,255.3,255.3,515.031323,255.3155,18,
2026-04-01 21:52:00,255.3483,255.3483,255.3483,255.3483,379.0,255.3459,11,
2026-04-01 21:53:00,255.3,255.3,255.2,255.3,1366.0,255.276,20,
2026-04-01 21:56:00,255.213,255.213,255.213,255.213,113.0,255.2209,7,
2026-04-01 22:00:00,255.25,255.3,255.0,255.3,4675.219419,255.1714,87,
2026-04-01 22:03:00,255.02,255.02,255.02,255.02,310.007537,255.0357,8,
2026-04-01 22:04:00,255.3,255.3,255.29,255.29,545.0,255.2851,15,
2026-04-01 22:08:00,255.0707,255.0707,255.0707,255.0707,143.0,255.0825,5,
2026-04-01 22:14:00,255.24,255.25,255.24,255.25,1055.010886,255.2421,12,
2026-04-01 22:19:00,255.03,255.03,255.03,255.03,400.004346,255.0629,17,
2026-04-01 22:20:00,255.04,255.04,255.03,255.03,696.0,255.0319,23,
2026-04-01 22:21:00,255.02,255.21,255.02,255.21,2198.0,255.1953,22,
2026-04-01 22:23:00,255.02,255.02,255.02,255.02,279.0,255.0694,8,
2026-04-01 22:24:00,255.18,255.18,255.18,255.18,228.023965,255.1964,9,
2026-04-01 22:25:00,255.08,255.08,255.07,255.0799,2754.28811,255.108,16,
2026-04-01 22:26:00,255.01,255.01,255.0,255.0,1225.965772,255.203,50,
2026-04-01 22:27:00,255.0,255.0,254.9912,255.0,1270.0,254.9976,12,
2026-04-01 22:29:00,255.0,255.0,255.0,255.0,144.0,254.9874,4,
2026-04-01 22:32:00,255.0,255.0,254.9926,254.9926,382.003921,254.9985,5,
2026-04-01 22:33:00,255.28,255.28,254.9988,254.9988,1055.179272,255.0818,35,
2026-04-01 22:35:00,255.0,255.0,254.9922,254.9922,301.0,254.9955,5,
2026-04-01 22:36:00,255.0,255.0,255.0,255.0,973.187171,255.0465,23,
2026-04-01 22:38:00,254.97,255.0,254.96,255.0,4715.004059,254.9979,28,
2026-04-01 22:39:00,255.0,255.0,255.0,255.0,260.0,254.9976,13,
2026-04-01 22:40:00,255.0,255.0,255.0,255.0,732.0,254.9995,19,
2026-04-01 22:41:00,255.0,255.0,255.0,255.0,865.043137,255.0121,20,
2026-04-01 22:42:00,255.0,255.0,254.9948,255.0,7382.000039,254.9997,54,
2026-04-01 22:43:00,255.0,255.0,254.99,254.998,734.0,254.9939,10,
2026-04-01 22:45:00,255.0,255.0,254.969,254.969,963.0,254.988,19,
2026-04-01 22:47:00,254.9318,254.9318,254.9318,254.9318,317.107458,254.9957,18,
2026-04-01 22:51:00,254.86,254.86,254.51,254.54,3173.090008,254.7047,112,
2026-04-01 22:52:00,254.55,254.6,254.55,254.6,471.513161,254.843,8,
2026-04-01 22:53:00,254.8854,254.8854,254.69,254.69,358.012328,254.7521,10,
2026-04-01 22:54:00,254.69,254.75,254.69,254.75,459.021818,254.704,9,
2026-04-01 22:56:00,254.7,254.74,254.63,254.74,1360.037107,254.6986,26,
2026-04-01 23:00:00,254.76,254.76,254.76,254.76,205.025418,254.7922,13,
2026-04-01 23:03:00,254.76,254.76,254.76,254.76,136.014552,254.7928,7,
2026-04-01 23:09:00,254.96,254.99,254.9,254.9,633.0,254.9486,10,
2026-04-01 23:12:00,254.82,254.82,254.82,254.82,346.0,254.8148,7,
2026-04-01 23:14:00,254.95,255.03,254.95,255.03,974.025529,255.0156,30,
2026-04-01 23:16:00,255.06,255.07,255.06,255.07,347.004785,255.0607,14,
2026-04-01 23:17:00,255.06,255.06,255.04,255.06,3027.00392,255.0576,12,
2026-04-01 23:18:00,255.05,255.05,255.05,255.05,1795.006704,255.0469,11,
2026-04-01 23:20:00,255.01,255.01,255.01,255.01,299.0,255.0822,11,
2026-04-01 23:21:00,255.0001,255.1,255.0001,255.1,208.0,255.0512,7,
2026-04-01 23:22:00,255.15,255.15,255.15,255.15,197.0,255.1331,10,
2026-04-01 23:25:00,255.0,255.3045,255.0,255.3045,323.035245,255.1256,8,
2026-04-01 23:26:00,255.01,255.01,255.01,255.01,243.0,255.0329,9,
2026-04-01 23:27:00,255.0814,255.0814,255.0814,255.0814,113.0,255.077,6,
2026-04-01 23:29:00,255.15,255.15,255.15,255.15,348.015674,255.1668,12,
2026-04-01 23:32:00,255.13,255.13,255.13,255.13,1099.0,255.1299,10,
2026-04-01 23:36:00,255.15,255.15,255.15,255.15,461.072353,255.1718,23,
2026-04-01 23:37:00,255.15,255.15,255.15,255.15,531.0,255.1531,17,
2026-04-01 23:38:00,255.038,255.038,255.038,255.038,468.88225,255.5218,6,
2026-04-01 23:39:00,255.0878,255.0878,255.0878,255.0878,301.062593,255.1426,11,
2026-04-01 23:41:00,255.0811,255.18,255.0811,255.18,504.0,255.1155,10,
2026-04-01 23:44:00,255.05,255.05,255.05,255.05,277.039604,255.1049,8,
2026-04-01 23:46:00,255.1,255.13,255.1,255.13,894.105032,255.15,12,
2026-04-01 23:48:00,255.16,255.16,255.16,255.16,152.0,255.1601,3,
2026-04-01 23:49:00,255.17,255.17,255.17,255.17,372.976983,255.8456,30,
2026-04-01 23:50:00,255.2,255.2,255.0,255.0,2516.0,255.0886,50,
2026-04-01 23:51:00,254.8,254.8,254.6759,254.6759,1618.013371,254.7329,46,
2026-04-01 23:54:00,255.09,255.09,255.09,255.09,223.0,255.0905,3,
2026-04-01 23:55:00,254.948,254.948,254.948,254.948,200.0,254.8636,5,
2026-04-01 23:56:00,254.96,254.96,254.96,254.96,282.656143,255.4683,7,
2026-04-01 23:57:00,254.76,254.81,254.76,254.81,459.0,254.7969,12,
2026-04-01 23:58:00,254.74,254.74,254.68,254.68,663.239319,254.8003,14,
2026-04-01 23:59:00,254.94,254.9831,254.94,254.9831,755.062713,254.9907,16,
2026-04-02 08:00:00,252.26,253.9,251.94,253.9,17528.598466,253.2488,674,
2026-04-02 08:01:00,253.01,254.38,252.91,254.38,36127.031457,253.3774,1576,
2026-04-02 08:02:00,253.86,253.9,253.83,253.9,938.008608,253.857,20,
2026-04-02 08:04:00,253.73,253.73,253.64,253.64,893.100077,253.7019,40,
2026-04-02 08:05:00,253.64,253.64,253.54,253.54,704.003938,253.5931,11,
2026-04-02 08:06:00,253.52,253.52,253.36,253.36,875.984447,253.726,19,
2026-04-02 08:07:00,253.5,253.73,253.5,253.54,1384.953383,253.7554,26,
2026-04-02 08:08:00,253.5,253.5,253.5,253.5,614.06342,253.549,17,
2026-04-02 08:09:00,253.67,253.67,253.67,253.67,152.0,253.6578,4,
2026-04-02 08:13:00,253.51,253.51,253.51,253.51,670.035449,253.5298,10,
2026-04-02 08:16:00,253.56,253.56,253.51,253.51,583.250561,253.6467,16,
2026-04-02 08:17:00,253.44,253.44,253.44,253.44,345.037652,253.4741,19,
2026-04-02 08:18:00,253.54,253.54,253.54,253.54,451.093719,253.5864,22,
2026-04-02 08:21:00,253.44,253.44,253.4,253.4,1063.0,253.4185,14,
2026-04-02 08:25:00,253.65,253.65,253.65,253.65,234.0,253.6593,10,
2026-04-02 08:26:00,253.501,253.501,253.5,253.5,211.0,253.501,3,
2026-04-02 08:28:00,253.52,253.52,253.52,253.52,309.147754,253.6419,11,
2026-04-02 08:31:00,253.76,253.85,253.65,253.8,1948.039969,253.7604,25,
2026-04-02 08:36:00,253.8,253.8,253.4818,253.4818,727.019188,253.7047,9,
2026-04-02 08:42:00,253.88,253.9,253.88,253.9,934.022822,253.8992,11,
2026-04-02 08:44:00,253.78,253.78,253.78,253.78,904.135426,253.9013,46,
2026-04-02 08:45:00,253.77,253.77,253.77,253.77,204.0,253.7701,3,
2026-04-02 08:47:00,253.86,253.86,253.86,253.86,185.0,253.8388,7,
2026-04-02 08:52:00,253.69,253.69,253.69,253.69,110.000984,253.6933,5,
2026-04-02 08:53:00,253.68,253.68,253.68,253.68,304.0,253.6877,14,
2026-04-02 08:56:00,253.62,253.62,253.62,253.62,618.104574,253.6689,7,
2026-04-02 08:59:00,253.62,253.62,253.62,253.62,173.000472,253.624,7,
2026-04-02 09:03:00,253.73,253.73,253.73,253.73,256.0,253.7257,14,
2026-04-02 09:05:00,253.62,253.62,253.62,253.62,633.05,253.6343,29,
2026-04-02 09:11:00,253.57,253.57,253.57,253.57,413.018658,253.5816,6,
2026-04-02 09:17:00,253.77,253.77,253.77,253.77,155.184281,254.0388,5,
2026-04-02 09:19:00,253.72,253.79,253.72,253.79,953.574038,253.9095,16,
2026-04-02 09:20:00,253.7,253.7,253.7,253.7,114.013668,253.729,4,
2026-04-02 09:21:00,253.8,253.8,253.8,253.8,504.0,253.8,8,
2026-04-02 09:22:00,253.81,253.81,253.81,253.81,515.910752,254.2567,36,
2026-04-02 09:24:00,253.67,253.81,253.67,253.81,760.301851,253.8725,8,
2026-04-02 09:25:00,253.95,253.95,253.95,253.95,438.0,253.9588,24,
2026-04-02 09:39:00,253.7,253.7,253.7,253.7,545.04343,253.7132,15,
2026-04-02 09:48:00,253.6,253.6,253.6,253.6,802.452349,253.7795,43,
2026-04-02 10:01:00,253.53,253.6,253.53,253.59,1374.39,253.6514,23,
2026-04-02 10:02:00,253.53,253.54,253.53,253.54,1017.0,253.5333,14,
2026-04-02 10:06:00,253.55,253.55,253.55,253.55,301.091834,253.6372,8,
2026-04-02 10:10:00,253.5,253.5,253.5,253.5,215.984323,254.6829,8,
2026-04-02 10:14:00,253.46,253.46,253.12,253.13,1566.745866,253.4208,75,
2026-04-02 10:16:00,253.19,253.19,253.1,253.1,677.09059,253.2042,20,
2026-04-02 10:17:00,253.17,253.17,253.17,253.17,629.004241,253.1905,18,
2026-04-02 10:21:00,253.12,253.12,253.12,253.12,127.0,253.1526,4,
2026-04-02 10:26:00,253.3,253.3,253.3,253.3,110.004253,253.3021,4,
2026-04-02 10:32:00,253.39,253.39,253.38,253.38,726.0,253.4141,37,
2026-04-02 10:33:00,253.55,253.55,253.55,253.55,587.0,253.5853,21,
2026-04-02 10:34:00,253.6,253.6,253.6,253.6,247.183098,253.8049,12,
2026-04-02 10:35:00,253.5115,253.5115,253.5115,253.5115,715.0,253.5916,33,
2026-04-02 10:38:00,253.65,253.69,253.65,253.69,335.0,253.6661,9,
2026-04-02 10:39:00,253.69,253.69,253.64,253.64,1052.448912,253.7646,26,
2026-04-02 10:42:00,253.69,253.92,253.69,253.89,5023.391439,253.864,161,
2026-04-02 10:44:00,254.03,254.03,254.03,254.03,562.0,253.9998,16,
2026-04-02 10:46:00,253.99,253.99,253.9,253.9,1027.017057,253.9579,14,
2026-04-02 10:47:00,253.91,253.91,253.91,253.91,628.078669,253.9545,38,
2026-04-02 10:48:00,253.9,253.91,253.9,253.91,1233.003935,253.9098,66,
2026-04-02 10:49:00,253.92,253.92,253.91,253.92,836.004528,253.9169,16,
2026-04-02 10:50:00,253.89,253.89,253.89,253.89,512.0,253.8833,13,
2026-04-02 10:55:00,253.75,253.75,253.75,253.75,338.0,253.7701,20,
2026-04-02 11:00:00,253.66,253.765,253.5429,253.76,2558.148927,253.7034,112,
2026-04-02 11:01:00,253.5611,253.5701,253.5611,253.5701,368.066338,253.6421,16,
2026-04-02 11:02:00,253.65,253.76,253.57,253.76,1940.0,253.6629,25,
2026-04-02 11:03:00,253.63,253.67,253.57,253.57,2861.0,253.5847,28,
2026-04-02 11:04:00,253.49,253.49,253.49,253.49,2039.205417,253.5283,49,
2026-04-02 11:05:00,253.42,253.7066,253.34,253.34,3050.0,253.4093,38,
2026-04-02 11:06:00,253.41,253.7999,253.34,253.7999,1116.0,253.4667,40,
2026-04-02 11:07:00,253.34,253.34,253.34,253.34,1185.009929,253.3649,35,
2026-04-02 11:08:00,253.4,253.6967,253.4,253.6967,495.0,253.4583,33,
2026-04-02 11:09:00,253.3646,253.3646,253.32,253.32,2014.176101,253.3591,46,
2026-04-02 11:10:00,253.34,253.34,253.34,253.34,1101.015745,253.3412,30,
2026-04-02 11:12:00,253.27,253.28,253.27,253.28,485.33022,253.4291,28,
2026-04-02 11:13:00,253.32,253.3548,253.32,253.32,1440.0,253.3408,29,
2026-04-02 11:15:00,253.28,253.28,252.98,253.2375,6853.306264,253.1131,179,
2026-04-02 11:16:00,253.1009,253.1009,252.71,252.98,4312.063627,252.9391,115,
2026-04-02 11:17:00,253.0,253.04,253.0,253.04,381.004217,252.9972,18,
2026-04-02 11:18:00,253.06,253.06,252.97,253.0,1416.107179,253.0292,27,
2026-04-02 11:19:00,253.0,253.01,252.88,252.88,2369.154445,252.9333,37,
2026-04-02 11:20:00,252.91,252.91,252.88,252.88,668.049745,252.9391,23,
2026-04-02 11:21:00,253.0,253.11,253.0,253.02,1964.815742,253.1492,47,
2026-04-02 11:22:00,253.0345,253.0345,252.902,252.91,1157.0,252.9803,21,
2026-04-02 11:23:00,253.0,253.0,252.88,252.88,846.030685,252.9734,27,
2026-04-02 11:24:00,252.91,252.91,252.91,252.91,394.0,252.9559,21,
2026-04-02 11:26:00,252.91,252.91,252.91,252.91,725.729987,253.2129,19,
2026-04-02 11:27:00,252.9573,253.0,252.9,253.0,2600.905732,253.046,41,
2026-04-02 11:28:00,252.93,252.93,252.89,252.89,3776.004196,252.9119,47,
2026-04-02 11:29:00,252.88,252.88,252.85,252.85,3139.273207,252.8905,70,
2026-04-02 11:30:00,253.15,253.15,253.0,253.1,1553.0,253.0611,23,
2026-04-02 11:31:00,252.98,253.1828,252.98,253.1828,1184.010837,253.0828,79,
2026-04-02 11:33:00,253.02,253.02,253.02,253.02,610.023697,253.0251,14,
2026-04-02 11:34:00,252.987,252.987,252.987,252.987,305.0,253.0308,18,
2026-04-02 11:36:00,253.0,253.1,253.0,253.1,566.339126,253.2249,45,
2026-04-02 11:37:00,253.0,253.0,252.9,252.9,4440.769,252.9722,54,
2026-04-02 11:38:00,252.9,252.9,252.9,252.9,400.483057,253.3252,69,
2026-04-02 11:40:00,252.72,252.72,252.72,252.72,559.541629,253.0264,30,
2026-04-02 11:41:00,252.7,252.71,252.565,252.565,2556.013472,252.6953,59,
2026-04-02 11:42:00,252.5331,252.57,252.5331,252.57,582.776185,252.9049,29,
2026-04-02 11:43:00,253.0,253.0,253.0,253.0,295.394243,253.1432,27,
2026-04-02 11:44:00,252.57,252.9995,252.57,252.92,5699.210468,252.8958,98,
2026-04-02 11:45:00,252.97,253.0,252.6,252.6,2786.876573,252.8641,41,
2026-04-02 11:47:00,252.73,252.81,252.73,252.73,993.447,252.8451,50,
2026-04-02 11:49:00,252.71,252.71,252.71,252.71,400.308839,252.9232,24,
2026-04-02 11:50:00,252.7,252.7,252.7,252.7,836.002,252.7701,26,
2026-04-02 11:52:00,252.85,253.0,252.85,252.98,2548.114,252.9329,90,
2026-04-02 11:53:00,253.0,253.0,252.89,252.9,2354.777728,253.019,42,
2026-04-02 11:54:00,252.85,253.16,252.85,253.1,1852.293,253.0465,43,
2026-04-02 11:55:00,252.86,253.04,252.85,253.0,1639.894994,253.0639,35,
2026-04-02 11:56:00,252.82,252.8254,252.81,252.8254,824.0,252.8245,17,
2026-04-02 11:57:00,252.8,252.8,252.71,252.71,896.012194,252.7527,27,
2026-04-02 11:58:00,252.99,252.99,252.6699,252.6699,2768.0,252.9464,14,
2026-04-02 11:59:00,252.65,252.8,252.65,252.8,1080.0,252.7394,26,
2026-04-02 12:00:00,252.65,252.65,252.65,252.65,1124.29325,252.8618,41,
2026-04-02 12:01:00,252.79,252.83,252.65,252.65,7057.976378,252.7899,120,
2026-04-02 12:02:00,252.6597,252.6597,252.6597,252.6597,485.008044,252.6805,31,
2026-04-02 12:03:00,252.78,252.8,252.78,252.8,1864.0,252.7735,38,
2026-04-02 12:04:00,252.76,252.77,252.6098,252.61,726.182624,252.7429,20,
2026-04-02 12:05:00,252.62,252.7,252.6,252.61,3240.23175,252.6533,66,
2026-04-02 12:06:00,252.78,252.78,252.78,252.78,378.0,252.7579,21,
2026-04-02 12:07:00,252.9,252.9,252.9,252.9,984.051429,253.0828,65,
2026-04-02 12:08:00,252.74,252.74,252.73,252.73,2540.811113,253.2418,124,
2026-04-02 12:09:00,252.68,252.68,252.61,252.65,2723.021345,252.6417,53,
2026-04-02 12:10:00,252.7384,252.75,252.69,252.69,985.0,252.6964,22,
2026-04-02 12:11:00,252.79,252.79,252.79,252.79,868.0,252.7585,29,
2026-04-02 12:12:00,252.75,252.75,252.75,252.75,609.005345,252.7294,33,
2026-04-02 12:13:00,252.8,252.8,252.8,252.8,1557.0,252.7905,35,
2026-04-02 12:14:00,252.79,252.79,252.79,252.79,434.090743,252.7906,22,
2026-04-02 12:15:00,252.68,252.8,252.68,252.8,777.0,252.7745,23,
2026-04-02 12:18:00,252.79,252.9,252.79,252.815,6056.059291,252.8279,120,
2026-04-02 12:21:00,252.94,252.95,252.94,252.95,881.37,253.0199,30,
2026-04-02 12:22:00,253.0,253.0,253.0,253.0,1219.324,253.0603,38,
2026-04-02 12:23:00,253.01,253.01,253.01,253.01,530.607,253.2825,27,
2026-04-02 12:24:00,253.05,253.16,253.05,253.16,1936.454008,253.136,56,
2026-04-02 12:25:00,253.11,253.14,253.11,253.14,1222.225801,253.1726,18,
2026-04-02 12:26:00,252.9084,252.9084,252.9,252.9,1117.533,253.3421,31,
2026-04-02 12:27:00,252.95,253.06,252.95,253.06,720.274802,253.0867,26,
2026-04-02 12:29:00,253.18,253.19,252.93,252.93,2156.0,253.1037,80,
2026-04-02 12:30:00,252.81,252.99,252.81,252.81,885.017978,252.9646,24,
2026-04-02 12:31:00,252.8855,253.19,252.8855,253.0301,1917.0,253.0029,24,
2026-04-02 12:32:00,253.09,253.09,253.09,253.09,633.22928,253.1816,29,
2026-04-02 12:33:00,253.19,253.19,253.11,253.11,2010.058555,253.1678,71,
2026-04-02 12:36:00,253.3,253.3,253.3,253.3,1065.0,253.2856,38,
2026-04-02 12:37:00,253.3,253.3,253.1,253.1,1400.09701,253.2278,39,
2026-04-02 12:38:00,253.1,253.5,253.1,253.499,7775.0,253.3284,135,
2026-04-02 12:40:00,253.1,253.25,253.1,253.25,1254.0,253.2328,22,
2026-04-02 12:41:00,253.1,253.1,253.1,253.1,1091.098699,253.141,19,
2026-04-02 12:42:00,253.2,253.3,253.1005,253.1005,2405.158461,253.2313,80,
2026-04-02 12:43:00,253.29,253.29,253.29,253.29,456.04284,253.3075,9,
2026-04-02 12:44:00,253.3,253.5,253.3,253.5,1181.028115,253.3462,43,
2026-04-02 12:45:00,253.25,253.25,253.25,253.25,640.50918,253.454,13,
2026-04-02 12:46:00,253.45,253.6,253.25,253.25,3583.059167,253.4397,92,
2026-04-02 12:47:00,253.2107,253.2107,253.2107,253.2107,330.015782,253.2256,8,
2026-04-02 12:48:00,253.49,253.6,253.49,253.6,1997.302304,253.6006,48,
2026-04-02 12:49:00,253.47,253.57,253.47,253.57,430.0,253.5119,22,
2026-04-02 12:50:00,253.64,253.74,253.54,253.54,3390.362902,253.6882,120,
2026-04-02 12:52:00,253.5,253.6,253.45,253.6,4006.0,253.5431,61,
2026-04-02 12:53:00,253.62,253.62,253.5,253.5,1797.0,253.5874,36,
2026-04-02 12:54:00,253.31,253.31,253.31,253.31,378.0,253.3551,19,
2026-04-02 12:55:00,253.4814,253.4814,253.4814,253.4814,186.0,253.4785,8,
2026-04-02 12:57:00,253.37,253.37,253.37,253.37,346.00134,253.3678,19,
2026-04-02 12:58:00,253.31,253.37,253.31,253.37,1560.002956,253.3468,28,
2026-04-02 12:59:00,253.3442,253.3442,253.32,253.32,1027.0,253.3348,33,
2026-04-02 13:00:00,253.4,253.5368,253.4,253.5368,835.793529,253.6533,29,
2026-04-02 13:02:00,253.4,253.4,253.31,253.31,1770.0,253.3466,52,
2026-04-02 13:03:00,253.25,253.46,253.21,253.46,1823.284798,253.3245,46,
2026-04-02 13:04:00,253.27,253.38,253.23,253.38,6628.01089,253.2657,59,
2026-04-02 13:05:00,253.43,253.49,253.41,253.49,1061.078461,253.4553,51,
2026-04-02 13:06:00,253.5,253.5,253.5,253.5,1105.104511,253.5021,45,
2026-04-02 13:07:00,253.5,253.5,253.45,253.45,1421.026746,253.4783,62,
2026-04-02 13:08:00,253.22,253.32,253.22,253.32,483.055294,253.417,29,
2026-04-02 13:09:00,253.46,253.46,253.4001,253.4001,10405.017037,253.402,18,
2026-04-02 13:10:00,253.3893,253.3893,253.36,253.36,806.0,253.3715,48,
2026-04-02 13:11:00,253.4,253.5289,253.4,253.5289,730.0055,253.4586,14,
2026-04-02 13:12:00,253.43,253.47,253.4,253.4,2432.024277,253.4301,48,
2026-04-02 13:14:00,253.39,253.45,253.39,253.44,2036.007923,253.4081,40,
2026-04-02 13:15:00,253.5,253.61,253.47,253.61,5215.229389,253.571,170,
2026-04-02 13:16:00,253.3348,253.45,253.3348,253.45,910.0,253.4713,33,
2026-04-02 13:17:00,253.44,253.4523,253.44,253.4523,818.056146,253.488,32,
2026-04-02 13:18:00,253.58,253.71,253.55,253.6,4685.754641,253.6542,101,
2026-04-02 13:20:00,253.37,253.37,253.34,253.37,1296.269791,253.4609,80,
2026-04-02 13:21:00,253.5,253.689,253.5,253.689,2338.0,253.5237,76,
2026-04-02 13:22:00,253.2684,253.51,253.2684,253.3197,782.0,253.48,28,
2026-04-02 13:23:00,253.31,253.31,253.31,253.31,1024.003942,253.4717,34,
2026-04-02 13:25:00,253.32,253.51,253.32,253.34,6553.173988,253.4251,122,
2026-04-02 13:26:00,253.62,253.66,253.52,253.52,1546.004665,253.5947,39,
2026-04-02 13:27:00,253.52,253.75,253.26,253.5457,11381.5,253.6304,116,
2026-04-02 13:28:00,253.76,254.25,253.62,254.25,7963.546708,253.9255,253,
2026-04-02 13:29:00,254.04,254.2,254.02,254.2,4069.01338,254.0907,107,
2026-04-02 13:30:00,254.2,254.8,252.81,253.146,783505.301141,253.968,11634,
2026-04-02 13:31:00,253.25,253.35,252.82,252.92,146999.197448,253.0733,2934,
2026-04-02 13:32:00,253.045,253.045,252.3,252.47,154781.945604,252.6087,2696,
2026-04-02 13:33:00,252.43,252.79,252.1,252.59,157212.229122,252.3915,3852,
2026-04-02 13:34:00,252.575,252.9,252.13,252.163,136845.083702,252.4863,2596,
2026-04-02 13:35:00,252.155,252.19,251.51,251.785,189170.805249,251.8368,3423,
2026-04-02 13:36:00,251.79,251.81,251.38,251.45,112684.279077,251.5825,2553,
2026-04-02 13:37:00,251.46,251.5,251.11,251.4422,126452.899255,251.343,2455,
2026-04-02 13:38:00,251.36,251.44,250.9,251.01,121670.297155,251.1033,2363,
2026-04-02 13:39:00,251.01,251.1,250.79,250.86,108998.445695,250.915,2159,
2026-04-02 13:40:00,250.88,251.085,250.67,250.82,167280.405761,250.8751,2707,
2026-04-02 13:41:00,250.81,251.5795,250.79,251.5795,171455.617021,251.1058,2986,
2026-04-02 13:42:00,251.555,251.5893,251.1006,251.19,142752.870821,251.3008,3686,
2026-04-02 13:43:00,251.19,251.27,250.65,250.73,139576.767396,250.9274,3507,
2026-04-02 13:44:00,250.77,250.96,250.67,250.84,65946.158554,250.8188,2482,
2026-04-02 13:45:00,250.84,251.18,250.69,251.08,108127.279408,250.9288,3324,
2026-04-02 13:46:00,251.065,251.41,250.975,251.29,99940.606671,251.1518,3035,
2026-04-02 13:47:00,251.32,251.47,251.2597,251.4082,83329.958779,251.3729,2669,
2026-04-02 13:48:00,251.375,251.75,251.24,251.75,93026.149498,251.4996,2602,
2026-04-02 13:49:00,251.745,251.8399,251.64,251.68,77882.685992,251.7188,2391,
2026-04-02 13:50:00,251.69,252.08,251.69,252.025,105894.197475,251.9097,2963,
2026-04-02 13:51:00,251.97,252.19,251.88,252.0,75731.988788,252.0619,2311,
2026-04-02 13:52:00,252.0,252.21,251.9402,251.98,79769.694243,252.0459,2547,
2026-04-02 13:53:00,251.97,252.35,251.94,252.17,84126.530116,252.1947,2592,
2026-04-02 13:54:00,252.16,252.54,252.11,252.245,91709.593851,252.3322,2861,
2026-04-02 13:55:00,252.21,252.35,252.15,252.33,75667.894829,252.2415,2554,
2026-04-02 13:56:00,252.33,252.44,252.17,252.195,69698.59948,252.2856,2252,
2026-04-02 13:57:00,252.2,252.42,252.05,252.4,59343.345575,252.1875,2392,
2026-04-02 13:58:00,252.36,252.6,252.3,252.54,64808.107826,252.493,2289,
2026-04-02 13:59:00,252.52,252.66,252.475,252.53,62270.593965,252.5646,2394,
2026-04-02 14:00:00,252.52,252.81,252.43,252.5,140016.093262,252.5707,4024,
2026-04-02 14:01:00,252.515,252.635,252.0,252.0,107812.930632,252.2273,3469,
2026-04-02 14:02:00,252.0,252.04,251.7701,251.8999,92525.175314,251.9194,2761,
2026-04-02 14:03:00,251.89,251.91,251.29,251.5,118294.906746,251.5427,3375,
2026-04-02 14:04:00,251.495,251.64,251.3601,251.42,66601.072648,251.5246,2187,
2026-04-02 14:05:00,251.42,251.64,251.19,251.575,69888.087349,251.3875,2528,
2026-04-02 14:06:00,251.56,251.93,251.48,251.93,65080.431541,251.6812,2421,
2026-04-02 14:07:00,251.92,251.947,251.59,251.61,88491.435541,251.8293,2777,
2026-04-02 14:08:00,251.6,251.79,251.43,251.75,73931.822564,251.6416,2589,
2026-04-02 14:09:00,251.74,251.79,251.64,251.675,44182.221485,251.7196,1983,
2026-04-02 14:10:00,251.675,251.88,251.61,251.85,59332.313684,251.6941,2002,
2026-04-02 14:11:00,251.86,252.21,251.86,252.08,74311.330087,252.035,2420,
2026-04-02 14:12:00,252.09,252.135,251.96,252.12,65976.439531,252.0467,2300,
2026-04-02 14:13:00,252.1,252.2,251.89,252.03,56453.992579,252.0181,2089,
2026-04-02 14:14:00,252.015,252.18,252.0,252.04,44762.240893,252.072,1927,
2026-04-02 14:15:00,252.07,252.25,252.03,252.23,43187.852218,252.1494,1788,
2026-04-02 14:16:00,252.21,252.54,252.1,252.15,82374.916701,252.2826,2539,
2026-04-02 14:17:00,252.15,252.29,252.12,252.2305,38967.615761,252.2046,1964,
2026-04-02 14:18:00,252.245,252.25,252.0401,252.16,35968.275009,252.1419,2828,
2026-04-02 14:19:00,252.1512,252.325,252.13,252.14,52523.533637,252.2352,2200,
2026-04-02 14:20:00,252.14,252.38,251.94,251.96,93590.838498,252.1535,3045,
2026-04-02 14:21:00,251.97,252.2983,251.97,252.24,60460.505967,252.1142,2128,
2026-04-02 14:22:00,252.23,252.23,251.85,251.915,74129.745465,251.9624,2279,
2026-04-02 14:23:00,251.87,252.04,251.87,252.02,39174.635582,251.9635,1925,
2026-04-02 14:24:00,252.03,252.12,251.895,252.02,55691.420348,252.0339,1974,
2026-04-02 14:25:00,251.99,252.165,251.99,252.13,58196.441292,252.0833,1899,
2026-04-02 14:26:00,252.12,252.29,252.07,252.07,49525.190101,252.2007,1907,
2026-04-02 14:27:00,252.08,252.31,252.02,252.13,54996.453899,252.161,1912,
2026-04-02 14:28:00,252.1,252.315,252.075,252.275,40869.574282,252.182,1807,
2026-04-02 14:29:00,252.27,252.27,252.03,252.125,48181.085494,252.1784,1876,
2026-04-02 14:30:00,252.11,252.26,251.99,252.26,38258.276678,252.0949,1893,
2026-04-02 14:31:00,252.26,252.5,252.22,252.225,43925.189486,252.3287,2082,
2026-04-02 14:32:00,252.21,252.76,252.18,252.705,70201.858953,252.5203,2656,
2026-04-02 14:33:00,252.69,252.94,252.65,252.86,83885.624954,252.7845,2456,
2026-04-02 14:34:00,252.85,252.92,252.6,252.655,76967.872607,252.7609,2287,
2026-04-02 14:35:00,252.65,253.42,252.65,253.35,99949.715595,253.033,3573,
2026-04-02 14:36:00,253.25,254.17,253.095,253.9156,201806.808587,253.7035,5516,
2026-04-02 14:37:00,253.88,254.58,253.74,254.02,173268.108346,254.1603,5323,
2026-04-02 14:38:00,254.07,254.16,253.43,253.49,163149.943318,253.5661,4423,
2026-04-02 14:39:00,253.45,254.17,253.365,254.03,95571.782733,253.7065,3096,
2026-04-02 14:40:00,254.02,254.095,253.785,253.835,80801.939697,253.9346,3049,
2026-04-02 14:41:00,253.81,254.03,253.3,253.39,67036.139921,253.6101,2380,
2026-04-02 14:42:00,253.41,253.85,253.41,253.74,72204.08176,253.741,2248,
2026-04-02 14:43:00,253.75,254.02,253.66,254.0,63837.650793,253.8279,2291,
2026-04-02 14:44:00,253.94,254.055,253.72,253.9701,51908.925361,253.8924,2093,
2026-04-02 14:45:00,253.98,254.07,253.85,253.99,34583.290952,253.9647,1966,
2026-04-02 14:46:00,253.95,254.04,253.8,253.9,76673.430044,253.9196,2699,
2026-04-02 14:47:00,253.91,254.15,253.79,254.085,54966.395303,253.9243,2025,
2026-04-02 14:48:00,254.07,254.105,253.89,254.04,59198.560897,253.9894,2185,
2026-04-02 14:49:00,254.04,254.34,254.01,254.1899,64128.665528,254.1896,2187,
2026-04-02 14:50:00,254.19,254.38,253.9701,254.18,80567.997221,254.183,2483,
2026-04-02 14:51:00,254.19,254.28,253.98,254.11,65376.008173,254.1117,2154,
2026-04-02 14:52:00,254.11,254.49,254.04,254.48,53291.727568,254.2663,2219,
2026-04-02 14:53:00,254.46,254.64,254.23,254.405,41807.52108,254.4119,2092,
2026-04-02 14:54:00,254.4,254.72,254.4,254.625,30841.35637,254.5766,1809,
2026-04-02 14:55:00,254.64,255.03,254.59,254.98,85698.78485,254.9083,2738,
2026-04-02 14:56:00,254.98,255.2,254.98,255.0346,53845.237988,255.103,2018,
2026-04-02 14:57:00,255.03,255.32,254.99,255.2012,88463.269014,255.1191,2325,
2026-04-02 14:58:00,255.18,255.25,255.095,255.22,36877.202965,255.1812,1717,
2026-04-02 14:59:00,255.235,255.3999,255.08,255.375,37344.273597,255.2329,1891,
2026-04-02 15:00:00,255.4,255.47,255.11,255.15,82932.176323,255.2806,2600,
2026-04-02 15:01:00,255.23,255.4,255.21,255.275,52033.309701,255.2983,2161,
2026-04-02 15:02:00,255.296,255.33,255.125,255.125,61998.872063,255.2335,2164,
2026-04-02 15:03:00,255.14,255.5,255.075,255.47,52235.321525,255.2812,1960,
2026-04-02 15:04:00,255.455,255.7,255.41,255.67,78641.808831,255.5911,2679,
2026-04-02 15:05:00,255.655,255.73,255.28,255.3,58558.133738,255.4597,2083,
2026-04-02 15:06:00,255.32,255.346,255.12,255.16,46890.007364,255.2133,2010,
2026-04-02 15:07:00,255.145,255.35,255.145,255.235,34963.238202,255.2814,1703,
2026-04-02 15:08:00,255.3,255.535,255.3,255.4755,35434.79624,255.4261,1765,
2026-04-02 15:09:00,255.465,255.49,255.3109,255.425,33733.008186,255.3937,1810,
2026-04-02 15:10:00,255.37,255.52,255.15,255.45,51063.66326,255.3162,2105,
2026-04-02 15:11:00,255.44,255.61,255.385,255.41,37000.070464,255.479,1896,
2026-04-02 15:12:00,255.4051,255.63,255.38,255.48,37308.301084,255.4944,1889,
2026-04-02 15:13:00,255.48,255.54,255.14,255.14,50288.291204,255.3106,1951,
2026-04-02 15:14:00,255.16,255.16,254.87,254.985,45796.304223,254.9597,1968,
2026-04-02 15:15:00,255.0,255.13,254.94,255.01,28758.859514,255.0213,1713,
2026-04-02 15:16:00,254.98,255.115,254.93,255.0583,103401.306114,255.0119,1985,
2026-04-02 15:17:00,255.06,255.0999,254.82,254.86,38655.979237,254.966,1794,
2026-04-02 15:18:00,254.8,254.94,254.73,254.94,32471.463501,254.8191,1712,
2026-04-02 15:19:00,254.935,255.0,254.91,254.925,21309.861397,254.9629,1647,
2026-04-02 15:20:00,254.92,254.92,254.555,254.63,70367.043775,254.6871,2383,
2026-04-02 15:21:00,254.7,254.84,254.47,254.62,60393.311456,254.6568,2155,
2026-04-02 15:22:00,254.59,254.737,254.41,254.5,32590.208961,254.5777,1810,
2026-04-02 15:23:00,254.52,254.59,254.4901,254.55,30230.110294,254.5387,1663,
2026-04-02 15:24:00,254.56,254.77,254.53,254.745,27809.808628,254.6468,1581,
2026-04-02 15:25:00,254.74,254.76,254.475,254.6251,36832.953954,254.6067,1670,
2026-04-02 15:26:00,254.63,254.95,254.59,254.93,43388.788817,254.7898,1914,
2026-04-02 15:27:00,254.9,255.15,254.88,255.1425,53096.151722,255.0027,1924,
2026-04-02 15:28:00,255.14,255.2399,255.09,255.18,26520.833344,255.1671,1598,
2026-04-02 15:29:00,255.205,255.21,255.05,255.12,22293.623609,255.115,1526,
2026-04-02 15:30:00,255.165,255.165,255.0,255.08,37712.333453,255.0525,1926,
2026-04-02 15:31:00,255.1,255.1,254.865,254.91,42427.488884,254.9902,1647,
2026-04-02 15:32:00,254.92,255.0286,254.82,254.89,32357.215905,254.923,1707,
2026-04-02 15:33:00,254.88,254.92,254.73,254.77,25892.951242,254.8465,1578,
2026-04-02 15:34:00,254.78,254.88,254.65,254.85,19378.957485,254.7565,1644,
2026-04-02 15:35:00,254.82,254.84,254.705,254.82,17622.378062,254.7908,1557,
2026-04-02 15:36:00,254.82,255.037,254.75,255.037,32561.630748,254.8704,1612,
2026-04-02 15:37:00,254.975,255.19,254.975,255.07,25034.807408,255.0994,1501,
2026-04-02 15:38:00,255.075,255.075,254.9,255.03,21594.750438,254.994,1499,
2026-04-02 15:39:00,255.15,255.15,254.92,255.0008,11915.755441,255.0358,598,
2026-04-02 15:40:00,255.015,255.12,254.92,254.96,23871.997586,255.0124,542,
2026-04-02 15:41:00,254.975,255.015,254.76,254.81,21789.820221,254.8903,607,
2026-04-02 15:42:00,254.84,254.85,254.61,254.65,23667.140858,254.7228,712,
2026-04-02 15:43:00,254.69,254.7299,254.63,254.71,28392.009913,254.6758,683,
2026-04-02 15:44:00,254.71,254.885,254.71,254.85,20848.115453,254.8234,572,
2026-04-02 15:45:00,254.84,254.84,254.57,254.6,29377.475136,254.6941,703,
2026-04-02 15:46:00,254.58,254.77,254.51,254.71,20835.743999,254.6286,590,
2026-04-02 15:47:00,254.69,254.78,254.66,254.76,20142.341934,254.7049,707,
2026-04-02 15:48:00,254.75,254.81,254.6,254.74,27205.138528,254.7196,655,
2026-04-02 15:49:00,254.745,254.77,254.65,254.67,13482.018086,254.7154,456,
2026-04-02 15:50:00,254.685,254.685,254.49,254.52,25712.581561,254.5868,696,
2026-04-02 15:51:00,254.54,254.58,254.395,254.47,20527.17325,254.4901,604,
2026-04-02 15:52:00,254.4729,254.705,254.44,254.69,23172.277443,254.5576,642,
2026-04-02 15:53:00,254.62,254.67,254.41,254.425,13110.879579,254.5613,492,
2026-04-02 15:54:00,254.4,254.81,254.3601,254.77,35497.736368,254.6682,867,
2026-04-02 15:55:00,254.77,254.83,254.66,254.83,24326.220405,254.7513,636,
2026-04-02 15:56:00,254.815,254.815,254.56,254.6,23635.996153,254.6743,607,
2026-04-02 15:57:00,254.57,254.63,254.46,254.4702,17040.658036,254.5349,598,
2026-04-02 15:58:00,254.535,254.57,254.5101,254.5699,14365.540781,254.5508,404,
2026-04-02 15:59:00,254.54,254.64,254.53,254.57,14262.5782,254.6006,513,
2026-04-02 16:00:00,254.57,254.6324,254.49,254.55,13468.394848,254.5714,528,
2026-04-02 16:01:00,254.57,254.75,254.53,254.72,60799.526748,254.6475,901,
2026-04-02 16:02:00,254.72,254.72,254.52,254.5801,24703.594264,254.6373,706,
2026-04-02 16:03:00,254.57,254.62,254.47,254.495,24727.831606,254.5625,541,
2026-04-02 16:04:00,254.51,254.52,254.29,254.37,31611.219687,254.3854,906,
2026-04-02 16:05:00,254.39,254.5399,254.39,254.51,17061.131625,254.4845,567,
2026-04-02 16:06:00,254.48,254.48,254.37,254.41,28265.74779,254.4342,820,
2026-04-02 16:07:00,254.37,254.4,254.246,254.35,23987.727847,254.3245,774,
2026-04-02 16:08:00,254.32,254.36,254.12,254.1551,50264.121992,254.2764,909,
2026-04-02 16:09:00,254.145,254.67,254.145,254.65,57367.587281,254.4394,1080,
2026-04-02 16:10:00,254.66,254.69,254.44,254.44,18524.234272,254.5514,738,
2026-04-02 16:11:00,254.39,254.44,254.36,254.425,13512.013188,254.4074,518,
2026-04-02 16:12:00,254.41,254.54,254.37,254.51,18686.264839,254.4862,566,
2026-04-02 16:13:00,254.5,254.57,254.4336,254.52,17223.297863,254.5262,620,
2026-04-02 16:14:00,254.49,254.52,254.45,254.48,10568.067543,254.4843,501,
2026-04-02 16:15:00,254.45,254.475,254.3681,254.38,18641.35892,254.4182,635,
2026-04-02 16:16:00,254.39,254.51,254.33,254.345,20974.832679,254.4518,759,
2026-04-02 16:17:00,254.35,254.4087,254.2402,254.305,26588.419754,254.3419,723,
2026-04-02 16:18:00,254.32,254.355,254.21,254.26,45571.669721,254.3232,618,
2026-04-02 16:19:00,254.31,254.31,254.0,254.03,36658.655991,254.1452,886,
2026-04-02 16:20:00,254.025,254.18,254.005,254.1299,37450.591689,254.1074,982,
2026-04-02 16:21:00,254.1201,254.235,254.1,254.19,32937.326951,254.1647,831,
2026-04-02 16:22:00,254.17,254.34,254.17,254.295,21200.74267,254.2574,598,
2026-04-02 16:23:00,254.3,254.39,254.254,254.32,21332.896053,254.327,627,
2026-04-02 16:24:00,254.33,254.33,254.252,254.26,19244.723616,254.3011,472,
2026-04-02 16:25:00,254.251,254.265,254.03,254.1,39890.162374,254.1726,741,
2026-04-02 16:26:00,254.09,254.355,254.0815,254.345,76605.377,254.2162,1189,
2026-04-02 16:27:00,254.35,254.41,254.2891,254.41,20287.258158,254.3455,590,
2026-04-02 16:28:00,254.42,254.55,254.2481,254.31,32852.153631,254.3831,935,
2026-04-02 16:29:00,254.28,254.285,254.11,254.11,14330.007933,254.1871,538,
2026-04-02 16:30:00,254.13,254.23,254.1,254.1,19484.596774,254.1493,634,
2026-04-02 16:31:00,254.07,254.39,254.07,254.32,17255.148039,254.2613,484,
2026-04-02 16:32:00,254.32,254.54,254.3138,254.5,27156.64194,254.4582,664,
2026-04-02 16:33:00,254.46,254.595,254.43,254.47,24800.202374,254.5216,607,
2026-04-02 16:34:00,254.5,254.5,254.42,254.45,18972.889879,254.4714,526,
2026-04-02 16:35:00,254.475,254.585,254.45,254.56,20378.205896,254.5077,498,
2026-04-02 16:36:00,254.56,254.6,254.35,254.48,52947.299199,254.4733,1306,
2026-04-02 16:37:00,254.48,254.605,254.455,254.54,15765.565166,254.5374,461,
2026-04-02 16:38:00,254.45,254.46,254.25,254.38,37333.852618,254.4128,624,
2026-04-02 16:39:00,254.3429,254.51,254.34,254.44,14091.355893,254.4173,375,
2026-04-02 16:40:00,254.465,255.0,254.465,254.75,114442.94945,254.7783,3337,
2026-04-02 16:41:00,254.71,254.71,254.57,254.64,22360.233192,254.6525,633,
2026-04-02 16:42:00,254.62,254.705,254.59,254.68,16839.748344,254.6544,493,
2026-04-02 16:43:00,254.67,254.755,254.65,254.735,16647.685788,254.7135,475,
2026-04-02 16:44:00,254.75,254.86,254.729,254.73,18428.676717,254.8,531,
2026-04-02 16:45:00,254.78,254.86,254.71,254.83,30412.360127,254.8022,682,
2026-04-02 16:46:00,254.86,254.89,254.73,254.77,17563.672015,254.8155,498,
2026-04-02 16:47:00,254.78,254.78,254.65,254.68,16850.748726,254.7156,547,
2026-04-02 16:48:00,254.675,254.72,254.58,254.58,26104.973874,254.67,733,
2026-04-02 16:49:00,254.58,254.64,254.53,254.61,18004.230165,254.5867,541,
2026-04-02 16:50:00,254.63,254.7099,254.5701,254.5701,15736.837577,254.6594,420,
2026-04-02 16:51:00,254.59,254.6,254.4,254.48,32643.277297,254.4815,708,
2026-04-02 16:52:00,254.51,254.58,254.51,254.56,14465.56272,254.5575,460,
2026-04-02 16:53:00,254.5651,254.62,254.52,254.58,23532.863367,254.5848,457,
2026-04-02 16:54:00,254.61,254.68,254.56,254.6,16321.542816,254.621,482,
2026-04-02 16:55:00,254.56,254.625,254.54,254.585,19333.832058,254.6034,494,
2026-04-02 16:56:00,254.585,254.599,254.52,254.55,15832.260394,254.5694,425,
2026-04-02 16:57:00,254.5349,254.635,254.52,254.52,15160.434465,254.5942,351,
2026-04-02 16:58:00,254.5,254.63,254.4515,254.565,17321.959394,254.5436,563,
2026-04-02 16:59:00,254.619,254.64,254.42,254.42,21576.794249,254.508,542,
2026-04-02 17:00:00,254.42,254.49,254.19,254.19,37380.550824,254.38,895,
2026-04-02 17:01:00,254.22,254.3,254.17,254.19,17869.731625,254.2418,532,
2026-04-02 17:02:00,254.21,254.2799,254.1975,254.2799,14748.989254,254.2683,465,
2026-04-02 17:03:00,254.3,254.58,254.29,254.54,23910.394434,254.4423,631,
2026-04-02 17:04:00,254.51,254.69,254.51,254.66,12751.335415,254.5977,418,
2026-04-02 17:05:00,254.635,254.675,254.58,254.64,18449.715354,254.6284,506,
2026-04-02 17:06:00,254.675,254.675,254.4701,254.58,23129.10103,254.5711,570,
2026-04-02 17:07:00,254.6,254.68,254.53,254.62,22572.354901,254.6284,563,
2026-04-02 17:08:00,254.61,254.61,254.45,254.45,14526.757907,254.5498,385,
2026-04-02 17:09:00,254.52,254.625,254.495,254.625,15396.894353,254.5734,365,
2026-04-02 17:10:00,254.655,254.75,254.655,254.695,21948.97479,254.717,497,
2026-04-02 17:11:00,254.71,254.77,254.69,254.75,18815.849047,254.741,444,
2026-04-02 17:12:00,254.75,254.84,254.75,254.8375,15043.493029,254.8043,418,
2026-04-02 17:13:00,254.85,255.065,254.77,255.04,38680.733635,254.9439,881,
2026-04-02 17:14:00,255.05,255.19,255.01,255.03,21891.36693,255.0982,594,
2026-04-02 17:15:00,255.03,255.195,255.03,255.15,28906.442053,255.1195,706,
2026-04-02 17:16:00,255.18,255.4,255.17,255.3083,33281.422578,255.2975,786,
2026-04-02 17:17:00,255.28,255.28,255.14,255.223,18253.815924,255.2439,503,
2026-04-02 17:18:00,255.22,255.265,255.165,255.19,16124.384581,255.2263,400,
2026-04-02 17:19:00,255.19,255.28,255.18,255.22,19040.905213,255.2468,422,
2026-04-02 17:20:00,255.22,255.28,255.169,255.23,19818.778837,255.2231,521,
2026-04-02 17:21:00,255.205,255.29,255.17,255.29,12137.416049,255.2317,387,
2026-04-02 17:22:00,255.285,255.32,255.1901,255.32,19904.754015,255.2689,459,
2026-04-02 17:23:00,255.31,255.42,255.305,255.395,46804.113032,255.3781,871,
2026-04-02 17:24:00,255.4,255.455,255.33,255.406,67047.379414,255.3975,879,
2026-04-02 17:25:00,255.385,255.4853,255.35,255.385,28274.693283,255.4283,634,
2026-04-02 17:26:00,255.395,255.4,255.32,255.4,14245.387322,255.3732,452,
2026-04-02 17:27:00,255.39,255.39,255.28,255.34,12894.030406,255.3449,392,
2026-04-02 17:28:00,255.35,255.39,255.32,255.375,14667.01709,255.3577,437,
2026-04-02 17:29:00,255.375,255.3987,255.3,255.335,15547.336691,255.3483,429,
2026-04-02 17:30:00,255.335,255.38,255.29,255.36,18239.070218,255.3455,608,
2026-04-02 17:31:00,255.365,255.39,255.25,255.27,21757.02958,255.3428,710,
2026-04-02 17:32:00,255.263,255.29,255.23,255.27,19886.23582,255.2638,508,
2026-04-02 17:33:00,255.265,255.3199,255.135,255.18,25865.955305,255.221,636,
2026-04-02 17:34:00,255.185,255.27,255.16,255.16,16854.249864,255.2422,479,
2026-04-02 17:35:00,255.165,255.175,254.94,254.985,26006.738492,255.031,739,
2026-04-02 17:36:00,255.02,255.035,254.94,254.94,18189.008298,254.9719,481,
2026-04-02 17:37:00,254.935,254.985,254.92,254.96,14579.158006,254.9551,471,
2026-04-02 17:38:00,254.97,255.08,254.97,255.06,13629.260877,255.0252,449,
2026-04-02 17:39:00,255.06,255.17,255.05,255.0807,20749.39656,255.0992,580,
2026-04-02 17:40:00,255.095,255.125,255.05,255.0794,35489.646195,255.0858,634,
2026-04-02 17:41:00,255.07,255.11,255.01,255.02,68339.774752,255.057,732,
2026-04-02 17:42:00,255.015,255.06,254.96,255.034,25525.430592,255.0084,494,
2026-04-02 17:43:00,255.02,255.065,254.92,254.94,26161.651247,254.9935,639,
2026-04-02 17:44:00,254.94,255.03,254.895,254.99,19764.173226,254.9455,542,
2026-04-02 17:45:00,255.0,255.0,254.9,254.905,21949.328153,254.9595,535,
2026-04-02 17:46:00,254.9,254.92,254.72,254.8,28665.364187,254.7979,694,
2026-04-02 17:47:00,254.8,254.82,254.56,254.61,32111.829258,254.7188,791,
2026-04-02 17:48:00,254.635,254.6458,254.51,254.53,28223.108517,254.5783,631,
2026-04-02 17:49:00,254.55,254.565,254.41,254.456,34069.785198,254.4709,576,
2026-04-02 17:50:00,254.445,254.595,254.445,254.53,35315.007956,254.5262,715,
2026-04-02 17:51:00,254.53,254.54,254.38,254.38,41168.901686,254.4465,1940,
2026-04-02 17:52:00,254.38,254.445,254.31,254.36,21695.076624,254.3786,568,
2026-04-02 17:53:00,254.345,254.57,254.34,254.5,33278.391294,254.471,717,
2026-04-02 17:54:00,254.505,254.5499,254.43,254.54,60519.829202,254.4784,776,
2026-04-02 17:55:00,254.55,254.64,254.42,254.515,29245.972049,254.5425,687,
2026-04-02 17:56:00,254.51,254.545,254.44,254.51,20192.897382,254.5121,463,
2026-04-02 17:57:00,254.505,254.56,254.465,254.48,20585.510832,254.5143,449,
2026-04-02 17:58:00,254.49,254.52,254.45,254.51,21354.217087,254.4829,485,
2026-04-02 17:59:00,254.51,254.64,254.49,254.61,24197.545989,254.5786,584,
2026-04-02 18:00:00,254.58,254.83,254.58,254.78,42112.654341,254.7492,865,
2026-04-02 18:01:00,254.78,254.98,254.775,254.98,46391.193036,254.8674,916,
2026-04-02 18:02:00,254.97,255.0,254.9,254.93,23926.654034,254.9464,527,
2026-04-02 18:03:00,254.93,255.0,254.81,254.91,37577.12205,254.9238,602,
2026-04-02 18:04:00,254.91,254.98,254.83,254.98,23245.113637,254.8801,513,
2026-04-02 18:05:00,254.965,255.1899,254.95,255.15,68977.756456,255.061,1051,
2026-04-02 18:06:00,255.14,255.17,255.01,255.14,26627.888059,255.1041,575,
2026-04-02 18:07:00,255.14,255.14,255.02,255.03,22881.18676,255.0834,518,
2026-04-02 18:08:00,255.04,255.13,255.03,255.11,16255.698132,255.0907,387,
2026-04-02 18:09:00,255.115,255.23,255.09,255.1,34729.803344,255.1392,534,
2026-04-02 18:10:00,255.04,255.18,254.99,255.13,53353.373437,255.0612,829,
2026-04-02 18:11:00,255.11,255.199,255.11,255.165,24839.462864,255.1519,576,
2026-04-02 18:12:00,255.16,255.16,255.08,255.15,20787.879674,255.1262,475,
2026-04-02 18:13:00,255.17,255.195,255.13,255.17,30229.625965,255.1615,642,
2026-04-02 18:14:00,255.16,255.19,255.1101,255.13,23063.866783,255.1578,463,
2026-04-02 18:15:00,255.15,255.15,254.975,255.02,31368.577645,255.0681,586,
2026-04-02 18:16:00,255.01,255.11,254.9501,255.11,31848.880388,255.0162,532,
2026-04-02 18:17:00,255.09,255.215,255.07,255.15,33181.06214,255.1267,598,
2026-04-02 18:18:00,255.155,255.18,255.1,255.1,23226.746081,255.1374,533,
2026-04-02 18:19:00,255.11,255.1299,255.01,255.03,21317.210787,255.0586,562,
2026-04-02 18:20:00,255.07,255.09,254.98,255.03,18348.328348,255.0404,510,
2026-04-02 18:21:00,255.03,255.12,255.0,255.12,18414.06195,255.0758,445,
2026-04-02 18:22:00,255.1299,255.17,255.07,255.13,25237.562199,255.1325,569,
2026-04-02 18:23:00,255.16,255.16,255.05,255.1,32680.387488,255.0859,716,
2026-04-02 18:24:00,255.1,255.16,255.05,255.11,35916.552765,255.098,712,
2026-04-02 18:25:00,255.12,255.1385,255.06,255.13,31398.770288,255.0954,669,
2026-04-02 18:26:00,255.13,255.2,255.06,255.14,46264.240418,255.1349,845,
2026-04-02 18:27:00,255.15,255.205,255.15,255.18,22353.311175,255.1775,558,
2026-04-02 18:28:00,255.2,255.295,255.16,255.24,33691.456712,255.2334,814,
2026-04-02 18:29:00,255.24,255.25,255.13,255.145,34886.457255,255.2032,763,
2026-04-02 18:30:00,255.16,255.2,255.08,255.16,39614.041403,255.1298,861,
2026-04-02 18:31:00,255.14,255.19,254.95,254.99,83961.508635,255.0444,1476,
2026-04-02 18:32:00,255.0,255.0,254.91,254.975,40639.067779,254.9561,812,
2026-04-02 18:33:00,254.9709,255.0399,254.95,255.03,30176.515677,255.0082,753,
2026-04-02 18:34:00,255.04,255.14,254.99,255.01,30018.373518,255.0678,1008,
2026-04-02 18:35:00,255.005,255.12,254.99,255.1,16531.872639,255.042,578,
2026-04-02 18:36:00,255.1,255.1,254.85,254.945,55468.114518,254.9168,823,
2026-04-02 18:37:00,254.94,255.0,254.89,254.96,17628.649253,254.9674,472,
2026-04-02 18:38:00,254.935,254.935,254.845,254.845,28252.628761,254.9053,559,
2026-04-02 18:39:00,254.87,255.0,254.8001,254.985,837843.352816,254.9502,796,
2026-04-02 18:40:00,254.9703,255.2,254.97,255.19,24596.590825,255.0917,554,
2026-04-02 18:41:00,255.2,255.3,255.14,255.23,174315.646624,255.1714,708,
2026-04-02 18:42:00,255.22,255.22,254.99,255.005,29339.742875,255.1291,638,
2026-04-02 18:43:00,254.98,254.99,254.88,254.955,33193.609893,254.9373,841,
2026-04-02 18:44:00,254.96,255.12,254.96,255.12,30018.068565,255.0552,636,
2026-04-02 18:45:00,255.09,255.22,255.01,255.19,63473.885004,255.0804,806,
2026-04-02 18:46:00,255.175,255.2,255.12,255.1401,31950.10478,255.1514,647,
2026-04-02 18:47:00,255.15,255.17,254.96,254.96,30142.449574,255.0505,572,
2026-04-02 18:48:00,254.96,255.0886,254.905,254.9901,41266.089729,255.0099,618,
2026-04-02 18:49:00,255.005,255.265,254.99,255.2301,36846.686151,255.1663,720,
2026-04-02 18:50:00,255.26,255.26,255.1,255.19,28205.939046,255.1753,627,
2026-04-02 18:51:00,255.19,255.31,255.19,255.29,148510.480746,255.2153,916,
2026-04-02 18:52:00,255.27,255.29,255.16,255.2599,25722.476566,255.232,670,
2026-04-02 18:53:00,255.27,255.4,255.22,255.4,97175.345818,255.3352,763,
2026-04-02 18:54:00,255.405,255.44,255.36,255.435,33908.326141,255.4032,708,
2026-04-02 18:55:00,255.44,255.455,255.37,255.38,40593.608458,255.421,766,
2026-04-02 18:56:00,255.39,255.45,255.35,255.355,18423.563195,255.3919,484,
2026-04-02 18:57:00,255.36,255.42,255.35,255.385,21078.961933,255.4032,538,
2026-04-02 18:58:00,255.375,255.3799,255.33,255.36,21890.285811,255.3536,472,
2026-04-02 18:59:00,255.35,255.35,255.26,255.28,26874.828776,255.3132,600,
2026-04-02 19:00:00,255.29,255.39,255.26,255.39,39293.431999,255.3318,770,
2026-04-02 19:01:00,255.39,255.57,255.37,255.55,49228.457244,255.5002,975,
2026-04-02 19:02:00,255.55,255.595,255.51,255.5299,95259.959085,255.5242,742,
2026-04-02 19:03:00,255.525,255.525,255.35,255.36,29084.596411,255.4516,676,
2026-04-02 19:04:00,255.355,255.3699,255.23,255.29,37172.02406,255.2855,724,
2026-04-02 19:05:00,255.29,255.54,255.29,255.48,35395.207725,255.4192,700,
2026-04-02 19:06:00,255.47,255.57,255.47,255.55,37483.77665,255.5206,789,
2026-04-02 19:07:00,255.54,255.59,255.5101,255.54,49481.934169,255.5629,728,
2026-04-02 19:08:00,255.545,255.7,255.51,255.58,60969.817785,255.5998,1178,
2026-04-02 19:09:00,255.59,255.66,255.57,255.615,35792.839834,255.6209,759,
2026-04-02 19:10:00,255.645,255.66,255.52,255.5802,62766.796799,255.6084,1038,
2026-04-02 19:11:00,255.585,255.6,255.48,255.525,36066.48339,255.5412,709,
2026-04-02 19:12:00,255.51,255.53,255.385,255.46,54869.808527,255.4709,1005,
2026-04-02 19:13:00,255.45,255.5,255.3601,255.41,37960.504402,255.438,624,
2026-04-02 19:14:00,255.44,255.54,255.34,255.5159,35533.739234,255.4494,734,
2026-04-02 19:15:00,255.53,255.59,255.365,255.37,57857.655193,255.5037,885,
2026-04-02 19:16:00,255.3701,255.415,255.32,255.35,28947.043796,255.3694,665,
2026-04-02 19:17:00,255.3401,255.354,255.24,255.27,31445.590003,255.2994,707,
2026-04-02 19:18:00,255.255,255.35,255.23,255.3,32364.246225,255.3152,694,
2026-04-02 19:19:00,255.285,255.4,255.28,255.34,20195.52522,255.3508,579,
2026-04-02 19:20:00,255.34,255.37,255.3,255.3,21003.136812,255.3422,496,
2026-04-02 19:21:00,255.3,255.31,255.21,255.235,46985.350589,255.2664,975,
2026-04-02 19:22:00,255.24,255.25,255.08,255.2399,49153.94522,255.1843,988,
2026-04-02 19:23:00,255.24,255.39,255.15,255.35,26796.140121,255.2651,661,
2026-04-02 19:24:00,255.36,255.36,255.22,255.25,22130.911413,255.2991,538,
2026-04-02 19:25:00,255.2457,255.27,255.15,255.16,22289.065382,255.2187,575,
2026-04-02 19:26:00,255.14,255.17,255.07,255.08,32338.017857,255.1205,715,
2026-04-02 19:27:00,255.08,255.1495,255.055,255.09,21111.048933,255.1206,569,
2026-04-02 19:28:00,255.07,255.12,255.01,255.03,34850.274207,255.0708,765,
2026-04-02 19:29:00,255.03,255.15,255.03,255.11,27969.644156,255.0991,814,
2026-04-02 19:30:00,255.11,255.11,255.0,255.02,33620.741776,255.0725,865,
2026-04-02 19:31:00,255.03,255.04,254.95,255.035,21744.617071,255.0149,690,
2026-04-02 19:32:00,255.02,255.055,254.89,254.9,42136.679992,254.9768,741,
2026-04-02 19:33:00,254.915,254.92,254.82,254.82,37773.470082,254.887,770,
2026-04-02 19:34:00,254.83,254.94,254.825,254.9301,22953.093101,254.9026,620,
2026-04-02 19:35:00,254.94,255.09,254.89,254.915,49028.192734,254.9817,1046,
2026-04-02 19:36:00,254.91,254.94,254.84,254.9,30005.536362,254.8972,696,
2026-04-02 19:37:00,254.88,254.91,254.86,254.9,27553.023446,254.8882,626,
2026-04-02 19:38:00,254.91,254.97,254.89,254.94,42416.791559,254.9418,637,
2026-04-02 19:39:00,254.93,255.12,254.92,255.115,67762.364396,255.0306,923,
2026-04-02 19:40:00,255.129,255.4,255.129,255.38,69305.649792,255.2621,1252,
2026-04-02 19:41:00,255.37,255.39,255.22,255.3199,46117.448926,255.3099,934,
2026-04-02 19:42:00,255.31,255.34,255.24,255.265,33646.48513,255.275,819,
2026-04-02 19:43:00,255.26,255.26,255.1,255.11,33824.619827,255.1833,846,
2026-04-02 19:44:00,255.1,255.1,254.9801,254.99,36285.738222,255.0474,883,
2026-04-02 19:45:00,254.98,255.11,254.95,255.0399,51079.327186,255.0454,1014,
2026-04-02 19:46:00,255.025,255.055,254.81,254.81,50247.480961,254.9164,945,
2026-04-02 19:47:00,254.82,255.02,254.8,254.995,118144.676421,255.1608,848,
2026-04-02 19:48:00,254.995,255.09,254.93,255.0625,28652.89116,255.0214,683,
2026-04-02 19:49:00,255.06,255.15,255.05,255.11,36459.006028,255.1097,739,
2026-04-02 19:50:00,255.11,255.91,255.11,255.51,303846.654217,255.5173,4608,
2026-04-02 19:51:00,255.5,255.54,255.35,255.49,104410.741482,255.4525,1710,
2026-04-02 19:52:00,255.51,255.51,255.39,255.45,103773.639514,255.4529,1759,
2026-04-02 19:53:00,255.48,255.79,255.47,255.675,186271.445547,255.6208,3220,
2026-04-02 19:54:00,255.65,255.91,255.56,255.57,244011.33617,255.708,3758,
2026-04-02 19:55:00,255.58,256.13,255.56,256.0307,222506.476259,255.9359,3916,
2026-04-02 19:56:00,256.03,256.11,255.89,255.95,177425.882528,256.0124,3012,
2026-04-02 19:57:00,255.96,256.0,255.805,255.98,175396.66902,255.8996,3080,
2026-04-02 19:58:00,255.98,256.02,255.9,255.91,222031.94709,255.9675,3643,
2026-04-02 19:59:00,255.92,256.07,255.86,255.89,681256.30967,255.9738,8511,
2026-04-02 20:00:00,255.92,255.92,255.75,255.75,1713742.19766,255.9199,137,
2026-04-02 20:01:00,255.83,255.86,255.7554,255.86,1737.488398,255.9184,40,
2026-04-02 20:02:00,255.86,255.86,255.86,255.86,3244.0,255.8663,95,
2026-04-02 20:03:00,255.9,255.92,255.89,255.92,1919.0,255.8811,43,
2026-04-02 20:05:00,255.9338,255.9338,255.9338,255.9338,23476.0,255.9198,12,
2026-04-02 20:06:00,255.87,255.94,255.87,255.94,1143.191321,255.9314,39,
2026-04-02 20:07:00,255.87,255.88,255.84,255.84,1098.0,255.8486,28,
2026-04-02 20:08:00,255.75,255.8801,255.75,255.8801,11415.0,255.8954,23,
2026-04-02 20:09:00,255.71,255.75,255.71,255.75,1278.026497,255.7285,19,
2026-04-02 20:10:00,255.7,255.7,255.7,255.7,198.715798,256.6332,16,
2026-04-02 20:12:00,255.8,255.8,255.68,255.68,1219.0,255.7575,19,
2026-04-02 20:16:00,255.92,255.92,255.92,255.92,650082.0,255.92,7,
2026-04-02 20:17:00,255.665,255.665,255.665,255.665,355.0,255.7085,8,
2026-04-02 20:18:00,255.7805,255.8,255.7805,255.8,462.0,255.7785,8,
2026-04-02 20:19:00,255.79,255.79,255.79,255.79,235.0,255.7848,9,
2026-04-02 20:20:00,255.78,255.7805,255.66,255.7805,858.050067,255.7505,70,
2026-04-02 20:23:00,255.75,255.75,255.7,255.7,654.155215,255.7963,24,
2026-04-02 20:24:00,255.7,255.7,255.55,255.6435,5562.104933,255.6427,57,
2026-04-02 20:25:00,255.6,255.6,255.42,255.53,9064.084634,255.4867,220,
2026-04-02 20:26:00,255.5,255.55,255.45,255.45,1363.011745,255.5121,32,
2026-04-02 20:27:00,255.45,255.45,255.4499,255.45,1268.022868,255.4544,26,
2026-04-02 20:28:00,255.45,255.45,255.45,255.45,4849.004345,255.4502,23,
2026-04-02 20:29:00,255.45,255.55,255.45,255.55,9511.0,255.4738,92,
2026-04-02 20:30:00,255.49,255.53,255.42,255.42,1992.0,255.4955,28,
2026-04-02 20:33:00,255.45,255.92,255.45,255.92,9165.109588,255.8705,22,
2026-04-02 20:34:00,255.33,255.33,255.33,255.33,459.082011,255.3987,10,
2026-04-02 20:36:00,255.4,255.4,255.4,255.4,422.00402,255.0922,16,
2026-04-02 20:37:00,255.39,255.41,255.39,255.41,1638.000039,255.4055,10,
2026-04-02 20:38:00,255.37,255.37,255.37,255.37,346.104028,255.4336,10,
2026-04-02 20:39:00,255.37,255.37,255.37,255.37,218.0,255.3693,6,
2026-04-02 20:40:00,255.35,255.35,255.35,255.35,115.019685,255.3939,6,
2026-04-02 20:41:00,255.39,255.41,255.38,255.41,1638.021865,255.3989,27,
2026-04-02 20:43:00,255.39,255.39,255.39,255.39,125.019576,255.4231,9,
2026-04-02 20:44:00,255.4,255.4,255.4,255.4,1635.0,255.3846,18,
2026-04-02 20:46:00,255.2653,255.351,255.2653,255.351,411.020177,255.3339,19,
2026-04-02 20:47:00,255.34,255.35,255.3296,255.35,1451.004056,255.3413,17,
2026-04-02 20:49:00,255.4,255.4,255.25,255.25,1934.0,255.3424,37,
2026-04-02 20:51:00,255.38,255.38,255.38,255.38,256.004346,255.3806,10,
2026-04-02 20:53:00,255.39,255.39,255.39,255.39,1004.19578,255.4307,18,
2026-04-02 20:54:00,255.3816,255.44,255.34,255.44,1743.0,255.3989,18,
2026-04-02 20:55:00,255.44,255.45,255.44,255.45,453.015656,255.4435,14,
2026-04-02 21:01:00,255.4899,255.4899,255.44,255.44,260.0,255.4607,15,
2026-04-02 21:03:00,255.44,255.44,255.44,255.44,196.0,255.441,5,
2026-04-02 21:06:00,255.4,255.4,255.4,255.4,548.044135,255.4235,15,
2026-04-02 21:07:00,255.3655,255.3655,255.3655,255.3655,550.0,255.3667,6,
2026-04-02 21:13:00,255.43,255.43,255.43,255.43,1679.0,255.4293,21,
2026-04-02 21:16:00,255.43,255.4304,255.43,255.4304,814.0,255.4301,8,
2026-04-02 21:27:00,255.4222,255.4222,255.4222,255.4222,139.0,255.4231,9,
2026-04-02 21:28:00,255.38,255.3876,255.38,255.3876,897.021298,255.3889,8,
2026-04-02 21:32:00,255.37,255.44,255.37,255.44,658.0,255.4125,17,
2026-04-02 21:34:00,255.34,255.44,255.34,255.41,1306.017576,255.4065,28,
2026-04-02 21:35:00,255.3448,255.3448,255.3448,255.3448,118.0,255.3561,5,
2026-04-02 21:36:00,255.38,255.38,255.38,255.38,133.0,255.3806,5,
2026-04-02 21:37:00,255.4,255.4,255.4,255.4,164.0,255.4015,7,
2026-04-02 21:50:00,255.4009,255.4009,255.4009,255.4009,131.0,255.4069,13,
2026-04-02 21:57:00,255.35,255.35,255.35,255.35,569.14449,255.4208,10,
2026-04-02 22:00:00,255.34,255.34,255.34,255.34,807.066251,255.3628,26,
2026-04-02 22:02:00,255.28,255.28,255.28,255.28,679.0,255.291,6,
2026-04-02 22:05:00,255.36,255.4,255.36,255.4,712.025,255.3842,13,
2026-04-02 22:06:00,255.4014,255.4014,255.4014,255.4014,254.0,255.4175,11,
2026-04-02 22:08:00,255.43,255.43,255.43,255.43,2843.0,255.4298,4,
2026-04-02 22:20:00,255.3,255.3,255.16,255.16,1047.0,255.2503,26,
2026-04-02 22:22:00,255.43,255.43,255.43,255.43,146.0,255.3973,4,
2026-04-02 22:26:00,255.3999,255.3999,255.3999,255.3999,1536.0,255.3961,5,
2026-04-02 22:30:00,255.25,255.25,255.25,255.25,522.0,255.2466,3,
2026-04-02 22:34:00,255.29,255.39,255.29,255.39,667.161155,255.4091,13,
2026-04-02 22:40:00,255.24,255.24,255.17,255.17,987.079951,255.2231,42,
2026-04-02 22:45:00,255.32,255.32,255.32,255.32,105.0,255.3189,4,
2026-04-02 22:46:00,255.3,255.3,255.3,255.3,140.0,255.3046,10,
2026-04-02 22:50:00,255.3,255.3,255.3,255.3,243.578507,255.9242,6,
2026-04-02 22:58:00,255.38,255.38,255.38,255.38,259.0,255.3739,5,
2026-04-02 23:01:00,255.24,255.24,255.24,255.24,874.0,255.3085,71,
2026-04-02 23:02:00,255.2721,255.2721,255.2721,255.2721,2130.0,255.2747,12,
2026-04-02 23:04:00,255.3101,255.3101,255.28,255.28,506.174127,255.3793,12,
2026-04-02 23:05:00,255.2822,255.29,255.2822,255.29,615.0,255.2867,6,
2026-04-02 23:06:00,255.26,255.26,255.26,255.26,345.010845,255.2774,12,
2026-04-02 23:08:00,255.27,255.27,255.24,255.24,975.218851,255.3157,6,
2026-04-02 23:09:00,255.2648,255.2648,255.2648,255.2648,551.0,255.2651,6,
2026-04-02 23:13:00,255.27,255.27,255.27,255.27,474.019584,255.2855,9,
2026-04-02 23:14:00,255.24,255.24,255.24,255.24,574.0,255.2399,6,
2026-04-02 23:15:00,255.25,255.25,255.25,255.25,502.067463,255.2843,5,
2026-04-02 23:24:00,255.3,255.3,255.3,255.3,324.00783,255.2897,14,
2026-04-02 23:28:00,255.3,255.31,255.3,255.31,1102.0,255.3088,6,
2026-04-02 23:29:00,255.31,255.31,255.31,255.31,361.0,255.31,3,
2026-04-02 23:32:00,255.3805,255.3805,255.3805,255.3805,200.088098,255.4929,4,
2026-04-02 23:41:00,255.4,255.44,255.4,255.44,701.332838,255.5228,32,
2026-04-02 23:44:00,255.43,255.43,255.43,255.43,2527.263791,255.4558,5,
2026-04-02 23:47:00,255.37,255.37,255.37,255.37,156.11,255.5517,11,
2026-04-02 23:53:00,255.44,255.44,255.44,255.44,356.0,255.4379,6,
2026-04-02 23:55:00,255.45,255.45,255.4399,255.4487,1533.0,255.4436,11,
2026-04-06 08:00:00,255.92,256.1,255.8,256.0,7656.230076,255.897,1208,
2026-04-06 08:01:00,255.95,256.44,255.45,256.39,14294.187428,255.8464,1035,
2026-04-06 08:08:00,256.02,256.02,256.02,256.02,556.913492,256.0528,24,
2026-04-06 08:14:00,256.2,256.2,256.2,256.2,173.011665,256.1615,8,
2026-04-06 08:15:00,256.19,256.29,256.19,256.28,1165.605639,256.248,27,
2026-04-06 08:19:00,256.15,256.15,256.15,256.15,381.007803,256.0547,25,
2026-04-06 08:23:00,256.26,256.26,256.26,256.26,512.0,256.2574,13,
2026-04-06 08:24:00,256.2992,256.2992,256.2992,256.2992,226.000039,256.2565,15,
2026-04-06 08:25:00,256.3,256.37,256.3,256.37,1110.466915,256.3291,32,
2026-04-06 08:28:00,256.38,256.38,256.38,256.38,623.2,256.3715,32,
2026-04-06 08:30:00,256.3,256.3,256.3,256.3,470.0,256.3102,17,
2026-04-06 08:31:00,256.35,256.35,256.35,256.35,373.0,256.3513,13,
2026-04-06 08:32:00,256.35,256.35,256.35,256.35,1111.104987,256.3645,33,
2026-04-06 08:34:00,256.49,256.49,256.49,256.49,718.057199,256.4485,22,
2026-04-06 08:35:00,256.59,256.64,256.54,256.64,2630.772537,256.5443,99,
2026-04-06 08:36:00,256.63,256.63,256.63,256.63,206.0,256.588,15,
2026-04-06 08:39:00,256.64,256.64,256.64,256.64,353.0,256.5374,22,
2026-04-06 08:42:00,256.5,256.5,256.5,256.5,1075.025793,256.4979,27,
2026-04-06 08:43:00,256.5004,256.5004,256.5004,256.5004,1161.0,256.5067,13,
2026-04-06 08:44:00,256.55,256.55,256.55,256.55,208.090836,256.5951,13,
2026-04-06 08:45:00,256.51,256.51,256.51,256.51,422.058611,256.5287,13,
2026-04-06 08:48:00,256.51,256.51,256.5,256.5,1075.0,256.5073,13,
2026-04-06 08:50:00,256.61,256.61,256.61,256.61,577.246797,256.6065,18,
2026-04-06 08:51:00,256.606,256.606,256.5,256.5,2314.011727,256.515,13,
2026-04-06 08:52:00,256.5,256.5,256.5,256.5,569.186421,256.5037,23,
2026-04-06 08:53:00,256.5,256.5,256.5,256.5,279.119601,256.5269,16,
2026-04-06 08:54:00,256.51,256.51,256.4,256.4,3576.214864,256.4806,41,
2026-04-06 08:55:00,256.49,256.49,256.35,256.35,380.70742,256.4255,7,
2026-04-06 08:59:00,256.35,256.49,256.35,256.49,385.0,256.3887,12,
2026-04-06 09:01:00,256.49,256.49,256.49,256.49,356.521085,256.4769,9,
2026-04-06 09:05:00,256.49,256.49,256.49,256.49,424.008963,256.473,15,
2026-04-06 09:09:00,256.43,256.43,256.43,256.43,237.0,256.4412,9,
2026-04-06 09:12:00,256.43,256.43,256.43,256.43,140.003898,256.4254,14,
2026-04-06 09:18:00,256.45,256.45,256.45,256.45,663.0,256.4614,22,
2026-04-06 09:23:00,256.61,256.61,256.61,256.61,276.005789,256.5954,15,
2026-04-06 09:24:00,256.57,256.57,256.57,256.57,1130.533701,256.5631,20,
2026-04-06 09:26:00,256.51,256.51,256.48,256.48,956.001758,256.4834,37,
2026-04-06 09:27:00,256.35,256.35,256.29,256.35,3805.514719,256.3122,55,
2026-04-06 09:32:00,256.46,256.46,256.46,256.46,100.0,256.46,1,
2026-04-06 09:40:00,256.5,256.5,256.5,256.5,437.0,256.5,5,
2026-04-06 09:47:00,256.35,256.35,256.35,256.35,206.0,256.3524,5,
2026-04-06 09:54:00,256.31,256.41,256.31,256.41,2087.578089,256.348,103,
2026-04-06 10:10:00,256.49,256.49,256.38,256.38,579.002573,256.4457,17,
2026-04-06 10:11:00,256.23,256.23,256.23,256.23,322.064977,256.2396,13,
2026-04-06 10:24:00,256.29,256.29,256.29,256.29,210.0,256.2897,7,
2026-04-06 10:32:00,256.17,256.17,256.17,256.17,235.820777,256.1715,5,
2026-04-06 10:35:00,256.15,256.15,256.15,256.15,217.66834,256.1457,11,
2026-04-06 10:39:00,256.3,256.3,256.3,256.3,235.055017,256.2812,17,
2026-04-06 10:41:00,256.0,256.0,256.0,256.0,453.011081,256.1786,18,
2026-04-06 10:42:00,256.28,256.28,256.28,256.28,119.089841,256.2727,5,
2026-04-06 10:45:00,256.3,256.3,256.3,256.3,1215.0,256.2979,7,
2026-04-06 10:46:00,256.0,256.0,255.1,255.1,11014.928236,255.7248,521,
2026-04-06 10:47:00,255.49,255.49,255.49,255.49,510.0,255.6505,11,
2026-04-06 10:49:00,256.19,256.19,256.19,256.19,108.039179,256.1684,8,
2026-04-06 10:50:00,255.75,255.75,255.75,255.75,202.0,255.7511,3,
2026-04-06 10:51:00,255.75,255.75,255.75,255.75,304.03178,255.7701,11,
2026-04-06 11:00:00,255.75,255.8,255.71,255.71,4063.035156,255.7034,189,
2026-04-06 11:02:00,255.99,255.99,255.99,255.99,1463.010627,255.9473,34,
2026-04-06 11:03:00,255.75,255.85,255.75,255.85,565.164301,255.8263,17,
2026-04-06 11:04:00,255.75,255.99,255.75,255.935,686.050113,255.9071,19,
2026-04-06 11:05:00,255.94,255.94,255.94,255.94,304.0,255.9228,10,
2026-04-06 11:06:00,255.86,256.0,255.86,256.0,1601.023819,255.9339,54,
2026-04-06 11:08:00,256.0,256.0,255.95,255.95,458.239411,255.9814,19,
2026-04-06 11:09:00,255.85,255.85,255.85,255.85,1053.0,255.9701,33,
2026-04-06 11:10:00,255.93,255.93,255.93,255.93,416.005891,255.8877,22,
2026-04-06 11:11:00,255.85,255.85,255.82,255.82,2352.012802,255.8214,14,
2026-04-06 11:12:00,255.8208,255.8208,255.8208,255.8208,218.0,255.8257,7,
2026-04-06 11:13:00,255.8,255.8,255.8,255.8,213.0,255.8038,6,
2026-04-06 11:14:00,255.82,255.82,255.82,255.82,327.0,255.8071,19,
2026-04-06 11:19:00,255.85,256.0,255.85,256.0,1312.906346,255.9479,23,
2026-04-06 11:20:00,255.9214,256.03,255.9214,256.03,1382.866338,255.9744,14,
2026-04-06 11:21:00,256.0,256.0319,255.9218,255.9218,1919.300059,255.9975,19,
2026-04-06 11:22:00,255.75,255.75,255.75,255.75,826.0,255.8042,30,
2026-04-06 11:23:00,255.8,255.8,255.8,255.8,251.113,255.7998,4,
2026-04-06 11:24:00,255.9,256.1,255.9,256.0,2398.388691,256.031,86,
2026-04-06 11:25:00,256.04,256.04,256.04,256.04,161.956858,256.0396,12,
2026-04-06 11:27:00,255.8872,255.8872,255.8872,255.8872,300.0,255.9026,9,
2026-04-06 11:28:00,255.96,255.96,255.96,255.96,514.0,255.9677,11,
2026-04-06 11:29:00,256.0,256.0,256.0,256.0,349.0,256.0006,19,
2026-04-06 11:31:00,255.9008,255.93,255.9008,255.93,1171.001952,255.9273,15,
2026-04-06 11:33:00,255.91,256.04,255.91,256.04,1019.045,255.926,8,
2026-04-06 11:34:00,255.9517,256.2,255.9517,256.19,2248.786514,256.1766,75,
2026-04-06 11:35:00,256.1765,256.1765,256.1765,256.1765,292.991,256.1167,22,
2026-04-06 11:36:00,256.05,256.13,256.05,256.13,642.38,256.0715,20,
2026-04-06 11:38:00,256.09,256.1744,256.09,256.1744,293.552703,256.1259,23,
2026-04-06 11:40:00,256.1444,256.1444,256.1444,256.1444,606.038,256.0929,15,
2026-04-06 11:41:00,256.06,256.06,256.01,256.01,1102.80575,255.9774,49,
2026-04-06 11:42:00,255.87,255.87,255.87,255.87,181.685,255.8759,17,
2026-04-06 11:43:00,255.98,255.98,255.98,255.98,1006.0,255.9794,6,
2026-04-06 11:50:00,255.92,255.99,255.92,255.99,1067.579452,255.9358,27,
2026-04-06 11:51:00,256.1,256.1,256.1,256.1,1283.786581,256.099,22,
2026-04-06 11:52:00,256.1,256.1,256.1,256.1,5394.238,256.1001,14,
2026-04-06 11:53:00,256.0245,256.0245,256.0245,256.0245,548.054,256.0293,8,
2026-04-06 11:55:00,256.02,256.02,256.02,256.02,487.278597,256.0269,22,
2026-04-06 11:56:00,256.19,256.19,256.02,256.02,490.0,256.0581,12,
2026-04-06 11:57:00,256.1,256.1,256.1,256.1,230.679596,256.1018,13,
2026-04-06 11:58:00,256.1007,256.36,256.1007,256.36,3059.90847,256.2561,103,
2026-04-06 12:00:00,256.35,256.35,256.35,256.35,7140.0,256.1679,49,
2026-04-06 12:02:00,256.3781,256.3781,256.3781,256.3781,804.0,256.2307,43,
2026-04-06 12:03:00,256.2275,256.2275,256.2108,256.2108,828.022388,256.2219,12,
2026-04-06 12:08:00,256.19,256.2,256.19,256.2,1055.116791,256.1953,30,
2026-04-06 12:09:00,256.235,256.235,256.19,256.19,837.204179,256.2093,22,
2026-04-06 12:11:00,256.25,256.25,256.25,256.25,1442.00821,256.2278,46,
2026-04-06 12:12:00,256.1913,256.1913,256.1913,256.1913,643.0,256.195,10,
2026-04-06 12:13:00,256.25,256.27,256.25,256.27,6119.434742,256.2461,48,
2026-04-06 12:14:00,256.19,256.19,256.19,256.19,367.0,256.2128,14,
2026-04-06 12:15:00,256.3,256.3,256.3,256.3,460.126216,256.291,13,
2026-04-06 12:16:00,256.29,256.29,256.29,256.29,503.994307,256.2899,5,
2026-04-06 12:18:00,256.24,256.24,256.24,256.24,935.46146,256.2637,35,
2026-04-06 12:21:00,256.29,256.34,256.29,256.34,2906.0,256.3003,44,
2026-04-06 12:22:00,256.3466,256.3466,256.3466,256.3466,312.0,256.336,10,
2026-04-06 12:24:00,256.27,256.27,256.2,256.22,1650.019504,256.246,39,
2026-04-06 12:25:00,256.18,256.19,256.17,256.19,1433.012962,256.1872,33,
2026-04-06 12:27:00,256.32,256.35,256.32,256.35,1695.358927,256.3329,38,
2026-04-06 12:28:00,256.37,256.48,256.37,256.479,4134.119765,256.4078,95,
2026-04-06 12:29:00,256.4657,256.4657,256.4657,256.4657,239.007797,256.4662,10,
2026-04-06 12:31:00,256.36,256.37,256.36,256.36,1109.0,256.368,32,
2026-04-06 12:32:00,256.3682,256.3682,256.3682,256.3682,173.04681,256.3791,9,
2026-04-06 12:33:00,256.48,256.48,256.48,256.48,2578.048107,256.4762,46,
2026-04-06 12:34:00,256.48,256.55,256.48,256.55,2059.404093,256.506,66,
2026-04-06 12:35:00,256.42,256.4975,256.3605,256.3605,837.0,256.418,19,
2026-04-06 12:36:00,256.5,256.5,256.36,256.36,855.0,256.4019,18,
2026-04-06 12:37:00,256.5,256.5,256.5,256.5,748.0,256.4982,8,
2026-04-06 12:38:00,256.48,256.5,256.48,256.5,481.206814,256.4847,25,
2026-04-06 12:40:00,256.35,256.35,256.35,256.35,610.003898,256.376,28,
2026-04-06 12:41:00,256.285,256.285,256.285,256.285,1596.031552,256.3258,25,
2026-04-06 12:43:00,256.33,256.33,256.24,256.24,2473.0,256.2996,48,
2026-04-06 12:47:00,256.5,256.5,256.5,256.5,307.090885,256.4892,9,
2026-04-06 12:48:00,256.5,256.5,256.5,256.5,475.022873,256.4795,16,
2026-04-06 12:49:00,256.25,256.25,256.25,256.25,146.042885,256.2745,8,
2026-04-06 12:50:00,256.2922,256.2922,256.2922,256.2922,301.274642,256.2963,13,
2026-04-06 12:51:00,256.4,256.4,256.39,256.39,1558.0,256.3943,22,
2026-04-06 12:53:00,256.41,256.41,256.41,256.41,367.0,256.4069,11,
2026-04-06 12:54:00,256.3782,256.3782,256.32,256.32,922.2,256.3448,17,
2026-04-06 12:55:00,256.38,256.38,256.38,256.38,307.329827,256.3676,21,
2026-04-06 12:59:00,256.3543,256.3543,256.3543,256.3543,554.813726,256.3587,14,
2026-04-06 13:00:00,256.33,256.4,256.16,256.19,7049.426265,256.3171,108,
2026-04-06 13:02:00,256.1,256.1,256.0,256.1,5130.022998,256.0423,100,
2026-04-06 13:03:00,256.02,256.02,256.02,256.02,326.845294,256.0603,34,
2026-04-06 13:04:00,256.09,256.16,256.09,256.16,1487.979867,256.1384,29,
2026-04-06 13:05:00,256.03,256.03,256.03,256.03,1769.0,256.0161,83,
2026-04-06 13:06:00,255.9,255.9,255.77,255.77,958.582761,255.845,63,
2026-04-06 13:07:00,255.85,256.03,255.75,255.76,1827.0,255.8361,42,
2026-04-06 13:08:00,255.96,255.96,255.8357,255.8357,740.19961,255.9024,21,
2026-04-06 13:09:00,255.9,256.03,255.9,256.03,905.013129,255.9916,46,
2026-04-06 13:11:00,256.0,256.03,256.0,256.03,597.272667,256.0185,28,
2026-04-06 13:12:00,256.03,256.12,256.03,256.12,2445.05344,256.0479,60,
2026-04-06 13:13:00,256.2,256.2,256.2,256.2,659.0,256.1779,20,
2026-04-06 13:14:00,256.13,256.18,256.13,256.18,566.106809,256.1582,29,
2026-04-06 13:16:00,256.16,256.4,256.16,256.4,3534.019011,256.2825,46,
2026-04-06 13:17:00,256.3195,256.3195,256.17,256.17,962.600702,256.2094,21,
2026-04-06 13:20:00,256.1501,256.1501,256.15,256.15,1690.54982,256.151,28,
2026-04-06 13:21:00,256.06,256.16,256.06,256.16,814.0,256.1322,27,
2026-04-06 13:22:00,256.07,256.1899,256.06,256.06,4734.068687,256.1708,35,
2026-04-06 13:23:00,256.1741,256.19,256.02,256.02,2011.0,256.1087,16,
2026-04-06 13:24:00,256.06,256.06,256.06,256.06,544.197849,256.072,27,
2026-04-06 13:25:00,256.0,256.0,255.76,255.91,4506.059953,255.8652,141,
2026-04-06 13:26:00,255.9617,255.9989,255.92,255.95,911.0,255.9453,25,
2026-04-06 13:27:00,255.99,256.0,255.93,255.9959,2142.004388,255.9842,74,
2026-04-06 13:28:00,256.3,256.4,256.3,256.39,2388.024571,256.3598,90,
2026-04-06 13:29:00,256.4,256.42,256.36,256.36,3354.866793,256.4093,104,
2026-04-06 13:30:00,256.51,257.5,256.49,256.66,656172.688281,256.9197,23738,
2026-04-06 13:31:00,256.66,257.13,256.46,256.93,108811.966353,256.8047,1863,
2026-04-06 13:32:00,256.95,257.445,256.95,257.44,111587.817925,257.2079,1809,
2026-04-06 13:33:00,257.405,258.1373,257.405,258.08,150318.762812,257.7961,2972,
2026-04-06 13:34:00,258.08,258.15,257.75,258.055,99098.47967,257.9511,2480,
2026-04-06 13:35:00,258.0399,258.04,257.48,257.48,74237.514179,257.7171,2251,
2026-04-06 13:36:00,257.49,257.5,257.07,257.17,82904.124383,257.2547,2447,
2026-04-06 13:37:00,257.15,257.51,257.06,257.3,56253.826308,257.2712,1940,
2026-04-06 13:38:00,257.31,257.66,257.19,257.63,70537.52178,257.4553,1772,
2026-04-06 13:39:00,257.63,257.86,257.49,257.49,87314.752909,257.6314,1610,
2026-04-06 13:40:00,257.5,257.52,257.06,257.32,94941.574508,257.2318,1917,
2026-04-06 13:41:00,257.3295,257.815,257.21,257.685,56670.99452,257.4685,1309,
2026-04-06 13:42:00,257.7,258.05,257.51,258.025,95204.135062,257.8422,2168,
2026-04-06 13:43:00,258.03,258.22,257.964,258.0901,86349.689726,258.1086,2414,
2026-04-06 13:44:00,258.1,258.11,257.605,257.66,104210.390068,257.9031,2274,
2026-04-06 13:45:00,257.66,258.53,257.66,258.47,104223.509381,258.1721,2870,
2026-04-06 13:46:00,258.468,258.61,258.3,258.3,65744.319102,258.4331,2296,
2026-04-06 13:47:00,258.305,258.665,258.07,258.665,115481.634838,258.3631,2779,
2026-04-06 13:48:00,258.65,258.76,258.3451,258.5767,93513.974139,258.5945,2752,
2026-04-06 13:49:00,258.59,258.84,258.49,258.49,96258.96113,258.698,2633,
2026-04-06 13:50:00,258.49,258.95,258.49,258.95,75660.686865,258.7467,2484,
2026-04-06 13:51:00,258.97,259.26,258.88,259.12,112814.591039,259.026,3102,
2026-04-06 13:52:00,259.11,259.24,259.0316,259.035,106977.971085,259.144,2564,
2026-04-06 13:53:00,259.03,259.05,258.81,258.9602,53792.887769,258.9218,1964,
2026-04-06 13:54:00,258.9601,259.08,258.9,258.93,38069.531713,258.9823,1911,
2026-04-06 13:55:00,258.96,259.12,258.89,259.06,46258.869372,258.9963,1887,
2026-04-06 13:56:00,259.07,259.3399,258.98,259.3399,80956.357035,259.1583,2361,
2026-04-06 13:57:00,259.35,259.59,259.32,259.53,91754.661133,259.4117,2743,
2026-04-06 13:58:00,259.57,259.615,259.3901,259.5,54743.695739,259.4962,1964,
2026-04-06 13:59:00,259.53,260.01,259.52,259.96,290118.210161,259.8947,5422,
2026-04-06 14:00:00,259.93,260.0,259.4638,259.58,135373.320852,259.7197,4449,
2026-04-06 14:01:00,259.565,259.6199,259.35,259.47,101364.456576,259.4635,2822,
2026-04-06 14:02:00,259.45,259.6799,259.36,259.63,55535.192543,259.539,2120,
2026-04-06 14:03:00,259.63,259.63,259.345,259.36,80415.764421,259.4994,2274,
2026-04-06 14:04:00,259.38,259.46,258.9701,259.04,86103.188485,259.1863,2624,
2026-04-06 14:05:00,259.065,259.29,258.94,259.01,80017.550629,259.1338,2510,
2026-04-06 14:06:00,259.015,259.335,258.93,259.335,66216.452348,259.0865,2663,
2026-04-06 14:07:00,259.4,259.42,259.11,259.23,103989.408839,259.2455,2946,
2026-04-06 14:08:00,259.22,259.425,259.175,259.41,72938.820742,259.298,2298,
2026-04-06 14:09:00,259.43,259.81,259.415,259.8,114983.45713,259.6078,2967,
2026-04-06 14:10:00,259.78,259.84,259.415,259.47,82175.875182,259.6607,2333,
2026-04-06 14:11:00,259.51,259.77,259.41,259.7335,79434.519441,259.5667,2853,
2026-04-06 14:12:00,259.73,259.92,259.69,259.71,85874.912959,259.818,2491,
2026-04-06 14:13:00,259.71,259.87,259.65,259.8376,36523.802739,259.7541,1969,
2026-04-06 14:14:00,259.81,260.12,259.78,260.1,107472.820375,259.9582,2822,
2026-04-06 14:15:00,260.08,260.346,260.01,260.346,108286.117992,260.1597,2593,
2026-04-06 14:16:00,260.31,260.5499,260.3,260.465,106704.142168,260.4221,2858,
2026-04-06 14:17:00,260.45,260.62,260.3612,260.57,92161.235233,260.5196,2497,
2026-04-06 14:18:00,260.58,260.65,260.3601,260.6301,67810.639066,260.5133,2427,
2026-04-06 14:19:00,260.635,261.04,260.6001,260.965,173647.936067,260.8859,3493,
2026-04-06 14:20:00,260.95,261.0515,260.76,260.91,102187.04642,260.8819,2883,
2026-04-06 14:21:00,260.87,261.375,260.77,261.375,140248.190245,261.068,3137,
2026-04-06 14:22:00,261.375,261.51,261.29,261.46,116052.687792,261.4008,2922,
2026-04-06 14:23:00,261.44,261.66,261.281,261.66,130071.868748,261.53,2894,
2026-04-06 14:24:00,261.68,261.72,261.57,261.59,131789.944493,261.6467,2890,
2026-04-06 14:25:00,261.6,261.81,261.4601,261.515,136344.635377,261.6374,3108,
2026-04-06 14:26:00,261.5001,261.7399,261.5,261.725,97430.555178,261.5899,2541,
2026-04-06 14:27:00,261.715,261.96,261.6899,261.815,107051.218094,261.8235,2653,
2026-04-06 14:28:00,261.8,262.02,261.73,261.96,183572.088821,261.9306,3615,
2026-04-06 14:29:00,261.95,261.99,261.75,261.76,92534.130102,261.8904,2608,
2026-04-06 14:30:00,261.76,262.14,261.75,262.06,107517.994511,262.0064,2947,
2026-04-06 14:31:00,262.080191,262.16,261.89,261.985,112319.928127,262.0172,2586,
2026-04-06 14:32:00,261.99,262.07,261.61,261.8046,129998.135788,261.7911,3389,
2026-04-06 14:33:00,261.81,261.82,261.52,261.55,129951.315116,261.6483,3149,
2026-04-06 14:34:00,261.56,261.66,261.47,261.62,101236.459719,261.5707,2458,
2026-04-06 14:35:00,261.63,261.7,261.3102,261.38,101825.544274,261.5158,2690,
2026-04-06 14:36:00,261.39,261.43,261.13,261.23,91941.622112,261.2925,2456,
2026-04-06 14:37:00,261.24,261.34,261.13,261.17,74783.943275,261.2216,2074,
2026-04-06 14:38:00,261.18,261.29,260.68,260.76,203073.515486,260.962,4053,
2026-04-06 14:39:00,260.7599,260.91,260.6001,260.68,95956.395122,260.7462,2545,
2026-04-06 14:40:00,260.67,260.88,260.6,260.842,83942.436112,260.7319,2515,
2026-04-06 14:41:00,260.89,261.11,260.78,260.86,110677.131844,260.9402,2944,
2026-04-06 14:42:00,260.87,261.0,260.7101,260.7101,63618.932986,260.8734,2126,
2026-04-06 14:43:00,260.72,260.83,260.67,260.805,46919.551984,260.7381,1973,
2026-04-06 14:44:00,260.78,261.0,260.62,260.63,62807.026171,260.8167,2213,
2026-04-06 14:45:00,260.62,260.62,260.3472,260.5,65923.484197,260.4945,2338,
2026-04-06 14:46:00,260.47,260.56,260.28,260.34,54760.520536,260.3817,1976,
2026-04-06 14:47:00,260.345,260.37,260.14,260.14,50246.635275,260.2567,2144,
2026-04-06 14:48:00,260.165,260.24,260.06,260.075,67422.024501,260.1514,2111,
2026-04-06 14:49:00,260.06,260.125,259.91,259.95,66091.408798,260.0139,2288,
2026-04-06 14:50:00,259.98,260.06,259.78,259.871911,59434.420879,259.9148,2180,
2026-04-06 14:51:00,259.88,260.07,259.87,259.96,38851.590189,259.9642,1931,
2026-04-06 14:52:00,259.935,260.167,259.92,260.02,55278.650444,260.0484,2025,
2026-04-06 14:53:00,260.03,260.0599,259.85,259.87,54635.004484,259.9319,2178,
2026-04-06 14:54:00,259.86,259.9755,259.77,259.94,53745.474908,259.8917,2060,
2026-04-06 14:55:00,259.935,260.04,259.71,259.8245,59750.261021,259.8411,2199,
2026-04-06 14:56:00,259.805,260.03,259.75,260.01,60099.713711,259.8937,2202,
2026-04-06 14:57:00,260.02,260.11,259.941,259.96,60136.529834,260.0148,1945,
2026-04-06 14:58:00,259.9551,260.05,259.9,260.0403,56988.681998,259.9813,1891,
2026-04-06 14:59:00,260.03,260.08,259.91,259.91,47062.282248,259.9767,1796,
2026-04-06 15:00:00,259.9,260.01,259.83,259.83,46509.125555,259.9147,1966,
2026-04-06 15:01:00,259.835,260.09,259.815,260.05,57083.651771,259.9871,1998,
2026-04-06 15:02:00,260.04,260.11,259.99,260.06,52693.344771,260.0523,1853,
2026-04-06 15:03:00,260.045,260.045,259.85,259.91,72049.228948,259.9195,2145,
2026-04-06 15:04:00,259.91,260.11,259.8,260.0896,33519.960797,259.9559,1829,
2026-04-06 15:05:00,260.106,260.12,260.0,260.021,36610.223774,260.0757,1859,
2026-04-06 15:06:00,260.045,260.07,259.67,259.71,64737.105288,259.8626,1978,
2026-04-06 15:07:00,259.71,259.83,259.63,259.795,41731.723094,259.7366,1951,
2026-04-06 15:08:00,259.83,259.85,259.63,259.74,62924.509112,259.7571,2014,
2026-04-06 15:09:00,259.705,259.745,259.56,259.745,58391.575843,259.6462,2088,
2026-04-06 15:10:00,259.77,259.77,259.525,259.555,48097.004855,259.6532,2073,
2026-04-06 15:11:00,259.61,259.64,259.4201,259.48,39840.907871,259.521,1876,
2026-04-06 15:12:00,259.4934,259.53,259.46,259.49,27358.452341,259.4984,1761,
2026-04-06 15:13:00,259.48,259.75,259.47,259.5001,39707.744721,259.6117,1992,
2026-04-06 15:14:00,259.455,259.55,259.3201,259.52,44420.577259,259.4372,2074,
2026-04-06 15:15:00,259.55,259.6097,259.45,259.47,25451.704717,259.5462,1691,
2026-04-06 15:16:00,259.49,259.622,259.4,259.58,33383.157504,259.5241,1841,
2026-04-06 15:17:00,259.58,259.93,259.55,259.88,69443.596007,259.7936,2088,
2026-04-06 15:18:00,259.885,259.98,259.81,259.81,82445.996665,259.8901,2290,
2026-04-06 15:19:00,259.835,259.8563,259.65,259.755,51564.278028,259.7654,1864,
2026-04-06 15:20:00,259.76,259.77,259.4,259.43,120279.277058,259.6314,2768,
2026-04-06 15:21:00,259.45,259.59,259.36,259.55,65574.206931,259.48,2091,
2026-04-06 15:22:00,259.57,259.65,259.49,259.54,36382.683369,259.5772,1762,
2026-04-06 15:23:00,259.55,259.595,259.34,259.39,52065.660128,259.4523,1968,
2026-04-06 15:24:00,259.38,259.408,259.18,259.3099,54033.565622,259.3013,2080,
2026-04-06 15:25:00,259.31,259.31,258.97,259.11,90254.593538,259.0849,2347,
2026-04-06 15:26:00,259.12,259.26,259.12,259.19,46504.044145,259.2109,1706,
2026-04-06 15:27:00,259.2,259.3,259.08,259.08,52766.790375,259.2028,1816,
2026-04-06 15:28:00,259.1196,259.23,259.0,259.2299,33203.260505,259.0969,1692,
2026-04-06 15:29:00,259.23,259.41,259.22,259.25,46603.440042,259.3452,1735,
2026-04-06 15:30:00,259.2301,259.34,259.14,259.14,47790.873137,259.2403,1877,
2026-04-06 15:31:00,259.14,259.195,259.09,259.14,49964.522996,259.1434,1778,
2026-04-06 15:32:00,259.14,259.32,259.13,259.155,65463.984813,259.1863,2161,
2026-04-06 15:33:00,259.1511,259.185,259.01,259.11,72013.58834,259.1209,2069,
2026-04-06 15:34:00,259.14,259.19,259.09,259.12,21098.370778,259.1314,1466,
2026-04-06 15:35:00,259.105,259.31,259.07,259.265,30450.02966,259.1872,1734,
2026-04-06 15:36:00,259.25,259.27,259.14,259.235,53041.829357,259.2139,1883,
2026-04-06 15:37:00,259.2499,259.29,259.12,259.29,41882.477343,259.204,1782,
2026-04-06 15:38:00,259.278904,259.4299,259.2401,259.28,47577.62033,259.3388,1975,
2026-04-06 15:39:00,259.3,259.53,259.3,259.52,43635.080331,259.4089,1806,
2026-04-06 15:40:00,259.515,259.62,259.45,259.515,62736.145971,259.543,2088,
2026-04-06 15:41:00,259.5,259.53,259.25,259.34,46122.734047,259.3762,1840,
2026-04-06 15:42:00,259.344,259.3899,259.23,259.24,40600.266272,259.3079,1645,
2026-04-06 15:43:00,259.22,259.25,259.095,259.095,38576.706761,259.1812,1933,
2026-04-06 15:44:00,259.095,259.16,259.058,259.13,26425.023658,259.1257,1566,
2026-04-06 15:45:00,259.13,259.145,259.05,259.11,37628.404118,259.0922,1780,
2026-04-06 15:46:00,259.1299,259.27,259.1299,259.24,33126.628336,259.1978,1735,
2026-04-06 15:47:00,259.2499,259.45,259.21,259.3039,53514.406361,259.3248,1920,
2026-04-06 15:48:00,259.295,259.34,259.2701,259.32,27882.184317,259.3017,1483,
2026-04-06 15:49:00,259.32,259.32,259.25,259.315,20507.910239,259.2905,1444,
2026-04-06 15:50:00,259.29,259.4137,259.175,259.38,28780.34797,259.3329,1616,
2026-04-06 15:51:00,259.38,259.4,259.335,259.345,19973.098,259.3582,1486,
2026-04-06 15:52:00,259.33,259.53,259.325,259.515,45786.931491,259.4184,1806,
2026-04-06 15:53:00,259.505,259.55,259.4201,259.5,38729.528824,259.4891,1762,
2026-04-06 15:54:00,259.515,259.53,259.37,259.4,27653.509456,259.4359,1552,
2026-04-06 15:55:00,259.42,259.42,259.25,259.25,25396.875711,259.3482,1486,
2026-04-06 15:56:00,259.265,259.291,259.1,259.19,31095.862771,259.1837,1240,
2026-04-06 15:57:00,259.195,259.35,259.175,259.32,25073.655804,259.2661,534,
2026-04-06 15:58:00,259.33,259.4267,259.31,259.37,22003.97574,259.3593,575,
2026-04-06 15:59:00,259.385,259.54,259.375,259.5101,29844.084587,259.437,771,
2026-04-06 16:00:00,259.5199,259.62,259.49,259.515,39340.862137,259.5295,805,
2026-04-06 16:01:00,259.539,259.63,259.45,259.45,33226.51597,259.558,683,
2026-04-06 16:02:00,259.46,259.47,259.11,259.145,41944.789109,259.2803,724,
2026-04-06 16:03:00,259.16,259.33,259.16,259.3201,24587.460784,259.2435,548,
2026-04-06 16:04:00,259.33,259.33,259.06,259.09,25071.813401,259.179,573,
2026-04-06 16:05:00,259.1,259.19,259.03,259.19,28661.935314,259.1031,731,
2026-04-06 16:06:00,259.2,259.29,259.11,259.14,74928.233431,259.1959,1142,
2026-04-06 16:07:00,259.14,259.2,259.11,259.11,15778.87552,259.1448,524,
2026-04-06 16:08:00,259.13,259.14,258.97,259.01,22970.72524,259.033,650,
2026-04-06 16:09:00,259.01,259.1,258.92,258.94,19526.92955,259.0165,550,
2026-04-06 16:10:00,258.955,259.01,258.9501,258.975,14472.710576,258.9822,485,
2026-04-06 16:11:00,258.99,259.035,258.96,259.0101,21259.412578,258.9932,608,
2026-04-06 16:12:00,259.04,259.08,258.95,258.98,24913.981785,259.0126,712,
2026-04-06 16:13:00,259.0,259.01,258.91,258.965,23332.972396,258.971,569,
2026-04-06 16:14:00,258.97,259.02,258.9056,258.9501,15445.249601,258.9651,492,
2026-04-06 16:15:00,258.97,259.09,258.86,258.8601,32363.567838,258.9582,738,
2026-04-06 16:16:00,258.88,258.94,258.78,258.915,43334.446153,258.8367,916,
2026-04-06 16:17:00,258.9299,258.94,258.8,258.8101,23869.423826,258.8775,554,
2026-04-06 16:18:00,258.8199,258.83,258.71,258.765,34588.580838,258.7743,729,
2026-04-06 16:19:00,258.765,258.91,258.74,258.89,49810.680513,258.827,897,
2026-04-06 16:20:00,258.89,258.96,258.81,258.94,26721.306023,258.8877,745,
2026-04-06 16:21:00,258.95,259.03,258.9344,258.94,29968.002438,258.9792,748,
2026-04-06 16:22:00,258.93,259.02,258.88,258.88,32643.462332,258.9384,838,
2026-04-06 16:23:00,258.87,258.92,258.81,258.895,28271.171651,258.8535,694,
2026-04-06 16:24:00,258.9374,259.01,258.9143,258.95,25678.132332,258.9611,598,
2026-04-06 16:25:00,258.965,258.99,258.9151,258.99,20694.882276,258.9491,529,
2026-04-06 16:26:00,258.9801,259.03,258.9501,258.98,19872.93962,259.0,569,
2026-04-06 16:27:00,258.9701,259.065,258.92,258.995,35134.832092,258.9982,783,
2026-04-06 16:28:00,258.99,259.01,258.9139,258.99,23523.967919,258.9757,638,
2026-04-06 16:29:00,258.99,259.0599,258.97,259.04,16788.291129,259.0061,560,
2026-04-06 16:30:00,259.03,259.03,258.88,258.89,17579.114764,258.9455,644,
2026-04-06 16:31:00,258.875,258.9499,258.83,258.9301,25827.905688,258.8862,687,
2026-04-06 16:32:00,258.9425,259.05,258.9425,259.0201,21819.411682,258.9891,759,
2026-04-06 16:33:00,259.0,259.05,258.96,258.99,19122.480462,259.0046,644,
2026-04-06 16:34:00,259.015,259.22,259.015,259.19,230306.917298,259.0317,884,
2026-04-06 16:35:00,259.18,259.2099,259.14,259.2,30310.794121,259.1744,654,
2026-04-06 16:36:00,259.2,259.25,259.19,259.215,22163.503391,259.2064,656,
2026-04-06 16:37:00,259.215,259.305,259.2,259.28,28193.675389,259.2681,690,
2026-04-06 16:38:00,259.3,259.4,259.29,259.3,24533.383636,259.3445,732,
2026-04-06 16:39:00,259.295,259.31,259.24,259.24,20608.498605,259.2723,631,
2026-04-06 16:40:00,259.2699,259.29,259.205,259.255,22655.862074,259.2545,575,
2026-04-06 16:41:00,259.25,259.31,259.2,259.305,17408.675972,259.2508,592,
2026-04-06 16:42:00,259.3,259.345,259.2507,259.2628,16401.357743,259.292,586,
2026-04-06 16:43:00,259.25,259.255,259.19,259.23,14831.00719,259.2307,513,
2026-04-06 16:44:00,259.23,259.45,259.23,259.415,47659.014297,259.388,948,
2026-04-06 16:45:00,259.42,259.52,259.33,259.47,55729.150379,259.4535,1036,
2026-04-06 16:46:00,259.46,259.57,259.42,259.555,25377.069637,259.4897,671,
2026-04-06 16:47:00,259.56,259.56,259.4,259.405,23506.654411,259.4856,603,
2026-04-06 16:48:00,259.39,259.48,259.35,259.43,44872.214021,259.4275,772,
2026-04-06 16:49:00,259.425,259.425,259.3001,259.33,18645.439875,259.3448,535,
2026-04-06 16:50:00,259.335,259.35,259.15,259.2,28503.957455,259.2669,765,
2026-04-06 16:51:00,259.18,259.22,259.13,259.17,24284.098772,259.1659,592,
2026-04-06 16:52:00,259.16,259.17,259.055,259.06,22745.171408,259.125,645,
2026-04-06 16:53:00,259.135,259.17,259.08,259.1372,11044.653931,259.1411,425,
2026-04-06 16:54:00,259.16,259.195,258.96,259.18,47953.085692,259.0903,1122,
2026-04-06 16:55:00,259.2,259.215,259.01,259.07,23595.568315,259.1129,716,
2026-04-06 16:56:00,259.09,259.09,258.9,258.95,27467.735411,258.9528,686,
2026-04-06 16:57:00,258.95,259.03,258.95,258.96,11394.589508,258.99,452,
2026-04-06 16:58:00,258.95,259.035,258.93,259.02,41935.067757,258.9892,656,
2026-04-06 16:59:00,259.02,259.06,259.0,259.0,24271.271137,259.0378,474,
2026-04-06 17:00:00,258.995,259.07,258.87,258.89,32292.952003,258.9759,808,
2026-04-06 17:01:00,258.89,258.91,258.73,258.73,34793.752983,258.8155,820,
2026-04-06 17:02:00,258.71,258.75,258.51,258.55,59186.607588,258.6533,1128,
2026-04-06 17:03:00,258.54,258.61,258.471,258.605,38141.00909,258.5556,768,
2026-04-06 17:04:00,258.6,258.67,258.57,258.57,20927.186717,258.6277,470,
2026-04-06 17:05:00,258.56,258.6,258.4801,258.53,27220.866837,258.5407,533,
2026-04-06 17:06:00,258.52,258.55,258.45,258.49,24922.122756,258.4943,759,
2026-04-06 17:07:00,258.46,258.57,258.45,258.5001,19472.181678,258.5043,465,
2026-04-06 17:08:00,258.515,258.6301,258.515,258.57,24581.110933,258.592,574,
2026-04-06 17:09:00,258.56,258.64,258.52,258.5799,29261.186026,258.5671,492,
2026-04-06 17:10:00,258.6,258.62,258.4,258.49,33548.059683,258.5317,769,
2026-04-06 17:11:00,258.49,258.52,258.39,258.46,22630.220146,258.4381,527,
2026-04-06 17:12:00,258.46,258.4825,258.05,258.07,59367.445691,258.2696,1140,
2026-04-06 17:13:00,258.08,258.22,257.9,257.94,82804.401517,258.028,1542,
2026-04-06 17:14:00,257.96,258.29,257.91,258.22,69488.670978,258.1294,1173,
2026-04-06 17:15:00,258.24,258.38,258.23,258.24,52146.164968,258.2868,935,
2026-04-06 17:16:00,258.25,258.2905,258.22,258.29,28993.471058,258.2588,543,
2026-04-06 17:17:00,258.31,258.55,258.31,258.44,26756.060219,258.4523,624,
2026-04-06 17:18:00,258.42,258.46,258.27,258.3599,34465.60986,258.3483,770,
2026-04-06 17:19:00,258.34,258.41,258.25,258.34,49578.439257,258.3397,668,
2026-04-06 17:20:00,258.33,258.41,258.2788,258.32,27647.211024,258.3317,764,
2026-04-06 17:21:00,258.32,258.44,258.26,258.41,18878.486727,258.363,543,
2026-04-06 17:22:00,258.425,258.48,258.38,258.465,24991.668878,258.4293,602,
2026-04-06 17:23:00,258.46,258.615,258.44,258.5,39883.313063,258.5294,776,
2026-04-06 17:24:00,258.495,258.63,258.495,258.61,22445.159213,258.5588,537,
2026-04-06 17:25:00,258.62,258.7,258.54,258.685,33477.725871,258.6324,672,
2026-04-06 17:26:00,258.7,258.7,258.59,258.64,17611.471542,258.6508,506,
2026-04-06 17:27:00,258.63,258.79,258.62,258.7051,22384.814237,258.6972,531,
2026-04-06 17:28:00,258.69,258.7899,258.67,258.785,17209.302279,258.718,522,
2026-04-06 17:29:00,258.78,258.8599,258.75,258.78,20347.992643,258.8116,535,
2026-04-06 17:30:00,258.79,258.8099,258.66,258.73,26239.364271,258.7411,638,
2026-04-06 17:31:00,258.725,258.8303,258.71,258.805,30074.334324,258.7713,775,
2026-04-06 17:32:00,258.805,258.85,258.745,258.75,22632.62951,258.806,586,
2026-04-06 17:33:00,258.74,258.76,258.66,258.745,15322.423923,258.7183,537,
2026-04-06 17:34:00,258.735,259.01,258.7,258.83,52730.972319,258.8842,1409,
2026-04-06 17:35:00,258.84,258.9,258.77,258.77,31244.727506,258.8351,742,
2026-04-06 17:36:00,258.795,258.9449,258.74,258.93,29989.802597,258.8532,757,
2026-04-06 17:37:00,258.9399,258.94,258.78,258.79,27028.886757,258.8538,697,
2026-04-06 17:38:00,258.8,258.8,258.69,258.79,34081.659319,258.7539,794,
2026-04-06 17:39:00,258.79,258.83,258.67,258.72,35751.005079,258.7496,704,
2026-04-06 17:40:00,258.715,258.75,258.6601,258.6814,25932.544559,258.71,590,
2026-04-06 17:41:00,258.7,258.7,258.51,258.565,46092.300954,258.5808,791,
2026-04-06 17:42:00,258.585,258.61,258.54,258.58,38305.764483,258.5836,726,
2026-04-06 17:43:00,258.59,258.6336,258.54,258.595,32907.725867,258.5926,645,
2026-04-06 17:44:00,258.6,258.675,258.52,258.645,23315.948103,258.5917,519,
2026-04-06 17:45:00,258.645,258.645,258.5701,258.575,33157.843495,258.604,464,
2026-04-06 17:46:00,258.57,258.57,258.4301,258.4501,27253.047622,258.5025,601,
2026-04-06 17:47:00,258.46,258.46,258.37,258.3896,40996.227451,258.4234,567,
2026-04-06 17:48:00,258.38,258.44,258.37,258.4,48930.455114,258.4047,671,
2026-04-06 17:49:00,258.41,258.515,258.3911,258.48,22100.000457,258.4719,429,
2026-04-06 17:50:00,258.48,258.495,258.43,258.47,33014.766504,258.4617,518,
2026-04-06 17:51:00,258.485,258.49,258.36,258.455,32829.632177,258.4299,600,
2026-04-06 17:52:00,258.45,258.54,258.423,258.423,30349.259719,258.4756,496,
2026-04-06 17:53:00,258.44,258.46,258.2501,258.305,32439.176951,258.3456,634,
2026-04-06 17:54:00,258.3001,258.341898,258.23,258.3,58018.137247,258.304,635,
2026-04-06 17:55:00,258.3206,258.5,258.3,258.425,42983.458909,258.4313,856,
2026-04-06 17:56:00,258.41,258.41,258.2401,258.33,37997.234734,258.318,595,
2026-04-06 17:57:00,258.33,258.33,258.26,258.26,31357.80602,258.2958,670,
2026-04-06 17:58:00,258.25,258.29,258.1801,258.1801,38639.80692,258.2344,497,
2026-04-06 17:59:00,258.2,258.24,258.1201,258.18,37198.843303,258.1835,607,
2026-04-06 18:00:00,258.19,258.218,258.0808,258.1301,48565.436184,258.1401,798,
2026-04-06 18:01:00,258.1499,258.21,258.12,258.16,20498.42855,258.1626,473,
2026-04-06 18:02:00,258.1544,258.1881,258.075,258.12,27646.262271,258.1257,549,
2026-04-06 18:03:00,258.11,258.14,258.05,258.053,33987.945565,258.1016,661,
2026-04-06 18:04:00,258.06,258.16,257.96,258.03,55493.817648,258.066,1007,
2026-04-06 18:05:00,258.0197,258.17,258.0,258.14,29076.393998,258.0808,509,
2026-04-06 18:06:00,258.115,258.16,258.07,258.12,19072.344108,258.1146,456,
2026-04-06 18:07:00,258.1299,258.155,257.87,257.8702,63363.206493,257.9842,1277,
2026-04-06 18:08:00,257.88,257.9099,257.85,257.9074,33678.06189,257.888,623,
2026-04-06 18:09:00,257.8801,258.01,257.8501,257.9201,48626.785009,257.9337,806,
2026-04-06 18:10:00,257.93,258.25,257.9001,258.21,55109.267542,258.0803,3998,
2026-04-06 18:11:00,258.18,258.48,258.13,258.43,56001.376623,258.3262,2995,
2026-04-06 18:12:00,258.4,258.51,258.3419,258.425,39933.624762,258.45,742,
2026-04-06 18:13:00,258.4567,258.5,258.38,258.4,16685.127532,258.4202,438,
2026-04-06 18:14:00,258.42,258.425,258.32,258.385,16395.708232,258.3696,441,
2026-04-06 18:15:00,258.39,258.59,258.39,258.58,25096.97997,258.4772,645,
2026-04-06 18:16:00,258.58,258.72,258.54,258.69,31850.23044,258.6171,688,
2026-04-06 18:17:00,258.68,258.9051,258.663,258.9051,29888.503189,258.7819,738,
2026-04-06 18:18:00,258.92,259.04,258.92,259.04,45591.127547,258.9733,804,
2026-04-06 18:19:00,259.04,259.12,259.0,259.0801,36853.40128,259.0577,797,
2026-04-06 18:20:00,259.05,259.05,258.94,258.9551,16878.777765,258.9859,495,
2026-04-06 18:21:00,258.92,259.08,258.92,259.08,18758.287135,259.0008,542,
2026-04-06 18:22:00,259.05,259.05,258.95,259.018099,22866.780767,258.9691,464,
2026-04-06 18:23:00,259.005,259.1,258.9813,259.09,25423.525425,259.027,503,
2026-04-06 18:24:00,259.075,259.25,259.055,259.195,48301.099715,259.1789,890,
2026-04-06 18:25:00,259.14,259.19,259.08,259.16,25809.079839,259.1446,546,
2026-04-06 18:26:00,259.14,259.15,259.0001,259.02,29957.757052,259.096,526,
2026-04-06 18:27:00,259.0,259.35,259.0,259.33,57188.331289,259.2469,947,
2026-04-06 18:28:00,259.33,259.39,259.24,259.295,46524.901852,259.324,725,
2026-04-06 18:29:00,259.279,259.31,259.25,259.28,27030.24664,259.2777,493,
2026-04-06 18:30:00,259.29,259.3699,259.28,259.32,22885.61851,259.323,509,
2026-04-06 18:31:00,259.31,259.32,259.075,259.135,55838.947607,259.2011,834,
2026-04-06 18:32:00,259.16,259.2,259.05,259.05,30784.101872,259.1004,560,
2026-04-06 18:33:00,259.0421,259.06,258.97,258.98,29421.54523,259.0075,614,
2026-04-06 18:34:00,258.97,258.99,258.84,258.96,30272.692873,258.9262,689,
2026-04-06 18:35:00,258.96,259.0702,258.96,259.0702,23686.786513,259.0213,542,
2026-04-06 18:36:00,259.0851,259.12,259.07,259.1,20491.316485,259.0976,505,
2026-04-06 18:37:00,259.1,259.155,259.0212,259.155,18388.882383,259.0981,425,
2026-04-06 18:38:00,259.1401,259.17,259.1001,259.13,22987.037357,259.1406,579,
2026-04-06 18:39:00,259.14,259.1548,259.0,259.03,27736.539113,259.0679,517,
2026-04-06 18:40:00,259.0432,259.08,258.8809,258.8809,24575.414977,259.0005,605,
2026-04-06 18:41:00,258.89,258.98,258.88,258.98,20714.174569,258.9211,483,
2026-04-06 18:42:00,258.97,259.09,258.97,259.025,36010.978419,259.0312,540,
2026-04-06 18:43:00,259.02,259.05,258.95,259.04,24147.809452,259.0146,526,
2026-04-06 18:44:00,259.05,259.08,258.98,259.015,13426.382911,259.0427,435,
2026-04-06 18:45:00,259.015,259.14,259.01,259.04,37479.393066,259.0585,662,
2026-04-06 18:46:00,259.06,259.075,258.97,259.0399,31186.560513,259.0453,613,
2026-04-06 18:47:00,259.0299,259.085,259.01,259.02,18907.906133,259.0518,392,
2026-04-06 18:48:00,259.005,259.0699,259.0,259.06,17058.73017,259.0367,462,
2026-04-06 18:49:00,259.06,259.09,259.01,259.06,16783.047324,259.0564,475,
2026-04-06 18:50:00,259.08,259.11,259.04,259.0601,17146.631137,259.0725,456,
2026-04-06 18:51:00,259.07,259.08,259.01,259.01,21670.337751,259.0559,375,
2026-04-06 18:52:00,259.025,259.1,259.0151,259.1,29201.655912,259.0567,527,
2026-04-06 18:53:00,259.1,259.13,259.07,259.11,17177.452227,259.0924,532,
2026-04-06 18:54:00,259.11,259.26,259.1,259.205,34115.748001,259.1977,709,
2026-04-06 18:55:00,259.2,259.2597,259.1701,259.183,20558.280873,259.2044,500,
2026-04-06 18:56:00,259.18,259.2,259.12,259.1451,20035.334218,259.1549,498,
2026-04-06 18:57:00,259.1401,259.2,259.1,259.14,18026.489485,259.1459,489,
2026-04-06 18:58:00,259.12,259.23,259.11,259.18,29395.076632,259.1762,622,
2026-04-06 18:59:00,259.17,259.23,259.1645,259.17,24507.866349,259.1856,498,
2026-04-06 19:00:00,259.19,259.24,259.12,259.24,40096.276852,259.1888,606,
2026-04-06 19:01:00,259.235,259.26,259.15,259.22,25039.739789,259.2006,612,
2026-04-06 19:02:00,259.225,259.25,259.125,259.125,54004.474902,259.1837,718,
2026-04-06 19:03:00,259.135,259.135,259.011,259.065,57216.290732,259.069,798,
2026-04-06 19:04:00,259.07,259.16,259.01,259.145,64524.342262,259.0623,863,
2026-04-06 19:05:00,259.145,259.145,258.9901,258.9901,49133.599254,259.0375,777,
2026-04-06 19:06:00,258.995,259.015,258.8809,258.98,45017.035693,258.952,698,
2026-04-06 19:07:00,258.98,259.0499,258.92,258.94,52453.533644,258.9713,806,
2026-04-06 19:08:00,258.96,258.98,258.82,258.86,51102.10383,258.8857,823,
2026-04-06 19:09:00,258.87,258.95,258.76,258.77,76410.065524,258.8728,1139,
2026-04-06 19:10:00,258.76,258.76,258.63,258.675,69946.80188,258.7063,866,
2026-04-06 19:11:00,258.6601,258.7199,258.61,258.7001,38554.573637,258.6633,599,
2026-04-06 19:12:00,258.71,258.73,258.61,258.6478,42654.275924,258.6802,597,
2026-04-06 19:13:00,258.64,258.69,258.59,258.6201,32425.863269,258.6404,594,
2026-04-06 19:14:00,258.63,258.67,258.55,258.635,23190.311664,258.6194,577,
2026-04-06 19:15:00,258.635,258.73,258.605,258.685,35202.775614,258.6583,712,
2026-04-06 19:16:00,258.68,258.685,258.52,258.547658,31278.607095,258.6123,626,
2026-04-06 19:17:00,258.55,258.56,258.42,258.44,52819.213068,258.5055,868,
2026-04-06 19:18:00,258.4367,258.4367,258.34,258.42,43891.570946,258.3932,738,
2026-04-06 19:19:00,258.43,258.4699,258.36,258.38,40309.760184,258.4042,648,
2026-04-06 19:20:00,258.39,258.41,258.28,258.28,32716.700865,258.3419,697,
2026-04-06 19:21:00,258.2704,258.28,258.15,258.195,61191.760695,258.2239,1054,
2026-04-06 19:22:00,258.16,258.31,258.07,258.22,104461.051203,258.1713,1435,
2026-04-06 19:23:00,258.2488,258.3685,258.2488,258.32,50095.202332,258.3018,879,
2026-04-06 19:24:00,258.34,258.4225,258.3022,258.3727,35838.274581,258.3577,771,
2026-04-06 19:25:00,258.38,258.39,258.2901,258.39,27381.345525,258.338,566,
2026-04-06 19:26:00,258.39,258.4,258.28,258.3,80415.832449,258.3651,805,
2026-04-06 19:27:00,258.29,258.355,258.08,258.105,43349.109896,258.2287,889,
2026-04-06 19:28:00,258.08,258.14,258.02,258.14,58881.511441,258.0654,954,
2026-04-06 19:29:00,258.1467,258.25,258.1,258.2499,46950.243881,258.1742,861,
2026-04-06 19:30:00,258.23,258.34,258.23,258.29,48897.856947,258.2739,1001,
2026-04-06 19:31:00,258.3,258.3,258.16,258.19,35600.052486,258.2119,812,
2026-04-06 19:32:00,258.18,258.23,258.13,258.21,38388.771646,258.1812,844,
2026-04-06 19:33:00,258.22,258.335,258.22,258.31,44778.57293,258.2961,984,
2026-04-06 19:34:00,258.31,258.31,258.245,258.285,52326.264952,258.2837,1024,
2026-04-06 19:35:00,258.27,258.43,258.27,258.39,52549.104774,258.3489,948,
2026-04-06 19:36:00,258.36,258.55,258.35,258.419,91320.272454,258.4633,1390,
2026-04-06 19:37:00,258.38,258.55,258.35,258.475,62123.869694,258.4587,1054,
2026-04-06 19:38:00,258.475,258.54,258.39,258.485,48246.686283,258.4552,894,
2026-04-06 19:39:00,258.49,258.56,258.47,258.52,40329.676116,258.5056,689,
2026-04-06 19:40:00,258.51,258.69,258.5,258.61,66521.439219,258.5935,995,
2026-04-06 19:41:00,258.61,258.62,258.48,258.53,40853.706957,258.5588,1006,
2026-04-06 19:42:00,258.52,258.66,258.47,258.65,51615.462702,258.5626,1142,
2026-04-06 19:43:00,258.64,258.74,258.64,258.7,43175.837555,258.6932,1035,
2026-04-06 19:44:00,258.72,258.86,258.71,258.78,45940.962476,258.7907,1154,
2026-04-06 19:45:00,258.78,259.04,258.76,258.99,81742.422359,258.9345,1332,
2026-04-06 19:46:00,258.98,258.9899,258.83,258.85,53102.351217,258.8946,928,
2026-04-06 19:47:00,258.855,258.9299,258.71,258.73,70018.706513,258.8327,1241,
2026-04-06 19:48:00,258.71,258.7725,258.6212,258.77,32657.724321,258.702,866,
2026-04-06 19:49:00,258.77,259.0,258.765,258.9801,61237.550561,258.8829,1018,
2026-04-06 19:50:00,259.0,259.075,258.74,258.86,106239.222524,258.8322,2073,
2026-04-06 19:51:00,258.84,259.045,258.82,258.95,104767.681489,258.9275,1799,
2026-04-06 19:52:00,258.96,259.03,258.69,258.69,120172.849724,258.8957,1872,
2026-04-06 19:53:00,258.69,258.83,258.66,258.81,89452.155821,258.7674,1489,
2026-04-06 19:54:00,258.8,258.81,258.67,258.72,106512.540347,258.7487,2180,
2026-04-06 19:55:00,258.72,258.78,258.53,258.61,182600.447016,258.6268,2236,
2026-04-06 19:56:00,258.6,258.625,258.53,258.57,95675.515029,258.5914,1730,
2026-04-06 19:57:00,258.56,258.65,258.5,258.65,119256.042846,258.5574,1929,
2026-04-06 19:58:00,258.64,258.78,258.63,258.77,183481.957107,258.7249,2735,
2026-04-06 19:59:00,258.77,259.0,258.68,258.887,587989.903108,258.8465,6891,
2026-04-06 20:00:00,258.86,259.0,258.83,258.83,61775.32273,258.8628,128,
2026-04-06 20:01:00,258.8223,258.98,258.8223,258.98,1704.547425,258.8651,44,
2026-04-06 20:02:00,259.0,259.0,259.0,259.0,619.107782,258.9306,38,
2026-04-06 20:03:00,258.98,258.98,258.98,258.98,462.006447,258.9322,20,
2026-04-06 20:05:00,258.86,258.86,258.86,258.86,243.0,258.8558,12,
2026-04-06 20:07:00,258.83,258.84,258.8,258.8,1179.0,258.8143,18,
2026-04-06 20:09:00,258.97,258.97,258.97,258.97,409.456089,258.8626,14,
2026-04-06 20:10:00,258.79,258.8206,258.79,258.82,3203.177368,258.8169,58,
2026-04-06 20:11:00,258.82,258.82,258.82,258.82,469.008611,258.8241,30,
2026-04-06 20:12:00,258.8,258.8,258.8,258.8,454.019576,258.8123,20,
2026-04-06 20:13:00,258.84,258.85,258.84,258.85,1209.0,258.8393,45,
2026-04-06 20:16:00,258.8,258.8,258.78,258.78,728.180352,258.7917,24,
2026-04-06 20:17:00,258.78,258.8,258.4565,258.5,7641.034776,258.6743,84,
2026-04-06 20:18:00,258.5332,258.5332,258.5332,258.5332,369.0,258.5743,5,
2026-04-06 20:19:00,258.56,258.6,258.3763,258.6,7695.0,258.5545,61,
2026-04-06 20:20:00,258.55,258.55,258.55,258.55,173.161333,258.6077,18,
2026-04-06 20:21:00,258.72,258.72,258.6,258.6,788.0,258.6929,13,
2026-04-06 20:22:00,258.71,258.72,258.71,258.72,356.038652,258.7137,13,
2026-04-06 20:24:00,258.61,258.61,258.61,258.61,555.331736,258.5982,9,
2026-04-06 20:25:00,258.51,258.69,258.51,258.69,1712.137849,258.6667,19,
2026-04-06 20:27:00,258.69,258.69,258.69,258.69,2739.0,258.688,16,
2026-04-06 20:28:00,258.6501,258.6501,258.6501,258.6501,178.043579,258.6375,7,
2026-04-06 20:29:00,258.6935,258.6935,258.6935,258.6935,367.038654,258.6928,7,
2026-04-06 20:30:00,258.7,258.7,258.7,258.7,661.0,258.7037,26,
2026-04-06 20:31:00,258.6934,258.7,258.62,258.7,2367.0,258.6905,20,
2026-04-06 20:32:00,258.541,258.68,258.541,258.68,469.010781,258.6189,15,
2026-04-06 20:34:00,258.76,258.76,258.76,258.76,364.0,258.7566,8,
2026-04-06 20:35:00,258.78,258.78,258.6,258.6,890.0,258.6638,26,
2026-04-06 20:37:00,258.65,258.65,258.65,258.65,416.0,258.6773,7,
2026-04-06 20:38:00,258.86,258.86,258.78,258.78,42111.309442,258.8576,44,
2026-04-06 20:40:00,258.7436,258.7436,258.7436,258.7436,201.0,258.709,8,
2026-04-06 20:42:00,258.77,258.77,258.76,258.77,1769.0,258.7623,66,
2026-04-06 20:45:00,258.78,258.78,258.78,258.78,115.083663,258.763,8,
2026-04-06 20:46:00,258.69,258.69,258.69,258.69,171.0,258.7007,10,
2026-04-06 20:47:00,258.69,258.69,258.69,258.69,549.0,258.6704,31,
2026-04-06 20:48:00,258.69,258.69,258.6899,258.6899,1167.102885,258.6877,34,
2026-04-06 20:49:00,258.7,258.7,258.7,258.7,684.029714,258.6921,20,
2026-04-06 20:53:00,258.7,258.7,258.7,258.7,1350.054765,258.7255,88,
2026-04-06 20:54:00,258.68,258.68,258.68,258.68,205.0,258.6809,4,
2026-04-06 20:56:00,258.71,258.71,258.71,258.71,247.0,258.7078,12,
2026-04-06 21:00:00,258.6713,258.6713,258.6713,258.6713,108.0,258.6747,5,
2026-04-06 21:01:00,258.67,258.67,258.67,258.67,101.053903,258.6701,3,
2026-04-06 21:02:00,258.66,258.66,258.66,258.66,343.0,258.6857,11,
2026-04-06 21:05:00,258.67,258.67,258.67,258.67,213.012908,258.6716,8,
2026-04-06 21:13:00,258.6217,258.6217,258.6217,258.6217,270.0,258.6272,5,
2026-04-06 21:16:00,258.69,258.69,258.69,258.69,542.117356,258.6855,10,
2026-04-06 21:17:00,258.63,258.63,258.63,258.63,149.086451,258.6354,9,
2026-04-06 21:18:00,258.6078,258.6078,258.6078,258.6078,353.0,258.6151,11,
2026-04-06 21:22:00,258.64,258.64,258.64,258.64,523.006785,258.6402,7,
2026-04-06 21:23:00,258.6079,258.6079,258.6,258.6,1855.586134,258.5892,82,
2026-04-06 21:26:00,258.54,258.54,258.54,258.54,295.177511,258.5434,10,
2026-04-06 21:34:00,258.6993,258.6993,258.6988,258.6988,493.770262,258.69,10,
2026-04-06 21:37:00,258.62,258.62,258.62,258.62,166.0,258.6235,7,
2026-04-06 21:41:00,258.74,258.74,258.74,258.74,326.225364,258.7399,3,
2026-04-06 21:44:00,258.74,258.74,258.74,258.74,239.022752,258.7225,5,
2026-04-06 21:46:00,258.7386,258.7386,258.6,258.6,4444.112107,258.6381,62,
2026-04-06 21:47:00,258.6,258.6,258.5164,258.5164,1352.012843,258.5833,21,
2026-04-06 21:50:00,258.75,258.75,258.75,258.75,418.00904,258.7434,11,
2026-04-06 21:54:00,258.58,258.58,258.5,258.5,2196.213617,258.5237,52,
2026-04-06 21:55:00,258.5,258.5,258.5,258.5,1982.308745,258.4996,31,
2026-04-06 21:57:00,258.4,258.4,258.4,258.4,526.0,258.4084,9,
2026-04-06 22:00:00,258.38,258.38,258.14,258.14,2029.091573,258.2978,91,
2026-04-06 22:01:00,258.36,258.49,258.36,258.49,506.00646,258.4349,14,
2026-04-06 22:03:00,258.39,258.4,258.39,258.4,2843.0,258.3982,28,
2026-04-06 22:04:00,258.4,258.4,258.3999,258.4,6016.09675,258.3999,48,
2026-04-06 22:05:00,258.4,258.59,258.39,258.59,2304.0,258.4167,26,
2026-04-06 22:07:00,258.2961,258.2961,258.2961,258.2961,272.0,258.424,9,
2026-04-06 22:10:00,258.43,258.43,258.43,258.43,598.0,258.4219,17,
2026-04-06 22:16:00,258.4753,258.4753,258.4753,258.4753,311.025803,258.4735,7,
2026-04-06 22:20:00,258.5,258.5,258.38,258.38,369.0,258.4118,10,
2026-04-06 22:21:00,258.37,258.38,258.3,258.3,861.043287,258.3395,23,
2026-04-06 22:23:00,258.1,258.1,257.81,257.81,3989.326708,257.8732,208,
2026-04-06 22:25:00,257.4119,258.01,257.4119,258.01,2635.726726,257.9169,86,
2026-04-06 22:29:00,257.63,257.89,257.62,257.89,709.0,257.686,24,
2026-04-06 22:31:00,257.8,257.8,257.53,257.53,782.0,257.6587,22,
2026-04-06 22:33:00,257.5,257.5,257.5,257.5,721.048089,257.523,42,
2026-04-06 22:36:00,257.8,257.81,257.8,257.81,537.0,257.7809,13,
2026-04-06 22:39:00,258.1978,258.1978,258.1978,258.1978,132.0,258.114,4,
2026-04-06 22:40:00,257.841,257.841,257.841,257.841,107.0,257.8502,3,
2026-04-06 22:41:00,257.8724,257.8724,257.8724,257.8724,107.070888,257.8773,5,
2026-04-06 22:42:00,257.88,257.93,257.88,257.93,401.0,257.906,5,
2026-04-06 22:44:00,257.87,257.87,257.87,257.87,154.0,257.8971,7,
2026-04-06 22:45:00,257.88,257.88,257.88,257.88,410.0,257.8518,15,
2026-04-06 22:46:00,257.88,257.88,257.88,257.88,318.677771,257.8889,21,
2026-04-06 22:51:00,257.9506,257.9506,257.9506,257.9506,106.00659,257.9569,6,
2026-04-06 22:52:00,257.95,257.95,257.95,257.95,316.373432,257.9205,15,
2026-04-06 22:53:00,257.87,257.87,257.81,257.81,1035.0,257.8358,19,
2026-04-06 22:55:00,257.9006,257.9006,257.9006,257.9006,246.757256,257.8606,15,
2026-04-06 22:56:00,257.71,257.71,257.71,257.71,404.0,257.7188,26,
2026-04-06 22:59:00,257.57,257.57,257.57,257.57,275.0,257.6371,23,
2026-04-06 23:00:00,257.81,257.81,257.81,257.81,165.0,257.7732,8,
2026-04-06 23:01:00,257.48,258.19,257.48,258.19,1941.546213,257.4946,89,
2026-04-06 23:06:00,257.7,257.7,257.7,257.7,181.0,257.6917,14,
2026-04-06 23:07:00,257.65,257.65,257.65,257.65,740.021915,257.6631,29,
2026-04-06 23:10:00,257.8,257.96,257.8,257.96,699.130117,257.9269,23,
2026-04-06 23:11:00,258.0,258.0,258.0,258.0,123.0,257.9984,6,
2026-04-06 23:12:00,257.9,257.9,257.9,257.9,180.005102,257.9019,6,
2026-04-06 23:17:00,257.7767,257.7767,257.7767,257.7767,113.0,257.787,5,
2026-04-06 23:23:00,257.85,257.85,257.85,257.85,124.0,257.8516,8,
2026-04-06 23:24:00,257.7089,257.7089,257.7089,257.7089,266.004298,257.7361,8,
2026-04-06 23:26:00,257.9706,257.9706,257.9706,257.9706,507.0,257.9611,11,
2026-04-06 23:28:00,257.93,258.09,257.93,258.09,337.032077,258.0395,16,
2026-04-06 23:29:00,257.9,257.9,257.9,257.9,334.038724,257.9437,10,
2026-04-06 23:32:00,258.0,258.0,258.0,258.0,501.003868,258.0001,3,
2026-04-06 23:33:00,258.0,258.0,258.0,258.0,466.013127,257.9957,16,
2026-04-06 23:35:00,258.09,258.09,258.09,258.09,341.013127,258.0893,6,
2026-04-06 23:38:00,257.99,257.99,257.99,257.99,413.0,257.9799,7,
2026-04-06 23:47:00,257.9,257.9,257.9,257.9,148.27357,257.9705,12,
2026-04-06 23:48:00,257.89,257.89,257.89,257.89,243.049237,257.881,7,
2026-04-06 23:50:00,257.5,257.89,257.5,257.89,304.0,257.7594,4,
2026-04-06 23:53:00,257.5629,257.5629,257.5629,257.5629,236.0,257.5995,4,
2026-04-06 23:54:00,257.72,257.72,257.72,257.72,309.011575,257.708,13,
2026-04-06 23:56:00,257.81,257.8213,257.81,257.8213,803.007056,257.8133,7,
2026-04-06 23:58:00,257.9,257.9,257.9,257.9,364.007743,257.9043,12,
2026-04-06 23:59:00,257.9,257.9,257.9,257.9,571.0,257.8555,26,
