timestamp,open,high,low,close,volume,bar_vwap,transactions,otc
2026-03-24 08:00:00,384.01,384.01,383.21,383.8,1135.0,383.7348,68,
2026-03-24 08:02:00,383.6,383.69,383.6,383.69,389.0,383.6312,14,
2026-03-24 08:04:00,383.98,384.0,383.98,384.0,337.0,383.9579,21,
2026-03-24 08:05:00,384.17,384.36,384.17,384.36,393.0,384.214,18,
2026-03-24 08:06:00,383.99,384.1,383.98,384.1,478.0,384.0078,17,
2026-03-24 08:09:00,384.0,384.0,384.0,384.0,126.0,383.994,13,
2026-03-24 08:10:00,384.0,384.0,384.0,384.0,134.0,383.9779,6,
2026-03-24 08:11:00,383.8,383.89,383.8,383.89,338.0,383.8566,12,
2026-03-24 08:12:00,383.9,383.9,383.9,383.9,170.0,383.8854,11,
2026-03-24 08:13:00,384.0,384.0,383.96,383.96,294.0,383.9902,12,
2026-03-24 08:15:00,383.9,384.06,383.9,383.95,896.0,383.989,29,
2026-03-24 08:16:00,384.0,384.0,384.0,384.0,217.0,384.0034,5,
2026-03-24 08:18:00,383.98,384.0,383.75,383.75,509.0,383.8633,27,
2026-03-24 08:19:00,383.66,383.66,383.26,383.26,629.0,383.4507,27,
2026-03-24 08:22:00,383.33,383.33,383.26,383.26,473.0,383.3055,19,
2026-03-24 08:23:00,383.21,383.21,383.21,383.21,246.0,383.2558,18,
2026-03-24 08:24:00,383.21,383.24,383.06,383.06,3623.0,383.1461,47,
2026-03-24 08:25:00,383.0,383.0,382.77,382.78,796.0,382.886,58,
2026-03-24 08:26:00,382.99,383.0,382.99,383.0,284.0,382.995,6,
2026-03-24 08:27:00,382.93,382.93,382.93,382.93,106.0,382.9045,8,
2026-03-24 08:28:00,382.9,382.9,382.8,382.8,560.0,382.8197,19,
2026-03-24 08:29:00,382.82,382.82,382.8,382.8,794.0,382.8036,12,
2026-03-24 08:30:00,382.8,382.83,382.6,382.69,1470.0,382.7059,48,
2026-03-24 08:31:00,382.69,382.76,382.61,382.61,747.0,382.6991,22,
2026-03-24 08:32:00,382.76,382.76,382.76,382.76,2686.0,382.7606,21,
2026-03-24 08:33:00,382.6,382.62,382.59,382.6,948.0,382.6115,29,
2026-03-24 08:34:00,382.83,382.83,382.8,382.8,282.0,382.8064,6,
2026-03-24 08:35:00,382.8,382.8,382.8,382.8,234.0,382.7957,3,
2026-03-24 08:36:00,382.92,382.92,382.92,382.92,151.0,382.9081,6,
2026-03-24 08:37:00,382.83,382.9,382.83,382.9,296.0,382.8738,14,
2026-03-24 08:39:00,382.6,382.6,382.6,382.6,131.0,382.624,9,
2026-03-24 08:42:00,382.66,382.66,382.5,382.5,1190.0,382.6202,41,
2026-03-24 08:43:00,382.61,382.64,382.61,382.64,439.0,382.5856,18,
2026-03-24 08:44:00,382.5,382.5,382.5,382.5,169.0,382.5067,14,
2026-03-24 08:46:00,382.65,382.66,382.65,382.66,826.0,382.6549,33,
2026-03-24 08:47:00,382.66,382.66,382.66,382.66,152.0,382.66,3,
2026-03-24 08:50:00,382.4,382.66,382.4,382.43,1104.0,382.5291,29,
2026-03-24 08:55:00,382.5,382.5,382.5,382.5,107.0,382.4972,5,
2026-03-24 08:57:00,382.4,382.4,382.4,382.4,180.0,382.3708,11,
2026-03-24 08:59:00,382.47,382.47,382.47,382.47,135.0,382.4856,10,
2026-03-24 09:00:00,382.43,382.43,382.43,382.43,173.0,382.4202,7,
2026-03-24 09:01:00,382.45,382.45,382.45,382.45,172.0,382.5087,5,
2026-03-24 09:04:00,382.63,382.91,382.63,382.91,665.0,382.7157,26,
2026-03-24 09:05:00,382.89,382.89,382.89,382.89,160.0,382.8855,9,
2026-03-24 09:08:00,382.28,382.28,382.17,382.17,304.0,382.225,22,
2026-03-24 09:10:00,382.1,382.1,382.1,382.1,111.0,382.1805,12,
2026-03-24 09:12:00,382.1,382.1,382.1,382.1,403.0,382.0938,27,
2026-03-24 09:13:00,382.0,382.0,381.98,381.98,1877.0,381.9694,71,
2026-03-24 09:14:00,381.7,381.7,381.7,381.7,219.0,381.7552,35,
2026-03-24 09:15:00,381.71,381.71,381.71,381.71,288.0,381.6845,26,
2026-03-24 09:16:00,381.75,381.75,381.75,381.75,171.0,381.7223,8,
2026-03-24 09:17:00,381.8,381.8,381.8,381.8,209.0,381.8172,2,
2026-03-24 09:19:00,382.0,382.0,382.0,382.0,130.0,382.0158,6,
2026-03-24 09:21:00,381.88,381.88,381.87,381.87,639.0,381.8773,17,
2026-03-24 09:27:00,382.2,382.2,382.16,382.16,113.0,382.1801,10,
2026-03-24 09:28:00,382.21,382.21,382.19,382.19,193.0,382.228,9,
2026-03-24 09:29:00,382.19,382.2,382.19,382.2,266.0,382.2075,6,
2026-03-24 09:31:00,382.21,382.21,382.21,382.21,107.0,382.2107,8,
2026-03-24 09:34:00,382.18,382.18,382.18,382.18,92.0,382.1178,3,
2026-03-24 09:42:00,382.38,382.39,382.38,382.39,234.0,382.4049,14,
2026-03-24 09:43:00,382.35,382.55,382.35,382.55,207.0,382.434,6,
2026-03-24 09:45:00,382.5,382.5,382.5,382.5,142.0,382.503,6,
2026-03-24 09:46:00,382.43,382.43,382.43,382.43,163.0,382.412,10,
2026-03-24 09:47:00,382.35,382.37,382.35,382.37,183.0,382.3616,7,
2026-03-24 09:52:00,382.39,382.39,382.27,382.27,142.0,382.3091,7,
2026-03-24 09:55:00,382.69,383.0,382.69,382.99,1650.0,382.8107,42,
2026-03-24 09:56:00,383.1,383.1,382.95,383.0,789.0,383.0047,26,
2026-03-24 10:00:00,382.91,382.98,382.89,382.96,273.0,382.9361,9,
2026-03-24 10:03:00,382.53,382.82,382.53,382.61,290.0,382.6734,10,
2026-03-24 10:04:00,382.93,383.0,382.93,383.0,413.0,382.9768,13,
2026-03-24 10:06:00,382.95,382.95,382.95,382.95,79.0,383.0456,4,
2026-03-24 10:07:00,383.15,383.2,383.15,383.2,413.0,383.1842,7,
2026-03-24 10:08:00,383.3,386.1,383.3,385.58,12701.0,385.0656,408,
2026-03-24 10:09:00,385.08,385.08,384.39,384.69,2764.0,384.7011,51,
2026-03-24 10:10:00,384.5,385.0,384.5,384.69,4401.0,384.7729,79,
2026-03-24 10:11:00,384.46,384.46,384.46,384.46,585.0,384.4877,38,
2026-03-24 10:12:00,384.74,384.8,384.74,384.8,701.0,384.7092,28,
2026-03-24 10:13:00,384.45,384.45,384.03,384.24,5584.0,384.2495,122,
2026-03-24 10:14:00,384.39,384.41,384.39,384.41,1803.0,384.4047,16,
2026-03-24 10:15:00,384.35,384.4,384.35,384.4,613.0,384.382,17,
2026-03-24 10:17:00,384.21,384.21,384.21,384.21,162.0,384.1784,9,
2026-03-24 10:18:00,384.0,384.0,384.0,384.0,387.0,384.0119,17,
2026-03-24 10:19:00,384.15,384.15,384.15,384.15,117.0,384.1493,9,
2026-03-24 10:20:00,384.23,384.23,384.23,384.23,122.0,384.1612,12,
2026-03-24 10:21:00,384.33,384.33,384.33,384.33,320.0,384.3214,9,
2026-03-24 10:22:00,384.31,384.34,384.16,384.2,990.0,384.2827,26,
2026-03-24 10:23:00,384.34,384.35,384.34,384.35,309.0,384.3569,13,
2026-03-24 10:24:00,384.43,384.43,384.0,384.0,2289.0,384.0996,52,
2026-03-24 10:25:00,383.92,384.0,383.92,384.0,154.0,383.9769,7,
2026-03-24 10:26:00,384.0,384.0,384.0,384.0,212.0,384.0089,8,
2026-03-24 10:28:00,383.61,383.61,383.6,383.6,966.0,383.6192,31,
2026-03-24 10:30:00,383.6,383.6,383.6,383.6,154.0,383.5676,10,
2026-03-24 10:33:00,383.63,383.64,383.63,383.64,283.0,383.6395,16,
2026-03-24 10:34:00,383.63,383.63,383.63,383.63,516.0,383.5442,35,
2026-03-24 10:35:00,383.33,383.33,383.33,383.33,120.0,383.3217,2,
2026-03-24 10:37:00,383.64,383.64,383.33,383.33,379.0,383.4879,12,
2026-03-24 10:41:00,383.73,383.74,383.73,383.74,324.0,383.7273,22,
2026-03-24 10:44:00,383.81,383.97,383.81,383.97,412.0,383.8781,15,
2026-03-24 10:45:00,384.0,384.0,384.0,384.0,150.0,383.9686,12,
2026-03-24 10:48:00,383.58,383.58,383.51,383.51,485.0,383.5377,24,
2026-03-24 10:57:00,383.65,383.65,383.65,383.65,279.0,383.6519,13,
2026-03-24 10:59:00,383.77,383.77,383.77,383.77,66.0,383.7686,13,
2026-03-24 11:00:00,383.63,384.3,383.401,384.3,5868.0,383.866,373,
2026-03-24 11:01:00,383.72,383.79,383.72,383.72,574.0,383.7654,26,
2026-03-24 11:02:00,383.79,383.79,383.6,383.6,737.0,383.7143,35,
2026-03-24 11:03:00,383.52,383.87,383.35,383.87,1185.0,383.4919,28,
2026-03-24 11:04:00,383.85,383.85,383.7,383.84,407.0,383.8228,10,
2026-03-24 11:05:00,383.9,383.9,383.9,383.9,89.0,383.8998,13,
2026-03-24 11:07:00,384.0,384.0,383.9,383.9,850.0,383.9632,25,
2026-03-24 11:08:00,384.0,384.01,384.0,384.01,326.0,383.9978,12,
2026-03-24 11:09:00,384.0,384.0,383.96,383.96,603.0,383.9854,23,
2026-03-24 11:10:00,384.0,384.0,384.0,384.0,182.0,384.0,7,
2026-03-24 11:14:00,383.89,383.91,383.89,383.91,855.0,383.9078,35,
2026-03-24 11:15:00,383.85,383.85,383.52,383.52,630.0,383.6588,29,
2026-03-24 11:16:00,383.52,383.53,383.5,383.52,2180.0,383.5169,44,
2026-03-24 11:17:00,383.5,383.5,383.39,383.39,414.0,383.4529,21,
2026-03-24 11:18:00,383.52,383.52,383.52,383.52,320.0,383.5136,12,
2026-03-24 11:26:00,383.5,383.5,383.5,383.5,145.0,383.4993,4,
2026-03-24 11:27:00,383.6,383.6,383.6,383.6,374.0,383.5808,10,
2026-03-24 11:30:00,383.6,383.6,383.56,383.56,538.0,383.5623,11,
2026-03-24 11:31:00,383.43,383.43,383.42,383.42,317.0,383.4359,11,
2026-03-24 11:32:00,383.44,383.44,383.44,383.44,263.0,383.4629,11,
2026-03-24 11:33:00,383.55,383.55,383.42,383.42,481.0,383.473,15,
2026-03-24 11:35:00,383.6,383.6,383.48,383.48,276.0,383.532,15,
2026-03-24 11:37:00,383.54,383.59,383.54,383.59,529.0,383.5418,25,
2026-03-24 11:41:00,383.41,383.41,383.41,383.41,297.0,383.421,27,
2026-03-24 11:43:00,383.41,383.41,383.28,383.28,1099.0,383.3237,56,
2026-03-24 11:44:00,383.25,383.25,383.13,383.25,1086.0,383.2166,42,
2026-03-24 11:46:00,383.61,383.78,383.61,383.78,1000.0,383.7021,24,
2026-03-24 11:47:00,383.78,383.78,383.78,383.78,344.0,383.7732,5,
2026-03-24 11:48:00,383.82,383.88,383.82,383.88,305.0,383.8549,12,
2026-03-24 11:51:00,383.6,383.6,383.55,383.55,236.0,383.5138,25,
2026-03-24 11:52:00,383.21,383.21,383.0,383.02,3017.0,383.0478,208,
2026-03-24 11:53:00,382.72,382.72,382.4,382.4,1578.0,382.5286,101,
2026-03-24 11:54:00,382.65,383.01,382.65,383.01,220.0,382.725,14,
2026-03-24 11:55:00,383.01,383.01,383.01,383.01,346.0,383.0054,9,
2026-03-24 11:56:00,383.0,383.0,383.0,383.0,113.0,383.0021,7,
2026-03-24 11:57:00,383.15,383.15,383.15,383.15,120.0,383.1493,4,
2026-03-24 11:59:00,383.2,383.2,383.19,383.2,1128.0,383.196,40,
2026-03-24 12:00:00,383.08,386.21,382.02,383.0726,36033.889473,383.5811,1775,
2026-03-24 12:01:00,384.15,384.5,380.65,383.0001,38237.04149,382.6532,4371,
2026-03-24 12:02:00,384.1297,384.1297,383.0,383.0,422.9813,384.4269,115,
2026-03-24 12:03:00,383.4,383.4,383.4,383.4,322.769,384.2609,28,
2026-03-24 12:04:00,383.03,383.16,382.97,382.97,700.023973,383.0486,38,
2026-03-24 12:05:00,382.88,384.15,382.88,384.15,3693.145134,382.8643,168,
2026-03-24 12:06:00,381.36,383.1,381.36,382.74,4228.018948,382.7086,198,
2026-03-24 12:07:00,382.76,382.9266,382.76,382.9266,328.041462,382.8796,15,
2026-03-24 12:08:00,382.76,382.76,382.76,382.76,784.042123,382.7845,40,
2026-03-24 12:09:00,382.6,382.86,382.6,382.6731,742.070972,382.7871,30,
2026-03-24 12:10:00,383.0,383.0,383.0,383.0,197.0,382.9835,19,
2026-03-24 12:11:00,382.91,383.05,382.7762,382.8,1213.701743,383.1633,33,
2026-03-24 12:12:00,382.82,383.0,382.82,383.0,1079.274,383.0441,21,
2026-03-24 12:13:00,383.0,383.0,383.0,383.0,202.099,383.1668,19,
2026-03-24 12:14:00,383.19,383.19,383.19,383.19,113.87716,386.1326,14,
2026-03-24 12:15:00,383.19,383.19,383.19,383.19,199.795043,384.7146,18,
2026-03-24 12:16:00,383.0,383.0,382.86,382.86,624.592462,383.2842,45,
2026-03-24 12:17:00,383.0,383.08,383.0,383.08,315.515,383.6248,26,
2026-03-24 12:18:00,383.06,383.06,382.9303,382.9303,318.02,383.0275,23,
2026-03-24 12:19:00,383.07,383.08,383.0,383.0,1033.176845,383.129,30,
2026-03-24 12:20:00,383.0,383.0,382.87,382.87,531.352767,383.2235,20,
2026-03-24 12:21:00,383.0,383.0,382.87,382.87,432.175924,383.0648,23,
2026-03-24 12:22:00,382.95,382.95,382.9,382.9,411.74361,383.6116,19,
2026-03-24 12:23:00,382.91,382.91,382.91,382.91,71.033028,383.0785,15,
2026-03-24 12:24:00,382.98,382.98,382.98,382.98,336.0,382.9691,14,
2026-03-24 12:25:00,383.0211,383.0211,383.0211,383.0211,175.0,382.9761,21,
2026-03-24 12:26:00,383.12,383.38,383.12,383.22,3353.411694,383.2663,67,
2026-03-24 12:27:00,383.21,383.55,383.21,383.55,803.099833,383.4783,66,
2026-03-24 12:29:00,383.45,383.45,383.27,383.27,390.0,383.2998,26,
2026-03-24 12:30:00,383.27,383.27,383.2,383.2,427.105301,383.3216,33,
2026-03-24 12:31:00,382.974,382.974,382.974,382.974,159.109895,383.2708,56,
2026-03-24 12:32:00,382.9304,382.9304,382.81,382.81,499.044909,382.9189,54,
2026-03-24 12:33:00,382.75,382.75,382.4,382.4,1545.089381,382.5958,118,
2026-03-24 12:34:00,382.25,382.5,382.25,382.5,480.026851,382.455,49,
2026-03-24 12:35:00,382.72,382.72,382.4,382.4,369.0,382.5479,37,
2026-03-24 12:36:00,382.31,382.7414,382.31,382.51,355.376735,382.9489,30,
2026-03-24 12:37:00,382.5,382.66,382.25,382.25,1240.216587,382.5487,77,
2026-03-24 12:38:00,382.13,382.2,382.0,382.0,1233.265059,382.2028,78,
2026-03-24 12:39:00,382.17,382.41,382.15,382.3,902.058577,382.2532,63,
2026-03-24 12:40:00,382.32,382.3201,382.32,382.32,1341.831004,382.5541,24,
2026-03-24 12:41:00,382.3,382.49,382.3,382.35,1086.0,382.3988,33,
2026-03-24 12:42:00,382.3,382.48,382.22,382.3,740.0,382.3956,21,
2026-03-24 12:43:00,382.4436,382.4436,382.15,382.15,847.042652,382.2786,56,
2026-03-24 12:44:00,382.25,382.25,382.06,382.06,683.00276,382.1523,30,
2026-03-24 12:45:00,382.1,382.14,382.0,382.14,803.813193,382.4836,39,
2026-03-24 12:46:00,382.24,382.29,382.24,382.29,428.0,382.28,31,
2026-03-24 12:47:00,382.22,382.3,382.1,382.25,763.048703,382.21,34,
2026-03-24 12:48:00,382.25,382.25,382.2,382.2,360.261452,382.5036,22,
2026-03-24 12:49:00,382.3559,382.3559,382.27,382.27,226.00831,382.2738,25,
2026-03-24 12:50:00,382.18,382.24,382.0,382.19,4679.017633,382.1268,167,
2026-03-24 12:51:00,382.25,382.3,382.24,382.3,5752.0,382.2966,34,
2026-03-24 12:52:00,382.4,382.56,382.3021,382.56,1061.0,382.4876,46,
2026-03-24 12:53:00,382.69,382.75,382.5,382.5,386.007947,382.6205,27,
2026-03-24 12:54:00,382.41,382.41,382.3,382.3,5263.1,382.3171,43,
2026-03-24 12:55:00,382.3,382.56,382.25,382.25,537.55851,382.7395,23,
2026-03-24 12:56:00,382.44,382.44,382.3,382.3,540.0,382.3182,37,
2026-03-24 12:57:00,382.2,382.2756,382.2,382.2,881.689307,382.5195,18,
2026-03-24 12:58:00,382.11,382.3,382.11,382.3,884.0,382.1897,27,
2026-03-24 12:59:00,382.2465,382.2465,382.0,382.05,891.787992,382.4157,51,
2026-03-24 13:00:00,382.15,382.15,381.98,382.01,3728.656901,382.0794,176,
2026-03-24 13:01:00,382.1,382.15,382.1,382.15,659.0,382.1743,24,
2026-03-24 13:02:00,382.39,382.56,382.39,382.56,888.023852,382.432,45,
2026-03-24 13:03:00,382.5,382.55,382.4153,382.45,780.00795,382.4922,36,
2026-03-24 13:04:00,382.47,382.5,382.45,382.49,1491.0,382.467,47,
2026-03-24 13:05:00,382.48,382.67,382.48,382.62,1367.000261,382.5695,42,
2026-03-24 13:06:00,382.66,382.74,382.53,382.53,1248.013263,382.6546,61,
2026-03-24 13:07:00,382.45,382.45,381.96,382.28,4404.479007,382.2431,200,
2026-03-24 13:08:00,382.2575,382.27,381.99,382.1,1969.388998,382.2775,59,
2026-03-24 13:09:00,382.1,382.1,381.35,381.76,4932.849592,381.7645,343,
2026-03-24 13:10:00,381.8,382.28,381.74,382.28,2917.119652,381.8827,94,
2026-03-24 13:11:00,382.04,382.04,382.0,382.01,424.0,382.0378,25,
2026-03-24 13:12:00,382.23,382.38,382.01,382.3263,768.03205,382.2245,62,
2026-03-24 13:13:00,382.27,382.32,382.1008,382.29,543.959959,382.9144,32,
2026-03-24 13:15:00,382.2,382.4,382.1755,382.32,1529.018522,382.3098,63,
2026-03-24 13:16:00,382.28,382.28,382.25,382.25,603.505751,382.5799,28,
2026-03-24 13:17:00,382.31,382.31,382.17,382.3,1095.0,382.2673,40,
2026-03-24 13:18:00,382.38,382.44,382.38,382.4338,980.048235,382.396,59,
2026-03-24 13:19:00,382.2,382.48,382.2,382.38,540536.0,382.9984,39,
2026-03-24 13:20:00,382.48,382.59,382.34,382.34,1599.002652,382.4328,48,
2026-03-24 13:21:00,382.45,382.57,382.36,382.57,1186.0,382.4567,59,
2026-03-24 13:22:00,382.5488,382.74,382.5488,382.71,2050.199689,382.6754,89,
2026-03-24 13:23:00,382.6,382.74,382.6,382.7,1992.008018,382.6853,65,
2026-03-24 13:24:00,382.7,383.14,382.66,382.85,16705.064391,382.8855,378,
2026-03-24 13:25:00,382.81,382.95,382.4458,382.7499,5511.048967,382.6467,145,
2026-03-24 13:26:00,382.4733,382.7,382.38,382.39,3247.890843,382.5669,122,
2026-03-24 13:27:00,382.41,382.5,380.8,380.82,15117.9216,381.7539,670,
2026-03-24 13:28:00,381.16,382.5,381.16,382.0,4419.002646,381.8675,163,
2026-03-24 13:29:00,382.35,382.58,382.04,382.47,5093.957031,382.4119,195,
2026-03-24 13:30:00,382.36,382.47,379.3422,380.285,820883.393815,381.3925,23480,
2026-03-24 13:31:00,380.285,381.12,380.05,380.74,128035.739914,380.6112,4045,
2026-03-24 13:32:00,380.76,381.045,380.05,380.1248,121651.260582,380.5705,4237,
2026-03-24 13:33:00,380.13,380.86,380.12,380.32,114028.743099,380.4791,3435,
2026-03-24 13:34:00,380.38,380.504,379.94,380.44,82533.905699,380.193,2827,
2026-03-24 13:35:00,380.44,380.44,378.73,378.73,243767.609743,379.4752,7802,
2026-03-24 13:36:00,378.73,379.0399,377.78,378.0493,206371.75532,378.2998,7179,
2026-03-24 13:37:00,378.07,378.21,377.375,377.45,165885.480208,377.8154,5066,
2026-03-24 13:38:00,377.49,377.85,376.98,377.05,150563.251914,377.366,5534,
2026-03-24 13:39:00,377.01,377.21,376.5,376.59,181121.612741,376.7976,5123,
2026-03-24 13:40:00,376.6105,376.913,376.39,376.59,133820.525429,376.6307,4104,
2026-03-24 13:41:00,376.63,376.71,375.7,375.7,184905.473382,376.1613,6480,
2026-03-24 13:42:00,375.715,376.42,375.715,376.42,121863.631724,376.0905,3887,
2026-03-24 13:43:00,376.44,376.44,375.62,375.9,123607.870375,376.0452,4231,
2026-03-24 13:44:00,375.8699,376.22,375.62,376.1,90235.492167,375.8794,3347,
2026-03-24 13:45:00,376.15,377.03,375.87,376.6001,94527.010992,376.5969,3682,
2026-03-24 13:46:00,376.66,377.62,376.6,377.58,114780.367641,377.1548,3650,
2026-03-24 13:47:00,377.58,377.58,376.73,376.95,174684.907021,377.0901,4168,
2026-03-24 13:48:00,376.96,377.33,376.48,376.55,90483.1939,376.9279,3049,
2026-03-24 13:49:00,376.6,376.82,376.32,376.49,46785.834431,376.5746,2527,
2026-03-24 13:50:00,376.49,376.85,376.33,376.585,51876.44026,376.6411,2518,
2026-03-24 13:51:00,376.585,376.6099,376.0,376.19,78297.816753,376.3343,3057,
2026-03-24 13:52:00,376.19,376.74,375.9451,376.53,90452.875909,376.3032,3256,
2026-03-24 13:53:00,376.545,376.7495,376.23,376.34,65397.198028,376.5149,2534,
2026-03-24 13:54:00,376.35,376.52,375.95,376.15,78958.247568,376.287,2957,
2026-03-24 13:55:00,376.14,376.22,375.82,375.87,63211.78448,376.0694,2802,
2026-03-24 13:56:00,375.935,376.15,375.38,375.5104,157778.217662,375.7531,5221,
2026-03-24 13:57:00,375.535,375.82,375.45,375.665,140837.758423,375.6305,3656,
2026-03-24 13:58:00,375.71,375.825,375.22,375.55,164941.647949,375.4204,4134,
2026-03-24 13:59:00,375.53,375.626,375.3,375.5,103946.32748,375.4642,3234,
2026-03-24 14:00:00,375.49,376.1613,375.445,376.07,137473.8762,375.9063,3933,
2026-03-24 14:01:00,376.075,376.22,375.75,375.82,76054.112736,375.9822,3084,
2026-03-24 14:02:00,375.8,375.8,375.39,375.62,93413.50282,375.63,3262,
2026-03-24 14:03:00,375.6499,375.67,375.03,375.03,102618.164611,375.3339,4434,
2026-03-24 14:04:00,375.14,375.47,374.78,374.9535,367762.806137,375.0366,15314,
2026-03-24 14:05:00,375.0,375.13,374.24,374.43,187954.955421,374.6705,5909,
2026-03-24 14:06:00,374.43,374.47,373.92,374.1815,225873.6588,374.2062,7415,
2026-03-24 14:07:00,374.18,374.74,374.12,374.28,191897.716206,374.3847,5210,
2026-03-24 14:08:00,374.285,374.74,374.1,374.695,126539.955127,374.3484,3762,
2026-03-24 14:09:00,374.6701,374.79,374.43,374.65,108894.570948,374.5575,3438,
2026-03-24 14:10:00,374.61,374.77,373.92,373.9721,194981.687335,374.2909,5269,
2026-03-24 14:11:00,373.9257,374.12,373.77,373.87,137102.424958,373.9371,4308,
2026-03-24 14:12:00,373.89,374.0,373.25,373.33,158172.959596,373.5625,5402,
2026-03-24 14:13:00,373.37,373.5,372.72,372.92,272078.566417,372.9887,8177,
2026-03-24 14:14:00,372.9,373.2,372.76,373.039,236126.383201,373.0068,5953,
2026-03-24 14:15:00,373.03,373.08,372.54,372.62,181215.483602,372.8303,5666,
2026-03-24 14:16:00,372.64,372.89,372.4,372.84,196102.029244,372.6837,5491,
2026-03-24 14:17:00,372.865,373.06,372.64,373.0245,128832.75214,372.8338,4435,
2026-03-24 14:18:00,373.035,373.54,372.79,373.23,176201.220109,373.2327,4907,
2026-03-24 14:19:00,373.23,373.3199,373.035,373.1,100433.220665,373.1723,3898,
2026-03-24 14:20:00,373.11,373.21,372.77,372.961,226409.424179,372.9941,5412,
2026-03-24 14:21:00,372.975,373.37,372.9,373.2,297749.323671,373.1118,5110,
2026-03-24 14:22:00,373.23,373.3,372.61,372.73,182439.215397,373.0262,5382,
2026-03-24 14:23:00,372.715,373.23,372.715,373.06,134992.132751,373.07,3960,
2026-03-24 14:24:00,373.07,373.23,372.84,372.88,123010.212919,373.0743,3599,
2026-03-24 14:25:00,372.87,373.0486,372.75,372.775,73645.202502,372.9058,3115,
2026-03-24 14:26:00,372.76,372.95,372.6,372.82,101627.550188,372.7831,3649,
2026-03-24 14:27:00,372.83,373.18,372.82,373.055,103643.115789,372.9997,3476,
2026-03-24 14:28:00,373.04,373.38,372.97,373.07,105797.172224,373.1614,3954,
2026-03-24 14:29:00,373.08,373.1,372.63,372.81,147224.449637,372.8539,4532,
2026-03-24 14:30:00,372.805,373.0,372.56,372.72,102616.843006,372.8271,3490,
2026-03-24 14:31:00,372.72,372.92,372.45,372.715,81174.408482,372.7101,3766,
2026-03-24 14:32:00,372.74,373.0,372.6,372.94,85461.688935,372.7906,2826,
2026-03-24 14:33:00,372.92,373.1,372.81,373.025,120758.822563,373.0218,3403,
2026-03-24 14:34:00,373.025,373.18,372.915,373.1,151908.512076,373.0329,3977,
2026-03-24 14:35:00,373.1,373.3,373.05,373.14,155000.074607,373.1688,4194,
2026-03-24 14:36:00,373.12,373.12,372.7,372.8277,80089.955087,372.8654,3685,
2026-03-24 14:37:00,372.8,372.94,372.49,372.52,89275.321554,372.6714,3907,
2026-03-24 14:38:00,372.54,373.09,372.28,372.92,165825.90236,372.6188,4983,
2026-03-24 14:39:00,372.925,373.94,372.87,373.85,191049.416946,373.6076,5191,
2026-03-24 14:40:00,373.87,374.33,373.7,374.28,183523.042615,374.0152,5036,
2026-03-24 14:41:00,374.26,374.75,374.01,374.5394,205027.513695,374.4165,4871,
2026-03-24 14:42:00,374.54,374.99,374.42,374.96,151287.91707,374.702,3658,
2026-03-24 14:43:00,374.95,374.99,374.6,374.68,159725.596672,374.8534,4800,
2026-03-24 14:44:00,374.6809,374.82,374.4404,374.74,69645.084738,374.679,2779,
2026-03-24 14:45:00,374.72,374.84,374.33,374.38,91788.162035,374.6199,3158,
2026-03-24 14:46:00,374.375,374.95,374.368,374.84,104022.685229,374.5436,2817,
2026-03-24 14:47:00,374.8912,374.9,374.315,374.65,133849.471095,374.6542,3542,
2026-03-24 14:48:00,374.69,374.83,374.5287,374.7491,51387.659584,374.7179,2168,
2026-03-24 14:49:00,374.77,374.85,374.04,374.04,129342.585223,374.3926,3307,
2026-03-24 14:50:00,374.06,374.07,373.6001,373.86,103178.771223,373.8234,3540,
2026-03-24 14:51:00,373.9,375.47,373.9,375.37,119781.070113,374.7413,3744,
2026-03-24 14:52:00,375.395,376.17,375.33,375.475,228758.068592,375.8133,6062,
2026-03-24 14:53:00,375.5,375.825,375.04,375.765,116394.070428,375.35,3413,
2026-03-24 14:54:00,375.74,375.83,375.02,375.16,76827.45477,375.4815,2998,
2026-03-24 14:55:00,375.18,375.6299,375.0,375.5305,62991.483011,375.2173,2619,
2026-03-24 14:56:00,375.51,375.69,375.24,375.24,105927.108465,375.4708,2670,
2026-03-24 14:57:00,375.19,375.2999,374.67,374.7,84672.494197,374.8776,3043,
2026-03-24 14:58:00,374.69,374.69,373.69,373.69,129907.547883,374.0468,4408,
2026-03-24 14:59:00,373.69,373.795,372.53,373.125,235312.867517,373.1503,7547,
2026-03-24 15:00:00,373.12,374.07,373.08,373.89,89172.947026,373.6676,3269,
2026-03-24 15:01:00,373.9,374.2699,373.83,374.1,89050.163727,374.0789,2830,
2026-03-24 15:02:00,374.11,374.32,373.87,374.245,126409.801941,374.104,3084,
2026-03-24 15:03:00,374.245,374.42,373.91,374.2412,154684.702977,374.0962,3616,
2026-03-24 15:04:00,374.255,374.3678,373.95,374.075,101608.17824,374.1335,2962,
2026-03-24 15:05:00,374.085,374.13,373.82,373.92,98812.003039,373.9445,3009,
2026-03-24 15:06:00,373.92,374.07,373.73,373.9875,92453.265986,373.9182,2799,
2026-03-24 15:07:00,374.0,374.3,373.94,374.0,76159.228143,374.0922,2594,
2026-03-24 15:08:00,374.04,374.14,373.6975,373.775,54324.716981,373.9763,2628,
2026-03-24 15:09:00,373.7924,373.88,373.45,373.6,97669.905532,373.6215,3296,
2026-03-24 15:10:00,373.56,373.8,373.34,373.76,87535.65608,373.5502,2793,
2026-03-24 15:11:00,373.8,374.1,373.7,373.78,102225.203963,373.8781,2959,
2026-03-24 15:12:00,373.73,373.98,373.71,373.8,54314.199207,373.831,2192,
2026-03-24 15:13:00,373.78,373.81,373.46,373.54,56740.36367,373.6129,2481,
2026-03-24 15:14:00,373.54,373.85,373.345,373.79,69669.892673,373.5473,2587,
2026-03-24 15:15:00,373.84,373.9,373.69,373.85,50363.35372,373.7857,2148,
2026-03-24 15:16:00,373.865,373.98,373.61,373.96,70218.109951,373.7661,2490,
2026-03-24 15:17:00,373.95,374.06,373.27,373.44,141677.394341,373.719,4031,
2026-03-24 15:18:00,373.47,373.84,373.46,373.625,68778.407117,373.645,2465,
2026-03-24 15:19:00,373.62,373.62,373.35,373.48,101734.902571,373.4961,3083,
2026-03-24 15:20:00,373.49,373.49,373.13,373.22,140139.151733,373.2521,3673,
2026-03-24 15:21:00,373.23,373.43,373.06,373.145,103524.181119,373.212,3285,
2026-03-24 15:22:00,373.145,373.48,373.01,373.44,95174.107582,373.2146,2877,
2026-03-24 15:23:00,373.42,373.44,373.11,373.34,88923.702564,373.2713,3167,
2026-03-24 15:24:00,373.3557,373.58,373.34,373.545,96438.311744,373.4357,3077,
2026-03-24 15:25:00,373.53,373.98,373.36,373.94,92042.489381,373.6025,2726,
2026-03-24 15:26:00,373.97,373.99,373.75,373.93,87745.419398,373.8744,2624,
2026-03-24 15:27:00,373.93,373.93,373.46,373.58,105126.088761,373.6955,3247,
2026-03-24 15:28:00,373.6,373.77,373.45,373.475,77979.251202,373.6012,2526,
2026-03-24 15:29:00,373.47,373.57,373.22,373.5366,66494.521972,373.464,2602,
2026-03-24 15:30:00,373.54,373.77,373.5,373.55,92688.804478,373.627,2771,
2026-03-24 15:31:00,373.5301,374.21,373.4901,373.855,116385.914231,373.791,2891,
2026-03-24 15:32:00,373.8895,373.9499,373.54,373.655,67559.109605,373.7331,2441,
2026-03-24 15:33:00,373.65,373.6693,373.37,373.415,50288.522543,373.5181,2245,
2026-03-24 15:34:00,373.44,373.68,373.39,373.4007,47156.701215,373.5527,2085,
2026-03-24 15:35:00,373.4399,373.61,373.37,373.49,41192.320608,373.5003,1906,
2026-03-24 15:36:00,373.49,373.62,373.4,373.48,62854.845718,373.472,1860,
2026-03-24 15:37:00,373.48,373.72,373.33,373.69,46951.216141,373.5099,2222,
2026-03-24 15:38:00,373.705,373.99,373.63,373.965,50044.03597,373.8649,2096,
2026-03-24 15:39:00,373.965,374.26,373.84,373.87,73923.649412,374.0356,2673,
2026-03-24 15:40:00,373.84,373.99,373.65,373.76,57818.846576,373.8589,2226,
2026-03-24 15:41:00,373.7799,373.7799,373.43,373.64,63162.059979,373.6213,2598,
2026-03-24 15:42:00,373.6607,373.8,373.53,373.605,40849.17176,373.6567,2001,
2026-03-24 15:43:00,373.62,373.67,373.43,373.61,45298.1428,373.5599,1649,
2026-03-24 15:44:00,373.64,373.71,373.54,373.69,48814.81283,373.6372,1667,
2026-03-24 15:45:00,373.63,373.69,373.48,373.655,39372.91017,373.608,1437,
2026-03-24 15:46:00,373.67,373.77,373.53,373.77,44137.294375,373.6546,1593,
2026-03-24 15:47:00,373.7461,373.78,373.64,373.74,45017.152081,373.7258,1623,
2026-03-24 15:48:00,373.78,373.78,373.56,373.75,49045.43855,373.7004,1417,
2026-03-24 15:49:00,373.74,373.91,373.7,373.86,38353.715974,373.8384,1462,
2026-03-24 15:50:00,373.83,374.12,373.8,373.85,50054.321907,373.9218,1572,
2026-03-24 15:51:00,373.86,374.205,373.86,374.11,44835.377581,374.0302,1444,
2026-03-24 15:52:00,374.11,374.11,373.8,373.92,47323.451496,373.9607,1789,
2026-03-24 15:53:00,373.9,373.93,373.54,373.68,42220.309123,373.7429,2012,
2026-03-24 15:54:00,373.68,373.739,373.52,373.56,42279.984154,373.6646,1515,
2026-03-24 15:55:00,373.5401,373.56,373.16,373.257,87184.312179,373.3681,2939,
2026-03-24 15:56:00,373.25,373.34,372.64,372.75,178614.013288,372.9962,6316,
2026-03-24 15:57:00,372.76,373.0404,372.72,372.86,68376.867328,372.9175,1927,
2026-03-24 15:58:00,372.835,373.11,372.835,372.8901,57249.55701,373.0157,1609,
2026-03-24 15:59:00,372.89,373.07,372.65,372.665,61638.115831,372.9115,2041,
2026-03-24 16:00:00,372.64,372.88,372.61,372.74,63093.327023,372.7334,1897,
2026-03-24 16:01:00,372.75,372.7899,372.15,372.25,172707.816607,372.4523,5282,
2026-03-24 16:02:00,372.26,372.48,372.23,372.38,88332.827925,372.3532,2196,
2026-03-24 16:03:00,372.38,372.638,372.3,372.48,72928.687565,372.4796,1996,
2026-03-24 16:04:00,372.49,372.65,372.42,372.475,36616.567492,372.5528,1355,
2026-03-24 16:05:00,372.48,372.64,372.3675,372.41,48675.527578,372.4672,1492,
2026-03-24 16:06:00,372.4,372.48,372.24,372.36,79234.271139,372.3761,2162,
2026-03-24 16:07:00,372.36,372.5395,372.31,372.35,54593.787018,372.4161,1622,
2026-03-24 16:08:00,372.36,372.39,372.2313,372.28,62455.769447,372.3187,1858,
2026-03-24 16:09:00,372.3095,372.7164,372.291,372.71,61387.171262,372.4894,1592,
2026-03-24 16:10:00,372.71,372.72,372.54,372.695,39895.06519,372.619,1471,
2026-03-24 16:11:00,372.685,372.75,372.34,372.39,61957.40945,372.5232,2011,
2026-03-24 16:12:00,372.3899,372.5399,372.31,372.34,53385.520451,372.4017,1555,
2026-03-24 16:13:00,372.33,372.4307,372.2291,372.42,66515.094786,372.3411,1774,
2026-03-24 16:14:00,372.4,372.74,372.37,372.74,65583.208471,372.5289,1735,
2026-03-24 16:15:00,372.74,373.28,372.72,373.23,129260.051411,372.9813,2484,
2026-03-24 16:16:00,373.238,373.64,373.16,373.59,61611.87783,373.4056,1593,
2026-03-24 16:17:00,373.615,373.8175,373.55,373.7584,47862.785426,373.6837,1546,
2026-03-24 16:18:00,373.7586,373.76,373.4101,373.58,53840.847561,373.5821,1534,
2026-03-24 16:19:00,373.6,373.7,373.574,373.63,30914.43376,373.6499,1116,
2026-03-24 16:20:00,373.63,373.6457,373.38,373.48,62664.923586,373.4905,1552,
2026-03-24 16:21:00,373.51,373.59,373.26,373.5,41941.932928,373.4174,1312,
2026-03-24 16:22:00,373.53,373.81,373.53,373.765,49808.852263,373.6115,1386,
2026-03-24 16:23:00,373.77,373.79,373.63,373.65,80583.385146,373.7052,1516,
2026-03-24 16:24:00,373.65,373.7999,373.52,373.7999,49016.072832,373.619,1600,
2026-03-24 16:25:00,373.7601,373.83,373.46,373.475,51651.795043,373.5939,1694,
2026-03-24 16:26:00,373.47,373.8213,373.47,373.74,39618.690257,373.7248,1260,
2026-03-24 16:27:00,373.77,373.9388,373.65,373.9388,64620.288252,373.7578,1636,
2026-03-24 16:28:00,373.9355,374.1,373.84,374.04,43777.869923,373.9574,1402,
2026-03-24 16:29:00,374.03,374.03,373.865,373.95,53408.118568,373.9248,1507,
2026-03-24 16:30:00,373.915,374.0961,373.89,373.97,40567.081294,373.9577,1329,
2026-03-24 16:31:00,373.9703,374.23,373.95,374.18,89067.063055,374.054,1309,
2026-03-24 16:32:00,374.185,374.1895,373.78,373.925,50606.87976,373.9555,1661,
2026-03-24 16:33:00,373.91,373.948,373.5301,373.55,36653.109207,373.7628,1418,
2026-03-24 16:34:00,373.55,373.63,373.42,373.46,49395.282765,373.5408,1578,
2026-03-24 16:35:00,373.48,373.5,372.86,373.04,88031.713935,373.1908,3028,
2026-03-24 16:36:00,373.06,373.2099,373.0,373.0151,31276.061601,373.0848,1166,
2026-03-24 16:37:00,373.0,373.24,372.86,372.875,38393.229183,373.0561,1453,
2026-03-24 16:38:00,372.9,373.16,372.8,373.115,55977.44212,372.9518,1566,
2026-03-24 16:39:00,373.09,373.1099,372.79,372.79,38222.979364,372.9116,1341,
2026-03-24 16:40:00,372.82,373.03,372.74,372.785,45619.88992,372.893,1383,
2026-03-24 16:41:00,372.795,373.04,372.7,372.9896,43024.363785,372.8525,1219,
2026-03-24 16:42:00,372.99,373.1335,372.92,373.11,33698.642856,373.0047,1115,
2026-03-24 16:43:00,373.11,373.34,373.06,373.34,45348.288777,373.1727,1305,
2026-03-24 16:44:00,373.335,373.4608,373.2348,373.42,32393.93715,373.3443,1091,
2026-03-24 16:45:00,373.46,373.81,373.44,373.74,37580.187874,373.6163,1305,
2026-03-24 16:46:00,373.71,373.87,373.67,373.74,29545.957221,373.757,1129,
2026-03-24 16:47:00,373.74,373.75,373.63,373.69,33657.63217,373.689,1200,
2026-03-24 16:48:00,373.695,373.695,373.42,373.43,49461.738979,373.5618,1495,
2026-03-24 16:49:00,373.445,373.55,373.36,373.4726,31387.775088,373.4633,1101,
2026-03-24 16:50:00,373.47,373.7,373.42,373.66,30029.593897,373.5941,1018,
2026-03-24 16:51:00,373.66,373.7601,373.62,373.75,28597.114324,373.6839,1093,
2026-03-24 16:52:00,373.75,373.88,373.73,373.815,36322.778438,373.7899,1256,
2026-03-24 16:53:00,373.825,373.96,373.66,373.88,60641.000319,373.7839,1408,
2026-03-24 16:54:00,373.88,373.9023,373.59,373.615,34600.029627,373.756,1176,
2026-03-24 16:55:00,373.64,373.6825,373.16,373.2201,84517.927825,373.3925,2140,
2026-03-24 16:56:00,373.22,373.74,373.22,373.72,44131.01273,373.5966,1148,
2026-03-24 16:57:00,373.71,373.765,373.3901,373.45,54440.194506,373.6011,1469,
2026-03-24 16:58:00,373.4345,373.68,373.43,373.5799,34883.052255,373.5869,1094,
2026-03-24 16:59:00,373.545,373.63,373.4725,373.59,48377.530202,373.5779,1251,
2026-03-24 17:00:00,373.615,373.79,373.59,373.595,36997.550322,373.6789,1131,
2026-03-24 17:01:00,373.59,373.59,373.32,373.43,44443.369089,373.4508,1368,
2026-03-24 17:02:00,373.42,373.45,373.04,373.13,39662.587555,373.2264,1445,
2026-03-24 17:03:00,373.15,373.17,372.7811,372.79,76920.295147,373.0001,2461,
2026-03-24 17:04:00,372.86,372.91,372.53,372.54,44378.484641,372.7393,1483,
2026-03-24 17:05:00,372.54,372.54,372.03,372.13,607945.725025,373.1005,3819,
2026-03-24 17:06:00,372.06,372.59,372.06,372.45,75322.98991,372.3946,1794,
2026-03-24 17:07:00,372.42,372.53,372.19,372.335,43041.456371,372.3907,1360,
2026-03-24 17:08:00,372.36,372.47,372.28,372.305,53979.837304,372.3865,1213,
2026-03-24 17:09:00,372.32,372.4999,372.26,372.33,35549.312322,372.37,969,
2026-03-24 17:10:00,372.29,372.47,372.15,372.315,51899.408341,372.2624,1240,
2026-03-24 17:11:00,372.38,372.51,372.34,372.3701,79162.207459,372.4082,1582,
2026-03-24 17:12:00,372.41,372.48,372.14,372.22,45388.812151,372.358,1455,
2026-03-24 17:13:00,372.24,372.75,372.2101,372.74,94552.129198,372.4788,1804,
2026-03-24 17:14:00,372.72,372.82,372.5,372.72,64502.660509,372.629,1463,
2026-03-24 17:15:00,372.72,372.76,372.5912,372.6,58177.35822,372.6902,1634,
2026-03-24 17:16:00,372.605,372.62,372.29,372.385,125752.358312,372.3864,2193,
2026-03-24 17:17:00,372.3701,372.44,371.85,371.9205,564869.158774,372.2407,9446,
2026-03-24 17:18:00,371.88,372.15,371.87,372.01,53606.178758,371.9987,1655,
2026-03-24 17:19:00,372.01,372.27,371.96,372.06,65405.143987,372.1345,1586,
2026-03-24 17:20:00,372.06,372.23,371.96,372.21,74333.637104,372.0932,1891,
2026-03-24 17:21:00,372.2,372.4603,372.2,372.35,46686.02406,372.357,1427,
2026-03-24 17:22:00,372.335,372.43,372.25,372.28,28005.836202,372.3536,1071,
2026-03-24 17:23:00,372.33,372.5,372.23,372.24,51550.169778,372.3607,1485,
2026-03-24 17:24:00,372.23,372.4199,372.13,372.2,62226.984077,372.1944,1335,
2026-03-24 17:25:00,372.225,372.25,372.03,372.1,47155.716582,372.1697,1446,
2026-03-24 17:26:00,372.12,372.32,372.12,372.24,32309.128697,372.224,1236,
2026-03-24 17:27:00,372.21,372.645,372.21,372.5,59721.683386,372.4725,1532,
2026-03-24 17:28:00,372.49,372.785,372.49,372.78,43571.225511,372.6896,1297,
2026-03-24 17:29:00,372.79,372.88,372.72,372.83,74677.24795,372.7881,1579,
2026-03-24 17:30:00,372.83,373.29,372.81,373.2084,46709.273693,373.0343,1613,
2026-03-24 17:31:00,373.195,373.28,373.09,373.26,38356.15813,373.17,1186,
2026-03-24 17:32:00,373.22,373.22,372.75,372.83,51182.734882,372.9745,1549,
2026-03-24 17:33:00,372.8,372.87,372.43,372.61,80698.727516,372.6714,1985,
2026-03-24 17:34:00,372.615,372.72,372.44,372.5099,30334.908691,372.5831,1278,
2026-03-24 17:35:00,372.475,372.69,372.41,372.66,57973.514987,372.5561,1706,
2026-03-24 17:36:00,372.66,372.75,372.6,372.64,37030.750617,372.669,1171,
2026-03-24 17:37:00,372.61,373.1825,372.5809,373.18,62479.136264,372.8511,1720,
2026-03-24 17:38:00,373.17,373.2,372.72,372.75,29545.588209,372.9754,1210,
2026-03-24 17:39:00,372.7462,372.95,372.72,372.935,35765.883804,372.8455,1057,
2026-03-24 17:40:00,372.95,373.17,372.91,372.93,63806.473481,373.0593,1673,
2026-03-24 17:41:00,372.9,373.01,372.76,372.945,24684.713982,372.8874,1057,
2026-03-24 17:42:00,372.92,372.96,372.56,372.71,63644.002198,372.8243,1468,
2026-03-24 17:43:00,372.72,372.78,372.62,372.6501,36042.063812,372.6909,1029,
2026-03-24 17:44:00,372.65,372.68,372.4794,372.635,34098.332915,372.5755,1316,
2026-03-24 17:45:00,372.635,372.64,372.45,372.61,23018.501982,372.575,935,
2026-03-24 17:46:00,372.5851,372.64,372.46,372.63,42303.913711,372.5494,1539,
2026-03-24 17:47:00,372.62,372.64,372.48,372.575,23486.837007,372.5705,1275,
2026-03-24 17:48:00,372.5622,372.765,372.5,372.71,94233.093457,372.7381,1547,
2026-03-24 17:49:00,372.715,372.83,372.67,372.7175,29748.041093,372.7446,1118,
2026-03-24 17:50:00,372.68,372.75,372.61,372.7,38198.061482,372.6748,1260,
2026-03-24 17:51:00,372.67,372.86,372.66,372.74,55276.084317,372.7372,1548,
2026-03-24 17:52:00,372.745,373.24,372.72,372.7999,67335.418063,372.9679,2318,
2026-03-24 17:53:00,372.77,372.8,372.59,372.79,34205.538288,372.6912,1432,
2026-03-24 17:54:00,372.73,372.92,372.69,372.8842,29671.382256,372.7915,1050,
2026-03-24 17:55:00,372.85,373.61,372.71,373.0,170098.575898,373.1855,5812,
2026-03-24 17:56:00,373.035,373.32,372.97,372.97,63783.547386,373.1633,1864,
2026-03-24 17:57:00,373.01,373.1999,372.82,373.05,44697.500502,373.0281,1400,
2026-03-24 17:58:00,373.02,373.31,372.9501,373.2035,51884.47648,373.1632,1409,
2026-03-24 17:59:00,373.22,373.22,372.945,373.18,44785.538488,373.0708,1064,
2026-03-24 18:00:00,373.19,373.73,373.14,373.5,56837.346421,373.4721,1509,
2026-03-24 18:01:00,373.52,373.53,373.26,373.52,62057.791627,373.3752,1574,
2026-03-24 18:02:00,373.52,373.6044,373.33,373.56,46374.243749,373.462,1317,
2026-03-24 18:03:00,373.59,373.64,373.375,373.525,36285.027836,373.4809,1064,
2026-03-24 18:04:00,373.49,373.58,373.26,373.52,39449.837326,373.4187,1216,
2026-03-24 18:05:00,373.52,373.52,373.3701,373.5099,30438.093376,373.4479,1177,
2026-03-24 18:06:00,373.47,373.6,373.43,373.53,38940.769158,373.5192,1232,
2026-03-24 18:07:00,373.545,373.82,373.39,373.81,38911.365697,373.5722,1151,
2026-03-24 18:08:00,373.845,373.87,373.55,373.72,40770.268522,373.7233,1407,
2026-03-24 18:09:00,373.7201,373.87,373.68,373.79,42203.713377,373.7851,1161,
2026-03-24 18:10:00,373.77,373.86,373.65,373.67,53306.513894,373.7616,1417,
2026-03-24 18:11:00,373.67,373.87,373.52,373.84,49054.184045,373.7375,1491,
2026-03-24 18:12:00,373.82,373.88,373.72,373.78,40360.746102,373.8161,1272,
2026-03-24 18:13:00,373.795,373.89,373.75,373.81,30739.0806,373.8238,1123,
2026-03-24 18:14:00,373.83,374.0599,373.8,373.89,69456.361007,373.9217,1741,
2026-03-24 18:15:00,373.915,374.0,373.75,373.91,56198.098312,373.888,1618,
2026-03-24 18:16:00,373.89,374.055,373.69,373.7,62450.983815,373.873,1565,
2026-03-24 18:17:00,373.68,373.68,373.34,373.51,86596.965277,373.5092,2116,
2026-03-24 18:18:00,373.504,373.5901,373.41,373.58,50200.000263,373.4979,1382,
2026-03-24 18:19:00,373.6,374.12,373.6,374.0301,83493.942642,373.8613,2378,
2026-03-24 18:20:00,374.11,374.2455,373.99,374.04,67440.613802,374.0742,1617,
2026-03-24 18:21:00,374.07,374.09,373.88,374.05,41249.447937,373.9663,1384,
2026-03-24 18:22:00,374.03,374.0557,373.7902,373.86,55310.156358,373.9046,1444,
2026-03-24 18:23:00,373.8894,374.03,373.77,373.82,35871.111519,373.9118,1266,
2026-03-24 18:24:00,373.84,374.05,373.8238,373.96,39751.641783,373.9371,1182,
2026-03-24 18:25:00,373.98,374.05,373.89,373.89,31580.433585,373.9715,1052,
2026-03-24 18:26:00,373.89,373.95,373.83,373.86,38269.528246,373.8972,1243,
2026-03-24 18:27:00,373.84,374.15,373.83,374.12,40283.096651,374.0097,1271,
2026-03-24 18:28:00,374.12,374.12,373.79,373.85,40818.72517,373.917,1420,
2026-03-24 18:29:00,373.88,374.04,373.75,373.91,33869.902678,373.8839,1222,
2026-03-24 18:30:00,373.91,374.15,373.82,373.86,71817.811565,373.9859,1810,
2026-03-24 18:31:00,373.8699,374.26,373.745,374.155,67934.725517,373.9983,1631,
2026-03-24 18:32:00,374.27,374.67,374.22,374.52,96224.777012,374.5103,2311,
2026-03-24 18:33:00,374.51,374.54,374.31,374.47,44579.207118,374.4075,1287,
2026-03-24 18:34:00,374.47,374.58,374.42,374.465,70461.272756,374.3122,1223,
2026-03-24 18:35:00,374.46,374.71,374.46,374.66,68017.391318,374.5475,1520,
2026-03-24 18:36:00,374.66,374.66,374.47,374.575,49510.951787,374.5371,1402,
2026-03-24 18:37:00,374.55,374.71,374.55,374.635,46451.07557,374.6052,1180,
2026-03-24 18:38:00,374.65,375.15,374.58,375.08,87519.736059,374.8847,2396,
2026-03-24 18:39:00,375.07,375.37,374.92,375.35,75952.674988,375.132,2013,
2026-03-24 18:40:00,375.32,375.44,375.24,375.375,88183.444008,375.3283,1815,
2026-03-24 18:41:00,375.37,375.37,374.19,374.24,81873.850045,374.8922,2338,
2026-03-24 18:42:00,374.24,374.34,373.86,374.225,71929.414367,374.1358,1837,
2026-03-24 18:43:00,374.23,374.2687,374.04,374.21,31333.334693,374.1695,1131,
2026-03-24 18:44:00,374.215,374.3132,374.1601,374.27,36142.102248,374.2387,1091,
2026-03-24 18:45:00,374.29,374.3199,373.94,373.98,91654.229618,374.2862,1285,
2026-03-24 18:46:00,373.9726,374.0,373.71,373.86,49298.130355,373.8564,1506,
2026-03-24 18:47:00,373.83,373.87,373.6,373.6,34217.089744,373.8685,1150,
2026-03-24 18:48:00,373.6,373.68,373.48,373.51,41976.021752,373.6043,1384,
2026-03-24 18:49:00,373.49,373.5984,373.38,373.49,44220.86765,373.5191,1278,
2026-03-24 18:50:00,373.49,373.59,373.45,373.45,35992.986718,373.5275,1089,
2026-03-24 18:51:00,373.45,373.55,373.34,373.485,41213.088733,373.4652,1417,
2026-03-24 18:52:00,373.5,373.7085,373.3601,373.69,32352.719614,373.5335,1133,
2026-03-24 18:53:00,373.68,373.91,373.52,373.53,49631.364973,373.7197,1446,
2026-03-24 18:54:00,373.53,373.59,373.4201,373.58,32137.123191,373.5169,1076,
2026-03-24 18:55:00,373.54,373.65,373.46,373.5,58756.803343,373.5327,1339,
2026-03-24 18:56:00,373.5,373.53,373.19,373.31,47669.170545,373.3584,1491,
2026-03-24 18:57:00,373.36,373.41,373.2101,373.3,33648.701817,373.33,1051,
2026-03-24 18:58:00,373.29,373.53,373.26,373.39,37404.913595,373.4013,1138,
2026-03-24 18:59:00,373.405,373.53,373.34,373.444,38659.674129,373.4305,1226,
2026-03-24 19:00:00,373.445,373.8299,373.445,373.8036,54037.215696,373.6462,1503,
2026-03-24 19:01:00,373.8,373.945,373.78,373.865,42552.484428,373.8664,1311,
2026-03-24 19:02:00,373.85,373.9,373.69,373.81,44290.89216,373.8016,1356,
2026-03-24 19:03:00,373.81,373.92,373.7341,373.78,45305.509291,373.8248,1156,
2026-03-24 19:04:00,373.78,373.84,373.67,373.69,43738.361521,373.7681,1231,
2026-03-24 19:05:00,373.69,373.8,373.56,373.7885,61938.740621,373.6964,1644,
2026-03-24 19:06:00,373.75,373.96,373.7101,373.9398,55832.181504,373.8202,1266,
2026-03-24 19:07:00,373.935,374.0,373.81,373.82,43686.377313,373.9329,1267,
2026-03-24 19:08:00,373.82,373.8799,373.6501,373.82,43659.304121,373.7835,1269,
2026-03-24 19:09:00,373.82,374.03,373.8,373.87,64953.873809,373.9262,1652,
2026-03-24 19:10:00,373.87,373.99,373.86,373.895,35741.824126,373.9302,1103,
2026-03-24 19:11:00,373.89,373.99,373.78,373.78,88231.659056,373.905,1549,
2026-03-24 19:12:00,373.795,373.96,373.79,373.93,49290.183787,373.8521,1248,
2026-03-24 19:13:00,373.98,374.18,373.95,374.16,60125.601967,374.0403,1357,
2026-03-24 19:14:00,374.17,374.41,374.12,374.37,54813.335665,374.2523,1419,
2026-03-24 19:15:00,374.38,374.4099,374.26,374.375,54422.807113,374.3331,1353,
2026-03-24 19:16:00,374.3933,374.43,374.27,374.36,44082.066996,374.334,1343,
2026-03-24 19:17:00,374.37,374.4,374.26,374.36,49747.412159,374.3367,1414,
2026-03-24 19:18:00,374.3698,374.59,374.33,374.44,63233.828378,374.4467,1564,
2026-03-24 19:19:00,374.45,374.58,374.39,374.45,70255.154863,374.4979,1739,
2026-03-24 19:20:00,374.42,374.56,374.39,374.4724,42796.931536,374.47,1296,
2026-03-24 19:21:00,374.46,374.48,374.285,374.33,45624.915639,374.4076,1421,
2026-03-24 19:22:00,374.313,374.38,374.12,374.19,51086.771182,374.2294,1429,
2026-03-24 19:23:00,374.195,374.2099,374.0,374.18,42932.032355,374.1156,1251,
2026-03-24 19:24:00,374.16,374.28,374.13,374.18,43376.657158,374.2214,1118,
2026-03-24 19:25:00,374.17,374.33,374.155,374.19,42124.810213,374.2438,1274,
2026-03-24 19:26:00,374.2,374.29,373.97,373.99,49358.842381,374.1231,1738,
2026-03-24 19:27:00,373.975,374.04,373.83,373.905,50735.233171,373.9559,1630,
2026-03-24 19:28:00,373.8618,373.9601,373.76,373.86,60736.059347,373.8366,1777,
2026-03-24 19:29:00,373.87,374.02,373.8625,373.97,46827.54703,373.9768,1290,
2026-03-24 19:30:00,373.98,374.08,373.75,374.07,79316.55106,373.9136,2311,
2026-03-24 19:31:00,374.065,374.26,373.965,374.06,58232.840285,374.1152,1697,
2026-03-24 19:32:00,374.06,374.17,373.95,374.005,47615.76053,374.0628,1343,
2026-03-24 19:33:00,373.99,374.0306,373.78,373.84,41541.772484,373.9137,1373,
2026-03-24 19:34:00,373.84,373.86,373.54,373.58,69329.791339,373.7005,1728,
2026-03-24 19:35:00,373.59,373.6,373.19,373.31,71448.972007,373.377,2026,
2026-03-24 19:36:00,373.28,373.69,373.24,373.61,50962.240832,373.5071,1555,
2026-03-24 19:37:00,373.605,373.68,373.54,373.67,54626.161517,373.6055,1375,
2026-03-24 19:38:00,373.67,373.67,373.56,373.56,51387.171985,373.6041,1275,
2026-03-24 19:39:00,373.5645,373.58,373.43,373.5399,45009.084382,373.5065,1499,
2026-03-24 19:40:00,373.51,373.612,373.39,373.485,102914.138687,373.5094,1596,
2026-03-24 19:41:00,373.4955,373.57,373.38,373.545,80408.339643,373.4718,1969,
2026-03-24 19:42:00,373.54,373.79,373.48,373.7751,47563.368815,373.5747,1521,
2026-03-24 19:43:00,373.79,373.88,373.66,373.685,64286.564777,373.7279,1772,
2026-03-24 19:44:00,373.7,373.74,373.6,373.63,39514.156163,373.6519,1491,
2026-03-24 19:45:00,373.61,373.61,373.34,373.365,72936.919796,373.4504,2193,
2026-03-24 19:46:00,373.35,373.36,373.02,373.1386,87663.515831,373.19,2669,
2026-03-24 19:47:00,373.13,373.32,373.07,373.25,82258.247061,373.1872,2112,
2026-03-24 19:48:00,373.25,373.34,373.13,373.15,66638.536103,373.2289,1871,
2026-03-24 19:49:00,373.1978,373.25,373.14,373.2101,67353.601185,373.194,1947,
2026-03-24 19:50:00,373.23,373.28,372.765,373.03,146055.221016,373.0059,5093,
2026-03-24 19:51:00,373.06,373.125,372.92,373.07,114255.543257,373.0398,3040,
2026-03-24 19:52:00,373.07,373.1,372.87,372.99,122986.26134,372.994,3152,
2026-03-24 19:53:00,373.0,373.21,372.86,373.0,153785.049581,373.0778,4104,
2026-03-24 19:54:00,372.98,373.0298,372.66,372.84,131099.581484,372.9134,3754,
2026-03-24 19:55:00,372.83,372.846,372.48,372.62,219070.509262,372.6386,6362,
2026-03-24 19:56:00,372.6006,372.67,372.385,372.44,220041.915717,372.5527,5448,
2026-03-24 19:57:00,372.45,372.46,372.0,372.19,279741.188164,372.2793,6875,
2026-03-24 19:58:00,372.2,372.47,372.2,372.37,308826.518126,372.3561,6843,
2026-03-24 19:59:00,372.37,372.7849,372.36,372.75,512668.912126,372.5463,11406,
2026-03-24 20:00:00,372.7514,372.9,372.6,372.8,198127.203967,372.7404,397,
2026-03-24 20:01:00,372.7,372.77,372.7,372.75,3900.325295,372.7744,105,
2026-03-24 20:02:00,372.79,372.9489,372.76,372.93,14531.794629,372.8035,150,
2026-03-24 20:03:00,372.93,372.95,372.85,372.9,8493.25796,372.9311,127,
2026-03-24 20:04:00,372.76,372.81,372.6,372.6,7449.46552,372.7891,259,
2026-03-24 20:05:00,372.75,372.89,372.75,372.85,4566.672951,372.8362,126,
2026-03-24 20:06:00,372.8,372.85,372.74,372.74,29622.083063,372.7432,74,
2026-03-24 20:07:00,372.82,372.82,372.74,372.78,1248.0,372.79,121,
2026-03-24 20:08:00,372.8,372.839,372.8,372.839,8372.718518,372.7775,55,
2026-03-24 20:09:00,372.77,372.8357,372.74,372.7986,14268.280743,372.7493,70,
2026-03-24 20:10:00,372.7,372.8,372.7,372.8,811.392539,372.9309,84,
2026-03-24 20:11:00,372.84,372.84,372.75,372.84,1361.040499,372.8219,87,
2026-03-24 20:12:00,372.8389,372.88,372.8389,372.85,2289.027813,372.8528,75,
2026-03-24 20:13:00,372.97,372.97,372.85,372.9,2086.372267,372.9615,107,
2026-03-24 20:14:00,372.86,372.97,372.86,372.97,913.0,372.9077,80,
2026-03-24 20:15:00,372.92,372.98,372.9,372.9,968.424673,373.105,65,
2026-03-24 20:16:00,372.9,372.98,372.89,372.89,1538.262749,372.9652,73,
2026-03-24 20:17:00,372.89,372.9,372.89,372.9,1293.067027,372.9154,56,
2026-03-24 20:18:00,372.98,372.98,372.91,372.9793,6322.00812,372.9759,110,
2026-03-24 20:19:00,372.98,373.34,372.95,373.34,7516.199555,373.0502,211,
2026-03-24 20:20:00,373.29,374.88,373.29,374.88,20171.449627,374.0144,489,
2026-03-24 20:21:00,374.8086,375.0,374.02,374.33,11115.690167,374.7334,376,
2026-03-24 20:22:00,374.5,376.0,374.1149,375.18,23654.780382,375.1119,577,
2026-03-24 20:23:00,375.16,375.48,375.0,375.3,12408.053215,375.2279,299,
2026-03-24 20:24:00,375.27,375.35,374.63,375.35,15531.555656,375.0462,411,
2026-03-24 20:25:00,375.21,375.43,375.12,375.3,12143.117391,375.3203,300,
2026-03-24 20:26:00,375.36,375.5,375.21,375.48,16402.880656,375.4117,437,
2026-03-24 20:27:00,375.3507,375.5,373.6,374.41,10893.441534,374.8483,485,
2026-03-24 20:28:00,374.23,374.51,374.2,374.5,3271.707638,374.4648,168,
2026-03-24 20:29:00,374.5,374.7875,374.09,374.29,9451.103348,374.4038,396,
2026-03-24 20:30:00,374.71,374.8,374.25,374.25,1916.23614,374.6254,120,
2026-03-24 20:31:00,374.46,374.5,374.3,374.3,2689.526678,374.5258,88,
2026-03-24 20:32:00,374.47,374.47,374.09,374.38,7025.061776,374.315,136,
2026-03-24 20:33:00,374.26,374.48,374.25,374.48,3638.220975,374.4063,124,
2026-03-24 20:34:00,374.5,374.7,374.45,374.5,5095.079629,374.563,136,
2026-03-24 20:35:00,374.53,375.1761,374.45,375.1761,9096.521509,374.794,196,
2026-03-24 20:36:00,374.54,375.48,374.54,375.35,3612.069667,375.197,182,
2026-03-24 20:37:00,375.33,375.43,374.88,375.08,2163.0,375.1521,124,
2026-03-24 20:38:00,375.0,375.1,374.85,374.99,7615.594093,375.0174,145,
2026-03-24 20:39:00,375.0,375.0,374.55,374.92,15495.010735,374.9676,477,
2026-03-24 20:40:00,374.92,374.96,374.57,374.7499,4069.032195,374.7485,219,
2026-03-24 20:41:00,374.66,374.75,374.25,374.25,6229.129551,374.563,169,
2026-03-24 20:42:00,374.5,374.5,374.02,374.29,4519.534267,374.3973,210,
2026-03-24 20:43:00,374.152,374.35,373.73,373.98,4424.130066,374.0392,247,
2026-03-24 20:44:00,373.9781,374.1,373.91,374.05,3791.274448,374.0759,158,
2026-03-24 20:45:00,374.1,374.5,374.07,374.5,6110.013351,374.3253,159,
2026-03-24 20:46:00,374.44,374.51,374.11,374.11,6892.272742,374.3913,190,
2026-03-24 20:47:00,374.18,374.45,374.0,374.27,3422.9848,374.265,162,
2026-03-24 20:48:00,374.27,374.27,374.0,374.0,8046.0,374.0472,88,
2026-03-24 20:49:00,374.25,374.28,374.22,374.22,794.0,407.6158,45,
2026-03-24 20:50:00,374.3,374.3,374.0,374.2799,5593.011362,378.6066,114,
2026-03-24 20:51:00,374.1,374.28,374.0,374.2399,2913.30176,375.1658,82,
2026-03-24 20:52:00,374.21,374.25,374.09,374.11,2862.0,373.72,94,
2026-03-24 20:53:00,374.17,374.18,373.98,374.18,1770.0,376.7062,80,
2026-03-24 20:54:00,374.0,374.18,373.98,374.18,3362.0,374.0053,93,
2026-03-24 20:55:00,374.16,374.25,374.06,374.24,5461.964504,374.2163,147,
2026-03-24 20:56:00,374.24,374.25,374.15,374.15,66355.14696,372.837,63,
2026-03-24 20:57:00,374.16,374.24,374.15,374.2399,1406.008016,374.2105,63,
2026-03-24 20:58:00,374.18,374.41,374.17,374.17,6372.74442,374.3135,141,
2026-03-24 20:59:00,374.25,374.4,374.2,374.4,1532.0,374.2881,87,
2026-03-24 21:00:00,374.26,374.41,374.25,374.34,1140.194829,374.6458,56,
2026-03-24 21:01:00,374.48,374.5,374.2,374.2,4093.7,374.3596,94,
2026-03-24 21:02:00,374.207,374.23,373.98,374.0,5364.762669,374.0854,173,
2026-03-24 21:03:00,373.9,374.0,373.9,374.0,3338.018754,373.9509,84,
2026-03-24 21:04:00,374.02,374.2,374.02,374.2,1630.0,374.1401,56,
2026-03-24 21:05:00,374.23,374.65,374.21,374.6499,13828.745311,374.5829,160,
2026-03-24 21:06:00,374.55,374.65,374.0,374.48,1682.016114,374.3645,115,
2026-03-24 21:07:00,374.3,374.3,374.19,374.19,1279688.0,372.7406,44,
2026-03-24 21:08:00,374.3,374.36,374.3,374.36,364.037922,374.4043,44,
2026-03-24 21:09:00,374.44,374.44,374.3505,374.36,620.0,374.3814,44,
2026-03-24 21:10:00,374.36,374.4,374.29,374.4,1455.002831,374.088,48,
2026-03-24 21:11:00,374.22,374.4,374.22,374.4,1891.006163,373.8716,66,
2026-03-24 21:12:00,374.5,374.5,374.48,374.5,1572.133542,374.352,52,
2026-03-24 21:13:00,374.46,374.46,374.39,374.3999,755.00267,373.983,71,
2026-03-24 21:14:00,374.45,374.47,374.45,374.47,1172.0,373.7306,57,
2026-03-24 21:15:00,374.36,374.48,374.36,374.48,365.0,374.4395,36,
2026-03-24 21:16:00,374.48,374.5,374.35,374.35,2311.0,374.4682,72,
2026-03-24 21:17:00,374.3208,374.5,374.3208,374.5,658.0,374.4298,36,
2026-03-24 21:18:00,374.4565,374.5,374.45,374.5,2828.118525,374.5006,63,
2026-03-24 21:19:00,374.5217,374.6,374.5217,374.6,961.0,374.2262,55,
2026-03-24 21:20:00,374.5998,374.63,374.58,374.63,1597.155608,374.6387,70,
2026-03-24 21:21:00,374.62,374.63,374.6,374.6,810.027789,374.6969,49,
2026-03-24 21:22:00,374.58,374.59,374.58,374.59,431.0,374.5678,45,
2026-03-24 21:23:00,374.6,374.6,374.5999,374.6,630.00758,374.6072,48,
2026-03-24 21:24:00,374.63,374.66,374.6,374.65,829.0,374.0767,49,
2026-03-24 21:25:00,374.7,374.7,374.51,374.58,791.42427,374.4578,67,
2026-03-24 21:26:00,374.57,374.64,374.55,374.5699,776.0,374.5768,43,
2026-03-24 21:27:00,374.6,374.61,374.52,374.52,608.00618,374.5851,62,
2026-03-24 21:28:00,374.54,374.65,374.5178,374.65,2084.0,374.5995,40,
2026-03-24 21:29:00,374.59,374.59,374.55,374.55,448.538312,375.0129,31,
2026-03-24 21:30:00,374.55,374.65,374.55,374.65,765.319572,374.5343,49,
2026-03-24 21:31:00,374.57,374.6,374.51,374.5495,2082.002669,374.5405,63,
2026-03-24 21:32:00,374.51,374.55,374.51,374.55,707.0,373.8849,34,
2026-03-24 21:34:00,374.6,374.6,374.5,374.5,848.075771,374.56,106,
2026-03-24 21:36:00,374.5122,374.5122,374.48,374.48,417.0,371.4885,40,
2026-03-24 21:37:00,374.46,374.46,374.446,374.45,890.396944,374.6189,61,
2026-03-24 21:38:00,374.45,374.45,374.4499,374.45,1411.0,374.449,35,
2026-03-24 21:39:00,374.45,374.45,374.4114,374.4448,2231.0,374.4453,48,
2026-03-24 21:40:00,374.42,374.42,374.41,374.41,1267.0,374.4127,61,
2026-03-24 21:41:00,374.41,374.42,374.4,374.42,1299.0,374.4395,55,
2026-03-24 21:42:00,374.42,374.42,374.4103,374.4103,375.002499,374.4181,36,
2026-03-24 21:43:00,374.42,374.42,374.41,374.42,3440.913654,374.5113,46,
2026-03-24 21:44:00,374.41,374.42,374.4,374.4165,652.757634,374.8478,70,
2026-03-24 21:45:00,374.42,374.42,374.35,374.42,766.0,374.3925,56,
2026-03-24 21:46:00,374.42,374.5,374.42,374.48,1332.02107,374.4526,47,
2026-03-24 21:47:00,374.4699,374.47,374.383,374.43,1037.034582,374.464,41,
2026-03-24 21:48:00,374.44,374.5,374.37,374.5,2480.0,374.4643,65,
2026-03-24 21:49:00,374.4987,374.5,374.47,374.5,3062.0,374.4919,86,
2026-03-24 21:50:00,374.53,374.63,374.53,374.63,1007.126191,374.6267,45,
2026-03-24 21:51:00,374.61,374.65,374.61,374.62,1854.002669,374.6266,52,
2026-03-24 21:52:00,374.65,374.65,374.6357,374.65,576.0,374.1623,51,
2026-03-24 21:53:00,374.65,374.65,374.55,374.59,438.0,374.5811,39,
2026-03-24 21:54:00,374.56,374.56,374.4,374.4,2490.0,374.3487,91,
2026-03-24 21:55:00,374.3634,374.5,374.3634,374.5,314.068094,374.5389,29,
2026-03-24 21:56:00,374.5,374.5,374.45,374.45,355.312628,374.8082,40,
2026-03-24 21:57:00,374.49,374.49,374.45,374.4816,4537.819305,374.5842,55,
2026-03-24 21:58:00,374.4883,374.59,374.4883,374.56,3168.72707,374.6167,101,
2026-03-24 21:59:00,374.6,374.6,374.6,374.6,454.334226,374.8611,72,
2026-03-24 22:00:00,374.6,375.2,374.6,375.18,4372.371887,374.8697,138,
2026-03-24 22:01:00,375.1,375.15,374.96,374.96,1085.122292,376.382,109,
2026-03-24 22:02:00,375.0,375.0,375.0,375.0,650.002201,374.4779,49,
2026-03-24 22:03:00,374.88,374.96,374.88,374.96,690.109106,374.993,59,
2026-03-24 22:04:00,375.0,375.29,374.95,375.0,5132.066982,375.0839,114,
2026-03-24 22:05:00,375.0,375.16,374.9987,375.0,5976.274894,375.1025,78,
2026-03-24 22:06:00,375.17,375.26,375.11,375.22,1679.013421,375.2022,87,
2026-03-24 22:07:00,375.2,375.34,375.01,375.02,3261.032104,375.2188,116,
2026-03-24 22:08:00,375.02,375.2,375.0,375.16,6591.184402,375.0483,115,
2026-03-24 22:09:00,375.0,375.09,375.0,375.0,2381.134553,375.0309,72,
2026-03-24 22:10:00,374.95,375.04,374.95,375.04,1409.361629,375.0878,47,
2026-03-24 22:11:00,375.04,375.05,374.99,374.99,932.319639,375.1275,59,
2026-03-24 22:12:00,374.94,374.95,374.91,374.91,746.392198,375.1409,46,
2026-03-24 22:13:00,374.91,374.91,374.9,374.9,718.0,374.9157,68,
2026-03-24 22:14:00,374.98,374.99,374.82,374.98,1157.066605,374.9228,72,
2026-03-24 22:15:00,374.82,374.97,374.82,374.8606,1445.010747,374.8625,80,
2026-03-24 22:16:00,374.75,374.81,374.75,374.7608,674.27717,374.9374,48,
2026-03-24 22:17:00,374.78,374.8,374.6217,374.8,1267.184908,374.7508,82,
2026-03-24 22:18:00,374.75,374.77,374.75,374.77,988.024012,374.7818,37,
2026-03-24 22:19:00,374.84,374.97,374.84,374.97,430.0,374.9179,40,
2026-03-24 22:20:00,374.9,374.98,374.9,374.96,534.803615,375.4911,54,
2026-03-24 22:21:00,374.8985,374.9,374.8985,374.9,320.0,374.8859,39,
2026-03-24 22:22:00,374.85,374.85,374.85,374.85,405.0,374.8457,41,
2026-03-24 22:23:00,374.85,374.85,374.8,374.85,494.0,374.8206,44,
2026-03-24 22:24:00,374.88,374.9,374.87,374.9,1259.007973,374.8837,41,
2026-03-24 22:25:00,374.9,374.9001,374.61,374.61,2045.0,374.8286,82,
2026-03-24 22:26:00,374.6,374.78,374.6,374.7601,553.0,374.7031,45,
2026-03-24 22:27:00,374.6364,374.6983,374.6364,374.6983,1100.475565,374.8522,51,
2026-03-24 22:28:00,374.71,374.71,374.71,374.71,159.0,374.7749,24,
2026-03-24 22:29:00,374.72,374.75,374.7,374.75,473.0,374.7383,38,
2026-03-24 22:30:00,374.76,374.76,374.7,374.71,762.30479,374.8741,32,
2026-03-24 22:31:00,374.82,374.82,374.74,374.74,881.0,374.7598,42,
2026-03-24 22:32:00,374.71,374.82,374.71,374.82,486.0,374.7744,35,
2026-03-24 22:34:00,374.7,374.7,374.7,374.7,624.0,374.7168,26,
2026-03-24 22:35:00,374.751,374.751,374.6999,374.7,598.696735,375.1544,52,
2026-03-24 22:36:00,374.7,374.88,374.7,374.88,1347.534233,374.9419,51,
2026-03-24 22:37:00,374.85,374.9439,374.84,374.9439,763.0,374.89,42,
2026-03-24 22:38:00,374.96,374.96,374.85,374.8501,1053.0,374.8937,30,
2026-03-24 22:39:00,374.93,374.93,374.79,374.79,503.080905,374.9209,39,
2026-03-24 22:40:00,374.85,374.85,374.8,374.8,359.195,375.0143,37,
2026-03-24 22:41:00,374.77,374.77,374.77,374.77,607.0,374.7798,47,
2026-03-24 22:42:00,374.7,374.81,374.7,374.81,791.002604,374.7512,43,
2026-03-24 22:43:00,374.7,374.7879,374.7,374.7879,369.079883,374.8288,33,
2026-03-24 22:44:00,374.81,374.92,374.81,374.91,2090.0,374.8621,54,
2026-03-24 22:45:00,374.91,374.91,374.89,374.9,344.512876,375.4523,36,
2026-03-24 22:46:00,374.71,374.83,374.71,374.83,342.320077,375.185,29,
2026-03-24 22:47:00,374.9,374.9,374.89,374.89,353.213385,375.1223,35,
2026-03-24 22:48:00,374.909,374.909,374.82,374.8494,1379.836789,375.0869,32,
2026-03-24 22:49:00,374.82,374.85,374.8,374.8,1092.0,374.8248,54,
2026-03-24 22:50:00,374.83,374.85,374.83,374.85,1367.0,374.8474,38,
2026-03-24 22:52:00,374.81,374.85,374.81,374.85,280.0,374.8363,27,
2026-03-24 22:53:00,374.81,374.81,374.81,374.81,173.0,374.8323,33,
2026-03-24 22:54:00,374.85,374.85,374.82,374.82,288.002494,374.8407,35,
2026-03-24 22:55:00,374.84,374.85,374.81,374.85,842.0,374.8237,41,
2026-03-24 22:56:00,374.82,374.84,374.81,374.84,436.145552,374.9544,43,
2026-03-24 22:57:00,374.8498,374.85,374.8498,374.85,829.0,374.8353,47,
2026-03-24 22:58:00,374.82,374.85,374.8,374.84,652.0,374.8199,50,
2026-03-24 22:59:00,374.8202,374.85,374.8202,374.85,510.0,374.837,31,
2026-03-24 23:00:00,374.85,374.92,374.85,374.91,1092.003461,374.895,42,
2026-03-24 23:01:00,374.9,374.91,374.89,374.89,912.005335,374.898,42,
2026-03-24 23:02:00,374.82,374.82,374.71,374.79,1452.297246,374.8712,77,
2026-03-24 23:03:00,374.79,374.8,374.79,374.8,1068.024787,374.7963,45,
2026-03-24 23:04:00,374.79,374.79,374.79,374.79,468.004028,374.7889,36,
2026-03-24 23:05:00,374.8,374.91,374.8,374.9,3037.0,374.8849,47,
2026-03-24 23:06:00,374.9,374.91,374.86,374.91,1264.0,374.897,40,
2026-03-24 23:07:00,374.9,374.9,374.9,374.9,343.580464,375.5301,25,
2026-03-24 23:08:00,374.86,374.89,374.86,374.89,601.07492,374.9302,26,
2026-03-24 23:09:00,374.83,374.84,374.83,374.84,395.0,374.8388,32,
2026-03-24 23:10:00,374.85,374.85,374.83,374.83,1328.005335,374.8468,51,
2026-03-24 23:11:00,374.8413,374.8413,374.83,374.83,707.0,374.8421,41,
2026-03-24 23:12:00,374.81,374.81,374.8,374.8,604.272145,374.9696,36,
2026-03-24 23:13:00,374.7,374.8,374.7,374.71,1521.0,374.74,51,
2026-03-24 23:14:00,374.71,374.8504,374.71,374.85,2568.020503,374.7921,50,
2026-03-24 23:15:00,374.79,374.79,374.79,374.79,199.027851,374.8589,27,
2026-03-24 23:16:00,374.82,374.82,374.81,374.8101,2015.0,374.8117,24,
2026-03-24 23:18:00,374.82,374.84,374.81,374.84,619.274524,374.9937,32,
2026-03-24 23:19:00,374.84,374.85,374.82,374.82,662.0,374.8356,50,
2026-03-24 23:20:00,374.9,374.9,374.9,374.9,1252.209711,374.9598,46,
2026-03-24 23:21:00,374.8,374.89,374.8,374.86,686.164053,374.9334,53,
2026-03-24 23:22:00,374.83,374.9,374.83,374.83,258.026673,374.9076,26,
2026-03-24 23:23:00,374.9,374.9,374.88,374.8801,1279.0,374.8948,38,
2026-03-24 23:24:00,374.88,374.91,374.88,374.91,985.0,374.8903,45,
2026-03-24 23:25:00,374.91,374.91,374.88,374.89,1944.142714,374.9253,57,
2026-03-24 23:26:00,374.87,374.87,374.87,374.87,479.053352,374.9091,52,
2026-03-24 23:27:00,374.89,374.9,374.82,374.82,890.0,374.8886,34,
2026-03-24 23:28:00,374.8884,374.8884,374.8101,374.83,513.313718,375.0648,34,
2026-03-24 23:29:00,374.84,374.89,374.84,374.89,604.0,374.8662,38,
2026-03-24 23:30:00,374.81,374.8101,374.8,374.8,998.130602,374.8587,70,
2026-03-24 23:31:00,374.71,374.8,374.7,374.7818,1220.2,374.7795,44,
2026-03-24 23:32:00,374.76,374.76,374.76,374.76,265.0131,374.7899,26,
2026-03-24 23:33:00,374.75,374.75,374.75,374.75,304.558592,375.4488,38,
2026-03-24 23:34:00,374.72,374.72,374.72,374.72,197.026631,374.7647,37,
2026-03-24 23:36:00,374.6183,374.7,374.61,374.7,1580.021288,374.6277,25,
2026-03-24 23:37:00,374.68,374.68,374.68,374.68,212.0,374.6944,22,
2026-03-24 23:38:00,374.7,374.75,374.7,374.7489,1382.0,374.7377,38,
2026-03-24 23:40:00,374.68,374.6801,374.68,374.68,1957.043818,374.6925,37,
2026-03-24 23:41:00,374.73,374.73,374.56,374.68,1605.005371,374.6361,87,
2026-03-24 23:42:00,374.6804,374.69,374.5782,374.61,1746.024088,374.6598,55,
2026-03-24 23:43:00,374.67,374.67,374.55,374.5935,1722.002687,374.6085,51,
2026-03-24 23:44:00,374.6,374.6,374.55,374.55,1775.0,374.5574,41,
2026-03-24 23:45:00,374.57,374.62,374.56,374.62,811.005377,374.5878,46,
2026-03-24 23:46:00,374.59,374.67,374.58,374.67,823.0,374.6119,36,
2026-03-24 23:47:00,374.59,374.6693,374.59,374.6693,537.0,374.6371,38,
2026-03-24 23:48:00,374.6456,374.75,374.6456,374.65,877.0,374.6849,49,
2026-03-24 23:49:00,374.663,374.75,374.663,374.75,605.0,374.7027,24,
2026-03-24 23:50:00,374.7,374.7091,374.63,374.63,1090.980919,375.0281,48,
2026-03-24 23:51:00,374.59,374.65,374.59,374.65,1187.0,374.6124,33,
2026-03-24 23:52:00,374.63,374.6605,374.59,374.6043,1707.275677,374.6735,57,
2026-03-24 23:53:00,374.6,374.61,374.6,374.61,808.007924,374.6259,39,
2026-03-24 23:54:00,374.6,374.66,374.6,374.61,1556.28927,374.7148,54,
2026-03-24 23:55:00,374.66,374.7,374.61,374.6984,1056.007763,374.6604,51,
2026-03-24 23:56:00,374.7,374.8,374.61,374.7485,1169.0,374.7053,62,
2026-03-24 23:57:00,374.63,374.8,374.6217,374.7,2051.071699,374.7113,70,
2026-03-24 23:58:00,374.7,374.7722,374.6217,374.6217,2835.0,374.6972,52,
2026-03-24 23:59:00,374.62,374.75,374.61,374.6771,1482.0,374.6528,68,
2026-03-25 08:00:00,375.0,375.01,374.6,374.6,1315.0,374.9282,116,
2026-03-25 08:01:00,374.61,374.78,374.52,374.52,1765.0,374.5817,99,
2026-03-25 08:02:00,374.63,374.83,374.63,374.83,1528.0,374.7175,64,
2026-03-25 08:03:00,374.82,375.0,374.8,375.0,1764.0,374.9495,47,
2026-03-25 08:04:00,375.08,375.6,375.08,375.44,2065.0,375.3054,80,
2026-03-25 08:05:00,375.5,375.8,375.45,375.8,916.0,375.5756,45,
2026-03-25 08:06:00,375.79,376.39,375.79,376.24,4692.0,375.9942,100,
2026-03-25 08:07:00,376.18,376.25,376.1,376.25,1153.0,376.1856,51,
2026-03-25 08:08:00,376.1,376.21,376.0,376.01,1221.0,376.0653,69,
2026-03-25 08:09:00,376.04,376.09,375.93,375.93,6339.0,376.0074,99,
2026-03-25 08:10:00,376.05,376.23,376.0,376.2,3372.0,376.1394,105,
2026-03-25 08:11:00,376.07,376.13,376.06,376.11,2127.0,376.0879,75,
2026-03-25 08:12:00,376.11,376.11,376.0,376.0,932.0,376.0354,47,
2026-03-25 08:13:00,376.0,376.2,376.0,376.1,828.0,376.1003,37,
2026-03-25 08:14:00,376.22,376.47,376.22,376.47,1159.0,376.2799,36,
2026-03-25 08:15:00,376.42,376.6,376.4,376.59,2918.0,376.5042,85,
2026-03-25 08:16:00,376.54,376.6,376.51,376.54,2540.0,376.5499,78,
2026-03-25 08:17:00,376.57,376.6,376.48,376.48,2379.0,376.5477,62,
2026-03-25 08:19:00,376.56,376.72,376.56,376.72,2593.0,376.6255,71,
2026-03-25 08:20:00,376.64,376.73,376.46,376.72,924.0,376.6195,38,
2026-03-25 08:21:00,376.77,377.3,376.77,377.16,4608.0,377.0039,159,
2026-03-25 08:22:00,377.07,377.17,377.02,377.12,1866.0,377.0782,63,
2026-03-25 08:23:00,377.0,377.0,376.78,376.78,10792.0,376.9921,44,
2026-03-25 08:24:00,376.88,376.93,376.85,376.93,701.0,376.8707,31,
2026-03-25 08:25:00,376.9,377.0,376.9,376.96,435.0,376.9496,31,
2026-03-25 08:26:00,376.81,376.85,376.67,376.67,1195.0,376.8082,67,
2026-03-25 08:27:00,376.74,376.81,376.7,376.7,444.0,376.744,24,
2026-03-25 08:28:00,376.81,376.83,376.49,376.61,3124.0,376.6526,104,
2026-03-25 08:29:00,376.51,376.61,376.5,376.61,737.0,376.516,34,
2026-03-25 08:30:00,376.55,376.6,376.55,376.6,598.0,376.5855,19,
2026-03-25 08:31:00,376.63,376.66,376.63,376.66,1401.0,376.6451,41,
2026-03-25 08:32:00,376.97,376.97,376.95,376.95,206.0,376.9446,20,
2026-03-25 08:33:00,376.96,377.15,376.96,377.04,1448.0,377.0125,44,
2026-03-25 08:34:00,377.01,377.01,377.0,377.0,426.0,377.008,32,
2026-03-25 08:35:00,376.84,376.91,376.72,376.8,666.0,376.8112,53,
2026-03-25 08:36:00,376.8,376.8,376.35,376.41,2945.0,376.4701,90,
2026-03-25 08:37:00,376.59,376.69,376.5,376.53,2021.0,376.5912,50,
2026-03-25 08:38:00,376.53,376.71,376.52,376.71,1170.0,376.5686,49,
2026-03-25 08:39:00,376.55,376.58,376.45,376.57,988.0,376.5276,53,
2026-03-25 08:41:00,376.55,376.94,376.55,376.82,1658.0,376.677,83,
2026-03-25 08:42:00,376.8,376.8,376.8,376.8,299.0,376.817,28,
2026-03-25 08:43:00,376.79,376.79,376.79,376.79,169.0,376.7696,16,
2026-03-25 08:45:00,376.66,376.66,376.62,376.62,519.0,376.6308,36,
2026-03-25 08:47:00,376.63,376.64,376.63,376.63,732.0,376.6387,35,
2026-03-25 08:48:00,376.64,376.65,376.5,376.5,1224.0,376.563,49,
2026-03-25 08:49:00,376.46,376.46,376.4,376.4,569.0,376.4497,68,
2026-03-25 08:50:00,376.34,376.34,376.26,376.26,504.0,376.3601,26,
2026-03-25 08:51:00,376.25,376.35,376.22,376.35,1026.0,376.2908,43,
2026-03-25 08:53:00,376.35,376.35,376.1,376.1,2262.0,376.2109,58,
2026-03-25 08:54:00,376.12,376.16,376.01,376.01,1247.0,376.0358,94,
2026-03-25 08:55:00,376.02,376.05,376.02,376.05,1570.0,376.0102,55,
2026-03-25 08:56:00,376.13,376.28,376.07,376.07,1157.0,376.1707,55,
2026-03-25 08:57:00,375.81,375.81,375.81,375.81,501.0,375.8447,45,
2026-03-25 08:58:00,376.19,376.19,376.19,376.19,269.0,376.0717,18,
2026-03-25 08:59:00,376.18,376.18,376.18,376.18,140.0,376.2011,10,
2026-03-25 09:02:00,376.21,376.21,376.21,376.21,286.0,376.2429,16,
2026-03-25 09:03:00,376.31,376.31,376.23,376.23,285.0,376.234,27,
2026-03-25 09:04:00,376.24,376.39,376.22,376.22,1068.0,376.2837,43,
2026-03-25 09:05:00,376.39,376.54,376.39,376.54,606.0,376.4225,52,
2026-03-25 09:06:00,376.5,376.5,376.5,376.5,360.0,376.4966,18,
2026-03-25 09:07:00,376.27,376.27,376.25,376.25,855.0,376.2823,44,
2026-03-25 09:08:00,376.4,376.4,376.34,376.35,1294.0,376.2547,126,
2026-03-25 09:09:00,376.27,376.27,376.12,376.27,593.0,376.2167,23,
2026-03-25 09:10:00,376.3,376.3,376.3,376.3,79.0,376.2584,6,
2026-03-25 09:12:00,376.51,376.51,376.5,376.51,558.0,376.4998,16,
2026-03-25 09:13:00,376.5,376.51,376.5,376.51,178.0,376.5008,7,
2026-03-25 09:15:00,376.51,376.51,376.5,376.5,225.0,376.5177,27,
2026-03-25 09:17:00,376.5,376.5,376.5,376.5,224.0,376.5198,21,
2026-03-25 09:19:00,376.5,376.5,376.5,376.5,220.0,376.4959,27,
2026-03-25 09:22:00,376.26,376.63,376.26,376.63,3836.0,376.4179,82,
2026-03-25 09:23:00,376.66,376.66,376.6,376.6,570.0,376.6212,25,
2026-03-25 09:24:00,376.42,376.78,376.42,376.78,1066.0,376.5223,33,
2026-03-25 09:26:00,376.44,376.44,376.29,376.29,564.0,376.3794,24,
2026-03-25 09:29:00,376.38,376.38,376.38,376.38,129.0,376.379,15,
2026-03-25 09:30:00,376.35,376.5,376.26,376.5,1150.0,376.3807,44,
2026-03-25 09:31:00,376.57,376.66,376.57,376.65,545.0,376.6218,21,
2026-03-25 09:32:00,376.38,376.44,376.38,376.44,249.0,376.5326,19,
2026-03-25 09:33:00,376.31,376.31,376.3,376.3,353.0,376.3301,28,
2026-03-25 09:34:00,376.41,376.48,376.25,376.25,1014.0,376.3041,17,
2026-03-25 09:35:00,376.13,376.46,376.11,376.23,560.0,376.1804,42,
2026-03-25 09:36:00,376.28,376.28,376.15,376.15,222.0,376.2198,17,
2026-03-25 09:37:00,376.14,376.16,376.0,376.0,600.0,376.068,55,
2026-03-25 09:38:00,376.0,376.0,376.0,376.0,222.0,376.0028,9,
2026-03-25 09:39:00,376.2,376.2,376.2,376.2,104.0,376.199,7,
2026-03-25 09:40:00,376.2,376.96,376.2,376.68,1604.0,376.5231,55,
2026-03-25 09:41:00,376.67,376.95,376.59,376.65,1600.0,376.7044,58,
2026-03-25 09:42:00,376.31,376.31,376.23,376.23,317.0,376.3264,33,
2026-03-25 09:44:00,376.15,376.15,376.15,376.15,108.0,376.1531,7,
2026-03-25 09:46:00,376.06,376.2,376.0,376.19,1435.0,376.0946,49,
2026-03-25 09:47:00,376.1,376.1,375.7,375.7,2289.0,375.8701,91,
2026-03-25 09:48:00,375.52,375.52,375.5,375.5,259.0,375.554,20,
2026-03-25 09:49:00,375.56,375.65,375.56,375.65,257.0,375.6167,11,
2026-03-25 09:50:00,375.65,375.65,375.62,375.63,1211.0,375.6407,19,
2026-03-25 09:51:00,375.7,375.7,375.6,375.6,706.0,375.6416,27,
2026-03-25 09:52:00,375.86,375.86,375.86,375.86,179.0,375.8482,15,
2026-03-25 09:55:00,375.75,375.75,375.75,375.75,210.0,375.7408,19,
2026-03-25 09:56:00,375.73,375.73,375.61,375.61,822.0,375.684,41,
2026-03-25 09:57:00,375.7,375.7,375.7,375.7,198.0,375.7079,10,
2026-03-25 09:58:00,375.59,375.68,375.59,375.68,663.0,375.6482,63,
2026-03-25 09:59:00,375.79,375.92,375.79,375.92,2621.0,375.8914,29,
2026-03-25 10:00:00,376.0,376.04,376.0,376.04,201.0,376.0482,12,
2026-03-25 10:01:00,376.08,376.08,376.03,376.03,234.0,376.0435,21,
2026-03-25 10:02:00,375.97,376.15,375.97,376.15,253.0,376.0463,11,
2026-03-25 10:03:00,376.04,376.04,376.04,376.04,337.0,376.0258,15,
2026-03-25 10:04:00,375.85,375.85,375.85,375.85,79.0,375.8494,6,
2026-03-25 10:05:00,376.0,376.0,376.0,376.0,74.0,375.9995,3,
2026-03-25 10:06:00,375.8,375.8,375.8,375.8,97.0,375.8239,13,
2026-03-25 10:08:00,375.98,375.99,375.98,375.99,118.0,375.978,11,
2026-03-25 10:09:00,376.03,376.19,376.03,376.19,2320.0,376.1301,51,
2026-03-25 10:11:00,376.15,376.17,376.15,376.15,615.0,376.1562,66,
2026-03-25 10:12:00,376.1,376.14,376.1,376.14,977.0,376.1273,49,
2026-03-25 10:13:00,376.1,376.1,376.1,376.1,184.0,376.0815,17,
2026-03-25 10:14:00,376.16,376.27,376.16,376.27,2339.0,376.2181,41,
2026-03-25 10:15:00,376.33,376.33,376.33,376.33,153.0,376.336,9,
2026-03-25 10:17:00,376.42,376.42,376.4,376.4,732.0,376.4119,22,
2026-03-25 10:19:00,376.35,376.39,376.35,376.39,269.0,376.3743,18,
2026-03-25 10:20:00,376.33,376.36,376.33,376.35,599.0,376.3393,21,
2026-03-25 10:21:00,376.28,376.28,376.15,376.15,1044.0,376.2154,45,
2026-03-25 10:22:00,376.2,376.22,376.09,376.09,463.0,376.1806,18,
2026-03-25 10:23:00,376.0,376.04,375.94,376.04,554.0,376.0048,43,
2026-03-25 10:25:00,376.28,376.47,376.28,376.47,2524.0,376.3945,45,
2026-03-25 10:26:00,376.26,376.26,376.23,376.23,171.0,376.2951,9,
2026-03-25 10:27:00,376.23,376.23,376.22,376.22,238.0,376.2219,7,
2026-03-25 10:28:00,376.41,376.41,376.41,376.41,57.0,376.387,6,
2026-03-25 10:29:00,376.29,376.29,376.29,376.29,120.0,376.2613,10,
2026-03-25 10:30:00,376.17,376.17,376.17,376.17,196.0,376.1714,18,
2026-03-25 10:31:00,376.11,379.69,376.1,377.75,49624.0,377.681,1217,
2026-03-25 10:32:00,378.15,378.46,377.75,377.9,2480.0,378.0978,57,
2026-03-25 10:33:00,377.99,377.99,377.4,377.5,1238.0,377.6732,42,
2026-03-25 10:34:00,377.52,377.52,377.45,377.5,882.0,377.5005,46,
2026-03-25 10:35:00,377.61,378.46,377.56,378.46,6799.0,377.9546,200,
2026-03-25 10:36:00,377.99,378.1,377.93,377.93,461.0,377.9899,20,
2026-03-25 10:37:00,377.97,378.1,377.58,377.97,5032.0,377.9845,64,
2026-03-25 10:38:00,378.08,378.14,378.08,378.14,424.0,378.1076,16,
2026-03-25 10:39:00,378.11,378.11,377.97,377.97,1745.0,378.0258,67,
2026-03-25 10:40:00,378.06,378.07,377.77,377.77,2316.0,377.9831,75,
2026-03-25 10:41:00,377.78,377.78,377.65,377.65,892.0,377.6942,30,
2026-03-25 10:42:00,377.71,377.71,377.68,377.68,599.0,377.7022,23,
2026-03-25 10:43:00,377.55,377.55,377.12,377.16,1118.0,377.3077,46,
2026-03-25 10:44:00,377.19,377.19,377.19,377.19,104.0,377.229,9,
2026-03-25 10:46:00,377.35,377.42,377.35,377.39,858.0,377.4041,38,
2026-03-25 10:47:00,377.4,377.4,377.32,377.32,241.0,377.3554,16,
2026-03-25 10:48:00,377.65,377.65,377.65,377.65,316.0,377.5725,14,
2026-03-25 10:50:00,377.5,377.5,377.48,377.48,413.0,377.5124,28,
2026-03-25 10:52:00,377.27,377.27,377.27,377.27,296.0,377.2891,18,
2026-03-25 10:53:00,377.22,377.22,377.16,377.19,1054.0,377.2025,33,
2026-03-25 10:54:00,377.49,378.0,377.49,378.0,3472.0,377.863,58,
2026-03-25 10:55:00,377.91,377.91,377.91,377.91,77.0,377.8977,8,
2026-03-25 10:56:00,377.8,377.8,377.8,377.8,360.0,377.7996,26,
2026-03-25 10:57:00,377.6,377.6,377.5,377.5,620.0,377.5593,22,
2026-03-25 10:58:00,377.23,377.23,377.23,377.23,405.0,377.273,23,
2026-03-25 10:59:00,377.08,377.08,376.58,376.6,1726.0,376.9416,103,
2026-03-25 11:00:00,376.5,377.29,376.24,376.6,4397.0,376.6113,231,
2026-03-25 11:01:00,376.5,376.74,376.4,376.74,2327.0,376.5671,61,
2026-03-25 11:02:00,376.51,376.51,376.4,376.4,790.0,376.4747,23,
2026-03-25 11:03:00,376.38,376.55,376.38,376.55,837.0,376.4356,44,
2026-03-25 11:04:00,376.6,376.6,376.5,376.5,1088.0,376.5632,28,
2026-03-25 11:05:00,376.5,376.73,376.44,376.64,2856.0,376.6131,66,
2026-03-25 11:06:00,376.63,376.84,376.63,376.84,2816.0,376.7631,33,
2026-03-25 11:07:00,376.65,376.65,376.45,376.45,478.0,376.6081,38,
2026-03-25 11:08:00,376.6,376.6,376.6,376.6,348.0,376.6459,24,
2026-03-25 11:09:00,376.79,376.85,376.75,376.85,1225.0,376.7885,35,
2026-03-25 11:10:00,376.8,376.8,376.72,376.72,528.0,376.7704,29,
2026-03-25 11:11:00,376.75,376.76,376.64,376.64,418.0,376.6819,19,
2026-03-25 11:12:00,376.65,376.65,376.65,376.65,360.0,376.6519,11,
2026-03-25 11:13:00,376.66,376.73,376.66,376.73,1225.0,376.7285,23,
2026-03-25 11:14:00,376.84,376.84,376.8,376.83,546.0,376.8291,26,
2026-03-25 11:15:00,376.84,376.9,376.84,376.9,692.0,376.8461,30,
2026-03-25 11:16:00,377.0,377.0,376.8,376.8,7863.0,376.9504,173,
2026-03-25 11:17:00,376.77,376.84,376.7,376.84,1487.0,376.7609,27,
2026-03-25 11:20:00,376.72,376.99,376.7,376.99,1418.0,376.7909,67,
2026-03-25 11:21:00,376.88,376.99,376.88,376.99,634.0,376.9485,18,
2026-03-25 11:22:00,376.93,376.93,376.8,376.8,774.0,376.8665,52,
2026-03-25 11:23:00,376.85,377.12,376.85,377.12,1198.0,377.0188,39,
2026-03-25 11:24:00,377.12,377.13,377.07,377.13,462.0,377.1033,19,
2026-03-25 11:25:00,377.05,377.05,377.05,377.05,270.0,377.06,16,
2026-03-25 11:26:00,377.11,377.25,377.1,377.22,838.0,377.172,23,
2026-03-25 11:27:00,377.08,377.1,377.08,377.1,955.0,377.1022,34,
2026-03-25 11:28:00,377.18,377.18,377.07,377.1,456.0,377.1367,26,
2026-03-25 11:29:00,377.1,377.1,377.1,377.1,362.0,377.1161,18,
2026-03-25 11:30:00,377.24,377.28,377.22,377.25,1005.0,377.2486,41,
2026-03-25 11:31:00,377.26,377.26,377.25,377.26,910.0,377.2608,35,
2026-03-25 11:32:00,377.34,377.35,377.2,377.34,2199.0,377.2645,63,
2026-03-25 11:33:00,377.24,377.24,377.2,377.2,584.0,377.2229,26,
2026-03-25 11:34:00,377.21,377.21,377.21,377.21,185.0,377.2245,21,
2026-03-25 11:35:00,377.23,377.25,377.21,377.25,477.0,377.2463,27,
2026-03-25 11:36:00,377.3,377.33,377.3,377.3,696.0,377.3009,46,
2026-03-25 11:37:00,377.32,377.34,377.27,377.32,968.0,377.3113,52,
2026-03-25 11:38:00,377.34,377.71,377.34,377.55,1963.0,377.5126,91,
2026-03-25 11:39:00,377.48,377.72,377.48,377.5,2126.0,377.5829,76,
2026-03-25 11:40:00,377.43,377.44,377.34,377.34,2367.0,377.3928,73,
2026-03-25 11:41:00,377.43,377.43,377.43,377.43,304.0,377.4288,16,
2026-03-25 11:42:00,377.47,377.48,377.46,377.46,616.0,377.473,29,
2026-03-25 11:43:00,377.48,377.48,377.48,377.48,273.0,377.4925,28,
2026-03-25 11:44:00,377.44,377.6,377.44,377.59,891.0,377.5478,33,
2026-03-25 11:45:00,377.49,377.49,377.49,377.49,76.0,377.5114,9,
2026-03-25 11:46:00,377.46,377.46,377.36,377.39,822.0,377.3922,53,
2026-03-25 11:47:00,377.34,377.36,376.95,376.99,6543.0,377.1135,244,
2026-03-25 11:48:00,377.03,377.05,376.9,376.92,3175.0,376.9819,110,
2026-03-25 11:49:00,376.78,376.9,376.78,376.83,3663.0,376.8911,46,
2026-03-25 11:50:00,376.81,377.04,376.65,376.65,3287.0,376.8878,81,
2026-03-25 11:52:00,376.98,376.98,376.98,376.98,110.0,376.9385,16,
2026-03-25 11:53:00,376.84,376.84,376.8,376.8,321.0,376.8193,16,
2026-03-25 11:54:00,376.8,376.94,376.8,376.94,551.0,376.8442,25,
2026-03-25 11:55:00,376.94,377.16,376.91,377.1,1556.0,377.0013,50,
2026-03-25 11:56:00,377.06,377.2,377.03,377.16,2498.0,377.1459,86,
2026-03-25 11:57:00,377.16,377.16,377.16,377.16,707.0,377.1562,39,
2026-03-25 11:58:00,377.04,377.22,377.04,377.22,250.0,377.1347,18,
2026-03-25 11:59:00,377.24,377.36,377.24,377.36,330.0,377.2926,21,
2026-03-25 12:00:00,376.15,378.57,373.47,377.5,60692.194571,376.7991,4393,
2026-03-25 12:01:00,375.0,377.5,373.45,374.85,84652.230181,374.2508,7979,
2026-03-25 12:02:00,376.09,377.3503,376.09,377.25,8797.236338,377.0779,173,
2026-03-25 12:03:00,377.29,377.4,377.29,377.39,2105.438042,377.4387,89,
2026-03-25 12:04:00,377.2732,377.46,377.2732,377.4,1277.585891,377.5922,56,
2026-03-25 12:05:00,377.39,377.55,373.53,377.55,9183.916301,376.4329,377,
2026-03-25 12:06:00,374.5,377.82,373.5,377.82,4914.070048,376.3579,231,
2026-03-25 12:07:00,377.787,377.8149,377.787,377.8,1008.906699,378.1224,70,
2026-03-25 12:08:00,377.92,378.0,377.726,377.85,3519.098828,377.9425,157,
2026-03-25 12:09:00,377.8734,377.8734,377.65,377.65,926.000264,377.7389,72,
2026-03-25 12:10:00,377.7585,377.8,377.56,377.56,3927.0,377.7243,76,
2026-03-25 12:11:00,377.56,377.65,377.5,377.5,3827.178887,377.5443,78,
2026-03-25 12:12:00,377.78,377.78,377.51,377.5757,2542.472352,377.7869,54,
2026-03-25 12:13:00,377.49,377.7,377.26,377.7,3751.661255,377.5102,147,
2026-03-25 12:14:00,377.35,377.7,377.3003,377.5,2324.881522,377.6772,72,
2026-03-25 12:15:00,377.5,377.5,377.25,377.25,1976.892674,377.57,83,
2026-03-25 12:16:00,377.35,377.4,377.01,377.01,3634.282007,377.2821,113,
2026-03-25 12:17:00,377.0919,377.27,376.57,376.57,8724.780138,376.8935,301,
2026-03-25 12:18:00,376.61,376.96,376.5325,376.56,6338.3,376.7379,162,
2026-03-25 12:19:00,376.5,376.88,376.5,376.51,2154.530565,376.6897,71,
2026-03-25 12:20:00,376.5,376.75,376.5,376.75,2341.653731,376.7038,95,
2026-03-25 12:21:00,376.8,376.8,376.45,376.45,3120.02036,376.6128,101,
2026-03-25 12:22:00,376.8,376.88,376.57,376.6,1699.594023,376.7941,92,
2026-03-25 12:23:00,376.55,376.68,376.0,376.598,14961.246107,376.2733,441,
2026-03-25 12:24:00,376.35,376.35,376.15,376.15,1908.325044,376.3453,86,
2026-03-25 12:25:00,376.31,376.8,376.3,376.73,4238.077469,376.5265,133,
2026-03-25 12:26:00,376.5,376.5,376.5,376.5,343.0,376.5457,35,
2026-03-25 12:27:00,376.5,376.74,376.32,376.35,3281.250007,376.5226,103,
2026-03-25 12:28:00,376.3927,376.4,376.14,376.14,6980.049734,376.1974,74,
2026-03-25 12:29:00,376.14,376.34,376.01,376.33,1402.039275,376.2935,40,
2026-03-25 12:30:00,376.43,376.45,376.03,376.03,1564.630098,376.3995,65,
2026-03-25 12:31:00,376.01,376.03,375.9,376.0,5901.328756,376.0025,239,
2026-03-25 12:32:00,375.8,376.0,375.8,375.8643,2992.02352,375.9782,102,
2026-03-25 12:33:00,375.86,376.1,375.8436,375.9217,2114.906674,376.1519,61,
2026-03-25 12:34:00,376.02,376.24,375.88,376.24,1326.653205,376.3622,69,
2026-03-25 12:35:00,376.3,376.44,376.0965,376.33,795.0,376.3042,51,
2026-03-25 12:36:00,376.37,376.37,376.05,376.35,1571.062716,376.245,77,
2026-03-25 12:37:00,376.36,376.4,376.2,376.4,1597.145912,376.3874,76,
2026-03-25 12:38:00,376.45,376.653,376.45,376.49,3149.940766,376.6228,121,
2026-03-25 12:39:00,376.45,376.66,376.45,376.54,3351.079392,376.5999,99,
2026-03-25 12:40:00,376.65,376.88,376.62,376.64,4755.234781,376.7551,204,
2026-03-25 12:41:00,376.64,376.8,376.6,376.6,2754.160012,376.7099,88,
2026-03-25 12:43:00,376.6611,376.7,376.62,376.7,242.013273,376.6848,31,
2026-03-25 12:44:00,376.6,376.6,376.51,376.51,563.189994,376.6995,58,
2026-03-25 12:45:00,376.5,376.68,376.45,376.68,1029.146333,376.5693,64,
2026-03-25 12:46:00,376.3555,376.68,376.3555,376.65,2051.848515,376.7007,86,
2026-03-25 12:47:00,376.5,376.5,376.32,376.4,1981.082489,376.4073,79,
2026-03-25 12:48:00,376.3707,376.57,376.3707,376.4,2340.592125,376.5293,43,
2026-03-25 12:49:00,376.51,376.5358,376.47,376.47,553.0,376.5151,26,
2026-03-25 12:50:00,376.5327,376.5327,376.4,376.4,681.553503,376.7349,47,
2026-03-25 12:51:00,376.32,376.4486,376.02,376.11,4109.596022,376.3104,131,
2026-03-25 12:52:00,376.16,376.16,376.0,376.1112,2174.028592,376.0868,118,
2026-03-25 12:53:00,376.3306,376.3306,376.22,376.24,434.032347,376.2552,35,
2026-03-25 12:54:00,376.0787,376.25,376.0,376.18,33763.79,372.9702,78,
2026-03-25 12:55:00,376.2,376.55,376.2,376.5,5384.098985,376.4069,139,
2026-03-25 12:56:00,376.53,376.61,376.4,376.46,1510.0,376.5053,63,
2026-03-25 12:57:00,376.4,376.4,376.35,376.35,1160.5,376.5513,50,
2026-03-25 12:58:00,376.3,376.39,376.2,376.374,865.0,376.3255,40,
2026-03-25 12:59:00,376.3,376.3,376.27,376.27,606.005206,376.298,40,
2026-03-25 13:00:00,376.36,376.36,375.83,376.19,6399.735252,376.0145,284,
2026-03-25 13:01:00,376.19,376.27,376.1002,376.27,1733.0,376.1764,57,
2026-03-25 13:02:00,376.3,376.32,376.1657,376.1657,1246.026721,376.3057,94,
2026-03-25 13:03:00,376.36,376.69,376.36,376.5,6977.056182,376.5477,163,
2026-03-25 13:04:00,376.65,377.11,376.4266,377.05,6134.166336,376.8828,237,
2026-03-25 13:05:00,377.0,377.09,376.8,377.0,2562.985411,377.1689,73,
2026-03-25 13:06:00,377.0,377.14,376.95,377.07,2770.021368,377.0578,118,
2026-03-25 13:07:00,377.14,377.2993,377.11,377.11,2205.883476,377.3374,115,
2026-03-25 13:08:00,377.12,377.2235,376.5975,377.2235,5473.823937,377.1059,122,
2026-03-25 13:09:00,377.1393,377.1393,376.79,376.9045,4688.0,376.9685,85,
2026-03-25 13:10:00,376.83,377.12,376.8135,377.09,4166.177062,377.011,106,
2026-03-25 13:11:00,377.11,377.11,376.9882,377.11,767.142081,377.1547,82,
2026-03-25 13:12:00,377.0836,377.09,376.92,376.9999,3149.18393,377.0756,78,
2026-03-25 13:13:00,376.92,376.96,376.21,376.43,8456.490264,376.6084,392,
2026-03-25 13:14:00,376.49,376.86,376.25,376.84,8304.004621,376.5498,150,
2026-03-25 13:15:00,376.87,376.95,376.36,376.95,1270.738285,377.0622,71,
2026-03-25 13:16:00,376.85,376.88,376.76,376.88,2375.029421,376.8333,107,
2026-03-25 13:17:00,376.89,377.0,376.88,376.9225,3094.272076,376.9998,124,
2026-03-25 13:18:00,377.0,377.0,376.67,377.0,2675.43106,377.0072,90,
2026-03-25 13:19:00,377.0001,377.19,377.0,377.09,1751.030439,377.0434,108,
2026-03-25 13:20:00,377.0152,377.09,376.92,376.9619,1470.95444,377.2622,82,
2026-03-25 13:21:00,377.05,377.08,376.93,376.93,1616.717694,377.1766,101,
2026-03-25 13:22:00,376.9,376.9,376.8,376.8,4979.027134,376.8103,81,
2026-03-25 13:23:00,376.71,376.7999,376.67,376.77,2915.312253,376.7472,113,
2026-03-25 13:24:00,376.92,376.9481,376.65,376.67,2045.0,376.8041,107,
2026-03-25 13:25:00,376.94,377.29,376.84,377.05,3675.217312,377.0906,219,
2026-03-25 13:26:00,377.35,378.01,377.19,377.8,8988.913045,377.7843,306,
2026-03-25 13:27:00,377.94,378.6,376.65,377.3,11617.806396,377.7191,383,
2026-03-25 13:28:00,377.3,377.3,377.0,377.04,4980.077609,377.1095,191,
2026-03-25 13:29:00,376.95,377.12,376.81,377.0,2690.193899,376.956,139,
2026-03-25 13:30:00,376.92,377.06,374.78,375.825,696004.732124,376.2694,16640,
2026-03-25 13:31:00,375.86,376.32,375.5146,375.56,294908.150683,375.8846,6396,
2026-03-25 13:32:00,375.56,375.86,375.16,375.245,135292.792132,375.5381,4013,
2026-03-25 13:33:00,375.245,375.45,374.91,375.37,106940.748503,375.2278,3375,
2026-03-25 13:34:00,375.417,376.31,375.417,376.2326,108641.720584,375.9215,3295,
2026-03-25 13:35:00,376.22,376.6,375.8169,376.28,98396.890993,376.2315,2953,
2026-03-25 13:36:00,376.31,376.675,376.0,376.66,121881.107384,376.3933,3373,
2026-03-25 13:37:00,376.67,376.76,376.44,376.695,100293.169627,376.6026,2672,
2026-03-25 13:38:00,376.69,376.8199,375.8701,375.95,159420.755208,376.2967,3274,
2026-03-25 13:39:00,375.975,376.005,374.92,375.005,103245.958028,375.4045,3204,
2026-03-25 13:40:00,374.979,375.45,374.97,375.315,99479.765092,375.2273,2779,
2026-03-25 13:41:00,375.29,375.32,374.95,375.07,107889.973388,375.1398,2576,
2026-03-25 13:42:00,375.095,375.15,374.22,374.22,129375.264328,374.7032,3974,
2026-03-25 13:43:00,374.25,374.4392,373.96,374.08,148506.176333,374.1152,4458,
2026-03-25 13:44:00,374.08,374.18,373.51,373.7,134558.692378,373.8562,3550,
2026-03-25 13:45:00,373.705,374.2699,373.67,374.0,172242.426844,373.9608,4062,
2026-03-25 13:46:00,373.965,374.18,373.75,373.8975,73632.247263,373.9769,2717,
2026-03-25 13:47:00,373.85,374.22,373.62,374.0901,71234.209415,373.9731,2599,
2026-03-25 13:48:00,374.08,374.36,373.95,374.335,132052.264702,374.2036,3005,
2026-03-25 13:49:00,374.38,374.54,373.96,374.05,93923.169609,374.3275,2887,
2026-03-25 13:50:00,374.05,374.25,373.42,373.64,116873.625037,373.7345,3412,
2026-03-25 13:51:00,373.6529,373.9199,373.6529,373.735,75831.551493,373.7917,2311,
2026-03-25 13:52:00,373.73,373.89,373.66,373.82,85979.536508,373.768,2355,
2026-03-25 13:53:00,373.82,374.07,373.75,373.92,80432.184492,373.9061,2484,
2026-03-25 13:54:00,373.88,374.0989,373.74,374.075,92136.653727,373.9004,2532,
2026-03-25 13:55:00,374.075,374.31,373.895,373.925,65834.820815,374.1073,2447,
2026-03-25 13:56:00,373.925,374.04,373.36,373.44,217583.912168,373.7226,4590,
2026-03-25 13:57:00,373.44,373.61,373.27,373.5199,95068.144855,373.4276,2902,
2026-03-25 13:58:00,373.48,373.73,373.32,373.465,98657.267903,373.4948,2883,
2026-03-25 13:59:00,373.47,373.49,373.16,373.395,74197.077096,373.346,2574,
2026-03-25 14:00:00,373.4112,373.61,373.13,373.1399,85362.084287,373.3643,3060,
2026-03-25 14:01:00,373.14,373.47,373.08,373.395,88206.105563,373.2705,2965,
2026-03-25 14:02:00,373.385,373.45,372.85,372.94,163910.937376,373.1013,5282,
2026-03-25 14:03:00,372.955,373.0704,372.65,372.885,111654.909352,372.8613,4556,
2026-03-25 14:04:00,372.87,373.205,372.845,373.1975,101978.64085,373.078,2793,
2026-03-25 14:05:00,373.1912,373.24,372.62,372.79,112418.036944,372.9989,3371,
2026-03-25 14:06:00,372.81,373.65,372.81,373.445,109397.567264,373.2893,3040,
2026-03-25 14:07:00,373.48,373.64,373.17,373.23,119420.196485,373.4554,3072,
2026-03-25 14:08:00,373.29,373.7,373.21,373.42,71160.39314,373.5264,2277,
2026-03-25 14:09:00,373.4146,373.51,373.125,373.22,90313.564498,373.3425,2677,
2026-03-25 14:10:00,373.21,373.27,372.95,373.09,77499.107876,373.1165,2644,
2026-03-25 14:11:00,373.07,373.55,373.0097,373.4107,100221.812334,373.2224,2873,
2026-03-25 14:12:00,373.46,373.88,373.43,373.76,120238.94097,373.6661,3165,
2026-03-25 14:13:00,373.79,373.8799,373.53,373.675,89239.125442,373.6683,2747,
2026-03-25 14:14:00,373.67,374.25,373.54,374.16,85195.429723,373.8908,2720,
2026-03-25 14:15:00,374.15,374.23,373.9,373.95,73078.718866,374.0236,2463,
2026-03-25 14:16:00,373.9547,373.98,373.73,373.88,49962.784704,373.8567,2147,
2026-03-25 14:17:00,373.86,373.95,373.7,373.83,53249.916257,373.8367,2110,
2026-03-25 14:18:00,373.84,374.36,373.8,374.3351,77091.72776,374.1063,2442,
2026-03-25 14:19:00,374.35,374.38,373.81,373.8301,51266.975202,374.0954,2168,
2026-03-25 14:20:00,373.9,374.215,373.89,374.16,65352.324027,374.0259,2096,
2026-03-25 14:21:00,374.14,374.2,374.06,374.175,45901.966155,374.1333,1932,
2026-03-25 14:22:00,374.15,374.15,373.76,373.905,54778.313233,373.9998,2571,
2026-03-25 14:23:00,373.96,373.98,373.52,373.6625,56225.227846,373.7106,2095,
2026-03-25 14:24:00,373.68,373.85,373.43,373.6,96281.393538,373.6203,3007,
2026-03-25 14:25:00,373.6,374.0,373.34,373.69,69826.234225,373.699,2761,
2026-03-25 14:26:00,373.68,373.68,373.17,373.52,75085.277463,373.4275,2378,
2026-03-25 14:27:00,373.52,374.23,373.4,374.115,68218.526175,373.8112,2301,
2026-03-25 14:28:00,374.09,374.15,373.71,373.85,34921.917474,373.9623,1947,
2026-03-25 14:29:00,373.85,373.89,373.59,373.74,32074.90028,373.7538,2234,
2026-03-25 14:30:00,373.75,373.86,373.475,373.685,65417.75572,373.6922,2491,
2026-03-25 14:31:00,373.66,373.88,373.625,373.85,58864.767392,373.7861,2214,
2026-03-25 14:32:00,373.85,374.08,373.77,373.96,50348.237374,373.9647,2063,
2026-03-25 14:33:00,373.955,374.13,373.83,374.0122,43114.934295,373.9691,2046,
2026-03-25 14:34:00,374.032,374.12,373.87,374.08,58353.720376,374.0085,2207,
2026-03-25 14:35:00,374.1,374.1988,374.03,374.12,39437.41666,374.1076,1895,
2026-03-25 14:36:00,374.122,374.13,373.61,373.63,48172.694122,373.8716,2420,
2026-03-25 14:37:00,373.615,373.7899,373.39,373.7,60915.329018,373.6196,2229,
2026-03-25 14:38:00,373.695,373.88,373.48,373.52,66206.393352,373.6763,2301,
2026-03-25 14:39:00,373.5483,373.56,373.24,373.42,64503.658162,373.3809,2415,
2026-03-25 14:40:00,373.425,373.53,373.2501,373.37,41342.173308,373.3848,2007,
2026-03-25 14:41:00,373.395,373.77,373.335,373.5695,47873.746676,373.5698,2091,
2026-03-25 14:42:00,373.6,373.865,373.42,373.79,53825.764949,373.6631,2009,
2026-03-25 14:43:00,373.76,373.78,373.4,373.555,44733.667136,373.5821,2068,
2026-03-25 14:44:00,373.52,373.62,373.26,373.26,57565.13556,373.4472,2231,
2026-03-25 14:45:00,373.33,373.5,373.26,373.39,52208.427506,373.3832,2172,
2026-03-25 14:46:00,373.39,373.65,373.36,373.63,38956.836556,373.4625,1856,
2026-03-25 14:47:00,373.618,373.75,373.52,373.635,63838.324776,373.6322,2071,
2026-03-25 14:48:00,373.635,373.8,373.51,373.7201,73422.744243,373.6528,2425,
2026-03-25 14:49:00,373.69,373.695,373.41,373.45,50417.269959,373.5297,2204,
2026-03-25 14:50:00,373.45,373.7,373.38,373.63,66348.796212,373.5468,2307,
2026-03-25 14:51:00,373.54,373.6349,373.16,373.17,101365.330939,373.419,2405,
2026-03-25 14:52:00,373.16,373.25,372.73,372.77,130019.158643,373.0336,4491,
2026-03-25 14:53:00,372.765,372.86,372.7,372.78,75620.982781,372.7868,2511,
2026-03-25 14:54:00,372.82,373.0,372.78,372.83,53868.677908,372.9349,2110,
2026-03-25 14:55:00,372.86,373.475,372.715,373.32,163791.126891,373.006,3312,
2026-03-25 14:56:00,373.32,373.71,373.22,373.655,73089.025746,373.4434,2301,
2026-03-25 14:57:00,373.655,373.7226,373.37,373.61,48959.485855,373.5508,1979,
2026-03-25 14:58:00,373.61,373.64,373.4,373.6,33299.325048,373.5195,1748,
2026-03-25 14:59:00,373.58,373.61,373.1802,373.2525,41875.455218,373.3551,2029,
2026-03-25 15:00:00,373.235,373.3,373.04,373.065,41561.782264,373.2036,2029,
2026-03-25 15:01:00,373.07,373.17,372.96,373.065,35243.959489,373.048,1925,
2026-03-25 15:02:00,373.09,373.18,372.99,373.14,36386.018401,373.0825,1919,
2026-03-25 15:03:00,373.11,373.3587,373.0807,373.23,58465.483172,373.2199,1892,
2026-03-25 15:04:00,373.225,373.345,373.19,373.27,36782.451386,373.2587,1729,
2026-03-25 15:05:00,373.275,373.45,373.15,373.325,65713.172252,373.3201,2032,
2026-03-25 15:06:00,373.34,373.365,372.99,372.99,42869.418864,373.1923,2195,
2026-03-25 15:07:00,373.02,373.07,372.245,372.28,118705.411345,372.6238,4594,
2026-03-25 15:08:00,372.26,372.61,372.22,372.31,95707.292504,372.4507,2798,
2026-03-25 15:09:00,372.27,372.3399,371.8,371.895,155548.282092,372.0667,6782,
2026-03-25 15:10:00,371.895,372.18,371.46,371.55,116966.833534,371.7714,4009,
2026-03-25 15:11:00,371.58,371.7999,371.2,371.23,104081.558436,371.5363,3091,
2026-03-25 15:12:00,371.23,371.24,370.67,370.795,135182.465903,370.9033,5449,
2026-03-25 15:13:00,370.8,370.92,370.63,370.72,108050.748268,370.7892,3179,
2026-03-25 15:14:00,370.7035,370.74,370.46,370.485,138407.416473,370.5633,4002,
2026-03-25 15:15:00,370.4712,370.85,370.4,370.64,108366.872951,370.609,3119,
2026-03-25 15:16:00,370.63,370.7648,369.81,369.81,362063.282271,370.1067,16742,
2026-03-25 15:17:00,369.8,370.18,369.74,369.965,180014.271372,369.9337,3975,
2026-03-25 15:18:00,369.99,370.4,369.85,370.21,98010.576359,370.1242,2743,
2026-03-25 15:19:00,370.2,370.4,369.95,369.99,95243.514032,370.1086,3210,
2026-03-25 15:20:00,370.01,370.23,369.88,370.1599,114763.567764,370.0443,3384,
2026-03-25 15:21:00,370.08,370.46,370.06,370.1501,77774.944152,370.2559,2663,
2026-03-25 15:22:00,370.18,370.42,370.13,370.31,54443.538314,370.3116,2643,
2026-03-25 15:23:00,370.28,370.48,370.1745,370.4001,73970.639809,370.3369,2606,
2026-03-25 15:24:00,370.37,370.86,370.32,370.6801,90749.062222,370.6365,2941,
2026-03-25 15:25:00,370.72,370.83,370.49,370.79,66464.523034,370.6534,2464,
2026-03-25 15:26:00,370.76,370.99,370.524,370.96,50884.259413,370.7408,2317,
2026-03-25 15:27:00,370.99,371.0,370.5601,370.64,68012.002838,370.7365,2465,
2026-03-25 15:28:00,370.62,371.005,370.57,370.86,40339.244314,370.8081,2109,
2026-03-25 15:29:00,370.86,371.42,370.86,371.415,61841.437257,371.1452,2138,
2026-03-25 15:30:00,371.415,371.54,371.2,371.53,73225.543263,371.3595,2392,
2026-03-25 15:31:00,371.535,371.58,371.4001,371.54,72689.30368,371.4976,2361,
2026-03-25 15:32:00,371.52,371.55,371.17,371.3,60985.723861,371.3377,2137,
2026-03-25 15:33:00,371.31,371.36,371.14,371.35,95080.474834,371.2259,2180,
2026-03-25 15:34:00,371.32,371.36,371.18,371.22,32293.693007,371.2926,1808,
2026-03-25 15:35:00,371.195,371.2499,370.81,371.0101,68395.306488,371.0361,2553,
2026-03-25 15:36:00,370.98,371.07,370.9,371.0,46237.959485,370.9943,1935,
2026-03-25 15:37:00,370.99,371.1,370.84,370.95,69225.411753,370.9877,2481,
2026-03-25 15:38:00,371.0,371.03,370.7,370.73,58374.077406,370.82,2216,
2026-03-25 15:39:00,370.71,370.82,370.52,370.575,73736.420694,370.6837,2174,
2026-03-25 15:40:00,370.55,370.81,370.52,370.535,37170.506779,370.6911,1865,
2026-03-25 15:41:00,370.55,370.65,370.27,370.335,51646.31884,370.4808,2422,
2026-03-25 15:42:00,370.32,370.4299,370.06,370.115,63829.246731,370.2502,2287,
2026-03-25 15:43:00,370.13,370.22,370.05,370.07,55323.944704,370.1251,2066,
2026-03-25 15:44:00,370.09,370.41,370.075,370.31,71654.220264,370.2338,2066,
2026-03-25 15:45:00,370.31,370.38,370.08,370.1,65972.88493,370.2793,2332,
2026-03-25 15:46:00,370.1,370.22,369.98,370.12,139774.537827,370.0404,4940,
2026-03-25 15:47:00,370.08,370.3,370.02,370.11,65839.380272,370.1652,2215,
2026-03-25 15:48:00,370.125,370.32,370.04,370.285,36410.020576,370.1728,1867,
2026-03-25 15:49:00,370.27,370.3799,370.18,370.28,48903.876189,370.2298,1624,
2026-03-25 15:50:00,370.27,370.5932,370.26,370.436,58368.75634,370.4961,1608,
2026-03-25 15:51:00,370.43,370.44,370.27,370.295,56380.393105,370.3354,1471,
2026-03-25 15:52:00,370.3,370.3,369.98,370.075,79377.805062,370.1073,2456,
2026-03-25 15:53:00,370.05,370.25,370.03,370.11,34536.530079,370.1349,1321,
2026-03-25 15:54:00,370.075,370.16,370.0,370.1201,38624.628567,370.0788,1417,
2026-03-25 15:55:00,370.155,370.39,370.0,370.215,52423.601385,370.2063,1766,
2026-03-25 15:56:00,370.23,370.655,370.2,370.655,78184.088582,370.4139,1935,
2026-03-25 15:57:00,370.64,370.734,370.31,370.36,47699.55514,370.5733,1553,
2026-03-25 15:58:00,370.45,370.66,370.3,370.49,47387.458718,370.4436,1380,
2026-03-25 15:59:00,370.51,370.58,370.34,370.4155,50948.417681,370.4579,1582,
2026-03-25 16:00:00,370.39,370.5686,370.3,370.38,54105.175829,370.4287,1692,
2026-03-25 16:01:00,370.35,370.5384,370.22,370.39,48815.194521,370.3375,1648,
2026-03-25 16:02:00,370.4099,370.51,370.23,370.385,35680.35026,370.3817,1357,
2026-03-25 16:03:00,370.37,370.37,370.2,370.25,25482.352229,370.2965,1122,
2026-03-25 16:04:00,370.24,370.32,370.08,370.125,27892.570312,370.2104,1370,
2026-03-25 16:05:00,370.125,370.24,369.97,370.13,82986.594826,370.0494,2713,
2026-03-25 16:06:00,370.145,370.32,370.145,370.1999,48255.878751,370.243,1175,
2026-03-25 16:07:00,370.2,370.43,370.2,370.33,46019.26614,370.3246,1304,
2026-03-25 16:08:00,370.32,370.36,370.07,370.29,36110.548,370.1982,1346,
2026-03-25 16:09:00,370.29,370.45,370.24,370.335,45458.776687,370.3319,1374,
2026-03-25 16:10:00,370.33,370.34,370.09,370.19,34527.851795,370.1957,1281,
2026-03-25 16:11:00,370.19,370.355,370.1,370.355,35110.100101,370.2098,1220,
2026-03-25 16:12:00,370.38,370.4599,370.14,370.24,39602.374408,370.2928,1327,
2026-03-25 16:13:00,370.2593,370.33,370.1701,370.27,31084.429125,370.2664,1248,
2026-03-25 16:14:00,370.26,370.4099,370.26,370.295,39874.041438,370.327,1348,
2026-03-25 16:15:00,370.29,370.471,370.25,370.33,47760.755511,370.3251,1449,
2026-03-25 16:16:00,370.35,370.51,370.3,370.5,45444.153016,370.4307,1445,
2026-03-25 16:17:00,370.4999,370.62,370.37,370.58,35029.788835,370.4954,1257,
2026-03-25 16:18:00,370.55,370.5714,370.3297,370.35,66888.509562,370.4065,1661,
2026-03-25 16:19:00,370.35,370.45,370.33,370.42,49278.802167,370.4055,1422,
2026-03-25 16:20:00,370.42,370.66,370.38,370.49,70737.479489,370.5282,1912,
2026-03-25 16:21:00,370.4919,370.54,370.34,370.39,45297.903686,370.4718,1454,
2026-03-25 16:22:00,370.41,370.43,370.25,370.365,35455.766539,370.3474,1412,
2026-03-25 16:23:00,370.3675,370.71,370.36,370.36,68970.706535,370.5212,1689,
2026-03-25 16:24:00,370.37,370.9,370.34,370.76,105581.811691,370.5556,2293,
2026-03-25 16:25:00,370.87,371.04,370.5201,370.89,113082.983215,370.7781,2445,
2026-03-25 16:26:00,370.9,371.1399,370.7,371.01,64606.467248,370.8647,1746,
2026-03-25 16:27:00,371.035,371.08,370.79,370.905,39627.064678,370.9326,1219,
2026-03-25 16:28:00,370.88,371.01,370.8,370.98,45327.778744,370.8972,1331,
2026-03-25 16:29:00,370.98,370.98,370.81,370.875,65716.106776,370.8788,1493,
2026-03-25 16:30:00,370.875,371.03,370.67,370.97,33865.466277,370.857,1480,
2026-03-25 16:31:00,370.95,371.19,370.93,371.145,41129.764407,371.0719,1337,
2026-03-25 16:32:00,371.14,371.14,370.92,371.04,67232.041997,371.0105,1685,
2026-03-25 16:33:00,371.06,371.33,370.99,371.275,58755.776403,371.1176,1442,
2026-03-25 16:34:00,371.27,371.32,371.03,371.1,35786.311597,371.1448,1346,
2026-03-25 16:35:00,371.09,371.37,371.01,371.265,25748.406992,371.1855,1094,
2026-03-25 16:36:00,371.2751,371.54,371.22,371.52,42928.706307,371.4098,1177,
2026-03-25 16:37:00,371.52,371.52,371.38,371.45,31915.663521,371.4441,1022,
2026-03-25 16:38:00,371.455,371.46,371.25,371.4199,37082.98485,371.3629,1178,
2026-03-25 16:39:00,371.4194,371.56,371.33,371.42,28154.78472,371.473,1003,
2026-03-25 16:40:00,371.42,371.5,371.31,371.4091,24376.360625,371.4173,1049,
2026-03-25 16:41:00,371.35,371.4,371.22,371.3,25440.40239,371.3394,1044,
2026-03-25 16:42:00,371.31,371.4,371.03,371.03,38513.526348,371.2387,1122,
2026-03-25 16:43:00,371.03,371.34,370.97,371.335,37245.955811,371.1579,1191,
2026-03-25 16:44:00,371.35,371.38,371.18,371.355,30064.051276,371.2844,1083,
2026-03-25 16:45:00,371.36,371.39,371.24,371.3144,29360.291831,371.3299,939,
2026-03-25 16:46:00,371.3,371.3381,371.12,371.3381,24950.350338,371.2526,947,
2026-03-25 16:47:00,371.31,371.31,370.95,371.0101,39967.223309,371.1155,1324,
2026-03-25 16:48:00,371.04,371.18,370.95,370.98,24874.742185,371.0596,951,
2026-03-25 16:49:00,370.98,371.0499,370.91,370.99,24792.466361,370.9956,870,
2026-03-25 16:50:00,370.99,371.02,370.72,370.8,54075.943378,370.9623,1364,
2026-03-25 16:51:00,370.8,371.1,370.8,370.895,31652.170732,370.9306,1051,
2026-03-25 16:52:00,370.89,371.08,370.8,371.0,32389.7554,370.928,1237,
2026-03-25 16:53:00,371.0,371.1899,370.985,371.14,28048.546087,371.0738,951,
2026-03-25 16:54:00,371.15,371.28,371.07,371.205,29745.42683,371.178,919,
2026-03-25 16:55:00,371.2,371.24,371.09,371.24,35058.864495,371.178,1004,
2026-03-25 16:56:00,371.22,371.3374,371.155,371.18,45642.32598,371.2454,1013,
2026-03-25 16:57:00,371.1854,371.19,370.98,370.98,29035.971704,371.0852,1066,
2026-03-25 16:58:00,370.995,371.03,370.83,370.95,23983.430817,370.9638,905,
2026-03-25 16:59:00,370.97,371.12,370.97,371.0,19483.103156,371.0195,756,
2026-03-25 17:00:00,371.005,371.14,370.98,371.02,28524.649666,371.055,912,
2026-03-25 17:01:00,371.025,371.1999,371.025,371.13,20733.191723,371.1195,801,
2026-03-25 17:02:00,371.135,371.17,370.6,370.925,82276.402855,370.9179,2489,
2026-03-25 17:03:00,370.93,370.975,370.79,370.83,23746.990221,370.9092,905,
2026-03-25 17:04:00,370.83,370.98,370.7118,370.9205,28630.410118,370.8498,871,
2026-03-25 17:05:00,370.9,370.935,370.55,370.635,36255.899023,370.7406,1111,
2026-03-25 17:06:00,370.64,370.8,370.6001,370.745,25427.558354,370.7022,998,
2026-03-25 17:07:00,370.7347,370.85,370.68,370.695,31644.962696,370.782,963,
2026-03-25 17:08:00,370.695,370.7,370.53,370.615,47991.924281,370.6235,1087,
2026-03-25 17:09:00,370.63,370.69,370.42,370.52,75181.32111,370.5611,1550,
2026-03-25 17:10:00,370.515,370.68,370.465,370.625,36232.278705,370.5881,990,
2026-03-25 17:11:00,370.6,370.85,370.54,370.795,42464.923629,370.7059,1070,
2026-03-25 17:12:00,370.825,371.18,370.825,371.16,47448.710495,370.989,1168,
2026-03-25 17:13:00,371.15,371.18,371.03,371.115,64836.855597,371.0978,1230,
2026-03-25 17:14:00,371.1,371.115,370.7722,370.8401,52096.700796,370.9083,1342,
2026-03-25 17:15:00,370.84,370.8765,370.62,370.71,55776.072717,370.7616,1335,
2026-03-25 17:16:00,370.72,370.77,370.57,370.615,59837.430106,370.641,1358,
2026-03-25 17:17:00,370.615,370.83,370.6,370.805,109702.62803,370.668,1629,
2026-03-25 17:18:00,370.81,371.1,370.78,370.835,47957.642973,370.9503,1277,
2026-03-25 17:19:00,370.835,371.19,370.63,371.02,50577.863914,370.8985,1384,
2026-03-25 17:20:00,371.05,371.12,370.9501,371.015,40404.391067,371.0291,947,
2026-03-25 17:21:00,371.03,371.105,371.0,371.0794,28812.848781,371.0609,838,
2026-03-25 17:22:00,371.04,371.16,370.91,370.9601,48816.548195,371.0446,1146,
2026-03-25 17:23:00,370.94,371.35,370.94,371.16,39781.859117,371.169,1097,
2026-03-25 17:24:00,371.17,371.1913,370.98,371.04,35699.805062,371.063,788,
2026-03-25 17:25:00,371.07,371.22,371.07,371.1547,30261.354693,371.1464,829,
2026-03-25 17:26:00,371.18,371.3791,371.18,371.3029,30348.02146,371.2659,873,
2026-03-25 17:27:00,371.33,371.66,371.3201,371.655,37082.263561,371.4416,1010,
2026-03-25 17:28:00,371.63,371.635,371.47,371.58,29963.192765,371.5376,902,
2026-03-25 17:29:00,371.53,371.55,371.34,371.39,25240.329657,371.4277,835,
2026-03-25 17:30:00,371.4,371.47,371.299,371.425,27919.843773,371.4041,974,
2026-03-25 17:31:00,371.425,371.47,370.97,370.9999,40245.509933,371.2448,1323,
2026-03-25 17:32:00,370.96,371.165,370.93,371.105,66345.780043,371.0487,1468,
2026-03-25 17:33:00,371.12,371.28,371.07,371.225,49710.928394,371.188,986,
2026-03-25 17:34:00,371.2,371.2199,371.115,371.19,59752.806831,371.1779,1021,
2026-03-25 17:35:00,371.1999,371.1999,371.1,371.145,72724.317331,371.1489,1528,
2026-03-25 17:36:00,371.15,371.18,371.04,371.08,42204.31511,371.1096,1106,
2026-03-25 17:37:00,371.0885,371.0885,370.86,370.95,35712.077831,370.949,1214,
2026-03-25 17:38:00,370.945,371.2,370.89,371.165,88817.458817,371.0538,1129,
2026-03-25 17:39:00,371.1483,371.4299,371.02,371.3533,64192.878058,371.2656,1297,
2026-03-25 17:40:00,371.375,371.49,371.17,371.25,39562.535971,371.3024,1077,
2026-03-25 17:41:00,371.2594,371.26,371.05,371.07,29187.314052,371.1661,1001,
2026-03-25 17:42:00,371.11,371.18,371.0,371.03,27206.721442,371.1236,847,
2026-03-25 17:43:00,371.015,371.55,371.0,371.21,89500.586215,371.2817,1969,
2026-03-25 17:44:00,371.19,371.25,371.02,371.0701,34615.335054,371.1462,975,
2026-03-25 17:45:00,371.1,371.1006,370.85,370.85,44199.215717,370.9334,1099,
2026-03-25 17:46:00,370.875,370.97,370.825,370.955,26629.132045,370.9053,936,
2026-03-25 17:47:00,370.94,370.98,370.845,370.95,31582.632426,370.9389,1040,
2026-03-25 17:48:00,370.97,371.03,370.77,370.88,32987.263057,370.8825,1170,
2026-03-25 17:49:00,370.89,370.94,370.69,370.69,33172.261174,370.8459,1170,
2026-03-25 17:50:00,370.705,370.75,370.61,370.7195,47717.819727,370.6894,1390,
2026-03-25 17:51:00,370.703,370.72,370.51,370.72,36775.397641,370.6102,1247,
2026-03-25 17:52:00,370.75,371.19,370.64,370.665,47128.828095,370.8267,1567,
2026-03-25 17:53:00,370.7,370.84,370.58,370.82,24518.062284,370.7024,895,
2026-03-25 17:54:00,370.82,370.98,370.8163,370.84,38452.095966,370.8958,1018,
2026-03-25 17:55:00,370.8601,370.92,370.75,370.88,18189.929637,370.8418,791,
2026-03-25 17:56:00,370.9001,370.93,370.74,370.9,18887.176896,370.8458,2393,
2026-03-25 17:57:00,370.9,370.93,370.78,370.93,36019.156936,370.8622,976,
2026-03-25 17:58:00,370.93,371.46,370.85,371.12,74809.766213,371.1177,2194,
2026-03-25 17:59:00,371.09,371.0999,370.88,370.995,27452.559436,371.0013,789,
2026-03-25 18:00:00,370.99,371.08,370.8,370.892,40800.038692,370.9467,1024,
2026-03-25 18:01:00,370.9,370.9199,370.6,370.76,41109.170474,370.7615,1087,
2026-03-25 18:02:00,370.79,371.0,370.71,370.88,32535.887752,370.8778,969,
2026-03-25 18:03:00,370.8899,371.01,370.81,370.84,117450.492371,371.0878,956,
2026-03-25 18:04:00,370.855,370.91,370.8,370.82,17950.120581,370.8606,704,
2026-03-25 18:05:00,370.82,371.08,370.82,371.0625,22313.671211,370.9706,771,
2026-03-25 18:06:00,371.08,371.1,370.975,370.98,35268.63208,371.0321,961,
2026-03-25 18:07:00,370.98,370.98,370.6345,370.7,19952.532217,370.861,894,
2026-03-25 18:08:00,370.69,370.71,370.42,370.61,69102.223942,370.5283,1797,
2026-03-25 18:09:00,370.61,370.8099,370.5988,370.77,58816.587429,370.7169,977,
2026-03-25 18:10:00,370.745,370.9,370.64,370.78,26909.312706,370.7435,837,
2026-03-25 18:11:00,370.77,370.9,370.74,370.89,346885.182872,370.7313,907,
2026-03-25 18:12:00,370.86,370.88,370.77,370.8699,23202.115984,370.8353,839,
2026-03-25 18:13:00,370.84,370.85,370.77,370.82,13142.585005,370.8274,577,
2026-03-25 18:14:00,370.8,370.83,370.727,370.74,28791.265065,370.7866,776,
2026-03-25 18:15:00,370.74,370.77,370.71,370.735,15945.622768,370.7657,721,
2026-03-25 18:16:00,370.735,370.745,370.6,370.705,29636.360829,370.7221,964,
2026-03-25 18:17:00,370.7,370.81,370.45,370.67,53436.688835,370.6016,1693,
2026-03-25 18:18:00,370.66,370.685,370.45,370.61,31480.451374,370.5904,958,
2026-03-25 18:19:00,370.62,370.62,370.395,370.4194,38663.24402,370.4999,1227,
2026-03-25 18:20:00,370.41,370.59,370.37,370.59,33627.307587,370.4868,1071,
2026-03-25 18:21:00,370.6,370.665,370.5,370.66,28846.126112,370.5738,935,
2026-03-25 18:22:00,370.6401,370.67,370.61,370.6393,24004.269843,370.6389,748,
2026-03-25 18:23:00,370.62,370.6504,370.53,370.6081,21756.277241,370.6004,926,
2026-03-25 18:24:00,370.61,370.66,370.55,370.65,19832.211941,370.6123,749,
2026-03-25 18:25:00,370.6405,370.6591,370.44,370.455,41692.081017,370.5232,1144,
2026-03-25 18:26:00,370.455,370.48,370.11,370.21,79476.714252,370.2766,2508,
2026-03-25 18:27:00,370.21,370.3,370.14,370.225,42006.415146,370.201,1186,
2026-03-25 18:28:00,370.21,370.24,370.0,370.15,132467.977953,370.0565,6087,
2026-03-25 18:29:00,370.1675,370.2,369.99,370.03,58944.917893,370.0688,1425,
2026-03-25 18:30:00,370.04,370.2299,370.035,370.13,50234.037542,370.1119,1233,
2026-03-25 18:31:00,370.14,370.1401,369.99,370.04,56842.062827,370.0799,1660,
2026-03-25 18:32:00,370.04,370.19,370.0298,370.18,35911.556505,370.1291,1024,
2026-03-25 18:33:00,370.17,370.28,370.03,370.255,44097.94529,370.1547,1202,
2026-03-25 18:34:00,370.25,370.28,370.17,370.24,27572.657037,370.2137,830,
2026-03-25 18:35:00,370.23,370.255,370.13,370.2301,39886.551398,370.1863,1179,
2026-03-25 18:36:00,370.23,370.28,370.165,370.22,29051.47518,370.2093,1109,
2026-03-25 18:37:00,370.24,370.265,370.16,370.26,39196.144656,370.2194,1159,
2026-03-25 18:38:00,370.26,370.45,370.25,370.4101,41647.489849,370.3609,1199,
2026-03-25 18:39:00,370.425,370.54,370.3712,370.5,31789.364425,370.4342,1048,
2026-03-25 18:40:00,370.51,370.55,370.27,370.36,40510.714773,370.4191,1263,
2026-03-25 18:41:00,370.34,370.49,370.275,370.305,24429.693466,370.3931,949,
2026-03-25 18:42:00,370.31,370.3899,370.1501,370.1501,22685.780691,370.2919,996,
2026-03-25 18:43:00,370.16,370.24,370.1,370.24,41895.650539,370.1834,1151,
2026-03-25 18:44:00,370.2497,370.4299,370.22,370.42,28872.913269,370.3747,1066,
2026-03-25 18:45:00,370.39,370.49,370.37,370.44,63594.455138,370.4207,1582,
2026-03-25 18:46:00,370.4204,370.51,370.4101,370.455,26749.975125,370.4633,920,
2026-03-25 18:47:00,370.455,370.48,370.395,370.44,19641.325817,370.4336,856,
2026-03-25 18:48:00,370.43,370.44,370.25,370.295,41799.158082,370.3514,1356,
2026-03-25 18:49:00,370.29,370.3232,370.165,370.2,25994.02976,370.259,956,
2026-03-25 18:50:00,370.185,370.2599,370.1,370.2586,33548.545313,370.1913,1064,
2026-03-25 18:51:00,370.25,370.33,370.19,370.33,29307.732876,370.2687,996,
2026-03-25 18:52:00,370.3251,370.48,370.2808,370.48,29654.922446,370.3663,1060,
2026-03-25 18:53:00,370.4701,370.4701,370.37,370.3703,27649.718082,370.3988,864,
2026-03-25 18:54:00,370.38,370.42,370.32,370.4175,25603.331815,370.374,1021,
2026-03-25 18:55:00,370.415,370.48,369.63,369.66,200989.874803,370.006,6650,
2026-03-25 18:56:00,369.64,370.0606,369.63,369.79,104043.695338,369.8852,2142,
2026-03-25 18:57:00,369.82,370.14,369.81,370.12,57084.363629,370.0034,1588,
2026-03-25 18:58:00,370.1,370.295,370.1,370.16,56569.866648,370.1982,1532,
2026-03-25 18:59:00,370.15,370.31,370.13,370.3,59053.931269,370.1869,1292,
2026-03-25 19:00:00,370.3,370.3,369.69,369.8,82850.979232,369.9442,2093,
2026-03-25 19:01:00,369.79,370.11,369.76,370.06,72289.241355,369.9472,1654,
2026-03-25 19:02:00,370.055,370.15,369.97,370.1244,32998.621995,370.0512,971,
2026-03-25 19:03:00,370.1,370.15,369.81,369.835,56334.570004,369.9832,1501,
2026-03-25 19:04:00,369.86,370.05,369.85,369.96,45524.120263,369.951,1201,
2026-03-25 19:05:00,369.95,370.03,369.76,369.82,83079.19874,369.9376,1734,
2026-03-25 19:06:00,369.8643,369.8877,369.69,369.79,56202.036022,369.78,1449,
2026-03-25 19:07:00,369.79,369.95,369.74,369.78,82732.472627,369.8274,1853,
2026-03-25 19:08:00,369.8,369.87,369.64,369.8496,43272.390883,369.7556,1328,
2026-03-25 19:09:00,369.84,369.84,369.65,369.79,40064.915936,369.7403,1152,
2026-03-25 19:10:00,369.79,369.84,369.71,369.8,41826.62624,369.7844,1226,
2026-03-25 19:11:00,369.8,369.8299,369.71,369.74,30441.339811,369.7728,1105,
2026-03-25 19:12:00,369.71,369.85,369.71,369.8311,32651.624591,369.7843,1100,
2026-03-25 19:13:00,369.82,369.96,369.7462,369.925,41400.688958,369.8503,1262,
2026-03-25 19:14:00,369.935,370.09,369.93,370.04,97672.458299,369.8256,1312,
2026-03-25 19:15:00,370.02,370.23,369.96,370.23,58579.583161,370.0944,1517,
2026-03-25 19:16:00,370.22,370.39,370.21,370.32,59343.963502,370.2846,1428,
2026-03-25 19:17:00,370.3399,370.3399,370.1512,370.27,43171.568275,370.2491,1237,
2026-03-25 19:18:00,370.27,370.37,370.18,370.26,67869.552526,370.1853,1220,
2026-03-25 19:19:00,370.26,370.43,370.21,370.35,39556.065699,370.3337,1167,
2026-03-25 19:20:00,370.38,370.67,370.28,370.63,253640.706789,370.2659,1460,
2026-03-25 19:21:00,370.61,370.65,370.45,370.55,45786.742457,370.5568,1200,
2026-03-25 19:22:00,370.55,370.57,370.43,370.57,43736.714628,370.5225,1211,
2026-03-25 19:23:00,370.57,370.57,370.47,370.5301,36648.279105,370.5122,1217,
2026-03-25 19:24:00,370.5466,370.63,370.53,370.6,38298.824621,370.5891,1138,
2026-03-25 19:25:00,370.6,370.73,370.41,370.42,53564.160659,370.6286,1442,
2026-03-25 19:26:00,370.4221,370.48,370.25,370.29,45218.963557,370.3847,1357,
2026-03-25 19:27:00,370.29,370.43,370.26,370.29,44799.437303,370.3429,1399,
2026-03-25 19:28:00,370.29,370.35,370.27,370.29,41510.709947,370.3222,1254,
2026-03-25 19:29:00,370.29,370.41,370.14,370.39,40429.611398,370.2818,1413,
2026-03-25 19:30:00,370.38,370.43,370.19,370.23,42824.104741,370.3047,1406,
2026-03-25 19:31:00,370.21,370.29,370.115,370.2,43530.867063,370.2299,1307,
2026-03-25 19:32:00,370.18,370.2,370.05,370.17,42678.237029,370.138,1296,
2026-03-25 19:33:00,370.16,370.28,370.14,370.265,37677.492622,370.2147,1275,
2026-03-25 19:34:00,370.26,370.41,370.23,370.39,42116.267175,370.3142,1433,
2026-03-25 19:35:00,370.38,370.4,370.22,370.2792,33666.025568,370.3001,1273,
2026-03-25 19:36:00,370.26,370.29,370.15,370.18,34998.572233,370.2241,1200,
2026-03-25 19:37:00,370.1855,370.26,370.16,370.26,38570.321091,370.2178,1220,
2026-03-25 19:38:00,370.255,370.37,370.21,370.37,44110.963449,370.2897,1380,
2026-03-25 19:39:00,370.35,370.45,370.32,370.373,41933.585851,370.3858,1467,
2026-03-25 19:40:00,370.38,370.49,370.21,370.48,556300.242184,370.2562,1747,
2026-03-25 19:41:00,370.465,370.54,370.38,370.49,63100.804995,370.4475,1702,
2026-03-25 19:42:00,370.5,370.62,370.48,370.53,47586.851685,370.5534,1363,
2026-03-25 19:43:00,370.525,370.65,370.41,370.54,41772.794156,370.5107,1338,
2026-03-25 19:44:00,370.54,370.61,370.4,370.51,46886.501905,370.487,1531,
2026-03-25 19:45:00,370.5,370.53,370.41,370.46,54853.914119,370.477,1606,
2026-03-25 19:46:00,370.46,370.64,370.42,370.49,69559.658943,370.5189,1832,
2026-03-25 19:47:00,370.49,370.56,370.46,370.56,44396.94136,370.512,1340,
2026-03-25 19:48:00,370.54,370.59,370.41,370.51,45366.469524,370.4984,1394,
2026-03-25 19:49:00,370.54,370.75,370.54,370.7,73063.982078,370.684,1849,
2026-03-25 19:50:00,370.71,371.22,370.71,371.18,147374.586837,371.0774,3580,
2026-03-25 19:51:00,371.175,371.18,370.98,370.995,118425.297039,371.0304,2500,
2026-03-25 19:52:00,371.0,371.17,370.97,371.15,86856.418966,371.0654,2084,
2026-03-25 19:53:00,371.15,371.36,371.12,371.16,132786.98375,371.2317,2677,
2026-03-25 19:54:00,371.12,371.16,370.88,370.94,89133.935458,371.0285,2407,
2026-03-25 19:55:00,370.97,371.22,370.85,370.911,154597.89868,371.006,3690,
2026-03-25 19:56:00,370.89,370.92,370.61,370.76,102336.096226,370.7596,2899,
2026-03-25 19:57:00,370.77,370.91,370.6628,370.75,182293.980158,370.7875,3899,
2026-03-25 19:58:00,370.75,370.875,370.68,370.86,294417.84842,370.7395,4734,
2026-03-25 19:59:00,370.86,371.13,370.85,371.03,428453.572681,370.9407,9182,
2026-03-25 20:00:00,371.04,371.25,371.0,371.15,451709.031505,371.0407,205,
2026-03-25 20:01:00,371.17,371.2853,371.04,371.24,4427.983266,371.2386,137,
2026-03-25 20:02:00,371.25,371.3,371.2,371.28,8826.020356,371.1915,157,
2026-03-25 20:03:00,371.25,371.25,371.21,371.25,3352.178912,371.2484,133,
2026-03-25 20:04:00,371.2493,371.28,371.22,371.28,5351.233565,371.2583,155,
2026-03-25 20:05:00,371.23,371.25,371.11,371.21,2758.0,371.2256,92,
2026-03-25 20:06:00,371.12,371.15,371.04,371.15,1881.002695,371.0848,92,
2026-03-25 20:07:00,371.12,371.16,371.05,371.16,2263.0,371.1074,70,
2026-03-25 20:08:00,371.17,371.17,371.04,371.05,1040.0,371.0846,76,
2026-03-25 20:09:00,371.04,371.11,371.04,371.06,18755.0,371.0461,76,
2026-03-25 20:10:00,371.1937,371.1937,371.04,371.1386,5064.081282,371.1411,86,
2026-03-25 20:11:00,371.08,371.08,371.05,371.0602,938.0,371.0709,38,
2026-03-25 20:12:00,371.1,371.1,371.05,371.05,1535.07464,371.1039,58,
2026-03-25 20:13:00,371.14,371.2,371.14,371.2,2331.306296,371.1992,78,
2026-03-25 20:14:00,371.16,371.16,371.11,371.14,1561.587904,371.2862,63,
2026-03-25 20:15:00,371.12,371.15,371.12,371.15,426.947859,371.9847,47,
2026-03-25 20:16:00,371.17,371.2,371.15,371.15,4181.012823,371.1941,81,
2026-03-25 20:17:00,371.2,371.3,371.1902,371.2295,5230.538794,371.2526,58,
2026-03-25 20:18:00,371.24,371.29,371.2,371.24,3955.0,371.2462,98,
2026-03-25 20:19:00,371.2411,371.2499,371.22,371.24,733.0,371.2388,38,
2026-03-25 20:20:00,371.27,371.49,371.2699,371.49,4567.035266,371.335,130,
2026-03-25 20:21:00,371.48,371.49,371.4,371.4299,1212.36683,371.5411,57,
2026-03-25 20:22:00,371.43,371.48,371.4001,371.48,591.045439,371.4478,37,
2026-03-25 20:23:00,371.4,371.45,371.4,371.45,3288.370146,371.4612,85,
2026-03-25 20:24:00,371.3456,371.4,371.3,371.3,1743.586341,371.4651,71,
2026-03-25 20:25:00,371.3,371.4,371.29,371.4,1317.029665,371.3082,33,
2026-03-25 20:26:00,371.1668,371.3,371.1668,371.3,633.016881,371.2791,43,
2026-03-25 20:27:00,371.1352,371.15,371.1002,371.15,2776.935895,371.2413,82,
2026-03-25 20:28:00,371.05,371.05,371.05,371.05,380.724492,371.8088,41,
2026-03-25 20:29:00,371.07,371.18,371.0506,371.07,878.72937,371.3997,49,
2026-03-25 20:30:00,371.12,371.12,371.07,371.07,1067.0,371.0933,34,
2026-03-25 20:31:00,371.12,371.19,371.1,371.15,1276.215518,371.2335,27,
2026-03-25 20:32:00,371.2,371.2,371.19,371.2,1933.026568,371.1999,60,
2026-03-25 20:33:00,371.2,371.4,371.2,371.4,2877.384021,371.2705,39,
2026-03-25 20:34:00,371.4,371.4,371.19,371.34,358.047388,371.381,20,
2026-03-25 20:35:00,371.29,371.45,371.29,371.4,3394.010753,371.3993,73,
2026-03-25 20:36:00,371.34,371.45,371.34,371.45,557.0,371.3651,29,
2026-03-25 20:38:00,371.39,371.4,371.39,371.4,271.14991,371.5911,30,
2026-03-25 20:39:00,371.43,371.43,371.3,371.3,487.0,371.4011,22,
2026-03-25 20:40:00,371.4,371.4,371.37,371.3899,380.0,371.3936,29,
2026-03-25 20:41:00,371.3894,371.39,371.3894,371.39,438.0,371.3894,37,
2026-03-25 20:42:00,371.39,371.4,371.3478,371.4,670.0,371.3784,41,
2026-03-25 20:43:00,371.42,371.42,371.42,371.42,467.338143,369.2329,38,
2026-03-25 20:44:00,371.4283,371.44,371.36,371.36,2396.061978,371.059,68,
2026-03-25 20:45:00,371.32,371.32,371.31,371.31,405.839964,372.0971,44,
2026-03-25 20:46:00,371.33,371.33,371.04,371.12,3148.672874,371.2567,197,
2026-03-25 20:47:00,371.358,371.358,371.1265,371.1265,640.0,371.1817,25,
2026-03-25 20:48:00,371.3696,371.3696,371.3696,371.3696,199.04863,371.3829,31,
2026-03-25 20:49:00,371.2,371.3107,371.15,371.18,976.0,371.2126,22,
2026-03-25 20:51:00,371.2,371.2,371.11,371.15,2113.0,370.6143,65,
2026-03-25 20:52:00,371.15,371.15,371.15,371.15,362.234317,371.3682,46,
2026-03-25 20:53:00,371.13,371.15,371.13,371.1489,560.002039,371.1472,19,
2026-03-25 20:54:00,371.15,371.15,371.1,371.15,2650.168869,371.141,48,
2026-03-25 20:55:00,371.11,371.1481,371.04,371.1481,4557.098398,370.9893,90,
2026-03-25 20:56:00,371.12,371.12,371.1,371.1,463.0,371.1776,31,
2026-03-25 20:57:00,371.15,371.15,371.1,371.1,1522.134716,370.8659,31,
2026-03-25 20:58:00,371.1,371.1,371.04,371.04,2351.0,373.3986,91,
2026-03-25 20:59:00,371.04,371.1496,371.04,371.1496,862.0,371.0929,27,
2026-03-25 21:00:00,371.0301,371.0301,371.0301,371.0301,367.823982,371.9048,49,
2026-03-25 21:01:00,371.11,371.15,371.11,371.11,679.0,371.1278,42,
2026-03-25 21:03:00,371.11,371.14,371.11,371.14,536.0,369.2215,22,
2026-03-25 21:04:00,371.15,371.15,371.1493,371.1494,563.008621,369.5714,29,
2026-03-25 21:05:00,371.15,371.15,371.1,371.1493,1306.00335,378.5569,39,
2026-03-25 21:06:00,371.15,371.15,371.14,371.14,500.0,371.3604,26,
2026-03-25 21:07:00,371.1301,371.14,371.1301,371.14,566.0,380.7982,14,
2026-03-25 21:08:00,371.15,371.15,371.15,371.15,271.475308,370.337,19,
2026-03-25 21:09:00,371.13,371.15,371.12,371.12,752.188468,369.7305,52,
2026-03-25 21:10:00,371.1102,371.1102,371.11,371.11,606.732074,371.5593,20,
2026-03-25 21:11:00,371.11,371.15,371.11,371.13,879.0,371.1276,36,
2026-03-25 21:15:00,371.1017,371.1017,371.1017,371.1017,470.0,371.1058,25,
2026-03-25 21:16:00,371.15,371.15,371.15,371.15,333.0,371.1416,37,
2026-03-25 21:18:00,371.15,371.15,371.14,371.15,594.03053,371.1518,33,
2026-03-25 21:19:00,371.1191,371.1191,371.1191,371.1191,360.0,371.1171,22,
2026-03-25 21:20:00,371.15,371.15,371.1,371.1,361.0,371.1278,42,
2026-03-25 21:21:00,371.12,371.15,371.12,371.15,1513.005388,371.1466,25,
2026-03-25 21:22:00,371.15,371.15,371.12,371.15,765.0,371.1455,26,
2026-03-25 21:23:00,371.12,371.15,371.1,371.15,457.296296,371.3624,35,
2026-03-25 21:25:00,371.14,371.15,371.14,371.15,519.000277,371.1425,28,
2026-03-25 21:26:00,371.14,371.21,371.14,371.21,3400.0,371.1688,27,
2026-03-25 21:27:00,371.29,371.3,371.15,371.15,525.06965,371.2595,28,
2026-03-25 21:28:00,371.15,371.15,371.1249,371.1249,674.97955,371.6766,22,
2026-03-25 21:29:00,371.19,371.38,371.19,371.37,2547.072722,371.2943,59,
2026-03-25 21:30:00,371.38,371.4,371.38,371.4,726.0,371.385,31,
2026-03-25 21:31:00,371.4,371.4,371.28,371.39,4236.026926,371.3876,57,
2026-03-25 21:32:00,371.4,371.4,371.39,371.39,1116.0,371.3927,34,
2026-03-25 21:34:00,371.39,371.4,371.39,371.4,1439.013462,371.4005,17,
2026-03-25 21:35:00,371.4,371.4,371.4,371.4,126.0,371.3855,28,
2026-03-25 21:37:00,371.39,371.395,371.3812,371.3812,866.014247,371.3982,30,
2026-03-25 21:38:00,371.2901,371.2901,371.2901,371.2901,286.0,371.3088,32,
2026-03-25 21:40:00,371.29,371.29,371.29,371.29,87.008777,371.3726,19,
2026-03-25 21:41:00,371.36,371.36,371.303,371.303,425.0,371.324,26,
2026-03-25 21:43:00,371.3399,371.34,371.3399,371.34,360.034594,371.3732,23,
2026-03-25 21:45:00,371.34,371.34,371.31,371.3348,319.5,371.9078,27,
2026-03-25 21:48:00,371.34,371.34,371.3,371.31,861.158091,371.3805,36,
2026-03-25 21:49:00,371.31,371.31,371.31,371.31,168.0,371.3131,16,
2026-03-25 21:50:00,371.32,371.32,371.3,371.3,798.026446,371.3167,48,
2026-03-25 21:51:00,371.3,371.32,371.3,371.32,746.030054,371.3277,27,
2026-03-25 21:52:00,371.3199,371.32,371.3199,371.32,215.774546,372.6568,20,
2026-03-25 21:53:00,371.3,371.31,371.3,371.31,628.265805,371.4571,58,
2026-03-25 21:54:00,371.21,371.21,371.21,371.21,305.285345,371.569,30,
2026-03-25 21:55:00,371.28,371.28,371.23,371.23,459.371467,371.5718,23,
2026-03-25 21:56:00,371.33,371.4,371.32,371.32,1062.02679,371.3409,59,
2026-03-25 21:57:00,371.32,371.39,371.32,371.39,195.0,371.3663,19,
2026-03-25 21:58:00,371.33,371.33,371.3,371.3,557.0,371.3138,34,
2026-03-25 21:59:00,371.35,371.35,371.35,371.35,141.0,371.3387,24,
2026-03-25 22:00:00,371.3,371.3,371.3,371.3,235.147846,371.4878,38,
2026-03-25 22:01:00,371.28,371.35,371.28,371.35,371.271256,371.57,27,
2026-03-25 22:04:00,371.2,371.2,371.2,371.2,369.306252,371.5092,32,
2026-03-25 22:05:00,371.22,371.22,371.22,371.22,116.0,371.2418,20,
2026-03-25 22:06:00,371.22,371.22,371.2,371.2,566.0,371.2124,34,
2026-03-25 22:07:00,371.16,371.22,371.1587,371.22,651.054902,371.2019,29,
2026-03-25 22:08:00,371.15,371.35,371.15,371.35,3463.821105,371.4038,37,
2026-03-25 22:09:00,371.13,371.13,371.13,371.13,205.617647,372.2809,22,
2026-03-25 22:10:00,371.16,371.16,371.16,371.16,277.067023,371.2573,17,
2026-03-25 22:11:00,371.1404,371.1404,371.1404,371.1404,321.28,371.4759,29,
2026-03-25 22:12:00,371.13,371.2,371.13,371.1301,724.0,371.1563,50,
2026-03-25 22:13:00,371.12,371.123,371.12,371.123,647.0,371.1269,21,
2026-03-25 22:14:00,371.11,371.13,371.07,371.12,2879.329333,371.153,95,
2026-03-25 22:15:00,371.14,371.14,371.0717,371.0717,425.807573,371.7979,22,
2026-03-25 22:16:00,371.14,371.14,371.06,371.06,943.0,371.0747,35,
2026-03-25 22:17:00,371.13,371.13,371.06,371.1,516.0,371.0886,21,
2026-03-25 22:19:00,371.15,371.15,371.06,371.06,514.0,371.0809,25,
2026-03-25 22:20:00,371.15,371.15,371.05,371.05,401.009324,371.104,15,
2026-03-25 22:21:00,371.05,371.05,371.04,371.05,2573.0,371.0467,55,
2026-03-25 22:22:00,371.0935,371.1,371.0935,371.1,3518.500391,371.1524,15,
2026-03-25 22:23:00,371.1,371.1,371.08,371.08,6739.013339,371.1,33,
2026-03-25 22:24:00,371.1,371.1,371.1,371.1,276.441889,371.7104,34,
2026-03-25 22:25:00,371.1,371.21,371.1,371.2,608.040381,371.2156,21,
2026-03-25 22:26:00,371.113,371.113,371.113,371.113,122.0,371.1394,17,
2026-03-25 22:27:00,371.15,371.1791,371.1,371.1,519.005388,371.1668,19,
2026-03-25 22:28:00,371.15,371.18,371.1003,371.1003,546.0,371.1244,35,
2026-03-25 22:29:00,371.11,371.11,371.11,371.11,186.3472,371.8197,28,
2026-03-25 22:30:00,371.17,371.17,371.17,371.17,226.027682,371.1913,26,
2026-03-25 22:31:00,371.1,371.12,370.9,370.9,5915.352752,371.0396,430,
2026-03-25 22:32:00,370.82,371.06,370.79,371.05,1763.049712,370.858,75,
2026-03-25 22:33:00,371.0,371.0,371.0,371.0,169.05371,371.127,26,
2026-03-25 22:34:00,370.98,370.98,370.87,370.96,585.0,370.938,38,
2026-03-25 22:35:00,371.04,371.04,370.91,371.0,374.0,370.9783,24,
2026-03-25 22:36:00,370.92,370.92,370.92,370.92,335.128787,371.0861,25,
2026-03-25 22:37:00,370.96,371.01,370.96,371.01,470.00621,370.9995,33,
2026-03-25 22:38:00,371.01,371.01,371.01,371.01,254.080873,371.1531,26,
2026-03-25 22:39:00,371.09,371.09,371.07,371.07,404.943018,371.9445,17,
2026-03-25 22:40:00,371.09,371.09,371.09,371.09,196.356847,371.7659,18,
2026-03-25 22:42:00,371.15,371.15,371.14,371.14,223.0,371.1482,18,
2026-03-25 22:44:00,371.03,371.04,371.0,371.04,795.538885,371.2858,45,
2026-03-25 22:46:00,371.04,371.04,371.04,371.04,86.0,371.0841,16,
2026-03-25 22:48:00,371.05,371.05,371.0256,371.03,973.006519,371.0429,41,
2026-03-25 22:49:00,371.11,371.1666,371.11,371.1666,324.77,372.0227,19,
2026-03-25 22:50:00,371.1485,371.1485,371.1,371.1,219.0,371.1134,13,
2026-03-25 22:52:00,371.04,371.04,371.04,371.04,223.411373,371.7426,30,
2026-03-25 22:53:00,371.01,371.01,370.89,370.89,777.24,371.0784,86,
2026-03-25 22:55:00,370.89,370.89,370.89,370.89,137.002501,370.9106,30,
2026-03-25 22:56:00,370.89,370.93,370.89,370.89,1856.163457,370.9256,35,
2026-03-25 22:57:00,370.95,370.98,370.95,370.98,385.0,370.9673,29,
2026-03-25 22:58:00,370.98,370.98,370.9785,370.9785,695.253195,371.1142,32,
2026-03-25 22:59:00,370.9798,370.9798,370.89,370.89,1067.145911,370.9737,58,
2026-03-25 23:00:00,370.98,370.98,370.98,370.98,147.005038,370.9641,19,
2026-03-25 23:01:00,370.95,370.95,370.95,370.95,116.0,370.9542,13,
2026-03-25 23:02:00,370.98,370.98,370.89,370.89,2408.0,370.9363,39,
2026-03-25 23:03:00,370.98,370.98,370.98,370.98,174.326163,371.6665,23,
2026-03-25 23:04:00,370.98,370.98,370.98,370.98,166.0,370.9766,26,
2026-03-25 23:05:00,370.98,370.98,370.98,370.98,229.0,370.9711,27,
2026-03-25 23:06:00,370.9789,370.9789,370.95,370.95,286.0,370.9618,24,
2026-03-25 23:07:00,370.96,370.98,370.89,370.9793,1597.0,370.9221,56,
2026-03-25 23:08:00,370.98,370.98,370.97,370.97,359.0,370.9784,17,
2026-03-25 23:09:00,370.98,370.98,370.9799,370.9799,323.026955,371.0092,29,
2026-03-25 23:10:00,370.95,370.95,370.94,370.94,137.466466,372.2116,15,
2026-03-25 23:11:00,370.97,370.97,370.97,370.97,236.0,370.9641,21,
2026-03-25 23:12:00,370.94,370.94,370.85,370.85,514.0,370.8995,57,
2026-03-25 23:13:00,370.8982,370.8982,370.8,370.8,462.063285,370.9177,33,
2026-03-25 23:14:00,370.82,370.82,370.8,370.8,545.0,370.822,19,
2026-03-25 23:15:00,370.7843,370.87,370.7843,370.87,555.315659,371.0523,45,
2026-03-25 23:16:00,370.86,370.86,370.75,370.75,1619.5,370.9549,58,
2026-03-25 23:17:00,370.76,370.76,370.65,370.67,834.024524,370.7127,66,
2026-03-25 23:18:00,370.67,370.67,370.59,370.64,2034.016354,370.6158,55,
2026-03-25 23:19:00,370.7,370.9,370.65,370.88,1599.0,370.7136,27,
2026-03-25 23:20:00,370.9,370.9,370.65,370.69,5333.0,370.7032,31,
2026-03-25 23:21:00,370.7,370.7,370.7,370.7,138.0,370.7404,13,
2026-03-25 23:22:00,370.7,370.7,370.7,370.7,179.075226,370.8856,24,
2026-03-25 23:23:00,370.8,370.8,370.8,370.8,150.067404,370.9608,26,
2026-03-25 23:25:00,370.9,370.9,370.85,370.8501,310.0,370.8716,24,
2026-03-25 23:26:00,370.85,370.88,370.85,370.88,717.511269,371.1236,21,
2026-03-25 23:27:00,370.8816,370.89,370.8816,370.89,187.590956,372.0574,32,
2026-03-25 23:28:00,370.9,370.9,370.9,370.9,485.032347,370.9276,34,
2026-03-25 23:29:00,370.97,370.97,370.97,370.97,146.037581,371.0518,23,
2026-03-25 23:30:00,370.9,370.9,370.9,370.9,103.0,370.912,10,
2026-03-25 23:31:00,370.88,370.89,370.88,370.88,466.553151,371.33,17,
2026-03-25 23:32:00,370.9,370.9591,370.88,370.9591,900.269168,371.0355,37,
2026-03-25 23:33:00,370.85,370.96,370.8,370.89,1293.002965,370.8793,71,
2026-03-25 23:34:00,370.9,370.9,370.79,370.79,1646.0,370.8284,23,
2026-03-25 23:35:00,370.8484,370.8484,370.8484,370.8484,393.0,370.8484,20,
2026-03-25 23:36:00,370.79,370.79,370.75,370.75,449.205368,370.9359,28,
2026-03-25 23:38:00,370.71,370.7513,370.71,370.7513,288.188665,370.9968,26,
2026-03-25 23:39:00,370.75,370.8293,370.75,370.75,460.25743,370.9762,31,
2026-03-25 23:40:00,370.8,370.96,370.8,370.96,812.919613,371.2704,36,
2026-03-25 23:41:00,370.97,370.97,370.7,370.7,828.040434,370.9092,31,
2026-03-25 23:42:00,370.7826,370.8,370.7826,370.8,216.0,370.8362,15,
2026-03-25 23:43:00,370.8,370.89,370.75,370.89,1064.160582,370.8593,33,
2026-03-25 23:44:00,370.84,370.89,370.75,370.75,533.03082,370.8162,36,
2026-03-25 23:45:00,370.8,370.9,370.6825,370.8,729.0,370.7755,45,
2026-03-25 23:46:00,370.7,370.7,370.7,370.7,365.406265,371.1303,31,
2026-03-25 23:47:00,370.75,370.75,370.75,370.75,337.0,370.7544,14,
2026-03-25 23:48:00,370.87,370.87,370.7266,370.81,376.0,370.8173,30,
2026-03-25 23:49:00,370.65,370.85,370.65,370.8,738.158863,370.8517,29,
2026-03-25 23:50:00,370.8,370.8,370.7,370.7,830.175239,370.7958,32,
2026-03-25 23:51:00,370.74,370.79,370.7093,370.79,471.024272,370.7692,32,
2026-03-25 23:52:00,370.72,370.77,370.72,370.75,1043.0,370.7513,24,
2026-03-25 23:53:00,370.7696,370.78,370.7,370.7699,429.0,370.7474,26,
2026-03-25 23:54:00,370.7,370.7,370.7,370.7,255.0,370.7003,37,
2026-03-25 23:55:00,370.7,370.7,370.7,370.7,601.017697,370.7148,38,
2026-03-25 23:56:00,370.65,370.7,370.65,370.65,1682.040464,370.6675,53,
2026-03-25 23:57:00,370.7,370.72,370.613,370.67,1499.225786,370.7444,43,
2026-03-25 23:58:00,370.65,370.65,370.5115,370.55,2113.024445,370.5811,86,
2026-03-25 23:59:00,370.55,370.6353,370.5,370.52,2070.332228,370.5951,70,
2026-03-26 08:00:00,370.18,370.47,370.18,370.4,1106.0,370.4309,151,
2026-03-26 08:01:00,370.31,370.31,370.31,370.31,225.0,370.2842,20,
2026-03-26 08:02:00,370.17,370.17,370.17,370.17,349.0,370.2021,19,
2026-03-26 08:04:00,370.25,370.25,370.09,370.09,501.0,370.1797,23,
2026-03-26 08:05:00,370.09,370.09,369.8,369.8,3111.0,369.968,177,
2026-03-26 08:06:00,369.99,369.99,369.99,369.99,411.0,369.9167,52,
2026-03-26 08:07:00,369.89,369.89,369.89,369.89,321.0,369.8927,33,
2026-03-26 08:08:00,369.9,369.9,369.9,369.9,66.0,369.9136,3,
2026-03-26 08:09:00,369.85,369.92,369.7,369.74,772.0,369.8027,60,
2026-03-26 08:11:00,369.72,369.72,369.46,369.46,1423.0,369.5315,165,
2026-03-26 08:12:00,369.3,369.31,369.3,369.31,435.0,369.3335,32,
2026-03-26 08:13:00,369.3,369.3,369.12,369.12,762.0,369.2192,76,
2026-03-26 08:14:00,369.05,369.05,369.03,369.03,754.0,369.0476,55,
2026-03-26 08:16:00,369.06,369.19,369.04,369.19,802.0,369.1053,47,
2026-03-26 08:17:00,369.27,369.5,369.27,369.5,2677.0,369.4341,59,
2026-03-26 08:18:00,369.22,369.22,369.22,369.22,238.0,369.26,13,
2026-03-26 08:19:00,369.27,369.27,369.27,369.27,201.0,369.2729,15,
2026-03-26 08:20:00,369.27,369.27,369.27,369.27,72.0,369.2932,4,
2026-03-26 08:21:00,369.52,369.54,369.49,369.54,499.0,369.4902,20,
2026-03-26 08:22:00,369.3,369.3,369.3,369.3,97.0,369.3108,6,
2026-03-26 08:23:00,369.47,369.51,369.47,369.49,528.0,369.4837,24,
2026-03-26 08:24:00,369.31,369.31,369.3,369.3,523.0,369.3189,14,
2026-03-26 08:28:00,369.32,369.32,369.32,369.32,176.0,369.3859,32,
2026-03-26 08:29:00,369.2,369.2,369.2,369.2,148.0,369.2557,19,
2026-03-26 08:30:00,369.15,369.15,369.14,369.15,409.0,369.1511,19,
2026-03-26 08:31:00,369.11,369.11,369.11,369.11,250.0,369.1535,23,
2026-03-26 08:32:00,369.2,369.2,369.2,369.2,472.0,369.2737,28,
2026-03-26 08:33:00,369.45,369.45,369.39,369.39,382.0,369.4017,26,
2026-03-26 08:35:00,369.39,369.39,369.39,369.39,200.0,369.3769,15,
2026-03-26 08:37:00,369.15,369.15,369.15,369.15,452.0,369.2027,37,
2026-03-26 08:38:00,369.25,369.25,369.25,369.25,196.0,369.2494,14,
2026-03-26 08:41:00,369.45,369.45,369.45,369.45,102.0,369.4486,6,
2026-03-26 08:42:00,369.45,369.45,369.45,369.45,214.0,369.4398,13,
2026-03-26 08:43:00,369.36,369.36,369.21,369.22,491.0,369.26,30,
2026-03-26 08:44:00,369.2,369.22,369.03,369.03,650.0,369.1516,45,
2026-03-26 08:46:00,369.28,369.28,369.28,369.28,229.0,369.2758,16,
2026-03-26 08:47:00,369.29,369.38,369.15,369.15,910.0,369.2599,47,
2026-03-26 08:48:00,369.15,369.15,368.79,368.8,6758.0,368.9649,561,
2026-03-26 08:49:00,368.78,368.79,368.6,368.66,3281.0,368.6567,112,
2026-03-26 08:50:00,368.67,368.67,368.32,368.44,7646.0,368.4703,216,
2026-03-26 08:51:00,368.71,369.0,368.68,368.96,2339.0,368.7907,75,
2026-03-26 08:52:00,368.82,368.82,368.82,368.82,228.0,368.7929,17,
2026-03-26 08:53:00,368.85,368.85,368.8,368.8,408.0,368.8316,18,
2026-03-26 08:54:00,368.76,368.87,368.76,368.82,257.0,368.8237,24,
2026-03-26 08:55:00,368.82,368.85,368.82,368.85,420.0,368.8688,30,
2026-03-26 08:56:00,368.82,369.08,368.71,369.08,1690.0,368.9033,74,
2026-03-26 08:57:00,369.15,369.3,369.15,369.3,570.0,369.2308,15,
2026-03-26 09:00:00,369.15,369.15,369.0,369.0,1567.0,369.0538,61,
2026-03-26 09:01:00,368.92,368.94,368.92,368.94,327.0,368.9238,16,
2026-03-26 09:02:00,369.0,369.08,369.0,369.08,270.0,369.0805,15,
2026-03-26 09:03:00,369.02,369.02,369.0,369.0,642.0,368.9807,47,
2026-03-26 09:04:00,368.96,368.96,368.96,368.96,145.0,368.9352,10,
2026-03-26 09:05:00,369.2,369.3,369.2,369.3,287.0,369.2248,16,
2026-03-26 09:07:00,369.36,369.56,369.36,369.4,1738.0,369.4332,31,
2026-03-26 09:08:00,369.52,369.52,369.22,369.27,2771.0,369.3783,59,
2026-03-26 09:10:00,369.4,369.4,369.4,369.4,999.0,369.4031,17,
2026-03-26 09:12:00,369.53,369.53,369.53,369.53,240.0,369.5287,10,
2026-03-26 09:13:00,369.66,369.66,369.66,369.66,176.0,369.6121,19,
2026-03-26 09:15:00,369.5,369.52,369.5,369.5,1752.0,369.5023,27,
2026-03-26 09:17:00,369.57,369.57,369.5,369.5,465.0,369.515,12,
2026-03-26 09:18:00,369.5,369.5,369.4,369.4,619.0,369.4782,37,
2026-03-26 09:22:00,369.4,369.4,369.4,369.4,152.0,369.4219,9,
2026-03-26 09:24:00,369.2,369.21,369.2,369.21,301.0,369.2132,18,
2026-03-26 09:26:00,369.39,369.39,369.25,369.26,363.0,369.3409,13,
2026-03-26 09:27:00,369.33,369.4,369.32,369.4,655.0,369.3807,17,
2026-03-26 09:29:00,369.2,369.2,369.2,369.2,492.0,369.2386,34,
2026-03-26 09:30:00,369.0,369.0,369.0,369.0,574.0,369.0049,74,
2026-03-26 09:31:00,369.01,369.01,368.75,369.0,1045.0,368.8676,41,
2026-03-26 09:32:00,368.87,368.87,368.87,368.87,241.0,368.887,18,
2026-03-26 09:34:00,368.82,368.82,368.71,368.71,3195.0,368.7316,46,
2026-03-26 09:35:00,368.89,368.89,368.89,368.89,304.0,368.9209,22,
2026-03-26 09:36:00,368.91,369.15,368.89,369.15,751.0,369.0047,37,
2026-03-26 09:37:00,369.11,369.11,369.11,369.11,166.0,369.1228,8,
2026-03-26 09:38:00,369.16,369.16,369.16,369.16,346.0,369.1591,18,
2026-03-26 09:40:00,369.37,369.37,369.37,369.37,126.0,369.3495,10,
2026-03-26 09:42:00,369.25,369.25,369.25,369.25,275.0,369.2424,12,
2026-03-26 09:43:00,369.38,369.38,369.21,369.21,446.0,369.2771,21,
2026-03-26 09:46:00,369.18,369.18,369.18,369.18,161.0,369.2105,13,
2026-03-26 09:48:00,369.27,369.27,369.11,369.11,394.0,369.1611,27,
2026-03-26 09:49:00,369.0,369.0,368.85,368.85,5501.0,368.9312,42,
2026-03-26 09:50:00,368.83,368.85,368.83,368.85,214.0,368.8737,24,
2026-03-26 09:52:00,369.0,369.0,368.98,368.98,188.0,368.9893,9,
2026-03-26 09:58:00,369.15,369.15,369.15,369.15,63.0,369.1397,5,
2026-03-26 10:02:00,368.99,369.02,368.99,369.02,213.0,368.998,17,
2026-03-26 10:03:00,368.93,368.93,368.91,368.91,478.0,368.944,21,
2026-03-26 10:04:00,368.99,368.99,368.95,368.95,188.0,368.9809,15,
2026-03-26 10:05:00,369.09,369.21,369.09,369.21,744.0,369.1561,48,
2026-03-26 10:07:00,369.15,369.15,369.15,369.15,69.0,369.1452,4,
2026-03-26 10:08:00,369.12,369.12,369.12,369.12,97.0,369.1345,9,
2026-03-26 10:11:00,369.27,369.43,369.27,369.42,1509.0,369.3144,45,
2026-03-26 10:14:00,369.26,369.3,369.26,369.3,700.0,369.2823,30,
2026-03-26 10:16:00,369.42,369.5,369.42,369.5,1984.0,369.4412,59,
2026-03-26 10:17:00,369.5,369.5,369.44,369.44,248.0,369.4598,10,
2026-03-26 10:22:00,369.44,369.45,369.44,369.45,256.0,369.4438,12,
2026-03-26 10:23:00,369.46,369.46,369.35,369.35,344.0,369.4193,25,
2026-03-26 10:24:00,369.41,369.41,369.41,369.41,165.0,369.4113,10,
2026-03-26 10:25:00,369.4,369.4,369.4,369.4,162.0,369.4144,12,
2026-03-26 10:26:00,369.5,369.5,369.5,369.5,288.0,369.4943,18,
2026-03-26 10:28:00,369.54,369.54,369.54,369.54,164.0,369.5611,21,
2026-03-26 10:29:00,369.65,369.65,369.65,369.65,240.0,369.6542,18,
2026-03-26 10:30:00,369.71,369.71,369.6,369.6,519.0,369.6639,24,
2026-03-26 10:31:00,369.55,369.6,369.55,369.6,460.0,369.5893,19,
2026-03-26 10:32:00,369.59,369.77,369.59,369.74,2016.0,369.7347,40,
2026-03-26 10:33:00,369.7,369.81,369.7,369.81,161.0,369.7465,7,
2026-03-26 10:34:00,369.79,369.95,369.79,369.95,633.0,369.9012,29,
2026-03-26 10:38:00,369.88,369.88,369.88,369.88,196.0,369.8519,15,
2026-03-26 10:39:00,369.75,369.75,369.75,369.75,155.0,369.6885,17,
2026-03-26 10:40:00,369.61,369.78,369.61,369.78,4252.0,369.6129,23,
2026-03-26 10:43:00,369.69,369.69,369.69,369.69,188.0,369.6488,13,
2026-03-26 10:44:00,369.64,369.78,369.63,369.78,715.0,369.6665,39,
2026-03-26 10:47:00,369.83,369.83,369.7,369.7,948.0,369.7301,36,
2026-03-26 10:48:00,369.7,369.7,369.7,369.7,2261.0,369.7011,16,
2026-03-26 10:49:00,369.8,369.82,369.8,369.82,179.0,369.808,10,
2026-03-26 10:50:00,369.81,369.81,369.78,369.78,319.0,369.7921,10,
2026-03-26 10:51:00,369.84,369.84,369.84,369.84,214.0,369.807,17,
2026-03-26 10:52:00,369.84,369.96,369.84,369.89,653.0,369.9151,27,
2026-03-26 10:54:00,369.82,369.82,369.82,369.82,164.0,369.8082,21,
2026-03-26 10:57:00,369.75,369.82,369.75,369.82,701.0,369.7858,29,
2026-03-26 10:58:00,369.82,369.82,369.7,369.7,2593.0,369.7121,29,
2026-03-26 11:00:00,369.69,369.77,369.35,369.35,2297.0,369.632,220,
2026-03-26 11:01:00,369.32,369.32,369.2,369.2,1096.0,369.2639,61,
2026-03-26 11:02:00,369.25,369.32,369.24,369.32,1089.0,369.2752,22,
2026-03-26 11:03:00,369.4,369.4,369.4,369.4,318.0,369.3905,22,
2026-03-26 11:05:00,369.4,369.4,369.4,369.4,796.0,369.3987,15,
2026-03-26 11:07:00,369.36,369.47,369.36,369.47,469.0,369.4529,21,
2026-03-26 11:08:00,369.54,369.55,369.5,369.5,568.0,369.5353,23,
2026-03-26 11:09:00,369.51,369.7,369.51,369.7,2157.0,369.5469,53,
2026-03-26 11:10:00,369.54,369.54,369.49,369.49,410.0,369.5143,41,
2026-03-26 11:11:00,369.31,369.31,369.3,369.3,644.0,369.3092,37,
2026-03-26 11:12:00,369.28,369.28,369.22,369.22,357.0,369.2892,38,
2026-03-26 11:13:00,369.29,369.29,369.26,369.29,431.0,369.2761,14,
2026-03-26 11:14:00,369.24,369.24,369.24,369.24,654.0,369.2412,25,
2026-03-26 11:15:00,369.2,369.29,369.2,369.25,543.0,369.2441,47,
2026-03-26 11:16:00,369.21,369.21,369.2,369.2,250.0,369.2036,15,
2026-03-26 11:17:00,369.22,369.27,369.22,369.27,428.0,369.2423,21,
2026-03-26 11:18:00,369.27,369.27,369.23,369.24,814.0,369.2478,16,
2026-03-26 11:20:00,369.21,369.21,369.15,369.15,610.0,369.1984,44,
2026-03-26 11:21:00,369.22,369.22,369.21,369.21,470.0,369.1904,33,
2026-03-26 11:22:00,369.28,369.3,369.28,369.29,429.0,369.2634,21,
2026-03-26 11:23:00,369.24,369.24,369.1,369.1,647.0,369.1483,52,
2026-03-26 11:24:00,369.09,369.24,369.07,369.24,4070.0,369.1297,106,
2026-03-26 11:25:00,369.21,369.21,369.16,369.16,276.0,369.1535,26,
2026-03-26 11:26:00,369.08,369.08,368.93,368.93,3708.0,369.0155,336,
2026-03-26 11:27:00,369.08,369.38,369.08,369.38,459.0,369.2046,26,
2026-03-26 11:28:00,369.29,369.29,369.29,369.29,154.0,369.2831,16,
2026-03-26 11:32:00,369.24,369.24,369.24,369.24,258.0,369.249,19,
2026-03-26 11:33:00,369.24,369.24,369.24,369.24,252.0,369.2326,16,
2026-03-26 11:34:00,369.29,369.3,369.29,369.3,971.0,369.2946,36,
2026-03-26 11:35:00,369.11,369.11,369.0,369.0,851.0,369.0498,70,
2026-03-26 11:36:00,368.9,368.9,368.9,368.9,389.0,368.9125,53,
2026-03-26 11:38:00,368.88,368.88,368.85,368.85,836.0,368.8567,54,
2026-03-26 11:39:00,368.88,368.88,368.86,368.86,573.0,368.8725,31,
2026-03-26 11:40:00,368.81,368.81,368.8,368.8,645.0,368.8291,56,
2026-03-26 11:41:00,368.8,368.8,368.8,368.8,445.0,368.8208,36,
2026-03-26 11:42:00,368.8,368.81,368.75,368.75,1527.0,368.7841,82,
2026-03-26 11:44:00,368.8,368.8,368.74,368.75,1058.0,368.7568,49,
2026-03-26 11:45:00,368.85,368.89,368.75,368.75,1232.0,368.8125,70,
2026-03-26 11:46:00,368.72,368.72,368.72,368.72,237.0,368.7577,34,
2026-03-26 11:47:00,368.85,368.85,368.85,368.85,75.0,368.8539,11,
2026-03-26 11:48:00,368.88,368.91,368.88,368.88,1044.0,368.8906,36,
2026-03-26 11:49:00,368.88,368.88,368.88,368.88,477.0,368.8548,45,
2026-03-26 11:50:00,368.73,368.73,368.73,368.73,301.0,368.7378,32,
2026-03-26 11:51:00,368.8,368.8,368.8,368.8,245.0,368.7984,29,
2026-03-26 11:52:00,368.89,368.9,368.89,368.9,368.0,368.8765,23,
2026-03-26 11:53:00,368.9,368.93,368.89,368.93,630.0,368.9009,34,
2026-03-26 11:54:00,368.92,369.0,368.9,369.0,843.0,368.9679,56,
2026-03-26 11:56:00,368.81,368.81,368.75,368.75,1317.0,368.7871,63,
2026-03-26 11:58:00,368.75,368.79,368.7,368.7,2188.0,368.737,108,
2026-03-26 11:59:00,368.7,368.77,368.7,368.77,967.0,368.724,39,
2026-03-26 12:00:00,369.54,370.48,368.32,368.71,52436.902788,369.1951,3254,
2026-03-26 12:01:00,370.0,371.36,368.71,368.71,45803.0,370.2351,4249,
2026-03-26 12:02:00,369.7703,369.7703,368.71,368.8,2135.006731,369.312,248,
2026-03-26 12:03:00,368.8,368.89,368.65,368.89,1982.279085,368.7765,131,
2026-03-26 12:04:00,368.84,368.88,368.7,368.75,578.0,368.7965,37,
2026-03-26 12:05:00,368.75,368.95,368.7,368.7,1367.482292,368.9313,73,
2026-03-26 12:06:00,368.8,368.805,368.77,368.77,495.063224,368.8377,39,
2026-03-26 12:07:00,368.9145,370.35,368.77,368.91,3379.263139,369.7214,231,
2026-03-26 12:08:00,368.9,369.04,368.9,368.9,1543.035224,368.9648,69,
2026-03-26 12:09:00,369.1392,369.15,369.1392,369.15,897.0,369.1261,35,
2026-03-26 12:10:00,368.98,369.12,368.98,369.11,645.0,369.0774,47,
2026-03-26 12:11:00,369.03,369.13,369.0,369.13,721.995788,369.5671,59,
2026-03-26 12:12:00,369.16,369.16,369.1,369.12,1770.0,369.1448,55,
2026-03-26 12:13:00,369.0,369.31,369.0,369.31,6768.0,369.2583,79,
2026-03-26 12:14:00,369.2001,369.34,369.2,369.22,1654.0,369.2755,55,
2026-03-26 12:15:00,369.2,369.2,369.1,369.1023,1168.662349,369.3774,44,
2026-03-26 12:17:00,369.22,369.5,369.22,369.47,3224.216203,369.4087,85,
2026-03-26 12:18:00,369.425,369.47,369.38,369.38,1156.337119,369.5446,59,
2026-03-26 12:19:00,369.38,369.38,369.31,369.35,1294.165365,369.3835,51,
2026-03-26 12:20:00,369.38,369.4459,369.38,369.42,1488.029994,369.4061,68,
2026-03-26 12:21:00,369.38,369.5,369.35,369.4992,1004.018106,369.4445,57,
2026-03-26 12:22:00,369.5,369.6,369.5,369.6,1173.43033,369.6656,73,
2026-03-26 12:23:00,369.55,369.55,369.53,369.54,522.0,369.5426,44,
2026-03-26 12:24:00,369.5,369.5,369.39,369.39,1248.0,369.4538,106,
2026-03-26 12:25:00,369.4,369.54,369.34,369.34,4361.0,369.453,49,
2026-03-26 12:26:00,369.34,369.53,369.34,369.53,430.0,369.4617,35,
2026-03-26 12:27:00,369.54,369.54,369.45,369.45,719.002705,369.4691,56,
2026-03-26 12:28:00,369.32,369.4,369.32,369.4,466.0,369.3954,39,
2026-03-26 12:29:00,369.45,369.45,369.31,369.31,2585.319213,369.3665,56,
2026-03-26 12:30:00,369.37,369.37,369.3,369.3,338.0,369.2766,35,
2026-03-26 12:31:00,369.25,369.25,369.1,369.2,1941.0,369.1381,53,
2026-03-26 12:32:00,369.13,369.13,369.0,369.0,868.547967,369.3159,56,
2026-03-26 12:33:00,369.08,369.08,368.9,368.9,2091.297417,369.018,194,
2026-03-26 12:34:00,368.88,369.0,368.8394,369.0,1332.01908,368.9488,76,
2026-03-26 12:35:00,369.0,369.0456,368.7,368.7,2976.07927,368.8517,197,
2026-03-26 12:36:00,368.66,368.859,368.65,368.859,695.072211,368.7975,50,
2026-03-26 12:37:00,368.97,369.0,368.82,368.82,1586.0,368.9583,78,
2026-03-26 12:38:00,368.92,369.0,368.92,368.9461,1432.048825,368.9888,79,
2026-03-26 12:39:00,369.02,369.189,369.0,369.0,1470.822298,369.2526,56,
2026-03-26 12:40:00,369.06,369.2,369.06,369.2,1866.0,369.1586,64,
2026-03-26 12:41:00,369.0536,369.0536,369.02,369.02,495.390833,369.3314,55,
2026-03-26 12:42:00,369.0,369.0,368.9219,368.99,804.0,369.0015,43,
2026-03-26 12:43:00,369.04,369.1,369.04,369.1,899.00539,369.0872,57,
2026-03-26 12:44:00,369.0,369.0,368.9,368.9,1064.0,369.0024,50,
2026-03-26 12:45:00,369.08,369.09,369.06,369.08,839.0,369.0681,58,
2026-03-26 12:46:00,369.09,369.2,369.03,369.15,1825.032746,369.1194,63,
2026-03-26 12:47:00,369.199,369.2,369.1,369.18,1942.00631,369.1674,94,
2026-03-26 12:48:00,369.1622,369.2,369.16,369.16,466.0,369.1647,44,
2026-03-26 12:49:00,369.11,369.1893,369.05,369.05,932.0,369.1277,45,
2026-03-26 12:50:00,369.06,369.06,368.9,368.9,1503.0,369.0159,102,
2026-03-26 12:51:00,369.0,369.0,368.91,368.91,755.01794,369.0005,49,
2026-03-26 12:52:00,369.0,369.0,368.9222,369.0,472.0,368.9985,33,
2026-03-26 12:53:00,368.99,368.9997,368.89,368.89,902.097433,368.9771,95,
2026-03-26 12:54:00,368.88,369.0,368.88,369.0,3676.022139,368.9102,73,
2026-03-26 12:55:00,368.9993,369.0,368.94,369.0,993.154257,369.0374,49,
2026-03-26 12:56:00,368.9,369.0306,368.9,368.9176,615.054439,368.9873,31,
2026-03-26 12:57:00,369.0466,369.2,369.02,369.2,3242.0,369.1432,85,
2026-03-26 12:58:00,369.17,369.18,369.1579,369.18,905.795391,369.4907,41,
2026-03-26 12:59:00,369.18,369.19,369.18,369.18,506.0,369.1717,46,
2026-03-26 13:00:00,369.17,369.35,369.0,369.0,2598.431105,369.1772,84,
2026-03-26 13:01:00,369.5,369.5,369.16,369.3141,1948.010013,369.2744,67,
2026-03-26 13:02:00,369.3491,369.3498,369.3305,369.3305,477.541493,369.7261,51,
2026-03-26 13:03:00,369.3216,369.3216,369.26,369.26,696.0,369.2654,33,
2026-03-26 13:04:00,369.35,369.446,369.35,369.35,1485.392984,369.4478,74,
2026-03-26 13:05:00,369.4296,369.43,369.22,369.25,1027.856286,369.6189,54,
2026-03-26 13:06:00,369.27,369.3975,369.23,369.3975,974.155478,369.325,75,
2026-03-26 13:07:00,369.18,369.4299,369.12,369.12,1140.557,369.3775,63,
2026-03-26 13:08:00,369.2,369.43,369.2,369.33,1593.979363,369.5195,104,
2026-03-26 13:09:00,369.21,369.34,369.21,369.34,416.020866,369.3224,36,
2026-03-26 13:10:00,369.37,369.37,369.24,369.3172,1454.216059,369.3783,164,
2026-03-26 13:11:00,369.35,369.35,369.31,369.31,705.0,369.3327,58,
2026-03-26 13:12:00,369.4,369.4,369.29,369.35,1357.14303,369.3864,74,
2026-03-26 13:13:00,369.44,369.5,369.3384,369.3384,2502.032703,369.4764,104,
2026-03-26 13:14:00,369.49,369.49,369.36,369.36,718.0,369.4546,57,
2026-03-26 13:15:00,369.35,369.5,369.35,369.41,2237.008178,369.4299,91,
2026-03-26 13:16:00,369.4291,369.45,369.3501,369.39,1224.0,369.4191,57,
2026-03-26 13:17:00,369.37,369.5,369.37,369.49,2293.565376,369.5326,106,
2026-03-26 13:18:00,369.49,369.5,369.45,369.48,2244.307701,369.5399,87,
2026-03-26 13:19:00,369.4,369.4,369.34,369.4,1395.569483,369.5163,92,
2026-03-26 13:20:00,369.34,369.5,369.32,369.45,6213.156158,369.4105,93,
2026-03-26 13:21:00,369.4,369.476,369.4,369.4,734.002486,369.4045,64,
2026-03-26 13:22:00,369.3,369.3,369.2,369.2,1391.5,369.3848,100,
2026-03-26 13:23:00,369.2,369.5,369.2,369.5,2592.0,369.3118,93,
2026-03-26 13:24:00,369.3499,369.35,369.2505,369.2505,1844.147642,369.338,89,
2026-03-26 13:25:00,369.35,369.88,369.3,369.8,4538.19565,369.6262,170,
2026-03-26 13:26:00,369.75,369.79,369.5704,369.79,849.0,369.728,65,
2026-03-26 13:27:00,369.8,370.3,369.62,370.1,16073.710694,370.0744,273,
2026-03-26 13:28:00,370.2,370.92,370.2,370.49,8962.768878,370.5182,271,
2026-03-26 13:29:00,370.5,370.89,370.45,370.84,13843.552768,370.7043,262,
2026-03-26 13:30:00,370.815,371.28,369.97,370.42,578919.436106,370.8019,12805,
2026-03-26 13:31:00,370.39,370.95,370.24,370.345,160554.619301,370.6077,5955,
2026-03-26 13:32:00,370.31,370.7699,369.99,370.0552,188716.943291,370.3187,3349,
2026-03-26 13:33:00,370.04,370.3,369.28,369.8325,231306.987405,369.9338,5012,
2026-03-26 13:34:00,369.8575,370.27,369.56,369.86,92796.464903,369.8907,2412,
2026-03-26 13:35:00,369.8008,370.23,369.65,369.91,155358.011629,369.8691,2963,
2026-03-26 13:36:00,369.85,371.04,369.8469,370.995,146554.079968,370.6305,3127,
2026-03-26 13:37:00,370.99,371.58,370.5366,371.4,182117.066417,370.9742,3332,
2026-03-26 13:38:00,371.56,372.0,371.25,371.45,186556.564133,371.6716,3611,
2026-03-26 13:39:00,371.45,371.76,370.67,370.7865,170167.228438,371.3301,4225,
2026-03-26 13:40:00,370.7623,371.74,370.7623,371.42,102869.319765,371.3116,2725,
2026-03-26 13:41:00,371.42,372.65,371.42,372.33,199142.973256,372.1584,3778,
2026-03-26 13:42:00,372.35,372.36,371.22,371.47,134775.40959,371.8351,3464,
2026-03-26 13:43:00,371.5,371.955,371.44,371.915,98482.793004,371.7706,2504,
2026-03-26 13:44:00,371.93,372.65,371.78,372.175,116260.834602,372.0698,3204,
2026-03-26 13:45:00,372.16,372.85,372.11,372.15,148912.417738,372.4769,3357,
2026-03-26 13:46:00,372.12,372.29,371.45,371.805,118804.599511,371.9031,3487,
2026-03-26 13:47:00,371.81,372.65,371.71,372.5372,93595.076734,372.137,2917,
2026-03-26 13:48:00,372.48,372.78,372.38,372.4771,80140.573371,372.5799,2434,
2026-03-26 13:49:00,372.48,372.54,372.19,372.4,66989.380484,372.3201,2421,
2026-03-26 13:50:00,372.4,372.88,372.25,372.86,92570.168652,372.551,2716,
2026-03-26 13:51:00,372.82,373.28,372.6,373.23,136805.435551,372.9599,3276,
2026-03-26 13:52:00,373.25,373.51,372.855,373.2,166577.512936,373.2009,3938,
2026-03-26 13:53:00,373.24,373.53,372.95,373.39,158952.617015,373.2673,3527,
2026-03-26 13:54:00,373.39,373.55,373.1503,373.5,188335.00475,373.3157,2881,
2026-03-26 13:55:00,373.4501,373.48,372.4,372.4489,144819.428561,372.7906,3533,
2026-03-26 13:56:00,372.39,372.86,372.3001,372.71,112590.663693,372.5166,2554,
2026-03-26 13:57:00,372.715,373.04,372.715,372.93,104092.871052,372.8819,2715,
2026-03-26 13:58:00,372.93,372.94,372.48,372.71,180366.099309,372.7772,3211,
2026-03-26 13:59:00,372.697,373.8299,372.54,373.735,152600.714721,373.2176,3005,
2026-03-26 14:00:00,373.77,374.16,373.54,374.0901,116598.322362,373.8539,3235,
2026-03-26 14:01:00,374.12,374.69,373.99,374.65,209834.699249,374.3051,3841,
2026-03-26 14:02:00,374.64,374.7199,374.2201,374.31,121117.922068,374.4649,3363,
2026-03-26 14:03:00,374.29,374.555,374.27,374.395,105892.38181,374.4197,2673,
2026-03-26 14:04:00,374.36,374.47,373.26,373.685,99258.360488,373.8958,3106,
2026-03-26 14:05:00,373.685,373.973,373.4,373.6,72801.390173,373.7117,2178,
2026-03-26 14:06:00,373.57,374.08,373.54,374.005,117146.690377,373.5773,2131,
2026-03-26 14:07:00,374.02,374.24,373.3,373.3801,92013.165026,373.6218,2491,
2026-03-26 14:08:00,373.44,373.68,373.0,373.13,110196.678691,373.3812,3102,
2026-03-26 14:09:00,373.14,373.39,373.1201,373.23,80090.270436,373.2376,2097,
2026-03-26 14:10:00,373.205,373.44,372.8901,373.09,53495.530361,373.1445,2024,
2026-03-26 14:11:00,373.115,373.1299,372.83,372.95,53416.862678,372.9453,1940,
2026-03-26 14:12:00,372.925,373.23,372.54,372.74,112483.048581,372.8859,2909,
2026-03-26 14:13:00,372.72,372.83,372.44,372.675,109980.14241,372.6424,2474,
2026-03-26 14:14:00,372.65,372.74,372.3,372.56,145500.791399,372.5251,2836,
2026-03-26 14:15:00,372.56,372.62,372.32,372.37,134066.474025,372.412,2859,
2026-03-26 14:16:00,372.45,372.55,372.17,372.344,125307.398312,372.332,3352,
2026-03-26 14:17:00,372.4,372.61,372.34,372.59,54846.069776,372.4789,2251,
2026-03-26 14:18:00,372.6,372.66,372.14,372.185,62682.486113,372.4092,2456,
2026-03-26 14:19:00,372.185,372.2,371.84,371.858,69801.856414,372.0046,2729,
2026-03-26 14:20:00,371.86,372.165,371.7201,372.0,68713.487433,371.9362,2204,
2026-03-26 14:21:00,372.08,372.2063,372.0,372.1,48593.371737,372.1113,1841,
2026-03-26 14:22:00,372.12,372.5699,372.01,372.49,101369.592095,372.335,2720,
2026-03-26 14:23:00,372.449,372.5375,372.22,372.24,40316.062584,372.3164,1824,
2026-03-26 14:24:00,372.22,372.34,371.92,372.095,65025.654947,372.1337,2092,
2026-03-26 14:25:00,372.085,372.335,371.92,372.2633,96624.224757,372.1385,2205,
2026-03-26 14:26:00,372.25,372.28,372.02,372.03,47280.469434,372.1253,1784,
2026-03-26 14:27:00,372.045,372.22,371.91,372.0,49685.993386,372.0494,2029,
2026-03-26 14:28:00,372.0,372.09,371.9,371.92,40804.686147,371.9738,1795,
2026-03-26 14:29:00,371.935,372.04,371.8101,371.94,62500.211035,371.9439,2396,
2026-03-26 14:30:00,371.95,372.04,371.84,371.9836,30248.392906,371.9714,1748,
2026-03-26 14:31:00,371.98,372.15,371.91,372.13,50559.427473,372.0479,1928,
2026-03-26 14:32:00,372.12,372.324,371.97,372.324,66259.486343,372.1161,2352,
2026-03-26 14:33:00,372.33,372.4,372.09,372.265,80531.242882,372.2408,2654,
2026-03-26 14:34:00,372.27,372.3399,371.95,371.97,67404.389467,372.2306,2244,
2026-03-26 14:35:00,371.98,372.015,371.52,371.95,102296.080423,371.8122,3314,
2026-03-26 14:36:00,371.9401,372.04,371.7001,371.84,82071.898771,371.9641,2345,
2026-03-26 14:37:00,371.8,371.8,371.19,371.4,87906.37112,371.4971,2873,
2026-03-26 14:38:00,371.42,371.7,371.3601,371.56,63881.860253,371.4779,1974,
2026-03-26 14:39:00,371.53,371.63,371.34,371.4525,81829.417127,371.5223,2528,
2026-03-26 14:40:00,371.45,372.1,371.44,371.5201,83833.949645,371.8665,3105,
2026-03-26 14:41:00,371.57,371.8499,371.22,371.57,64518.631794,371.4819,2456,
2026-03-26 14:42:00,371.6,371.63,371.1,371.2108,46560.80007,371.4417,2019,
2026-03-26 14:43:00,371.26,371.31,370.7,371.04,95627.14919,371.0186,3360,
2026-03-26 14:44:00,371.065,371.21,370.88,371.04,103060.09815,371.1274,2348,
2026-03-26 14:45:00,371.05,371.3,371.03,371.22,34594.035101,371.1774,1871,
2026-03-26 14:46:00,371.22,371.37,371.06,371.18,66481.292151,371.2444,2092,
2026-03-26 14:47:00,371.18,371.77,371.0,371.2499,67960.977842,371.4057,2693,
2026-03-26 14:48:00,371.225,371.37,371.09,371.18,54565.034339,371.2241,2512,
2026-03-26 14:49:00,371.16,371.22,371.0,371.03,92974.450878,371.0843,2288,
2026-03-26 14:50:00,371.0399,371.2,370.82,370.95,115448.333976,371.0153,2740,
2026-03-26 14:51:00,371.0,371.17,370.82,370.95,65114.573702,370.9962,2274,
2026-03-26 14:52:00,370.95,371.15,370.732,370.8,46766.623088,370.964,1951,
2026-03-26 14:53:00,370.805,371.045,370.793,370.91,58190.375539,370.9135,2083,
2026-03-26 14:54:00,370.9299,370.99,370.7518,370.91,58712.011534,370.8877,1856,
2026-03-26 14:55:00,370.9,371.0,370.5,370.965,98389.953922,370.8176,2957,
2026-03-26 14:56:00,370.93,371.5435,370.85,371.34,81716.498251,371.2192,2776,
2026-03-26 14:57:00,371.34,371.63,371.29,371.35,65249.874733,371.4035,2296,
2026-03-26 14:58:00,371.38,371.4,371.14,371.14,82946.180424,371.2672,2281,
2026-03-26 14:59:00,371.13,371.455,371.07,371.36,59269.463904,371.1882,2122,
2026-03-26 15:00:00,371.42,371.57,371.29,371.455,66416.739404,371.3877,2309,
2026-03-26 15:01:00,371.46,371.53,370.81,370.965,80491.069399,371.1418,2594,
2026-03-26 15:02:00,370.965,371.135,370.935,370.935,119318.9096,371.0302,2377,
2026-03-26 15:03:00,370.95,370.95,370.51,370.535,74959.047869,370.7758,2394,
2026-03-26 15:04:00,370.535,370.55,370.145,370.21,91429.435465,370.3405,2776,
2026-03-26 15:05:00,370.225,370.54,369.99,370.39,173842.410276,370.202,5518,
2026-03-26 15:06:00,370.42,370.42,370.14,370.33,71958.934175,370.2759,2159,
2026-03-26 15:07:00,370.315,370.38,370.1509,370.235,58210.2996,370.2651,1935,
2026-03-26 15:08:00,370.21,370.435,370.21,370.435,51508.787449,370.2981,1923,
2026-03-26 15:09:00,370.435,370.48,370.28,370.4,39733.031137,370.3608,1690,
2026-03-26 15:10:00,370.4,370.5699,370.38,370.46,47241.870495,370.4621,1888,
2026-03-26 15:11:00,370.48,370.57,370.33,370.36,39489.019635,370.4552,1772,
2026-03-26 15:12:00,370.36,370.53,370.2814,370.46,39171.749095,370.416,1818,
2026-03-26 15:13:00,370.46,370.5,370.06,370.1,80252.981046,370.25,2309,
2026-03-26 15:14:00,370.12,370.26,369.995,370.14,73294.319063,370.1122,2776,
2026-03-26 15:15:00,370.1525,370.2,370.0,370.125,54782.886531,370.0834,1899,
2026-03-26 15:16:00,370.125,370.19,369.98,370.045,88103.850057,370.0541,2395,
2026-03-26 15:17:00,370.021,370.1699,370.0,370.11,54861.817719,370.0728,1935,
2026-03-26 15:18:00,370.1,370.2,370.02,370.17,76731.804711,370.0826,2116,
2026-03-26 15:19:00,370.19,370.34,370.17,370.33,34167.885252,370.2533,1636,
2026-03-26 15:20:00,370.31,370.52,370.1,370.14,55946.093804,370.2721,2050,
2026-03-26 15:21:00,370.14,370.26,370.12,370.26,68974.283658,370.1798,1966,
2026-03-26 15:22:00,370.25,370.39,370.105,370.165,77400.554129,370.22,2062,
2026-03-26 15:23:00,370.17,370.24,370.08,370.15,51954.663566,370.1654,1744,
2026-03-26 15:24:00,370.14,370.27,370.07,370.09,64955.227497,370.1511,1995,
2026-03-26 15:25:00,370.08,370.12,369.78,369.78,124715.016263,370.0094,3004,
2026-03-26 15:26:00,369.78,370.17,369.78,370.0981,157888.287732,369.9736,2441,
2026-03-26 15:27:00,370.09,370.32,370.03,370.225,54183.04379,370.1289,1957,
2026-03-26 15:28:00,370.22,370.37,370.14,370.18,37237.950377,370.2642,1627,
2026-03-26 15:29:00,370.17,370.24,369.55,369.98,109107.597273,369.9142,3108,
2026-03-26 15:30:00,369.98,370.08,369.67,370.05,384216.86088,369.9259,5099,
2026-03-26 15:31:00,370.05,370.08,369.36,369.44,141915.015667,369.7861,3887,
2026-03-26 15:32:00,369.49,369.64,369.31,369.3699,67988.52637,369.4754,2023,
2026-03-26 15:33:00,369.36,369.39,368.85,368.95,144672.752915,369.078,6602,
2026-03-26 15:34:00,368.96,368.99,368.85,368.94,75940.709855,368.9297,2439,
2026-03-26 15:35:00,368.935,368.985,368.58,368.89,98369.518908,368.8192,3430,
2026-03-26 15:36:00,368.91,368.935,368.71,368.83,98750.530814,368.8265,2534,
2026-03-26 15:37:00,368.815,368.815,368.3801,368.53,135613.521778,368.5509,3655,
2026-03-26 15:38:00,368.535,368.61,368.39,368.42,125948.777457,368.4857,2789,
2026-03-26 15:39:00,368.425,368.5983,368.35,368.535,132214.728615,368.4323,2652,
2026-03-26 15:40:00,368.535,368.73,368.48,368.72,90941.549932,368.6138,2397,
2026-03-26 15:41:00,368.72,368.84,368.59,368.74,52817.705358,368.7266,2062,
2026-03-26 15:42:00,368.77,368.88,368.66,368.7775,38296.768152,368.7741,1533,
2026-03-26 15:43:00,368.72,368.72,368.29,368.29,107456.981505,368.4872,2621,
2026-03-26 15:44:00,368.29,368.36,368.04,368.271,94379.511501,368.2301,2602,
2026-03-26 15:45:00,368.31,368.58,368.28,368.57,82171.668881,368.4051,1849,
2026-03-26 15:46:00,368.56,369.2,368.445,368.95,87711.594095,368.8057,2431,
2026-03-26 15:47:00,368.94,368.97,368.5807,368.7,63333.756203,368.7717,1593,
2026-03-26 15:48:00,368.68,368.7088,368.53,368.57,68912.773564,368.6347,1425,
2026-03-26 15:49:00,368.56,368.66,368.42,368.5079,57638.852737,368.5068,1581,
2026-03-26 15:50:00,368.52,368.63,368.16,368.2237,55782.506567,368.4592,1735,
2026-03-26 15:51:00,368.2384,368.3599,368.1,368.3326,107222.821062,368.1997,1815,
2026-03-26 15:52:00,368.33,368.47,368.21,368.45,57176.079243,368.3602,1375,
2026-03-26 15:53:00,368.445,368.46,368.32,368.35,56672.609325,368.4066,1321,
2026-03-26 15:54:00,368.36,368.4199,368.2,368.245,49567.407283,368.3378,1328,
2026-03-26 15:55:00,368.28,368.37,367.9301,367.995,151858.224744,368.0721,6557,
2026-03-26 15:56:00,367.995,368.08,367.82,367.94,78442.661601,367.9413,2067,
2026-03-26 15:57:00,367.955,368.04,367.77,367.9388,71054.815479,367.9054,1926,
2026-03-26 15:58:00,367.93,368.04,367.79,367.87,65479.934702,367.949,1513,
2026-03-26 15:59:00,367.87,368.07,367.74,367.99,61998.04535,367.9181,1908,
2026-03-26 16:00:00,367.98,367.98,367.75,367.795,41131.071368,367.8951,1597,
2026-03-26 16:01:00,367.82,368.28,367.78,368.04,84003.709313,367.9584,2219,
2026-03-26 16:02:00,368.02,368.25,367.99,368.19,41860.026901,368.1109,1524,
2026-03-26 16:03:00,368.1951,368.24,368.0,368.0902,35548.793091,368.1073,1360,
2026-03-26 16:04:00,368.09,368.19,368.03,368.04,29408.659637,368.1085,1093,
2026-03-26 16:05:00,368.055,368.13,368.03,368.09,25337.515301,368.0902,1035,
2026-03-26 16:06:00,368.11,368.355,368.105,368.305,52823.61092,368.2252,1454,
2026-03-26 16:07:00,368.305,368.355,368.08,368.09,37796.525561,368.2512,1437,
2026-03-26 16:08:00,368.1017,368.35,368.095,368.19,28014.981463,368.2293,950,
2026-03-26 16:09:00,368.18,368.22,367.87,367.885,42961.886015,368.0355,1630,
2026-03-26 16:10:00,367.9115,368.02,367.72,367.81,42796.866342,367.8782,1604,
2026-03-26 16:11:00,367.8262,367.95,367.75,367.83,58493.181893,367.8677,1789,
2026-03-26 16:12:00,367.85,368.015,367.83,367.96,40983.939685,367.9441,1097,
2026-03-26 16:13:00,367.95,367.95,367.8,367.85,35459.393336,367.8774,1164,
2026-03-26 16:14:00,367.86,368.01,367.81,367.8623,42121.873652,367.9373,1245,
2026-03-26 16:15:00,367.82,367.82,367.67,367.7255,46831.796684,367.7468,1640,
2026-03-26 16:16:00,367.68,367.68,367.34,367.465,88770.235402,367.4958,3011,
2026-03-26 16:17:00,367.44,367.54,367.05,367.2846,105644.177061,367.2619,2682,
2026-03-26 16:18:00,367.3,367.66,367.3,367.52,66507.214607,367.4751,1684,
2026-03-26 16:19:00,367.53,367.71,367.49,367.695,51297.5019,367.5705,1477,
2026-03-26 16:20:00,367.6951,367.75,367.5606,367.63,49842.507755,367.6719,1535,
2026-03-26 16:21:00,367.63,367.98,367.6117,367.753,84734.955386,367.7997,1544,
2026-03-26 16:22:00,367.74,367.77,367.42,367.55,54175.056438,367.5781,1360,
2026-03-26 16:23:00,367.57,367.75,367.53,367.7,30375.887941,367.6465,1122,
2026-03-26 16:24:00,367.7146,368.01,367.698,367.98,111491.889521,367.8473,1919,
2026-03-26 16:25:00,367.95,368.01,367.76,367.81,190437.888913,367.6339,1164,
2026-03-26 16:26:00,367.82,367.82,367.59,367.615,36172.119268,367.689,1264,
2026-03-26 16:27:00,367.63,367.64,367.21,367.464,68543.223582,367.4154,1760,
2026-03-26 16:28:00,367.46,367.555,367.2,367.25,44934.111212,367.3769,1369,
2026-03-26 16:29:00,367.26,367.56,367.255,367.42,128560.059656,367.4169,1720,
2026-03-26 16:30:00,367.42,367.66,367.33,367.485,57625.245056,367.5145,1588,
2026-03-26 16:31:00,367.4805,367.6,367.21,367.36,88128.618958,367.4401,2116,
2026-03-26 16:32:00,367.3899,367.3899,367.03,367.19,54055.026195,367.1749,1681,
2026-03-26 16:33:00,367.18,367.2999,367.12,367.195,36710.697219,367.2291,1351,
2026-03-26 16:34:00,367.2,367.36,367.135,367.31,38014.411054,367.2728,1223,
2026-03-26 16:35:00,367.32,367.61,367.29,367.545,48583.763875,367.453,1349,
2026-03-26 16:36:00,367.545,367.78,367.5031,367.765,47825.813493,367.6315,1455,
2026-03-26 16:37:00,367.76,367.84,367.55,367.65,48694.234845,367.6752,1400,
2026-03-26 16:38:00,367.665,367.665,367.41,367.46,28038.061347,367.5474,1084,
2026-03-26 16:39:00,367.47,367.47,367.29,367.33,57670.692782,367.4023,1428,
2026-03-26 16:40:00,367.33,367.526,367.32,367.45,41616.360214,367.4239,1319,
2026-03-26 16:41:00,367.45,367.75,367.42,367.68,62696.26882,367.5312,1413,
2026-03-26 16:42:00,367.69,367.695,367.53,367.59,37959.470399,367.6221,1068,
2026-03-26 16:43:00,367.58,367.7299,367.51,367.59,41975.008238,367.6139,1205,
2026-03-26 16:44:00,367.59,368.05,367.585,368.03,65523.225002,367.8239,1628,
2026-03-26 16:45:00,368.04,368.2,367.95,368.1916,56280.703557,368.0325,1609,
2026-03-26 16:46:00,368.17,368.25,368.06,368.145,47006.487568,368.1477,1232,
2026-03-26 16:47:00,368.145,368.38,368.0701,368.185,49358.449088,368.197,1465,
2026-03-26 16:48:00,368.2,368.39,368.1,368.33,33875.247464,368.2474,1107,
2026-03-26 16:49:00,368.36,368.41,368.24,368.36,36443.893609,368.3349,1083,
2026-03-26 16:50:00,368.35,368.42,368.1501,368.2234,72585.397897,368.3201,1443,
2026-03-26 16:51:00,368.2397,368.4,368.21,368.38,143628.950221,368.3493,1187,
2026-03-26 16:52:00,368.39,368.56,368.29,368.32,48893.753372,368.4438,1329,
2026-03-26 16:53:00,368.35,368.48,368.2,368.25,40008.126714,368.3496,1250,
2026-03-26 16:54:00,368.26,368.2699,368.07,368.17,42282.302829,368.1523,1031,
2026-03-26 16:55:00,368.17,368.23,368.08,368.1,41327.705889,368.0927,1083,
2026-03-26 16:56:00,368.08,368.2,368.05,368.135,26936.503169,368.1212,1076,
2026-03-26 16:57:00,368.125,368.2799,368.1,368.245,38574.209989,368.1857,1131,
2026-03-26 16:58:00,368.245,368.36,368.17,368.2015,37360.779425,368.2744,1041,
2026-03-26 16:59:00,368.215,368.33,367.92,368.14,64847.135672,368.0964,2116,
2026-03-26 17:00:00,368.15,368.315,368.07,368.275,38211.757864,368.1855,1086,
2026-03-26 17:01:00,368.26,368.37,368.16,368.36,36620.874108,368.2784,959,
2026-03-26 17:02:00,368.36,368.37,368.08,368.22,39830.816068,368.1976,1260,
2026-03-26 17:03:00,368.22,368.29,368.07,368.08,23166.011063,368.169,892,
2026-03-26 17:04:00,368.08,368.19,367.96,367.986,46107.448414,368.0804,1341,
2026-03-26 17:05:00,368.0,368.1043,367.98,368.1043,44273.990597,368.0491,1259,
2026-03-26 17:06:00,368.085,368.2799,368.06,368.25,54952.630582,368.1452,1415,
2026-03-26 17:07:00,368.23,368.23,368.02,368.115,41736.680571,368.1228,1215,
2026-03-26 17:08:00,368.115,368.224,368.07,368.205,31179.642936,368.1587,1022,
2026-03-26 17:09:00,368.23,368.33,368.13,368.28,40298.14353,368.2502,1126,
2026-03-26 17:10:00,368.28,368.3,368.11,368.23,41407.467073,368.1942,1091,
2026-03-26 17:11:00,368.23,368.245,368.05,368.149,33367.542286,368.1545,997,
2026-03-26 17:12:00,368.12,368.22,368.0401,368.145,38751.716961,368.1395,1127,
2026-03-26 17:13:00,368.15,368.17,367.9,368.015,47082.585298,368.0557,1434,
2026-03-26 17:14:00,368.015,368.07,367.79,367.89,42378.574098,367.9469,1448,
2026-03-26 17:15:00,367.885,368.0,367.71,367.835,82007.367229,367.8585,1493,
2026-03-26 17:16:00,367.86,368.12,367.86,368.12,41717.527184,367.9945,1079,
2026-03-26 17:17:00,368.125,368.42,368.115,368.39,107818.167396,368.3521,1584,
2026-03-26 17:18:00,368.3815,368.43,368.18,368.35,19703.655928,368.3001,859,
2026-03-26 17:19:00,368.365,368.515,368.24,368.42,28070.697123,368.4113,1061,
2026-03-26 17:20:00,368.42,368.51,368.29,368.35,55969.261578,368.3816,1343,
2026-03-26 17:21:00,368.364,368.55,368.2801,368.37,73194.97117,368.3798,1800,
2026-03-26 17:22:00,368.37,368.4,368.117,368.285,70866.804215,368.2764,1611,
2026-03-26 17:23:00,368.2999,368.3603,368.2,368.29,25653.430506,368.2862,898,
2026-03-26 17:24:00,368.27,368.28,367.99,368.1,33089.879736,368.139,1232,
2026-03-26 17:25:00,368.09,368.25,368.04,368.19,48394.153738,368.1474,1285,
2026-03-26 17:26:00,368.21,368.25,367.93,368.12,92312.67514,368.0868,1591,
2026-03-26 17:27:00,368.13,368.1799,367.93,368.085,41564.154504,368.0429,1163,
2026-03-26 17:28:00,368.1,368.31,368.07,368.23,35195.906109,368.1811,1041,
2026-03-26 17:29:00,368.2393,368.4999,368.19,368.44,53763.222064,368.3922,1199,
2026-03-26 17:30:00,368.42,368.57,368.37,368.4566,31189.71739,368.494,1107,
2026-03-26 17:31:00,368.46,368.4856,368.17,368.24,30773.253241,368.3123,1075,
2026-03-26 17:32:00,368.23,368.51,368.2,368.46,36764.680399,368.3469,1115,
2026-03-26 17:33:00,368.46,368.52,368.39,368.48,24567.0922,368.4619,958,
2026-03-26 17:34:00,368.54,368.65,368.4801,368.5801,59679.745766,368.5726,1518,
2026-03-26 17:35:00,368.578,368.61,368.28,368.42,75875.265607,368.4297,1813,
2026-03-26 17:36:00,368.43,368.48,367.5,368.0,138650.109975,367.8709,3764,
2026-03-26 17:37:00,367.985,367.985,367.4,367.635,94386.288462,367.6944,2004,
2026-03-26 17:38:00,367.635,367.94,367.635,367.87,61441.53135,367.8059,1250,
2026-03-26 17:39:00,367.8,367.85,367.58,367.655,57473.865709,367.692,1518,
2026-03-26 17:40:00,367.64,367.69,367.43,367.635,59968.383747,367.562,1431,
2026-03-26 17:41:00,367.64,367.72,367.52,367.6,30655.276278,367.6046,937,
2026-03-26 17:42:00,367.58,367.68,367.36,367.47,51631.896081,367.5516,1292,
2026-03-26 17:43:00,367.49,367.49,367.05,367.12,54482.101604,367.2403,1878,
2026-03-26 17:44:00,367.1,367.29,367.04,367.235,61921.064968,367.1687,1557,
2026-03-26 17:45:00,367.23,367.3213,367.12,367.315,39729.722611,367.2395,1277,
2026-03-26 17:46:00,367.31,367.41,367.21,367.2788,51564.771286,367.307,1398,
2026-03-26 17:47:00,367.2991,367.39,367.03,367.305,75036.233407,367.232,1584,
2026-03-26 17:48:00,367.315,367.35,367.05,367.075,41785.133229,367.2146,1218,
2026-03-26 17:49:00,367.085,367.2394,366.82,366.85,162287.310967,366.9993,6054,
2026-03-26 17:50:00,366.83,366.85,366.56,366.67,74230.675392,366.7284,3744,
2026-03-26 17:51:00,366.67,366.7699,366.58,366.74,46978.973794,366.6883,1333,
2026-03-26 17:52:00,366.75,366.83,366.64,366.7251,47756.128792,366.7395,1271,
2026-03-26 17:53:00,366.7337,366.93,366.64,366.86,44277.885742,366.8136,1427,
2026-03-26 17:54:00,366.885,366.9,366.7,366.77,25750.918386,366.7825,961,
2026-03-26 17:55:00,366.79,366.94,366.67,366.71,46123.606058,366.8125,1542,
2026-03-26 17:56:00,366.71,366.9,366.71,366.85,32960.27588,366.8127,1168,
2026-03-26 17:57:00,366.85,367.11,366.8387,367.0,54023.454602,366.9699,1747,
2026-03-26 17:58:00,366.98,367.03,366.8,366.8,40876.123677,366.8838,1237,
2026-03-26 17:59:00,366.805,366.96,366.72,366.905,34400.271516,366.849,1275,
2026-03-26 18:00:00,366.92,367.26,366.91,367.23,48459.056313,367.0592,1331,
2026-03-26 18:01:00,367.23,367.28,367.0,367.1001,50284.568458,367.1272,1395,
2026-03-26 18:02:00,367.15,367.31,366.95,367.0201,45292.947402,367.1541,1294,
2026-03-26 18:03:00,367.04,367.1899,366.79,366.8221,52410.214956,366.9556,1562,
2026-03-26 18:04:00,366.83,366.97,366.77,366.95,41340.6856,366.8592,1140,
2026-03-26 18:05:00,366.94,367.07,366.89,366.9801,39956.937228,366.9711,1101,
2026-03-26 18:06:00,367.0,367.25,366.9375,367.14,39836.182595,367.0668,1116,
2026-03-26 18:07:00,367.18,367.28,367.11,367.15,30964.993545,367.1849,979,
2026-03-26 18:08:00,367.16,367.195,367.0,367.065,49438.953549,367.0866,1335,
2026-03-26 18:09:00,367.065,367.21,367.04,367.1001,36976.489336,367.1193,1071,
2026-03-26 18:10:00,367.1,367.18,366.9588,366.99,34335.877583,367.0986,1364,
2026-03-26 18:11:00,367.01,367.27,366.93,367.2499,33783.718899,367.1359,1067,
2026-03-26 18:12:00,367.2,367.29,367.14,367.19,31763.779256,367.2143,908,
2026-03-26 18:13:00,367.18,367.31,367.13,367.3,52595.591449,367.2262,1356,
2026-03-26 18:14:00,367.2959,367.44,367.21,367.395,40853.600572,367.3344,1026,
2026-03-26 18:15:00,367.395,367.44,367.09,367.12,29436.774893,367.279,988,
2026-03-26 18:16:00,367.12,367.38,367.07,367.35,40735.983192,367.1754,1147,
2026-03-26 18:17:00,367.35,367.39,367.1351,367.145,27511.658144,367.2553,798,
2026-03-26 18:18:00,367.1501,367.2239,367.06,367.13,22963.883484,367.1505,851,
2026-03-26 18:19:00,367.15,367.2364,367.115,367.16,32218.795295,367.1878,870,
2026-03-26 18:20:00,367.16,367.16,366.92,366.9401,26165.847517,367.0278,1133,
2026-03-26 18:21:00,366.96,367.24,366.95,367.19,44715.698875,367.0671,1224,
2026-03-26 18:22:00,367.195,367.39,367.17,367.3399,68582.170207,367.2694,1325,
2026-03-26 18:23:00,367.31,367.31,367.2,367.265,43161.641897,367.2646,1068,
2026-03-26 18:24:00,367.265,367.265,366.82,367.01,71538.471778,367.0751,1715,
2026-03-26 18:25:00,367.0,367.04,366.79,366.845,27125.538801,366.947,1144,
2026-03-26 18:26:00,366.845,366.85,366.52,366.63,54520.70885,366.6532,1817,
2026-03-26 18:27:00,366.63,366.6499,366.45,366.45,63110.725205,366.5609,1990,
2026-03-26 18:28:00,366.45,366.72,366.44,366.63,71186.424527,366.5758,1637,
2026-03-26 18:29:00,366.66,366.7,366.38,366.39,44903.456489,366.5323,1319,
2026-03-26 18:30:00,366.42,366.6,366.36,366.48,67723.07191,366.4779,1663,
2026-03-26 18:31:00,366.49,366.52,366.27,366.31,43551.986694,366.3926,1661,
2026-03-26 18:32:00,366.2801,366.45,366.27,366.35,62213.780085,366.3826,1519,
2026-03-26 18:33:00,366.34,366.34,366.12,366.26,84355.472019,366.2136,2033,
2026-03-26 18:34:00,366.23,366.33,366.12,366.29,45605.260404,366.2168,1380,
2026-03-26 18:35:00,366.32,366.36,366.15,366.3117,59805.496033,366.2616,1556,
2026-03-26 18:36:00,366.305,366.305,366.15,366.22,46397.313464,366.2211,1363,
2026-03-26 18:37:00,366.22,366.34,366.15,366.325,58642.890287,366.2232,1412,
2026-03-26 18:38:00,366.325,366.57,366.3101,366.47,55427.689512,366.4399,1496,
2026-03-26 18:39:00,366.455,366.57,366.41,366.47,39293.536817,366.4813,1293,
2026-03-26 18:40:00,366.46,366.5,366.34,366.3657,42266.779253,366.4088,1273,
2026-03-26 18:41:00,366.355,366.47,366.32,366.3749,31626.18504,366.4055,1160,
2026-03-26 18:42:00,366.38,366.42,366.17,366.26,39596.871158,366.3066,1172,
2026-03-26 18:43:00,366.26,366.29,366.0,366.137,78918.795483,366.1225,4253,
2026-03-26 18:44:00,366.14,366.24,366.135,366.18,58318.15389,366.1867,1490,
2026-03-26 18:45:00,366.17,366.375,366.06,366.27,162998.302779,366.2385,2128,
2026-03-26 18:46:00,366.27,366.35,366.24,366.315,37595.540598,366.3024,1148,
2026-03-26 18:47:00,366.32,366.52,366.29,366.44,101419.648331,366.4208,1734,
2026-03-26 18:48:00,366.425,366.5,366.3001,366.39,87574.818766,366.3617,1286,
2026-03-26 18:49:00,366.39,366.54,366.35,366.51,125917.198431,366.4484,1435,
2026-03-26 18:50:00,366.5,366.63,366.28,366.52,155327.734705,366.4344,2351,
2026-03-26 18:51:00,366.5325,366.72,366.48,366.51,114980.308673,366.5874,1836,
2026-03-26 18:52:00,366.51,366.56,366.4,366.47,119452.824684,366.4509,2499,
2026-03-26 18:53:00,366.479,366.51,366.3115,366.47,84455.532067,366.4443,1264,
2026-03-26 18:54:00,366.48,366.617,366.41,366.555,37052.671238,366.515,1023,
2026-03-26 18:55:00,366.555,366.555,366.41,366.42,44066.962982,366.5024,1277,
2026-03-26 18:56:00,366.41,366.4299,366.12,366.32,61868.519212,366.2868,1635,
2026-03-26 18:57:00,366.35,366.356,366.18,366.23,31823.939884,366.2987,1101,
2026-03-26 18:58:00,366.23,366.43,366.21,366.415,37023.850957,366.3513,984,
2026-03-26 18:59:00,366.43,366.66,366.39,366.645,69702.078759,366.4719,1578,
2026-03-26 19:00:00,366.66,366.77,366.525,366.5467,72162.157332,366.6486,1716,
2026-03-26 19:01:00,366.55,366.69,366.47,366.56,70991.636807,366.5782,1253,
2026-03-26 19:02:00,366.5681,366.6,366.35,366.37,49100.751265,366.5111,1252,
2026-03-26 19:03:00,366.37,366.37,365.95,365.97,73155.766023,366.1244,2883,
2026-03-26 19:04:00,365.97,366.14,365.96,366.13,65154.061289,366.0737,1627,
2026-03-26 19:05:00,366.13,366.22,366.04,366.17,64584.642655,366.1389,1563,
2026-03-26 19:06:00,366.17,366.185,365.9204,366.055,70222.893279,366.0582,1797,
2026-03-26 19:07:00,366.055,366.2,365.96,366.0,68135.101387,366.0753,1739,
2026-03-26 19:08:00,366.05,366.11,365.82,366.055,87382.406881,365.9792,2242,
2026-03-26 19:09:00,366.07,366.12,365.92,366.02,49213.320123,366.011,1424,
2026-03-26 19:10:00,366.0001,366.0299,365.82,366.0,69026.538106,365.9321,1627,
2026-03-26 19:11:00,366.02,366.03,365.9,365.975,48281.012555,365.9707,1333,
2026-03-26 19:12:00,365.95,366.07,365.8604,365.89,53880.67384,365.9744,1593,
2026-03-26 19:13:00,365.9,365.94,365.73,365.88,60893.528484,365.8453,1963,
2026-03-26 19:14:00,365.83,365.89,365.74,365.81,63728.828658,365.8377,1549,
2026-03-26 19:15:00,365.81,365.94,365.77,365.83,61969.625941,365.8523,1615,
2026-03-26 19:16:00,365.86,365.89,365.59,365.59,58772.776711,365.7453,2101,
2026-03-26 19:17:00,365.6,365.71,365.5,365.525,85138.684625,365.6574,1967,
2026-03-26 19:18:00,365.5,365.5004,365.34,365.46,83545.088025,365.4739,2650,
2026-03-26 19:19:00,365.45,365.5399,365.3,365.51,121529.971412,365.4172,2509,
2026-03-26 19:20:00,365.495,365.56,365.34,365.38,69487.027843,365.4776,1854,
2026-03-26 19:21:00,365.37,365.43,365.31,365.4,71214.163853,365.4069,1790,
2026-03-26 19:22:00,365.41,365.46,365.32,365.41,67529.084306,365.4072,1990,
2026-03-26 19:23:00,365.4,365.72,365.3758,365.65,103878.204014,365.5926,2564,
2026-03-26 19:24:00,365.58,365.64,365.5,365.5803,63106.463497,365.5589,1814,
2026-03-26 19:25:00,365.56,365.56,365.35,365.395,82124.943743,365.4748,2080,
2026-03-26 19:26:00,365.4,365.58,365.32,365.4,70821.867679,365.476,1954,
2026-03-26 19:27:00,365.39,365.42,365.21,365.325,92304.890892,365.3172,2511,
2026-03-26 19:28:00,365.31,365.47,365.3,365.38,54888.390179,365.3931,1617,
2026-03-26 19:29:00,365.39,365.57,365.32,365.55,70840.432411,365.4267,1810,
2026-03-26 19:30:00,365.56,365.65,365.46,365.645,72290.825819,365.5627,2126,
2026-03-26 19:31:00,365.66,365.78,365.5337,365.5337,79229.963262,365.704,2040,
2026-03-26 19:32:00,365.55,365.6,365.38,365.4682,54553.377883,365.4941,1667,
2026-03-26 19:33:00,365.465,365.48,365.2975,365.31,52380.891628,365.3915,1752,
2026-03-26 19:34:00,365.31,365.37,365.19,365.27,88495.856163,365.2921,2269,
2026-03-26 19:35:00,365.27,365.61,365.25,365.48,85543.713789,365.4444,2321,
2026-03-26 19:36:00,365.5,365.5,365.261,365.37,133864.102088,365.345,3821,
2026-03-26 19:37:00,365.37,365.47,365.32,365.37,64589.601634,365.3817,1855,
2026-03-26 19:38:00,365.37,365.785,365.26,365.72,106218.896411,365.5095,2504,
2026-03-26 19:39:00,365.726,365.7499,365.62,365.67,55621.212331,365.6688,1603,
2026-03-26 19:40:00,365.7,365.92,365.61,365.9,68460.056825,365.7496,1907,
2026-03-26 19:41:00,365.9,366.1,365.895,366.085,68048.335468,366.0,1890,
2026-03-26 19:42:00,366.085,366.12,365.93,366.06,52064.913889,366.0174,1727,
2026-03-26 19:43:00,366.07,366.07,365.905,366.02,47219.516824,365.9849,1720,
2026-03-26 19:44:00,366.02,366.0399,365.785,365.93,51578.053417,365.9028,1853,
2026-03-26 19:45:00,365.93,365.97,365.74,365.855,75277.994182,365.8487,2189,
2026-03-26 19:46:00,365.86,365.94,365.8,365.91,68024.805682,365.8763,2074,
2026-03-26 19:47:00,365.91,365.95,365.8,365.8,45282.852715,365.8938,1704,
2026-03-26 19:48:00,365.82,365.95,365.8,365.93,65827.250219,365.876,2133,
2026-03-26 19:49:00,365.94,366.07,365.87,365.98,70421.132529,365.9733,1920,
2026-03-26 19:50:00,365.96,366.37,365.94,366.19,123104.294571,366.1692,3374,
2026-03-26 19:51:00,366.17,366.26,366.04,366.08,106061.509213,366.1593,2781,
2026-03-26 19:52:00,366.08,366.23,365.97,366.18,132642.05398,366.1237,3251,
2026-03-26 19:53:00,366.18,366.18,365.84,365.88,97577.061875,366.0285,2891,
2026-03-26 19:54:00,365.92,366.18,365.27,365.8297,180379.664075,365.8741,5128,
2026-03-26 19:55:00,365.83,366.11,365.62,365.765,192285.296467,365.7589,5029,
2026-03-26 19:56:00,365.765,365.995,365.71,365.993,153682.386151,365.878,3901,
2026-03-26 19:57:00,365.99,366.09,365.92,365.96,482584.918468,366.3046,4665,
2026-03-26 19:58:00,365.9661,365.9896,365.7901,365.86,237754.120278,365.9424,4982,
2026-03-26 19:59:00,365.86,366.08,365.7,365.75,519673.01357,365.8578,11011,
2026-03-26 20:00:00,365.7461,365.98,365.64,365.8,128592.228758,365.9671,228,
2026-03-26 20:01:00,365.66,365.85,365.65,365.71,144062.0,365.9676,115,
2026-03-26 20:02:00,365.65,365.65,365.26,365.45,4818.241986,365.4903,311,
2026-03-26 20:03:00,365.34,365.45,365.34,365.39,2830.286903,365.422,229,
2026-03-26 20:04:00,365.4,365.97,365.01,365.45,17531.711368,365.3209,631,
2026-03-26 20:05:00,365.44,365.46,365.43,365.45,6131.641813,365.4904,169,
2026-03-26 20:06:00,365.6,365.6,365.43,365.45,3340.128609,365.4781,168,
2026-03-26 20:07:00,365.45,365.45,365.25,365.4,2411.0,365.4294,125,
2026-03-26 20:08:00,365.44,365.45,365.43,365.44,1186.125847,365.478,108,
2026-03-26 20:09:00,365.45,365.97,365.4,365.45,352990.044876,365.9653,164,
2026-03-26 20:10:00,365.45,365.45,365.45,365.45,1883.697119,365.5802,232,
2026-03-26 20:11:00,365.45,367.33,365.45,367.09,41559.106701,366.1561,759,
2026-03-26 20:12:00,366.82,367.86,366.41,367.2,9986.253705,367.2573,436,
2026-03-26 20:13:00,367.29,367.31,366.48,367.04,6150.145241,366.8957,213,
2026-03-26 20:14:00,367.0,367.22,366.56,366.81,3119.006359,366.8849,196,
2026-03-26 20:15:00,366.9,367.2,366.5,367.15,8440.450866,366.9365,246,
2026-03-26 20:16:00,367.1,367.19,366.5,366.61,6127.037581,366.9475,304,
2026-03-26 20:17:00,366.626,366.8,366.278,366.8,3912.599182,366.6352,162,
2026-03-26 20:18:00,366.65,366.8,366.2,366.67,3420.465438,366.5834,202,
2026-03-26 20:19:00,366.57,366.71,366.2878,366.635,1237.037328,366.5582,74,
2026-03-26 20:20:00,366.47,366.7,366.3,366.51,2567.032745,366.4909,174,
2026-03-26 20:21:00,366.56,366.7,366.06,366.6,5828.37129,366.3242,244,
2026-03-26 20:22:00,366.41,366.58,366.08,366.482,5780.0,366.1429,122,
2026-03-26 20:23:00,366.5,366.5,366.2,366.387,2687.763684,366.405,106,
2026-03-26 20:24:00,366.387,366.4,366.2,366.34,6215.63,366.3586,79,
2026-03-26 20:25:00,366.34,366.45,366.19,366.2,2036.038648,366.2673,79,
2026-03-26 20:26:00,366.19,366.19,366.02,366.11,1719.444504,366.1906,87,
2026-03-26 20:27:00,366.12,366.4899,366.12,366.24,2195.000326,366.2327,104,
2026-03-26 20:28:00,366.29,366.3,366.06,366.15,2320.62,366.2294,110,
2026-03-26 20:29:00,366.05,366.05,365.7,366.02,6076.869152,365.917,329,
2026-03-26 20:30:00,366.06,366.46,366.0,366.27,1744.005486,366.1911,91,
2026-03-26 20:31:00,366.39,366.64,366.39,366.41,2926.158613,366.5071,124,
2026-03-26 20:32:00,366.62,366.62,366.18,366.53,2122.549236,366.4229,104,
2026-03-26 20:33:00,366.35,366.44,366.26,366.27,803.715312,366.6928,64,
2026-03-26 20:34:00,366.26,366.57,366.05,366.25,1879.516552,366.345,101,
2026-03-26 20:35:00,366.35,366.4375,366.01,366.18,1564.059789,366.1742,129,
2026-03-26 20:36:00,366.34,366.5,366.2,366.39,1795.0,366.3248,71,
2026-03-26 20:37:00,366.23,366.4,365.24,365.7,11390.172467,365.6753,547,
2026-03-26 20:38:00,365.75,366.1397,365.75,366.1397,1727.0,365.9656,74,
2026-03-26 20:39:00,366.18,366.18,366.1548,366.18,1407.200815,366.2236,70,
2026-03-26 20:40:00,366.1,366.26,366.06,366.26,2323.257505,366.247,66,
2026-03-26 20:41:00,366.34,366.34,365.85,366.0,994.068253,365.7262,95,
2026-03-26 20:42:00,366.0,366.0675,365.91,365.91,3145.024092,365.9859,89,
2026-03-26 20:43:00,365.96,366.0,365.96,366.0,548.0,365.3578,60,
2026-03-26 20:44:00,366.04,366.1553,366.04,366.1553,990.0,366.0491,41,
2026-03-26 20:45:00,366.06,366.06,366.06,366.06,442.0,366.064,37,
2026-03-26 20:46:00,366.0,366.16,365.97,366.08,681.031858,366.0697,60,
2026-03-26 20:47:00,365.99,366.1,365.99,366.1,861.14,364.452,60,
2026-03-26 20:48:00,366.16,366.16,366.16,366.16,295.0,366.1857,39,
2026-03-26 20:49:00,366.0,366.0,365.99,365.99,480.841077,368.0899,53,
2026-03-26 20:50:00,366.2199,366.25,366.11,366.25,1451.0,366.2,48,
2026-03-26 20:51:00,366.22,366.38,366.1914,366.38,5601.140832,366.3657,72,
2026-03-26 20:52:00,366.3189,366.38,366.18,366.34,1445.002671,366.479,50,
2026-03-26 20:53:00,366.34,366.35,366.0,366.0,1318.270212,366.317,84,
2026-03-26 20:54:00,366.02,366.24,366.02,366.233,542.12764,366.7322,36,
2026-03-26 20:55:00,366.01,366.12,366.01,366.12,1783.819115,366.2763,52,
2026-03-26 20:56:00,366.1984,366.2,366.1,366.1,1414.364691,367.286,59,
2026-03-26 20:57:00,366.0,366.0001,365.86,365.9,1378.136593,366.0166,112,
2026-03-26 20:58:00,365.8614,365.88,365.6325,365.73,1864.032282,366.4195,159,
2026-03-26 20:59:00,365.8,365.97,365.8,365.81,1885.802961,369.0539,56,
2026-03-26 21:00:00,365.8325,365.99,365.8101,365.97,1512.0,370.252,48,
2026-03-26 21:01:00,366.04,366.04,366.03,366.03,393.024002,366.1038,38,
2026-03-26 21:02:00,366.05,366.07,366.04,366.04,1576.039347,366.5873,48,
2026-03-26 21:03:00,366.2,366.2,366.1,366.1,685.27476,366.2757,51,
2026-03-26 21:04:00,366.1566,366.18,366.0,366.1,943.136338,366.1895,30,
2026-03-26 21:05:00,366.15,366.15,366.0,366.0,1078.371592,366.1931,51,
2026-03-26 21:06:00,366.05,366.1406,366.05,366.1406,188.760983,367.5613,16,
2026-03-26 21:07:00,366.1,366.1305,366.1,366.13,496.134016,366.2115,31,
2026-03-26 21:08:00,366.11,366.11,365.99,366.0,1877.0,364.8747,86,
2026-03-26 21:10:00,365.97,366.0,365.9,365.99,1334.101541,362.9461,39,
2026-03-26 21:11:00,365.9,366.0018,365.9,366.0018,1005.0,360.9708,53,
2026-03-26 21:12:00,366.0781,366.15,365.91,366.15,946.0,366.0313,44,
2026-03-26 21:13:00,366.15,366.4,366.15,366.2773,1952.555644,366.2511,60,
2026-03-26 21:14:00,366.289,366.2958,366.0,366.0325,662.012,366.2055,32,
2026-03-26 21:15:00,366.08,366.25,366.02,366.25,1645.05458,366.5181,69,
2026-03-26 21:16:00,366.18,366.18,366.0,366.0,1106.234671,366.1369,40,
2026-03-26 21:17:00,366.174,366.18,366.174,366.18,788.0,366.9304,41,
2026-03-26 21:18:00,366.14,366.21,366.14,366.19,1368.0,365.0324,39,
2026-03-26 21:19:00,366.03,366.07,366.0282,366.07,1282.0,366.3949,38,
2026-03-26 21:21:00,366.03,366.1001,366.03,366.1001,921.136574,366.1051,48,
2026-03-26 21:22:00,366.14,366.16,366.11,366.14,699.278433,368.9377,50,
2026-03-26 21:23:00,366.1,366.14,366.1,366.14,910.0,367.3921,48,
2026-03-26 21:24:00,366.1996,366.28,366.11,366.11,717.200696,366.2825,62,
2026-03-26 21:25:00,366.236,366.236,366.236,366.236,207.014825,364.373,49,
2026-03-26 21:26:00,366.2,366.2,366.0895,366.0895,393.298428,368.2622,45,
2026-03-26 21:27:00,366.2488,366.2488,366.18,366.18,270.266207,366.5577,31,
2026-03-26 21:28:00,366.1,366.1,366.07,366.08,802.0,366.7966,40,
2026-03-26 21:29:00,366.08,366.08,366.08,366.08,352.013652,369.2949,50,
2026-03-26 21:30:00,366.1,366.1,366.1,366.1,307.698295,373.5382,34,
2026-03-26 21:31:00,366.2405,366.2405,366.0701,366.08,1649.279695,366.6532,60,
2026-03-26 21:32:00,366.0798,366.08,366.0696,366.0696,932.0,366.0612,103,
2026-03-26 21:35:00,366.0778,366.08,366.0778,366.08,449.021443,366.0961,36,
2026-03-26 21:36:00,366.08,366.08,366.08,366.08,192.005381,366.0892,37,
2026-03-26 21:37:00,366.08,366.08,366.08,366.08,459.02722,367.6984,39,
2026-03-26 21:38:00,366.2,366.28,366.04,366.28,387.732297,366.9136,36,
2026-03-26 21:40:00,366.25,366.25,366.25,366.25,302.028117,366.2756,48,
2026-03-26 21:41:00,366.29,366.34,366.29,366.29,815.456293,366.5197,68,
2026-03-26 21:42:00,366.34,366.34,366.34,366.34,265.629633,367.1931,34,
2026-03-26 21:43:00,366.2,366.2565,366.2,366.2565,761.00677,366.2521,29,
2026-03-26 21:44:00,366.25,366.25,366.25,366.25,138.27,366.9831,27,
2026-03-26 21:45:00,366.27,366.27,366.2582,366.2582,419.069731,366.3131,39,
2026-03-26 21:46:00,366.2,366.26,366.2,366.26,433.0,366.2141,53,
2026-03-26 21:47:00,366.0512,366.1,366.0,366.1,510.0,366.0842,30,
2026-03-26 21:48:00,366.15,366.15,366.15,366.15,245.0,366.1568,35,
2026-03-26 21:49:00,366.15,366.15,366.13,366.13,440.731957,366.7482,39,
2026-03-26 21:50:00,366.15,366.26,366.15,366.26,306.926305,367.3116,38,
2026-03-26 21:51:00,366.3,366.3,366.3,366.3,373.732891,367.0045,47,
2026-03-26 21:52:00,366.21,366.294,366.21,366.294,270.025471,366.2809,38,
2026-03-26 21:53:00,366.23,366.2844,366.23,366.2844,309.0,366.2646,33,
2026-03-26 21:55:00,366.27,366.27,366.2,366.2,728.0,366.2574,30,
2026-03-26 21:56:00,366.2,366.2001,366.2,366.2,1911.077723,366.2154,46,
2026-03-26 21:57:00,366.19,366.19,366.19,366.19,375.0,366.1641,109,
2026-03-26 21:58:00,366.14,366.15,366.14,366.15,277.0,366.1449,80,
2026-03-26 21:59:00,366.16,366.1883,366.12,366.1883,377.0,366.1531,48,
2026-03-26 22:00:00,366.19,366.26,366.16,366.26,1119.781514,366.4529,41,
2026-03-26 22:01:00,366.24,366.24,366.11,366.2308,593.064804,366.2167,48,
2026-03-26 22:02:00,366.25,366.25,366.11,366.11,723.0,366.1928,35,
2026-03-26 22:03:00,366.16,366.2,366.16,366.2,388.099358,366.2748,41,
2026-03-26 22:04:00,366.2,366.29,366.13,366.21,961.0,366.2084,53,
2026-03-26 22:05:00,366.28,366.3,366.25,366.3,602.0,366.2709,50,
2026-03-26 22:06:00,366.3,366.3,366.3,366.3,359.0,366.3078,38,
2026-03-26 22:07:00,366.33,366.33,366.2,366.2,1076.043668,366.2384,74,
2026-03-26 22:08:00,366.3,366.3,366.12,366.1695,503.0,366.2274,40,
2026-03-26 22:09:00,366.3,366.3,366.163,366.163,476.5,366.578,60,
2026-03-26 22:10:00,366.2,366.3,366.18,366.3,1701.0,366.2001,25,
2026-03-26 22:11:00,366.1347,366.2318,366.12,366.12,772.002757,366.1644,47,
2026-03-26 22:12:00,366.24,366.35,366.24,366.35,777.026164,366.2718,100,
2026-03-26 22:13:00,366.36,366.36,366.36,366.36,556.081832,366.3803,53,
2026-03-26 22:14:00,366.29,366.29,366.29,366.29,300.553777,366.9929,28,
2026-03-26 22:15:00,366.3391,366.39,366.3391,366.3899,382.971173,367.2903,32,
2026-03-26 22:16:00,366.38,366.4,366.37,366.4,1341.029662,366.3924,53,
2026-03-26 22:17:00,366.4,366.4,366.3391,366.3391,641.880981,366.8829,55,
2026-03-26 22:18:00,366.4,366.4,366.33,366.33,436.265952,366.5895,38,
2026-03-26 22:19:00,366.3007,366.3007,366.24,366.3,674.0,366.3014,52,
2026-03-26 22:20:00,366.241,366.2715,366.24,366.24,517.0,366.2711,59,
2026-03-26 22:21:00,366.24,366.34,366.24,366.2994,575.013648,366.3084,37,
2026-03-26 22:22:00,366.39,366.55,366.38,366.55,2850.282334,366.4857,73,
2026-03-26 22:23:00,366.5,366.51,366.46,366.5,508.01,366.4997,36,
2026-03-26 22:24:00,366.5,366.539,366.41,366.5,3050.0,366.4863,32,
2026-03-26 22:25:00,366.4992,366.51,366.4356,366.5,587.0,366.4851,47,
2026-03-26 22:26:00,366.42,366.42,366.3,366.3,11015.0,366.3925,81,
2026-03-26 22:27:00,366.25,366.34,366.25,366.34,400.0,366.2891,43,
2026-03-26 22:28:00,366.38,366.4,366.37,366.38,522.015756,366.3863,40,
2026-03-26 22:29:00,366.45,366.5,366.45,366.4959,652.0,366.4696,31,
2026-03-26 22:30:00,366.5,366.55,366.5,366.55,490.086921,366.5857,34,
2026-03-26 22:31:00,366.53,366.55,366.48,366.5357,2926.0,366.5048,45,
2026-03-26 22:32:00,366.44,366.5,366.42,366.42,663.0,366.4763,56,
2026-03-26 22:34:00,366.46,366.46,366.46,366.46,196.002728,366.4667,26,
2026-03-26 22:36:00,366.35,366.35,366.35,366.35,293.015089,366.3978,46,
2026-03-26 22:37:00,366.36,366.36,366.36,366.36,130.0,366.3988,28,
2026-03-26 22:38:00,366.5,366.5,366.5,366.5,379.030805,366.5003,41,
2026-03-26 22:39:00,366.5,366.5,366.5,366.5,159.016589,366.5348,26,
2026-03-26 22:40:00,366.49,366.5,366.47,366.5,1614.0,366.4888,42,
2026-03-26 22:41:00,366.55,366.62,366.55,366.62,275.005486,366.5982,39,
2026-03-26 22:42:00,366.69,366.7,366.65,366.65,819.035655,366.6966,69,
2026-03-26 22:43:00,366.6606,366.6606,366.5971,366.5971,342.080542,366.6966,30,
2026-03-26 22:44:00,366.5103,366.59,366.5103,366.59,499.005455,366.5342,38,
2026-03-26 22:45:00,366.5,366.5,366.5,366.5,148.329584,367.3453,28,
2026-03-26 22:46:00,366.54,366.54,366.51,366.51,231.0,366.5405,23,
2026-03-26 22:47:00,366.5892,366.5892,366.5,366.5,404.002727,366.5409,64,
2026-03-26 22:48:00,366.5,366.5,366.5,366.5,402.447225,366.9283,34,
2026-03-26 22:49:00,366.6,366.6,366.52,366.52,314.565337,367.2147,33,
2026-03-26 22:50:00,366.5,366.51,366.3,366.3,1493.245671,366.5504,64,
2026-03-26 22:51:00,366.41,366.41,366.41,366.41,164.204678,366.8651,39,
2026-03-26 22:52:00,366.37,366.41,366.37,366.41,502.222015,366.5585,35,
2026-03-26 22:53:00,366.43,366.43,366.4196,366.4196,403.010861,366.4315,22,
2026-03-26 22:54:00,366.4,366.4,366.4,366.4,305.617063,367.1462,39,
2026-03-26 22:55:00,366.37,366.37,366.37,366.37,427.084602,366.4445,38,
2026-03-26 22:56:00,366.42,366.59,366.41,366.41,893.308008,366.614,45,
2026-03-26 22:57:00,366.58,366.58,366.58,366.58,184.016339,366.6022,32,
2026-03-26 22:58:00,366.58,366.6,366.4955,366.5883,748.0,366.5561,54,
2026-03-26 22:59:00,366.54,366.54,366.54,366.54,299.0,366.5439,46,
2026-03-26 23:01:00,366.6,366.6,366.54,366.6,341.0,366.5806,38,
2026-03-26 23:02:00,366.59,366.59,366.59,366.59,133.0,366.5798,21,
2026-03-26 23:03:00,366.5405,366.55,366.5,366.55,2495.377841,366.5647,39,
2026-03-26 23:04:00,366.52,366.52,366.52,366.52,351.0,366.5194,31,
2026-03-26 23:05:00,366.5446,366.5446,366.45,366.45,569.0,366.5237,28,
2026-03-26 23:06:00,366.41,366.41,366.41,366.41,134.589803,368.0859,25,
2026-03-26 23:07:00,366.41,366.41,366.41,366.41,255.0,366.4498,30,
2026-03-26 23:08:00,366.42,366.43,366.41,366.43,509.0,366.424,38,
2026-03-26 23:10:00,366.46,366.46,366.41,366.41,365.002058,366.4351,44,
2026-03-26 23:11:00,366.37,366.37,366.37,366.37,175.0,366.3967,25,
2026-03-26 23:12:00,366.4491,366.4491,366.43,366.43,281.095047,366.5579,31,
2026-03-26 23:13:00,366.4,366.4675,366.4,366.4675,259.0,366.4329,15,
2026-03-26 23:14:00,366.44,366.44,366.44,366.44,179.0,366.4341,21,
2026-03-26 23:15:00,366.44,366.47,366.43,366.43,341.0,366.4475,34,
2026-03-26 23:16:00,366.35,366.4379,366.3,366.3001,622.395247,366.582,73,
2026-03-26 23:17:00,366.4,366.4,366.4,366.4,354.0,366.3984,10,
2026-03-26 23:18:00,366.36,366.4,366.31,366.31,661.0,366.3689,55,
2026-03-26 23:20:00,366.49,366.5,366.35,366.5,1289.849027,366.6794,34,
2026-03-26 23:21:00,366.35,366.35,366.35,366.35,148.8,368.4533,25,
2026-03-26 23:23:00,366.5,366.5,366.45,366.45,369.0,366.4757,35,
2026-03-26 23:24:00,366.48,366.48,366.47,366.4701,293.040953,366.5277,21,
2026-03-26 23:25:00,366.39,366.39,366.39,366.39,253.176042,366.6559,36,
2026-03-26 23:26:00,366.3861,366.4335,366.35,366.3896,860.028407,366.389,29,
2026-03-26 23:27:00,366.38,366.4,366.31,366.36,570.176042,366.4862,46,
2026-03-26 23:30:00,366.45,366.45,366.35,366.4,534.006795,366.3996,29,
2026-03-26 23:31:00,366.45,366.5456,366.45,366.5411,3233.016368,366.4566,30,
2026-03-26 23:32:00,366.54,366.54,366.46,366.46,274.0,366.4974,24,
2026-03-26 23:33:00,366.5006,366.5599,366.5006,366.5599,3236.0,366.5037,32,
2026-03-26 23:34:00,366.6,366.6,366.6,366.6,347.0,366.5861,24,
2026-03-26 23:35:00,366.56,366.64,366.56,366.61,3141.073521,366.6107,43,
2026-03-26 23:37:00,366.63,366.65,366.63,366.65,943.010909,366.6514,40,
2026-03-26 23:39:00,366.63,366.65,366.63,366.65,404.0,366.6495,26,
2026-03-26 23:40:00,366.6922,366.6922,366.68,366.68,290.413163,367.2074,30,
2026-03-26 23:41:00,366.67,366.7,366.67,366.68,990.005481,366.6924,46,
2026-03-26 23:42:00,366.69,366.7487,366.65,366.7487,322.515846,367.3037,31,
2026-03-26 23:43:00,366.7,366.7,366.65,366.65,471.195108,366.8222,32,
2026-03-26 23:44:00,366.61,366.63,366.6,366.6,803.713835,366.9354,62,
2026-03-26 23:45:00,366.6218,366.65,366.6218,366.65,208.013577,366.6296,36,
2026-03-26 23:46:00,366.61,366.61,366.6,366.6,1028.339534,366.7242,20,
2026-03-26 23:47:00,366.65,366.69,366.61,366.6701,640.0,366.6633,23,
2026-03-26 23:48:00,366.66,366.69,366.66,366.6898,1515.987676,366.9179,38,
2026-03-26 23:49:00,366.6508,366.67,366.6508,366.67,279.00409,366.6691,32,
2026-03-26 23:50:00,366.7,366.75,366.6001,366.68,654.0,366.6807,38,
2026-03-26 23:51:00,366.61,366.7,366.6,366.65,987.135101,366.7042,42,
2026-03-26 23:52:00,366.7435,366.75,366.67,366.67,680.463593,366.9663,51,
2026-03-26 23:53:00,366.66,366.68,366.6104,366.68,800.544627,366.897,41,
2026-03-26 23:54:00,366.6011,366.6503,366.6011,366.65,846.0,366.6333,44,
2026-03-26 23:55:00,366.63,366.66,366.63,366.65,738.0,366.6498,28,
2026-03-26 23:56:00,366.663,366.77,366.6501,366.77,1294.41184,366.83,52,
2026-03-26 23:57:00,366.7,366.74,366.66,366.74,1100.145156,366.743,44,
2026-03-26 23:58:00,366.75,366.75,366.7002,366.7016,637.147289,366.8183,35,
2026-03-26 23:59:00,366.75,366.77,366.75,366.7562,526.0,366.7636,40,
2026-03-27 08:00:00,367.0,367.0,367.0,367.0,1084.0,367.114,125,
2026-03-27 08:01:00,366.82,366.82,366.66,366.66,1271.0,366.7214,72,
2026-03-27 08:02:00,366.66,366.66,366.42,366.57,848.0,366.578,48,
2026-03-27 08:03:00,366.42,366.57,366.4,366.57,755.0,366.4709,42,
2026-03-27 08:05:00,366.52,366.52,366.41,366.41,10538.0,366.4999,46,
2026-03-27 08:06:00,366.42,366.5,366.41,366.5,766.0,366.4682,21,
2026-03-27 08:07:00,366.64,366.64,366.41,366.41,674.0,366.5532,34,
2026-03-27 08:08:00,366.29,366.44,366.13,366.44,540.0,366.299,36,
2026-03-27 08:11:00,366.48,366.48,366.48,366.48,116.0,366.4411,9,
2026-03-27 08:13:00,366.48,366.48,366.48,366.48,318.0,366.4749,16,
2026-03-27 08:16:00,366.29,366.29,366.25,366.25,527.0,366.2817,53,
2026-03-27 08:17:00,366.15,366.15,366.02,366.02,419.0,366.1528,54,
2026-03-27 08:19:00,366.16,366.16,366.15,366.15,238.0,366.1303,24,
2026-03-27 08:20:00,366.01,366.06,365.98,365.98,3289.0,365.9989,258,
2026-03-27 08:21:00,366.02,366.06,366.0,366.06,269.0,366.0266,13,
2026-03-27 08:23:00,365.9,365.9,365.9,365.9,316.0,365.9186,13,
2026-03-27 08:26:00,365.82,365.82,365.82,365.82,485.0,365.8201,14,
2026-03-27 08:27:00,365.88,365.88,365.88,365.88,273.0,365.8832,20,
2026-03-27 08:28:00,365.76,365.77,365.62,365.62,727.0,365.6593,57,
2026-03-27 08:29:00,365.51,365.66,365.51,365.65,1655.0,365.5989,57,
2026-03-27 08:31:00,365.76,365.9,365.76,365.88,4371.0,365.8922,49,
2026-03-27 08:32:00,365.88,365.91,365.88,365.91,390.0,365.8831,24,
2026-03-27 08:34:00,365.8,365.81,365.8,365.81,438.0,365.8087,16,
2026-03-27 08:35:00,365.8,365.8,365.8,365.8,128.0,365.7963,17,
2026-03-27 08:36:00,365.55,365.55,365.53,365.53,1413.0,365.5357,23,
2026-03-27 08:37:00,365.61,365.61,365.56,365.56,645.0,365.5896,17,
2026-03-27 08:38:00,365.62,365.62,365.62,365.62,147.0,365.6113,11,
2026-03-27 08:39:00,365.62,365.9,365.6,365.78,4551.0,365.7427,79,
2026-03-27 08:40:00,365.72,365.99,365.7,365.95,2414.0,365.82,67,
2026-03-27 08:41:00,365.79,366.0,365.7,365.9,2833.0,365.8652,51,
2026-03-27 08:42:00,366.0,366.0,365.9,366.0,1133.0,365.9539,27,
2026-03-27 08:43:00,366.08,366.08,366.0,366.0,701.0,366.0023,13,
2026-03-27 08:44:00,365.91,365.91,365.91,365.91,180.0,365.9106,13,
2026-03-27 08:45:00,366.03,366.12,366.03,366.12,413.0,366.064,35,
2026-03-27 08:46:00,365.86,365.86,365.8,365.8,1784.0,365.8224,39,
2026-03-27 08:47:00,365.87,365.87,365.87,365.87,383.0,365.8626,14,
2026-03-27 08:48:00,365.81,365.81,365.7,365.7,1040.0,365.737,21,
2026-03-27 08:49:00,365.79,365.83,365.7,365.7,890.0,365.7474,34,
2026-03-27 08:50:00,365.79,365.79,365.79,365.79,182.0,365.7934,11,
2026-03-27 08:51:00,365.82,365.82,365.71,365.74,476.0,365.7494,21,
2026-03-27 08:52:00,365.61,365.65,365.6,365.6,1718.0,365.6101,28,
2026-03-27 08:53:00,365.58,365.65,365.5,365.5,3019.0,365.5165,80,
2026-03-27 08:54:00,365.64,365.65,365.64,365.65,447.0,365.5615,26,
2026-03-27 08:55:00,365.6,365.6,365.6,365.6,190.0,365.5839,10,
2026-03-27 08:56:00,365.46,365.5,365.46,365.46,1058.0,365.473,19,
2026-03-27 08:57:00,365.49,365.58,365.49,365.58,688.0,365.5123,12,
2026-03-27 08:59:00,365.55,365.55,365.55,365.55,221.0,365.5419,14,
2026-03-27 09:00:00,365.4,365.4,365.4,365.4,1041.0,365.402,22,
2026-03-27 09:01:00,365.41,365.42,365.4,365.4,880.0,365.4214,30,
2026-03-27 09:02:00,365.34,365.36,365.34,365.36,390.0,365.3763,22,
2026-03-27 09:03:00,365.35,365.35,365.3,365.3,1201.0,365.3097,29,
2026-03-27 09:04:00,365.3,365.3,365.13,365.13,2547.0,365.214,111,
2026-03-27 09:05:00,365.13,365.13,365.1,365.1,1873.0,365.104,37,
2026-03-27 09:06:00,365.02,365.02,364.72,364.73,18037.0,364.9783,1269,
2026-03-27 09:07:00,364.8,364.8,364.8,364.8,484.0,364.8406,24,
2026-03-27 09:08:00,364.9,365.0,364.9,365.0,2080.0,364.9213,82,
2026-03-27 09:09:00,364.87,364.87,364.69,364.69,403.0,364.8424,41,
2026-03-27 09:10:00,364.97,365.06,364.71,364.71,1287.0,364.9451,53,
2026-03-27 09:12:00,365.0,365.11,365.0,365.11,562.0,365.0322,32,
2026-03-27 09:13:00,365.11,365.32,365.11,365.28,946.0,365.2429,34,
2026-03-27 09:14:00,365.29,365.29,365.17,365.17,650.0,365.2266,29,
2026-03-27 09:15:00,365.25,365.26,365.25,365.26,377.0,365.2218,17,
2026-03-27 09:17:00,365.18,365.18,365.18,365.18,288.0,365.137,19,
2026-03-27 09:18:00,365.0,365.0,365.0,365.0,637.0,365.0086,33,
2026-03-27 09:19:00,365.2,365.2,365.2,365.2,215.0,365.1952,17,
2026-03-27 09:20:00,365.34,365.34,365.34,365.34,202.0,365.2789,16,
2026-03-27 09:21:00,365.36,365.36,365.35,365.35,280.0,365.3451,19,
2026-03-27 09:22:00,365.39,365.39,365.39,365.39,82.0,365.3811,6,
2026-03-27 09:23:00,365.24,365.24,365.0,365.09,2204.0,365.1205,81,
2026-03-27 09:24:00,365.18,365.18,365.18,365.18,200.0,365.1895,12,
2026-03-27 09:25:00,365.3,365.47,365.3,365.39,400.0,365.3832,25,
2026-03-27 09:26:00,365.49,365.77,365.48,365.74,263.0,365.5863,15,
2026-03-27 09:28:00,365.49,365.49,365.49,365.49,52.0,365.4954,8,
2026-03-27 09:31:00,365.49,365.49,365.38,365.38,152.0,365.4434,12,
2026-03-27 09:32:00,365.48,365.64,365.48,365.63,1368.0,365.5821,34,
2026-03-27 09:33:00,365.5,365.5,365.5,365.5,346.0,365.5168,21,
2026-03-27 09:35:00,365.5,365.5,365.5,365.5,127.0,365.5135,10,
2026-03-27 09:36:00,365.42,365.46,365.42,365.46,365.0,365.4411,15,
2026-03-27 09:37:00,365.53,365.53,365.4,365.4,1734.0,365.4488,24,
2026-03-27 09:38:00,365.5,365.5,365.5,365.5,133.0,365.4844,9,
2026-03-27 09:40:00,365.51,365.51,365.5,365.5,353.0,365.5031,13,
2026-03-27 09:43:00,365.5,365.5,365.5,365.5,141.0,365.4797,9,
2026-03-27 09:45:00,365.37,365.37,365.25,365.25,627.0,365.275,21,
2026-03-27 09:46:00,365.25,365.25,365.15,365.15,628.0,365.1991,22,
2026-03-27 09:47:00,365.25,365.25,365.15,365.15,448.0,365.1958,25,
2026-03-27 09:48:00,365.15,365.15,365.0,365.0,790.0,365.0365,49,
2026-03-27 09:49:00,365.04,365.04,365.04,365.04,226.0,365.055,9,
2026-03-27 09:50:00,365.04,365.125,365.0,365.04,609.0,365.0595,39,
2026-03-27 09:51:00,365.02,365.02,365.02,365.02,269.0,365.0542,9,
2026-03-27 09:53:00,365.11,365.11,365.01,365.01,541.0,365.096,41,
2026-03-27 09:54:00,365.06,365.06,365.01,365.03,590.0,365.0527,18,
2026-03-27 09:55:00,365.03,365.07,365.0,365.07,743.0,365.0269,55,
2026-03-27 09:56:00,365.02,365.02,365.02,365.02,378.0,365.0219,13,
2026-03-27 09:59:00,365.06,365.06,365.06,365.06,413.0,365.0375,44,
2026-03-27 10:00:00,364.88,364.98,364.78,364.98,744.0,364.8783,55,
2026-03-27 10:01:00,364.87,364.93,364.87,364.92,356.0,364.8857,22,
2026-03-27 10:02:00,364.92,365.0,364.84,364.98,681.0,364.9295,31,
2026-03-27 10:05:00,365.0,365.21,365.0,365.21,485.0,365.0304,26,
2026-03-27 10:07:00,365.25,365.25,365.25,365.25,252.0,365.2585,16,
2026-03-27 10:08:00,365.38,365.52,365.38,365.5,597.0,365.4496,26,
2026-03-27 10:10:00,365.22,365.22,365.22,365.22,343.0,365.1862,30,
2026-03-27 10:16:00,365.085,365.085,365.085,365.085,141.0,365.0841,8,
2026-03-27 10:17:00,365.14,365.31,365.14,365.31,415.0,365.1922,15,
2026-03-27 10:19:00,365.1,365.1,365.09,365.09,879.0,365.0994,24,
2026-03-27 10:20:00,365.0,365.01,364.98,364.99,1951.0,364.9989,71,
2026-03-27 10:22:00,365.0,365.0,364.9,364.9,349.0,364.9619,32,
2026-03-27 10:26:00,365.005,365.005,365.0,365.0,289.0,365.0288,18,
2026-03-27 10:27:00,365.16,365.23,365.13,365.23,604.0,365.1795,21,
2026-03-27 10:28:00,365.04,365.04,364.97,364.97,1030.0,364.9799,24,
2026-03-27 10:29:00,365.0,365.0,365.0,365.0,398.0,365.006,11,
2026-03-27 10:32:00,364.85,364.85,364.75,364.8,2178.0,364.7995,75,
2026-03-27 10:35:00,364.92,364.92,364.54,364.54,859.0,364.7233,120,
2026-03-27 10:37:00,364.52,364.52,364.52,364.52,137.0,364.5319,14,
2026-03-27 10:39:00,364.5,364.53,364.5,364.53,1110.0,364.5147,61,
2026-03-27 10:40:00,364.52,364.52,364.5,364.5,172.0,364.5115,14,
2026-03-27 10:41:00,364.5,364.55,364.5,364.55,403.0,364.5384,24,
2026-03-27 10:42:00,364.52,364.63,364.49,364.63,788.0,364.5342,43,
2026-03-27 10:43:00,364.54,364.54,364.425,364.45,359.0,364.4686,17,
2026-03-27 10:44:00,364.47,364.535,364.46,364.535,810.0,364.4933,30,
2026-03-27 10:45:00,364.5,364.5,364.3,364.41,1293.0,364.4178,64,
2026-03-27 10:46:00,364.4,364.45,364.4,364.45,386.0,364.4295,32,
2026-03-27 10:47:00,364.46,364.46,364.41,364.46,414.0,364.4371,30,
2026-03-27 10:48:00,364.38,364.38,364.32,364.32,1366.0,364.3619,78,
2026-03-27 10:49:00,364.35,364.35,364.29,364.3,501.0,364.3126,33,
2026-03-27 10:50:00,364.28,364.28,364.23,364.23,842.0,364.2493,71,
2026-03-27 10:51:00,364.15,364.24,364.15,364.24,554.0,364.1994,29,
2026-03-27 10:52:00,364.23,364.23,364.16,364.16,348.0,364.1966,42,
2026-03-27 10:53:00,364.14,364.14,364.0,364.14,3914.0,364.0935,127,
2026-03-27 10:54:00,364.12,364.3,364.12,364.3,837.0,364.1639,30,
2026-03-27 10:55:00,364.29,364.29,363.99,363.99,3162.0,364.0272,235,
2026-03-27 10:56:00,363.95,363.95,363.95,363.95,342.0,363.9748,37,
2026-03-27 10:57:00,364.04,364.04,364.0,364.0,566.0,364.0094,27,
2026-03-27 10:58:00,363.89,363.99,363.89,363.99,826.0,363.943,78,
2026-03-27 10:59:00,364.1,364.24,363.99,364.24,496.0,364.1375,25,
2026-03-27 11:00:00,364.05,364.65,363.8,363.8,7524.0,364.2968,629,
2026-03-27 11:01:00,363.77,363.99,363.72,363.84,1117.0,363.7992,54,
2026-03-27 11:02:00,364.0,364.16,363.96,363.96,659.0,364.055,49,
2026-03-27 11:03:00,364.11,364.11,363.95,363.96,1965.0,364.0083,53,
2026-03-27 11:04:00,363.95,364.02,363.92,364.02,2331.0,363.9574,60,
2026-03-27 11:05:00,364.07,364.13,364.07,364.13,357.0,364.1186,22,
2026-03-27 11:06:00,364.0,364.17,364.0,364.17,823.0,364.0469,35,
2026-03-27 11:07:00,364.0,364.11,364.0,364.11,839.0,364.0846,45,
2026-03-27 11:08:00,364.055,364.055,363.9,363.9,1275.0,363.9379,61,
2026-03-27 11:09:00,364.0,364.1,364.0,364.1,910.0,364.0821,32,
2026-03-27 11:10:00,364.11,364.4,364.11,364.4,2003.0,364.184,40,
2026-03-27 11:11:00,364.43,364.45,364.2,364.2,648.0,364.3194,28,
2026-03-27 11:12:00,364.14,364.14,364.0,364.05,1311.0,364.0613,72,
2026-03-27 11:13:00,364.1,364.61,364.1,364.5,2848.0,364.4095,72,
2026-03-27 11:14:00,364.49,364.77,364.49,364.57,1518.0,364.6448,48,
2026-03-27 11:15:00,364.41,364.52,364.41,364.52,275.0,364.4823,22,
2026-03-27 11:16:00,364.42,364.68,364.38,364.68,896.0,364.4701,32,
2026-03-27 11:17:00,364.62,364.7,364.55,364.61,345.0,364.621,15,
2026-03-27 11:18:00,364.42,364.64,364.42,364.64,506.0,364.4966,32,
2026-03-27 11:19:00,364.69,364.7,364.55,364.61,1602.0,364.6196,34,
2026-03-27 11:20:00,364.7,364.7,364.7,364.7,434.0,364.709,17,
2026-03-27 11:21:00,364.61,364.7,364.56,364.56,741.0,364.6076,32,
2026-03-27 11:22:00,364.5,364.6,364.3,364.3,2341.0,364.4752,133,
2026-03-27 11:23:00,364.27,364.27,364.27,364.27,85.0,364.2501,16,
2026-03-27 11:25:00,364.31,364.325,364.27,364.3,932.0,364.2838,46,
2026-03-27 11:26:00,364.38,364.55,364.37,364.55,10467.0,364.3853,34,
2026-03-27 11:27:00,364.69,364.8,364.65,364.8,660.0,364.7299,34,
2026-03-27 11:28:00,364.64,364.64,364.64,364.64,201.0,364.5832,9,
2026-03-27 11:29:00,364.51,364.6,364.42,364.6,957.0,364.5266,32,
2026-03-27 11:30:00,364.51,364.51,364.51,364.51,359.0,364.5208,23,
2026-03-27 11:31:00,364.6,364.6,364.42,364.42,461.0,364.4405,23,
2026-03-27 11:32:00,364.45,364.49,364.45,364.49,1485.0,364.4823,22,
2026-03-27 11:34:00,364.27,364.3,364.27,364.3,410.0,364.2945,29,
2026-03-27 11:35:00,364.48,364.5,364.4,364.4,864.0,364.4811,43,
2026-03-27 11:36:00,364.27,364.33,364.27,364.33,1380.0,364.2762,28,
2026-03-27 11:37:00,364.45,364.45,364.45,364.45,652.0,364.4219,28,
2026-03-27 11:38:00,364.32,364.32,364.32,364.32,147.0,364.3211,17,
2026-03-27 11:39:00,364.41,364.41,364.27,364.37,994.0,364.3037,52,
2026-03-27 11:40:00,364.3,364.31,364.25,364.25,795.0,364.2793,38,
2026-03-27 11:41:00,364.2,364.2,364.2,364.2,203.0,364.1828,26,
2026-03-27 11:42:00,364.1,364.1,364.1,364.1,277.0,364.1047,27,
2026-03-27 11:43:00,364.2,364.2,364.16,364.16,425.0,364.1741,22,
2026-03-27 11:44:00,364.1,364.1,364.07,364.07,309.0,364.1187,26,
2026-03-27 11:45:00,364.11,364.11,363.99,363.99,1820.0,364.0192,110,
2026-03-27 11:46:00,364.06,364.1,364.0,364.1,776.0,364.0678,47,
2026-03-27 11:47:00,364.04,364.11,363.92,364.09,3438.0,364.0512,74,
2026-03-27 11:48:00,364.11,364.13,364.1,364.1,870.0,364.106,40,
2026-03-27 11:49:00,364.23,364.23,363.75,363.75,3333.0,363.8678,152,
2026-03-27 11:50:00,363.72,363.98,363.7,363.7,1775.0,363.7728,76,
2026-03-27 11:51:00,363.83,363.83,363.31,363.49,3025.0,363.5048,208,
2026-03-27 11:52:00,363.48,363.49,363.27,363.27,4617.0,363.3338,197,
2026-03-27 11:53:00,363.27,363.27,363.0,363.17,8378.0,363.1404,562,
2026-03-27 11:54:00,363.21,363.55,363.08,363.45,12659.0,363.3697,138,
2026-03-27 11:55:00,363.59,363.6,362.88,362.88,3457.0,363.1459,163,
2026-03-27 11:56:00,362.83,362.83,362.65,362.75,2073.0,362.754,119,
2026-03-27 11:57:00,363.0,363.23,362.825,363.23,1334.0,362.9766,65,
2026-03-27 11:58:00,362.99,363.0,362.9,362.95,1354.0,362.9468,46,
2026-03-27 12:00:00,363.0,367.6,362.68,363.3,80032.631449,364.2031,4317,
2026-03-27 12:01:00,366.8,368.26,363.0,363.0,52475.096072,367.3885,4658,
2026-03-27 12:02:00,365.9003,365.9003,362.7503,363.0,2414.00088,363.5249,202,
2026-03-27 12:03:00,362.96,362.96,362.56,362.66,5544.915703,362.763,290,
2026-03-27 12:04:00,362.81,367.3,362.57,362.57,3535.112926,365.5758,308,
2026-03-27 12:05:00,362.8448,362.8644,362.4135,362.5,3227.997081,363.1816,263,
2026-03-27 12:06:00,362.45,362.55,362.3,362.5,8062.083038,362.4685,220,
2026-03-27 12:07:00,362.45,362.62,362.4,362.57,2095.794999,362.6862,85,
2026-03-27 12:08:00,362.57,362.85,362.46,362.5,3910.645711,362.6512,137,
2026-03-27 12:09:00,362.42,362.447,362.27,362.4083,2299.706134,362.4423,115,
2026-03-27 12:10:00,362.33,362.42,362.27,362.27,2089.54159,362.3915,125,
2026-03-27 12:11:00,362.42,362.61,362.42,362.59,3655.4,362.5344,110,
2026-03-27 12:12:00,362.55,362.75,362.45,362.5,6095.381195,362.5511,104,
2026-03-27 12:13:00,362.57,362.9,362.57,362.9,669.0,362.6312,64,
2026-03-27 12:14:00,362.45,362.8115,362.45,362.5,1576.377884,362.6875,84,
2026-03-27 12:15:00,362.5,362.79,362.45,362.79,1536.055126,362.6059,57,
2026-03-27 12:16:00,362.5,362.5006,362.5,362.5006,685.137855,362.5926,71,
2026-03-27 12:17:00,362.57,362.7,362.55,362.7,4081.001819,362.6753,72,
2026-03-27 12:18:00,362.75,362.9,362.66,362.69,4788.066747,362.8078,124,
2026-03-27 12:19:00,362.79,362.96,362.6,362.6,1210.423382,362.9055,82,
2026-03-27 12:20:00,362.69,362.8,362.69,362.69,2478.141512,362.7407,105,
2026-03-27 12:21:00,362.71,362.71,362.6,362.6,1009.062064,362.698,71,
2026-03-27 12:22:00,362.57,362.65,362.5,362.56,1826.09603,362.5693,122,
2026-03-27 12:23:00,362.52,362.61,362.5,362.5,934.527024,362.7694,72,
2026-03-27 12:24:00,362.5,362.6,362.5,362.54,1030.666469,362.8008,69,
2026-03-27 12:25:00,362.6,362.95,362.59,362.78,2007.0,362.7559,96,
2026-03-27 12:26:00,362.76,362.76,362.5,362.6,901.947022,362.9881,86,
2026-03-27 12:27:00,362.5,362.6,362.3,362.5,2677.30509,362.5286,119,
2026-03-27 12:28:00,362.5,362.5181,362.32,362.4341,793.97225,362.8914,72,
2026-03-27 12:29:00,362.32,362.45,362.32,362.45,962.0,362.3643,56,
2026-03-27 12:30:00,362.38,362.59,362.3,362.59,3062.0,362.4563,134,
2026-03-27 12:31:00,362.61,362.61,362.35,362.42,1604.037056,362.4357,73,
2026-03-27 12:32:00,362.48,362.48,362.33,362.33,797.005516,362.3965,39,
2026-03-27 12:33:00,362.33,362.57,362.32,362.43,3952.690829,362.4928,177,
2026-03-27 12:34:00,362.43,362.57,362.2,362.2,7944.338448,362.3209,320,
2026-03-27 12:35:00,362.32,362.5132,361.88,361.95,12379.048921,362.0419,781,
2026-03-27 12:36:00,361.89,362.2727,361.89,361.99,5649.022091,362.0709,161,
2026-03-27 12:37:00,362.08,362.27,362.009,362.0614,3789.557616,362.1578,113,
2026-03-27 12:38:00,362.04,362.2,362.0,362.0,3520.0,362.0725,180,
2026-03-27 12:39:00,362.03,362.33,362.03,362.33,1304.917898,362.4427,64,
2026-03-27 12:40:00,362.43,362.4482,362.43,362.4482,542.227387,362.5666,59,
2026-03-27 12:41:00,362.37,362.75,362.37,362.65,1780.074414,362.5686,96,
2026-03-27 12:42:00,362.63,362.65,362.56,362.58,4456.005522,362.609,166,
2026-03-27 12:43:00,362.6,362.6,362.45,362.45,1624.333451,362.6267,58,
2026-03-27 12:44:00,362.5173,362.52,362.38,362.49,2765.899643,362.5699,125,
2026-03-27 12:45:00,362.3,362.7289,362.3,362.6,1256.66456,362.7889,60,
2026-03-27 12:46:00,362.46,362.71,362.46,362.62,799.239852,362.7348,67,
2026-03-27 12:47:00,362.67,362.68,362.46,362.46,2039.367883,362.5925,105,
2026-03-27 12:48:00,362.4,362.4,362.18,362.18,1752.0,362.3256,104,
2026-03-27 12:49:00,362.11,362.3,362.11,362.1921,2432.091533,362.1883,117,
2026-03-27 12:50:00,362.11,362.17,362.09,362.09,1945.253304,362.1638,87,
2026-03-27 12:51:00,362.11,362.3,362.08,362.3,1268.037037,362.2067,90,
2026-03-27 12:52:00,362.34,362.43,362.32,362.3655,1350.394843,362.4712,91,
2026-03-27 12:53:00,362.29,362.41,362.24,362.24,3698.25501,362.3966,89,
2026-03-27 12:54:00,362.26,362.281,361.8,361.8,6113.555316,362.0547,400,
2026-03-27 12:55:00,361.825,361.94,361.8,361.85,2816.950062,362.011,125,
2026-03-27 12:56:00,361.88,362.0,361.88,361.9228,2848.718696,362.0244,105,
2026-03-27 12:57:00,361.9776,362.0,361.85,361.85,42491.498751,365.6594,115,
2026-03-27 12:58:00,361.85,362.0,361.8,362.0,3998.85231,362.0314,157,
2026-03-27 12:59:00,361.945,362.0,361.81,361.9,4454.917992,362.0406,163,
2026-03-27 13:00:00,361.8052,361.89,361.63,361.75,5268.81751,361.827,288,
2026-03-27 13:01:00,361.8,361.97,361.8,361.8,4155.0669,361.8235,120,
2026-03-27 13:02:00,361.8898,362.0,361.8,361.92,8674.0,361.9315,186,
2026-03-27 13:03:00,361.92,361.98,361.69,361.83,7118.014,361.8327,140,
2026-03-27 13:04:00,362.0,362.0,361.9033,362.0,8089.412015,362.0072,123,
2026-03-27 13:05:00,361.8918,362.0,361.8,361.99,12890.782444,361.9521,218,
2026-03-27 13:06:00,361.9675,362.0,361.75,362.0,2447.191906,361.9406,77,
2026-03-27 13:07:00,362.0,362.0,361.63,361.63,3811.214013,361.8025,178,
2026-03-27 13:08:00,361.74,361.87,361.67,361.87,2267.037306,361.7428,131,
2026-03-27 13:09:00,361.8,361.86,361.42,361.49,8650.815127,361.6525,387,
2026-03-27 13:10:00,361.4818,361.51,361.27,361.41,3740.070005,361.3724,287,
2026-03-27 13:11:00,361.4,361.48,361.36,361.48,2248.0,361.4158,132,
2026-03-27 13:12:00,361.41,361.55,361.37,361.39,6228.900083,361.5278,202,
2026-03-27 13:13:00,361.4077,361.54,361.4077,361.54,2497.006706,361.4665,131,
2026-03-27 13:14:00,361.54,361.55,361.44,361.46,2254.0,361.4909,113,
2026-03-27 13:15:00,361.4,361.55,361.33,361.525,7005.021302,361.4321,274,
2026-03-27 13:16:00,361.55,361.55,361.27,361.28,11363.051799,361.3679,311,
2026-03-27 13:17:00,361.27,361.55,361.27,361.46,8185.094622,361.4161,242,
2026-03-27 13:18:00,361.528,361.55,361.36,361.425,2090.022127,361.4645,148,
2026-03-27 13:19:00,361.44,361.44,361.35,361.39,2462.0,361.3947,118,
2026-03-27 13:20:00,361.4,361.4122,361.27,361.285,9382.005534,361.3303,308,
2026-03-27 13:21:00,361.27,361.55,361.26,361.54,25064.329029,361.3161,565,
2026-03-27 13:22:00,361.55,361.84,361.5,361.79,14700.009366,361.6035,247,
2026-03-27 13:23:00,361.9,362.0,361.68,361.9,4988.085042,361.8957,200,
2026-03-27 13:24:00,361.99,362.0,361.8,361.96,4683.090406,361.9563,181,
2026-03-27 13:25:00,361.8,362.8,361.8,362.68,16945.863948,362.251,445,
2026-03-27 13:26:00,362.69,362.8,362.44,362.7006,10129.749241,362.7266,311,
2026-03-27 13:27:00,362.9,363.0,362.47,362.47,9343.877846,362.8806,323,
2026-03-27 13:28:00,362.25,362.44,361.6398,361.6398,5311.782322,362.1673,264,
2026-03-27 13:29:00,361.82,362.04,361.6,361.8,5152.486426,361.8676,221,
2026-03-27 13:30:00,361.9,362.45,360.61,360.99,967485.370408,361.6054,20187,
2026-03-27 13:31:00,361.0,361.24,360.02,360.47,303397.742615,360.6052,7518,
2026-03-27 13:32:00,360.48,360.72,359.79,360.455,425484.205923,360.158,15588,
2026-03-27 13:33:00,360.41,360.78,359.72,359.74,172969.89086,360.2787,5417,
2026-03-27 13:34:00,359.805,360.0,359.53,359.9196,155812.213668,359.7172,4406,
2026-03-27 13:35:00,359.895,359.95,359.3,359.49,219279.910751,359.5858,8233,
2026-03-27 13:36:00,359.49,359.7899,359.1811,359.5589,197555.827607,359.4326,4933,
2026-03-27 13:37:00,359.5,359.94,359.43,359.93,198869.622864,359.6829,4783,
2026-03-27 13:38:00,359.94,360.13,359.35,359.55,121623.379425,359.6587,4001,
2026-03-27 13:39:00,359.554,359.75,359.06,359.0825,174811.470049,359.3874,5176,
2026-03-27 13:40:00,359.0804,359.56,359.02,359.155,148999.103025,359.263,4386,
2026-03-27 13:41:00,359.155,359.66,358.92,359.5699,143684.0317,359.2298,5441,
2026-03-27 13:42:00,359.53,359.58,359.21,359.45,88690.318166,359.4364,3417,
2026-03-27 13:43:00,359.48,359.54,359.16,359.24,77662.347171,359.3547,3541,
2026-03-27 13:44:00,359.27,359.44,358.85,359.07,127451.834656,359.0888,4508,
2026-03-27 13:45:00,359.1,359.38,358.96,359.19,133635.180662,359.234,4657,
2026-03-27 13:46:00,359.17,359.76,359.16,359.65,143481.610797,359.539,4137,
2026-03-27 13:47:00,359.65,359.99,359.6001,359.865,221380.43129,359.8097,4884,
2026-03-27 13:48:00,359.82,359.93,359.43,359.61,122909.561322,359.6691,4121,
2026-03-27 13:49:00,359.59,359.67,358.96,359.07,102933.24728,359.244,3977,
2026-03-27 13:50:00,359.1,359.17,358.05,358.25,193353.19482,358.5635,6189,
2026-03-27 13:51:00,358.28,358.48,357.98,358.27,180122.03811,358.1617,6721,
2026-03-27 13:52:00,358.23,358.49,358.13,358.28,108560.32413,358.3155,3634,
2026-03-27 13:53:00,358.34,358.6399,358.2984,358.59,122419.690567,358.477,3817,
2026-03-27 13:54:00,358.58,358.61,358.29,358.37,72110.529926,358.469,2997,
2026-03-27 13:55:00,358.36,358.37,357.89,357.945,142173.049863,358.1497,4444,
2026-03-27 13:56:00,357.96,358.11,357.77,358.065,116708.4561,357.9223,4105,
2026-03-27 13:57:00,358.06,358.11,357.78,357.83,108861.140341,357.9846,3695,
2026-03-27 13:58:00,357.78,357.87,357.52,357.67,92035.54031,357.7082,3471,
2026-03-27 13:59:00,357.68,357.92,357.44,357.46,142345.367154,357.677,4159,
2026-03-27 14:00:00,357.49,357.67,357.2,357.61,203700.484475,357.4605,4944,
2026-03-27 14:01:00,357.61,357.75,357.29,357.74,134448.121082,357.5529,4213,
2026-03-27 14:02:00,357.75,357.9525,357.62,357.88,121337.758123,357.7853,3788,
2026-03-27 14:03:00,357.915,357.915,357.45,357.49,177076.33711,357.6571,4767,
2026-03-27 14:04:00,357.52,358.17,357.47,358.11,119708.620688,357.8862,3700,
2026-03-27 14:05:00,358.125,358.26,357.74,357.7475,124165.208934,358.0116,4036,
2026-03-27 14:06:00,357.75,358.24,357.73,358.17,86565.411406,357.9438,3548,
2026-03-27 14:07:00,358.22,358.2485,357.62,357.64,101656.530997,357.8421,3558,
2026-03-27 14:08:00,357.6307,357.81,357.0,357.07,157833.819472,357.2837,5597,
2026-03-27 14:09:00,357.12,357.2675,356.58,356.705,277017.430736,356.9021,7112,
2026-03-27 14:10:00,356.63,357.25,356.6,356.8841,171604.476709,356.9408,4254,
2026-03-27 14:11:00,356.915,357.51,356.865,357.38,107497.945844,357.1815,3426,
2026-03-27 14:12:00,357.41,357.7,357.3875,357.5499,75800.411002,357.5758,3258,
2026-03-27 14:13:00,357.55,357.59,357.35,357.46,57292.056714,357.4567,2800,
2026-03-27 14:14:00,357.45,357.6987,357.37,357.5786,91190.06597,357.5054,3180,
2026-03-27 14:15:00,357.57,358.3,357.5373,358.19,130260.132566,357.8611,4199,
2026-03-27 14:16:00,358.2,358.33,357.95,358.07,123542.106775,358.1517,3882,
2026-03-27 14:17:00,358.0601,358.25,357.9,358.17,85210.791438,358.0308,3302,
2026-03-27 14:18:00,358.17,358.2,357.82,357.945,128053.696789,357.9895,3607,
2026-03-27 14:19:00,357.9694,358.11,357.76,357.83,73638.702266,357.9141,3110,
2026-03-27 14:20:00,357.8351,358.08,357.78,358.08,71929.413428,357.9293,2792,
2026-03-27 14:21:00,358.08,358.18,357.85,358.15,122333.95117,358.0374,3405,
2026-03-27 14:22:00,358.165,358.19,357.5901,357.81,119329.026089,357.8963,3397,
2026-03-27 14:23:00,357.81,358.04,357.76,357.93,80336.775062,357.9283,3009,
2026-03-27 14:24:00,357.94,358.27,357.92,358.1188,112780.472438,358.1117,3684,
2026-03-27 14:25:00,358.15,358.48,358.1,358.265,111516.546538,358.339,3350,
2026-03-27 14:26:00,358.27,358.39,358.0,358.1232,77924.774067,358.2531,3016,
2026-03-27 14:27:00,358.16,358.47,358.04,358.465,113333.752067,358.2381,3245,
2026-03-27 14:28:00,358.49,358.57,358.23,358.44,89273.359954,358.3857,3282,
2026-03-27 14:29:00,358.46,358.49,358.22,358.36,64993.91257,358.3486,2859,
2026-03-27 14:30:00,358.35,358.6514,358.29,358.44,100132.692468,358.4812,3756,
2026-03-27 14:31:00,358.435,359.34,358.3901,359.2775,167987.473601,358.9678,4678,
2026-03-27 14:32:00,359.295,359.45,358.9016,359.0755,141475.448199,359.2291,4072,
2026-03-27 14:33:00,359.065,359.4799,359.05,359.29,73665.324851,359.1791,2710,
2026-03-27 14:34:00,359.28,359.44,359.131,359.3425,85244.568273,359.3104,3049,
2026-03-27 14:35:00,359.35,359.48,359.0581,359.29,81121.607945,359.2869,3039,
2026-03-27 14:36:00,359.3,359.48,359.2,359.33,77394.415987,359.3497,2916,
2026-03-27 14:37:00,359.32,359.64,359.26,359.52,86870.206368,359.4547,3133,
2026-03-27 14:38:00,359.54,359.6,359.25,359.37,73625.362138,359.4195,2917,
2026-03-27 14:39:00,359.35,359.69,359.35,359.47,77650.685797,359.5415,2787,
2026-03-27 14:40:00,359.48,359.74,359.36,359.66,70903.565608,359.5809,2863,
2026-03-27 14:41:00,359.65,359.675,359.36,359.5,51389.188775,359.516,2380,
2026-03-27 14:42:00,359.495,359.6499,359.441,359.5749,68405.973973,359.5642,2496,
2026-03-27 14:43:00,359.565,359.59,359.35,359.505,70989.077854,359.4881,2649,
2026-03-27 14:44:00,359.5,359.99,359.5,359.99,82030.920705,359.7576,2736,
2026-03-27 14:45:00,359.975,360.09,359.78,359.82,143954.810943,359.9696,3839,
2026-03-27 14:46:00,359.82,359.94,359.52,359.87,71020.706198,359.7509,2811,
2026-03-27 14:47:00,359.884,360.05,359.76,360.04,90023.646914,359.9261,3006,
2026-03-27 14:48:00,360.04,360.192,359.9501,360.13,138168.0283,360.0921,2907,
2026-03-27 14:49:00,360.145,360.4,359.91,360.38,114218.034701,360.1789,3406,
2026-03-27 14:50:00,360.41,360.45,360.19,360.418,86081.965408,360.3218,2823,
2026-03-27 14:51:00,360.41,360.44,360.07,360.07,74620.247149,360.2899,2633,
2026-03-27 14:52:00,360.04,360.26,359.99,360.0501,78649.053372,360.1001,2733,
2026-03-27 14:53:00,360.05,360.14,359.71,359.71,101569.928683,359.9797,3120,
2026-03-27 14:54:00,359.72,359.86,359.25,359.425,98839.455705,359.5327,3026,
2026-03-27 14:55:00,359.41,359.72,359.31,359.5,68764.493889,359.4917,2372,
2026-03-27 14:56:00,359.5,359.72,359.42,359.575,61471.746674,359.5398,2462,
2026-03-27 14:57:00,359.57,359.76,359.34,359.76,59296.299958,359.5348,2525,
2026-03-27 14:58:00,359.768,359.84,359.5701,359.71,42808.768645,359.7451,2166,
2026-03-27 14:59:00,359.7495,359.9,359.695,359.8645,52307.308736,359.8231,2298,
2026-03-27 15:00:00,359.9,360.2099,359.86,360.03,66566.866769,360.0382,2454,
2026-03-27 15:01:00,360.055,360.055,359.75,359.795,46493.551027,359.9382,2190,
2026-03-27 15:02:00,359.795,359.96,359.7445,359.94,62009.983878,359.8875,2332,
2026-03-27 15:03:00,359.96,359.99,359.69,359.94,55497.843633,359.8551,2517,
2026-03-27 15:04:00,359.95,359.99,359.81,359.875,52795.895536,359.9006,2281,
2026-03-27 15:05:00,359.89,360.09,359.71,360.07,62240.638447,359.923,2445,
2026-03-27 15:06:00,360.07,360.28,359.948,359.98,76953.670423,360.1028,2847,
2026-03-27 15:07:00,359.99,360.27,359.99,360.04,49567.941015,360.169,2295,
2026-03-27 15:08:00,360.01,360.34,360.0,360.3,76245.190669,360.1781,2401,
2026-03-27 15:09:00,360.3,360.3,360.11,360.235,46087.637091,360.1954,2035,
2026-03-27 15:10:00,360.25,360.275,360.03,360.1625,52149.065437,360.1284,2053,
2026-03-27 15:11:00,360.18,360.3073,360.12,360.3073,50937.553835,360.212,1962,
2026-03-27 15:12:00,360.29,360.32,360.13,360.19,40322.754018,360.2157,1922,
2026-03-27 15:13:00,360.2,360.26,360.12,360.19,44156.075244,360.1821,1954,
2026-03-27 15:14:00,360.17,360.45,360.12,360.36,67001.462483,360.3436,2384,
2026-03-27 15:15:00,360.35,360.38,360.02,360.12,55036.639208,360.1645,2251,
2026-03-27 15:16:00,360.125,360.18,359.75,359.9301,57157.82835,359.9692,2759,
2026-03-27 15:17:00,359.9501,360.12,359.6,359.6635,62672.528686,359.8097,2431,
2026-03-27 15:18:00,359.67,359.9,359.64,359.6803,58727.196635,359.7719,2260,
2026-03-27 15:19:00,359.695,359.79,359.44,359.74,72180.259887,359.5769,2498,
2026-03-27 15:20:00,359.74,359.77,359.29,359.4146,54119.482299,359.5594,2266,
2026-03-27 15:21:00,359.41,359.51,359.28,359.51,41688.864815,359.3988,1948,
2026-03-27 15:22:00,359.54,359.78,359.43,359.64,64454.551316,359.6514,2291,
2026-03-27 15:23:00,359.6601,360.84,359.6601,360.78,152134.299532,360.2882,4567,
2026-03-27 15:24:00,360.79,360.7964,360.25,360.38,72163.194687,360.525,2415,
2026-03-27 15:25:00,360.4116,360.5151,360.19,360.46,48674.286058,360.3774,2131,
2026-03-27 15:26:00,360.475,360.63,360.32,360.39,59740.161329,360.4601,2113,
2026-03-27 15:27:00,360.4,360.46,360.18,360.2701,60120.279283,360.3477,2342,
2026-03-27 15:28:00,360.315,360.4,360.17,360.33,54889.060084,360.2737,2412,
2026-03-27 15:29:00,360.3175,360.445,360.07,360.445,41308.055931,360.2472,2056,
2026-03-27 15:30:00,360.445,360.87,360.25,360.7418,75469.555558,360.453,2411,
2026-03-27 15:31:00,360.755,360.91,360.58,360.8376,87159.936775,360.7686,2497,
2026-03-27 15:32:00,360.8,360.84,360.24,360.78,45082.892372,360.657,2126,
2026-03-27 15:33:00,360.78,360.96,360.68,360.9593,49549.545494,360.811,2223,
2026-03-27 15:34:00,360.94,360.96,360.71,360.73,57180.220713,360.795,2202,
2026-03-27 15:35:00,360.73,360.78,360.45,360.61,63150.871402,360.5832,2218,
2026-03-27 15:36:00,360.62,360.69,360.38,360.69,77707.78014,360.4997,2143,
2026-03-27 15:37:00,360.675,360.8,360.42,360.59,46187.895725,360.6739,2034,
2026-03-27 15:38:00,360.55,360.62,360.46,360.526,34241.438929,360.5419,1790,
2026-03-27 15:39:00,360.51,360.56,360.3,360.36,39301.894467,360.4787,1765,
2026-03-27 15:40:00,360.33,360.33,359.35,359.47,108810.357132,359.859,4173,
2026-03-27 15:41:00,359.47,359.58,359.105,359.34,81563.317537,359.3607,2841,
2026-03-27 15:42:00,359.33,359.5,359.26,359.3,56654.317976,359.3716,2197,
2026-03-27 15:43:00,359.31,359.66,359.27,359.5953,58359.382025,359.5007,1953,
2026-03-27 15:44:00,359.61,359.67,359.53,359.62,42431.66963,359.6076,1726,
2026-03-27 15:45:00,359.6001,359.82,359.58,359.6801,48358.944776,359.6922,1940,
2026-03-27 15:46:00,359.68,359.8199,359.55,359.69,38085.921009,359.652,1840,
2026-03-27 15:47:00,359.67,359.88,359.65,359.83,51614.813743,359.7681,1981,
2026-03-27 15:48:00,359.83,360.19,359.81,360.19,49931.861275,359.9678,2025,
2026-03-27 15:49:00,360.18,360.34,360.1001,360.28,50787.861575,360.2158,1539,
2026-03-27 15:50:00,360.26,360.38,360.17,360.33,70566.748921,360.2812,1649,
2026-03-27 15:51:00,360.32,360.54,360.19,360.36,40024.405806,360.3515,1425,
2026-03-27 15:52:00,360.33,360.36,360.0701,360.1079,51489.923442,360.2951,1501,
2026-03-27 15:53:00,360.08,360.3299,360.0714,360.32,29636.772186,360.224,1143,
2026-03-27 15:54:00,360.32,360.51,360.2406,360.43,50992.170138,360.3803,1486,
2026-03-27 15:55:00,360.4,360.405,360.0801,360.11,55939.590925,360.2,1649,
2026-03-27 15:56:00,360.1,360.32,360.07,360.25,64167.940165,360.1623,1540,
2026-03-27 15:57:00,360.22,360.34,360.15,360.265,28840.642146,360.2362,1152,
2026-03-27 15:58:00,360.28,360.41,360.195,360.2,65426.048347,360.3025,1638,
2026-03-27 15:59:00,360.2,360.3,360.168,360.22,38725.917324,360.2325,1296,
2026-03-27 16:00:00,360.25,360.55,360.23,360.39,41487.045755,360.3929,1462,
2026-03-27 16:01:00,360.39,360.63,360.26,360.31,48474.221855,360.4609,1427,
2026-03-27 16:02:00,360.3,360.55,360.28,360.505,52009.303453,360.3993,1440,
2026-03-27 16:03:00,360.52,360.71,360.51,360.5642,59926.871374,360.6036,1399,
2026-03-27 16:04:00,360.57,360.705,360.48,360.535,58206.945429,360.5831,1540,
2026-03-27 16:05:00,360.5,360.625,360.39,360.55,49344.470382,360.5206,1388,
2026-03-27 16:06:00,360.56,360.58,360.38,360.575,43539.023962,360.4977,1225,
2026-03-27 16:07:00,360.575,360.62,360.26,360.32,36516.635285,360.5099,1278,
2026-03-27 16:08:00,360.33,360.35,360.03,360.14,43129.218172,360.1372,1421,
2026-03-27 16:09:00,360.12,360.27,359.88,359.91,72761.098247,360.0786,2290,
2026-03-27 16:10:00,359.91,360.05,359.7875,359.835,50995.601202,359.9309,1531,
2026-03-27 16:11:00,359.81,359.94,359.71,359.855,27822.56991,359.8396,1132,
2026-03-27 16:12:00,359.85,359.97,359.72,359.94,36093.453322,359.8613,1196,
2026-03-27 16:13:00,359.94,360.17,359.94,360.08,43992.914678,360.0661,1423,
2026-03-27 16:14:00,360.07,360.12,360.01,360.08,30239.659085,360.0723,1117,
2026-03-27 16:15:00,360.09,360.14,359.81,359.905,34715.302177,359.9307,1291,
2026-03-27 16:16:00,359.93,360.165,359.87,360.09,34528.642947,360.0344,1297,
2026-03-27 16:17:00,360.07,360.4282,360.06,360.4,48778.705092,360.1974,1288,
2026-03-27 16:18:00,360.44,360.53,360.31,360.4355,42134.863284,360.4523,1266,
2026-03-27 16:19:00,360.48,360.59,360.39,360.41,44491.627339,360.504,1396,
2026-03-27 16:20:00,360.41,360.5,360.38,360.48,43451.028675,360.446,1381,
2026-03-27 16:21:00,360.48,360.5,360.32,360.35,56619.946322,360.418,1369,
2026-03-27 16:22:00,360.34,360.4,360.19,360.21,48205.554794,360.3106,1516,
2026-03-27 16:23:00,360.21,360.33,360.11,360.19,32409.511761,360.229,1246,
2026-03-27 16:24:00,360.18,360.185,359.87,360.05,54462.580569,360.0303,1746,
2026-03-27 16:25:00,360.04,360.12,359.765,359.96,211744.711929,359.9872,5033,
2026-03-27 16:26:00,359.9698,360.1093,359.9,360.1,61732.6651,360.0132,1600,
2026-03-27 16:27:00,360.11,360.185,359.8958,359.95,50271.779728,360.0936,1335,
2026-03-27 16:28:00,359.95,359.99,359.81,359.89,44095.795912,359.9066,1388,
2026-03-27 16:29:00,359.87,359.97,359.76,359.97,37402.435374,359.8773,1381,
2026-03-27 16:30:00,360.0,360.14,359.92,359.97,39345.655576,360.0122,1245,
2026-03-27 16:31:00,359.9799,360.1,359.86,359.925,45800.444402,359.9737,1345,
2026-03-27 16:32:00,359.95,359.9899,359.85,359.905,34996.201752,359.909,1140,
2026-03-27 16:33:00,359.9,360.0,359.81,359.915,59047.514202,359.9149,1342,
2026-03-27 16:34:00,359.9,359.92,359.75,359.87,30330.531469,359.839,1271,
2026-03-27 16:35:00,359.86,359.96,359.75,359.855,55412.333383,359.8859,1425,
2026-03-27 16:36:00,359.88,359.91,359.69,359.7688,34199.106662,359.782,1192,
2026-03-27 16:37:00,359.7459,359.77,359.53,359.72,65804.231825,359.6311,1748,
2026-03-27 16:38:00,359.71,359.84,359.57,359.6,53321.49147,359.705,1524,
2026-03-27 16:39:00,359.61,359.72,359.51,359.51,37051.210385,359.5867,1242,
2026-03-27 16:40:00,359.51,359.51,359.2,359.31,40833.088725,359.3681,1626,
2026-03-27 16:41:00,359.32,359.78,359.29,359.76,54511.871029,359.5176,1371,
2026-03-27 16:42:00,359.77,359.85,359.61,359.655,49149.959423,359.7572,1316,
2026-03-27 16:43:00,359.65,359.86,359.61,359.675,54459.544843,359.7035,1588,
2026-03-27 16:44:00,359.675,359.755,359.57,359.65,40293.724161,359.6769,1271,
2026-03-27 16:45:00,359.65,359.78,359.59,359.7099,32346.563205,359.6778,1088,
2026-03-27 16:46:00,359.7,359.98,359.695,359.85,84188.655139,359.8414,1658,
2026-03-27 16:47:00,359.86,359.9299,359.73,359.89,53684.682307,359.8245,1225,
2026-03-27 16:48:00,359.89,360.1,359.74,360.0,57668.86738,359.9177,1619,
2026-03-27 16:49:00,360.0,360.0127,359.87,359.97,33991.204105,359.9441,1097,
2026-03-27 16:50:00,359.95,360.08,359.63,359.7675,54788.76186,359.9206,1681,
2026-03-27 16:51:00,359.78,359.9088,359.69,359.75,31325.799981,359.8022,1041,
2026-03-27 16:52:00,359.74,359.74,359.45,359.485,33487.278758,359.5703,1253,
2026-03-27 16:53:00,359.47,359.54,359.41,359.52,27417.240374,359.4761,1020,
2026-03-27 16:54:00,359.525,359.81,359.525,359.71,39330.013187,359.7025,1096,
2026-03-27 16:55:00,359.7,359.7,359.5,359.52,61188.51583,359.6102,1405,
2026-03-27 16:56:00,359.54,359.54,359.35,359.53,41712.083627,359.4406,1275,
2026-03-27 16:57:00,359.5,359.62,359.4512,359.61,32560.680507,359.5316,1018,
2026-03-27 16:58:00,359.6,359.78,359.55,359.77,53463.267223,359.6598,1386,
2026-03-27 16:59:00,359.75,359.775,359.67,359.7,58572.707166,359.7285,1372,
2026-03-27 17:00:00,359.72,359.74,359.265,359.3,65568.783576,359.5155,1790,
2026-03-27 17:01:00,359.32,359.41,359.13,359.29,62448.987472,359.256,1678,
2026-03-27 17:02:00,359.26,359.29,359.1,359.15,47400.799831,359.1977,1305,
2026-03-27 17:03:00,359.16,359.34,359.12,359.32,52763.655364,359.2413,1446,
2026-03-27 17:04:00,359.35,359.39,359.25,359.265,27719.270601,359.3211,1015,
2026-03-27 17:05:00,359.265,359.35,359.11,359.2,49312.150091,359.226,1426,
2026-03-27 17:06:00,359.18,359.83,359.1401,359.78,50427.369026,359.4706,1698,
2026-03-27 17:07:00,359.79,360.1,359.46,359.56,104180.540582,359.7619,2895,
2026-03-27 17:08:00,359.56,359.62,359.37,359.455,37379.555085,359.4878,1237,
2026-03-27 17:09:00,359.47,359.89,359.47,359.8,52401.675968,359.6784,1285,
2026-03-27 17:10:00,359.8134,359.93,359.52,359.54,53122.965984,359.7249,1311,
2026-03-27 17:11:00,359.5432,359.63,359.36,359.42,46411.695818,359.4607,1277,
2026-03-27 17:12:00,359.405,359.52,359.315,359.34,34667.17525,359.4023,1138,
2026-03-27 17:13:00,359.35,359.41,359.17,359.23,33168.70846,359.2968,1182,
2026-03-27 17:14:00,359.23,359.38,359.16,359.33,31680.175157,359.2753,1167,
2026-03-27 17:15:00,359.33,359.35,359.16,359.23,35943.824593,359.2588,1116,
2026-03-27 17:16:00,359.24,359.25,359.1,359.19,167186.525984,359.2635,1057,
2026-03-27 17:17:00,359.19,359.22,358.9214,358.985,62006.768767,359.0419,3926,
2026-03-27 17:18:00,358.98,359.22,358.98,359.14,380246.696257,359.2209,1035,
2026-03-27 17:19:00,359.15,359.165,359.0,359.0334,37685.654414,359.0676,1136,
2026-03-27 17:20:00,359.05,359.06,358.7,358.93,67564.296963,358.8736,2272,
2026-03-27 17:21:00,358.93,359.03,358.91,358.935,53818.749878,358.9709,1305,
2026-03-27 17:22:00,358.94,359.1299,358.93,359.0099,90206.167068,359.0018,1444,
2026-03-27 17:23:00,359.01,359.105,358.8711,359.025,78030.362689,358.9718,1754,
2026-03-27 17:24:00,359.01,359.17,358.975,359.13,49313.234004,359.0776,1493,
2026-03-27 17:25:00,359.12,359.22,359.06,359.195,32820.378039,359.1047,1057,
2026-03-27 17:26:00,359.205,359.34,359.17,359.195,52144.184763,359.2637,1502,
2026-03-27 17:27:00,359.195,359.25,359.01,359.08,44981.674394,359.1257,1342,
2026-03-27 17:28:00,359.08,359.15,358.95,358.96,37497.478304,359.0656,1439,
2026-03-27 17:29:00,358.97,358.97,358.8,358.9368,56554.256404,358.9143,1504,
2026-03-27 17:30:00,358.93,359.11,358.86,358.94,56560.231339,359.012,1719,
2026-03-27 17:31:00,358.96,359.0299,358.83,358.92,32581.880895,358.9305,1173,
2026-03-27 17:32:00,358.94,359.16,358.94,359.12,35282.442463,359.0311,1192,
2026-03-27 17:33:00,359.12,359.31,359.1,359.28,31815.990863,359.2285,1224,
2026-03-27 17:34:00,359.28,359.42,359.2196,359.39,27380.379185,359.3193,1153,
2026-03-27 17:35:00,359.37,359.4,359.21,359.385,53835.041815,359.3394,1501,
2026-03-27 17:36:00,359.39,359.4399,359.24,359.4,42802.425561,359.3593,1371,
2026-03-27 17:37:00,359.395,359.42,359.15,359.215,48782.481332,359.294,1425,
2026-03-27 17:38:00,359.2151,359.32,359.15,359.2392,36212.897823,359.2518,1161,
2026-03-27 17:39:00,359.23,359.25,359.17,359.24,32615.519219,359.2236,1114,
2026-03-27 17:40:00,359.24,359.24,359.05,359.06,40152.241727,359.129,1269,
2026-03-27 17:41:00,359.06,359.065,358.87,358.885,41210.929585,358.9834,1433,
2026-03-27 17:42:00,358.875,359.0,358.82,358.99,51232.317977,358.9039,1302,
2026-03-27 17:43:00,358.99,359.13,358.94,359.04,58503.943566,359.0206,1384,
2026-03-27 17:44:00,359.04,359.07,358.91,358.9609,28887.135544,358.9865,1060,
2026-03-27 17:45:00,358.9601,359.21,358.95,358.95,52988.29412,359.072,1585,
2026-03-27 17:46:00,358.925,358.95,358.83,358.915,28915.216759,358.8983,1295,
2026-03-27 17:47:00,358.93,359.0,358.8,358.915,35313.772669,358.9244,1270,
2026-03-27 17:48:00,358.93,358.93,358.71,358.8,43513.925742,358.8179,1416,
2026-03-27 17:49:00,358.8,358.83,358.58,358.59,65310.927839,358.7222,1821,
2026-03-27 17:50:00,358.58,358.69,358.5,358.67,59714.926503,358.6059,2006,
2026-03-27 17:51:00,358.68,358.71,358.6348,358.66,24489.494178,358.6871,972,
2026-03-27 17:52:00,358.65,358.7,358.535,358.605,30972.706971,358.6245,1165,
2026-03-27 17:53:00,358.59,358.695,358.53,358.5699,38121.970487,358.6118,1236,
2026-03-27 17:54:00,358.557,358.6,358.46,358.55,33360.090525,358.5323,1358,
2026-03-27 17:55:00,358.55,358.8,358.54,358.735,64799.349789,358.6685,1727,
2026-03-27 17:56:00,358.73,358.82,358.67,358.67,30438.304439,358.7526,1153,
2026-03-27 17:57:00,358.68,358.88,358.64,358.85,46778.261666,358.7326,1301,
2026-03-27 17:58:00,358.855,358.98,358.83,358.88,35332.552603,358.8997,1228,
2026-03-27 17:59:00,358.885,358.99,358.83,358.85,38755.467542,358.9024,1250,
2026-03-27 18:00:00,358.845,358.93,358.765,358.925,55417.554898,358.8423,1467,
2026-03-27 18:01:00,358.94,359.04,358.8501,358.88,59990.11422,358.9496,1524,
2026-03-27 18:02:00,358.875,358.93,358.82,358.835,35970.744926,358.8796,1218,
2026-03-27 18:03:00,358.82,358.95,358.8,358.93,39393.324507,358.8929,1047,
2026-03-27 18:04:00,358.93,358.94,358.78,358.8,47661.264545,358.8571,1398,
2026-03-27 18:05:00,358.8,358.9,358.51,358.55,53719.897642,358.6705,4060,
2026-03-27 18:06:00,358.55,358.58,358.41,358.485,48655.631229,358.4981,1642,
2026-03-27 18:07:00,358.5,358.71,358.47,358.5,49315.705441,358.5527,1433,
2026-03-27 18:08:00,358.5398,358.71,358.4401,358.52,60618.854835,358.5692,1641,
2026-03-27 18:09:00,358.53,358.57,358.27,358.3,42792.407712,358.3845,1513,
2026-03-27 18:10:00,358.3,358.415,358.2,358.37,44991.727209,358.324,1372,
2026-03-27 18:11:00,358.38,358.49,358.33,358.4317,39407.43242,358.3953,1260,
2026-03-27 18:12:00,358.4,358.4045,358.25,358.33,30967.515481,358.3268,1237,
2026-03-27 18:13:00,358.3,358.48,358.275,358.31,33142.985079,358.3994,1159,
2026-03-27 18:14:00,358.32,358.71,358.23,358.69,40317.884101,358.4884,1357,
2026-03-27 18:15:00,358.7,358.77,358.5401,358.7,47412.756702,358.6807,1424,
2026-03-27 18:16:00,358.71,358.82,358.5501,358.82,31384.353735,358.6967,1192,
2026-03-27 18:17:00,358.805,358.86,358.675,358.79,45528.151798,358.7792,1287,
2026-03-27 18:18:00,358.78,358.97,358.74,358.77,47149.469153,358.8387,1403,
2026-03-27 18:19:00,358.76,358.8,358.6601,358.685,38138.818485,358.7234,1217,
2026-03-27 18:20:00,358.685,358.84,358.6641,358.805,41775.971467,358.7561,1387,
2026-03-27 18:21:00,358.79,358.85,358.65,358.7699,47901.74991,358.7595,1451,
2026-03-27 18:22:00,358.77,358.79,358.61,358.74,48423.272327,358.7132,1465,
2026-03-27 18:23:00,358.72,358.75,358.51,358.67,74049.297269,358.6266,1639,
2026-03-27 18:24:00,358.65,358.681,358.33,358.48,46288.70514,358.4746,1529,
2026-03-27 18:25:00,358.47,358.5873,358.37,358.57,56266.500068,358.446,1490,
2026-03-27 18:26:00,358.59,358.69,358.475,358.69,37535.533301,358.5805,1130,
2026-03-27 18:27:00,358.7,358.85,358.6496,358.72,43092.858796,358.7374,1357,
2026-03-27 18:28:00,358.72,358.905,358.68,358.871,41974.408266,358.7829,1271,
2026-03-27 18:29:00,358.86,358.87,358.71,358.8126,36197.418945,358.7783,1110,
2026-03-27 18:30:00,358.805,358.91,358.65,358.9099,41220.461201,358.7621,1344,
2026-03-27 18:31:00,358.91,358.91,358.815,358.825,25084.922982,358.8508,972,
2026-03-27 18:32:00,358.83,358.95,358.83,358.905,37316.080582,358.8936,1139,
2026-03-27 18:33:00,358.9,359.11,358.81,359.075,59828.829809,358.961,1325,
2026-03-27 18:34:00,359.05,359.32,358.97,359.31,75038.394906,359.1253,1973,
2026-03-27 18:35:00,359.305,359.33,358.94,359.0,40738.86584,359.0586,1386,
2026-03-27 18:36:00,359.01,359.01,358.88,358.95,54850.778759,358.943,1290,
2026-03-27 18:37:00,358.96,359.0699,358.93,358.99,34795.275833,359.0081,1112,
2026-03-27 18:38:00,358.99,359.035,358.88,358.88,31558.689771,358.9836,1128,
2026-03-27 18:39:00,358.875,358.88,358.71,358.835,47381.480264,358.83,1508,
2026-03-27 18:40:00,358.85,358.87,358.67,358.8045,45586.050732,358.7735,1269,
2026-03-27 18:41:00,358.79,358.96,358.785,358.945,28633.323118,358.8801,1106,
2026-03-27 18:42:00,358.94,358.95,358.76,358.88,47605.764168,358.8634,1417,
2026-03-27 18:43:00,358.9,359.0,358.74,358.82,77182.843668,358.8432,2186,
2026-03-27 18:44:00,358.81,358.84,358.65,358.73,52928.734349,358.7583,1403,
2026-03-27 18:45:00,358.72,358.7201,358.5,358.6512,33778.611264,358.6196,1295,
2026-03-27 18:46:00,358.66,358.69,358.36,358.46,48378.693584,358.5409,1704,
2026-03-27 18:47:00,358.47,358.52,358.27,358.325,50849.490874,358.4254,1363,
2026-03-27 18:48:00,358.31,358.33,358.16,358.25,64099.190499,358.2638,1883,
2026-03-27 18:49:00,358.24,358.285,358.14,358.2,39239.11844,358.2304,1311,
2026-03-27 18:50:00,358.2,358.31,358.195,358.245,58113.443911,358.2619,1529,
2026-03-27 18:51:00,358.245,358.245,358.11,358.13,51800.006481,358.1815,1584,
2026-03-27 18:52:00,358.13,358.19,358.0,358.05,96990.628978,358.0581,3739,
2026-03-27 18:53:00,358.055,358.1,357.69,357.82,125614.523648,357.8937,4556,
2026-03-27 18:54:00,357.82,357.89,357.77,357.81,61315.362921,357.8445,1399,
2026-03-27 18:55:00,357.815,357.93,357.7501,357.885,39410.722362,357.8505,1409,
2026-03-27 18:56:00,357.8694,357.97,357.81,357.86,44032.914333,357.913,1391,
2026-03-27 18:57:00,357.85,357.96,357.74,357.77,56476.287299,357.8574,1539,
2026-03-27 18:58:00,357.785,357.79,357.57,357.625,73207.010332,357.649,1916,
2026-03-27 18:59:00,357.63,357.8899,357.58,357.81,67535.080652,357.7247,1669,
2026-03-27 19:00:00,357.81,358.04,357.63,357.64,48774.086857,357.8645,1630,
2026-03-27 19:01:00,357.65,357.7299,357.5,357.71,50835.433252,357.5971,2061,
2026-03-27 19:02:00,357.71,357.78,357.62,357.665,42719.254552,357.6956,1471,
2026-03-27 19:03:00,357.68,357.68,357.41,357.51,48500.896204,357.5517,1656,
2026-03-27 19:04:00,357.51,357.52,357.28,357.38,59058.349666,357.3707,1742,
2026-03-27 19:05:00,357.38,357.445,357.2,357.24,65597.44671,357.3338,1819,
2026-03-27 19:06:00,357.23,357.24,357.15,357.1868,59629.148876,357.1995,1659,
2026-03-27 19:07:00,357.17,357.3,357.12,357.3,77748.414877,357.2256,1915,
2026-03-27 19:08:00,357.3,357.3,357.09,357.09,63769.931369,357.2,1706,
2026-03-27 19:09:00,357.1,357.17,356.9,357.08,138085.176617,357.0123,6117,
2026-03-27 19:10:00,357.08,357.22,357.0512,357.13,77458.633159,357.1393,1963,
2026-03-27 19:11:00,357.14,357.15,356.935,357.01,82936.163675,357.0472,1973,
2026-03-27 19:12:00,357.0,357.33,356.97,357.29,91014.39057,357.1642,1984,
2026-03-27 19:13:00,357.31,357.39,357.14,357.18,67438.257409,357.2658,1891,
2026-03-27 19:14:00,357.2006,357.238,357.0,357.09,64045.494896,357.108,2059,
2026-03-27 19:15:00,357.07,357.31,356.99,357.21,85414.844371,357.1857,2352,
2026-03-27 19:16:00,357.21,357.21,357.05,357.195,74467.47622,357.146,2041,
2026-03-27 19:17:00,357.18,357.28,357.15,357.23,55077.429348,357.2204,1639,
2026-03-27 19:18:00,357.235,357.4,357.18,357.36,78837.753236,357.2868,2028,
2026-03-27 19:19:00,357.33,357.63,357.3,357.63,77150.513994,357.4433,2166,
2026-03-27 19:20:00,357.63,357.75,357.47,357.66,102798.424541,357.6106,2433,
2026-03-27 19:21:00,357.65,357.67,357.46,357.51,71207.532716,357.5696,1891,
2026-03-27 19:22:00,357.5101,357.71,357.49,357.54,65782.28449,357.6172,1666,
2026-03-27 19:23:00,357.54,357.78,357.51,357.61,69788.317944,357.6487,1972,
2026-03-27 19:24:00,357.61,357.9,357.59,357.87,59563.167076,357.7519,1693,
2026-03-27 19:25:00,357.84,357.87,357.6,357.615,70714.7636,357.6998,1621,
2026-03-27 19:26:00,357.6003,357.7,357.52,357.66,66589.998048,357.609,1763,
2026-03-27 19:27:00,357.65,357.69,357.49,357.51,68927.450368,357.5768,1901,
2026-03-27 19:28:00,357.5395,357.6,357.39,357.55,111831.517956,357.479,2313,
2026-03-27 19:29:00,357.555,357.57,357.41,357.5,68487.712114,357.6028,1573,
2026-03-27 19:30:00,357.51,357.74,357.51,357.57,97894.163479,357.6125,2406,
2026-03-27 19:31:00,357.5797,357.82,357.46,357.71,75651.807197,357.6483,2177,
2026-03-27 19:32:00,357.72,357.77,357.35,357.42,79098.731436,357.5788,2283,
2026-03-27 19:33:00,357.43,357.48,357.26,357.32,96471.387834,357.3652,2299,
2026-03-27 19:34:00,357.32,357.68,357.3172,357.625,63777.288744,357.4987,2041,
2026-03-27 19:35:00,357.63,357.67,357.33,357.53,68500.087148,357.4747,2005,
2026-03-27 19:36:00,357.5394,357.55,357.32,357.445,93700.619589,357.4545,2225,
2026-03-27 19:37:00,357.46,357.51,357.32,357.335,68057.035647,357.4533,2044,
2026-03-27 19:38:00,357.35,357.43,357.32,357.4275,49492.039839,357.3845,1799,
2026-03-27 19:39:00,357.42,357.45,357.2,357.23,49872.666311,357.3341,1986,
2026-03-27 19:40:00,357.23,357.3,356.9262,356.9262,120324.563333,357.1402,3906,
2026-03-27 19:41:00,356.92,356.96,356.63,356.845,92121.753955,356.8172,3577,
2026-03-27 19:42:00,356.845,357.09,356.78,357.0801,91878.637526,356.9461,2625,
2026-03-27 19:43:00,357.08,357.2,356.94,356.95,103006.941975,357.0934,2594,
2026-03-27 19:44:00,356.96,357.17,356.89,357.09,84700.703493,357.0313,2323,
2026-03-27 19:45:00,357.09,357.12,356.86,356.885,83072.751014,357.0133,2616,
2026-03-27 19:46:00,356.88,356.9,356.51,356.55,130922.430891,356.6601,4430,
2026-03-27 19:47:00,356.56,356.91,356.56,356.78,96431.508618,356.7414,2539,
2026-03-27 19:48:00,356.79,357.14,356.78,356.9399,139389.059173,356.9647,3126,
2026-03-27 19:49:00,356.94,357.17,356.9,357.104,96056.488569,357.0396,2670,
2026-03-27 19:50:00,357.1,357.1,356.65,356.806,140380.423113,356.8043,3843,
2026-03-27 19:51:00,356.8,356.99,356.76,356.885,117955.820665,356.859,3307,
2026-03-27 19:52:00,356.89,357.02,356.74,356.98,130542.825614,356.8844,3520,
2026-03-27 19:53:00,356.98,357.6683,356.95,357.58,181106.676341,357.3061,4109,
2026-03-27 19:54:00,357.58,357.6,357.09,357.24,180872.754165,357.3848,4498,
2026-03-27 19:55:00,357.25,357.54,357.24,357.34,128991.621992,357.3954,3960,
2026-03-27 19:56:00,357.33,357.34,356.9,357.01,153618.981657,357.1058,4540,
2026-03-27 19:57:00,357.0,357.02,356.82,356.96,183144.762822,356.9324,5315,
2026-03-27 19:58:00,356.955,357.08,356.9,357.04,407949.642664,356.4068,6092,
2026-03-27 19:59:00,357.03,357.32,356.64,356.65,724725.205117,357.0167,16394,
2026-03-27 20:00:00,356.72,357.1228,356.66,356.96,143286.421926,356.7853,384,
2026-03-27 20:01:00,356.94,357.0,356.78,356.8632,6233.817087,356.8917,242,
2026-03-27 20:02:00,356.8,356.8,356.51,356.51,7733.240265,356.7809,257,
2026-03-27 20:03:00,356.6,356.92,356.5115,356.92,6754.365415,356.6384,201,
2026-03-27 20:04:00,356.8,357.0,356.77,356.91,10259.887995,356.8353,133,
2026-03-27 20:05:00,356.77,356.9,356.72,356.8,2388.140087,356.8353,104,
2026-03-27 20:06:00,356.8698,356.91,356.8,356.9,3098.0,356.8619,133,
2026-03-27 20:07:00,356.86,356.99,356.86,356.92,2107.032017,356.9468,222,
2026-03-27 20:08:00,356.83,357.0,356.83,357.0,2229.451524,357.0313,136,
2026-03-27 20:09:00,356.94,357.0,356.77,356.87,10569.025355,356.7996,120,
2026-03-27 20:10:00,356.9343,356.99,356.9,356.93,7265.342325,356.8192,122,
2026-03-27 20:11:00,356.91,356.9284,356.81,356.9284,3072.0,356.8616,164,
2026-03-27 20:12:00,356.88,357.0,356.8,356.94,4052.38358,356.9308,137,
2026-03-27 20:13:00,356.87,356.9657,356.87,356.8703,2236.0,356.9008,76,
2026-03-27 20:14:00,356.9,356.94,356.85,356.94,1947.031345,357.0711,107,
2026-03-27 20:15:00,356.87,356.87,356.82,356.84,4135.485017,356.8863,134,
2026-03-27 20:16:00,356.8594,356.91,356.83,356.91,2710.979325,356.975,92,
2026-03-27 20:17:00,356.87,356.9,356.76,356.76,6734.047619,356.8227,252,
2026-03-27 20:18:00,356.8,356.85,356.745,356.77,2883.563374,356.8443,113,
2026-03-27 20:19:00,356.8,356.8,356.75,356.76,1471.064498,356.7917,97,
2026-03-27 20:20:00,356.8,356.8,356.57,356.773,10133.875279,356.7626,422,
2026-03-27 20:21:00,356.62,356.62,356.57,356.61,1323.659052,356.804,149,
2026-03-27 20:22:00,356.61,356.61,356.4,356.41,4264.187012,356.5217,422,
2026-03-27 20:23:00,356.62,356.62,356.5265,356.607,1313.0,356.6215,52,
2026-03-27 20:24:00,356.62,356.8,356.54,356.75,1869.0,356.644,90,
2026-03-27 20:25:00,356.7,356.8,356.7,356.8,876.332897,356.8932,75,
2026-03-27 20:26:00,356.76,356.9,356.7,356.7,2154.545585,356.8341,127,
2026-03-27 20:27:00,356.65,356.65,356.6,356.6,798.13754,356.7361,72,
2026-03-27 20:28:00,356.71,356.71,356.6,356.7,1233.0,356.6653,88,
2026-03-27 20:29:00,356.7,356.75,356.7,356.75,1915.04199,356.7243,108,
2026-03-27 20:30:00,356.62,356.69,356.62,356.66,2268.0,356.6541,140,
2026-03-27 20:31:00,356.7,356.7316,356.7,356.7316,1580.071393,356.7224,85,
2026-03-27 20:32:00,356.6804,356.75,356.67,356.75,1379.145443,356.7474,99,
2026-03-27 20:33:00,356.67,356.75,356.58,356.7127,9160.027985,356.6697,204,
2026-03-27 20:34:00,356.6,356.69,356.6,356.69,1413.0,356.6257,106,
2026-03-27 20:35:00,356.65,356.65,356.6,356.622,2537.745358,356.7352,111,
2026-03-27 20:36:00,356.61,356.7,356.6,356.7,1285.891818,356.898,74,
2026-03-27 20:37:00,356.72,356.7392,356.7183,356.7392,1624.0,356.7201,56,
2026-03-27 20:38:00,356.73,356.7788,356.72,356.7788,920.0,356.7419,88,
2026-03-27 20:39:00,356.7999,356.7999,356.72,356.7493,1200.129204,356.7921,110,
2026-03-27 20:40:00,356.73,356.8524,356.72,356.8524,2534.265134,356.7804,139,
2026-03-27 20:41:00,356.83,356.9,356.8,356.8,1321.0,356.8162,77,
2026-03-27 20:42:00,356.8,356.85,356.77,356.77,2109.0,356.8565,98,
2026-03-27 20:43:00,356.83,357.24,356.83,357.01,5380.921235,358.0254,176,
2026-03-27 20:44:00,357.02,357.24,357.0,357.15,3907.044785,358.5881,134,
2026-03-27 20:45:00,357.0,357.148,357.0,357.0,7918.65278,357.417,122,
2026-03-27 20:46:00,357.0,357.0984,357.0,357.0984,853.0,357.0543,54,
2026-03-27 20:47:00,357.05,357.05,357.04,357.05,766.056006,358.573,78,
2026-03-27 20:48:00,357.08,357.13,357.06,357.07,1288.029215,360.8023,100,
2026-03-27 20:49:00,357.16,357.24,357.15,357.2,4657.01404,356.7065,131,
2026-03-27 20:50:00,357.24,357.25,357.17,357.2,2172.895629,357.9928,89,
2026-03-27 20:51:00,357.2013,357.2492,357.2004,357.2087,2437.802069,358.5205,92,
2026-03-27 20:52:00,357.2,357.21,357.1,357.21,1424.0,357.4615,107,
2026-03-27 20:53:00,357.16,357.16,357.11,357.11,933.444581,361.4316,73,
2026-03-27 20:54:00,357.2,357.21,357.1,357.16,6021.167879,357.714,137,
2026-03-27 20:55:00,357.1985,357.24,357.19,357.24,2991.599341,357.6582,95,
2026-03-27 20:56:00,357.24,357.31,357.2,357.2591,2825.002807,358.3201,88,
2026-03-27 20:57:00,357.257,357.26,357.07,357.07,1701.2,357.9714,127,
2026-03-27 20:58:00,357.061,357.24,357.04,357.19,1100.0,359.0422,71,
2026-03-27 20:59:00,357.19,357.2,357.0,357.01,9180.091877,357.2287,278,
2026-03-27 21:00:00,357.01,357.2,357.01,357.0726,1432.0,358.5761,82,
2026-03-27 21:01:00,357.1731,357.19,357.0,357.0,577.135791,363.1672,46,
2026-03-27 21:02:00,357.1,357.2,357.1,357.2,1804.0,356.8486,52,
2026-03-27 21:03:00,357.1867,357.1867,357.11,357.12,2009.165174,357.7986,64,
2026-03-27 21:04:00,357.1,357.2,357.1,357.174,1317.0,359.2607,46,
2026-03-27 21:05:00,357.1864,357.1987,357.17,357.17,1357.0,357.1814,50,
2026-03-27 21:06:00,357.2,357.2,357.1,357.1,2816.027939,356.1171,68,
2026-03-27 21:07:00,357.2,357.2,357.2,357.2,1517.0,360.4463,54,
2026-03-27 21:08:00,357.2,357.2,357.1866,357.1866,555.00991,360.3874,45,
2026-03-27 21:09:00,357.2,357.2,357.1873,357.1873,594.0,362.4767,54,
2026-03-27 21:10:00,357.1,357.1293,357.1,357.1293,549.024553,358.6844,55,
2026-03-27 21:11:00,357.1784,357.1784,357.1,357.1435,1667.196018,358.753,86,
2026-03-27 21:12:00,357.09,357.1387,357.09,357.1,2833.0,357.7318,75,
2026-03-27 21:13:00,357.13,357.13,357.1,357.1,892.15115,361.7183,50,
2026-03-27 21:14:00,357.1099,357.35,357.1,357.35,7227.103483,357.4801,149,
2026-03-27 21:15:00,357.2585,357.2585,357.2585,357.2585,147.999571,359.6889,22,
2026-03-27 21:16:00,357.1,357.12,357.1,357.12,319.956257,358.242,49,
2026-03-27 21:17:00,357.163,357.163,357.11,357.11,866.13064,357.2028,84,
2026-03-27 21:18:00,357.1,357.15,357.1,357.15,1650.337853,357.1806,86,
2026-03-27 21:19:00,357.1,357.15,357.1,357.1,2443.0,357.1033,76,
2026-03-27 21:20:00,357.11,357.16,357.1,357.16,409.03216,357.1529,50,
2026-03-27 21:21:00,357.1,357.13,357.1,357.13,267.2795,357.5098,34,
2026-03-27 21:22:00,357.1,357.191,357.1,357.1218,1105.063227,357.1328,44,
2026-03-27 21:23:00,357.14,357.1783,357.12,357.12,943.013997,357.1528,52,
2026-03-27 21:24:00,357.12,357.12,357.1,357.1,857.0,357.111,70,
2026-03-27 21:25:00,357.15,357.19,357.1,357.19,540.0,357.1427,48,
2026-03-27 21:26:00,357.17,357.17,357.1,357.125,619.385381,357.3499,37,
2026-03-27 21:28:00,357.05,357.17,357.05,357.06,542.599999,357.499,52,
2026-03-27 21:29:00,357.05,357.1,357.05,357.0528,1080.0,357.0694,44,
2026-03-27 21:30:00,357.0507,357.0783,357.04,357.0783,865.249996,357.163,73,
2026-03-27 21:31:00,357.03,357.0393,357.025,357.0393,539.0,357.0392,60,
2026-03-27 21:32:00,357.01,357.0871,357.01,357.05,1591.299354,357.0861,87,
2026-03-27 21:33:00,357.1257,357.1257,357.0015,357.0478,1073.502895,357.1973,114,
2026-03-27 21:34:00,357.045,357.05,357.045,357.05,397.230779,357.2413,52,
2026-03-27 21:35:00,357.01,357.0366,357.01,357.01,653.002428,361.2299,55,
2026-03-27 21:36:00,357.09,357.09,357.0,357.0,361.0,357.0645,37,
2026-03-27 21:37:00,357.1,357.1,357.1,357.1,235.055923,357.1662,32,
2026-03-27 21:38:00,357.01,357.05,357.01,357.0481,794.070659,357.0744,48,
2026-03-27 21:39:00,357.05,357.05,357.0,357.0,1389.29661,357.0893,176,
2026-03-27 21:40:00,357.08,357.08,357.0,357.02,736.209504,357.1231,60,
2026-03-27 21:41:00,357.01,357.01,357.0,357.0,358.35674,357.3558,51,
2026-03-27 21:42:00,356.9985,356.9988,356.96,356.96,1157.417579,357.1055,62,
2026-03-27 21:43:00,356.935,356.95,356.935,356.95,440.079674,357.0079,50,
2026-03-27 21:44:00,356.93,356.94,356.92,356.94,939.010505,356.9303,58,
2026-03-27 21:45:00,356.94,356.94,356.92,356.92,4352.203247,356.9384,99,
2026-03-27 21:46:00,356.94,356.94,356.92,356.92,755.0,356.9314,46,
2026-03-27 21:47:00,356.92,356.93,356.88,356.88,1264.041889,356.9159,67,
2026-03-27 21:48:00,356.9,356.9,356.88,356.88,497.528076,357.2717,50,
2026-03-27 21:49:00,356.9389,356.9389,356.83,356.83,255.411835,357.4749,30,
2026-03-27 21:50:00,356.9,356.93,356.8,356.8,843.35,357.0293,152,
2026-03-27 21:51:00,356.9,356.93,356.9,356.93,473.0,356.9078,48,
2026-03-27 21:52:00,356.93,357.0,356.92,357.0,1290.00505,356.9434,69,
2026-03-27 21:53:00,356.9,357.0,356.9,357.0,498.0,356.9707,45,
2026-03-27 21:54:00,356.94,356.94,356.89,356.8988,864.869349,357.2631,65,
2026-03-27 21:55:00,356.8826,356.9,356.87,356.9,617.027609,356.8956,34,
2026-03-27 21:56:00,356.87,356.9,356.87,356.87,348.002465,356.8857,41,
2026-03-27 21:57:00,356.813,356.88,356.813,356.85,551.247069,357.0224,63,
2026-03-27 21:58:00,356.85,356.95,356.8,356.8656,3333.005622,356.8404,101,
2026-03-27 21:59:00,356.9,356.9,356.9,356.9,212.002829,356.9052,37,
2026-03-27 22:00:00,356.92,356.92,356.9191,356.92,369.039948,356.954,37,
2026-03-27 22:01:00,356.87,356.92,356.87,356.92,299.0,356.8953,42,
2026-03-27 22:02:00,356.9102,356.92,356.9102,356.92,1419.0,356.9125,46,
2026-03-27 22:03:00,356.97,357.0,356.97,356.98,729.0,356.982,49,
2026-03-27 22:04:00,356.99,356.99,356.88,356.9,897.0,356.9303,86,
2026-03-27 22:05:00,356.85,356.9,356.81,356.81,2165.0,356.8924,75,
2026-03-27 22:06:00,356.8,356.8,356.8,356.8,719.281431,356.9537,38,
2026-03-27 22:07:00,356.89,356.89,356.89,356.89,290.0,356.8773,41,
2026-03-27 22:08:00,356.87,356.87,356.87,356.87,262.601167,357.6924,50,
2026-03-27 22:09:00,356.8378,356.86,356.8,356.8,1902.952254,357.016,121,
2026-03-27 22:10:00,356.8,356.8,356.8,356.8,515.012779,356.8106,51,
2026-03-27 22:11:00,356.82,356.85,356.78,356.81,616.0,356.8227,47,
2026-03-27 22:12:00,356.77,356.77,356.75,356.75,1376.608433,356.9274,140,
2026-03-27 22:14:00,356.71,356.75,356.71,356.74,1469.005624,356.7333,59,
2026-03-27 22:15:00,356.7435,356.76,356.7435,356.76,388.129856,356.8753,39,
2026-03-27 22:16:00,356.76,356.76,356.73,356.73,565.0,356.7469,56,
2026-03-27 22:17:00,356.7,356.73,356.6,356.6,2672.993788,356.7986,165,
2026-03-27 22:18:00,356.56,356.6553,356.55,356.57,2412.865443,356.6999,57,
2026-03-27 22:19:00,356.6538,356.6538,356.6538,356.6538,209.00618,356.635,31,
2026-03-27 22:20:00,356.6,356.64,356.6,356.64,1483.0,356.6181,35,
2026-03-27 22:21:00,356.65,356.65,356.559,356.559,964.067335,356.6076,74,
2026-03-27 22:22:00,356.56,356.6,356.55,356.55,1539.243998,356.6368,68,
2026-03-27 22:23:00,356.56,356.56,356.56,356.56,656.279675,356.7189,51,
2026-03-27 22:24:00,356.56,356.6805,356.56,356.6805,648.091457,356.6259,40,
2026-03-27 22:25:00,356.56,356.7,356.56,356.6999,402.0,356.6672,38,
2026-03-27 22:26:00,356.7,356.7,356.7,356.7,235.819488,357.9163,43,
2026-03-27 22:27:00,356.6,356.6,356.57,356.6,858.3467,356.7252,36,
2026-03-27 22:28:00,356.59,356.6,356.5565,356.5565,563.042068,356.6106,67,
2026-03-27 22:29:00,356.5599,356.5599,356.51,356.51,4004.37683,356.5673,111,
2026-03-27 22:30:00,356.51,356.53,356.51,356.51,845.005626,356.5197,73,
2026-03-27 22:31:00,356.54,356.54,356.5,356.53,1325.519941,356.6483,57,
2026-03-27 22:32:00,356.5398,356.5398,356.5,356.5,3867.427115,356.5562,107,
2026-03-27 22:33:00,356.5013,356.5013,356.5013,356.5013,718.189652,356.5992,50,
2026-03-27 22:34:00,356.52,356.52,356.52,356.52,220.002809,356.5201,34,
2026-03-27 22:35:00,356.51,356.51,356.5,356.5,2082.302809,356.5527,138,
2026-03-27 22:37:00,356.48,356.48,356.48,356.48,245.627099,357.3855,56,
2026-03-27 22:38:00,356.44,356.45,356.44,356.45,505.164265,356.5555,56,
2026-03-27 22:39:00,356.45,356.56,356.45,356.56,2976.0,356.5024,82,
2026-03-27 22:40:00,356.6,356.7,356.46,356.7,1158.037681,356.6584,48,
2026-03-27 22:41:00,356.68,356.69,356.65,356.65,594.0,356.6482,61,
2026-03-27 22:42:00,356.65,356.65,356.65,356.65,171.0,356.6113,28,
2026-03-27 22:43:00,356.69,356.7,356.56,356.56,3844.0,356.6874,53,
2026-03-27 22:44:00,356.7,356.7,356.7,356.7,227.028034,356.7071,43,
2026-03-27 22:46:00,356.6,356.6,356.5581,356.5581,501.0,356.5905,51,
2026-03-27 22:47:00,356.52,356.55,356.52,356.55,329.792628,357.39,50,
2026-03-27 22:48:00,356.55,356.55,356.5,356.55,700.0,356.5234,39,
2026-03-27 22:49:00,356.47,356.47,356.41,356.44,613.039154,356.468,84,
2026-03-27 22:50:00,356.4,356.53,356.4,356.53,2388.030797,356.4399,94,
2026-03-27 22:51:00,356.5,356.67,356.44,356.67,1344.0,356.4929,53,
2026-03-27 22:52:00,356.5,356.62,356.5,356.62,235.944826,357.9692,44,
2026-03-27 22:53:00,356.54,356.54,356.5007,356.5007,315.268555,356.8254,33,
2026-03-27 22:54:00,356.54,356.54,356.48,356.4801,2551.616311,356.6157,54,
2026-03-27 22:55:00,356.48,356.48,356.4205,356.4685,1845.12242,356.4709,62,
2026-03-27 22:56:00,356.42,356.4819,356.42,356.4819,911.078633,356.4655,62,
2026-03-27 22:57:00,356.5,356.5,356.5,356.5,252.511001,357.2317,37,
2026-03-27 22:58:00,356.5,356.5,356.4999,356.4999,583.0,356.4979,54,
2026-03-27 22:59:00,356.48,356.49,356.48,356.48,757.298323,356.626,69,
2026-03-27 23:00:00,356.48,356.49,356.4,356.4,1512.114107,356.4771,61,
2026-03-27 23:01:00,356.48,356.48,356.45,356.48,236.037536,356.5295,34,
2026-03-27 23:02:00,356.4,356.46,356.4,356.44,1085.0,356.4236,59,
2026-03-27 23:03:00,356.4,356.4,356.4,356.4,762.0,356.4099,52,
2026-03-27 23:04:00,356.38,356.38,356.38,356.38,544.441188,356.6815,63,
2026-03-27 23:05:00,356.4,356.4,356.38,356.3898,552.008416,356.3935,52,
2026-03-27 23:06:00,356.38,356.38,356.38,356.38,755.008416,356.3845,54,
2026-03-27 23:07:00,356.37,356.37,356.3,356.3,1037.351554,356.4646,87,
2026-03-27 23:08:00,356.3,356.3,356.29,356.29,403.495594,356.7391,87,
2026-03-27 23:09:00,356.3,356.3299,356.27,356.3299,728.423823,356.5049,51,
2026-03-27 23:10:00,356.3,356.3,356.3,356.3,368.004035,356.3137,52,
2026-03-27 23:11:00,356.26,356.26,356.26,356.26,526.13801,356.3698,36,
2026-03-27 23:12:00,356.3304,356.34,356.25,356.25,1051.0,356.3106,74,
2026-03-27 23:13:00,356.3355,356.35,356.32,356.34,1428.0,356.3335,53,
2026-03-27 23:14:00,356.3,356.35,356.3,356.35,993.129154,356.3825,44,
2026-03-27 23:15:00,356.3,356.35,356.2,356.2,1014.179389,356.3254,136,
2026-03-27 23:16:00,356.19,356.2,356.19,356.1948,448.153866,356.3153,58,
2026-03-27 23:17:00,356.17,356.2,356.12,356.12,2173.887645,356.2968,78,
2026-03-27 23:18:00,356.12,356.14,356.1,356.12,1021.280448,356.22,88,
2026-03-27 23:19:00,356.2,356.2,356.2,356.2,383.27552,356.4479,35,
2026-03-27 23:21:00,356.151,356.1799,356.15,356.17,611.061732,356.1982,46,
2026-03-27 23:22:00,356.1761,356.1761,356.12,356.12,679.005615,356.1529,85,
2026-03-27 23:23:00,356.11,356.11,356.1,356.1,758.0,356.11,46,
2026-03-27 23:25:00,356.1,356.1,356.1,356.1,195.053519,356.2097,29,
2026-03-27 23:26:00,356.13,356.13,356.11,356.11,386.998767,357.04,45,
2026-03-27 23:27:00,356.1389,356.1389,356.1,356.1,1430.008395,356.1065,107,
2026-03-27 23:28:00,356.09,356.0974,356.085,356.085,557.005616,356.1001,61,
2026-03-27 23:29:00,356.09,356.09,356.07,356.07,436.002808,356.0832,67,
2026-03-27 23:30:00,356.08,356.2,356.08,356.2,2427.02287,356.1199,40,
2026-03-27 23:31:00,356.16,356.16,356.14,356.15,450.002066,356.1562,40,
2026-03-27 23:32:00,356.1486,356.15,356.12,356.1207,720.020359,356.1526,52,
2026-03-27 23:33:00,356.15,356.15,356.15,356.15,282.14,356.3307,31,
2026-03-27 23:34:00,356.19,356.19,356.15,356.1507,599.002807,356.1695,41,
2026-03-27 23:35:00,356.18,356.2,356.18,356.2,1470.0,356.1932,48,
2026-03-27 23:36:00,356.1997,356.2,356.15,356.2,708.701914,356.5361,70,
2026-03-27 23:37:00,356.2,356.2,356.16,356.1896,1225.505389,356.3354,63,
2026-03-27 23:38:00,356.18,356.19,356.18,356.19,348.08498,356.2756,36,
2026-03-27 23:39:00,356.15,356.19,356.15,356.18,1099.0,356.1691,56,
2026-03-27 23:40:00,356.16,356.18,356.16,356.1721,883.27795,356.2769,41,
2026-03-27 23:41:00,356.16,356.165,356.1,356.1008,3272.007032,356.1401,130,
2026-03-27 23:42:00,356.1,356.11,356.09,356.1,2199.015301,356.1036,93,
2026-03-27 23:43:00,356.12,356.12,356.12,356.12,283.118913,356.2859,53,
2026-03-27 23:44:00,356.1019,356.15,356.1019,356.15,1490.016845,356.1235,64,
2026-03-27 23:45:00,356.16,356.16,356.15,356.15,511.268228,356.3491,64,
2026-03-27 23:46:00,356.18,356.18,356.17,356.17,348.140013,356.315,37,
2026-03-27 23:47:00,356.16,356.16,356.13,356.13,756.0,356.1397,59,
2026-03-27 23:48:00,356.15,356.2,356.15,356.16,724.002807,356.175,48,
2026-03-27 23:49:00,356.2,356.24,356.18,356.24,1628.020328,356.2114,50,
2026-03-27 23:50:00,356.23,356.235,356.2293,356.23,1275.070114,356.2512,79,
2026-03-27 23:51:00,356.2292,356.24,356.2,356.24,1529.154141,356.2518,61,
2026-03-27 23:52:00,356.24,356.24,356.2,356.23,738.0,356.2317,70,
2026-03-27 23:53:00,356.24,356.27,356.21,356.2105,6598.141384,356.2449,73,
2026-03-27 23:54:00,356.21,356.24,356.19,356.24,1215.779531,356.4437,116,
2026-03-27 23:55:00,356.2,356.22,356.19,356.2026,2315.222612,356.2385,79,
2026-03-27 23:56:00,356.21,356.21,356.19,356.2,1066.64449,356.4168,73,
2026-03-27 23:57:00,356.2,356.22,356.19,356.2,1551.140362,356.2395,107,
2026-03-27 23:58:00,356.2,356.2,356.2,356.2,791.0,356.2,72,
2026-03-27 23:59:00,356.18,356.2,356.15,356.15,7293.001101,356.1582,129,
2026-03-30 08:00:00,359.0,361.9,357.32,358.86,4796.088573,358.793,922,
2026-03-30 08:01:00,358.87,359.76,357.76,359.01,72348.336419,358.7918,5374,
2026-03-30 08:02:00,358.76,359.08,358.76,359.08,1699.783997,359.1216,84,
2026-03-30 08:03:00,359.0038,359.0111,359.0038,359.0111,1038.37138,358.868,160,
2026-03-30 08:04:00,359.15,359.25,359.15,359.25,662.22767,359.3406,76,
2026-03-30 08:05:00,359.4,359.74,359.4,359.55,1449.266752,359.5885,116,
2026-03-30 08:06:00,359.67,359.8,359.62,359.62,2045.187814,359.7598,107,
2026-03-30 08:07:00,359.7,359.7,359.39,359.49,948.285746,359.623,45,
2026-03-30 08:09:00,359.5,359.57,359.5,359.57,745.178357,359.5933,39,
2026-03-30 08:10:00,359.5,359.7,359.5,359.7,1786.920026,359.7776,37,
2026-03-30 08:11:00,359.74,359.77,359.65,359.77,1915.0,359.7423,51,
2026-03-30 08:12:00,359.62,359.76,359.56,359.5605,2732.158489,359.693,78,
2026-03-30 08:13:00,359.56,359.56,359.2,359.42,3619.226905,359.3403,58,
2026-03-30 08:14:00,359.75,359.75,359.22,359.4,1261.725137,359.6286,45,
2026-03-30 08:15:00,359.22,359.56,359.22,359.56,1224.249997,359.4202,23,
2026-03-30 08:16:00,359.61,359.75,359.61,359.75,469.416449,360.0376,21,
2026-03-30 08:17:00,359.8,359.9,359.79,359.803,2060.036179,359.8666,106,
2026-03-30 08:18:00,359.809,359.96,359.78,359.78,2552.53462,359.9559,93,
2026-03-30 08:20:00,359.8,359.8,359.8,359.8,536.037868,359.8261,23,
2026-03-30 08:21:00,359.85,359.97,359.8,359.8426,1669.208736,359.9514,63,
2026-03-30 08:22:00,359.88,360.1,359.87,360.1,2450.538944,360.0695,112,
2026-03-30 08:23:00,360.17,360.17,359.9,359.9,916.0,360.044,63,
2026-03-30 08:24:00,360.0,360.0,359.97,359.97,1054.02777,359.9954,53,
2026-03-30 08:25:00,359.99,360.1,359.88,360.1,1789.136961,359.9668,60,
2026-03-30 08:26:00,359.5636,359.5636,359.5636,359.5636,216.0,359.8368,19,
2026-03-30 08:27:00,359.97,359.97,359.97,359.97,208.181667,360.263,23,
2026-03-30 08:28:00,359.94,359.98,359.94,359.98,365.611202,360.5579,25,
2026-03-30 08:29:00,360.09,360.11,360.0,360.0,1106.154921,360.0841,70,
2026-03-30 08:30:00,359.94,360.2,359.89,360.2,3834.075042,360.052,105,
2026-03-30 08:31:00,360.29,360.4,360.28,360.4,1039.606266,360.5202,70,
2026-03-30 08:32:00,360.45,360.45,360.1473,360.35,1396.203047,360.3518,61,
2026-03-30 08:33:00,360.06,360.06,360.06,360.06,492.0,360.1796,48,
2026-03-30 08:34:00,360.0,360.0,360.0,360.0,556.19197,360.1335,41,
2026-03-30 08:35:00,359.9718,359.9718,359.66,359.66,342.340908,360.161,37,
2026-03-30 08:36:00,360.0,360.0,359.99,359.99,255.995332,361.3788,22,
2026-03-30 08:37:00,360.01,360.01,360.01,360.01,405.0,360.0164,20,
2026-03-30 08:38:00,360.23,360.23,360.06,360.09,692.992551,360.6371,30,
2026-03-30 08:39:00,360.2,360.2,360.0,360.0,1260.095621,360.0876,65,
2026-03-30 08:42:00,360.11,360.11,360.11,360.11,259.512272,360.741,24,
2026-03-30 08:43:00,359.98,360.0,359.98,360.0,542.620844,360.3883,46,
2026-03-30 08:46:00,359.96,359.98,359.83,359.83,666.0,359.9496,54,
2026-03-30 08:47:00,359.97,359.97,359.83,359.84,426.0,359.8743,28,
2026-03-30 08:48:00,359.83,359.83,359.52,359.76,2382.727153,359.7963,139,
2026-03-30 08:49:00,359.76,359.89,359.76,359.89,568.0,359.8342,22,
2026-03-30 08:52:00,359.95,360.19,359.95,360.19,670.292778,360.1599,44,
2026-03-30 08:53:00,359.9829,360.0,359.9829,360.0,350.377966,360.3832,25,
2026-03-30 08:54:00,360.1,360.1,359.89,359.89,464.23,360.1162,20,
2026-03-30 08:55:00,360.0,360.0,360.0,360.0,76.0,359.994,11,
2026-03-30 08:56:00,359.8901,359.94,359.89,359.94,2391.400186,359.9581,43,
2026-03-30 08:57:00,360.2,360.2,360.2,360.2,672.0,360.1621,25,
2026-03-30 08:58:00,359.99,360.02,359.99,360.0,869.0,360.0045,21,
2026-03-30 08:59:00,360.2,360.2,360.2,360.2,216.551988,361.0947,17,
2026-03-30 09:01:00,360.2,360.2,360.0,360.0,359.0,360.0822,27,
2026-03-30 09:02:00,360.0045,360.14,359.9,359.91,1989.111111,360.0065,91,
2026-03-30 09:03:00,359.89,360.2,359.89,360.2,3401.0,359.9019,38,
2026-03-30 09:04:00,359.99,359.99,359.99,359.99,555.0,360.0079,35,
2026-03-30 09:06:00,359.8,359.89,359.76,359.89,853.048432,359.8204,44,
2026-03-30 09:07:00,359.88,359.92,359.81,359.81,266.407096,360.4394,26,
2026-03-30 09:09:00,359.98,360.04,359.98,360.04,578.0,359.9683,49,
2026-03-30 09:10:00,360.1126,360.1126,360.1126,360.1126,140.018415,360.1161,13,
2026-03-30 09:11:00,359.9,359.9,359.66,359.85,827.152098,359.8686,31,
2026-03-30 09:12:00,359.72,360.0,359.72,360.0,309.0,359.8775,22,
2026-03-30 09:13:00,359.74,359.74,359.74,359.74,291.0,359.765,12,
2026-03-30 09:15:00,359.7,359.74,359.48,359.48,2133.28703,359.7402,93,
2026-03-30 09:16:00,359.6228,359.6228,359.36,359.62,577.424454,359.7358,30,
2026-03-30 09:17:00,359.64,359.67,359.64,359.67,450.0,359.6244,24,
2026-03-30 09:19:00,359.75,359.75,359.75,359.75,418.868373,360.4699,43,
2026-03-30 09:20:00,359.7,359.7,359.7,359.7,326.0,359.8187,39,
2026-03-30 09:22:00,359.39,359.39,359.39,359.39,136.783494,361.6997,13,
2026-03-30 09:24:00,359.74,359.74,359.74,359.74,257.030001,359.8219,23,
2026-03-30 09:25:00,359.62,359.62,359.62,359.62,311.87522,360.7048,14,
2026-03-30 09:29:00,359.64,359.64,359.64,359.64,296.824155,360.6696,17,
2026-03-30 09:30:00,359.78,359.78,359.78,359.78,96.0,359.7605,10,
2026-03-30 09:31:00,359.7963,359.81,359.7963,359.81,435.349088,360.0671,28,
2026-03-30 09:32:00,359.65,359.65,359.5,359.5,570.994352,360.2249,61,
2026-03-30 09:33:00,359.39,359.48,359.39,359.48,557.050392,359.4839,40,
2026-03-30 09:34:00,359.4,359.51,359.3,359.3,1854.398162,359.5549,58,
2026-03-30 09:35:00,359.58,359.58,359.58,359.58,167.123042,359.7971,23,
2026-03-30 09:36:00,359.5,359.5,359.5,359.5,168.0,359.4865,14,
2026-03-30 09:38:00,359.97,359.97,359.5,359.5,334.6,360.2897,20,
2026-03-30 09:40:00,359.49,359.5,359.49,359.5,369.083312,359.592,21,
2026-03-30 09:42:00,359.45,359.5,359.32,359.32,1607.071362,359.4297,49,
2026-03-30 09:43:00,359.57,359.57,359.43,359.43,572.215518,359.6182,23,
2026-03-30 09:44:00,359.58,359.58,359.58,359.58,240.960911,360.9573,17,
2026-03-30 09:45:00,359.37,359.37,359.37,359.37,136.06,359.5461,11,
2026-03-30 09:46:00,359.7318,359.7318,359.7318,359.7318,210.89535,361.1308,24,
2026-03-30 09:47:00,359.62,359.62,359.62,359.62,174.0,359.5911,12,
2026-03-30 09:49:00,359.61,359.61,359.61,359.61,224.051154,359.6961,19,
2026-03-30 09:50:00,359.53,359.53,359.53,359.53,406.457035,359.9589,33,
2026-03-30 09:51:00,359.52,359.52,359.52,359.52,266.0,359.5648,21,
2026-03-30 09:52:00,359.6,359.71,359.6,359.7,1742.375827,359.7301,43,
2026-03-30 09:53:00,359.63,359.63,359.63,359.63,205.0,359.6333,24,
2026-03-30 09:56:00,359.6,359.6,359.6,359.6,406.62,360.1562,28,
2026-03-30 09:58:00,359.65,359.65,359.65,359.65,142.0,359.6428,9,
2026-03-30 09:59:00,359.58,359.6,359.56,359.56,513.373401,359.824,45,
2026-03-30 10:01:00,359.5,359.5,359.4,359.4,512.126084,359.5301,47,
2026-03-30 10:04:00,359.21,359.21,359.21,359.21,365.358179,359.6256,61,
2026-03-30 10:05:00,359.21,359.48,359.21,359.48,628.011165,359.3246,31,
2026-03-30 10:06:00,359.48,359.48,359.38,359.38,441.390952,359.7726,13,
2026-03-30 10:07:00,359.48,359.48,359.48,359.48,432.210093,359.6494,17,
2026-03-30 10:09:00,359.46,359.5,359.46,359.5,462.0,359.4826,18,
2026-03-30 10:10:00,359.5,359.5,359.5,359.5,356.3174,359.8486,30,
2026-03-30 10:11:00,359.41,359.41,359.41,359.41,89.184294,360.2139,18,
2026-03-30 10:12:00,359.41,359.41,359.23,359.23,964.377815,359.5194,41,
2026-03-30 10:13:00,359.37,359.37,359.2,359.2,246.0,359.2863,27,
2026-03-30 10:15:00,359.06,359.06,359.06,359.06,123.110909,359.5234,22,
2026-03-30 10:17:00,359.25,359.25,359.25,359.25,217.010901,359.2396,16,
2026-03-30 10:18:00,359.28,359.28,359.16,359.16,617.0,359.2645,20,
2026-03-30 10:19:00,359.26,359.3,359.26,359.28,432.156762,359.4028,34,
2026-03-30 10:20:00,359.34,359.4961,359.34,359.4961,493.684649,359.913,14,
2026-03-30 10:22:00,359.5,359.5,359.5,359.5,218.349241,359.9942,19,
2026-03-30 10:23:00,359.3709,359.38,359.3709,359.38,224.156306,359.6212,19,
2026-03-30 10:25:00,359.33,359.4,359.33,359.4,329.0,359.3732,16,
2026-03-30 10:28:00,359.34,359.34,359.34,359.34,418.096221,359.4277,25,
2026-03-30 10:31:00,359.3348,359.3348,359.2,359.2,758.297006,359.3652,59,
2026-03-30 10:32:00,359.0653,359.3,359.0653,359.27,1468.090967,359.2444,68,
2026-03-30 10:33:00,359.4,359.4,359.35,359.35,2239.0,359.3566,25,
2026-03-30 10:34:00,359.35,359.39,359.11,359.29,10510.033494,359.3045,77,
2026-03-30 10:35:00,359.25,359.25,359.25,359.25,168.28869,359.9342,27,
2026-03-30 10:36:00,359.31,359.39,359.29,359.39,754.0,359.3162,30,
2026-03-30 10:37:00,359.1,359.1,359.1,359.1,177.555115,360.3044,16,
2026-03-30 10:38:00,359.18,359.18,359.0,359.0,922.0,359.0444,72,
2026-03-30 10:39:00,359.0,359.0,359.0,359.0,708.0,359.0081,109,
2026-03-30 10:40:00,358.95,358.95,358.95,358.95,81.002791,358.9835,15,
2026-03-30 10:41:00,358.9,358.9,358.9,358.9,274.03,359.0204,20,
2026-03-30 10:42:00,359.1,359.1,359.0,359.0,999.000487,359.0524,19,
2026-03-30 10:43:00,358.99,358.99,358.98,358.98,465.018536,359.0117,52,
2026-03-30 10:44:00,359.0,359.0,359.0,359.0,183.0,359.0305,19,
2026-03-30 10:45:00,359.1,359.1,359.1,359.1,202.952578,360.8116,18,
2026-03-30 10:46:00,359.06,359.06,359.06,359.06,164.0,359.1344,18,
2026-03-30 10:47:00,359.21,359.21,359.21,359.21,203.388854,359.9368,20,
2026-03-30 10:48:00,359.2051,359.2051,359.2,359.2,315.078846,359.3167,22,
2026-03-30 10:49:00,359.26,359.26,359.25,359.25,288.481738,359.8839,17,
2026-03-30 10:50:00,359.35,359.54,359.35,359.54,371.5,359.9362,36,
2026-03-30 10:52:00,359.5,359.5178,359.3,359.33,958.0,359.4415,33,
2026-03-30 10:53:00,359.39,359.39,359.39,359.39,349.0,359.3907,16,
2026-03-30 10:54:00,359.45,359.49,359.45,359.49,290.0,359.4397,19,
2026-03-30 10:55:00,359.45,359.45,359.45,359.45,149.055733,359.5788,21,
2026-03-30 10:56:00,359.37,359.5,359.26,359.26,2384.0,359.4548,68,
2026-03-30 10:57:00,359.25,359.32,359.24,359.32,1159.216652,359.3468,52,
2026-03-30 10:58:00,359.29,359.29,359.13,359.13,327.139106,359.3694,31,
2026-03-30 10:59:00,359.15,359.15,359.05,359.05,981.846229,359.4314,55,
2026-03-30 11:00:00,359.26,359.45,359.0,359.2,9635.364,359.1407,335,
2026-03-30 11:01:00,359.05,359.51,359.05,359.35,3572.0,359.3646,86,
2026-03-30 11:02:00,359.3,359.4,359.29,359.4,2804.0,359.3728,34,
2026-03-30 11:03:00,359.26,359.31,359.226,359.25,2308.524485,359.3503,70,
2026-03-30 11:04:00,359.2,359.2,359.08,359.2,2931.0,359.1408,120,
2026-03-30 11:05:00,359.2,359.2,359.12,359.12,1345.565224,359.31,53,
2026-03-30 11:06:00,359.12,359.27,359.0899,359.0899,2372.0,359.197,53,
2026-03-30 11:07:00,359.29,359.44,359.2062,359.44,1486.994436,359.6219,49,
2026-03-30 11:08:00,359.36,359.4,359.0,359.0824,2607.688,359.3421,139,
2026-03-30 11:09:00,359.3,359.4996,359.3,359.35,961.0,359.3627,62,
2026-03-30 11:10:00,359.39,359.4,359.24,359.24,711.511882,359.5865,68,
2026-03-30 11:11:00,359.3,359.4,359.25,359.4,1047.0,359.3323,46,
2026-03-30 11:12:00,359.4,359.5,359.21,359.21,1009.0,359.3457,52,
2026-03-30 11:13:00,359.4,359.4,359.2,359.2,219.149237,359.5413,23,
2026-03-30 11:14:00,359.2,359.31,359.2,359.31,484.025043,359.3008,42,
2026-03-30 11:15:00,359.2,359.35,359.2,359.25,1117.012057,359.2728,46,
2026-03-30 11:16:00,359.25,359.2753,359.25,359.2753,579.0,359.2757,39,
2026-03-30 11:17:00,359.34,359.5,359.34,359.5,1132.571,359.622,73,
2026-03-30 11:18:00,359.49,359.7,359.49,359.7,5887.399648,359.6023,138,
2026-03-30 11:19:00,359.75,359.82,359.6,359.75,3058.781992,359.8299,145,
2026-03-30 11:20:00,359.82,359.98,359.63,359.82,5723.770421,359.8236,146,
2026-03-30 11:21:00,359.75,359.8588,359.75,359.82,1868.428035,359.895,57,
2026-03-30 11:22:00,359.7,359.9,359.7,359.8,2088.0,359.7642,62,
2026-03-30 11:23:00,359.9,359.9,359.78,359.79,6959.246892,359.8868,68,
2026-03-30 11:24:00,359.89,359.94,359.7,359.75,993.954812,360.1913,65,
2026-03-30 11:25:00,359.75,359.7564,359.7,359.7,639.262042,359.8775,64,
2026-03-30 11:26:00,359.7289,360.58,359.7,360.4751,20975.721573,360.1782,594,
2026-03-30 11:27:00,360.19,360.65,360.0,360.11,4819.278778,360.2648,220,
2026-03-30 11:28:00,360.21,360.4263,359.67,360.2,3570.44427,360.0528,114,
2026-03-30 11:29:00,360.1,360.25,360.0,360.18,2228.48467,360.2972,81,
2026-03-30 11:30:00,360.19,360.3,359.8939,359.8939,2250.767,359.76,96,
2026-03-30 11:31:00,359.86,360.0,359.5737,359.9812,2447.0101,359.8439,85,
2026-03-30 11:32:00,359.88,360.15,359.68,360.01,2722.042368,360.0046,81,
2026-03-30 11:33:00,360.0,360.0,359.91,359.91,1379.91843,360.2364,89,
2026-03-30 11:34:00,359.82,359.89,359.5737,359.69,1030.057,359.7982,54,
2026-03-30 11:35:00,360.0,360.16,360.0,360.16,1222.17,360.044,67,
2026-03-30 11:36:00,360.01,360.17,360.0,360.17,545.631183,360.4359,52,
2026-03-30 11:37:00,360.1,360.1,359.8,359.97,930.021479,359.9861,63,
2026-03-30 11:38:00,359.8,359.9606,359.8,359.9606,932.446675,360.0135,55,
2026-03-30 11:39:00,359.8,359.8,359.8,359.8,484.161207,359.9263,50,
2026-03-30 11:40:00,359.8,359.92,359.7,359.85,1240.067492,359.817,73,
2026-03-30 11:41:00,359.7026,359.8806,359.7026,359.8806,199.072708,359.9659,30,
2026-03-30 11:42:00,359.8944,359.9436,359.7,359.8024,1596.0,359.8618,52,
2026-03-30 11:43:00,359.9,360.0,359.8,359.825,1651.416416,360.0469,78,
2026-03-30 11:44:00,359.84,359.9727,359.84,359.8732,857.770084,360.2371,61,
2026-03-30 11:45:00,359.85,359.85,359.85,359.85,503.063652,359.8828,56,
2026-03-30 11:46:00,359.86,359.93,359.65,359.7144,1236.100638,359.8566,48,
2026-03-30 11:47:00,359.73,359.93,359.7004,359.93,524.329349,359.9911,39,
2026-03-30 11:48:00,359.6906,359.81,359.6906,359.81,371.0,359.7755,31,
2026-03-30 11:49:00,359.8,359.9,359.78,359.9,478.284996,360.0282,39,
2026-03-30 11:50:00,359.9,359.9999,359.9,359.9999,4207.947207,360.0581,64,
2026-03-30 11:51:00,359.9931,360.0,359.8793,359.961,2720.0,359.9741,86,
2026-03-30 11:52:00,359.9364,359.98,359.8,359.8499,797.093977,359.8856,44,
2026-03-30 11:53:00,359.85,359.87,359.7,359.87,1328.092108,359.8111,62,
2026-03-30 11:54:00,359.87,359.9,359.6542,359.9,2844.094856,359.8175,54,
2026-03-30 11:55:00,359.81,359.81,359.72,359.72,701.001915,359.7689,81,
2026-03-30 11:56:00,359.6,359.66,359.5,359.5,1804.033557,359.5997,109,
2026-03-30 11:57:00,359.5,359.5,359.4,359.4,536.3003,359.6882,51,
2026-03-30 11:58:00,359.5,359.65,359.4985,359.65,1341.0,359.5848,72,
2026-03-30 11:59:00,359.37,359.63,359.37,359.5,1190.416787,359.6746,57,
2026-03-30 12:00:00,359.6,359.6,359.37,359.37,6892.985145,359.6126,107,
2026-03-30 12:01:00,359.4661,359.51,359.37,359.37,6780.630381,359.4384,110,
2026-03-30 12:02:00,359.34,359.4043,359.1,359.25,3469.050327,359.2816,168,
2026-03-30 12:03:00,359.43,359.48,359.37,359.42,1133.738556,359.6578,58,
2026-03-30 12:04:00,359.36,359.36,359.35,359.35,437.391555,359.7145,37,
2026-03-30 12:05:00,359.31,359.51,359.31,359.45,4184.26554,359.4479,190,
2026-03-30 12:06:00,359.33,359.54,359.33,359.5,3171.403323,359.5121,68,
2026-03-30 12:07:00,359.5,359.68,359.42,359.5,4720.144684,359.0601,356,
2026-03-30 12:08:00,359.44,359.48,359.379,359.41,1432.0,358.9417,102,
2026-03-30 12:09:00,359.48,359.5,359.44,359.4779,582.0,359.4609,48,
2026-03-30 12:10:00,359.5,359.5,359.3835,359.49,1748.007371,359.489,64,
2026-03-30 12:11:00,359.33,359.38,359.33,359.38,1003.906721,359.6814,66,
2026-03-30 12:12:00,359.3108,359.45,359.31,359.31,2628.0,359.3424,44,
2026-03-30 12:13:00,359.36,359.4499,359.24,359.4499,4376.0,359.3858,62,
2026-03-30 12:14:00,359.3,359.35,359.3,359.35,898.011129,359.3233,39,
2026-03-30 12:15:00,359.3578,359.38,359.3,359.35,474.0,359.3449,33,
2026-03-30 12:16:00,359.38,359.51,359.3,359.51,2544.204228,359.442,99,
2026-03-30 12:17:00,359.55,359.682,359.55,359.682,581.020575,359.6521,45,
2026-03-30 12:18:00,359.8487,359.8487,359.66,359.73,1656.836189,359.9189,66,
2026-03-30 12:19:00,359.73,359.8342,359.73,359.8169,1570.011183,359.8043,76,
2026-03-30 12:20:00,359.7369,359.85,359.7369,359.85,373.027789,359.8244,37,
2026-03-30 12:21:00,359.72,359.85,359.68,359.85,2675.07228,359.7574,96,
2026-03-30 12:22:00,359.8,360.0,359.8,359.85,5860.509805,359.9849,129,
2026-03-30 12:23:00,359.85,360.0,359.85,359.9048,3189.004225,359.9454,63,
2026-03-30 12:24:00,360.0,360.0,359.9085,359.91,1087.228945,360.0318,76,
2026-03-30 12:25:00,359.98,359.98,359.75,359.75,1023.76678,360.1699,49,
2026-03-30 12:26:00,359.93,359.9605,359.83,359.83,783.243621,360.0443,94,
2026-03-30 12:27:00,359.96,359.97,359.93,359.95,3458.033334,359.9504,116,
2026-03-30 12:28:00,360.0,360.0,359.93,359.94,2222.314722,360.0327,110,
2026-03-30 12:29:00,359.974,360.0,359.91,359.95,3319.401776,360.0149,84,
2026-03-30 12:30:00,359.85,359.99,359.8,359.99,811.01401,359.8925,77,
2026-03-30 12:31:00,359.96,360.0,359.855,360.0,2075.808783,360.0751,73,
2026-03-30 12:32:00,359.9,360.3216,359.79,360.2195,4743.647472,360.0221,159,
2026-03-30 12:33:00,360.3,360.3499,360.2999,360.2999,961.455972,360.4617,80,
2026-03-30 12:34:00,360.23,360.3,360.07,360.07,2533.7,360.324,102,
2026-03-30 12:35:00,360.1,360.2,360.0325,360.0915,909.05554,360.1491,58,
2026-03-30 12:36:00,360.1794,360.19,360.0,360.1758,2289.0,360.0972,92,
2026-03-30 12:37:00,360.0859,360.25,360.0608,360.25,1209.691466,360.3952,68,
2026-03-30 12:38:00,360.2164,360.3,360.17,360.3,3095.0,360.2681,90,
2026-03-30 12:39:00,360.3,360.3,360.21,360.21,2714.014707,360.2487,93,
2026-03-30 12:40:00,360.25,360.25,359.99,360.0,2379.677988,360.1384,153,
2026-03-30 12:41:00,360.0,360.24,359.9,359.9,2134.69,360.125,97,
2026-03-30 12:42:00,360.0,360.0,359.83,359.83,296.081179,360.0663,58,
2026-03-30 12:43:00,359.974,359.974,359.82,359.82,799.01125,359.9223,56,
2026-03-30 12:44:00,359.83,359.85,359.65,359.8,2878.537307,359.8352,155,
2026-03-30 12:45:00,359.79,359.79,359.59,359.65,3320.765654,359.7343,140,
2026-03-30 12:46:00,359.83,359.98,359.7524,359.98,819.72,360.1601,77,
2026-03-30 12:47:00,359.76,359.83,359.76,359.7843,677.005487,359.8299,46,
2026-03-30 12:48:00,359.93,359.9706,359.8998,359.8998,689.007928,359.9379,44,
2026-03-30 12:49:00,359.9,360.0,359.7228,360.0,1822.07322,359.9016,111,
2026-03-30 12:50:00,360.0,360.0,359.8,360.0,2545.83147,360.0282,84,
2026-03-30 12:51:00,359.9092,359.9092,359.75,359.8,1528.0,359.8247,73,
2026-03-30 12:52:00,359.9,360.35,359.85,360.29,8038.09167,360.0618,177,
2026-03-30 12:53:00,360.3303,360.61,360.3214,360.49,3002.588561,360.5289,163,
2026-03-30 12:54:00,360.48,360.49,360.29,360.29,5046.037,360.3835,128,
2026-03-30 12:55:00,360.2768,360.41,360.2,360.2,4012.595182,360.3867,66,
2026-03-30 12:56:00,360.2,360.3513,360.2,360.21,960.00555,360.2305,59,
2026-03-30 12:57:00,360.3,360.33,360.1,360.23,965.0,360.2053,76,
2026-03-30 12:58:00,360.14,360.15,360.1,360.1,855.07258,360.192,40,
2026-03-30 12:59:00,360.29,360.3,360.25,360.3,5050.0,360.2632,95,
2026-03-30 13:00:00,360.3,360.5,360.3,360.4439,2427.92693,360.5165,104,
2026-03-30 13:01:00,360.47,360.6,360.32,360.5,3971.042483,360.4912,150,
2026-03-30 13:02:00,360.65,360.65,360.5,360.57,1748.583128,360.6642,80,
2026-03-30 13:03:00,360.5,360.85,360.5,360.85,7562.965214,360.4404,271,
2026-03-30 13:04:00,360.7577,360.8,360.37,360.45,3018.674684,360.5986,120,
2026-03-30 13:05:00,360.7,360.7,360.17,360.17,2636.207707,360.361,134,
2026-03-30 13:06:00,360.11,360.3859,360.01,360.1,3067.490057,360.2164,101,
2026-03-30 13:07:00,360.26,360.3649,360.19,360.2,1751.0,360.2388,83,
2026-03-30 13:08:00,360.15,360.24,359.86,359.86,3118.229474,360.0995,177,
2026-03-30 13:09:00,360.0,360.0,359.9,359.97,1266.300131,360.0341,71,
2026-03-30 13:10:00,359.97,360.0,359.8966,360.0,1565.036833,360.0044,72,
2026-03-30 13:11:00,360.25,360.25,360.0,360.08,1791.558925,360.1797,94,
2026-03-30 13:12:00,360.25,360.3532,360.25,360.2832,1143.2,360.354,62,
2026-03-30 13:13:00,360.28,360.29,360.02,360.29,2047.080499,360.2135,81,
2026-03-30 13:14:00,360.27,360.38,360.1866,360.38,3449.439458,360.33,129,
2026-03-30 13:15:00,360.4,360.46,360.21,360.39,1811.062592,360.3934,91,
2026-03-30 13:16:00,360.2217,360.28,360.17,360.28,1020.0,360.242,86,
2026-03-30 13:17:00,360.3643,360.6,360.24,360.6,2480.627217,360.5466,116,
2026-03-30 13:18:00,360.6077,360.7,360.49,360.7,2945.371953,360.6639,122,
2026-03-30 13:19:00,360.78,360.78,360.613,360.7,1798.0,360.6722,87,
2026-03-30 13:20:00,360.6659,360.78,360.57,360.78,2858.127801,360.6872,145,
2026-03-30 13:21:00,360.78,361.0,360.7,360.7,6688.639995,360.9391,215,
2026-03-30 13:22:00,360.63,360.7,360.45,360.5,3223.0,360.5534,164,
2026-03-30 13:23:00,360.4,360.5,360.37,360.43,1943.0,360.4279,101,
2026-03-30 13:24:00,360.45,360.4988,360.15,360.15,5002.019538,360.3602,202,
2026-03-30 13:25:00,360.2,361.4,360.2,361.3,9313.502688,360.9015,382,
2026-03-30 13:26:00,361.3,361.4,360.7,360.9,3031.002773,361.1363,157,
2026-03-30 13:27:00,360.76,361.93,360.7,361.8,10394.713441,361.438,304,
2026-03-30 13:28:00,362.69,362.98,361.9,362.24,44107.119624,362.2706,862,
2026-03-30 13:29:00,362.39,362.4,361.87,361.96,14544.199437,362.1275,362,
2026-03-30 13:30:00,361.895,362.0,358.37,359.9025,854500.655271,361.1973,25502,
2026-03-30 13:31:00,360.0,361.25,360.0,361.0801,214954.258251,360.7559,5557,
2026-03-30 13:32:00,361.075,361.12,360.09,360.31,113717.260148,360.5246,4015,
2026-03-30 13:33:00,360.29,360.94,360.2001,360.625,122102.519127,360.6871,3511,
2026-03-30 13:34:00,360.62,360.9,359.755,360.0,114582.778417,360.4003,4344,
2026-03-30 13:35:00,360.065,360.54,359.55,360.19,157283.035494,360.0488,4236,
2026-03-30 13:36:00,360.1932,360.3699,359.9,360.117,117613.905241,360.1557,3560,
2026-03-30 13:37:00,360.0,360.59,359.92,360.51,124280.214677,360.2814,3544,
2026-03-30 13:38:00,360.55,361.37,360.42,361.2899,183179.414682,360.8058,4975,
2026-03-30 13:39:00,361.2,361.5,361.04,361.345,123140.280253,361.3237,3516,
2026-03-30 13:40:00,361.3937,361.41,360.63,360.855,81493.844993,361.0217,2631,
2026-03-30 13:41:00,360.87,361.25,360.52,360.775,101606.386725,360.9076,3163,
2026-03-30 13:42:00,360.84,361.06,360.53,360.58,64081.630415,360.8883,2645,
2026-03-30 13:43:00,360.5751,360.73,359.6501,360.0385,103196.055532,360.0856,3602,
2026-03-30 13:44:00,360.0,360.27,359.75,359.92,85628.272327,360.0062,2956,
2026-03-30 13:45:00,359.9,360.35,359.9,360.175,95659.936298,360.1197,3177,
2026-03-30 13:46:00,360.13,360.4,359.98,360.28,62359.333835,360.1923,2609,
2026-03-30 13:47:00,360.2906,361.03,360.23,360.84,84377.847683,360.6845,2955,
2026-03-30 13:48:00,360.84,360.97,360.5,360.545,120822.337746,360.6799,3742,
2026-03-30 13:49:00,360.57,360.57,359.94,360.03,70431.609158,360.2547,3128,
2026-03-30 13:50:00,360.04,360.4,359.5,360.04,100729.48729,359.9594,3413,
2026-03-30 13:51:00,360.025,360.43,360.025,360.24,60279.22488,360.2257,2422,
2026-03-30 13:52:00,360.2651,360.65,360.13,360.41,93911.616797,360.3891,2978,
2026-03-30 13:53:00,360.335,361.2,360.2,360.99,137287.976512,360.7603,3716,
2026-03-30 13:54:00,360.97,361.29,360.92,360.97,72664.537116,361.1356,2306,
2026-03-30 13:55:00,360.975,361.11,360.37,360.7,95559.983455,360.723,3107,
2026-03-30 13:56:00,360.65,361.08,360.6101,361.04,62167.827262,360.87,2563,
2026-03-30 13:57:00,361.03,361.33,361.0,361.18,92455.705155,361.1781,3154,
2026-03-30 13:58:00,361.09,361.286,360.7801,360.825,77369.199627,361.0104,2544,
2026-03-30 13:59:00,360.82,360.99,360.54,360.54,74652.243418,360.785,2493,
2026-03-30 14:00:00,360.56,360.84,360.4,360.605,63123.449322,360.6303,2716,
2026-03-30 14:01:00,360.55,360.61,359.79,359.99,90358.672786,360.138,3595,
2026-03-30 14:02:00,360.0,361.0,359.76,360.73,128929.595974,360.3702,3787,
2026-03-30 14:03:00,360.7436,360.96,360.25,360.3447,55524.136267,360.4808,2322,
2026-03-30 14:04:00,360.35,360.44,360.04,360.245,80195.548756,360.248,2439,
2026-03-30 14:05:00,360.245,360.34,359.76,360.065,91602.111861,360.0806,3316,
2026-03-30 14:06:00,360.065,360.24,359.76,360.2097,61323.678266,360.0034,2550,
2026-03-30 14:07:00,360.23,360.74,360.11,360.55,63646.228175,360.4398,2487,
2026-03-30 14:08:00,360.57,360.86,360.3701,360.765,80531.055484,360.5969,2455,
2026-03-30 14:09:00,360.765,361.0599,360.59,361.02,62400.020593,360.816,2280,
2026-03-30 14:10:00,360.98,361.2999,360.42,360.615,83538.072179,360.9646,2881,
2026-03-30 14:11:00,360.615,360.97,360.565,360.945,42294.139146,360.8086,1982,
2026-03-30 14:12:00,360.945,361.08,360.7146,360.8,64096.593014,360.9325,2318,
2026-03-30 14:13:00,360.775,361.2,360.6812,361.03,74547.616399,360.9102,2550,
2026-03-30 14:14:00,360.98,361.2,360.59,360.8,46353.709898,360.9158,2156,
2026-03-30 14:15:00,360.77,360.87,360.6,360.7,34314.903194,360.7354,1943,
2026-03-30 14:16:00,360.74,361.47,360.6601,361.46,98888.189745,361.1571,3341,
2026-03-30 14:17:00,361.48,361.5,360.9,361.22,170638.401704,361.0566,2411,
2026-03-30 14:18:00,361.225,361.28,360.44,360.76,68692.456351,360.8151,2516,
2026-03-30 14:19:00,360.8399,361.02,360.5601,360.9899,44984.71006,360.8147,1964,
2026-03-30 14:20:00,360.965,361.3,360.84,361.14,52818.803992,361.1249,2134,
2026-03-30 14:21:00,361.1,361.64,361.09,361.48,66287.245781,361.38,2430,
2026-03-30 14:22:00,361.52,362.58,361.44,362.37,202899.712611,361.8784,4549,
2026-03-30 14:23:00,362.405,362.405,361.86,362.184,82002.869368,362.0785,2593,
2026-03-30 14:24:00,362.19,362.5786,362.16,362.47,70182.948047,362.4202,2517,
2026-03-30 14:25:00,362.485,362.5599,361.95,362.05,118467.744238,362.1917,4133,
2026-03-30 14:26:00,362.055,362.5399,361.86,362.495,116698.545018,362.3114,2743,
2026-03-30 14:27:00,362.495,362.61,362.235,362.355,95401.361328,362.4256,2443,
2026-03-30 14:28:00,362.35,362.58,362.13,362.29,124335.985077,362.3459,3334,
2026-03-30 14:29:00,362.29,362.66,362.25,362.49,69748.621246,362.4961,2364,
2026-03-30 14:30:00,362.47,362.78,362.39,362.55,92974.099524,362.5917,2808,
2026-03-30 14:31:00,362.55,362.88,362.5,362.863,100191.456724,362.6962,2524,
2026-03-30 14:32:00,362.83,363.33,362.7,363.25,131284.371094,363.0757,3826,
2026-03-30 14:33:00,363.25,363.8,363.15,363.71,121978.529049,363.4983,3442,
2026-03-30 14:34:00,363.67,363.93,363.54,363.92,154699.215184,363.7804,3621,
2026-03-30 14:35:00,363.9,363.93,363.41,363.59,136958.468264,363.6115,3255,
2026-03-30 14:36:00,363.63,364.16,363.4301,363.73,125672.221769,363.8102,3564,
2026-03-30 14:37:00,363.67,363.7099,363.27,363.53,80077.799622,363.5024,2916,
2026-03-30 14:38:00,363.49,363.89,363.35,363.66,92482.328507,363.5517,2862,
2026-03-30 14:39:00,363.64,363.75,363.295,363.6704,75096.103076,363.5094,2769,
2026-03-30 14:40:00,363.6765,364.12,363.575,363.61,137037.684422,363.9358,2886,
2026-03-30 14:41:00,363.6,363.7095,363.15,363.18,83096.490609,363.3358,2786,
2026-03-30 14:42:00,363.17,363.28,362.84,363.02,77147.633586,363.0544,2682,
2026-03-30 14:43:00,363.05,363.56,363.025,363.358,60529.829831,363.3483,2347,
2026-03-30 14:44:00,363.33,363.8,363.26,363.7,98396.382929,363.5823,3119,
2026-03-30 14:45:00,363.74,364.31,363.71,364.2906,133994.257339,364.0156,3648,
2026-03-30 14:46:00,364.29,364.97,364.27,364.89,145155.862257,364.6164,4197,
2026-03-30 14:47:00,364.89,364.89,364.15,364.46,130815.174692,364.4484,4071,
2026-03-30 14:48:00,364.475,364.52,363.84,363.89,111529.983939,364.1972,3557,
2026-03-30 14:49:00,363.88,363.96,363.41,363.64,103548.094635,363.7197,3088,
2026-03-30 14:50:00,363.67,364.2,363.43,364.02,75639.579329,363.8674,2524,
2026-03-30 14:51:00,364.02,364.055,363.6078,363.715,78261.5958,363.883,2526,
2026-03-30 14:52:00,363.7,364.35,363.685,364.315,88003.5738,364.019,2677,
2026-03-30 14:53:00,364.315,364.94,364.28,364.89,107795.437228,364.6128,3213,
2026-03-30 14:54:00,364.85,365.17,364.6,365.07,145035.515725,364.9406,3982,
2026-03-30 14:55:00,365.123,365.123,364.66,364.9,110883.727815,364.9022,3181,
2026-03-30 14:56:00,364.9,365.19,364.8,365.12,128602.881578,364.9295,2883,
2026-03-30 14:57:00,365.125,365.29,364.61,365.19,125498.809292,364.9325,3537,
2026-03-30 14:58:00,365.22,365.335,365.03,365.07,141314.407137,365.1546,3192,
2026-03-30 14:59:00,365.0301,365.13,364.68,364.95,88810.92313,364.9049,2452,
2026-03-30 15:00:00,364.94,365.3399,364.7566,364.96,122902.340978,365.0447,3152,
2026-03-30 15:01:00,364.92,365.0,364.56,364.6,94547.979657,364.8084,2798,
2026-03-30 15:02:00,364.5988,365.07,364.5988,364.96,129168.652528,364.9061,3383,
2026-03-30 15:03:00,364.95,365.03,364.8768,364.995,82773.185498,364.9746,2443,
2026-03-30 15:04:00,365.0,365.13,364.7811,365.1,101099.879008,364.9823,2805,
2026-03-30 15:05:00,365.13,365.36,365.0101,365.175,118696.28808,365.1794,2809,
2026-03-30 15:06:00,365.16,365.195,364.78,364.925,75409.858761,365.0236,2545,
2026-03-30 15:07:00,364.9,365.0,364.4,364.45,76150.726067,364.6755,2593,
2026-03-30 15:08:00,364.435,364.5182,364.02,364.37,73385.064336,364.2724,2603,
2026-03-30 15:09:00,364.385,364.55,363.76,363.89,206227.33673,363.9646,3716,
2026-03-30 15:10:00,363.86,364.14,363.82,363.82,241344.023083,363.9863,4583,
2026-03-30 15:11:00,363.815,363.89,363.59,363.68,98989.053869,363.7593,2802,
2026-03-30 15:12:00,363.67,363.84,363.6035,363.71,79550.629037,363.7245,2548,
2026-03-30 15:13:00,363.7516,363.86,363.4118,363.5,130247.867321,363.6312,3589,
2026-03-30 15:14:00,363.48,363.48,362.7475,362.945,147580.700728,363.0903,3541,
2026-03-30 15:15:00,362.95,362.99,362.79,362.965,77754.095631,362.8924,2362,
2026-03-30 15:16:00,362.97,363.1899,362.78,363.14,128733.611059,362.9121,3392,
2026-03-30 15:17:00,363.1,363.36,362.96,363.22,109957.519733,363.1898,2915,
2026-03-30 15:18:00,363.165,363.17,362.88,363.16,40060.162792,363.0461,1726,
2026-03-30 15:19:00,363.17,363.24,362.99,363.07,66247.880753,363.1499,2109,
2026-03-30 15:20:00,363.02,363.1,362.72,362.9,45938.532652,362.92,1873,
2026-03-30 15:21:00,362.89,362.9499,362.7565,362.82,33057.965803,362.8725,1669,
2026-03-30 15:22:00,362.83,362.86,362.6401,362.81,39982.232713,362.7277,1767,
2026-03-30 15:23:00,362.805,363.1,362.7901,363.02,200281.440865,362.852,2243,
2026-03-30 15:24:00,363.02,363.19,362.89,363.0199,170398.418346,363.0379,3480,
2026-03-30 15:25:00,363.015,363.55,362.97,363.355,199048.174665,363.1338,3686,
2026-03-30 15:26:00,363.36,363.45,363.05,363.2337,79132.551121,363.2491,2769,
2026-03-30 15:27:00,363.2499,363.275,362.9501,363.0,143346.260522,363.0586,3171,
2026-03-30 15:28:00,363.0,363.01,362.8401,362.92,49665.207608,362.9674,1869,
2026-03-30 15:29:00,362.94,363.06,362.73,362.97,63199.666892,362.8858,2139,
2026-03-30 15:30:00,362.97,363.06,362.745,362.915,80589.942967,362.904,2134,
2026-03-30 15:31:00,362.9264,363.12,362.9,363.0,137093.331192,363.0034,2921,
2026-03-30 15:32:00,363.0,363.14,362.91,362.995,147917.524187,363.0058,2860,
2026-03-30 15:33:00,362.995,363.15,362.8,362.9684,194106.571942,362.974,3173,
2026-03-30 15:34:00,362.95,363.45,362.94,363.34,97674.075172,363.1842,2999,
2026-03-30 15:35:00,363.345,363.75,363.2501,363.4999,93981.776018,363.4883,2833,
2026-03-30 15:36:00,363.4651,363.6499,363.35,363.57,65602.855044,363.5139,2063,
2026-03-30 15:37:00,363.52,363.58,363.4,363.5,109193.32938,363.4971,2467,
2026-03-30 15:38:00,363.5,363.77,363.49,363.73,45930.851828,363.651,1945,
2026-03-30 15:39:00,363.73,363.76,363.26,363.525,44287.683936,363.4627,1975,
2026-03-30 15:40:00,363.48,363.6,363.32,363.6,30134.525257,363.4601,1486,
2026-03-30 15:41:00,363.65,364.19,363.5601,364.18,62245.878173,363.9502,2366,
2026-03-30 15:42:00,364.21,364.2487,364.06,364.21,45593.559307,364.1577,1808,
2026-03-30 15:43:00,364.18,364.45,364.07,364.375,59208.301604,364.2654,1985,
2026-03-30 15:44:00,364.37,364.55,364.225,364.365,67949.971128,364.4067,1927,
2026-03-30 15:45:00,364.3825,364.39,363.91,364.0321,65716.43294,364.1502,2226,
2026-03-30 15:46:00,364.06,364.5,363.93,364.47,58343.968177,364.2594,2223,
2026-03-30 15:47:00,364.4699,364.78,364.44,364.575,87719.218843,364.6653,2397,
2026-03-30 15:48:00,364.5519,364.8,364.5,364.69,71544.905632,364.6505,2356,
2026-03-30 15:49:00,364.69,364.85,364.6101,364.645,88192.015087,364.7372,2652,
2026-03-30 15:50:00,364.67,364.98,364.49,364.97,140732.420776,364.7951,3826,
2026-03-30 15:51:00,364.93,365.19,364.92,365.08,98472.091551,365.0529,2458,
2026-03-30 15:52:00,365.05,365.065,364.45,364.53,61206.960535,364.6341,2170,
2026-03-30 15:53:00,364.53,364.64,364.29,364.47,48686.251776,364.4937,1277,
2026-03-30 15:54:00,364.43,364.49,364.13,364.15,37129.14395,364.3663,1280,
2026-03-30 15:55:00,364.13,364.13,363.59,363.675,100593.923411,363.7524,2182,
2026-03-30 15:56:00,363.66,363.75,363.46,363.475,42790.304708,363.6423,1191,
2026-03-30 15:57:00,363.45,363.67,363.45,363.595,37423.869809,363.5852,1121,
2026-03-30 15:58:00,363.595,363.75,363.52,363.695,59705.046305,363.6839,1091,
2026-03-30 15:59:00,363.71,363.75,363.6,363.7,63504.00689,363.6959,1386,
2026-03-30 16:00:00,363.72,363.78,363.51,363.56,63669.981267,363.6783,1468,
2026-03-30 16:01:00,363.575,363.64,363.45,363.47,31239.506381,363.5359,1059,
2026-03-30 16:02:00,363.48,363.68,363.48,363.48,41957.92721,363.5819,1123,
2026-03-30 16:03:00,363.52,363.6499,363.415,363.43,40299.640358,363.5436,1238,
2026-03-30 16:04:00,363.4799,363.5999,363.25,363.2845,45212.0832,363.4197,1325,
2026-03-30 16:05:00,363.33,363.47,363.03,363.105,61715.517101,363.3129,1374,
2026-03-30 16:06:00,363.12,363.2399,362.9301,362.98,55721.482431,363.061,1410,
2026-03-30 16:07:00,363.015,363.15,362.8601,362.9,51736.350657,363.0305,1288,
2026-03-30 16:08:00,362.88,363.0399,362.85,363.0088,43057.624336,363.0053,947,
2026-03-30 16:09:00,362.99,363.21,362.98,363.06,55224.00975,363.0894,1199,
2026-03-30 16:10:00,363.06,363.4,363.0,363.37,46938.986647,363.2757,1341,
2026-03-30 16:11:00,363.37,363.47,363.28,363.33,70404.053887,363.3745,1597,
2026-03-30 16:12:00,363.38,363.51,363.32,363.4307,62642.58786,363.4309,1364,
2026-03-30 16:13:00,363.425,363.425,363.21,363.28,34339.662641,363.29,1034,
2026-03-30 16:14:00,363.29,363.3,363.07,363.235,74613.37605,363.1757,1423,
2026-03-30 16:15:00,363.235,363.26,363.0,363.1,42385.55666,363.1255,1203,
2026-03-30 16:16:00,363.08,363.14,362.74,362.77,56967.346428,362.9209,1495,
2026-03-30 16:17:00,362.79,363.0,362.7,362.9001,47406.870616,362.9064,1192,
2026-03-30 16:18:00,362.9,362.97,362.57,362.59,31099.513153,362.8069,1090,
2026-03-30 16:19:00,362.6,362.7799,362.5948,362.7,54744.446079,362.7874,932,
2026-03-30 16:20:00,362.69,362.8,362.6,362.7,29174.710675,362.6925,1034,
2026-03-30 16:21:00,362.72,362.74,362.47,362.62,37747.818161,362.5914,1303,
2026-03-30 16:22:00,362.64,362.7988,362.6308,362.785,38181.713236,362.7263,1185,
2026-03-30 16:23:00,362.7899,362.79,362.62,362.74,29099.468249,362.7204,977,
2026-03-30 16:24:00,362.735,362.8,362.62,362.68,29898.635307,362.7223,918,
2026-03-30 16:25:00,362.675,362.8,362.675,362.8,30766.517895,362.7681,924,
2026-03-30 16:26:00,362.79,362.79,362.64,362.71,33828.328979,362.718,1066,
2026-03-30 16:27:00,362.705,362.73,362.3501,362.3501,55745.846673,362.5921,1598,
2026-03-30 16:28:00,362.42,362.42,362.155,362.18,57625.621968,362.31,1512,
2026-03-30 16:29:00,362.22,362.28,361.97,362.0,110685.964554,362.0667,2499,
2026-03-30 16:30:00,362.0,362.03,361.82,361.92,66688.7323,361.9627,1708,
2026-03-30 16:31:00,361.97,362.01,361.89,361.93,129992.235587,361.9796,1656,
2026-03-30 16:32:00,361.91,362.02,361.81,362.0,84224.11145,361.9862,1318,
2026-03-30 16:33:00,361.9941,362.1,361.82,361.93,81798.824335,361.9776,1855,
2026-03-30 16:34:00,361.93,361.99,361.85,361.85,36011.926043,361.9285,1048,
2026-03-30 16:35:00,361.86,361.99,361.84,361.97,27379.525967,361.8967,999,
2026-03-30 16:36:00,361.99,362.0,361.82,361.93,48861.931147,361.9414,1252,
2026-03-30 16:37:00,361.92,362.01,361.85,361.91,74589.638928,361.9572,1395,
2026-03-30 16:38:00,361.89,361.97,361.8,361.91,34632.235686,361.8958,1149,
2026-03-30 16:39:00,361.93,362.0,361.7,361.795,139515.192782,361.7105,1309,
2026-03-30 16:40:00,361.765,361.84,361.38,361.45,108120.46681,361.6073,1958,
2026-03-30 16:41:00,361.4857,361.54,361.29,361.49,101075.980088,361.4168,1775,
2026-03-30 16:42:00,361.5,361.502,361.1,361.13,52564.604315,361.3727,1489,
2026-03-30 16:43:00,361.1,361.21,360.97,361.097,202024.614394,361.0282,3142,
2026-03-30 16:44:00,361.1,361.24,360.97,360.9801,90659.37686,361.1077,2145,
2026-03-30 16:45:00,361.0,361.1599,360.88,361.125,68082.262557,361.0121,1723,
2026-03-30 16:46:00,361.11,361.535,361.02,361.535,85550.425969,361.1575,1633,
2026-03-30 16:47:00,361.535,361.74,361.47,361.74,48992.952668,361.5771,1423,
2026-03-30 16:48:00,361.71,361.73,361.485,361.63,33677.125987,361.6059,1144,
2026-03-30 16:49:00,361.64,361.66,361.47,361.55,33694.589135,361.5647,1052,
2026-03-30 16:50:00,361.55,361.76,361.4,361.5755,33450.261868,361.5738,1135,
2026-03-30 16:51:00,361.605,362.12,361.51,362.1,44716.465791,361.8227,1309,
2026-03-30 16:52:00,362.1186,362.31,361.99,362.18,46952.246019,362.1448,1166,
2026-03-30 16:53:00,362.21,362.23,361.605,361.64,32985.190362,361.9738,1097,
2026-03-30 16:54:00,361.62,361.78,361.49,361.51,46996.642655,361.6499,1061,
2026-03-30 16:55:00,361.5599,361.65,361.08,361.145,62845.259457,361.3583,1612,
2026-03-30 16:56:00,361.17,361.41,361.01,361.38,71428.068954,361.2086,1601,
2026-03-30 16:57:00,361.36,361.55,361.36,361.44,37087.367638,361.4821,1110,
2026-03-30 16:58:00,361.43,361.48,361.21,361.4176,47934.31722,361.3775,1207,
2026-03-30 16:59:00,361.415,361.52,361.35,361.36,35294.832421,361.4505,1219,
2026-03-30 17:00:00,361.36,361.49,361.29,361.44,47226.35214,361.4288,1335,
2026-03-30 17:01:00,361.44,361.47,361.05,361.13,55237.667035,361.2964,1595,
2026-03-30 17:02:00,361.14,361.16,360.86,360.91,70204.605182,360.9799,1623,
2026-03-30 17:03:00,360.93,361.39,360.89,361.36,75970.373671,361.1603,1535,
2026-03-30 17:04:00,361.3722,361.53,361.07,361.1,35380.493072,361.2736,1108,
2026-03-30 17:05:00,361.11,361.31,360.95,361.25,72359.544546,361.124,1589,
2026-03-30 17:06:00,361.26,361.59,361.21,361.45,49485.386539,361.4685,1254,
2026-03-30 17:07:00,361.435,361.78,361.3,361.535,50775.431138,361.5611,1239,
2026-03-30 17:08:00,361.535,361.5351,361.16,361.26,25582.127516,361.314,814,
2026-03-30 17:09:00,361.25,361.25,361.02,361.026,36999.479575,361.1273,1063,
2026-03-30 17:10:00,361.06,361.1,360.79,360.8195,53416.61728,360.8989,1740,
2026-03-30 17:11:00,360.84,360.97,360.65,360.745,28585.279968,360.8689,1018,
2026-03-30 17:12:00,360.78,360.94,360.68,360.82,61945.881106,360.8577,1204,
2026-03-30 17:13:00,360.79,360.81,360.52,360.535,59522.204059,360.6559,1418,
2026-03-30 17:14:00,360.535,360.56,360.23,360.25,89453.578725,360.3612,2053,
2026-03-30 17:15:00,360.2498,360.57,359.79,359.84,164245.506587,360.0927,5440,
2026-03-30 17:16:00,359.89,359.96,359.5501,359.96,138647.436561,359.7458,2461,
2026-03-30 17:17:00,359.9601,360.055,359.83,359.99,83506.963392,359.9775,1638,
2026-03-30 17:18:00,359.99,360.02,359.8,359.995,103251.131163,359.9723,1537,
2026-03-30 17:19:00,360.0,360.03,359.87,359.91,55199.29697,359.9563,1151,
2026-03-30 17:20:00,359.89,360.0,359.83,359.8301,45267.340698,359.9326,1114,
2026-03-30 17:21:00,359.8301,359.96,359.62,359.66,52462.455319,359.7921,1462,
2026-03-30 17:22:00,359.65,359.94,359.55,359.71,102036.599096,359.6831,1746,
2026-03-30 17:23:00,359.68,359.74,359.59,359.605,171390.026194,359.6285,2549,
2026-03-30 17:24:00,359.61,359.61,359.43,359.45,89711.197399,359.4803,1924,
2026-03-30 17:25:00,359.45,359.56,359.31,359.41,63575.794288,359.4142,1732,
2026-03-30 17:26:00,359.43,359.64,359.38,359.49,97492.363365,359.4758,1790,
2026-03-30 17:27:00,359.49,359.49,359.13,359.175,61381.725378,359.2784,1722,
2026-03-30 17:28:00,359.175,359.8,359.14,359.7407,111291.224607,359.3646,1759,
2026-03-30 17:29:00,359.725,359.86,359.68,359.78,36463.8932,359.7673,1147,
2026-03-30 17:30:00,359.785,359.825,358.98,358.98,122781.354277,359.2359,3436,
2026-03-30 17:31:00,359.0,359.16,358.84,358.97,178553.065748,358.9958,2615,
2026-03-30 17:32:00,358.95,359.0,358.78,358.94,57071.433549,358.9163,1700,
2026-03-30 17:33:00,358.87,358.9,358.7,358.74,113399.275625,358.7592,2102,
2026-03-30 17:34:00,358.75,358.77,358.55,358.665,107586.136801,358.7117,2383,
2026-03-30 17:35:00,358.66,358.74,358.47,358.5,147168.185916,358.5259,2563,
2026-03-30 17:36:00,358.5,358.955,358.49,358.6,258454.947401,358.5675,3453,
2026-03-30 17:37:00,358.6241,358.68,358.1,358.355,114808.000875,358.4016,2706,
2026-03-30 17:38:00,358.36,358.5,358.33,358.5,92061.033551,358.4551,1631,
2026-03-30 17:39:00,358.52,358.96,358.49,358.83,140339.480579,358.6861,2404,
2026-03-30 17:40:00,358.83,359.306,358.655,359.252,89210.400456,358.9421,1688,
2026-03-30 17:41:00,359.26,359.26,358.65,358.7076,79432.436808,359.0072,1664,
2026-03-30 17:42:00,358.7,358.99,358.655,358.99,93871.585607,358.8459,1534,
2026-03-30 17:43:00,358.96,359.4,358.81,359.23,72682.292673,359.0735,1391,
2026-03-30 17:44:00,359.2474,359.91,359.13,359.86,116434.755978,359.4283,1582,
2026-03-30 17:45:00,359.855,360.0,359.74,359.94,75612.930269,359.8421,1449,
2026-03-30 17:46:00,359.9699,360.0,359.545,359.69,56279.320105,359.8329,1417,
2026-03-30 17:47:00,359.64,360.03,359.59,359.8299,102273.133473,359.857,2259,
2026-03-30 17:48:00,359.78,359.8091,359.44,359.51,73553.806582,359.6263,1479,
2026-03-30 17:49:00,359.54,359.65,359.18,359.2113,60883.581588,359.447,1342,
2026-03-30 17:50:00,359.18,359.27,358.74,358.75,60735.384662,359.0511,2124,
2026-03-30 17:51:00,358.8185,359.07,358.74,359.04,36786.282902,358.9243,2351,
2026-03-30 17:52:00,359.01,359.07,358.92,359.0,30332.669532,359.0,2244,
2026-03-30 17:53:00,358.985,359.19,358.89,359.07,64738.372309,359.0558,1879,
2026-03-30 17:54:00,359.09,359.13,358.94,359.04,39130.793849,359.0359,1190,
2026-03-30 17:55:00,359.12,359.18,359.0,359.07,39126.324071,359.1139,1152,
2026-03-30 17:56:00,359.09,359.19,359.03,359.18,60653.820703,359.1539,1183,
2026-03-30 17:57:00,359.175,359.19,359.115,359.15,48610.022157,359.1685,1323,
2026-03-30 17:58:00,359.15,359.1795,358.96,358.9899,60370.222968,359.1066,1236,
2026-03-30 17:59:00,358.98,359.18,358.96,359.1439,25047.436506,359.0859,949,
2026-03-30 18:00:00,359.12,359.27,359.03,359.08,44997.285955,359.135,1213,
2026-03-30 18:01:00,359.105,359.16,358.81,358.8301,43383.925349,359.0079,1499,
2026-03-30 18:02:00,358.86,358.91,358.73,358.77,43820.941347,358.8299,1404,
2026-03-30 18:03:00,358.77,358.9299,358.72,358.725,44739.894661,358.8329,1541,
2026-03-30 18:04:00,358.73,358.94,358.63,358.89,38714.621222,358.785,1346,
2026-03-30 18:05:00,358.89,359.01,358.885,358.97,57949.405115,358.9786,1467,
2026-03-30 18:06:00,359.0,359.0,358.46,358.605,50510.036487,358.7347,1507,
2026-03-30 18:07:00,358.67,358.675,358.52,358.64,42900.91135,358.6165,1269,
2026-03-30 18:08:00,358.64,358.655,358.27,358.31,59398.373186,358.5194,1681,
2026-03-30 18:09:00,358.3,358.41,358.04,358.07,55323.263694,358.2653,1622,
2026-03-30 18:10:00,358.06,358.09,357.86,357.96,147948.902146,357.9779,4269,
2026-03-30 18:11:00,357.91,358.3286,357.83,358.31,129609.488652,358.0198,2105,
2026-03-30 18:12:00,358.3018,358.3499,358.17,358.28,38293.756723,358.2543,918,
2026-03-30 18:13:00,358.31,358.43,358.07,358.14,65672.154559,358.3093,1384,
2026-03-30 18:14:00,358.14,358.18,357.88,357.9999,40817.192413,357.9867,1246,
2026-03-30 18:15:00,357.99,358.0,357.86,357.865,53693.437956,357.9588,1312,
2026-03-30 18:16:00,357.87,358.4999,357.87,358.47,44646.928353,358.2067,1423,
2026-03-30 18:17:00,358.47,358.8,358.395,358.595,79633.237658,358.5891,1928,
2026-03-30 18:18:00,358.59,358.899,358.55,358.885,56350.407565,358.7172,1513,
2026-03-30 18:19:00,358.885,359.35,358.87,359.295,50549.607632,359.0944,1414,
2026-03-30 18:20:00,359.33,359.4625,359.07,359.24,60689.64713,359.2262,1515,
2026-03-30 18:21:00,359.25,359.34,359.17,359.29,34968.669248,359.2715,1041,
2026-03-30 18:22:00,359.31,359.42,359.16,359.16,38964.844795,359.316,1233,
2026-03-30 18:23:00,359.18,359.34,359.16,359.33,31462.799523,359.2372,1086,
2026-03-30 18:24:00,359.31,359.4185,359.27,359.4185,185378.68518,358.8049,958,
2026-03-30 18:25:00,359.42,359.45,359.05,359.16,46977.052877,359.2169,1476,
2026-03-30 18:26:00,359.16,359.2,358.68,358.84,85506.725042,358.9674,2073,
2026-03-30 18:27:00,358.86,358.86,358.12,358.15,84387.604929,358.4536,2034,
2026-03-30 18:28:00,358.13,358.1799,357.93,357.9301,83291.867073,358.0365,1625,
2026-03-30 18:29:00,357.96,358.02,357.81,357.89,86688.481173,357.9601,1315,
2026-03-30 18:30:00,357.89,358.59,357.82,358.535,62703.659092,358.2503,1760,
2026-03-30 18:31:00,358.57,358.7099,358.4901,358.67,54027.720758,358.5801,1413,
2026-03-30 18:32:00,358.6325,359.05,358.59,359.01,59975.902153,358.8764,1395,
2026-03-30 18:33:00,358.96,359.1499,358.93,359.11,40626.660736,359.048,999,
2026-03-30 18:34:00,359.12,359.41,359.01,359.33,45874.961122,359.1818,1120,
2026-03-30 18:35:00,359.35,359.5499,359.24,359.305,69382.317421,359.422,1631,
2026-03-30 18:36:00,359.35,359.93,359.24,359.77,56222.015699,359.6532,1528,
2026-03-30 18:37:00,359.77,359.99,359.48,359.78,98978.280469,359.7909,1490,
2026-03-30 18:38:00,359.78,360.05,359.75,360.0001,78453.787377,359.9243,1559,
2026-03-30 18:39:00,360.0,360.24,359.72,359.75,132828.797512,359.9685,1752,
2026-03-30 18:40:00,359.76,359.94,359.72,359.94,52700.777785,359.8062,1407,
2026-03-30 18:41:00,359.955,360.06,359.78,359.98,119090.832543,359.9377,1615,
2026-03-30 18:42:00,359.98,360.16,359.81,360.01,75532.41979,359.9795,1465,
2026-03-30 18:43:00,359.985,359.985,359.68,359.89,40295.61165,359.8283,1144,
2026-03-30 18:44:00,359.86,359.88,359.53,359.6001,51847.067668,359.7062,1450,
2026-03-30 18:45:00,359.6,359.845,359.085,359.1,62286.601433,359.5722,1819,
2026-03-30 18:46:00,359.088,359.44,358.89,359.35,115025.408863,359.0877,2383,
2026-03-30 18:47:00,359.33,359.53,359.26,359.2916,29939.721329,359.3871,977,
2026-03-30 18:48:00,359.27,359.44,358.4501,358.57,109860.600802,358.8831,2812,
2026-03-30 18:49:00,358.5705,358.58,358.31,358.34,95897.344575,358.4819,2211,
2026-03-30 18:50:00,358.334,358.42,357.88,358.0,105950.041549,358.0727,2726,
2026-03-30 18:51:00,358.0,358.09,357.54,357.575,116063.680777,357.8562,2352,
2026-03-30 18:52:00,357.5901,357.5901,357.37,357.5,172867.684014,357.4944,2623,
2026-03-30 18:53:00,357.5,357.58,356.9806,357.0,239416.461796,357.2054,5248,
2026-03-30 18:54:00,356.9985,357.11,356.85,356.9991,198775.212615,356.9911,2864,
2026-03-30 18:55:00,356.99,357.23,356.95,357.02,176193.197215,357.0147,2572,
2026-03-30 18:56:00,357.0799,357.28,356.9,357.18,73492.539481,357.1331,1745,
2026-03-30 18:57:00,357.225,357.2283,356.89,356.94,61908.933673,357.0481,1283,
2026-03-30 18:58:00,356.9254,357.15,356.9,357.11,68680.964293,357.0682,1571,
2026-03-30 18:59:00,357.11,357.42,357.03,357.36,78043.292314,357.1786,1640,
2026-03-30 19:00:00,357.38,357.46,357.27,357.46,58910.880827,357.3771,1687,
2026-03-30 19:01:00,357.43,357.51,357.33,357.46,67818.635839,357.4536,1490,
2026-03-30 19:02:00,357.45,357.5,357.27,357.38,69199.949119,357.4183,1693,
2026-03-30 19:03:00,357.37,357.4299,357.175,357.3,65080.351297,357.3282,1590,
2026-03-30 19:04:00,357.28,357.39,357.19,357.36,43203.735447,357.31,1137,
2026-03-30 19:05:00,357.365,357.38,357.11,357.19,42619.758199,357.2468,1288,
2026-03-30 19:06:00,357.18,357.29,356.9174,357.2722,57470.166256,357.0801,1721,
2026-03-30 19:07:00,357.26,357.397,356.8,356.87,76404.376468,357.0972,2347,
2026-03-30 19:08:00,356.88,356.95,356.75,356.86,62665.053721,356.8284,2881,
2026-03-30 19:09:00,356.87,356.92,356.77,356.9,96447.147485,356.8762,1864,
2026-03-30 19:10:00,356.9,356.93,356.58,356.645,103438.242506,356.7224,2592,
2026-03-30 19:11:00,356.65,356.77,356.28,356.37,79695.660165,356.4629,2868,
2026-03-30 19:12:00,356.43,356.49,356.37,356.39,57380.222927,356.4352,1685,
2026-03-30 19:13:00,356.38,356.7156,356.38,356.7,93421.388615,356.5288,2142,
2026-03-30 19:14:00,356.69,356.71,356.365,356.395,61983.776848,356.5164,1888,
2026-03-30 19:15:00,356.41,356.88,356.41,356.7645,164921.949222,356.7673,3060,
2026-03-30 19:16:00,356.76,356.95,356.735,356.81,98941.234912,356.8488,2214,
2026-03-30 19:17:00,356.83,356.89,356.67,356.7375,86354.35302,356.8119,2082,
2026-03-30 19:18:00,356.77,356.89,356.6501,356.76,90497.827185,356.7686,2061,
2026-03-30 19:19:00,356.76,356.83,356.71,356.8,69637.474989,356.7727,1699,
2026-03-30 19:20:00,356.81,357.07,356.68,356.81,188632.955804,356.8783,3043,
2026-03-30 19:21:00,356.82,356.97,356.62,356.67,61500.181385,356.788,1733,
2026-03-30 19:22:00,356.685,356.72,356.42,356.455,135598.945464,356.5582,2810,
2026-03-30 19:23:00,356.45,356.89,356.45,356.82,44459.062705,356.6986,1422,
2026-03-30 19:24:00,356.81,356.88,356.69,356.69,60057.624128,356.7789,1627,
2026-03-30 19:25:00,356.728,356.95,356.484,356.805,183798.678978,356.6286,3539,
2026-03-30 19:26:00,356.8,357.36,356.79,357.065,146780.324789,357.1432,3091,
2026-03-30 19:27:00,357.0553,357.18,356.72,356.86,102214.601824,356.9391,1949,
2026-03-30 19:28:00,356.8699,356.8699,356.5601,356.665,75803.836209,356.733,1750,
2026-03-30 19:29:00,356.64,356.98,356.49,356.975,165299.202681,356.6152,3141,
2026-03-30 19:30:00,356.99,357.75,356.83,357.405,113246.643213,357.2386,3113,
2026-03-30 19:31:00,357.42,357.56,357.305,357.38,61260.793582,357.4205,1781,
2026-03-30 19:32:00,357.42,357.45,357.255,357.29,50201.664863,357.3358,1544,
2026-03-30 19:33:00,357.29,357.39,356.89,356.95,96317.657588,357.1775,2586,
2026-03-30 19:34:00,356.9558,357.66,356.94,357.17,93769.01266,357.2901,2730,
2026-03-30 19:35:00,357.22,357.95,357.21,357.86,82254.07141,357.635,2325,
2026-03-30 19:36:00,357.87,358.65,357.82,358.54,118036.99433,358.3152,2918,
2026-03-30 19:37:00,358.54,358.62,358.08,358.12,62869.555216,358.3172,1953,
2026-03-30 19:38:00,358.15,358.26,357.73,358.23,77829.029108,357.9677,2240,
2026-03-30 19:39:00,358.24,358.26,357.9604,358.06,54862.541077,358.1039,1605,
2026-03-30 19:40:00,358.1,358.29,358.095,358.26,69730.655569,358.1758,1713,
2026-03-30 19:41:00,358.26,358.41,358.09,358.39,40911.725599,358.2486,1475,
2026-03-30 19:42:00,358.39,358.56,358.3,358.305,52422.710935,358.4037,1643,
2026-03-30 19:43:00,358.29,358.57,358.275,358.52,65455.431899,358.3931,1859,
2026-03-30 19:44:00,358.53,358.63,358.445,358.475,66747.595679,358.543,1782,
2026-03-30 19:45:00,358.47,358.64,358.46,358.48,84179.101548,358.5451,2270,
2026-03-30 19:46:00,358.46,358.73,358.44,358.66,83211.650927,358.5904,1925,
2026-03-30 19:47:00,358.66,359.22,358.62,359.1,104154.914062,358.8279,2439,
2026-03-30 19:48:00,359.05,359.115,358.75,358.89,100480.676732,358.9655,2257,
2026-03-30 19:49:00,358.87,359.0,358.71,358.75,75813.800863,358.8217,2034,
2026-03-30 19:50:00,358.77,359.12,358.625,359.05,180748.125275,358.949,4797,
2026-03-30 19:51:00,359.08,359.35,359.08,359.315,130899.617678,359.2353,3327,
2026-03-30 19:52:00,359.29,359.42,359.05,359.0604,123170.502115,359.2543,2844,
2026-03-30 19:53:00,359.06,359.24,358.88,359.23,127075.227187,359.029,3019,
2026-03-30 19:54:00,359.23,359.28,358.5,358.91,160512.692499,359.0149,4746,
2026-03-30 19:55:00,358.96,359.61,358.956,359.4,192820.372214,359.3765,4978,
2026-03-30 19:56:00,359.42,359.54,359.2901,359.535,155488.61584,359.4189,4357,
2026-03-30 19:57:00,359.54,359.6,359.34,359.45,206402.73924,359.4651,5209,
2026-03-30 19:58:00,359.44,359.47,358.9,358.99,325456.247797,359.0336,7845,
2026-03-30 19:59:00,359.02,359.22,358.73,358.76,928115.316259,358.9007,16372,
2026-03-30 20:00:00,358.96,358.99,358.8,358.85,682899.25183,358.9599,179,
2026-03-30 20:01:00,358.8,358.96,358.75,358.75,3853.060535,358.9089,96,
2026-03-30 20:02:00,358.7995,358.8,358.65,358.7,2708.96452,358.8678,96,
2026-03-30 20:03:00,358.75,358.8,358.68,358.7,3602.497624,358.7995,85,
2026-03-30 20:04:00,358.96,358.96,358.67,358.67,27370.56475,358.9506,109,
2026-03-30 20:05:00,358.8,358.9,358.8,358.9,342.277187,359.0839,47,
2026-03-30 20:06:00,358.76,358.96,358.76,358.8208,2345.0,358.8734,96,
2026-03-30 20:07:00,358.8,358.96,358.8,358.8117,747.696596,359.2477,51,
2026-03-30 20:08:00,358.8,358.8,358.6,358.6,2395.022454,358.685,73,
2026-03-30 20:09:00,358.61,358.6631,358.59,358.6,781.034003,358.6248,51,
2026-03-30 20:10:00,358.59,358.59,358.49,358.5,2315.376968,358.5652,118,
2026-03-30 20:11:00,358.4993,358.5,358.45,358.5,2447.411243,358.5414,99,
2026-03-30 20:12:00,358.49,358.5,358.4,358.4001,879.782441,358.7785,67,
2026-03-30 20:13:00,358.4,358.4,358.35,358.35,526.014081,358.3709,47,
2026-03-30 20:14:00,358.2,358.4,358.2,358.2,5100.036437,358.2805,82,
2026-03-30 20:15:00,358.5,358.5,358.4,358.4,1914.016461,358.4838,62,
2026-03-30 20:16:00,358.45,358.45,358.45,358.45,259.021692,358.4953,43,
2026-03-30 20:17:00,358.4909,358.5,358.43,358.43,316.0,358.4725,40,
2026-03-30 20:18:00,358.5,358.5,358.42,358.46,1476.4786,358.5784,99,
2026-03-30 20:19:00,358.5,358.5,358.5,358.5,552.00352,358.5003,37,
2026-03-30 20:20:00,358.46,358.5,358.4,358.4,3946.382434,358.5111,111,
2026-03-30 20:21:00,358.46,358.46,358.45,358.46,650.0,358.4368,59,
2026-03-30 20:22:00,358.38,358.42,358.38,358.42,430.56,358.8594,31,
2026-03-30 20:23:00,358.46,358.46,358.33,358.4,1888.005579,358.4211,74,
2026-03-30 20:24:00,358.34,358.3995,358.3,358.3,938.0,358.3504,42,
2026-03-30 20:25:00,358.33,358.96,358.2756,358.96,572.00279,358.7329,20,
2026-03-30 20:26:00,358.4,358.4,358.4,358.4,155.069745,358.5819,22,
2026-03-30 20:27:00,358.45,358.46,358.3056,358.4,966.417425,358.5877,51,
2026-03-30 20:28:00,358.46,358.46,358.46,358.46,889.216983,358.546,47,
2026-03-30 20:29:00,358.45,358.46,358.4,358.4304,1223.079932,358.4571,80,
2026-03-30 20:30:00,358.4474,358.47,358.4,358.47,4508.0,358.606,96,
2026-03-30 20:31:00,358.47,358.4839,358.47,358.4839,2135.013677,358.4791,57,
2026-03-30 20:32:00,358.61,358.61,358.61,358.61,373.557,359.1493,24,
2026-03-30 20:33:00,358.6,358.8,358.6,358.8,415.961258,359.4568,40,
2026-03-30 20:34:00,358.65,358.8,358.64,358.8,2419.306995,358.8197,92,
2026-03-30 20:35:00,358.8,358.84,358.8,358.8,4326.15942,358.8175,222,
2026-03-30 20:36:00,358.8507,358.86,358.8507,358.86,482.117281,358.9441,45,
2026-03-30 20:37:00,358.8,358.8,358.8,358.8,1260.0,358.803,44,
2026-03-30 20:38:00,358.8,358.8,358.8,358.8,498.392468,359.0889,31,
2026-03-30 20:39:00,358.8,358.8026,358.8,358.8002,1325.029665,358.8117,38,
2026-03-30 20:40:00,358.8117,358.91,358.8117,358.91,3116.021206,358.8884,72,
2026-03-30 20:41:00,358.89,358.92,358.8,358.92,8835.162532,358.8335,136,
2026-03-30 20:42:00,358.9361,358.9361,358.84,358.85,1516.0,358.86,29,
2026-03-30 20:43:00,358.82,358.85,358.8,358.8,518.005864,358.8282,27,
2026-03-30 20:44:00,358.93,359.15,358.91,359.15,2830.478846,359.0318,115,
2026-03-30 20:45:00,359.1,359.1,359.1,359.1,244.042495,359.138,41,
2026-03-30 20:46:00,359.01,359.1,359.0,359.1,1196.009504,359.0575,86,
2026-03-30 20:47:00,359.01,359.01,358.9965,358.9965,569.72,359.4577,35,
2026-03-30 20:48:00,359.0,359.0,359.0,359.0,436.0,358.9899,45,
2026-03-30 20:49:00,359.0,359.0,358.93,358.95,375.0,358.9453,25,
2026-03-30 20:50:00,359.1,359.1,359.01,359.02,489.0,359.0444,81,
2026-03-30 20:51:00,359.1,359.17,359.0,359.17,1212.180588,359.1468,62,
2026-03-30 20:52:00,359.1,359.1,359.1,359.1,158.092535,359.2935,27,
2026-03-30 20:53:00,359.0,359.0,359.0,359.0,620.0,358.9859,42,
2026-03-30 20:54:00,358.96,359.18,358.96,359.0,708.0,359.0679,42,
2026-03-30 20:55:00,359.1475,359.1475,359.1475,359.1475,218.373524,359.6708,34,
2026-03-30 20:56:00,359.0104,359.0104,359.0,359.0,341.0,359.0573,21,
2026-03-30 20:58:00,359.0,359.105,359.0,359.105,342.354987,359.4601,40,
2026-03-30 20:59:00,359.0301,359.04,358.9835,358.9835,2291.089115,359.0309,37,
2026-03-30 21:00:00,358.9994,358.9994,358.9994,358.9994,557.0,358.9987,12,
2026-03-30 21:01:00,358.94,358.94,358.8138,358.8138,609.006967,358.8839,51,
2026-03-30 21:02:00,358.9988,359.0,358.9743,358.9743,246.00405,358.9817,19,
2026-03-30 21:03:00,358.9499,358.9499,358.9499,358.9499,397.334482,359.2293,37,
2026-03-30 21:04:00,358.85,358.85,358.85,358.85,654.0,358.8573,21,
2026-03-30 21:05:00,358.9,358.9,358.9,358.9,298.116303,359.0214,25,
2026-03-30 21:07:00,358.85,358.85,358.81,358.81,275.009804,358.867,32,
2026-03-30 21:08:00,358.95,358.96,358.95,358.96,1173.000027,358.9529,31,
2026-03-30 21:10:00,358.8,358.8,358.56,358.761,6463.211003,358.6594,108,
2026-03-30 21:11:00,358.62,358.7,358.5,358.5,496.772026,359.146,19,
2026-03-30 21:12:00,358.5,358.76,358.5,358.76,385.291416,358.9361,30,
2026-03-30 21:13:00,358.76,358.76,358.76,358.76,167.0,358.7073,25,
2026-03-30 21:14:00,358.7034,358.71,358.7034,358.71,310.0,358.7099,29,
2026-03-30 21:15:00,358.63,358.63,358.63,358.63,219.0,358.6596,24,
2026-03-30 21:16:00,358.66,358.72,358.6366,358.6366,358.003038,358.6934,26,
2026-03-30 21:17:00,358.73,358.76,358.73,358.76,420.033108,358.7669,36,
2026-03-30 21:18:00,358.73,358.73,358.73,358.73,348.557182,359.3026,24,
2026-03-30 21:19:00,358.73,358.73,358.63,358.63,1123.0,358.6582,40,
2026-03-30 21:20:00,358.77,358.77,358.77,358.77,244.080287,358.8746,53,
2026-03-30 21:21:00,358.75,358.75,358.75,358.75,155.047387,358.8456,17,
2026-03-30 21:22:00,358.75,358.93,358.75,358.93,976.045474,358.8616,62,
2026-03-30 21:23:00,358.96,358.96,358.96,358.96,737.0,358.9341,26,
2026-03-30 21:24:00,358.9,358.9,358.85,358.85,350.055716,358.9219,24,
2026-03-30 21:25:00,358.6951,358.6951,358.6951,358.6951,192.0,358.7412,10,
2026-03-30 21:26:00,358.96,358.96,358.96,358.96,176.013929,358.9346,34,
2026-03-30 21:27:00,358.9067,358.9067,358.9067,358.9067,143.0,358.8891,17,
2026-03-30 21:28:00,358.9,358.9,358.9,358.9,197.0,358.8889,29,
2026-03-30 21:30:00,358.93,358.93,358.93,358.93,351.0,358.9205,19,
2026-03-30 21:31:00,358.9366,358.9366,358.78,358.9,277.0,358.8933,19,
2026-03-30 21:32:00,358.86,358.96,358.86,358.96,328.007605,358.9348,44,
2026-03-30 21:33:00,358.94,358.95,358.94,358.95,1093.0,358.9456,27,
2026-03-30 21:34:00,358.9353,358.9353,358.9353,358.9353,185.010698,358.9403,20,
2026-03-30 21:35:00,358.9356,358.9356,358.9356,358.9356,169.009165,358.938,29,
2026-03-30 21:36:00,358.9,359.25,358.9,359.25,7452.131357,359.1467,87,
2026-03-30 21:39:00,359.2,359.2,359.2,359.2,274.026167,359.247,30,
2026-03-30 21:43:00,359.25,359.25,359.22,359.22,666.019177,359.2504,28,
2026-03-30 21:44:00,359.28,359.28,359.2,359.2,732.0,359.2178,32,
2026-03-30 21:45:00,359.2011,359.2011,359.2,359.2,265.8,360.2904,15,
2026-03-30 21:46:00,359.1978,359.23,359.1978,359.23,239.973497,360.6865,22,
2026-03-30 21:47:00,359.25,359.25,359.25,359.25,171.0,359.2521,17,
2026-03-30 21:48:00,359.23,359.2456,359.16,359.2456,1161.689266,359.421,69,
2026-03-30 21:50:00,359.19,359.19,359.13,359.13,345.00348,359.1749,29,
2026-03-30 21:51:00,359.13,359.2,359.13,359.2,1081.0,359.1417,37,
2026-03-30 21:53:00,359.11,359.11,359.11,359.11,199.002784,359.1128,27,
2026-03-30 21:55:00,359.13,359.2,359.13,359.1971,326.000421,359.184,18,
2026-03-30 21:56:00,359.18,359.18,359.15,359.15,402.0,359.1707,22,
2026-03-30 21:57:00,359.18,359.18,359.15,359.15,378.038977,359.1998,31,
2026-03-30 21:59:00,359.0,359.0,359.0,359.0,154.069609,359.2428,28,
2026-03-30 22:00:00,359.15,359.43,359.15,359.43,2498.00905,359.24,68,
2026-03-30 22:01:00,359.26,359.4,359.25,359.4,1389.047984,359.2987,51,
2026-03-30 22:02:00,359.45,359.45,359.0913,359.0913,444.002823,359.3822,28,
2026-03-30 22:03:00,359.582,359.6,359.38,359.5,1053.08217,359.5586,53,
2026-03-30 22:04:00,359.49,359.5842,359.49,359.54,616.13436,359.6068,29,
2026-03-30 22:06:00,359.46,359.46,359.4,359.4012,450.0,359.4314,18,
2026-03-30 22:07:00,359.4,359.4,359.4,359.4,1729.338259,361.2566,41,
2026-03-30 22:09:00,359.17,359.2,359.17,359.2,228.152368,359.4273,28,
2026-03-30 22:10:00,359.2383,359.2383,359.1,359.1,443.0,359.1588,31,
2026-03-30 22:12:00,359.2,359.2,359.2,359.2,174.005014,359.1897,28,
2026-03-30 22:13:00,359.274,359.274,359.1549,359.1549,153.226326,359.747,18,
2026-03-30 22:14:00,359.1466,359.1466,359.1466,359.1466,197.05903,359.2764,18,
2026-03-30 22:15:00,359.11,359.15,359.11,359.15,724.00464,359.1364,30,
2026-03-30 22:16:00,359.1,359.13,359.1,359.13,273.015734,359.1998,31,
2026-03-30 22:17:00,359.1004,359.1004,359.1004,359.1004,1065.097861,359.1357,15,
2026-03-30 22:18:00,359.1,359.4132,359.1,359.4132,199.0,359.2027,14,
2026-03-30 22:19:00,359.11,359.46,359.11,359.46,1270.0,359.1357,24,
2026-03-30 22:20:00,359.3501,359.3501,359.3,359.3,448.0,359.312,18,
2026-03-30 22:21:00,359.3,359.3774,359.11,359.3774,315.0,359.2343,17,
2026-03-30 22:24:00,359.2831,359.2831,359.2831,359.2831,141.0,359.2839,14,
2026-03-30 22:25:00,359.16,359.28,359.16,359.28,322.0,359.2235,26,
2026-03-30 22:28:00,359.2784,359.48,359.2784,359.48,334.0,359.3448,33,
2026-03-30 22:29:00,359.48,359.48,359.48,359.48,204.0,359.4632,16,
2026-03-30 22:30:00,359.34,359.4153,359.3396,359.3396,433.00318,359.3701,26,
2026-03-30 22:31:00,359.27,359.27,359.18,359.19,494.022262,359.2507,44,
2026-03-30 22:32:00,359.17,359.4,359.17,359.4,303.007651,359.2864,29,
2026-03-30 22:35:00,359.27,359.27,359.27,359.27,93.0,359.2747,17,
2026-03-30 22:36:00,359.3854,359.3854,359.3854,359.3854,227.005564,359.3237,18,
2026-03-30 22:38:00,359.4,359.4,359.25,359.25,372.353684,359.6731,23,
2026-03-30 22:40:00,359.23,359.23,359.1656,359.1656,161.08442,359.3987,17,
2026-03-30 22:41:00,359.15,359.27,359.15,359.27,188.0,359.216,18,
2026-03-30 22:43:00,359.25,359.25,359.25,359.25,183.051846,359.3162,24,
2026-03-30 22:44:00,359.15,359.15,359.11,359.11,1089.46942,359.2713,22,
2026-03-30 22:45:00,359.15,359.1932,359.15,359.1932,219.0,359.1506,12,
2026-03-30 22:47:00,359.1,359.1,359.02,359.07,539.005768,359.0897,32,
2026-03-30 22:49:00,359.0325,359.0325,359.0325,359.0325,136.0,359.0811,13,
2026-03-30 22:51:00,359.0,359.0,359.0,359.0,254.0,359.093,25,
2026-03-30 22:52:00,359.2,359.2,359.2,359.2,135.0,359.1881,15,
2026-03-30 22:54:00,359.11,359.1897,359.11,359.1889,339.030456,359.176,26,
2026-03-30 22:55:00,359.0,359.2,359.0,359.2,687.0,359.1496,22,
2026-03-30 22:56:00,359.1924,359.1924,359.06,359.06,549.0,359.162,11,
2026-03-30 22:58:00,359.2,359.2,359.15,359.15,304.002668,359.1757,19,
2026-03-30 22:59:00,359.1805,359.1805,359.0609,359.0609,231.0,359.1222,24,
2026-03-30 23:00:00,359.05,359.1392,358.8,358.8,1280.045216,358.9796,157,
2026-03-30 23:01:00,359.0,359.0,358.8,358.8,266.0,360.478,20,
2026-03-30 23:02:00,358.956,358.956,358.7,358.7,468.15896,358.944,46,
2026-03-30 23:03:00,358.7,358.71,358.64,358.71,1109.28354,358.7685,57,
2026-03-30 23:04:00,358.63,358.63,358.63,358.63,139.022146,358.7048,15,
2026-03-30 23:05:00,358.67,358.89,358.67,358.89,234.018869,358.8067,28,
2026-03-30 23:06:00,358.63,358.73,358.63,358.73,587.0,358.7111,22,
2026-03-30 23:08:00,358.65,358.65,357.0,357.351,3996.683891,358.2292,404,
2026-03-30 23:09:00,358.33,358.4,357.53,357.8836,758.027903,357.9968,44,
2026-03-30 23:10:00,358.4,358.4,358.0001,358.1,608.0,358.1389,43,
2026-03-30 23:11:00,357.9,358.0719,357.9,358.0719,940.002778,358.0143,20,
2026-03-30 23:12:00,358.08,358.2,358.08,358.08,491.0,358.1318,33,
2026-03-30 23:13:00,358.0,358.0,357.9,357.9,414.009933,358.0057,34,
2026-03-30 23:14:00,358.0,358.0,358.0,358.0,154.054491,358.1287,19,
2026-03-30 23:17:00,358.25,358.3,358.25,358.3,642.041853,358.3031,30,
2026-03-30 23:18:00,358.25,358.25,358.25,358.25,191.0,358.2588,15,
2026-03-30 23:19:00,358.24,358.24,358.24,358.24,167.0,358.2795,19,
2026-03-30 23:20:00,358.22,358.4,358.2,358.4,1325.00799,358.2284,46,
2026-03-30 23:21:00,358.5,358.5,358.5,358.5,135.028202,358.6145,28,
2026-03-30 23:22:00,358.6,358.6,358.5,358.5,184.028176,358.5949,26,
2026-03-30 23:23:00,358.48,358.5,358.48,358.5,235.097158,358.6399,24,
2026-03-30 23:24:00,358.23,358.25,358.18,358.25,382.0,358.2709,31,
2026-03-30 23:25:00,358.42,358.42,358.42,358.42,368.064021,358.5074,28,
2026-03-30 23:26:00,358.61,358.61,358.4,358.4,562.20886,358.7226,18,
2026-03-30 23:27:00,358.51,358.51,358.25,358.25,226.0,358.3803,22,
2026-03-30 23:28:00,358.4,358.4,358.25,358.25,401.0,358.3144,28,
2026-03-30 23:29:00,358.25,358.25,358.25,358.25,284.007537,358.2783,25,
2026-03-30 23:30:00,358.22,358.22,358.22,358.22,170.0,358.2422,22,
2026-03-30 23:31:00,358.39,358.39,358.2,358.2,197.0,358.3174,37,
2026-03-30 23:32:00,358.01,358.01,358.01,358.01,400.0,358.1804,30,
2026-03-30 23:34:00,358.13,358.13,358.13,358.13,146.3,358.9441,23,
2026-03-30 23:35:00,358.26,358.26,358.26,358.26,164.0,358.2862,14,
2026-03-30 23:36:00,358.3088,358.3088,358.28,358.28,315.035877,358.3391,15,
2026-03-30 23:37:00,358.31,358.31,358.2,358.2,266.646047,359.1353,27,
2026-03-30 23:38:00,358.25,358.25,358.2,358.2,394.013951,358.2285,18,
2026-03-30 23:39:00,358.1,358.25,358.1,358.2425,317.00957,358.2122,24,
2026-03-30 23:40:00,358.2,358.2,358.1,358.1,1030.901308,358.4619,39,
2026-03-30 23:41:00,358.16,358.16,358.16,358.16,144.0,358.2075,18,
2026-03-30 23:42:00,358.1981,358.1981,358.1981,358.1981,250.79,359.3231,26,
2026-03-30 23:43:00,358.11,358.2,358.05,358.1,687.0,358.1282,42,
2026-03-30 23:44:00,358.0501,358.28,358.0501,358.28,896.037897,358.2454,41,
2026-03-30 23:46:00,358.21,358.21,358.21,358.21,189.0,358.2734,10,
2026-03-30 23:49:00,358.4,358.4,358.2,358.2,730.042419,358.2834,39,
2026-03-30 23:50:00,358.29,358.29,358.29,358.29,287.18127,358.5386,38,
2026-03-30 23:51:00,358.34,358.4,358.3,358.3001,566.410743,358.5891,24,
2026-03-30 23:52:00,358.3006,358.3006,358.3,358.3,519.911632,358.9342,25,
2026-03-30 23:54:00,358.3936,358.3936,358.3936,358.3936,297.273829,358.7055,20,
2026-03-30 23:55:00,358.3001,358.3001,358.25,358.3,1346.0,358.2769,32,
2026-03-30 23:56:00,358.2,358.2,358.2,358.2,426.005582,358.1856,27,
2026-03-30 23:57:00,358.3545,358.3545,358.07,358.1781,385.816937,358.9335,34,
2026-03-30 23:58:00,358.06,358.3999,358.05,358.225,1543.002792,358.1426,39,
2026-03-30 23:59:00,358.06,358.4415,358.06,358.4415,518.0,358.2601,40,
2026-03-31 08:00:00,362.4,363.49,362.4,363.39,2228.069854,363.2218,429,
2026-03-31 08:01:00,363.47,363.63,361.02,363.24,77751.179656,362.3194,5901,
2026-03-31 08:02:00,363.13,363.13,362.94,363.09,1474.004128,363.0489,47,
2026-03-31 08:03:00,363.36,363.6,363.3,363.6,1237.192575,363.3545,40,
2026-03-31 08:04:00,363.71,363.8,363.66,363.77,1175.038025,363.7351,52,
2026-03-31 08:05:00,363.88,363.88,363.61,363.61,772.489272,364.0145,71,
2026-03-31 08:06:00,363.8662,363.8662,363.76,363.76,366.253539,364.0797,43,
2026-03-31 08:07:00,363.87,363.87,363.7,363.7,1548.423483,363.8325,58,
2026-03-31 08:08:00,363.72,363.72,363.64,363.69,2447.555913,363.7636,91,
2026-03-31 08:09:00,363.7,363.7,363.7,363.7,371.073471,363.8108,46,
2026-03-31 08:10:00,363.78,363.81,363.5,363.5,2102.114908,363.6176,97,
2026-03-31 08:11:00,363.79,363.85,363.21,363.44,856.926534,363.8687,71,
2026-03-31 08:12:00,363.38,363.52,363.27,363.35,559.203067,363.5042,98,
2026-03-31 08:13:00,363.68,363.68,363.36,363.55,579.197253,363.6501,97,
2026-03-31 08:14:00,363.55,363.88,363.36,363.88,790.209205,363.5704,74,
2026-03-31 08:15:00,363.36,363.69,363.36,363.69,605.036087,363.5604,37,
2026-03-31 08:16:00,363.69,363.69,363.63,363.65,382.0,363.6653,18,
2026-03-31 08:17:00,363.62,363.62,363.52,363.52,789.218384,363.6389,54,
2026-03-31 08:18:00,363.52,363.6,363.35,363.6,1639.005547,363.5107,48,
2026-03-31 08:19:00,363.6,363.7,363.57,363.7,556.190754,363.738,35,
2026-03-31 08:20:00,363.65,363.88,363.61,363.72,1428.027674,363.7522,67,
2026-03-31 08:21:00,363.61,363.61,363.6,363.6,488.262944,363.8129,30,
2026-03-31 08:22:00,363.36,363.36,363.36,363.36,270.413634,363.9369,21,
2026-03-31 08:23:00,363.58,363.58,363.29,363.29,1553.158313,363.3691,41,
2026-03-31 08:24:00,363.48,363.48,363.48,363.48,123.0,363.4567,16,
2026-03-31 08:26:00,363.34,363.34,363.34,363.34,141.0,363.3816,14,
2026-03-31 08:27:00,363.2189,363.7,363.2,363.2,823.884168,363.628,36,
2026-03-31 08:30:00,363.2,363.2,363.2,363.2,202.109284,363.4753,21,
2026-03-31 08:34:00,363.35,363.38,363.35,363.36,854.091481,363.3847,35,
2026-03-31 08:36:00,363.69,363.69,363.17,363.17,524.0,363.4986,18,
2026-03-31 08:37:00,363.51,363.59,363.51,363.59,508.360528,363.7896,27,
2026-03-31 08:38:00,363.61,363.7,363.61,363.7,682.221173,363.7619,33,
2026-03-31 08:39:00,363.72,363.87,363.42,363.87,2103.390609,363.6576,67,
2026-03-31 08:40:00,363.43,363.43,363.4,363.4,557.068722,363.4485,21,
2026-03-31 08:42:00,363.26,363.46,363.26,363.46,481.0,363.3566,25,
2026-03-31 08:43:00,363.5,363.5,363.5,363.5,149.0,363.4959,14,
2026-03-31 08:44:00,363.2584,363.2584,363.2584,363.2584,238.037009,363.3855,15,
2026-03-31 08:48:00,363.48,363.51,363.48,363.51,1320.019244,363.5109,32,
2026-03-31 08:50:00,363.66,363.74,363.66,363.72,1350.063973,363.7356,64,
2026-03-31 08:51:00,363.8,363.85,363.8,363.85,1121.002766,363.8279,39,
2026-03-31 08:52:00,363.85,363.85,363.4,363.47,2186.0,363.565,66,
2026-03-31 08:53:00,363.85,363.85,363.67,363.76,269.20456,364.0154,9,
2026-03-31 08:54:00,363.5,363.52,363.48,363.48,871.433934,363.6745,27,
2026-03-31 08:56:00,363.83,363.83,363.83,363.83,1044.0,363.8145,10,
2026-03-31 09:01:00,363.72,363.73,363.1615,363.1615,503.890461,364.0402,25,
2026-03-31 09:02:00,363.6,363.74,363.6,363.74,437.0,363.6849,22,
2026-03-31 09:03:00,363.61,363.75,363.61,363.75,179.014213,363.6978,17,
2026-03-31 09:04:00,363.85,363.88,363.85,363.85,1857.021984,363.8556,45,
2026-03-31 09:05:00,363.98,364.0,363.94,363.94,1038.455872,364.1557,82,
2026-03-31 09:06:00,364.19,364.25,364.19,364.21,653.026457,364.1987,61,
2026-03-31 09:07:00,364.1939,364.1939,364.11,364.11,712.519269,364.4353,41,
2026-03-31 09:08:00,364.1,364.1,363.9,363.9,2336.29,364.0062,67,
2026-03-31 09:09:00,363.91,363.91,363.91,363.91,370.0,363.933,38,
2026-03-31 09:12:00,363.9,363.9,363.9,363.9,157.46,364.9737,10,
2026-03-31 09:14:00,363.95,363.95,363.95,363.95,139.842085,366.1424,14,
2026-03-31 09:15:00,364.0,364.0,363.99,363.99,2051.0,364.0003,60,
2026-03-31 09:17:00,363.95,364.15,363.75,363.75,837.0,363.9116,35,
2026-03-31 09:19:00,363.9,364.17,363.9,363.98,339.068649,364.0596,19,
2026-03-31 09:20:00,364.0,364.0,364.0,364.0,190.0,363.9867,11,
2026-03-31 09:21:00,363.9,363.9,363.85,363.85,720.0,363.8673,20,
2026-03-31 09:22:00,363.95,363.95,363.85,363.85,900.0,363.8736,24,
2026-03-31 09:23:00,363.99,364.2,363.99,364.09,1386.416076,364.1437,64,
2026-03-31 09:25:00,364.15,364.15,364.01,364.14,472.0,364.0814,32,
2026-03-31 09:26:00,364.27,364.27,364.27,364.27,600.886324,364.8029,25,
2026-03-31 09:27:00,364.39,364.4,364.39,364.4,646.055268,364.422,50,
2026-03-31 09:28:00,364.45,364.5,364.36,364.36,1028.0,364.4606,41,
2026-03-31 09:29:00,364.38,364.38,364.2,364.2,588.0,364.2504,24,
2026-03-31 09:30:00,364.35,364.35,364.0,364.01,2242.0,364.187,41,
2026-03-31 09:31:00,364.07,364.18,363.9,363.9,1462.517354,364.1328,67,
2026-03-31 09:32:00,364.0,364.35,364.0,364.35,268.0,364.1687,14,
2026-03-31 09:33:00,364.12,364.15,364.11,364.15,420.079017,364.2495,18,
2026-03-31 09:34:00,364.26,364.26,364.01,364.01,323.0,364.1794,9,
2026-03-31 09:35:00,364.26,364.27,364.15,364.23,601.0,364.2314,15,
2026-03-31 09:36:00,364.15,364.48,364.15,364.34,674.002768,364.3855,36,
2026-03-31 09:37:00,364.4,364.4,364.4,364.4,512.010867,364.3377,44,
2026-03-31 09:38:00,364.13,364.13,364.01,364.07,1135.202612,364.1464,51,
2026-03-31 09:39:00,364.01,364.25,364.01,364.25,859.094959,364.1403,26,
2026-03-31 09:40:00,364.27,364.4,364.27,364.34,1608.404907,364.46,51,
2026-03-31 09:41:00,364.25,364.3,364.25,364.3,926.013726,364.2729,18,
2026-03-31 09:43:00,364.2,364.2,364.2,364.2,199.058676,364.3845,18,
2026-03-31 09:44:00,364.18,364.18,364.01,364.01,674.005433,364.0616,39,
2026-03-31 09:45:00,364.14,364.23,364.14,364.23,703.0,364.1831,31,
2026-03-31 09:46:00,364.04,364.04,364.0,364.0,450.034925,364.0457,29,
2026-03-31 09:47:00,364.0,364.0,364.0,364.0,161.0,364.0438,8,
2026-03-31 09:48:00,364.06,364.1,364.06,364.1,387.007716,364.0912,24,
2026-03-31 09:50:00,364.0,364.0,364.0,364.0,115.714814,366.2765,16,
2026-03-31 09:51:00,364.16,364.16,364.16,364.16,149.0,364.1518,10,
2026-03-31 09:53:00,363.9,364.16,363.84,364.15,1475.557868,364.0982,75,
2026-03-31 09:55:00,363.83,363.83,363.6067,363.6067,1450.296435,363.7828,73,
2026-03-31 09:56:00,363.6,363.7,363.48,363.59,747.035999,363.6146,42,
2026-03-31 09:57:00,363.59,364.0,363.5,364.0,774.717447,364.0246,25,
2026-03-31 09:58:00,363.5,363.5,363.5,363.5,142.010995,363.6295,15,
2026-03-31 10:00:00,363.5,363.9,363.5,363.9,378.09489,363.7328,21,
2026-03-31 10:02:00,363.73,363.75,363.73,363.75,688.076344,363.7894,16,
2026-03-31 10:03:00,364.0,364.0,364.0,364.0,696.009615,363.9798,19,
2026-03-31 10:04:00,363.87,363.87,363.85,363.85,971.03427,363.8708,20,
2026-03-31 10:05:00,363.9,363.92,363.9,363.92,413.0,363.915,20,
2026-03-31 10:06:00,363.86,363.88,363.86,363.88,700.082376,363.9252,28,
2026-03-31 10:07:00,363.98,364.0,363.98,364.0,1222.0,363.9874,46,
2026-03-31 10:08:00,364.17,364.17,363.91,363.91,315.306138,364.3404,41,
2026-03-31 10:10:00,363.95,364.01,363.95,363.95,946.0,363.9677,26,
2026-03-31 10:12:00,364.0,364.0,363.95,363.95,554.442269,364.273,33,
2026-03-31 10:13:00,363.96,363.96,363.96,363.96,181.193044,364.334,18,
2026-03-31 10:14:00,363.92,364.01,363.92,364.01,1859.0,363.9997,34,
2026-03-31 10:15:00,364.0,364.01,364.0,364.0,865.0,364.0012,20,
2026-03-31 10:16:00,364.06,364.06,364.0005,364.0005,222.0,364.0488,19,
2026-03-31 10:17:00,364.08,364.17,364.05,364.17,590.022154,364.1014,36,
2026-03-31 10:18:00,364.12,364.15,364.1,364.1,1528.011203,364.116,25,
2026-03-31 10:19:00,364.1,364.1,364.1,364.1,400.988312,365.0029,20,
2026-03-31 10:20:00,364.1,364.11,364.1,364.1,3003.0,364.1019,47,
2026-03-31 10:21:00,364.1,364.14,364.1,364.11,2275.134089,364.1252,45,
2026-03-31 10:22:00,364.11,364.23,364.1,364.23,2556.364987,364.2101,73,
2026-03-31 10:24:00,364.11,364.11,364.11,364.11,262.49975,364.9027,24,
2026-03-31 10:25:00,364.22,364.22,364.19,364.19,441.0,364.1932,21,
2026-03-31 10:27:00,364.18,364.18,364.18,364.18,201.35262,364.8435,17,
2026-03-31 10:28:00,364.29,364.29,364.29,364.29,172.0,364.2842,17,
2026-03-31 10:29:00,364.24,364.64,364.11,364.64,2993.088494,364.4692,138,
2026-03-31 10:30:00,364.6,364.6,364.6,364.6,368.471926,365.0567,18,
2026-03-31 10:31:00,364.36,364.36,364.36,364.36,525.020226,364.5303,45,
2026-03-31 10:32:00,364.25,364.33,364.25,364.33,483.0,364.2983,15,
2026-03-31 10:33:00,364.25,364.27,364.25,364.27,151.78957,366.1778,9,
2026-03-31 10:34:00,364.25,364.26,364.19,364.19,1769.0,364.2371,91,
2026-03-31 10:35:00,364.15,364.33,364.01,364.01,1316.0,364.1701,74,
2026-03-31 10:36:00,363.77,363.84,363.7,363.84,1173.021502,363.8022,69,
2026-03-31 10:37:00,363.83,363.83,363.61,363.69,3397.004385,363.721,87,
2026-03-31 10:38:00,364.0,364.0,363.68,363.72,840.021017,363.8384,33,
2026-03-31 10:39:00,363.999,363.999,363.5,363.5,757.508299,363.8862,41,
2026-03-31 10:40:00,363.53,363.53,363.49,363.49,1567.151419,363.5288,92,
2026-03-31 10:42:00,363.39,363.6,363.39,363.5,896.0,363.5102,21,
2026-03-31 10:43:00,363.3,363.3,363.3,363.3,379.358545,363.7119,33,
2026-03-31 10:44:00,363.22,364.0,363.15,363.2,1313.454097,363.4326,46,
2026-03-31 10:45:00,363.28,363.28,363.28,363.28,111.098955,363.6165,8,
2026-03-31 10:47:00,363.4,363.4,363.4,363.4,271.048994,363.5184,21,
2026-03-31 10:48:00,363.61,363.61,363.58,363.58,435.0,363.5923,15,
2026-03-31 10:49:00,363.31,363.31,363.31,363.31,206.0,363.376,22,
2026-03-31 10:50:00,363.5,363.5,363.5,363.5,564.79086,364.0077,21,
2026-03-31 10:53:00,363.41,363.41,363.41,363.41,193.0,363.4801,24,
2026-03-31 10:54:00,363.3433,363.65,363.3433,363.65,521.0,363.5889,36,
2026-03-31 10:55:00,363.54,363.65,363.54,363.65,271.0,363.5618,32,
2026-03-31 10:56:00,363.56,363.65,363.53,363.65,883.071497,363.606,38,
2026-03-31 10:57:00,363.58,363.58,363.55,363.55,408.86576,364.3606,31,
2026-03-31 10:58:00,363.64,363.69,363.64,363.69,756.0,363.6448,45,
2026-03-31 10:59:00,363.51,363.9525,363.4,363.4,1929.0,363.5288,62,
2026-03-31 11:00:00,363.56,363.9324,363.2,363.3,6183.0,363.401,262,
2026-03-31 11:01:00,363.26,363.3999,363.2,363.2,2131.156398,363.3059,81,
2026-03-31 11:02:00,363.46,363.64,363.3,363.3,2343.082368,363.5129,80,
2026-03-31 11:03:00,363.5,363.52,363.405,363.49,1609.0,363.4793,62,
2026-03-31 11:04:00,363.51,363.94,363.5,363.767,4472.00454,363.665,108,
2026-03-31 11:05:00,363.6164,364.0,363.6164,363.8,614.083199,363.8047,35,
2026-03-31 11:06:00,363.63,364.31,363.63,364.31,7318.806551,364.0109,183,
2026-03-31 11:07:00,364.15,364.15,364.1,364.1002,2088.720732,364.2363,45,
2026-03-31 11:08:00,364.1,364.1627,364.0,364.0,12671.0,364.0045,70,
2026-03-31 11:09:00,363.9999,363.9999,363.81,363.97,560.079369,363.9745,35,
2026-03-31 11:10:00,363.99,364.2,363.89,364.09,3086.802067,364.1638,125,
2026-03-31 11:11:00,364.0943,365.0,364.0943,364.2,13815.230437,364.86,478,
2026-03-31 11:12:00,364.64,364.99,364.0,364.0,2371.0,364.5134,66,
2026-03-31 11:13:00,364.5706,364.59,364.34,364.39,2290.010642,364.495,92,
2026-03-31 11:14:00,364.38,364.5,364.38,364.44,1295.06314,364.4751,65,
2026-03-31 11:15:00,364.27,364.65,364.27,364.65,1038.019369,364.553,90,
2026-03-31 11:16:00,364.82,365.0,364.82,365.0,3166.041627,364.9479,139,
2026-03-31 11:17:00,364.52,364.82,364.52,364.62,1951.035959,364.7399,55,
2026-03-31 11:18:00,364.75,364.8199,364.71,364.8,1259.689841,364.9765,96,
2026-03-31 11:19:00,364.76,364.76,364.67,364.74,2637.002759,364.7295,138,
2026-03-31 11:20:00,364.82,364.95,364.5,364.94,4568.544193,364.7328,102,
2026-03-31 11:21:00,364.69,364.9,364.69,364.9,786.0,364.8056,39,
2026-03-31 11:22:00,364.7,364.89,364.52,364.5916,2395.0,364.6773,111,
2026-03-31 11:23:00,364.67,364.85,364.65,364.81,2927.031541,364.7745,53,
2026-03-31 11:24:00,364.58,365.37,364.58,365.37,20771.035809,365.2654,287,
2026-03-31 11:25:00,365.35,365.37,365.3,365.37,1010.798619,365.6146,80,
2026-03-31 11:26:00,365.22,365.37,365.2,365.29,1789.725099,365.466,63,
2026-03-31 11:27:00,365.21,365.32,364.8,364.8,1871.789618,365.1889,106,
2026-03-31 11:28:00,364.9558,365.24,364.84,364.99,1542.0,365.0728,43,
2026-03-31 11:29:00,364.95,365.0,364.68,364.77,3020.179589,364.8394,83,
2026-03-31 11:30:00,364.81,364.9688,364.71,364.76,1140.621957,365.0039,56,
2026-03-31 11:31:00,364.78,364.8536,364.75,364.8,597.016528,364.7989,40,
2026-03-31 11:32:00,364.8,364.8,364.57,364.62,4021.908768,364.7474,67,
2026-03-31 11:33:00,364.6,364.66,364.5719,364.63,2752.00276,364.6231,69,
2026-03-31 11:34:00,364.7985,364.8,364.61,364.61,2064.222953,364.7293,73,
2026-03-31 11:35:00,364.7,364.7378,364.62,364.62,1329.0,364.698,45,
2026-03-31 11:36:00,364.65,364.72,364.41,364.5,3509.353669,364.5702,149,
2026-03-31 11:37:00,364.63,364.8,364.21,364.5005,851.75481,364.7152,102,
2026-03-31 11:38:00,364.79,364.79,364.51,364.77,847.504,364.7446,110,
2026-03-31 11:39:00,364.78,364.9,364.6,364.9,1557.161685,364.8114,65,
2026-03-31 11:40:00,364.92,364.92,364.74,364.83,1236.0855,364.8172,84,
2026-03-31 11:41:00,364.69,364.82,364.69,364.82,779.1595,364.7383,74,
2026-03-31 11:42:00,364.759,364.93,364.65,364.93,1093.627922,364.9227,53,
2026-03-31 11:43:00,364.9,365.0,364.65,364.81,2294.521207,365.0223,91,
2026-03-31 11:44:00,364.9484,364.9484,364.865,364.865,577.018368,364.9026,34,
2026-03-31 11:45:00,364.915,364.915,364.77,364.77,799.035818,364.8421,59,
2026-03-31 11:46:00,364.76,364.7994,364.7052,364.7052,5639.12305,364.781,68,
2026-03-31 11:47:00,364.72,364.7431,364.59,364.66,1190.0,364.6544,70,
2026-03-31 11:48:00,364.6,364.76,364.5732,364.76,1189.0,364.6642,40,
2026-03-31 11:49:00,364.63,364.63,364.28,364.48,2424.494557,364.5356,121,
2026-03-31 11:50:00,364.4636,364.4636,364.3,364.3902,1119.0,364.333,33,
2026-03-31 11:51:00,364.33,364.6577,364.2,364.6,1297.002741,364.3644,64,
2026-03-31 11:52:00,364.5999,364.5999,364.1978,364.1978,307.137327,364.5862,30,
2026-03-31 11:53:00,364.4,364.49,364.4,364.49,399.253624,364.6774,20,
2026-03-31 11:54:00,364.41,364.44,364.3477,364.3477,1135.0,364.4039,52,
2026-03-31 11:55:00,364.4,364.6,364.4,364.5,1304.0,364.4776,37,
2026-03-31 11:56:00,364.4938,364.59,364.42,364.59,1495.203409,364.5269,60,
2026-03-31 11:57:00,364.59,364.7,364.56,364.65,798.00181,364.619,47,
2026-03-31 11:58:00,364.71,364.73,364.71,364.73,490.358548,364.9739,40,
2026-03-31 11:59:00,364.65,364.9,364.61,364.76,5997.068193,364.8007,117,
2026-03-31 12:00:00,364.72,364.91,364.6838,364.76,2771.9,364.801,89,
2026-03-31 12:01:00,364.82,364.98,364.82,364.97,2861.299,364.9888,60,
2026-03-31 12:02:00,364.92,364.99,364.75,364.99,1694.689516,364.9475,101,
2026-03-31 12:03:00,364.77,364.8465,364.77,364.8465,703.207,364.9154,45,
2026-03-31 12:04:00,364.8988,364.93,364.68,364.9,4770.466654,364.8682,131,
2026-03-31 12:05:00,364.8,364.8,364.7777,364.7777,628.117119,364.8071,63,
2026-03-31 12:06:00,364.78,364.9,364.78,364.9,779.535982,365.0937,50,
2026-03-31 12:07:00,364.92,364.93,364.7409,364.9,6307.088221,362.9568,495,
2026-03-31 12:08:00,364.8,364.8,364.69,364.69,1112.428482,364.889,69,
2026-03-31 12:09:00,364.8,365.0,364.76,364.98,4493.012,364.9528,108,
2026-03-31 12:10:00,365.0,365.0,364.4,364.45,3105.010194,364.5528,134,
2026-03-31 12:11:00,364.41,364.6899,364.01,364.01,3694.058843,364.2461,132,
2026-03-31 12:12:00,364.05,364.05,363.81,364.0436,2737.460733,364.03,210,
2026-03-31 12:13:00,364.42,364.42,364.0,364.17,1771.005482,364.1138,54,
2026-03-31 12:14:00,364.03,364.03,363.75,364.0,2992.008325,363.9513,105,
2026-03-31 12:15:00,363.98,363.98,363.5,363.96,3891.097661,363.7243,168,
2026-03-31 12:16:00,363.75,364.2,363.75,364.08,1936.0139,363.871,84,
2026-03-31 12:17:00,364.0,364.09,364.0,364.09,1332.568305,364.1588,51,
2026-03-31 12:18:00,364.1,364.38,364.1,364.25,3100.0,364.1947,67,
2026-03-31 12:19:00,364.24,364.54,364.22,364.3469,2730.011116,364.4201,73,
2026-03-31 12:20:00,364.3,364.3,364.19,364.19,832.861791,364.621,54,
2026-03-31 12:21:00,364.21,364.21,363.95,363.95,638.0,364.16,61,
2026-03-31 12:22:00,364.2939,364.2939,363.9517,364.05,2582.012623,364.0027,50,
2026-03-31 12:23:00,364.01,364.01,363.88,363.88,931.028377,363.9709,77,
2026-03-31 12:24:00,363.78,364.0,363.78,363.99,1167.113835,363.9572,49,
2026-03-31 12:25:00,363.98,364.15,363.85,364.0,1592.0,364.0025,54,
2026-03-31 12:26:00,364.111,364.15,364.11,364.15,930.301005,364.2323,35,
2026-03-31 12:27:00,364.0104,364.24,364.0104,364.1,1184.628095,364.3547,52,
2026-03-31 12:28:00,364.25,364.62,364.13,364.5,1770.0,364.3183,109,
2026-03-31 12:29:00,364.29,364.29,364.19,364.19,878.61,364.5156,28,
2026-03-31 12:30:00,364.1,364.19,364.09,364.1,2583.369422,364.1658,59,
2026-03-31 12:31:00,364.2,364.6321,364.2,364.5,1238.394266,364.5204,72,
2026-03-31 12:32:00,364.44,364.59,364.33,364.49,5440.564026,360.1051,48,
2026-03-31 12:33:00,364.4246,364.4246,364.01,364.33,7305.054377,364.1827,118,
2026-03-31 12:34:00,364.26,364.5288,364.07,364.07,877.0,364.2835,32,
2026-03-31 12:35:00,364.4732,364.9,364.4472,364.9,3224.527982,364.8324,132,
2026-03-31 12:36:00,364.86,364.86,364.65,364.7259,7858.305948,364.7466,83,
2026-03-31 12:37:00,364.65,364.68,364.52,364.61,3409.0,364.648,68,
2026-03-31 12:38:00,364.6,364.6,364.5,364.57,2883.107401,364.5598,79,
2026-03-31 12:39:00,364.5,364.5,364.26,364.26,2659.013837,364.3634,99,
2026-03-31 12:40:00,364.35,364.5,364.35,364.4804,2554.026091,364.4797,44,
2026-03-31 12:41:00,364.69,364.69,364.2,364.2,1289.642526,364.7097,45,
2026-03-31 12:42:00,364.6,364.66,364.5,364.5361,1233.054913,364.5929,35,
2026-03-31 12:43:00,364.51,364.6588,364.51,364.6,758.0,364.5784,40,
2026-03-31 12:44:00,364.6481,364.75,364.55,364.75,2646.022656,364.6248,55,
2026-03-31 12:45:00,364.7,364.7536,364.42,364.42,1308.279644,364.7336,75,
2026-03-31 12:46:00,364.75,364.75,364.61,364.61,491.109667,364.7206,46,
2026-03-31 12:47:00,364.6809,364.6809,364.58,364.6,1995.0,364.6319,52,
2026-03-31 12:48:00,364.54,364.6749,364.3089,364.3089,1578.0,364.3974,67,
2026-03-31 12:49:00,364.36,364.5,364.27,364.4925,1622.0,364.43,46,
2026-03-31 12:50:00,364.4,364.4,364.34,364.37,526.000027,364.3713,43,
2026-03-31 12:51:00,364.35,364.38,364.17,364.35,2652.251522,364.3388,90,
2026-03-31 12:52:00,364.29,364.29,364.29,364.29,436.577434,364.8129,45,
2026-03-31 12:53:00,364.5,364.6,364.5,364.5545,2044.0,364.5129,52,
2026-03-31 12:54:00,364.4914,364.4914,364.4914,364.4914,461.0,364.4703,42,
2026-03-31 12:55:00,364.5,364.5,364.16,364.16,1569.375093,364.4215,92,
2026-03-31 12:56:00,364.16,364.2,364.07,364.07,1767.058529,364.1654,93,
2026-03-31 12:57:00,364.0,364.18,363.87,364.17,3792.334592,364.0485,181,
2026-03-31 12:58:00,364.15,364.15,363.97,364.02,1650.033707,364.0678,68,
2026-03-31 12:59:00,364.0,364.0,363.85,363.94,909.025554,363.9813,65,
2026-03-31 13:00:00,363.99,364.2,363.99,364.2,494.0,364.0773,40,
2026-03-31 13:01:00,363.99,364.11,363.99,364.11,977.0,364.0806,61,
2026-03-31 13:02:00,364.15,364.48,364.15,364.48,491.158077,364.4597,33,
2026-03-31 13:03:00,364.25,364.25,364.15,364.15,686.035746,364.2415,54,
2026-03-31 13:04:00,364.1,364.14,363.78,363.8,3875.04385,363.93,152,
2026-03-31 13:05:00,363.779,364.0,363.779,363.97,1819.0,363.8874,66,
2026-03-31 13:06:00,363.93,364.0,363.93,364.0,1713.0,363.9777,68,
2026-03-31 13:07:00,363.87,363.92,363.66,363.92,2592.0,363.8457,90,
2026-03-31 13:08:00,363.8,363.98,363.8,363.93,758.361696,364.1067,50,
2026-03-31 13:09:00,364.0,364.0,363.8,364.0,1057.124322,363.9862,51,
2026-03-31 13:10:00,364.0,364.0,363.8,363.81,3076.014,363.915,124,
2026-03-31 13:11:00,363.8344,364.0,363.8,364.0,1977.002748,363.8648,53,
2026-03-31 13:12:00,363.81,363.81,363.6735,363.7,2457.0,363.7429,96,
2026-03-31 13:13:00,363.81,363.96,363.7322,363.96,1332.151446,363.8673,61,
2026-03-31 13:14:00,363.6,363.84,363.5553,363.5553,1793.0,363.7085,100,
2026-03-31 13:15:00,363.7,363.8,363.7,363.75,1316.0,363.7474,68,
2026-03-31 13:16:00,363.8208,363.8208,363.8,363.81,936.427098,363.9893,70,
2026-03-31 13:17:00,363.88,363.96,363.8292,363.96,2291.736127,364.0382,56,
2026-03-31 13:18:00,363.88,364.2,363.7316,364.12,4261.18426,364.0204,128,
2026-03-31 13:19:00,364.09,364.175,364.0,364.0,2553.0,364.0519,114,
2026-03-31 13:20:00,363.91,364.0,363.6,363.6,1930.019758,363.859,105,
2026-03-31 13:21:00,363.6,364.0,363.5,363.6,5237.711957,363.6182,204,
2026-03-31 13:22:00,364.0,364.0,363.53,363.66,1278.0,363.6838,64,
2026-03-31 13:23:00,363.7,363.978,363.51,363.52,4009.0,363.6202,120,
2026-03-31 13:24:00,363.51,364.0,363.5,364.0,4571.012922,363.6563,189,
2026-03-31 13:25:00,364.1,364.5,364.08,364.31,12466.167716,364.2418,288,
2026-03-31 13:26:00,364.49,364.53,364.0,364.05,4059.030365,364.2241,128,
2026-03-31 13:27:00,364.02,364.93,364.0,364.53,9327.219942,364.4637,262,
2026-03-31 13:28:00,364.7,365.0,364.49,364.49,12927.074838,364.7511,250,
2026-03-31 13:29:00,364.47,364.7,364.26,364.52,8186.324648,364.5947,118,
2026-03-31 13:30:00,364.55,366.54,364.37,365.6,873590.626728,365.186,15642,
2026-03-31 13:31:00,365.55,366.57,365.47,366.37,148183.21738,366.1187,4251,
2026-03-31 13:32:00,366.38,366.6399,365.42,365.42,145980.607285,366.1242,3918,
2026-03-31 13:33:00,365.38,365.59,364.83,365.415,173054.634696,365.2168,5455,
2026-03-31 13:34:00,365.41,366.85,365.34,366.825,128325.64025,366.1207,3428,
2026-03-31 13:35:00,366.82,367.13,366.25,366.445,133942.019724,366.5961,3794,
2026-03-31 13:36:00,366.4401,367.0799,366.14,366.63,126977.87389,366.5699,3337,
2026-03-31 13:37:00,366.59,367.38,366.54,367.165,170795.878003,366.997,4088,
2026-03-31 13:38:00,367.17,367.4,365.97,366.09,171112.456451,366.6784,4490,
2026-03-31 13:39:00,366.135,366.605,365.62,366.57,121720.265681,366.1109,3205,
2026-03-31 13:40:00,366.6117,367.16,366.55,366.82,123864.290398,366.845,4260,
2026-03-31 13:41:00,366.82,366.9,366.39,366.44,119532.439109,366.6372,3016,
2026-03-31 13:42:00,366.44,366.92,366.4,366.76,94776.432151,366.7305,2822,
2026-03-31 13:43:00,366.78,367.07,366.53,366.5701,168422.957728,366.7666,4183,
2026-03-31 13:44:00,366.57,366.61,365.8,366.04,172075.597627,366.1135,4070,
2026-03-31 13:45:00,366.07,366.65,366.07,366.38,87389.212414,366.4319,3008,
2026-03-31 13:46:00,366.4,366.86,366.28,366.73,70642.136436,366.544,2637,
2026-03-31 13:47:00,366.73,367.18,366.52,366.77,99057.49028,366.8592,3052,
2026-03-31 13:48:00,366.8,367.05,366.715,366.9425,56275.911892,366.9013,2309,
2026-03-31 13:49:00,366.97,367.7,366.97,367.69,128472.538463,367.4121,3778,
2026-03-31 13:50:00,367.69,367.69,366.656,367.11,97732.029634,367.1178,3348,
2026-03-31 13:51:00,367.11,367.41,366.8917,367.255,66815.981939,367.163,2247,
2026-03-31 13:52:00,367.245,367.31,366.9,367.24,63433.805602,367.067,2497,
2026-03-31 13:53:00,367.24,367.78,367.0701,367.72,94199.362485,367.5062,2502,
2026-03-31 13:54:00,367.73,368.15,367.69,367.9,126918.120802,367.9608,3941,
2026-03-31 13:55:00,367.89,368.07,367.73,367.73,121532.138652,367.9052,3384,
2026-03-31 13:56:00,367.78,367.83,367.06,367.26,94577.656401,367.4554,3329,
2026-03-31 13:57:00,367.28,367.446,366.67,366.775,96261.48405,367.0403,3308,
2026-03-31 13:58:00,366.83,367.12,366.7501,367.05,76713.495624,366.9603,2589,
2026-03-31 13:59:00,367.06,367.23,366.8014,367.1,90631.977921,366.9791,2750,
2026-03-31 14:00:00,367.11,367.55,366.96,367.29,94192.92084,367.2886,3151,
2026-03-31 14:01:00,367.29,367.36,367.03,367.0951,87129.635409,367.2286,2917,
2026-03-31 14:02:00,367.12,367.1499,366.5201,366.9,90103.288086,366.8848,3122,
2026-03-31 14:03:00,366.93,367.06,366.46,366.82,79822.902547,366.7524,2823,
2026-03-31 14:04:00,366.832,367.26,366.7,367.241,72672.418508,367.0016,2611,
2026-03-31 14:05:00,367.23,367.23,366.74,366.865,75559.097,366.9736,2663,
2026-03-31 14:06:00,366.865,367.18,366.75,367.0,53456.303798,367.0007,2318,
2026-03-31 14:07:00,367.0,367.27,366.98,367.105,61970.500926,367.0993,2446,
2026-03-31 14:08:00,367.105,367.2,366.76,366.845,95201.11471,366.9358,3234,
2026-03-31 14:09:00,366.8,367.02,366.6,366.83,71632.192273,366.8617,2366,
2026-03-31 14:10:00,366.83,367.2595,366.805,367.16,66595.288592,367.0781,2217,
2026-03-31 14:11:00,367.135,367.23,366.92,366.96,73400.829332,367.0968,2583,
2026-03-31 14:12:00,366.92,367.05,366.63,366.76,59905.791612,366.8066,2368,
2026-03-31 14:13:00,366.695,366.95,366.62,366.72,47963.531578,366.7569,2456,
2026-03-31 14:14:00,366.735,367.15,366.69,367.06,46868.099148,366.9289,2193,
2026-03-31 14:15:00,367.095,367.18,366.83,367.02,67509.400415,367.0102,2271,
2026-03-31 14:16:00,367.05,367.065,366.185,366.42,85918.201183,366.5339,2793,
2026-03-31 14:17:00,366.42,366.64,366.3,366.4494,60870.970798,366.4633,2278,
2026-03-31 14:18:00,366.455,366.66,366.14,366.365,90144.070358,366.3905,3314,
2026-03-31 14:19:00,366.36,366.86,366.3,366.63,68904.696826,366.6089,2467,
2026-03-31 14:20:00,366.62,366.71,366.11,366.16,50991.196511,366.3441,2268,
2026-03-31 14:21:00,366.17,366.1999,365.7045,365.79,71255.760464,365.979,3164,
2026-03-31 14:22:00,365.79,366.1269,365.43,366.0,73280.393396,365.7839,2627,
2026-03-31 14:23:00,366.0,366.4701,365.95,366.4,47379.414722,366.3122,2126,
2026-03-31 14:24:00,366.43,366.65,366.34,366.4,126147.133551,366.5068,2920,
2026-03-31 14:25:00,366.39,366.39,365.91,365.95,55889.177751,366.176,2373,
2026-03-31 14:26:00,366.0,366.1,365.7605,365.96,74336.837472,365.971,2118,
2026-03-31 14:27:00,365.96,366.05,365.68,365.7699,55115.978606,365.8864,2093,
2026-03-31 14:28:00,365.735,365.82,365.59,365.73,57590.465649,365.6898,2143,
2026-03-31 14:29:00,365.73,365.73,365.37,365.46,82323.295291,365.5526,2473,
2026-03-31 14:30:00,365.4601,365.4601,365.01,365.2991,172271.216826,365.2207,3113,
2026-03-31 14:31:00,365.3,365.34,364.9204,364.94,95904.459485,365.1111,3873,
2026-03-31 14:32:00,364.92,364.96,364.67,364.72,85641.611928,364.8067,3166,
2026-03-31 14:33:00,364.7399,364.95,364.6,364.835,84204.46735,364.749,2649,
2026-03-31 14:34:00,364.82,365.24,364.49,365.2,139137.643914,364.9526,3360,
2026-03-31 14:35:00,365.22,365.34,365.02,365.27,75236.408189,365.1656,2402,
2026-03-31 14:36:00,365.3,365.56,365.13,365.195,73020.864091,365.3228,2478,
2026-03-31 14:37:00,365.195,365.28,364.9,365.12,83912.429023,365.0678,2596,
2026-03-31 14:38:00,365.12,365.4,364.8,364.98,69894.60252,365.0914,2344,
2026-03-31 14:39:00,365.0,365.27,364.67,364.7,63366.242948,365.0098,2179,
2026-03-31 14:40:00,364.73,364.82,364.3917,364.4305,127934.838248,364.646,3223,
2026-03-31 14:41:00,364.45,364.86,364.38,364.74,72528.689752,364.6699,2128,
2026-03-31 14:42:00,364.77,364.9,364.51,364.73,58680.206799,364.7038,2057,
2026-03-31 14:43:00,364.69,364.8525,364.6,364.765,81635.223877,364.7376,2434,
2026-03-31 14:44:00,364.73,365.12,364.7001,364.9101,59766.033053,364.9184,2220,
2026-03-31 14:45:00,364.97,365.16,364.64,364.6804,61685.223409,364.8673,2245,
2026-03-31 14:46:00,364.71,365.185,364.62,365.01,50495.606266,364.8882,1886,
2026-03-31 14:47:00,364.95,365.1,364.74,364.81,54117.487464,364.9143,2076,
2026-03-31 14:48:00,364.8499,364.95,364.65,364.75,42971.68539,364.7833,1746,
2026-03-31 14:49:00,364.75,364.87,364.54,364.739,50752.026123,364.6475,1948,
2026-03-31 14:50:00,364.7,364.7899,364.1,364.1,104632.675005,364.3321,2932,
2026-03-31 14:51:00,364.15,364.23,363.63,363.655,94770.067984,363.984,3375,
2026-03-31 14:52:00,363.7,363.75,363.29,363.485,68268.37325,363.5001,2515,
2026-03-31 14:53:00,363.485,363.895,363.41,363.82,127181.933002,363.6265,2809,
2026-03-31 14:54:00,363.82,363.87,363.36,363.59,64527.238798,363.6285,2092,
2026-03-31 14:55:00,363.56,363.56,363.07,363.27,116692.196993,363.257,2934,
2026-03-31 14:56:00,363.27,363.66,363.27,363.485,49447.876249,363.4545,1918,
2026-03-31 14:57:00,363.45,363.59,363.35,363.36,1016898.085199,363.0268,2138,
2026-03-31 14:58:00,363.375,363.5499,363.22,363.4223,83042.017857,363.3919,2342,
2026-03-31 14:59:00,363.405,363.65,363.38,363.52,53293.684701,363.4886,2053,
2026-03-31 15:00:00,363.5,363.62,363.25,363.41,68633.535548,363.4291,2413,
2026-03-31 15:01:00,363.42,363.44,363.1,363.3,58149.618192,363.2687,2220,
2026-03-31 15:02:00,363.27,363.819,363.25,363.736,78492.408767,363.6274,2277,
2026-03-31 15:03:00,363.69,363.705,363.29,363.335,54455.508751,363.4872,2126,
2026-03-31 15:04:00,363.335,363.63,363.27,363.5,42964.995951,363.468,1885,
2026-03-31 15:05:00,363.49,363.675,363.35,363.675,45783.968514,363.4723,1775,
2026-03-31 15:06:00,363.67,364.15,363.585,364.095,83863.46899,363.9316,2231,
2026-03-31 15:07:00,364.12,364.14,363.73,363.79,54153.329311,363.8699,1914,
2026-03-31 15:08:00,363.83,364.07,363.77,363.95,40698.682135,363.9172,1753,
2026-03-31 15:09:00,363.9999,364.0,363.65,363.71,42545.38571,363.7907,1996,
2026-03-31 15:10:00,363.71,363.7302,363.25,363.36,75394.434673,363.4722,2457,
2026-03-31 15:11:00,363.39,364.05,363.39,363.87,57084.441991,363.7768,2041,
2026-03-31 15:12:00,363.895,364.1599,363.89,363.98,55976.87343,364.011,2100,
2026-03-31 15:13:00,363.94,364.2,363.85,364.16,59942.924416,364.0524,2182,
2026-03-31 15:14:00,364.12,364.52,364.075,364.33,69297.088713,364.3474,2129,
2026-03-31 15:15:00,364.33,364.7099,364.27,364.54,58665.534199,364.4653,2055,
2026-03-31 15:16:00,364.53,364.5699,364.325,364.52,63600.052683,364.4178,2143,
2026-03-31 15:17:00,364.52,364.5815,364.16,364.5,55325.726747,364.3648,2034,
2026-03-31 15:18:00,364.49,364.59,364.25,364.44,46600.091909,364.4155,1920,
2026-03-31 15:19:00,364.44,364.47,364.065,364.345,54435.457741,364.2531,2003,
2026-03-31 15:20:00,364.32,364.33,363.89,363.9999,36858.011644,364.1298,1851,
2026-03-31 15:21:00,363.92,364.1,363.86,364.05,35414.339927,363.9673,1635,
2026-03-31 15:22:00,364.02,364.5,363.95,364.38,37189.511456,364.2555,1750,
2026-03-31 15:23:00,364.375,364.82,364.375,364.72,40407.535444,364.6742,1856,
2026-03-31 15:24:00,364.715,364.9,364.61,364.71,34779.509081,364.7462,1747,
2026-03-31 15:25:00,364.675,364.8,364.6,364.71,55917.835641,364.7041,1839,
2026-03-31 15:26:00,364.8199,364.83,363.915,363.97,67452.126383,364.3088,2248,
2026-03-31 15:27:00,363.92,364.195,363.84,364.16,69349.921663,364.01,2404,
2026-03-31 15:28:00,364.17,364.22,363.9,364.12,28983.368141,364.0594,1646,
2026-03-31 15:29:00,364.135,364.3,364.07,364.2498,53020.210665,364.2022,1940,
2026-03-31 15:30:00,364.2,364.28,364.05,364.1601,34980.629843,364.1663,1695,
2026-03-31 15:31:00,364.1979,364.29,363.94,363.98,30528.316148,364.0951,1517,
2026-03-31 15:32:00,364.0,364.13,363.65,363.7288,49038.56503,363.9205,2111,
2026-03-31 15:33:00,363.67,364.0,363.67,363.88,28341.199009,363.8724,1504,
2026-03-31 15:34:00,363.9,364.35,363.9,364.3,32326.63462,364.2085,1547,
2026-03-31 15:35:00,364.305,364.7446,364.305,364.63,49185.489626,364.5709,1718,
2026-03-31 15:36:00,364.63,364.6497,364.4,364.42,46336.803275,364.5112,1916,
2026-03-31 15:37:00,364.42,364.535,364.2749,364.4,44883.70116,364.4178,1651,
2026-03-31 15:38:00,364.355,364.6,364.355,364.37,25798.542891,364.5186,1552,
2026-03-31 15:39:00,364.35,364.36,364.116,364.26,25857.933863,364.2663,1547,
2026-03-31 15:40:00,364.26,364.26,363.99,363.99,27171.425286,364.1483,1552,
2026-03-31 15:41:00,363.98,363.98,363.74,363.875,55265.174722,363.8382,1752,
2026-03-31 15:42:00,363.875,363.989,363.73,363.94,42219.299781,363.8473,1621,
2026-03-31 15:43:00,363.945,364.05,363.775,363.96,41145.608771,363.9572,1091,
2026-03-31 15:44:00,363.965,364.13,363.92,364.01,25824.765066,363.9948,982,
2026-03-31 15:45:00,364.0,364.0995,363.87,364.01,29994.445034,363.9781,1032,
2026-03-31 15:46:00,363.99,364.19,363.94,364.1687,34695.251153,364.0299,898,
2026-03-31 15:47:00,364.145,364.4,364.07,364.11,34446.279403,364.2295,1048,
2026-03-31 15:48:00,364.09,364.24,364.05,364.22,21978.116009,364.1488,811,
2026-03-31 15:49:00,364.2,364.42,364.18,364.3103,29712.348236,364.3102,956,
2026-03-31 15:50:00,364.32,364.37,364.11,364.2101,30399.029677,364.243,1104,
2026-03-31 15:51:00,364.23,364.7999,364.16,364.61,46219.062697,364.5094,1371,
2026-03-31 15:52:00,364.58,364.61,364.34,364.48,27046.615895,364.4903,1004,
2026-03-31 15:53:00,364.45,364.5,364.22,364.255,29870.056719,364.3471,1047,
2026-03-31 15:54:00,364.26,364.2875,364.05,364.21,30643.550578,364.1782,1108,
2026-03-31 15:55:00,364.24,364.36,364.16,364.29,33506.063698,364.2647,1048,
2026-03-31 15:56:00,364.26,364.36,364.11,364.1699,26781.864736,364.2727,977,
2026-03-31 15:57:00,364.17,364.24,364.03,364.075,24797.547119,364.1446,905,
2026-03-31 15:58:00,364.11,364.17,363.95,363.985,24715.662158,364.0398,1039,
2026-03-31 15:59:00,363.95,364.0599,363.87,363.93,27090.072363,363.9531,965,
2026-03-31 16:00:00,363.9,364.21,363.67,364.18,47472.164139,363.8399,1294,
2026-03-31 16:01:00,364.23,364.58,364.17,364.578,27842.154097,364.3492,929,
2026-03-31 16:02:00,364.52,364.68,364.49,364.545,36919.355788,364.5641,1113,
2026-03-31 16:03:00,364.5598,364.635,364.43,364.43,33446.33845,364.5229,1088,
2026-03-31 16:04:00,364.455,364.49,364.28,364.39,34706.481148,364.3943,1059,
2026-03-31 16:05:00,364.34,364.5899,364.34,364.525,26583.27571,364.4699,819,
2026-03-31 16:06:00,364.53,364.7,364.5,364.615,27487.957148,364.602,1112,
2026-03-31 16:07:00,364.59,364.85,364.57,364.85,29651.784352,364.7119,944,
2026-03-31 16:08:00,364.8799,364.99,364.79,364.84,43503.88388,364.9167,1082,
2026-03-31 16:09:00,364.83,364.83,364.52,364.645,53998.007138,364.6443,1439,
2026-03-31 16:10:00,364.635,364.85,364.55,364.8,20654.013438,364.7299,865,
2026-03-31 16:11:00,364.78,364.8,364.464,364.475,32609.165275,364.5794,1068,
2026-03-31 16:12:00,364.5,364.51,364.25,364.44,19494.288161,364.3846,927,
2026-03-31 16:13:00,364.46,364.72,364.42,364.685,30059.525428,364.5465,837,
2026-03-31 16:14:00,364.69,364.8188,364.68,364.71,26805.867003,364.749,992,
2026-03-31 16:15:00,364.7205,364.9,364.7,364.8,31415.406095,364.8084,887,
2026-03-31 16:16:00,364.8,365.09,364.8,365.0,57154.311074,364.9978,1356,
2026-03-31 16:17:00,364.99,365.14,364.87,365.04,60656.654116,364.9914,1382,
2026-03-31 16:18:00,365.02,365.06,364.83,364.86,41433.519335,364.9283,1132,
2026-03-31 16:19:00,364.89,364.9,364.6301,364.825,26817.223993,364.7703,899,
2026-03-31 16:20:00,364.825,364.89,364.68,364.8,34508.116902,364.8127,980,
2026-03-31 16:21:00,364.795,364.98,364.7,364.9,20498.788428,364.8471,863,
2026-03-31 16:22:00,364.885,364.8999,364.59,364.59,32006.682825,364.75,1064,
2026-03-31 16:23:00,364.57,364.835,364.55,364.8291,27212.194724,364.7218,983,
2026-03-31 16:24:00,364.795,364.98,364.755,364.96,32844.85552,364.8761,1056,
2026-03-31 16:25:00,364.96,365.1499,364.69,364.83,45895.08389,364.9064,1315,
2026-03-31 16:26:00,364.805,364.805,364.28,364.3115,64859.429736,364.4931,2078,
2026-03-31 16:27:00,364.38,364.64,364.18,364.565,59235.621748,364.4089,1492,
2026-03-31 16:28:00,364.588,365.07,364.5577,364.975,22568.217992,364.8363,904,
2026-03-31 16:29:00,364.975,365.06,364.8901,365.05,42731.818689,364.9893,1214,
2026-03-31 16:30:00,365.045,365.07,364.86,364.9296,26982.350085,364.966,1007,
2026-03-31 16:31:00,364.92,364.97,364.81,364.86,18386.952831,364.9057,747,
2026-03-31 16:32:00,364.86,364.97,364.755,364.89,32418.672812,364.8822,953,
2026-03-31 16:33:00,364.93,365.0,364.82,364.91,18431.477659,364.9066,785,
2026-03-31 16:34:00,364.9,365.06,364.77,364.87,32138.49976,364.9337,984,
2026-03-31 16:35:00,364.865,364.9,364.335,364.335,42207.732695,364.5658,1361,
2026-03-31 16:36:00,364.33,364.615,364.29,364.61,37052.724234,364.4461,1025,
2026-03-31 16:37:00,364.605,364.8,364.58,364.59,25765.764652,364.6878,784,
2026-03-31 16:38:00,364.63,365.55,364.63,365.55,86618.169549,365.1618,2282,
2026-03-31 16:39:00,365.48,366.14,365.41,366.09,362965.979504,365.1314,3840,
2026-03-31 16:40:00,366.04,367.07,366.01,366.525,189661.136616,366.6568,4901,
2026-03-31 16:41:00,366.47,367.75,366.47,367.74,85888.815693,367.0363,2862,
2026-03-31 16:42:00,367.62,367.69,366.83,367.4451,144000.173647,367.2998,4156,
2026-03-31 16:43:00,367.5,367.99,367.0,367.54,124591.777875,367.5839,3335,
2026-03-31 16:44:00,367.54,367.61,366.65,366.81,123859.122598,367.0834,3683,
2026-03-31 16:45:00,366.79,367.65,366.5,367.13,82296.41559,367.1013,2427,
2026-03-31 16:46:00,367.11,367.25,366.3,366.68,76265.343708,366.5919,2150,
2026-03-31 16:47:00,366.71,366.84,366.3,366.42,73162.688687,366.5097,2276,
2026-03-31 16:48:00,366.505,366.5758,366.2,366.4,48659.286643,366.3735,1627,
2026-03-31 16:49:00,366.385,367.0099,366.322,366.935,57198.882153,366.6129,1720,
2026-03-31 16:50:00,366.945,367.66,366.75,367.32,90619.536815,367.1132,2519,
2026-03-31 16:51:00,367.315,367.32,366.76,366.955,75567.590953,367.0221,2155,
2026-03-31 16:52:00,366.96,366.98,366.27,366.62,47143.993491,366.7007,1698,
2026-03-31 16:53:00,366.57,367.49,366.4,367.4,59346.234277,367.0201,1702,
2026-03-31 16:54:00,367.365,367.5,367.12,367.18,58223.536861,367.3159,1691,
2026-03-31 16:55:00,367.14,367.17,366.74,366.93,69441.460681,366.9891,1949,
2026-03-31 16:56:00,366.9,367.1,366.695,367.02,62376.539126,366.8675,1705,
2026-03-31 16:57:00,367.04,367.44,366.89,367.25,62475.281708,367.1623,1701,
2026-03-31 16:58:00,367.26,367.5299,367.14,367.4451,48523.390736,367.3204,1316,
2026-03-31 16:59:00,367.4899,368.09,367.43,367.965,107396.087338,367.7762,2378,
2026-03-31 17:00:00,368.0098,368.55,367.91,368.44,109499.651577,368.3204,2675,
2026-03-31 17:01:00,368.445,368.57,368.17,368.3901,91661.507996,368.3367,2294,
2026-03-31 17:02:00,368.39,368.76,368.3,368.7325,80178.995918,368.547,1973,
2026-03-31 17:03:00,368.75,368.99,368.64,368.815,134367.076415,368.8021,2917,
2026-03-31 17:04:00,368.815,369.225,368.77,368.88,684800.012566,365.7674,3607,
2026-03-31 17:05:00,368.91,368.93,368.4563,368.51,107928.236698,368.6777,2788,
2026-03-31 17:06:00,368.5,368.65,368.03,368.09,98819.838807,368.4462,2334,
2026-03-31 17:07:00,368.08,368.95,368.06,368.9,69244.636548,368.5383,2053,
2026-03-31 17:08:00,368.915,368.95,368.66,368.87,52721.303863,368.8499,1694,
2026-03-31 17:09:00,368.86,369.12,368.26,368.505,159372.991652,368.7996,3639,
2026-03-31 17:10:00,368.54,368.92,368.41,368.715,61230.321873,368.6847,1676,
2026-03-31 17:11:00,368.751,369.315,368.63,369.3,70388.241877,369.0838,2049,
2026-03-31 17:12:00,369.3,369.37,369.0,369.24,65869.449963,369.2328,1993,
2026-03-31 17:13:00,369.23,369.58,369.045,369.31,116066.333819,369.3485,2735,
2026-03-31 17:14:00,369.3,369.63,369.3,369.545,71368.088679,369.474,2106,
2026-03-31 17:15:00,369.57,370.1,369.56,369.91,172109.249615,369.8507,4389,
2026-03-31 17:16:00,369.94,370.14,369.7,369.855,128073.638341,369.962,2907,
2026-03-31 17:17:00,369.855,370.04,369.8,369.985,94472.337182,369.9154,2269,
2026-03-31 17:18:00,369.95,370.02,369.69,369.8,104050.03223,369.8601,2573,
2026-03-31 17:19:00,369.825,370.4899,369.73,370.31,82839.851934,370.101,2240,
2026-03-31 17:20:00,370.295,370.365,369.78,369.95,72542.254925,370.0616,2357,
2026-03-31 17:21:00,369.98,370.3399,369.94,370.3399,59347.597428,370.1425,1858,
2026-03-31 17:22:00,370.3399,370.57,370.13,370.35,92543.585244,370.3877,2773,
2026-03-31 17:23:00,370.35,370.43,370.08,370.15,89999.379218,370.2489,2519,
2026-03-31 17:24:00,370.13,370.13,369.8038,369.86,75101.710112,369.9744,2179,
2026-03-31 17:25:00,369.9,370.05,369.55,369.6,87825.036078,369.7779,2076,
2026-03-31 17:26:00,369.6,369.84,369.441,369.576,78591.512582,369.6299,2006,
2026-03-31 17:27:00,369.545,369.61,369.02,369.08,70389.857764,369.3916,1848,
2026-03-31 17:28:00,369.04,369.2799,368.99,369.05,112472.64574,369.1058,2297,
2026-03-31 17:29:00,369.03,369.1,368.665,368.88,62426.855601,368.8798,1810,
2026-03-31 17:30:00,368.86,369.11,368.84,369.0,55016.733797,368.9589,1786,
2026-03-31 17:31:00,369.05,369.54,369.023,369.41,71171.272123,369.1969,2204,
2026-03-31 17:32:00,369.39,369.7,369.33,369.34,91997.07136,369.4989,2403,
2026-03-31 17:33:00,369.34,369.7899,369.34,369.71,53098.97901,369.6034,1346,
2026-03-31 17:34:00,369.71,370.12,369.69,370.075,55494.179417,369.8675,1639,
2026-03-31 17:35:00,370.075,370.15,369.8,369.84,54095.525719,370.0213,1514,
2026-03-31 17:36:00,369.82,369.82,368.86,369.325,113394.441145,369.2175,2696,
2026-03-31 17:37:00,369.325,369.35,368.59,368.73,75629.383744,368.9497,1911,
2026-03-31 17:38:00,368.77,368.8794,368.13,368.33,69145.816968,368.5095,1785,
2026-03-31 17:39:00,368.3396,368.53,368.22,368.41,61329.873133,368.3442,1629,
2026-03-31 17:40:00,368.32,368.6991,368.23,368.6,84353.676889,368.4543,1927,
2026-03-31 17:41:00,368.56,368.56,368.11,368.295,49986.185939,368.2924,1628,
2026-03-31 17:42:00,368.295,368.38,368.17,368.21,31697.645357,368.2713,993,
2026-03-31 17:43:00,368.18,368.436,368.11,368.31,67025.820546,368.2797,1312,
2026-03-31 17:44:00,368.29,368.585,368.14,368.44,79388.39878,368.3382,1678,
2026-03-31 17:45:00,368.48,368.64,368.4,368.64,35656.958847,368.5235,1014,
2026-03-31 17:46:00,368.6,368.72,368.44,368.47,34931.539041,368.596,1130,
2026-03-31 17:47:00,368.515,368.93,368.515,368.76,48644.941372,368.7578,1391,
2026-03-31 17:48:00,368.755,368.924,368.6601,368.7,35066.532698,368.7871,893,
2026-03-31 17:49:00,368.6774,368.9,368.64,368.83,26490.561548,368.7786,1001,
2026-03-31 17:50:00,368.87,368.94,368.7217,368.885,27394.843837,368.8279,2507,
2026-03-31 17:51:00,368.895,369.06,368.67,368.7,48635.887796,368.8875,1492,
2026-03-31 17:52:00,368.73,368.74,368.57,368.65,36972.473823,368.6809,1326,
2026-03-31 17:53:00,368.69,368.75,368.5,368.615,38048.044427,368.6104,1192,
2026-03-31 17:54:00,368.63,368.7799,368.49,368.6788,32001.741373,368.6882,930,
2026-03-31 17:55:00,368.75,368.78,368.44,368.4701,42283.546804,368.6313,1255,
2026-03-31 17:56:00,368.51,368.55,368.34,368.465,43739.139785,368.4335,1242,
2026-03-31 17:57:00,368.45,368.52,368.2301,368.315,34956.123985,368.3985,1130,
2026-03-31 17:58:00,368.315,368.39,368.04,368.325,52395.142763,368.206,1419,
2026-03-31 17:59:00,368.325,368.4199,368.2001,368.34,25778.454935,368.3279,984,
2026-03-31 18:00:00,368.34,368.86,368.32,368.74,68029.681358,368.6158,1504,
2026-03-31 18:01:00,368.72,369.04,368.65,368.98,56278.838675,368.8779,1360,
2026-03-31 18:02:00,369.01,369.27,368.96,369.0488,39042.598534,369.0793,1140,
2026-03-31 18:03:00,369.0,369.265,368.96,369.12,26405.972418,369.1111,938,
2026-03-31 18:04:00,369.1447,369.215,369.0,369.055,27744.715674,369.1197,1007,
2026-03-31 18:05:00,369.08,369.2,369.0001,369.13,37478.876239,369.0999,1275,
2026-03-31 18:06:00,369.13,369.275,368.81,369.0,38183.935638,369.049,1352,
2026-03-31 18:07:00,369.0,369.31,368.97,369.2,39435.83892,369.1805,1175,
2026-03-31 18:08:00,369.21,369.52,369.11,369.5,62917.554195,369.3129,1352,
2026-03-31 18:09:00,369.485,369.79,369.43,369.605,69419.370807,369.5772,1577,
2026-03-31 18:10:00,369.59,369.65,369.2,369.29,60678.142288,369.5021,1573,
2026-03-31 18:11:00,369.31,369.31,369.0101,369.1799,37341.345996,369.1628,1230,
2026-03-31 18:12:00,369.17,369.2,368.95,369.06,48331.791152,369.0692,1408,
2026-03-31 18:13:00,369.04,369.26,369.0,369.26,24698.843335,369.0895,1017,
2026-03-31 18:14:00,369.29,369.63,369.2,369.55,55739.503088,369.407,1177,
2026-03-31 18:15:00,369.52,369.6,369.33,369.498,34525.750619,369.4845,1130,
2026-03-31 18:16:00,369.49,369.63,369.35,369.5075,64988.374771,369.464,1502,
2026-03-31 18:17:00,369.52,369.7,369.27,369.47,44118.180445,369.499,1471,
2026-03-31 18:18:00,369.4207,369.5199,369.32,369.3356,33598.03229,369.4084,942,
2026-03-31 18:19:00,369.355,369.56,369.29,369.55,36281.583212,369.4037,1059,
2026-03-31 18:20:00,369.57,369.67,369.49,369.63,34625.287388,369.5726,1076,
2026-03-31 18:21:00,369.63,369.845,369.6,369.665,83930.763042,369.7576,1824,
2026-03-31 18:22:00,369.68,369.71,369.49,369.58,53397.369829,369.5874,1355,
2026-03-31 18:23:00,369.56,369.85,369.51,369.79,68441.887669,369.6317,1446,
2026-03-31 18:24:00,369.8,369.86,369.47,369.54,54902.024267,369.7225,1500,
2026-03-31 18:25:00,369.5,369.53,369.305,369.32,40883.035875,369.4581,1432,
2026-03-31 18:26:00,369.32,369.5974,369.2901,369.48,26104.415088,369.4752,954,
2026-03-31 18:27:00,369.45,369.465,369.24,369.465,34092.134105,369.3657,1143,
2026-03-31 18:28:00,369.5,370.1,369.4401,369.84,69022.911557,369.9098,1685,
2026-03-31 18:29:00,369.79,369.99,369.76,369.83,45735.149416,369.9006,1286,
2026-03-31 18:30:00,369.81,369.9,369.625,369.645,33765.162168,369.7592,1155,
2026-03-31 18:31:00,369.68,369.87,369.51,369.58,34043.90059,369.7346,1156,
2026-03-31 18:32:00,369.56,369.65,369.43,369.52,48482.983348,369.5497,1307,
2026-03-31 18:33:00,369.53,369.675,369.45,369.63,30251.664244,369.5703,1107,
2026-03-31 18:34:00,369.6351,369.9299,369.615,369.83,32293.228974,369.7803,973,
2026-03-31 18:35:00,369.805,369.9016,369.6701,369.9016,51094.646101,369.7685,1473,
2026-03-31 18:36:00,369.86,370.02,369.78,369.9,57534.385551,369.887,1388,
2026-03-31 18:37:00,369.86,370.04,369.86,369.98,43738.910587,369.9453,1166,
2026-03-31 18:38:00,369.99,370.27,369.99,370.1499,59186.416823,370.1418,1446,
2026-03-31 18:39:00,370.15,370.19,370.0,370.03,42993.816406,370.0963,1168,
2026-03-31 18:40:00,370.02,370.18,369.83,369.94,42006.463938,369.9899,1263,
2026-03-31 18:41:00,369.94,370.14,369.8,369.905,137910.406596,369.9669,2621,
2026-03-31 18:42:00,369.87,370.28,369.87,370.24,64742.3185,370.1338,1622,
2026-03-31 18:43:00,370.25,370.2643,369.97,370.135,77982.802803,370.1429,1886,
2026-03-31 18:44:00,370.13,370.53,369.82,370.49,118938.230892,370.1383,2426,
2026-03-31 18:45:00,370.5,370.73,370.48,370.55,104566.065617,370.6014,2780,
2026-03-31 18:46:00,370.555,370.555,370.28,370.32,56754.901676,370.3754,1637,
2026-03-31 18:47:00,370.32,370.39,370.12,370.3,58625.419655,370.262,1662,
2026-03-31 18:48:00,370.27,370.33,370.09,370.184,41235.339006,370.2048,1291,
2026-03-31 18:49:00,370.19,370.45,370.1,370.415,81864.389926,370.2313,1777,
2026-03-31 18:50:00,370.44,370.75,370.385,370.585,95739.283726,370.6091,2190,
2026-03-31 18:51:00,370.6,370.62,370.26,370.32,54282.279491,370.4102,1517,
2026-03-31 18:52:00,370.2901,370.44,370.2,370.32,56552.830277,370.3596,1321,
2026-03-31 18:53:00,370.35,370.475,370.28,370.41,47867.694414,370.3776,1288,
2026-03-31 18:54:00,370.415,370.54,370.25,370.36,43375.521119,370.3777,1322,
2026-03-31 18:55:00,370.36,370.685,370.315,370.57,52391.78504,370.5132,1288,
2026-03-31 18:56:00,370.57,370.795,370.57,370.66,127945.115447,370.7247,2410,
2026-03-31 18:57:00,370.625,370.67,370.32,370.375,85666.552672,370.5049,2184,
2026-03-31 18:58:00,370.34,370.78,370.325,370.77,89775.443513,370.5188,2021,
2026-03-31 18:59:00,370.73,370.7401,370.5,370.53,90979.670829,370.6383,1855,
2026-03-31 19:00:00,370.51,370.66,370.39,370.4718,59355.652801,370.5311,1615,
2026-03-31 19:01:00,370.48,370.715,370.28,370.49,102660.273001,370.5137,2195,
2026-03-31 19:02:00,370.45,370.59,370.28,370.38,83039.444664,370.4669,1836,
2026-03-31 19:03:00,370.385,370.78,370.38,370.72,79026.306869,370.6202,1832,
2026-03-31 19:04:00,370.72,370.86,370.57,370.66,115668.551494,370.7201,2159,
2026-03-31 19:05:00,370.65,370.67,370.25,370.54,108369.233207,370.5197,2362,
2026-03-31 19:06:00,370.56,370.84,370.56,370.825,59693.362506,370.6904,1606,
2026-03-31 19:07:00,370.825,370.85,370.34,370.38,65058.60603,370.5693,1855,
2026-03-31 19:08:00,370.38,370.64,370.3,370.34,100003.810523,370.4672,2024,
2026-03-31 19:09:00,370.32,370.79,370.32,370.7399,117026.777555,370.5036,2488,
2026-03-31 19:10:00,370.74,371.16,370.69,370.965,104536.64281,370.8866,2631,
2026-03-31 19:11:00,370.9401,371.03,370.73,370.93,79965.898054,370.9108,1983,
2026-03-31 19:12:00,370.93,370.99,370.7001,370.95,58305.803403,370.8667,1648,
2026-03-31 19:13:00,370.92,371.09,370.85,371.0889,81938.893695,370.9214,1691,
2026-03-31 19:14:00,371.06,371.3,370.98,371.18,72059.250917,371.1216,1816,
2026-03-31 19:15:00,371.16,371.54,371.12,371.525,101676.669215,371.3392,2769,
2026-03-31 19:16:00,371.5,371.7,371.11,371.215,125695.18234,371.3885,2683,
2026-03-31 19:17:00,371.21,371.28,370.73,370.795,93364.769378,370.8939,2508,
2026-03-31 19:18:00,370.79,371.24,370.79,371.025,81462.148473,371.0093,2127,
2026-03-31 19:19:00,371.025,371.31,371.025,371.23,70937.254131,371.2119,2040,
2026-03-31 19:20:00,371.2,371.49,371.17,371.44,74970.446181,371.3088,2069,
2026-03-31 19:21:00,371.43,371.65,371.36,371.43,93282.861195,371.4926,2393,
2026-03-31 19:22:00,371.43,371.47,371.3,371.41,59198.71555,371.3839,1834,
2026-03-31 19:23:00,371.41,371.455,371.13,371.17,59407.731748,371.3206,1853,
2026-03-31 19:24:00,371.19,371.2982,371.09,371.245,67361.303496,371.2067,1635,
2026-03-31 19:25:00,371.26,371.385,371.07,371.07,63724.982444,371.2852,1819,
2026-03-31 19:26:00,371.075,371.22,370.9301,370.97,84586.649124,371.0715,2118,
2026-03-31 19:27:00,370.94,371.23,370.89,371.1,76151.656796,371.1428,1869,
2026-03-31 19:28:00,371.0801,371.11,370.96,371.04,57350.943181,371.0546,1703,
2026-03-31 19:29:00,371.04,371.18,370.97,371.09,84941.172675,371.0964,2157,
2026-03-31 19:30:00,371.14,371.64,371.11,371.55,115683.744833,371.4801,2853,
2026-03-31 19:31:00,371.55,371.58,371.06,371.16,102722.338504,371.2708,2673,
2026-03-31 19:32:00,371.15,371.1898,371.03,371.04,57304.579318,371.1058,1966,
2026-03-31 19:33:00,371.07,371.4347,371.04,371.425,100783.722302,371.2358,2474,
2026-03-31 19:34:00,371.425,371.44,371.19,371.2051,80990.001343,371.3507,2252,
2026-03-31 19:35:00,371.18,371.32,370.97,371.0,106281.613347,371.1235,3040,
2026-03-31 19:36:00,371.0,371.43,370.86,371.37,91141.193378,371.1359,2523,
2026-03-31 19:37:00,371.37,371.61,371.37,371.545,72482.596414,371.4908,2099,
2026-03-31 19:38:00,371.54,371.68,371.46,371.68,84732.551101,371.5717,2257,
2026-03-31 19:39:00,371.668,371.7,371.3,371.37,105257.429517,371.4719,2874,
2026-03-31 19:40:00,371.35,371.5,371.25,371.4699,90131.047919,371.3849,2506,
2026-03-31 19:41:00,371.46,371.48,371.16,371.42,141764.907241,371.3066,3118,
2026-03-31 19:42:00,371.42,371.475,371.19,371.425,132924.503281,371.3627,2969,
2026-03-31 19:43:00,371.425,371.425,371.08,371.29,105488.851845,371.212,2847,
2026-03-31 19:44:00,371.295,371.65,371.2,371.65,107984.911662,371.4473,2829,
2026-03-31 19:45:00,371.62,371.87,371.5,371.7701,130030.636258,371.7124,3225,
2026-03-31 19:46:00,371.79,372.0,371.69,371.69,138580.880742,371.8575,3505,
2026-03-31 19:47:00,371.72,371.9517,371.6,371.86,120002.580615,371.7605,3166,
2026-03-31 19:48:00,371.86,371.93,371.66,371.92,90150.836605,371.8024,2647,
2026-03-31 19:49:00,371.9,372.0,371.73,371.9613,105728.607453,371.8443,2856,
2026-03-31 19:50:00,372.0,372.9,371.94,372.18,439722.241436,372.4154,8847,
2026-03-31 19:51:00,372.16,372.21,371.09,371.482,238182.606565,371.6898,5567,
2026-03-31 19:52:00,371.505,371.64,371.06,371.285,208463.864895,371.3556,4530,
2026-03-31 19:53:00,371.24,371.63,371.04,371.51,206832.042382,371.3346,4888,
2026-03-31 19:54:00,371.54,372.0,371.24,371.26,275491.293174,371.4859,6460,
2026-03-31 19:55:00,371.305,371.34,370.14,370.21,358868.006535,370.5412,8573,
2026-03-31 19:56:00,370.21,370.33,369.87,369.99,235352.532847,370.1361,6348,
2026-03-31 19:57:00,369.96,370.21,369.74,370.08,257994.79953,369.9346,7160,
2026-03-31 19:58:00,370.06,370.2,369.85,369.95,304322.997892,370.0235,7907,
2026-03-31 19:59:00,369.955,370.42,369.84,370.16,795210.800291,370.2045,18186,
2026-03-31 20:00:00,370.17,370.33,369.8,369.83,367975.354466,370.1685,478,
2026-03-31 20:01:00,369.72,369.99,369.51,369.97,9966.602849,369.7917,194,
2026-03-31 20:02:00,369.9352,370.01,369.84,369.9,5553.024327,369.9303,160,
2026-03-31 20:03:00,369.9,369.9,369.5403,369.8062,4454.809183,369.8374,149,
2026-03-31 20:04:00,369.59,369.9,369.5,369.8,195487.903542,370.1639,132,
2026-03-31 20:05:00,369.6,370.13,369.6,370.13,23534.0,370.1216,87,
2026-03-31 20:06:00,369.98,370.119,369.6,370.0,2595.002453,369.7528,60,
2026-03-31 20:07:00,370.0,370.0,370.0,370.0,23370.0,370.1669,60,
2026-03-31 20:08:00,370.0,370.07,369.8,369.8,1451.1,369.9447,96,
2026-03-31 20:09:00,370.0,370.17,369.8,370.17,2824.0,370.0277,102,
2026-03-31 20:10:00,370.1,370.5,370.1,370.4,2845.819751,370.3737,134,
2026-03-31 20:11:00,370.4,370.82,370.4,370.82,4638.086755,370.5545,169,
2026-03-31 20:12:00,370.3,370.61,370.3,370.51,760.056702,370.5925,66,
2026-03-31 20:13:00,370.68,370.7,370.45,370.6,1812.141883,370.6519,96,
2026-03-31 20:14:00,370.5194,370.55,370.17,370.49,1240.149341,370.5475,70,
2026-03-31 20:15:00,370.5,370.69,370.5,370.69,2080.301362,370.6375,102,
2026-03-31 20:16:00,370.82,370.9,370.5,370.5,1173.655984,370.916,92,
2026-03-31 20:17:00,370.5636,370.65,370.5,370.6,705.719737,370.9684,54,
2026-03-31 20:18:00,370.563,370.78,370.563,370.78,701.986499,371.2161,65,
2026-03-31 20:19:00,370.68,370.79,370.68,370.74,1971.325684,370.7657,56,
2026-03-31 20:20:00,370.82,370.82,370.82,370.82,529.002966,370.744,53,
2026-03-31 20:21:00,370.85,370.85,370.17,370.85,962.556744,370.8831,50,
2026-03-31 20:22:00,370.76,370.85,370.5,370.5001,2552.772005,370.7273,56,
2026-03-31 20:23:00,370.51,370.51,370.5,370.5,632.225789,370.6818,41,
2026-03-31 20:24:00,370.6,370.84,370.5265,370.84,937.0,370.7915,32,
2026-03-31 20:25:00,370.73,370.85,370.7,370.85,1458.019077,370.8191,69,
2026-03-31 20:26:00,370.85,370.85,370.65,370.7499,3212.115108,370.752,107,
2026-03-31 20:27:00,370.74,370.95,370.501,370.9,7034.564939,370.8832,229,
2026-03-31 20:28:00,370.84,370.9993,370.6,370.9993,3169.074481,370.8076,82,
2026-03-31 20:29:00,371.0,371.4,370.99,371.2309,3709.087477,371.1734,150,
2026-03-31 20:30:00,371.3836,371.3836,370.97,370.97,653.12123,371.2368,65,
2026-03-31 20:31:00,370.97,371.2,370.97,371.2,698.088873,371.1322,37,
2026-03-31 20:32:00,370.85,371.2,370.85,371.1,2387.130875,371.0345,46,
2026-03-31 20:33:00,371.1,371.1,371.1,371.1,406.002963,371.0732,45,
2026-03-31 20:34:00,371.0684,371.0684,371.0684,371.0684,304.024245,371.0794,39,
2026-03-31 20:35:00,371.1,371.1,371.026,371.026,910.0,371.0942,58,
2026-03-31 20:36:00,371.19,371.19,370.9,371.0,605.0,370.9826,60,
2026-03-31 20:37:00,370.97,370.97,370.88,370.88,318.0,370.9212,38,
2026-03-31 20:38:00,371.0,371.0,370.6442,370.6442,1156.126152,370.8615,61,
2026-03-31 20:39:00,370.65,370.9725,370.62,370.62,2306.016422,370.7509,93,
2026-03-31 20:40:00,370.71,370.71,370.65,370.689,728.013608,370.7231,50,
2026-03-31 20:41:00,370.82,370.82,370.65,370.7695,945.026263,370.7497,45,
2026-03-31 20:42:00,370.75,370.75,370.62,370.62,777.002201,370.6885,67,
2026-03-31 20:43:00,370.62,370.7,370.62,370.6304,2696.030559,370.6649,78,
2026-03-31 20:44:00,370.62,370.622,370.62,370.62,2031.245501,370.6703,69,
2026-03-31 20:45:00,370.69,370.8,370.6518,370.6518,910.008245,370.7432,61,
2026-03-31 20:46:00,370.68,370.68,370.68,370.68,240.03654,370.7411,35,
2026-03-31 20:47:00,370.632,370.89,370.632,370.89,2694.055398,370.845,158,
2026-03-31 20:48:00,370.9,371.05,370.9,371.05,2153.008167,370.9749,92,
2026-03-31 20:49:00,370.86,370.8631,370.86,370.8631,408.0,370.9495,44,
2026-03-31 20:50:00,370.92,371.11,370.92,371.1,2247.38727,371.0715,68,
2026-03-31 20:51:00,371.1,371.33,370.91,371.31,4437.066259,371.1998,308,
2026-03-31 20:52:00,371.33,371.3964,371.33,371.34,879.0,371.3539,54,
2026-03-31 20:53:00,371.35,371.35,371.3,371.3,2192.647415,371.4177,85,
2026-03-31 20:54:00,371.3,371.34,371.3,371.34,1618.062546,371.3229,63,
2026-03-31 20:55:00,371.3,371.39,371.3,371.3,900.013463,371.3156,40,
2026-03-31 20:56:00,371.3,371.3,371.01,371.01,1205.010776,371.193,64,
2026-03-31 20:58:00,371.03,371.09,370.91,370.91,2120.053868,371.0693,68,
2026-03-31 20:59:00,370.8886,371.09,370.8886,370.9,2379.636851,371.0154,35,
2026-03-31 21:00:00,371.07,371.09,371.0,371.09,1082.0,371.0588,64,
2026-03-31 21:01:00,371.1632,371.1632,371.1632,371.1632,166.0,371.154,18,
2026-03-31 21:02:00,371.15,371.15,371.1,371.1,507.540894,371.5225,39,
2026-03-31 21:03:00,371.11,371.16,371.07,371.16,771.0,371.1205,40,
2026-03-31 21:04:00,371.12,371.12,371.07,371.12,1178.01347,371.1092,65,
2026-03-31 21:05:00,371.13,371.2,371.13,371.2,594.396982,371.424,38,
2026-03-31 21:06:00,371.2794,371.2794,371.2794,371.2794,251.029585,371.2976,28,
2026-03-31 21:07:00,371.3,371.3,371.1434,371.1434,484.033691,376.9555,36,
2026-03-31 21:08:00,371.25,371.29,371.12,371.2886,3240.007487,371.2806,21,
2026-03-31 21:09:00,371.2,371.23,371.2,371.2,548.0,371.217,41,
2026-03-31 21:11:00,371.2,371.2,371.2,371.2,217.0,371.213,31,
2026-03-31 21:12:00,371.2331,371.2331,371.2,371.21,606.0,371.2113,27,
2026-03-31 21:13:00,371.2161,371.2161,371.1117,371.1117,1246.139513,370.9477,52,
2026-03-31 21:14:00,371.15,371.18,371.12,371.12,686.002498,371.1569,25,
2026-03-31 21:15:00,371.19,371.19,371.13,371.13,339.068617,371.2203,25,
2026-03-31 21:16:00,371.07,371.0706,371.07,371.0706,326.0,371.0873,41,
2026-03-31 21:17:00,371.1368,371.14,371.1368,371.14,245.428742,371.7533,26,
2026-03-31 21:18:00,371.07,371.07,371.07,371.07,697.33795,371.2535,21,
2026-03-31 21:19:00,371.1,371.2,371.05,371.07,2351.032334,371.0887,73,
2026-03-31 21:20:00,371.07,371.08,371.07,371.07,4281.053893,371.0759,42,
2026-03-31 21:21:00,371.07,371.07,371.07,371.07,175.134699,371.3844,23,
2026-03-31 21:22:00,371.11,371.2,371.09,371.2,1606.000161,371.1609,30,
2026-03-31 21:23:00,371.1,371.1,371.08,371.1,685.029802,371.1027,39,
2026-03-31 21:24:00,371.1,371.1,371.1,371.1,206.753568,371.6178,21,
2026-03-31 21:25:00,371.07,371.07,371.07,371.07,332.0,371.0761,37,
2026-03-31 21:26:00,371.09,371.13,371.07,371.07,2153.01347,371.0755,33,
2026-03-31 21:27:00,371.14,371.2,371.07,371.08,833.053889,371.1312,31,
2026-03-31 21:28:00,371.14,371.14,371.11,371.11,475.032217,371.1524,35,
2026-03-31 21:30:00,371.08,371.14,371.08,371.14,444.129561,371.2084,25,
2026-03-31 21:32:00,371.08,371.08,371.07,371.07,488.008079,371.0818,29,
2026-03-31 21:33:00,371.1,371.1,371.08,371.08,826.002694,371.0973,15,
2026-03-31 21:35:00,371.15,371.16,371.15,371.16,320.002694,371.148,20,
2026-03-31 21:36:00,371.08,371.08,371.08,371.08,266.017595,371.109,21,
2026-03-31 21:37:00,371.07,371.0799,371.07,371.0703,1790.0,371.0764,43,
2026-03-31 21:38:00,371.0799,371.11,371.07,371.11,743.020775,371.0982,45,
2026-03-31 21:39:00,371.07,371.09,371.07,371.09,206.011991,371.0991,19,
2026-03-31 21:41:00,371.08,371.08,371.0703,371.08,250.060276,371.167,24,
2026-03-31 21:42:00,371.07,371.07,371.07,371.07,260.016399,371.0973,23,
2026-03-31 21:43:00,371.0726,371.08,371.07,371.07,492.024773,371.0916,26,
2026-03-31 21:44:00,371.0763,371.0763,371.07,371.07,1798.061981,371.0833,41,
2026-03-31 21:45:00,371.08,371.15,371.08,371.1485,1486.006934,371.1315,59,
2026-03-31 21:46:00,371.07,371.1486,371.07,371.0701,319.013471,371.1119,15,
2026-03-31 21:47:00,371.0804,371.0804,371.0804,371.0804,199.0,371.1186,23,
2026-03-31 21:48:00,371.12,371.12,371.12,371.12,132.0,371.1252,17,
2026-03-31 21:49:00,371.11,371.1183,371.1,371.1,286.057189,371.1844,25,
2026-03-31 21:50:00,371.1,371.1,371.1,371.1,149.0,371.1023,11,
2026-03-31 21:51:00,371.07,371.07,371.07,371.07,238.004149,371.0856,37,
2026-03-31 21:53:00,371.07,371.12,371.07,371.12,1408.018975,371.0838,24,
2026-03-31 21:55:00,371.12,371.12,371.12,371.12,468.791796,371.7417,21,
2026-03-31 21:56:00,371.07,371.07,371.07,371.07,361.052484,371.1319,41,
2026-03-31 21:57:00,371.0765,371.0765,371.0765,371.0765,126.012179,371.1225,19,
2026-03-31 21:58:00,371.0718,371.12,371.07,371.12,406.013228,371.1115,34,
2026-03-31 21:59:00,371.2,371.2,371.07,371.1176,315.0,371.1396,39,
2026-03-31 22:00:00,371.07,371.3,371.07,371.3,661.057094,371.2072,56,
2026-03-31 22:01:00,371.2,371.2,371.2,371.2,637.372619,371.4172,19,
2026-03-31 22:02:00,371.21,371.34,371.1022,371.34,1839.0,371.2563,29,
2026-03-31 22:03:00,371.1,371.35,371.1,371.34,1901.062639,371.3237,103,
2026-03-31 22:04:00,371.58,372.0,371.58,371.7,4624.082299,371.7138,103,
2026-03-31 22:05:00,371.7,371.7,371.68,371.68,222.315044,372.1932,29,
2026-03-31 22:06:00,371.66,371.66,371.66,371.66,259.053794,371.7884,24,
2026-03-31 22:07:00,371.6,371.6,371.2416,371.2416,327.0,371.4252,28,
2026-03-31 22:08:00,371.7,371.7,371.5,371.5,229.00538,371.568,18,
2026-03-31 22:09:00,371.38,371.38,371.38,371.38,203.008937,371.387,20,
2026-03-31 22:10:00,371.45,371.5,371.45,371.5,576.032296,371.4813,35,
2026-03-31 22:11:00,371.5,371.61,371.5,371.57,1659.0,371.5528,32,
2026-03-31 22:12:00,371.62,371.79,371.55,371.79,1213.032628,371.7137,52,
2026-03-31 22:14:00,371.75,372.2,371.75,372.15,4855.077411,372.0215,131,
2026-03-31 22:15:00,371.92,372.2,371.92,372.0,1886.014454,372.0136,29,
2026-03-31 22:16:00,372.0,372.21,371.76,371.95,773.252709,372.1317,38,
2026-03-31 22:17:00,371.73,371.93,371.73,371.93,654.414834,372.1439,75,
2026-03-31 22:18:00,372.0,372.0,371.93,372.0,1780.0,371.9766,26,
2026-03-31 22:19:00,372.0,372.1835,372.0,372.1835,2269.029779,372.1146,70,
2026-03-31 22:20:00,372.19,372.38,372.17,372.38,4502.043178,372.2965,78,
2026-03-31 22:21:00,372.35,372.39,372.1,372.3,2595.058249,372.3186,61,
2026-03-31 22:22:00,372.51,372.58,372.36,372.46,1165.726012,372.7102,77,
2026-03-31 22:23:00,372.61,372.61,372.25,372.61,374.164172,372.5882,39,
2026-03-31 22:24:00,372.45,372.49,372.45,372.49,361.804775,373.2743,42,
2026-03-31 22:25:00,372.4636,372.5,372.23,372.23,2210.0358,372.3203,42,
2026-03-31 22:26:00,372.4,372.5,372.4,372.5,3337.996254,372.5255,52,
2026-03-31 22:27:00,372.51,372.51,372.4806,372.4806,1008.0,372.5003,40,
2026-03-31 22:28:00,372.5,372.5,372.2,372.2,1816.133607,372.4529,59,
2026-03-31 22:29:00,372.01,372.02,371.9,371.93,2464.735211,372.0715,77,
2026-03-31 22:30:00,371.9,372.1,371.9,372.1,1314.014033,372.0054,38,
2026-03-31 22:31:00,372.1,372.1,372.1,372.1,341.06732,372.1995,33,
2026-03-31 22:32:00,372.06,372.31,372.05,372.2,1741.0,372.091,51,
2026-03-31 22:33:00,372.0,372.32,372.0,372.32,834.47043,372.2691,64,
2026-03-31 22:34:00,371.98,372.02,371.78,372.02,3618.812364,371.9033,48,
2026-03-31 22:35:00,372.0,372.0,371.85,371.88,445.016132,371.9136,30,
2026-03-31 22:36:00,371.76,371.76,371.76,371.76,369.019178,371.8123,44,
2026-03-31 22:37:00,371.6,371.68,371.51,371.67,1966.561186,371.6539,51,
2026-03-31 22:38:00,371.7,371.8,371.7,371.8,495.0,371.7921,28,
2026-03-31 22:39:00,371.9724,372.0,371.9724,372.0,384.007792,371.9768,38,
2026-03-31 22:40:00,372.01,372.15,371.9,372.15,650.386312,372.2794,44,
2026-03-31 22:41:00,372.3,372.3,372.25,372.25,550.013509,372.265,28,
2026-03-31 22:42:00,372.12,372.12,372.11,372.11,381.026867,372.1493,23,
2026-03-31 22:43:00,372.14,372.14,372.11,372.11,370.0558,372.1968,30,
2026-03-31 22:44:00,372.11,372.1539,372.11,372.1539,268.002463,372.13,26,
2026-03-31 22:45:00,372.264,372.264,372.0,372.0,243.47658,372.8652,27,
2026-03-31 22:46:00,372.01,372.08,372.0,372.0,901.13441,372.0747,59,
2026-03-31 22:47:00,372.1,372.1,372.1,372.1,349.0,372.0317,15,
2026-03-31 22:48:00,372.08,372.08,371.91,371.95,672.0,372.0406,34,
2026-03-31 22:49:00,371.95,371.95,371.63,371.7,5844.18277,371.7198,195,
2026-03-31 22:50:00,371.97,371.97,371.86,371.86,2772.0,371.8655,25,
2026-03-31 22:52:00,371.89,371.98,371.8,371.8,285.013414,371.9058,30,
2026-03-31 22:53:00,371.92,371.92,371.66,371.66,337.00868,371.7662,25,
2026-03-31 22:54:00,371.83,371.85,371.83,371.84,496.0,371.8505,35,
2026-03-31 22:55:00,371.88,371.88,371.88,371.88,441.0,371.8778,20,
2026-03-31 22:56:00,371.89,371.89,371.83,371.85,768.0,371.8512,48,
2026-03-31 22:58:00,371.85,371.85,371.84,371.84,232.133739,372.0502,25,
2026-03-31 22:59:00,371.86,371.92,371.86,371.92,447.0,371.8796,28,
2026-03-31 23:00:00,371.92,371.92,371.8234,371.8234,278.800932,372.9696,18,
2026-03-31 23:01:00,371.9791,371.9791,371.9566,371.9566,201.09135,372.1042,25,
2026-03-31 23:02:00,371.98,371.98,371.94,371.98,343.0,371.9664,22,
2026-03-31 23:03:00,371.98,371.99,371.98,371.99,386.212624,372.183,42,
2026-03-31 23:05:00,372.0,372.16,371.8,372.11,585.272865,372.2151,43,
2026-03-31 23:06:00,372.2,372.2792,372.07,372.2792,426.404489,372.5138,28,
2026-03-31 23:07:00,372.1,372.21,372.1,372.21,651.002686,372.1901,24,
2026-03-31 23:08:00,372.3,372.3,372.22,372.22,670.025108,372.2593,27,
2026-03-31 23:09:00,372.3,372.36,372.3,372.36,561.031873,372.3644,52,
2026-03-31 23:10:00,372.36,372.36,372.15,372.22,1474.359781,372.3423,35,
2026-03-31 23:11:00,372.22,372.22,372.22,372.22,340.00994,372.2339,32,
2026-03-31 23:12:00,372.12,372.22,372.12,372.15,1283.809174,372.4045,27,
2026-03-31 23:13:00,372.1,372.1499,372.1,372.1359,786.28048,372.2431,30,
2026-03-31 23:14:00,372.087,372.087,372.0,372.0,340.042606,372.0809,37,
2026-03-31 23:15:00,371.826,371.826,371.826,371.826,361.00501,371.8982,56,
2026-03-31 23:16:00,371.8,371.8,371.69,371.69,1042.218868,371.8073,46,
2026-03-31 23:17:00,371.86,372.05,371.8,372.05,931.0,371.975,30,
2026-03-31 23:18:00,371.95,371.95,371.95,371.95,115.0,372.0055,20,
2026-03-31 23:20:00,372.05,372.05,372.05,372.05,558.353005,372.2838,23,
2026-03-31 23:22:00,372.0501,372.0501,372.0,372.0,1123.005374,372.0191,42,
2026-03-31 23:24:00,372.1,372.11,372.1,372.1,610.027112,372.1142,31,
2026-03-31 23:25:00,372.1392,372.1392,372.12,372.12,691.0,372.1281,18,
2026-03-31 23:26:00,372.11,372.23,372.11,372.23,514.00395,372.1613,32,
2026-03-31 23:28:00,372.315,372.36,372.315,372.36,485.045709,372.3521,27,
2026-03-31 23:29:00,372.36,372.48,372.36,372.48,848.016241,372.382,58,
2026-03-31 23:30:00,372.43,372.43,372.42,372.42,302.0,372.4152,14,
2026-03-31 23:31:00,372.42,372.42,372.36,372.36,367.0,372.3916,19,
2026-03-31 23:32:00,372.3,372.3,372.17,372.23,1049.126266,372.323,43,
2026-03-31 23:33:00,372.26,372.4,372.23,372.4,805.0,372.2704,34,
2026-03-31 23:34:00,372.4,372.5,372.16,372.5,2438.013517,372.359,103,
2026-03-31 23:35:00,372.53,372.79,372.53,372.79,991.048611,372.6213,69,
2026-03-31 23:36:00,372.72,372.76,372.4201,372.76,843.002701,372.6882,67,
2026-03-31 23:37:00,372.69,372.69,372.69,372.69,214.128967,372.8831,24,
2026-03-31 23:38:00,372.69,372.69,372.6484,372.6484,344.391563,373.0867,33,
2026-03-31 23:39:00,372.6,372.65,372.55,372.55,891.0,372.5963,42,
2026-03-31 23:40:00,372.4201,372.63,372.4201,372.56,1143.02188,372.5337,53,
2026-03-31 23:41:00,372.5752,372.6,372.16,372.2741,667.004961,372.4287,41,
2026-03-31 23:42:00,372.29,372.62,372.25,372.25,816.672312,372.7035,31,
2026-03-31 23:43:00,372.42,372.42,372.42,372.42,109.914784,375.5604,23,
2026-03-31 23:44:00,372.4,372.4,372.4,372.4,308.188085,372.6316,29,
2026-03-31 23:45:00,372.2525,372.2525,372.2525,372.2525,193.148739,372.6002,19,
2026-03-31 23:46:00,372.4,372.4,372.3,372.3,744.024039,372.3237,37,
2026-03-31 23:47:00,372.2997,372.3899,372.22,372.22,1728.056592,372.3128,54,
2026-03-31 23:48:00,372.21,372.35,372.21,372.35,360.896303,373.1924,28,
2026-03-31 23:49:00,372.39,372.39,372.35,372.35,547.115332,372.4367,36,
2026-03-31 23:50:00,372.39,372.62,372.37,372.5,2295.43022,372.5376,61,
2026-03-31 23:51:00,372.56,372.59,372.5,372.59,394.003757,372.5582,23,
2026-03-31 23:52:00,372.52,372.58,372.51,372.58,910.268928,372.6441,42,
2026-03-31 23:53:00,372.63,372.85,372.55,372.8169,8972.700133,372.7775,105,
2026-03-31 23:54:00,372.85,373.0,372.82,372.82,3337.067206,372.9634,156,
2026-03-31 23:55:00,372.95,372.99,372.83,372.99,836.698127,373.255,39,
2026-03-31 23:56:00,372.95,372.99,372.86,372.86,805.136653,372.9934,40,
2026-03-31 23:57:00,372.95,372.96,372.85,372.85,1998.03764,372.9189,58,
2026-03-31 23:58:00,373.0,373.17,373.0,373.17,1332.388429,373.1319,105,
2026-03-31 23:59:00,373.0,373.15,373.0,373.0,1275.936219,373.3245,94,
2026-04-01 08:00:00,375.54,375.54,372.49,373.22,16045.334142,373.4135,1491,
2026-04-01 08:01:00,374.78,376.29,372.45,374.47,142757.872543,374.8678,7270,
2026-04-01 08:02:00,374.535,374.6,374.0,374.2,6061.12025,374.3049,194,
2026-04-01 08:03:00,374.13,374.49,374.13,374.49,3066.867144,374.3621,125,
2026-04-01 08:04:00,374.6,374.88,374.44,374.88,4351.176908,374.6391,148,
2026-04-01 08:05:00,374.8,374.8,374.51,374.57,1085.945584,374.8795,57,
2026-04-01 08:06:00,374.63,374.67,374.12,374.27,3517.36132,374.4957,208,
2026-04-01 08:07:00,374.2,374.32,374.2,374.31,1648.39993,374.3735,53,
2026-04-01 08:08:00,374.47,374.62,374.15,374.62,4346.301018,374.5484,78,
2026-04-01 08:09:00,374.5,374.84,374.27,374.41,1800.0,374.4422,85,
2026-04-01 08:10:00,374.1752,374.21,374.0,374.15,4760.710557,374.1116,114,
2026-04-01 08:11:00,374.2,374.2,373.8764,373.8764,3727.681797,374.0449,140,
2026-04-01 08:12:00,374.1,374.26,374.01,374.0405,1234.364056,374.2245,64,
2026-04-01 08:13:00,374.4,374.4,374.25,374.25,566.0,374.3221,28,
2026-04-01 08:14:00,374.29,374.29,374.27,374.27,525.739712,374.8238,43,
2026-04-01 08:15:00,374.24,374.98,374.24,374.74,3389.005127,374.4905,120,
2026-04-01 08:16:00,374.42,374.42,374.42,374.42,1253.0,374.4274,61,
2026-04-01 08:17:00,374.54,374.57,374.44,374.55,870.173792,374.6109,48,
2026-04-01 08:18:00,374.57,374.57,374.57,374.57,1530.498944,374.6994,41,
2026-04-01 08:19:00,374.9,374.9,374.4,374.76,1270.349993,374.696,49,
2026-04-01 08:20:00,374.8,374.8,374.66,374.66,1012.774552,374.9899,47,
2026-04-01 08:21:00,374.7,374.75,374.64,374.64,1723.038021,374.6832,74,
2026-04-01 08:22:00,374.57,374.57,374.57,374.57,353.214353,374.8983,35,
2026-04-01 08:23:00,374.75,374.75,374.5,374.56,2166.64665,374.782,119,
2026-04-01 08:24:00,374.58,374.58,374.58,374.58,301.578338,375.2873,36,
2026-04-01 08:25:00,374.6,374.7,374.6,374.7,1495.824675,374.9132,68,
2026-04-01 08:26:00,374.97,374.97,374.97,374.97,267.06413,375.0004,32,
2026-04-01 08:27:00,374.9,375.0,374.75,374.76,946.083783,374.8613,52,
2026-04-01 08:28:00,374.84,374.84,374.84,374.84,171.65652,376.1817,24,
2026-04-01 08:29:00,374.7,374.7,374.6867,374.6867,313.450389,375.2116,26,
2026-04-01 08:30:00,374.9,374.9,374.9,374.9,181.0,374.8911,15,
2026-04-01 08:31:00,374.8,374.8,374.8,374.8,220.527026,375.6285,29,
2026-04-01 08:32:00,374.68,374.69,374.68,374.68,576.639958,375.1059,42,
2026-04-01 08:33:00,374.7,374.78,374.7,374.77,657.0,374.72,56,
2026-04-01 08:34:00,374.75,374.75,374.69,374.69,298.24932,375.0133,27,
2026-04-01 08:35:00,374.55,374.6,374.55,374.6,1630.108577,374.5853,61,
2026-04-01 08:36:00,374.44,374.6,374.4,374.5,1199.024867,374.5175,51,
2026-04-01 08:37:00,374.57,374.57,374.57,374.57,1102.372241,374.6935,27,
2026-04-01 08:38:00,374.6,374.8,374.6,374.78,2476.005396,374.6607,51,
2026-04-01 08:39:00,374.8,374.8,374.76,374.76,379.061366,374.8335,25,
2026-04-01 08:41:00,374.9,375.05,374.9,374.9,1778.179438,375.001,122,
2026-04-01 08:42:00,375.1213,375.1213,374.6,374.6,379.405018,375.2521,35,
2026-04-01 08:43:00,374.96,374.96,374.8,374.8,721.391922,375.0365,21,
2026-04-01 08:44:00,374.9,374.91,374.9,374.9,366.097856,375.0055,18,
2026-04-01 08:45:00,374.99,374.99,374.9,374.9,975.0,374.9202,39,
2026-04-01 08:46:00,374.84,374.99,374.8,374.8,1037.331167,374.9678,57,
2026-04-01 08:47:00,374.99,374.99,374.74,374.74,196.0,374.8077,17,
2026-04-01 08:48:00,374.8,374.85,374.8,374.85,236.258966,375.233,17,
2026-04-01 08:49:00,374.82,374.82,374.82,374.82,232.532991,375.7003,23,
2026-04-01 08:50:00,374.8,374.95,374.77,374.77,865.0,374.8289,64,
2026-04-01 08:51:00,374.77,374.77,374.77,374.77,1102.0,374.7789,35,
2026-04-01 08:53:00,374.6298,374.6298,374.6298,374.6298,400.742811,375.4549,23,
2026-04-01 08:54:00,374.9953,375.0,374.22,374.99,4458.13328,374.56,176,
2026-04-01 08:55:00,374.55,374.85,374.55,374.69,681.0,374.6587,26,
2026-04-01 08:56:00,374.68,374.7,374.68,374.69,950.987784,375.0506,42,
2026-04-01 08:57:00,374.69,374.69,374.69,374.69,424.0,374.6831,20,
2026-04-01 08:58:00,374.82,374.83,374.72,374.72,479.0,374.7873,21,
2026-04-01 08:59:00,374.8,374.87,374.72,374.72,1124.002944,374.8034,36,
2026-04-01 09:00:00,374.69,374.69,374.43,374.44,854.606178,374.8463,47,
2026-04-01 09:01:00,374.5,374.5,374.3,374.3,2585.096512,374.3814,61,
2026-04-01 09:02:00,374.4,374.65,374.4,374.65,1736.0,374.4634,44,
2026-04-01 09:03:00,374.5,374.5,374.2418,374.4,784.582531,374.5894,25,
2026-04-01 09:04:00,374.42,374.52,374.42,374.45,979.03465,374.4776,38,
2026-04-01 09:05:00,374.45,374.45,374.45,374.45,495.096091,374.5409,36,
2026-04-01 09:06:00,374.44,374.46,374.44,374.45,428.0,374.4675,17,
2026-04-01 09:07:00,374.65,374.65,374.43,374.47,1285.0,374.5228,44,
2026-04-01 09:08:00,374.45,374.45,374.22,374.22,1429.276224,374.3421,44,
2026-04-01 09:09:00,374.22,374.31,374.22,374.31,376.01352,374.285,30,
2026-04-01 09:10:00,374.24,374.27,374.1,374.1,6850.368233,374.1733,125,
2026-04-01 09:11:00,374.1,374.1,374.0,374.0,3662.699685,374.0872,97,
2026-04-01 09:12:00,374.1,374.15,374.1,374.15,284.0,374.1301,24,
2026-04-01 09:13:00,374.1,374.1,374.1,374.1,235.00303,374.1802,31,
2026-04-01 09:14:00,374.38,374.39,374.2,374.2,1194.084578,374.2756,41,
2026-04-01 09:15:00,374.0,374.0261,374.0,374.0261,187.013355,374.0729,22,
2026-04-01 09:16:00,374.02,374.32,374.02,374.09,516.0,374.0911,32,
2026-04-01 09:17:00,374.0,374.0,374.0,374.0,296.0,374.0078,15,
2026-04-01 09:18:00,374.0,374.0,373.79,373.79,2889.446328,373.9471,164,
2026-04-01 09:19:00,373.82,373.82,373.82,373.82,197.0,373.8623,27,
2026-04-01 09:20:00,373.92,373.92,373.8,373.8,1434.174767,373.9133,68,
2026-04-01 09:21:00,373.8,373.8,373.69,373.69,885.005487,373.75,43,
2026-04-01 09:22:00,373.69,373.8,373.62,373.62,2236.013689,373.7208,71,
2026-04-01 09:23:00,373.6,373.81,373.6,373.8,1976.030106,373.6598,83,
2026-04-01 09:24:00,373.69,373.69,373.69,373.69,211.919692,375.325,17,
2026-04-01 09:25:00,373.8,373.8,373.75,373.75,295.0,373.8145,27,
2026-04-01 09:26:00,373.93,373.93,373.78,373.83,893.013852,373.8885,36,
2026-04-01 09:27:00,373.83,374.0,373.83,373.99,1221.0,373.9272,53,
2026-04-01 09:28:00,374.01,374.01,373.11,373.51,2503.729842,373.7361,148,
2026-04-01 09:30:00,373.98,374.0,373.98,374.0,369.791245,374.8394,32,
2026-04-01 09:31:00,374.39,374.39,374.1909,374.1909,616.755338,374.709,32,
2026-04-01 09:32:00,374.24,374.24,374.24,374.24,228.0,374.1435,17,
2026-04-01 09:33:00,374.12,374.39,374.12,374.39,400.002731,374.2614,20,
2026-04-01 09:34:00,374.2892,374.2892,374.2892,374.2892,137.028004,374.5592,21,
2026-04-01 09:35:00,374.2656,374.545,374.2656,374.545,400.0,374.4261,31,
2026-04-01 09:36:00,374.58,374.58,374.58,374.58,213.123645,374.8058,32,
2026-04-01 09:37:00,374.5,374.5,374.39,374.39,398.077437,374.4867,22,
2026-04-01 09:40:00,374.25,374.39,374.25,374.25,3071.801109,374.3728,72,
2026-04-01 09:41:00,374.21,374.27,373.55,373.55,3495.981925,374.0823,73,
2026-04-01 09:42:00,373.55,373.93,373.55,373.93,307.819305,374.7743,18,
2026-04-01 09:43:00,374.1,374.1,374.1,374.1,190.0,374.0405,13,
2026-04-01 09:45:00,373.95,374.1,373.95,374.1,299.013348,374.0628,21,
2026-04-01 09:46:00,374.0,374.0,374.0,374.0,625.001,374.0088,45,
2026-04-01 09:47:00,374.26,374.26,374.1,374.1,529.26703,374.3826,25,
2026-04-01 09:48:00,374.38,374.38,374.02,374.02,355.797651,375.0705,31,
2026-04-01 09:49:00,374.03,374.03,374.0,374.0,525.332667,374.2761,32,
2026-04-01 09:50:00,374.3,374.5,374.24,374.5,1718.014695,374.3862,43,
2026-04-01 09:52:00,374.34,374.42,374.33,374.35,424.070175,374.4161,21,
2026-04-01 09:53:00,374.32,374.49,374.32,374.43,759.002672,374.4162,27,
2026-04-01 09:54:00,374.46,374.5,374.46,374.49,355.13016,374.5847,26,
2026-04-01 09:56:00,374.33,374.33,374.33,374.33,233.669138,375.4257,21,
2026-04-01 09:57:00,374.5,374.6,374.5,374.6,752.244508,374.6605,63,
2026-04-01 09:58:00,374.76,374.77,374.6,374.77,699.071555,374.6738,39,
2026-04-01 09:59:00,374.76,374.76,374.76,374.76,168.002668,374.7548,16,
2026-04-01 10:00:00,374.8148,374.8148,374.8148,374.8148,225.75223,375.9315,26,
2026-04-01 10:01:00,374.77,374.84,374.5,374.5,376.135333,374.8516,47,
2026-04-01 10:02:00,374.81,374.81,374.81,374.81,164.057189,374.9538,17,
2026-04-01 10:03:00,374.81,374.81,374.49,374.54,710.180823,374.6403,21,
2026-04-01 10:04:00,374.73,374.73,374.49,374.49,496.25,374.7265,36,
2026-04-01 10:07:00,374.45,374.45,374.45,374.45,211.0,374.4827,22,
2026-04-01 10:08:00,374.49,374.49,374.49,374.49,126.679981,376.5175,22,
2026-04-01 10:09:00,374.45,374.46,374.32,374.32,1253.089265,374.4468,34,
2026-04-01 10:12:00,374.4,374.4,374.4,374.4,505.006442,374.3911,18,
2026-04-01 10:13:00,374.41,374.41,374.41,374.41,203.33876,375.1494,18,
2026-04-01 10:14:00,374.58,374.58,374.58,374.58,361.0,374.5383,27,
2026-04-01 10:15:00,374.47,374.47,374.47,374.47,261.0,374.4935,17,
2026-04-01 10:16:00,374.67,374.67,374.67,374.67,119.0,374.6772,8,
2026-04-01 10:17:00,374.72,374.72,374.59,374.59,341.0,374.6167,30,
2026-04-01 10:18:00,374.47,374.62,374.47,374.55,394.0,374.564,29,
2026-04-01 10:19:00,374.47,374.65,374.47,374.58,348.25,374.8374,27,
2026-04-01 10:20:00,374.53,374.65,374.53,374.65,373.18028,374.8048,29,
2026-04-01 10:21:00,374.59,374.68,374.59,374.68,425.022365,374.6397,23,
2026-04-01 10:23:00,374.69,374.69,374.62,374.62,301.0,374.7001,17,
2026-04-01 10:24:00,374.72,374.82,374.72,374.81,1140.014931,374.7734,29,
2026-04-01 10:25:00,374.9,374.9,374.6,374.8,1307.0,374.7386,48,
2026-04-01 10:27:00,374.73,374.75,374.72,374.75,634.0,374.7148,20,
2026-04-01 10:28:00,374.7,375.0,374.7,375.0,2916.918105,374.921,106,
2026-04-01 10:29:00,375.15,375.16,375.15,375.16,318.22401,375.42,38,
2026-04-01 10:30:00,375.0309,375.27,375.0309,375.27,242.125855,375.3245,18,
2026-04-01 10:31:00,375.15,375.15,375.15,375.15,215.018839,375.1571,29,
2026-04-01 10:32:00,375.1,375.21,375.1,375.21,417.826149,375.8943,26,
2026-04-01 10:33:00,375.0935,375.0935,374.91,374.9663,866.21992,375.0409,51,
2026-04-01 10:35:00,374.97,374.97,374.97,374.97,464.056934,375.0235,21,
2026-04-01 10:36:00,375.0,375.0,374.96,374.96,652.024186,374.9951,17,
2026-04-01 10:37:00,375.0,375.0,374.97,374.98,544.0,374.9838,36,
2026-04-01 10:38:00,375.0,375.0,374.99,374.99,284.008559,375.036,27,
2026-04-01 10:39:00,375.24,375.24,375.24,375.24,368.553437,375.7363,43,
2026-04-01 10:40:00,375.21,375.21,375.15,375.15,284.988004,376.5104,22,
2026-04-01 10:41:00,375.27,375.27,375.27,375.27,354.002689,375.2471,35,
2026-04-01 10:42:00,375.29,375.29,375.29,375.29,142.004262,375.2853,14,
2026-04-01 10:43:00,375.22,375.34,375.0,375.02,1784.351412,375.1626,88,
2026-04-01 10:44:00,375.0,375.0,375.0,375.0,680.005326,374.9954,47,
2026-04-01 10:45:00,375.2,375.23,375.2,375.23,311.0,375.2034,22,
2026-04-01 10:47:00,375.1051,375.33,375.1051,375.2,478.308534,375.4674,27,
2026-04-01 10:48:00,375.26,375.4,375.24,375.4,505.002689,375.3274,41,
2026-04-01 10:49:00,375.25,375.35,375.25,375.35,389.012322,375.3114,29,
2026-04-01 10:50:00,375.4,375.54,375.3,375.5,1512.156386,375.502,73,
2026-04-01 10:51:00,375.4,375.88,375.38,375.82,3947.12153,375.6402,149,
2026-04-01 10:52:00,375.71,375.71,375.6,375.6,443.871977,376.4102,38,
2026-04-01 10:53:00,375.6,375.6,375.59,375.6,693.412235,375.8212,34,
2026-04-01 10:54:00,375.5,375.61,375.43,375.43,1963.029541,375.5217,83,
2026-04-01 10:55:00,375.35,375.36,375.3,375.3,673.302436,375.5059,47,
2026-04-01 10:56:00,375.26,375.26,375.26,375.26,394.081445,375.3414,47,
2026-04-01 10:57:00,375.27,375.3,375.27,375.3,756.208647,375.3976,61,
2026-04-01 10:58:00,375.13,375.44,375.03,375.03,4694.756781,375.217,110,
2026-04-01 10:59:00,375.18,375.5,375.18,375.5,1072.175047,375.3474,56,
2026-04-01 11:00:00,375.11,375.3,374.79,374.79,5188.597197,375.0232,366,
2026-04-01 11:01:00,374.79,375.02,374.6455,375.02,2277.076022,374.8695,77,
2026-04-01 11:02:00,375.0,375.19,374.97,375.0,1784.356115,375.0757,50,
2026-04-01 11:03:00,375.0,375.28,374.9753,375.2,3081.0,375.1422,110,
2026-04-01 11:04:00,375.27,375.28,375.01,375.28,1667.131,375.2017,64,
2026-04-01 11:05:00,375.2567,375.28,375.07,375.28,3278.882307,375.2668,57,
2026-04-01 11:06:00,375.2,375.38,375.2,375.22,865.625563,375.5663,51,
2026-04-01 11:07:00,375.28,375.4,375.19,375.19,1332.0,375.2887,66,
2026-04-01 11:08:00,375.34,375.4,375.22,375.35,1045.174074,375.3805,58,
2026-04-01 11:09:00,375.35,375.4551,375.22,375.22,1436.26901,375.4031,74,
2026-04-01 11:10:00,375.08,375.3,375.08,375.29,1082.013296,375.1934,64,
2026-04-01 11:11:00,375.3806,375.3806,375.21,375.23,877.383541,375.4449,73,
2026-04-01 11:12:00,375.21,375.5,375.21,375.5,2748.177118,375.4293,97,
2026-04-01 11:13:00,375.48,375.6,375.48,375.58,1826.085718,375.5383,88,
2026-04-01 11:14:00,375.58,375.7027,375.58,375.7027,792.048336,375.6459,61,
2026-04-01 11:15:00,375.63,375.7,375.6,375.7,2352.0,375.6555,92,
2026-04-01 11:16:00,375.63,375.7,370.17,375.6223,2090.003353,375.2257,86,
2026-04-01 11:17:00,375.63,375.7,375.5,375.7,1852.0,375.5396,64,
2026-04-01 11:18:00,375.6,375.6,375.13,375.5,6654.880853,375.4914,132,
2026-04-01 11:19:00,375.5,375.6,375.5,375.5,1048.041651,375.5216,49,
2026-04-01 11:20:00,375.6,375.82,375.6,375.82,2612.0,375.6387,91,
2026-04-01 11:21:00,375.84,375.86,375.7,375.8381,2573.021488,375.8079,88,
2026-04-01 11:22:00,375.8492,375.8492,375.51,375.59,2929.438701,375.6717,95,
2026-04-01 11:23:00,375.52,375.78,375.5,375.7266,4660.0,375.571,122,
2026-04-01 11:24:00,375.57,375.66,375.5003,375.5706,1654.0,375.5705,68,
2026-04-01 11:25:00,375.55,375.8,375.51,375.78,1385.02144,375.6484,66,
2026-04-01 11:26:00,375.66,375.8193,375.51,375.68,9638.0,375.627,123,
2026-04-01 11:27:00,375.7,375.72,375.43,375.6604,1917.1145,375.6345,64,
2026-04-01 11:28:00,375.58,375.99,375.58,375.72,10329.141175,375.7967,271,
2026-04-01 11:29:00,375.77,375.84,375.71,375.75,1285.0,375.7502,73,
2026-04-01 11:30:00,375.68,375.94,375.68,375.94,1765.0,375.7769,66,
2026-04-01 11:31:00,375.8,375.8,375.7,375.75,1985.0,375.7414,66,
2026-04-01 11:32:00,375.79,375.99,375.74,375.99,3584.343124,375.8586,103,
2026-04-01 11:33:00,375.99,376.13,375.91,375.91,5138.562356,376.0654,191,
2026-04-01 11:34:00,376.0,376.09,375.77,375.91,1557.272155,375.9604,86,
2026-04-01 11:35:00,376.0,376.08,376.0,376.02,1521.916426,376.219,111,
2026-04-01 11:36:00,376.08,376.13,375.89,376.005,3175.352753,376.0726,141,
2026-04-01 11:37:00,376.09,376.1295,375.97,376.1295,1931.979242,376.1782,110,
2026-04-01 11:38:00,376.0604,376.13,376.025,376.025,3248.249289,376.0877,137,
2026-04-01 11:39:00,376.0007,376.05,375.9,375.95,3010.218,376.003,155,
2026-04-01 11:40:00,375.9996,376.0,375.8,375.8,1791.661983,376.0182,94,
2026-04-01 11:41:00,375.76,375.9,375.75,375.79,1824.528,375.8963,82,
2026-04-01 11:42:00,375.8,375.82,375.69,375.76,1694.027231,375.7359,101,
2026-04-01 11:43:00,375.7302,375.85,375.72,375.77,2390.911304,375.9329,105,
2026-04-01 11:44:00,375.75,375.87,375.72,375.8001,2760.368214,375.8349,104,
2026-04-01 11:45:00,375.8,375.95,375.62,375.62,2799.0,375.81,120,
2026-04-01 11:46:00,375.8,375.935,375.62,375.8716,6056.276471,375.8131,124,
2026-04-01 11:47:00,375.97,375.99,375.82,375.82,1542.5,376.0407,72,
2026-04-01 11:48:00,375.7189,376.0,375.67,376.0,2141.830707,375.985,97,
2026-04-01 11:49:00,375.96,376.0,375.8,376.0,1237.480171,376.0976,66,
2026-04-01 11:50:00,376.0,376.0,375.97,376.0,856.00851,375.9796,68,
2026-04-01 11:51:00,375.95,376.05,375.9131,376.05,2164.055029,375.9691,76,
2026-04-01 11:52:00,376.04,376.15,376.04,376.1382,1918.019113,376.0986,104,
2026-04-01 11:53:00,376.17,376.25,376.11,376.11,2205.016056,376.1958,110,
2026-04-01 11:54:00,376.08,376.1262,375.92,375.99,1703.852332,376.1883,97,
2026-04-01 11:55:00,375.8,376.12,375.8,376.0883,957.532752,376.2143,41,
2026-04-01 11:56:00,376.045,376.09,376.0,376.05,2594.746233,376.1577,121,
2026-04-01 11:57:00,376.0,376.2422,376.0,376.2422,2012.49164,376.1396,67,
2026-04-01 11:58:00,376.19,376.24,376.1,376.1,1897.155821,376.2199,72,
2026-04-01 11:59:00,376.1681,376.2223,376.0,376.0439,2149.0,376.1125,96,
2026-04-01 12:00:00,376.048,376.2145,375.9169,376.1,5901.587853,376.1141,139,
2026-04-01 12:01:00,376.013,376.02,375.95,375.99,1061.489548,376.1619,71,
2026-04-01 12:02:00,376.02,376.5,375.9214,376.26,10179.013393,376.0976,239,
2026-04-01 12:03:00,376.5,376.55,376.2773,376.38,2822.026768,376.4249,97,
2026-04-01 12:04:00,376.39,376.53,376.28,376.28,2497.002675,376.3652,113,
2026-04-01 12:05:00,376.48,376.5,376.3984,376.4,3323.233215,376.1463,205,
2026-04-01 12:06:00,376.4,376.45,376.21,376.43,2442.502676,376.4159,128,
2026-04-01 12:07:00,376.25,376.44,376.1699,376.17,8536.701588,375.2871,629,
2026-04-01 12:08:00,376.1,376.12,375.88,375.9989,3704.757041,376.0897,133,
2026-04-01 12:09:00,375.9864,375.9999,375.8,375.9999,2726.382742,375.931,91,
2026-04-01 12:10:00,376.0,376.095,375.8,375.8001,2975.007969,375.9444,103,
2026-04-01 12:11:00,375.8,376.0,375.8,375.862,1858.513078,376.0186,84,
2026-04-01 12:12:00,375.8114,376.06,375.81,376.05,3938.054063,375.9657,87,
2026-04-01 12:13:00,376.0,376.161,376.0,376.0,4506.225763,376.0327,112,
2026-04-01 12:14:00,375.9899,376.0,375.8848,375.89,2369.25798,375.9974,98,
2026-04-01 12:15:00,375.85,376.2,375.82,376.2,2998.17636,376.0253,101,
2026-04-01 12:16:00,376.2918,376.2918,376.2,376.23,1611.0,376.2202,89,
2026-04-01 12:17:00,376.2,376.2,376.0,376.05,8236.002685,376.0786,149,
2026-04-01 12:18:00,376.0516,376.08,376.01,376.06,1576.002706,376.0456,66,
2026-04-01 12:19:00,376.128,376.128,376.0,376.0119,2281.401906,376.1311,122,
2026-04-01 12:20:00,376.04,376.04,375.77,375.87,2468.784915,375.9843,121,
2026-04-01 12:21:00,375.94,375.98,375.88,375.9231,3947.359347,375.9511,123,
2026-04-01 12:22:00,375.9,376.0,375.87,375.9595,2686.394404,376.0185,125,
2026-04-01 12:23:00,375.96,376.15,375.96,376.15,3571.0,376.0748,78,
2026-04-01 12:24:00,376.1,376.1,376.03,376.08,2047.0,376.0542,50,
2026-04-01 12:25:00,376.1,376.1044,376.01,376.1044,2962.0,376.0745,68,
2026-04-01 12:26:00,376.09,376.09,375.73,375.73,8119.569899,375.9541,244,
2026-04-01 12:27:00,375.84,375.92,375.62,375.7,8615.532375,375.7154,179,
2026-04-01 12:28:00,375.66,375.7384,375.5,375.7384,5308.440774,375.6126,198,
2026-04-01 12:29:00,375.82,375.98,375.7201,375.98,7179.402209,375.8698,83,
2026-04-01 12:30:00,375.8601,375.92,375.72,375.775,2082.0,375.8515,83,
2026-04-01 12:31:00,375.7343,375.83,375.59,375.6,4704.427212,375.733,140,
2026-04-01 12:32:00,375.5743,375.7456,375.5,375.63,2597.01536,375.5515,62,
2026-04-01 12:33:00,375.63,375.75,375.63,375.65,1661.367293,375.7531,66,
2026-04-01 12:34:00,375.59,375.68,375.505,375.68,1219.265427,375.6661,63,
2026-04-01 12:35:00,375.6,375.75,375.5,375.75,4415.488559,375.6594,168,
2026-04-01 12:36:00,375.76,375.81,375.6,375.7,1806.335914,375.7894,96,
2026-04-01 12:37:00,375.7618,375.7618,375.35,375.4,5236.673098,375.5083,165,
2026-04-01 12:38:00,375.4,375.58,375.2612,375.44,2667.0,375.4124,122,
2026-04-01 12:39:00,375.5001,375.57,370.17,375.27,4168.428214,375.2478,136,
2026-04-01 12:40:00,375.26,375.4796,375.0,375.41,9264.059843,375.1639,363,
2026-04-01 12:41:00,375.32,375.3444,375.079,375.25,1150.991182,375.5708,48,
2026-04-01 12:42:00,375.33,375.39,375.01,375.01,4866.350347,375.2755,141,
2026-04-01 12:43:00,375.01,375.11,375.01,375.01,3496.01889,375.0362,105,
2026-04-01 12:44:00,375.01,375.83,374.82,375.83,25448.753057,375.1657,864,
2026-04-01 12:45:00,375.89,375.92,374.71,375.56,8590.289265,375.2937,362,
2026-04-01 12:46:00,375.6775,375.6775,375.18,375.184,4326.227239,375.4047,145,
2026-04-01 12:47:00,375.1753,375.41,374.84,375.41,3429.018902,375.1014,126,
2026-04-01 12:48:00,375.4102,375.4102,374.5,374.56,6000.17645,374.9369,234,
2026-04-01 12:49:00,374.5,374.79,374.48,374.5,2360.130428,374.5884,147,
2026-04-01 12:50:00,374.7,375.0,374.5,374.62,31775.972407,370.8684,146,
2026-04-01 12:51:00,374.7,374.9051,374.25,374.28,2209.360757,374.5503,170,
2026-04-01 12:52:00,374.3,374.6,374.3,374.41,2925.802772,374.4686,92,
2026-04-01 12:53:00,374.46,374.55,374.1203,374.1725,2358.375194,374.4243,140,
2026-04-01 12:54:00,374.14,374.25,374.08,374.25,2909.985255,374.2799,136,
2026-04-01 12:55:00,374.23,374.6,374.0,374.54,4778.153172,374.1607,268,
2026-04-01 12:56:00,374.4,374.65,374.1285,374.4912,1144.037176,374.4678,65,
2026-04-01 12:57:00,374.66,375.0,374.49,374.7,4080.105601,374.7093,149,
2026-04-01 12:58:00,374.62,374.62,374.03,374.21,3352.008133,374.31,165,
2026-04-01 12:59:00,374.25,374.536,374.23,374.23,1085.0,374.3355,67,
2026-04-01 13:00:00,374.48,374.7,374.37,374.45,2648.126939,374.5219,100,
2026-04-01 13:01:00,374.3,374.47,374.16,374.47,2176.524402,374.3677,126,
2026-04-01 13:02:00,374.33,374.7,374.33,374.4,2132.523065,374.6073,71,
2026-04-01 13:03:00,374.6,374.8952,374.6,374.75,2038.520198,374.8075,81,
2026-04-01 13:04:00,374.56,374.56,374.0,374.03,3521.293398,374.2177,205,
2026-04-01 13:05:00,374.15,374.15,373.8152,373.9,3580.834445,374.0847,184,
2026-04-01 13:06:00,373.9,374.02,373.7389,373.99,4118.477866,373.9675,171,
2026-04-01 13:07:00,373.9991,374.1785,373.83,374.1785,1754.746838,374.1278,100,
2026-04-01 13:08:00,374.09,374.2,373.9,374.18,1739.133633,374.0592,83,
2026-04-01 13:09:00,374.1,374.3621,374.1,374.1216,3183.0,374.2351,92,
2026-04-01 13:10:00,374.26,374.3486,374.0,374.24,3419.849795,374.2861,101,
2026-04-01 13:11:00,374.23,374.51,374.2,374.46,3816.16831,374.3884,111,
2026-04-01 13:12:00,374.44,374.6,374.44,374.51,1907.361364,374.5813,115,
2026-04-01 13:13:00,374.58,374.75,374.53,374.5486,1395.288562,374.6764,102,
2026-04-01 13:14:00,374.45,374.75,374.4,374.41,2219.429072,374.5734,89,
2026-04-01 13:15:00,374.38,374.74,374.32,374.5,3453.337204,374.4562,106,
2026-04-01 13:16:00,374.4,374.53,374.32,374.53,1310.333969,374.5808,81,
2026-04-01 13:17:00,374.5299,374.66,374.5,374.6,2045.249776,374.6017,107,
2026-04-01 13:18:00,374.6679,374.6679,374.0,374.4053,8154.193482,374.3584,246,
2026-04-01 13:19:00,374.4,374.54,374.25,374.53,1750.006675,374.4034,82,
2026-04-01 13:20:00,374.25,374.27,374.17,374.17,981.475066,374.4627,78,
2026-04-01 13:21:00,374.48,374.694,374.1,374.1,3774.053241,374.3504,134,
2026-04-01 13:22:00,374.1,374.418,374.09,374.161,4374.819989,374.1967,90,
2026-04-01 13:23:00,374.36,374.36,374.01,374.11,4058.495991,374.2044,142,
2026-04-01 13:24:00,374.0,374.1994,374.0,374.0,3118.014861,374.1122,117,
2026-04-01 13:25:00,374.07,375.5,374.07,374.77,21182.248781,374.9067,585,
2026-04-01 13:26:00,374.9,375.18,374.7,374.9458,10446.133014,374.97,204,
2026-04-01 13:27:00,374.96,375.48,374.74,374.97,7811.08219,375.0779,295,
2026-04-01 13:28:00,374.75,375.5,374.05,374.76,6512.159719,374.5839,251,
2026-04-01 13:29:00,374.15,374.66,373.11,373.11,9164.14822,373.8951,451,
2026-04-01 13:30:00,373.49,373.99,370.33,371.94,979864.055348,372.6529,20599,
2026-04-01 13:31:00,371.8201,372.065,370.27,371.46,227889.900277,371.1407,5449,
2026-04-01 13:32:00,371.48,372.07,371.33,372.07,138132.361045,371.6885,3772,
2026-04-01 13:33:00,372.065,372.87,371.835,372.84,162452.654167,372.2715,4726,
2026-04-01 13:34:00,372.87,373.16,372.47,372.765,137324.498179,372.7832,4189,
2026-04-01 13:35:00,372.785,372.785,371.64,372.06,194039.023012,372.019,4182,
2026-04-01 13:36:00,372.065,372.27,371.78,372.03,152581.434835,372.0808,3802,
2026-04-01 13:37:00,372.01,372.13,371.51,371.73,135185.882857,371.8335,3571,
2026-04-01 13:38:00,371.73,372.64,371.64,372.43,186675.180985,372.2022,5051,
2026-04-01 13:39:00,372.43,372.73,372.24,372.445,163665.758408,372.5065,3402,
2026-04-01 13:40:00,372.4306,372.48,371.68,372.05,158088.603865,372.067,3514,
2026-04-01 13:41:00,372.07,372.19,370.89,371.02,168363.620051,371.4286,3951,
2026-04-01 13:42:00,370.995,371.44,369.73,370.22,220669.253152,370.3086,7632,
2026-04-01 13:43:00,370.215,370.3626,369.04,369.27,152137.273847,369.4659,4128,
2026-04-01 13:44:00,369.3,369.53,369.08,369.334,124819.340964,369.348,3477,
2026-04-01 13:45:00,369.39,369.8,368.83,368.885,176034.064769,369.418,4772,
2026-04-01 13:46:00,368.87,369.3,368.8,369.065,111927.971982,369.0058,3515,
2026-04-01 13:47:00,369.12,369.38,368.7,368.71,116603.710671,369.1257,3616,
2026-04-01 13:48:00,368.66,369.02,368.2,368.64,163996.603921,368.6435,4638,
2026-04-01 13:49:00,368.62,369.1,368.47,369.0,101125.686683,368.7397,3116,
2026-04-01 13:50:00,368.97,369.1599,368.68,369.11,102313.024787,368.9235,3243,
2026-04-01 13:51:00,369.07,369.99,369.02,369.6,128974.743708,369.5333,3339,
2026-04-01 13:52:00,369.56,370.25,369.46,369.965,130576.456995,369.7677,3293,
2026-04-01 13:53:00,369.93,370.32,369.85,370.1499,73392.633011,370.1219,2489,
2026-04-01 13:54:00,370.035,370.1799,369.63,369.69,76770.54005,369.8391,2615,
2026-04-01 13:55:00,369.74,369.74,368.9,369.16,137152.046309,369.2279,3561,
2026-04-01 13:56:00,369.165,369.4394,368.9,369.16,63572.644599,369.1644,2450,
2026-04-01 13:57:00,369.1264,369.825,369.12,369.6,91586.661304,369.4699,2634,
2026-04-01 13:58:00,369.64,369.77,369.25,369.715,111828.751231,369.5586,2636,
2026-04-01 13:59:00,369.68,369.695,369.1,369.63,81008.200958,369.3352,2505,
2026-04-01 14:00:00,369.595,370.29,369.45,369.97,102501.69907,369.9032,3246,
2026-04-01 14:01:00,369.9641,370.68,369.93,370.59,74236.288037,370.3792,2506,
2026-04-01 14:02:00,370.63,370.945,370.5601,370.93,81859.02931,370.7497,2591,
2026-04-01 14:03:00,370.97,371.39,370.7401,370.83,85688.053959,371.0877,2811,
2026-04-01 14:04:00,370.8,371.064,370.58,370.8088,77496.449649,370.8303,2710,
2026-04-01 14:05:00,370.81,371.1623,370.75,371.0,70400.595636,370.9294,2463,
2026-04-01 14:06:00,371.0467,371.0467,370.4,370.685,91345.742355,370.7291,2969,
2026-04-01 14:07:00,370.69,371.1925,370.65,370.83,84431.947796,370.8869,2386,
2026-04-01 14:08:00,370.84,370.99,370.43,370.89,72501.956001,370.7264,2407,
2026-04-01 14:09:00,370.8901,370.8901,370.3,370.54,63970.08861,370.5889,2273,
2026-04-01 14:10:00,370.64,370.75,370.25,370.4275,99442.996089,370.4261,3051,
2026-04-01 14:11:00,370.39,370.6,370.29,370.405,74085.553399,370.4394,2639,
2026-04-01 14:12:00,370.405,370.83,370.31,370.75,55074.120683,370.7019,2095,
2026-04-01 14:13:00,370.745,370.98,370.59,370.9,54308.946345,370.7732,2219,
2026-04-01 14:14:00,370.84,371.24,370.75,371.175,82292.026972,371.0352,2417,
2026-04-01 14:15:00,371.17,371.605,371.06,371.58,69403.544883,371.3204,2327,
2026-04-01 14:16:00,371.62,371.62,371.3,371.5212,65426.039407,371.448,2211,
2026-04-01 14:17:00,371.505,371.88,371.4101,371.8211,71442.734474,371.5837,2406,
2026-04-01 14:18:00,371.8,372.03,371.61,371.96,61848.13952,371.8461,2240,
2026-04-01 14:19:00,371.935,372.03,371.42,371.89,99599.375042,371.7449,2909,
2026-04-01 14:20:00,371.92,372.0299,371.56,371.61,58495.453118,371.7939,2374,
2026-04-01 14:21:00,371.59,371.89,371.47,371.8,83911.314538,371.6575,2502,
2026-04-01 14:22:00,371.795,371.98,371.5,371.94,59500.631233,371.7566,2320,
2026-04-01 14:23:00,371.965,372.09,371.73,371.76,61804.371383,371.8986,2326,
2026-04-01 14:24:00,371.775,371.8,371.25,371.46,56673.621386,371.6217,2435,
2026-04-01 14:25:00,371.45,371.76,371.35,371.75,68956.481241,371.5421,2132,
2026-04-01 14:26:00,371.77,371.77,371.2,371.27,96958.010195,371.4055,2383,
2026-04-01 14:27:00,371.31,371.4799,371.21,371.32,41458.768754,371.3622,1761,
2026-04-01 14:28:00,371.31,371.81,371.31,371.5618,54671.342244,371.5611,1993,
2026-04-01 14:29:00,371.555,371.76,371.47,371.51,39306.895445,371.6225,1785,
2026-04-01 14:30:00,371.53,371.77,371.31,371.73,49383.992822,371.5623,2092,
2026-04-01 14:31:00,371.75,372.049,371.63,371.815,55458.93641,371.8813,2114,
2026-04-01 14:32:00,371.84,371.9999,371.5,371.55,70942.789958,371.7872,2318,
2026-04-01 14:33:00,371.5351,371.56,370.71,370.86,75982.775164,371.0948,3091,
2026-04-01 14:34:00,370.908,371.05,370.39,370.49,190846.394977,370.6345,2797,
2026-04-01 14:35:00,370.52,370.58,370.17,370.335,132777.846693,370.3462,3212,
2026-04-01 14:36:00,370.335,370.615,370.21,370.61,43047.991638,370.4169,1962,
2026-04-01 14:37:00,370.64,370.78,370.245,370.455,39867.069709,370.5149,1840,
2026-04-01 14:38:00,370.48,370.91,370.41,370.7,48296.087891,370.7325,1970,
2026-04-01 14:39:00,370.7,371.58,370.68,371.33,83318.519098,371.1185,2910,
2026-04-01 14:40:00,371.28,371.3,370.7,370.85,46494.353336,370.8975,2251,
2026-04-01 14:41:00,370.7719,371.0,370.74,370.955,53718.903425,370.8713,1847,
2026-04-01 14:42:00,370.98,371.6,370.93,371.48,59951.37705,371.192,2123,
2026-04-01 14:43:00,371.48,371.5,371.15,371.19,41217.696483,371.3166,1699,
2026-04-01 14:44:00,371.19,371.56,371.0,371.35,46589.656557,371.2279,2451,
2026-04-01 14:45:00,371.32,371.49,371.0819,371.49,34822.575397,371.2667,1702,
2026-04-01 14:46:00,371.44,371.82,371.31,371.365,78203.611532,371.5622,2454,
2026-04-01 14:47:00,371.37,371.5544,371.22,371.455,73111.297376,371.3783,2092,
2026-04-01 14:48:00,371.52,371.79,371.46,371.67,62553.540973,371.6419,1945,
2026-04-01 14:49:00,371.6486,371.905,371.62,371.805,37638.480695,371.733,1648,
2026-04-01 14:50:00,371.82,371.89,371.34,371.51,39794.372925,371.538,1933,
2026-04-01 14:51:00,371.5,371.6099,371.34,371.45,33439.774819,371.5167,1759,
2026-04-01 14:52:00,371.445,371.62,371.34,371.46,36341.167728,371.453,1773,
2026-04-01 14:53:00,371.445,371.83,371.41,371.805,44553.718515,371.6796,1888,
2026-04-01 14:54:00,371.8,371.97,371.6,371.68,69228.787075,371.8126,2057,
2026-04-01 14:55:00,371.68,371.82,371.5,371.615,56288.598871,371.6753,2042,
2026-04-01 14:56:00,371.615,372.0,371.57,371.84,51264.502598,371.7837,1765,
2026-04-01 14:57:00,371.86,372.06,371.77,371.935,57608.836776,371.9398,2100,
2026-04-01 14:58:00,371.96,372.2,371.85,372.085,53141.04289,372.0779,1952,
2026-04-01 14:59:00,372.14,372.14,371.68,371.8007,60347.164039,371.8933,2177,
2026-04-01 15:00:00,371.78,371.81,371.56,371.69,42781.266815,371.715,1924,
2026-04-01 15:01:00,371.69,371.75,371.52,371.64,35377.082671,371.6407,1832,
2026-04-01 15:02:00,371.62,371.85,371.6,371.725,55434.309474,371.7463,2167,
2026-04-01 15:03:00,371.73,371.77,371.5601,371.58,47565.423565,371.676,1854,
2026-04-01 15:04:00,371.585,371.65,371.3501,371.4557,52737.616953,371.5392,2072,
2026-04-01 15:05:00,371.39,371.75,371.37,371.65,31619.30033,371.6111,1762,
2026-04-01 15:06:00,371.6451,371.965,371.42,371.5699,143975.79194,371.817,6403,
2026-04-01 15:07:00,371.5,371.914,371.5,371.914,41587.613394,371.7183,1618,
2026-04-01 15:08:00,371.86,371.96,371.681,371.9299,33044.60804,371.8577,1655,
2026-04-01 15:09:00,371.8701,371.94,371.695,371.725,43600.78662,371.8418,1948,
2026-04-01 15:10:00,371.75,371.87,371.65,371.8,77134.455188,371.7744,2367,
2026-04-01 15:11:00,371.84,372.58,371.83,372.12,93608.602141,372.2194,2705,
2026-04-01 15:12:00,372.15,372.42,372.08,372.36,65264.681635,372.2778,2287,
2026-04-01 15:13:00,372.37,372.42,372.23,372.38,53817.39933,372.3209,2145,
2026-04-01 15:14:00,372.4,372.48,371.9,371.905,60494.64226,372.1834,2319,
2026-04-01 15:15:00,371.94,372.01,371.645,371.74,56648.735163,371.8413,2046,
2026-04-01 15:16:00,371.7799,371.9075,371.6,371.85,30373.737946,371.7795,1620,
2026-04-01 15:17:00,371.86,371.99,371.8265,371.92,38206.019841,371.8898,1668,
2026-04-01 15:18:00,371.92,372.15,371.87,371.91,45255.249481,372.0443,1906,
2026-04-01 15:19:00,371.905,371.905,371.52,371.6885,66152.499434,371.7005,2273,
2026-04-01 15:20:00,371.665,371.85,371.48,371.485,42042.975919,371.6846,1939,
2026-04-01 15:21:00,371.5,371.72,371.47,371.635,55796.474066,371.6189,1895,
2026-04-01 15:22:00,371.64,371.91,371.63,371.85,34550.442583,371.7966,1564,
2026-04-01 15:23:00,371.86,372.04,371.71,371.79,45191.535732,371.882,1791,
2026-04-01 15:24:00,371.765,371.765,371.04,371.22,76786.910985,371.3886,2770,
2026-04-01 15:25:00,371.2,371.38,371.12,371.345,39887.78543,371.2681,1803,
2026-04-01 15:26:00,371.35,371.52,371.27,371.43,43506.806508,371.4001,1682,
2026-04-01 15:27:00,371.42,371.46,371.1362,371.255,43069.323149,371.3226,1730,
2026-04-01 15:28:00,371.23,371.46,371.0,371.335,62523.57894,371.1988,2368,
2026-04-01 15:29:00,371.32,371.41,371.21,371.235,36415.534994,371.3225,1589,
2026-04-01 15:30:00,371.27,371.27,370.75,370.9,70708.150458,370.94,2882,
2026-04-01 15:31:00,370.89,371.55,370.89,371.51,47008.313872,371.1198,1702,
2026-04-01 15:32:00,371.48,371.52,371.23,371.27,35543.274845,371.3443,1572,
2026-04-01 15:33:00,371.29,371.3899,371.1401,371.325,32565.733171,371.3121,1546,
2026-04-01 15:34:00,371.325,371.39,371.165,371.2,30336.861568,371.2639,1602,
2026-04-01 15:35:00,371.25,371.57,371.23,371.5393,49901.766689,371.4658,1852,
2026-04-01 15:36:00,371.53,371.89,371.4801,371.875,43788.012479,371.6093,1764,
2026-04-01 15:37:00,371.89,371.99,371.605,371.655,62294.451807,371.7949,1935,
2026-04-01 15:38:00,371.655,371.73,371.51,371.725,38684.751441,371.6022,1671,
2026-04-01 15:39:00,371.725,371.97,371.7,371.9301,33606.956778,371.8391,1464,
2026-04-01 15:40:00,371.955,372.03,371.64,371.7401,45578.187091,371.875,1750,
2026-04-01 15:41:00,371.78,371.98,371.77,371.8299,24672.927697,371.8796,1265,
2026-04-01 15:42:00,371.815,372.07,371.78,372.01,37698.208415,371.9092,1412,
2026-04-01 15:43:00,372.02,372.2999,371.98,372.21,33684.234398,372.1592,1144,
2026-04-01 15:44:00,372.24,372.24,372.02,372.125,29196.785087,372.1352,1047,
2026-04-01 15:45:00,372.13,372.47,372.11,372.3,53216.167571,372.2954,1418,
2026-04-01 15:46:00,372.3125,372.36,372.13,372.13,38401.473535,372.2485,1259,
2026-04-01 15:47:00,372.13,372.26,372.0368,372.26,25531.632812,372.1391,922,
2026-04-01 15:48:00,372.2943,372.2943,372.12,372.17,28669.434389,372.1935,884,
2026-04-01 15:49:00,372.1763,372.34,372.175,372.22,36178.301349,372.274,999,
2026-04-01 15:50:00,372.215,372.39,372.15,372.16,40030.879133,372.2523,1048,
2026-04-01 15:51:00,372.15,372.25,372.06,372.125,65549.27064,372.1356,1488,
2026-04-01 15:52:00,372.15,372.23,372.1,372.1,30396.162811,372.1653,967,
2026-04-01 15:53:00,372.105,372.25,372.0,372.24,42122.659988,372.1611,1250,
2026-04-01 15:54:00,372.22,372.31,372.16,372.25,22651.669134,372.2674,900,
2026-04-01 15:55:00,372.22,372.29,372.14,372.24,28751.708669,372.2336,987,
2026-04-01 15:56:00,372.27,372.37,372.23,372.235,30864.881831,372.3047,1061,
2026-04-01 15:57:00,372.22,372.31,372.2101,372.28,40038.94799,372.2682,1080,
2026-04-01 15:58:00,372.29,372.46,372.28,372.39,34741.068535,372.3674,1164,
2026-04-01 15:59:00,372.37,372.3999,372.17,372.185,40293.27003,372.2751,1329,
2026-04-01 16:00:00,372.17,372.25,372.07,372.18,28245.987095,372.2023,1038,
2026-04-01 16:01:00,372.17,372.52,372.15,372.45,52924.557356,372.374,1369,
2026-04-01 16:02:00,372.47,372.51,372.3951,372.44,55258.797414,372.4664,1301,
2026-04-01 16:03:00,372.41,372.46,372.171,372.29,36739.661416,372.3616,1269,
2026-04-01 16:04:00,372.29,372.46,372.1701,372.42,29809.404161,372.3205,1052,
2026-04-01 16:05:00,372.41,372.46,372.25,372.38,53113.395001,372.3709,1364,
2026-04-01 16:06:00,372.39,372.515,372.355,372.4199,27446.625988,372.4343,1003,
2026-04-01 16:07:00,372.41,372.47,372.29,372.34,27316.509625,372.387,1257,
2026-04-01 16:08:00,372.32,372.46,372.27,372.285,43364.796084,372.3899,1176,
2026-04-01 16:09:00,372.3,372.4546,372.29,372.44,24709.753078,372.3782,961,
2026-04-01 16:10:00,372.45,372.59,372.37,372.56,31670.593284,372.4731,1152,
2026-04-01 16:11:00,372.5425,372.62,372.34,372.465,56863.601424,372.4884,1735,
2026-04-01 16:12:00,372.52,372.535,372.31,372.39,30343.835929,372.4433,1073,
2026-04-01 16:13:00,372.41,372.57,372.37,372.41,29442.017153,372.4684,1010,
2026-04-01 16:14:00,372.39,372.4,372.1,372.11,32068.295574,372.2556,1135,
2026-04-01 16:15:00,372.095,372.21,371.98,372.165,33786.063161,372.1103,1390,
2026-04-01 16:16:00,372.13,372.15,371.96,372.1,45805.046431,372.0523,1111,
2026-04-01 16:17:00,372.08,372.19,372.05,372.16,31529.253926,372.126,1051,
2026-04-01 16:18:00,372.15,372.63,372.14,372.6,42588.33954,372.4488,1181,
2026-04-01 16:19:00,372.61,372.77,372.57,372.61,30559.731365,372.6597,1139,
2026-04-01 16:20:00,372.63,372.63,372.415,372.525,27024.357391,372.5087,1008,
2026-04-01 16:21:00,372.5,372.5361,372.36,372.45,23696.023659,372.4552,983,
2026-04-01 16:22:00,372.435,372.7,372.41,372.5934,30795.165791,372.5327,1098,
2026-04-01 16:23:00,372.59,372.84,372.575,372.695,35414.766992,372.721,1126,
2026-04-01 16:24:00,372.69,372.8399,372.66,372.75,33414.046954,372.7408,1180,
2026-04-01 16:25:00,372.73,372.7526,372.6,372.69,27006.257584,372.687,957,
2026-04-01 16:26:00,372.69,372.71,372.56,372.625,27245.915361,372.667,1025,
2026-04-01 16:27:00,372.625,372.73,372.5,372.72,21530.63438,372.6234,901,
2026-04-01 16:28:00,372.71,372.8137,372.587,372.59,22647.758663,372.7237,958,
2026-04-01 16:29:00,372.59,372.6899,372.54,372.61,36815.109085,372.6195,1094,
2026-04-01 16:30:00,372.64,372.72,372.57,372.655,27871.313161,372.6442,974,
2026-04-01 16:31:00,372.65,372.7034,372.395,372.395,35415.513763,372.6202,1093,
2026-04-01 16:32:00,372.42,372.47,372.01,372.0794,55950.673465,372.2913,1222,
2026-04-01 16:33:00,372.05,372.235,372.01,372.1,38547.916936,372.1319,1173,
2026-04-01 16:34:00,372.12,372.405,372.12,372.36,23027.576297,372.2799,798,
2026-04-01 16:35:00,372.36,372.55,372.34,372.5,23385.117131,372.4416,896,
2026-04-01 16:36:00,372.5,372.73,372.445,372.73,27439.870061,372.5519,967,
2026-04-01 16:37:00,372.73,372.74,372.58,372.61,30695.326808,372.6751,941,
2026-04-01 16:38:00,372.625,372.625,372.5,372.515,26510.20037,372.5674,905,
2026-04-01 16:39:00,372.52,372.55,372.39,372.4898,28244.32971,372.4624,867,
2026-04-01 16:40:00,372.47,372.56,372.42,372.4725,37022.400138,372.4961,1082,
2026-04-01 16:41:00,372.475,372.6,372.43,372.56,22098.538684,372.5285,753,
2026-04-01 16:42:00,372.52,372.6725,372.51,372.622,28563.638977,372.6143,780,
2026-04-01 16:43:00,372.64,372.79,372.64,372.7885,23263.149225,372.7084,821,
2026-04-01 16:44:00,372.7799,372.81,372.685,372.72,36707.788452,372.749,1013,
2026-04-01 16:45:00,372.72,372.88,372.64,372.83,53210.703234,372.7599,1335,
2026-04-01 16:46:00,372.87,372.87,372.5,372.665,62995.874197,372.6885,1297,
2026-04-01 16:47:00,372.665,372.89,372.665,372.765,27938.05721,372.763,817,
2026-04-01 16:48:00,372.74,372.76,372.55,372.585,30034.965923,372.6905,949,
2026-04-01 16:49:00,372.585,372.6,372.435,372.46,23517.101795,372.5221,864,
2026-04-01 16:50:00,372.48,372.64,372.48,372.56,15229.707269,372.6001,643,
2026-04-01 16:51:00,372.545,372.625,372.25,372.32,22616.769832,372.4507,948,
2026-04-01 16:52:00,372.33,372.37,372.14,372.17,38919.313177,372.2516,1071,
2026-04-01 16:53:00,372.16,372.22,372.1,372.145,29167.708786,372.1855,1103,
2026-04-01 16:54:00,372.13,372.46,372.13,372.39,42321.045658,372.3309,1041,
2026-04-01 16:55:00,372.38,372.73,372.37,372.72,40308.550167,372.5818,1110,
2026-04-01 16:56:00,372.72,372.88,372.68,372.825,43671.660818,372.7621,1181,
2026-04-01 16:57:00,372.86,372.86,372.58,372.6,46955.425553,372.6936,1104,
2026-04-01 16:58:00,372.59,372.73,372.5672,372.64,29151.613247,372.6283,885,
2026-04-01 16:59:00,372.645,372.645,372.5,372.522,24947.768704,372.5497,882,
2026-04-01 17:00:00,372.53,372.54,372.36,372.42,21336.980818,372.4909,926,
2026-04-01 17:01:00,372.42,372.489,372.27,372.32,37970.353223,372.3864,1108,
2026-04-01 17:02:00,372.32,372.52,372.32,372.48,37208.977019,372.4447,1017,
2026-04-01 17:03:00,372.47,372.72,372.45,372.6801,35488.431347,372.6202,1076,
2026-04-01 17:04:00,372.68,372.83,372.65,372.795,44820.589764,372.7576,1501,
2026-04-01 17:05:00,372.76,372.83,372.68,372.72,31608.78474,372.7432,937,
2026-04-01 17:06:00,372.73,372.8,372.44,372.44,39901.936947,372.6711,1242,
2026-04-01 17:07:00,372.4605,372.52,372.245,372.39,36260.12736,372.3548,1216,
2026-04-01 17:08:00,372.3915,372.48,372.35,372.46,25071.93826,372.4416,761,
2026-04-01 17:09:00,372.45,372.5699,372.43,372.52,25355.943552,372.5084,831,
2026-04-01 17:10:00,372.54,372.57,372.45,372.53,21836.301426,372.5189,852,
2026-04-01 17:11:00,372.51,372.54,372.4,372.42,25750.946521,372.4788,754,
2026-04-01 17:12:00,372.41,372.6,372.36,372.55,54683.991497,372.5198,1352,
2026-04-01 17:13:00,372.57,372.61,372.4,372.43,34968.870098,372.502,1070,
2026-04-01 17:14:00,372.435,372.53,372.38,372.465,33829.422484,372.4553,968,
2026-04-01 17:15:00,372.48,372.63,372.46,372.53,41216.701342,372.5359,1143,
2026-04-01 17:16:00,372.53,372.6,372.21,372.305,40604.117404,372.3719,1145,
2026-04-01 17:17:00,372.305,372.475,372.21,372.32,31401.420813,372.4108,832,
2026-04-01 17:18:00,372.32,372.4,372.2954,372.325,23017.194387,372.3491,750,
2026-04-01 17:19:00,372.31,372.43,372.26,372.33,30858.16416,372.3383,954,
2026-04-01 17:20:00,372.37,372.43,372.33,372.375,21878.588775,372.39,813,
2026-04-01 17:21:00,372.39,372.6,372.33,372.47,30434.429827,372.4598,1060,
2026-04-01 17:22:00,372.48,372.48,372.175,372.175,31670.68807,372.3025,984,
2026-04-01 17:23:00,372.18,372.19,371.93,372.1,50019.118937,372.0624,1925,
2026-04-01 17:24:00,372.0601,372.11,372.0,372.04,21557.392219,372.078,830,
2026-04-01 17:25:00,372.03,372.155,371.96,372.155,25588.975156,372.074,933,
2026-04-01 17:26:00,372.16,372.17,372.045,372.08,22835.172659,372.115,869,
2026-04-01 17:27:00,372.08,372.12,371.97,372.11,16224.306778,372.057,748,
2026-04-01 17:28:00,372.11,372.17,372.08,372.17,30175.928954,372.1445,884,
2026-04-01 17:29:00,372.14,372.14,371.88,371.9,34177.88252,371.9973,947,
2026-04-01 17:30:00,371.9,372.0,371.7,371.7673,42233.444823,371.8585,1300,
2026-04-01 17:31:00,371.78,372.02,371.755,371.985,22562.049983,371.8975,820,
2026-04-01 17:32:00,371.98,371.98,371.68,371.7499,27661.506184,371.8025,953,
2026-04-01 17:33:00,371.73,371.73,371.54,371.5852,22231.048246,371.6521,928,
2026-04-01 17:34:00,371.59,371.62,371.3001,371.37,39832.768426,371.5134,1251,
2026-04-01 17:35:00,371.38,371.4,371.3,371.4,53620.727679,371.3763,1052,
2026-04-01 17:36:00,371.4,371.598,371.37,371.4,69640.822298,371.4664,1446,
2026-04-01 17:37:00,371.4,371.41,371.1101,371.3217,47698.937872,371.2565,1250,
2026-04-01 17:38:00,371.3299,371.66,371.28,371.62,39668.735206,371.4844,1108,
2026-04-01 17:39:00,371.62,371.72,371.56,371.62,48587.834297,371.6551,1146,
2026-04-01 17:40:00,371.62,371.68,371.555,371.625,35516.073795,371.6214,983,
2026-04-01 17:41:00,371.63,371.64,371.48,371.5,36651.894238,371.5442,1129,
2026-04-01 17:42:00,371.5195,371.5899,371.38,371.42,23626.822936,371.4604,805,
2026-04-01 17:43:00,371.42,371.435,371.24,371.33,27877.225398,371.3556,1029,
2026-04-01 17:44:00,371.35,371.4,371.15,371.285,36240.77201,371.2954,1273,
2026-04-01 17:45:00,371.27,371.4,371.25,371.38,36483.569844,371.3339,932,
2026-04-01 17:46:00,371.38,371.45,371.24,371.2801,31544.030665,371.3689,982,
2026-04-01 17:47:00,371.28,371.5,371.22,371.45,27815.026501,371.3624,905,
2026-04-01 17:48:00,371.4401,371.46,371.24,371.27,14023.022516,371.3497,1425,
2026-04-01 17:49:00,371.275,371.3885,371.2,371.38,34287.008864,371.2982,2514,
2026-04-01 17:50:00,371.37,371.44,371.25,371.4,22065.766371,371.355,783,
2026-04-01 17:51:00,371.4,371.49,371.3501,371.385,16303.019275,371.4273,664,
2026-04-01 17:52:00,371.385,371.42,371.3,371.375,19144.014818,371.3606,713,
2026-04-01 17:53:00,371.3854,371.4479,371.31,371.33,21468.048498,371.3854,806,
2026-04-01 17:54:00,371.34,371.39,371.22,371.24,24565.611309,371.3064,834,
2026-04-01 17:55:00,371.2314,371.36,371.17,371.25,19111.929676,371.3082,758,
2026-04-01 17:56:00,371.25,371.25,370.91,371.015,81092.986115,371.0243,2215,
2026-04-01 17:57:00,371.015,371.05,370.87,370.96,33947.688253,370.9786,1253,
2026-04-01 17:58:00,370.975,371.08,370.8,370.84,30049.868094,370.981,1155,
2026-04-01 17:59:00,370.8597,370.9354,370.7,370.7856,26679.562162,370.8191,874,
2026-04-01 18:00:00,370.76,370.88,370.55,370.58,42487.137421,370.6588,1270,
2026-04-01 18:01:00,370.61,370.74,370.47,370.475,53970.091097,370.6268,1596,
2026-04-01 18:02:00,370.47,370.48,370.22,370.35,57884.931967,370.3594,1877,
2026-04-01 18:03:00,370.38,370.38,370.1,370.22,69689.632448,370.2304,1900,
2026-04-01 18:04:00,370.22,370.65,370.22,370.56,46786.272356,370.4026,1355,
2026-04-01 18:05:00,370.56,370.77,370.445,370.4899,35659.965228,370.6219,1153,
2026-04-01 18:06:00,370.465,370.6,370.331,370.53,31428.955006,370.4861,978,
2026-04-01 18:07:00,370.53,370.7,370.43,370.565,32964.712249,370.5603,1020,
2026-04-01 18:08:00,370.57,370.68,370.5,370.5,23859.740549,370.5981,886,
2026-04-01 18:09:00,370.52,370.62,370.48,370.55,35932.807221,370.5478,1073,
2026-04-01 18:10:00,370.58,370.67,370.5,370.54,32681.542852,370.5934,997,
2026-04-01 18:11:00,370.53,370.56,370.4001,370.445,25922.81806,370.5065,886,
2026-04-01 18:12:00,370.411,370.52,370.35,370.3501,29397.681524,370.4109,755,
2026-04-01 18:13:00,370.41,370.41,370.19,370.285,39899.35806,370.2762,1003,
2026-04-01 18:14:00,370.29,370.42,370.2359,370.37,40676.060453,370.304,1026,
2026-04-01 18:15:00,370.36,370.38,370.03,370.05,62771.997981,370.2239,1460,
2026-04-01 18:16:00,370.06,370.07,369.71,369.755,105484.892181,369.9393,4633,
2026-04-01 18:17:00,369.755,369.77,369.5,369.59,72971.950766,369.6684,1778,
2026-04-01 18:18:00,369.55,369.58,369.42,369.47,52756.70268,369.5048,1426,
2026-04-01 18:19:00,369.47,369.68,369.34,369.675,66425.790813,369.5072,1754,
2026-04-01 18:20:00,369.68,369.7799,369.4,369.42,44312.645595,369.6581,1429,
2026-04-01 18:21:00,369.39,369.445,369.2505,369.35,31809.966315,369.3715,1099,
2026-04-01 18:22:00,369.35,369.63,369.34,369.465,41661.835457,369.5113,1175,
2026-04-01 18:23:00,369.425,369.52,369.29,369.4218,59586.434797,369.3862,1637,
2026-04-01 18:24:00,369.4,369.41,369.07,369.14,44135.33244,369.2109,1420,
2026-04-01 18:25:00,369.16,369.24,368.96,369.205,76691.232346,369.1169,2463,
2026-04-01 18:26:00,369.2,369.4,369.1801,369.255,55456.41855,369.2971,1394,
2026-04-01 18:27:00,369.26,369.45,369.26,369.34,37208.549179,369.3541,1107,
2026-04-01 18:28:00,369.35,369.36,369.05,369.055,69643.049693,369.2035,1411,
2026-04-01 18:29:00,369.04,369.15,368.94,369.06,52555.134049,369.0446,1381,
2026-04-01 18:30:00,369.075,369.305,369.0,369.275,58965.964216,369.1428,1475,
2026-04-01 18:31:00,369.29,369.33,369.1004,369.18,27096.108494,369.2088,911,
2026-04-01 18:32:00,369.18,369.2,369.01,369.095,21467.026821,369.1154,923,
2026-04-01 18:33:00,369.07,369.17,369.03,369.165,34744.345474,369.1035,978,
2026-04-01 18:34:00,369.165,369.19,369.0615,369.065,27627.803654,369.1456,1002,
2026-04-01 18:35:00,369.1,369.11,368.725,368.95,51359.718582,368.8887,1674,
2026-04-01 18:36:00,368.96,369.125,368.9,369.07,32444.107607,369.0103,1136,
2026-04-01 18:37:00,369.08,369.1,368.77,368.8,43146.253556,368.9118,1266,
2026-04-01 18:38:00,368.81,368.958,368.76,368.9,42794.915005,368.8679,1047,
2026-04-01 18:39:00,368.91,369.33,368.86,369.18,60288.815076,369.1451,1665,
2026-04-01 18:40:00,369.18,369.56,369.14,369.44,70845.560815,369.3781,1636,
2026-04-01 18:41:00,369.42,369.7,369.41,369.67,56708.598526,369.6001,1377,
2026-04-01 18:42:00,369.62,369.64,369.44,369.47,31981.430271,369.5245,920,
2026-04-01 18:43:00,369.44,369.44,369.23,369.4336,33639.025851,369.3279,1072,
2026-04-01 18:44:00,369.405,369.405,369.25,369.36,38305.848117,369.3434,1082,
2026-04-01 18:45:00,369.36,369.41,369.21,369.225,27257.151744,369.3111,887,
2026-04-01 18:46:00,369.2,369.25,368.93,369.01,51559.780529,369.0804,1315,
2026-04-01 18:47:00,369.01,369.2799,369.0,369.23,48303.000227,369.1234,1123,
2026-04-01 18:48:00,369.23,369.36,369.13,369.135,26081.94536,369.2537,999,
2026-04-01 18:49:00,369.1226,369.18,369.0,369.15,25099.572242,369.1138,968,
2026-04-01 18:50:00,369.15,369.25,368.91,369.005,25985.111486,369.1024,961,
2026-04-01 18:51:00,369.0,369.01,368.87,368.99,29794.61432,368.9561,1086,
2026-04-01 18:52:00,369.0099,369.2099,368.95,369.15,24586.444838,369.0631,826,
2026-04-01 18:53:00,369.18,369.6,369.14,369.44,33539.925082,369.377,1101,
2026-04-01 18:54:00,369.42,369.515,369.39,369.44,23881.750054,369.4469,844,
2026-04-01 18:55:00,369.435,369.45,369.15,369.21,53834.591232,369.2485,1276,
2026-04-01 18:56:00,369.22,369.4434,369.1501,369.21,67829.202112,369.2576,1524,
2026-04-01 18:57:00,369.21,369.32,369.0901,369.29,29348.018131,369.1972,1007,
2026-04-01 18:58:00,369.29,369.36,369.13,369.2,22839.826604,369.2598,839,
2026-04-01 18:59:00,369.25,369.315,369.1801,369.29,28400.339189,369.2617,844,
2026-04-01 19:00:00,369.29,369.51,369.2323,369.445,36581.121787,369.3743,1094,
2026-04-01 19:01:00,369.445,369.67,369.445,369.53,52997.417838,369.5692,1569,
2026-04-01 19:02:00,369.495,369.54,369.23,369.315,20269.070835,369.4068,939,
2026-04-01 19:03:00,369.3,369.33,369.1,369.22,27501.444538,369.2265,979,
2026-04-01 19:04:00,369.24,369.44,369.21,369.33,30165.582219,369.3382,989,
2026-04-01 19:05:00,369.34,369.56,369.34,369.53,30654.717584,369.4479,1207,
2026-04-01 19:06:00,369.535,369.6936,369.47,369.54,45271.594254,369.6006,1185,
2026-04-01 19:07:00,369.54,369.5752,369.34,369.345,24472.790919,369.5074,940,
2026-04-01 19:08:00,369.36,369.47,369.28,369.35,32526.238119,369.3974,1225,
2026-04-01 19:09:00,369.33,369.42,369.31,369.32,34152.08448,369.3703,1121,
2026-04-01 19:10:00,369.3,369.34,369.1627,369.29,40516.477145,369.2675,1176,
2026-04-01 19:11:00,369.29,369.34,369.1101,369.13,32885.057063,369.2154,1337,
2026-04-01 19:12:00,369.16,369.22,369.05,369.18,64207.241257,369.1591,1434,
2026-04-01 19:13:00,369.185,369.36,369.1,369.1492,45577.761143,369.2179,1229,
2026-04-01 19:14:00,369.1372,369.1372,368.9,368.9,62456.464916,369.0041,1940,
2026-04-01 19:15:00,368.905,369.32,368.88,369.2558,84699.190246,369.0905,2056,
2026-04-01 19:16:00,369.23,369.31,369.14,369.295,51054.259479,369.2339,1357,
2026-04-01 19:17:00,369.295,369.3042,369.07,369.08,54383.874648,369.1802,1342,
2026-04-01 19:18:00,369.08,369.255,368.93,369.2101,67039.247575,369.0663,1830,
2026-04-01 19:19:00,369.2364,369.36,369.12,369.18,78988.496298,369.2392,2021,
2026-04-01 19:20:00,369.205,369.29,369.0,369.045,40674.871641,369.1925,1321,
2026-04-01 19:21:00,369.045,369.09,368.87,368.945,38951.109501,369.0096,1349,
2026-04-01 19:22:00,368.945,369.08,368.94,368.9899,45752.817129,369.0137,1411,
2026-04-01 19:23:00,368.95,369.54,368.88,369.54,66470.125935,369.1873,2050,
2026-04-01 19:24:00,369.515,369.618,369.44,369.56,48930.626959,369.523,1381,
2026-04-01 19:25:00,369.54,369.9,369.53,369.83,62563.515676,369.7206,1765,
2026-04-01 19:26:00,369.83,369.91,369.615,369.63,41780.286592,369.7509,1387,
2026-04-01 19:27:00,369.66,369.73,369.18,369.27,79135.77472,369.4581,2437,
2026-04-01 19:28:00,369.26,369.36,369.16,369.19,55808.699127,369.265,1565,
2026-04-01 19:29:00,369.18,369.46,369.17,369.285,69387.933581,369.3472,1578,
2026-04-01 19:30:00,369.285,369.56,369.2337,369.535,80546.807233,369.4046,2051,
2026-04-01 19:31:00,369.525,369.77,369.42,369.62,62902.173291,369.6103,1850,
2026-04-01 19:32:00,369.62,369.68,369.4,369.41,44316.432929,369.5767,1352,
2026-04-01 19:33:00,369.42,369.42,368.91,368.985,64399.724435,369.1242,2074,
2026-04-01 19:34:00,368.985,369.16,368.87,369.13,58126.391478,368.9888,1683,
2026-04-01 19:35:00,369.14,369.1999,369.02,369.04,53628.778501,369.1161,1620,
2026-04-01 19:36:00,369.02,369.2,368.99,369.19,49528.856505,369.074,1497,
2026-04-01 19:37:00,369.19,369.3,369.045,369.21,47159.064819,369.1219,1518,
2026-04-01 19:38:00,369.18,369.44,369.155,369.41,41489.08926,369.2754,1321,
2026-04-01 19:39:00,369.41,369.41,369.01,369.0745,79313.425537,369.1523,2392,
2026-04-01 19:40:00,369.0814,369.2899,369.0353,369.22,52020.440115,369.1565,1514,
2026-04-01 19:41:00,369.2,369.42,369.12,369.225,67891.50115,369.2648,1772,
2026-04-01 19:42:00,369.21,369.36,369.14,369.28,53934.486869,369.2334,1462,
2026-04-01 19:43:00,369.2676,369.3816,369.2,369.34,37392.915733,369.2654,1254,
2026-04-01 19:44:00,369.34,369.35,369.09,369.18,65548.413729,369.191,1865,
2026-04-01 19:45:00,369.19,369.4799,369.14,369.36,58964.174301,369.2866,1754,
2026-04-01 19:46:00,369.37,369.54,369.36,369.445,44118.175826,369.4485,1666,
2026-04-01 19:47:00,369.445,369.63,369.35,369.39,81144.797677,369.5416,1915,
2026-04-01 19:48:00,369.37,369.69,369.33,369.59,63770.967619,369.5333,2068,
2026-04-01 19:49:00,369.61,369.635,369.38,369.44,60072.032777,369.5208,1944,
2026-04-01 19:50:00,369.46,369.7495,369.37,369.53,107994.720722,369.5765,3152,
2026-04-01 19:51:00,369.51,369.58,369.34,369.48,84889.17804,369.4708,2691,
2026-04-01 19:52:00,369.5,369.6,369.06,369.18,112503.206459,369.3271,3246,
2026-04-01 19:53:00,369.19,369.28,368.8,369.22,106116.920349,369.128,2919,
2026-04-01 19:54:00,369.2,369.55,369.18,369.43,96054.839434,369.3992,2683,
2026-04-01 19:55:00,369.42,369.44,369.05,369.11,151157.717555,369.1808,4002,
2026-04-01 19:56:00,369.1,369.45,368.91,369.0,141581.845759,369.0925,3865,
2026-04-01 19:57:00,368.99,369.35,368.9,369.2901,139314.802957,369.0694,3422,
2026-04-01 19:58:00,369.29,369.45,369.27,369.3,175160.699833,369.3454,4616,
2026-04-01 19:59:00,369.29,369.46,368.9,369.45,512528.763665,369.2659,12819,
2026-04-01 20:00:00,369.37,369.47,369.2,369.37,222482.486915,369.371,225,
2026-04-01 20:01:00,369.37,369.37,369.2,369.2,4593.65887,369.4021,54,
2026-04-01 20:02:00,369.29,369.37,369.0,369.01,1335.0,369.1566,60,
2026-04-01 20:03:00,369.37,369.37,369.01,369.36,6309.120941,369.2693,81,
2026-04-01 20:04:00,369.01,369.05,369.01,369.05,810.907911,369.6349,52,
2026-04-01 20:05:00,369.1001,369.1001,369.1001,369.1001,278.068039,369.2426,25,
2026-04-01 20:06:00,369.2,369.2,369.12,369.12,11700.0,369.3645,34,
2026-04-01 20:07:00,369.2,369.2,369.2,369.2,321.945719,370.2944,31,
2026-04-01 20:08:00,369.1786,369.2,369.1,369.19,834.0,369.1666,60,
2026-04-01 20:09:00,369.21,369.2683,369.02,369.17,2579.002706,369.0981,76,
2026-04-01 20:10:00,369.37,369.37,369.19,369.29,9271.19191,369.3687,41,
2026-04-01 20:11:00,369.2036,369.25,369.2036,369.25,488.649409,369.7229,29,
2026-04-01 20:12:00,369.2301,369.3,369.2301,369.3,845.638869,369.5594,39,
2026-04-01 20:13:00,369.31,369.33,369.3,369.3,565.0,369.3136,39,
2026-04-01 20:14:00,369.31,369.33,369.31,369.33,716.004944,369.3234,57,
2026-04-01 20:15:00,369.36,369.37,369.31,369.31,1165.416705,369.4794,58,
2026-04-01 20:16:00,369.34,369.34,369.3091,369.3091,328.0,369.3246,33,
2026-04-01 20:17:00,369.3,369.37,369.3,369.31,1706.027074,369.354,79,
2026-04-01 20:18:00,369.3027,369.36,369.3,369.3001,427.0,369.3222,43,
2026-04-01 20:19:00,369.3,369.34,369.3,369.34,573.0,369.3254,37,
2026-04-01 20:20:00,369.23,369.23,369.23,369.23,146.071808,369.4762,23,
2026-04-01 20:21:00,369.34,369.34,369.25,369.25,339.274149,369.6016,44,
2026-04-01 20:22:00,369.2182,369.2182,369.2182,369.2182,297.400673,369.7754,59,
2026-04-01 20:23:00,369.2997,369.2997,369.2,369.2,411.0,369.2626,32,
2026-04-01 20:24:00,369.25,369.2856,369.24,369.2833,561.0,369.2595,34,
2026-04-01 20:25:00,369.2052,369.24,369.1012,369.22,706.735066,369.5912,40,
2026-04-01 20:27:00,369.1,369.1,369.09,369.09,482.018965,369.1269,49,
2026-04-01 20:28:00,369.03,369.1779,369.03,369.03,463.541718,369.519,38,
2026-04-01 20:29:00,369.12,369.12,369.12,369.12,116.0,369.0843,19,
2026-04-01 20:30:00,369.1,369.1,369.01,369.01,2166.812435,369.228,41,
2026-04-01 20:31:00,369.15,369.33,369.15,369.15,1873.624448,369.3617,64,
2026-04-01 20:32:00,369.15,369.15,369.15,369.15,171.181144,369.5424,28,
2026-04-01 20:33:00,369.19,369.34,369.19,369.34,1988.0,369.3017,73,
2026-04-01 20:34:00,369.37,369.5,369.3,369.3,2484.0,369.4358,49,
2026-04-01 20:35:00,369.48,369.49,369.37,369.49,1200.0,369.4141,92,
2026-04-01 20:36:00,369.49,369.5,369.49,369.5,1735.12298,369.5232,73,
2026-04-01 20:37:00,369.5,369.65,369.5,369.65,2196.078509,369.6326,54,
2026-04-01 20:38:00,369.75,369.75,369.69,369.69,477.734205,370.2969,14,
2026-04-01 20:39:00,369.7,369.7,369.51,369.67,3249.0248,369.5569,105,
2026-04-01 20:40:00,369.7,369.78,369.69,369.69,992.787989,370.0365,50,
2026-04-01 20:41:00,369.76,369.78,369.62,369.62,2358.0248,369.6656,31,
2026-04-01 20:42:00,369.7,369.7,369.6991,369.6991,470.0,369.6999,31,
2026-04-01 20:43:00,369.69,369.69,369.65,369.66,1319.005286,369.6605,122,
2026-04-01 20:44:00,369.64,369.65,369.6,369.6,1492.150413,369.671,161,
2026-04-01 20:45:00,369.59,369.67,369.51,369.61,1021.0158,369.6271,102,
2026-04-01 20:46:00,369.69,369.7,369.69,369.69,681.917538,370.1917,36,
2026-04-01 20:47:00,369.7,370.01,369.69,370.01,2934.084861,369.9195,149,
2026-04-01 20:48:00,369.82,370.06,369.6501,370.06,456.0,369.851,31,
2026-04-01 20:49:00,369.97,369.97,369.7,369.7,384.00835,369.8588,29,
2026-04-01 20:50:00,369.99,369.99,369.85,369.85,1268.5,370.1178,28,
2026-04-01 20:51:00,369.9652,369.99,369.75,369.99,902.058334,369.9743,21,
2026-04-01 20:52:00,369.99,369.99,369.94,369.94,412.072976,370.0051,27,
2026-04-01 20:53:00,369.98,369.99,369.7,369.7,1256.410264,369.9538,56,
2026-04-01 20:54:00,369.98,369.99,369.98,369.98,810.035889,370.0045,41,
2026-04-01 20:55:00,370.0047,370.35,370.0047,370.26,6375.620383,370.2824,163,
2026-04-01 20:56:00,370.25,370.25,370.17,370.2,2160.0,370.2012,63,
2026-04-01 20:57:00,370.2,370.21,370.17,370.17,615.02947,370.2141,34,
2026-04-01 20:58:00,370.19,370.2,370.17,370.17,3280.097256,370.1853,93,
2026-04-01 20:59:00,370.15,370.15,370.0,370.09,494.0,370.0623,26,
2026-04-01 21:00:00,370.0,370.01,370.0,370.01,526.094206,370.0849,29,
2026-04-01 21:01:00,370.0182,370.1,370.0182,370.1,267.05,370.1295,29,
2026-04-01 21:02:00,370.1,370.1,370.0,370.0,744.075169,370.0881,31,
2026-04-01 21:03:00,370.0,370.0,370.0,370.0,2141.1,370.0195,19,
2026-04-01 21:04:00,370.056,370.1,370.0,370.095,462.0,370.0493,34,
2026-04-01 21:05:00,370.11,370.12,370.0,370.04,3848.916027,370.1435,83,
2026-04-01 21:06:00,370.14,370.14,370.0,370.05,499.043199,370.1173,34,
2026-04-01 21:07:00,370.0539,370.0539,370.0539,370.0539,284.0,370.0553,10,
2026-04-01 21:08:00,370.05,370.07,370.05,370.07,614.451335,370.3268,52,
2026-04-01 21:09:00,370.0,370.02,370.0,370.02,1385.0,370.0165,51,
2026-04-01 21:10:00,370.02,370.02,370.01,370.0174,644.0,370.0147,23,
2026-04-01 21:11:00,370.0026,370.0026,370.0026,370.0026,214.0,370.0059,16,
2026-04-01 21:12:00,370.02,370.02,369.95,369.95,875.062127,370.0251,76,
2026-04-01 21:13:00,370.02,370.02,369.91,369.91,307.10352,370.0708,43,
2026-04-01 21:14:00,369.92,369.92,369.91,369.91,2757.07413,369.9327,39,
2026-04-01 21:15:00,369.92,369.92,369.92,369.92,208.00488,369.9342,23,
2026-04-01 21:17:00,369.91,369.9201,369.8969,369.8969,1955.337915,369.9749,53,
2026-04-01 21:18:00,369.8951,369.8951,369.8,369.8,185.113067,370.0615,20,
2026-04-01 21:19:00,369.88,370.02,369.87,370.02,5992.0,369.9267,77,
2026-04-01 21:20:00,369.77,369.77,369.77,369.77,263.120161,370.0175,20,
2026-04-01 21:22:00,369.974,369.974,369.9,369.96,534.002702,369.9408,20,
2026-04-01 21:23:00,369.96,369.99,369.95,369.99,503.0,369.9698,17,
2026-04-01 21:24:00,369.9,369.9,369.9,369.9,198.0,369.9472,28,
2026-04-01 21:26:00,370.0,370.03,370.0,370.03,600.85175,370.5498,24,
2026-04-01 21:27:00,370.03,370.1,370.02,370.02,872.0,370.0195,37,
2026-04-01 21:28:00,369.99,369.99,369.99,369.99,226.132586,370.1701,36,
2026-04-01 21:31:00,370.0,370.0,370.0,370.0,199.095657,370.186,21,
2026-04-01 21:32:00,369.95,369.95,369.95,369.95,232.015023,369.9849,24,
2026-04-01 21:33:00,369.95,369.95,369.95,369.95,151.309663,370.7185,19,
2026-04-01 21:34:00,370.0,370.0348,369.9133,370.03,452.029725,370.0243,29,
2026-04-01 21:35:00,370.0312,370.05,370.0312,370.04,944.053904,370.0638,24,
2026-04-01 21:36:00,370.04,370.0893,370.038,370.0893,376.016508,370.0679,22,
2026-04-01 21:38:00,370.09,370.1,370.07,370.07,518.0,370.0816,14,
2026-04-01 21:39:00,370.07,370.0883,370.07,370.07,423.0,370.0768,64,
2026-04-01 21:41:00,370.06,370.15,370.06,370.15,1255.0,370.0956,56,
2026-04-01 21:42:00,370.15,370.15,370.15,370.15,246.0,370.1449,19,
2026-04-01 21:44:00,370.14,370.14,370.11,370.11,431.002701,370.1367,25,
2026-04-01 21:45:00,370.12,370.12,370.11,370.11,557.0,370.1162,34,
2026-04-01 21:46:00,370.12,370.12,370.12,370.12,357.0,370.123,26,
2026-04-01 21:47:00,370.1386,370.15,370.1386,370.15,842.116172,370.1971,85,
2026-04-01 21:48:00,370.1239,370.15,370.1239,370.15,416.01194,370.1443,38,
2026-04-01 21:50:00,370.12,370.12,370.12,370.12,142.0,370.1269,21,
2026-04-01 21:52:00,370.1413,370.1413,370.1413,370.1413,179.373957,370.9058,17,
2026-04-01 21:53:00,370.14,370.14,370.1,370.1,1358.006323,370.1087,43,
2026-04-01 21:55:00,370.12,370.12,370.119,370.119,303.0,370.1158,16,
2026-04-01 21:56:00,370.1,370.1001,370.0,370.0,8628.0,370.0544,36,
2026-04-01 21:57:00,370.0,370.0001,370.0,370.0001,2115.004809,370.0013,26,
2026-04-01 21:58:00,370.0,370.0001,370.0,370.0001,3659.140788,370.0154,100,
2026-04-01 21:59:00,369.826,369.826,369.826,369.826,329.543082,370.4815,30,
2026-04-01 22:00:00,369.77,369.77,369.77,369.77,526.129518,369.8635,74,
2026-04-01 22:01:00,369.7,369.7,369.7,369.7,475.02465,369.7249,24,
2026-04-01 22:02:00,369.76,370.0,369.65,369.65,2064.457225,369.9463,29,
2026-04-01 22:04:00,369.85,369.9,369.65,369.76,1084.723863,370.0154,34,
2026-04-01 22:05:00,369.76,369.76,369.7195,369.7282,739.0,369.7357,24,
2026-04-01 22:06:00,369.77,369.8112,369.71,369.71,462.003001,369.7643,29,
2026-04-01 22:07:00,369.68,369.68,369.62,369.62,1048.010947,369.6527,79,
2026-04-01 22:08:00,369.59,369.59,369.55,369.55,448.005466,369.5791,24,
2026-04-01 22:09:00,369.64,369.7,369.64,369.7,704.140672,369.7325,26,
2026-04-01 22:10:00,369.8,369.8,369.7,369.7,320.0,369.7328,17,
2026-04-01 22:11:00,369.61,369.67,369.57,369.57,394.060726,369.6679,26,
2026-04-01 22:12:00,369.5727,369.6,369.5629,369.5629,913.154277,369.6493,34,
2026-04-01 22:13:00,369.5578,369.5578,369.5578,369.5578,577.0,369.5612,19,
2026-04-01 22:14:00,369.55,369.61,369.55,369.61,531.0,369.5744,20,
2026-04-01 22:15:00,369.66,369.66,369.6,369.6,270.156417,369.8243,30,
2026-04-01 22:16:00,369.55,369.5501,369.55,369.5501,463.313257,369.8051,25,
2026-04-01 22:17:00,369.6109,369.6109,369.6109,369.6109,537.899982,370.2255,20,
2026-04-01 22:18:00,369.5542,369.5542,369.5542,369.5542,284.0,369.5749,19,
2026-04-01 22:19:00,369.56,369.56,369.56,369.56,166.0,369.5931,26,
2026-04-01 22:20:00,369.55,369.55,369.5,369.5,291.0,369.5323,26,
2026-04-01 22:21:00,369.5435,369.5435,369.5,369.5,1229.715641,369.7241,26,
2026-04-01 22:22:00,369.53,369.55,369.5,369.55,735.422033,369.7248,28,
2026-04-01 22:23:00,369.64,369.66,369.64,369.66,288.0,369.6375,21,
2026-04-01 22:24:00,369.69,369.7,369.6,369.6,389.015038,369.6834,14,
2026-04-01 22:25:00,369.66,369.75,369.66,369.75,1237.621118,369.8814,62,
2026-04-01 22:26:00,369.69,369.69,369.65,369.65,327.054482,369.7334,18,
2026-04-01 22:27:00,369.6,369.6,369.6,369.6,207.0,369.6371,19,
2026-04-01 22:28:00,369.6,369.8,369.6,369.65,2091.029524,369.7653,23,
2026-04-01 22:30:00,369.5717,369.5717,369.5717,369.5717,241.201677,369.9497,30,
2026-04-01 22:31:00,369.8,369.89,369.713,369.8501,3028.032917,369.8374,40,
2026-04-01 22:32:00,369.85,369.85,369.85,369.85,328.0,369.8554,20,
2026-04-01 22:33:00,369.8695,369.8695,369.8695,369.8695,315.00198,369.8433,20,
2026-04-01 22:34:00,369.85,369.85,369.83,369.83,276.25554,370.1863,16,
2026-04-01 22:35:00,369.77,369.78,369.77,369.78,248.0,369.7714,21,
2026-04-01 22:36:00,369.76,369.78,369.76,369.78,177.070772,369.9152,17,
2026-04-01 22:37:00,369.8,369.8,369.8,369.8,143.002703,369.7985,9,
2026-04-01 22:38:00,369.83,369.83,369.83,369.83,173.0,369.811,25,
2026-04-01 22:39:00,369.83,369.83,369.8,369.8,481.0,369.8229,17,
2026-04-01 22:40:00,369.78,369.83,369.78,369.81,343.0,369.7948,29,
2026-04-01 22:42:00,369.9,369.9004,369.8976,369.9004,830.19921,369.9863,27,
2026-04-01 22:43:00,369.905,369.9265,369.9,369.9265,1022.007513,369.9109,19,
2026-04-01 22:44:00,369.9,369.95,369.85,369.85,324.0,369.8928,19,
2026-04-01 22:45:00,369.78,369.78,369.73,369.73,1339.626385,369.93,28,
2026-04-01 22:46:00,369.7909,369.8,369.73,369.73,4242.0,369.7801,36,
2026-04-01 22:47:00,369.7,369.7,369.6,369.67,849.0,369.6629,44,
2026-04-01 22:48:00,369.65,369.73,369.6169,369.6169,1267.005437,369.6361,25,
2026-04-01 22:49:00,369.72,369.72,369.6,369.6,615.015038,369.6546,41,
2026-04-01 22:50:00,369.7194,369.73,369.5,369.73,1817.013525,369.6035,49,
2026-04-01 22:51:00,369.52,369.52,369.3,369.3,2137.327422,369.5111,152,
2026-04-01 22:52:00,369.3992,369.4,369.25,369.3,1206.146104,369.4145,24,
2026-04-01 22:53:00,369.29,369.35,369.2688,369.348,2705.080158,369.3077,40,
2026-04-01 22:54:00,369.35,369.5262,369.3,369.3,976.108209,369.4034,42,
2026-04-01 22:55:00,369.3,369.3,369.3,369.3,440.05,369.3281,26,
2026-04-01 22:56:00,369.25,369.3,369.25,369.25,1606.008232,369.2809,41,
2026-04-01 22:57:00,369.1,369.213,369.1,369.213,377.035481,369.2142,37,
2026-04-01 22:58:00,369.2,369.25,369.1565,369.25,988.029781,369.2027,26,
2026-04-01 22:59:00,369.25,369.688,369.25,369.48,1364.008663,369.3685,36,
2026-04-01 23:00:00,369.5968,369.5968,369.3,369.3,231.294875,369.8732,19,
2026-04-01 23:01:00,369.38,369.4,369.3,369.3,315.013497,369.3682,20,
2026-04-01 23:03:00,369.326,369.3953,369.326,369.3953,677.0,369.3394,17,
2026-04-01 23:05:00,369.25,369.4,369.25,369.4,637.0,369.2895,19,
2026-04-01 23:06:00,369.27,369.27,369.26,369.26,503.075393,369.3419,25,
2026-04-01 23:07:00,369.3995,369.3995,369.25,369.25,308.010828,369.322,9,
2026-04-01 23:08:00,369.39,369.39,369.38,369.38,193.033866,369.4233,18,
2026-04-01 23:10:00,369.39,369.39,369.37,369.37,821.395021,369.5552,31,
2026-04-01 23:11:00,369.37,369.4,369.2695,369.4,771.090363,369.377,24,
2026-04-01 23:12:00,369.2652,369.2652,369.2652,369.2652,187.166433,369.6464,15,
2026-04-01 23:14:00,369.42,369.45,369.42,369.45,515.031104,369.4466,42,
2026-04-01 23:15:00,369.35,369.35,369.35,369.35,162.694041,371.0378,19,
2026-04-01 23:16:00,369.5672,369.5672,369.5672,369.5672,79.008116,369.5902,11,
2026-04-01 23:17:00,369.45,369.45,369.45,369.45,121.005442,369.479,11,
2026-04-01 23:18:00,369.339,369.3711,369.339,369.3711,989.514004,369.5531,10,
2026-04-01 23:19:00,369.48,369.48,369.48,369.48,204.0,369.4403,22,
2026-04-01 23:20:00,369.3709,369.3709,369.37,369.3701,4639.004629,369.3707,21,
2026-04-01 23:22:00,369.301,369.301,369.301,369.301,116.0,369.3456,18,
2026-04-01 23:23:00,369.3,369.5175,369.3,369.51,280.0,369.406,16,
2026-04-01 23:24:00,369.3943,369.44,369.3814,369.44,594.0,369.4006,27,
2026-04-01 23:25:00,369.38,369.44,369.38,369.44,328.370696,369.8196,20,
2026-04-01 23:27:00,369.5,369.5,369.5,369.5,136.0,369.4879,12,
2026-04-01 23:28:00,369.4823,369.5,369.4823,369.5,333.003058,369.4617,18,
2026-04-01 23:29:00,369.5,369.5,369.46,369.5,774.33808,369.6533,31,
2026-04-01 23:30:00,369.5,369.5,369.5,369.5,122.0,369.4659,16,
2026-04-01 23:31:00,369.4948,369.4948,369.4948,369.4948,221.027117,369.5091,23,
2026-04-01 23:32:00,369.4007,369.4007,369.4,369.4,795.113466,369.46,29,
2026-04-01 23:33:00,369.4,369.5,369.37,369.4999,3080.732153,369.5688,34,
2026-04-01 23:34:00,369.5,369.5758,369.37,369.37,1133.028109,369.5038,17,
2026-04-01 23:35:00,369.43,369.43,369.43,369.43,355.0,369.4392,15,
2026-04-01 23:36:00,369.5,369.5,369.45,369.5,601.043338,369.519,25,
2026-04-01 23:37:00,369.59,369.6478,369.59,369.6478,630.0,369.6344,13,
2026-04-01 23:38:00,369.58,369.65,369.51,369.65,300.0,369.5873,16,
2026-04-01 23:39:00,369.6,369.65,369.6,369.65,527.025727,369.6306,27,
2026-04-01 23:40:00,369.65,369.68,369.6,369.68,790.012573,369.6238,34,
2026-04-01 23:41:00,369.7,369.7,369.61,369.61,451.0,369.6472,23,
2026-04-01 23:42:00,369.7,369.7,369.61,369.61,328.0,369.6307,19,
2026-04-01 23:43:00,369.6169,369.6169,369.6169,369.6169,150.0,369.6179,15,
2026-04-01 23:44:00,369.63,369.63,369.63,369.63,222.0,369.632,16,
2026-04-01 23:45:00,369.7,369.75,369.7,369.75,553.005491,369.7375,18,
2026-04-01 23:46:00,369.7525,369.8,369.65,369.8,770.0,369.7428,34,
2026-04-01 23:47:00,369.75,369.9,369.75,369.9,1328.481128,370.0098,32,
2026-04-01 23:48:00,369.83,369.9,369.71,369.9,525.0,369.8249,27,
2026-04-01 23:49:00,369.9,369.9,369.7,369.7,957.037585,369.7434,30,
2026-04-01 23:50:00,369.7,369.71,369.65,369.65,850.135389,369.7399,55,
2026-04-01 23:51:00,369.65,369.8086,369.56,369.8086,1205.01352,369.6062,51,
2026-04-01 23:52:00,369.5,369.69,369.5,369.69,516.0,369.5924,21,
2026-04-01 23:53:00,369.61,369.61,369.51,369.51,338.009917,369.5831,30,
2026-04-01 23:54:00,369.59,369.79,369.59,369.79,5744.0,369.6905,36,
2026-04-01 23:55:00,369.7,369.75,369.6169,369.72,597.075393,369.7499,29,
2026-04-01 23:56:00,369.76,369.76,369.75,369.75,607.0,369.7417,32,
2026-04-01 23:57:00,369.7,369.7,369.7,369.7,409.044657,369.7324,22,
2026-04-01 23:58:00,369.7,369.7,369.64,369.65,1010.978564,370.0197,33,
2026-04-01 23:59:00,369.7,369.91,369.7,369.91,3878.032901,369.8388,68,
2026-04-02 08:00:00,365.98,368.52,364.94,366.09,4243.362822,365.9224,578,
2026-04-02 08:01:00,366.0,366.28,363.34,366.23,23171.00561,364.4896,1709,
2026-04-02 08:02:00,366.02,366.13,365.9,366.04,2536.23756,366.0587,88,
2026-04-02 08:03:00,364.07,366.24,363.27,366.01,68987.0,364.3869,5308,
2026-04-02 08:04:00,366.02,366.07,366.01,366.03,1020.984602,366.3961,49,
2026-04-02 08:05:00,366.02,366.04,366.02,366.04,437.572631,366.5032,24,
2026-04-02 08:06:00,366.13,366.17,366.0,366.17,535.810084,366.6601,37,
2026-04-02 08:07:00,366.17,366.32,366.17,366.22,1241.076741,366.2805,55,
2026-04-02 08:08:00,366.2,366.2,366.2,366.2,779.02186,366.2091,17,
2026-04-02 08:09:00,366.06,366.15,366.0,366.15,1814.108849,366.0537,57,
2026-04-02 08:10:00,366.25,366.38,366.03,366.03,687.024577,366.1765,42,
2026-04-02 08:11:00,366.03,366.09,366.03,366.09,511.037348,366.1048,27,
2026-04-02 08:12:00,366.1,366.1,365.92,365.92,307.027374,366.0884,41,
2026-04-02 08:13:00,365.92,366.03,365.92,366.03,238.061783,366.1157,27,
2026-04-02 08:14:00,366.06,366.06,365.96,365.96,691.426691,366.2339,30,
2026-04-02 08:15:00,365.76,365.7618,365.76,365.7618,174.173217,366.1504,27,
2026-04-02 08:16:00,366.1,366.1,366.1,366.1,78.038268,366.2421,27,
2026-04-02 08:18:00,365.89,365.9,365.89,365.9,511.795551,366.511,48,
2026-04-02 08:19:00,365.83,365.83,365.83,365.83,168.185654,366.2565,35,
2026-04-02 08:20:00,365.8,365.91,365.8,365.91,862.834946,366.2129,45,
2026-04-02 08:21:00,365.77,365.77,365.67,365.67,646.060354,365.7646,61,
2026-04-02 08:22:00,365.66,365.66,365.66,365.66,143.060807,365.8314,51,
2026-04-02 08:23:00,365.74,365.94,365.74,365.94,534.347455,366.1388,66,
2026-04-02 08:24:00,365.95,366.05,365.8,366.05,1197.087839,365.9934,81,
2026-04-02 08:25:00,366.15,366.21,366.12,366.21,1216.016548,366.1784,45,
2026-04-02 08:26:00,366.0,366.0,366.0,366.0,612.0,366.0115,16,
2026-04-02 08:27:00,366.06,366.06,366.0,366.05,391.0,366.0402,17,
2026-04-02 08:28:00,366.0,366.0,366.0,366.0,622.002758,366.004,24,
2026-04-02 08:29:00,366.0,366.0,366.0,366.0,129.002759,365.9973,10,
2026-04-02 08:30:00,366.18,366.24,366.18,366.24,819.102403,366.2377,37,
2026-04-02 08:31:00,366.23,366.3,366.13,366.1535,770.700722,366.5634,31,
2026-04-02 08:32:00,366.33,366.49,366.33,366.49,438.035745,366.4092,35,
2026-04-02 08:33:00,366.14,366.14,366.14,366.14,88.136124,366.7989,6,
2026-04-02 08:34:00,366.3137,366.3137,366.3137,366.3137,199.097774,366.5153,13,
2026-04-02 08:38:00,366.14,366.15,366.14,366.14,564.005521,366.1478,20,
2026-04-02 08:39:00,366.13,366.28,366.13,366.28,479.00251,366.2225,25,
2026-04-02 08:40:00,366.27,366.37,366.27,366.28,463.0,366.2808,27,
2026-04-02 08:42:00,366.2,366.37,366.19,366.37,467.15037,366.3564,25,
2026-04-02 08:43:00,366.25,366.25,366.1285,366.1285,396.024271,366.3327,23,
2026-04-02 08:44:00,366.18,366.25,366.09,366.1,878.208481,366.2498,57,
2026-04-02 08:45:00,366.1,366.1,366.1,366.1,203.013621,366.1653,11,
2026-04-02 08:46:00,366.06,366.34,366.06,366.3,504.152237,366.3727,18,
2026-04-02 08:47:00,366.25,366.25,366.25,366.25,115.0018,366.2668,11,
2026-04-02 08:48:00,366.3,366.3,366.12,366.12,263.0,366.2548,7,
2026-04-02 08:49:00,366.11,366.11,366.11,366.11,90.0,366.13,5,
2026-04-02 08:51:00,366.19,366.19,366.19,366.19,187.00546,366.248,11,
2026-04-02 08:52:00,366.12,366.13,365.99,366.07,2026.0,366.0456,83,
2026-04-02 08:53:00,365.76,365.76,365.69,365.69,1050.343524,365.8933,56,
2026-04-02 08:54:00,366.08,366.08,365.94,366.0,873.03155,366.0255,29,
2026-04-02 08:55:00,365.99,366.09,365.99,366.09,472.070536,366.1054,22,
2026-04-02 08:56:00,366.12,366.15,366.1,366.15,450.0,366.1113,23,
2026-04-02 08:57:00,366.09,366.09,366.09,366.09,217.041648,366.1543,19,
2026-04-02 08:59:00,366.13,366.16,365.81,365.81,697.348144,366.2551,19,
2026-04-02 09:03:00,366.05,366.05,366.05,366.05,219.131393,366.3058,20,
2026-04-02 09:04:00,366.05,366.05,365.98,366.0,1344.319457,366.0833,51,
2026-04-02 09:05:00,366.01,366.01,365.82,365.82,231.283643,366.3582,44,
2026-04-02 09:06:00,365.83,365.83,365.81,365.81,1544.037916,365.8332,35,
2026-04-02 09:07:00,365.81,365.81,365.81,365.81,288.0,365.8433,15,
2026-04-02 09:09:00,365.84,365.84,365.81,365.81,849.359017,365.9843,16,
2026-04-02 09:10:00,365.65,365.85,365.65,365.85,476.035912,365.8574,56,
2026-04-02 09:11:00,365.79,365.79,365.7,365.7,177.0,365.768,12,
2026-04-02 09:15:00,365.82,365.83,365.82,365.83,309.057892,365.889,22,
2026-04-02 09:16:00,365.82,365.9,365.82,365.89,1729.0,365.879,35,
2026-04-02 09:17:00,365.85,366.0,365.85,366.0,662.0,365.9766,35,
2026-04-02 09:18:00,365.99,366.09,365.99,366.09,299.272502,366.3874,17,
2026-04-02 09:19:00,366.08,366.09,366.0,366.09,588.881733,366.6143,30,
2026-04-02 09:20:00,366.16,366.16,366.16,366.16,130.837907,368.4936,14,
2026-04-02 09:21:00,366.16,366.16,366.16,366.16,272.998996,367.5036,10,
2026-04-02 09:22:00,366.18,366.18,366.0,366.0,1214.197818,366.1565,43,
2026-04-02 09:24:00,365.99,365.99,365.99,365.99,124.066912,366.2278,9,
2026-04-02 09:25:00,366.28,366.28,366.28,366.28,103.357666,367.5305,8,
2026-04-02 09:26:00,366.28,366.38,366.28,366.28,1022.013403,366.3203,56,
2026-04-02 09:27:00,366.31,366.37,366.08,366.23,1226.049326,366.2647,74,
2026-04-02 09:29:00,366.11,366.11,366.1,366.1,165.081926,366.2972,8,
2026-04-02 09:30:00,366.13,366.13,366.12,366.12,241.0,366.1364,10,
2026-04-02 09:31:00,366.23,366.23,366.15,366.15,381.11416,366.3002,19,
2026-04-02 09:32:00,366.2,366.2,366.2,366.2,271.0,366.1713,19,
2026-04-02 09:37:00,365.74,365.74,365.74,365.74,197.636254,366.9892,34,
2026-04-02 09:38:00,365.74,365.75,365.74,365.75,233.065579,365.8622,15,
2026-04-02 09:39:00,365.75,365.85,365.75,365.85,330.0,365.7936,15,
2026-04-02 09:41:00,365.77,365.77,365.65,365.65,836.895374,366.0793,51,
2026-04-02 09:42:00,365.76,365.76,365.76,365.76,64.008199,365.8191,8,
2026-04-02 09:44:00,365.72,365.82,365.72,365.82,335.197911,365.954,11,
2026-04-02 09:47:00,365.85,365.85,365.71,365.73,1029.057345,365.8155,14,
2026-04-02 09:50:00,365.86,365.94,365.8112,365.94,314.004273,365.9002,24,
2026-04-02 09:51:00,365.97,366.09,365.97,366.09,1098.897336,366.3588,27,
2026-04-02 09:53:00,366.0,366.0,366.0,366.0,65.0,366.0011,4,
2026-04-02 09:55:00,366.01,366.1,366.0,366.0,886.0,366.0278,53,
2026-04-02 09:57:00,365.9041,365.9177,365.9041,365.9177,276.012532,365.9235,8,
2026-04-02 10:00:00,365.83,365.83,365.71,365.71,843.189227,365.8744,47,
2026-04-02 10:01:00,365.75,365.75,365.75,365.75,149.0,365.7603,18,
2026-04-02 10:03:00,365.88,366.0,365.88,366.0,320.0,365.9519,27,
2026-04-02 10:05:00,366.16,366.16,366.16,366.16,297.022071,366.1539,24,
2026-04-02 10:06:00,366.0,366.0,365.69,365.84,394.851912,366.6384,30,
2026-04-02 10:08:00,365.74,365.74,365.66,365.66,339.0,365.6976,30,
2026-04-02 10:09:00,365.7,365.97,365.68,365.97,318.273941,366.0633,11,
2026-04-02 10:10:00,365.85,365.87,365.85,365.87,179.546532,366.9567,17,
2026-04-02 10:11:00,365.83,365.83,365.83,365.83,119.011257,365.8086,10,
2026-04-02 10:13:00,365.65,365.73,365.65,365.73,370.090472,365.7676,12,
2026-04-02 10:14:00,365.69,365.69,365.42,365.42,687.675429,365.9022,78,
2026-04-02 10:15:00,365.45,365.45,365.4,365.4,659.169819,365.5288,71,
2026-04-02 10:16:00,365.41,365.45,365.41,365.41,388.406664,365.8207,31,
2026-04-02 10:17:00,365.4,365.41,365.39,365.41,642.416783,365.6531,35,
2026-04-02 10:18:00,365.39,365.4956,365.3,365.4956,943.0,365.3633,44,
2026-04-02 10:19:00,365.49,365.54,365.49,365.54,571.840881,366.0396,40,
2026-04-02 10:21:00,365.46,365.46,365.46,365.46,167.0,365.3891,10,
2026-04-02 10:22:00,365.33,365.33,365.33,365.33,221.604843,366.3295,30,
2026-04-02 10:23:00,365.3,365.3,365.3,365.3,470.291694,365.5311,29,
2026-04-02 10:24:00,365.3,365.3,365.3,365.3,177.00276,365.3163,16,
2026-04-02 10:25:00,365.3237,365.38,365.2,365.27,804.013808,365.2911,43,
2026-04-02 10:26:00,365.26,365.26,365.26,365.26,194.233904,365.7441,13,
2026-04-02 10:27:00,365.22,365.26,365.22,365.26,411.06038,365.3086,38,
2026-04-02 10:28:00,365.2,365.26,365.19,365.25,1274.590638,365.4076,45,
2026-04-02 10:29:00,365.24,365.25,365.2,365.2,926.0,365.2295,19,
2026-04-02 10:30:00,365.2,365.21,365.2,365.21,514.0,365.2123,14,
2026-04-02 10:31:00,365.21,365.21,365.1,365.1,917.0,365.1213,32,
2026-04-02 10:32:00,365.13,365.15,365.1,365.1,1640.132845,365.1662,51,
2026-04-02 10:33:00,365.14,365.26,365.14,365.26,1064.0,365.1593,22,
2026-04-02 10:34:00,365.22,365.22,365.22,365.22,197.0,365.2198,17,
2026-04-02 10:35:00,365.3,365.37,365.29,365.37,438.0,365.3112,22,
2026-04-02 10:39:00,365.42,365.46,365.42,365.46,1121.0,365.4473,33,
2026-04-02 10:41:00,365.4,365.4,365.4,365.4,190.0,365.3596,13,
2026-04-02 10:42:00,365.28,365.6,365.28,365.6,1229.672887,365.6768,52,
2026-04-02 10:43:00,365.4,365.59,365.4,365.58,1073.00929,365.4368,20,
2026-04-02 10:44:00,365.62,365.68,365.54,365.54,877.011362,365.6485,31,
2026-04-02 10:45:00,365.49,365.5,365.36,365.4,1238.0,365.4437,27,
2026-04-02 10:46:00,365.61,365.65,365.61,365.65,313.0,365.6298,12,
2026-04-02 10:48:00,365.51,365.6,365.43,365.6,522.0,365.5101,26,
2026-04-02 10:50:00,365.4,365.4,365.35,365.35,255.0,365.353,25,
2026-04-02 10:51:00,365.29,365.3,365.29,365.29,640.970914,365.857,14,
2026-04-02 10:52:00,365.29,365.29,365.29,365.29,208.870854,366.8411,7,
2026-04-02 10:54:00,365.31,365.31,365.31,365.31,287.0,365.3548,17,
2026-04-02 10:55:00,365.39,365.39,365.39,365.39,130.0,365.4434,12,
2026-04-02 10:56:00,365.33,365.4,365.08,365.08,3826.2207,365.3243,109,
2026-04-02 10:57:00,365.19,365.3,365.18,365.3,4737.0,365.2846,98,
2026-04-02 11:00:00,365.45,365.5,365.19,365.3,6336.801224,365.4045,350,
2026-04-02 11:01:00,365.29,365.4588,365.25,365.26,958.17,365.3437,48,
2026-04-02 11:02:00,365.25,365.4,365.25,365.4,2194.304752,365.3334,56,
2026-04-02 11:03:00,365.3247,365.42,365.3247,365.38,1216.31443,365.4929,63,
2026-04-02 11:04:00,365.38,365.38,365.2,365.2507,1007.0,365.29,49,
2026-04-02 11:05:00,365.25,365.25,365.1501,365.1501,3132.0,365.2218,109,
2026-04-02 11:06:00,365.1369,365.14,364.88,364.88,4145.648307,365.0774,438,
2026-04-02 11:07:00,364.89,364.89,364.54,364.54,1208.030389,364.7868,99,
2026-04-02 11:08:00,364.75,365.0,364.75,365.0,1034.591633,365.1321,52,
2026-04-02 11:09:00,365.02,365.1124,364.91,365.1124,993.523404,365.2225,33,
2026-04-02 11:10:00,365.0,365.0,364.9,365.0,1343.0,364.9511,54,
2026-04-02 11:11:00,365.0,365.0,364.95,364.9983,624.0,364.9741,37,
2026-04-02 11:12:00,364.8875,365.1,364.8875,365.06,1533.69986,365.167,62,
2026-04-02 11:13:00,365.09,365.1154,365.0,365.1154,1389.176518,365.1002,62,
2026-04-02 11:14:00,365.0,365.03,364.99,365.03,1208.0,365.0199,37,
2026-04-02 11:15:00,364.8835,365.02,364.85,364.9741,2515.059474,364.9675,71,
2026-04-02 11:16:00,364.78,364.78,364.75,364.77,732.00277,364.8052,53,
2026-04-02 11:17:00,364.7,364.8,364.7,364.72,676.0,364.7579,47,
2026-04-02 11:18:00,364.8013,364.85,364.7,364.7,553.118201,364.8619,41,
2026-04-02 11:19:00,364.79,364.79,364.75,364.7778,541.013803,364.793,50,
2026-04-02 11:20:00,364.77,364.78,364.71,364.78,834.370545,364.9198,46,
2026-04-02 11:21:00,364.83,364.86,364.8,364.8,1636.0,364.8198,43,
2026-04-02 11:22:00,364.8,364.8,364.69,364.69,1410.462734,364.863,67,
2026-04-02 11:23:00,364.67,364.67,364.5832,364.5832,372.174339,364.8134,53,
2026-04-02 11:24:00,364.69,364.7,364.5,364.55,4301.878462,364.6541,172,
2026-04-02 11:25:00,364.5,364.5,364.3923,364.4,1663.03611,364.4651,106,
2026-04-02 11:26:00,364.3843,364.5,364.3843,364.44,1641.0,364.4378,59,
2026-04-02 11:27:00,364.5,364.56,364.43,364.5515,3173.002779,364.4658,105,
2026-04-02 11:28:00,364.57,364.57,364.4296,364.4296,2906.486143,364.5433,122,
2026-04-02 11:29:00,364.4,364.5219,364.4,364.42,721.138912,364.5186,58,
2026-04-02 11:30:00,364.4,364.5,364.36,364.39,1580.131808,364.4407,90,
2026-04-02 11:31:00,364.5,364.6,364.44,364.6,1716.0,364.5198,48,
2026-04-02 11:32:00,364.64,364.64,364.5,364.5,372.829284,365.3857,32,
2026-04-02 11:33:00,364.64,364.7546,364.64,364.7546,1497.0,364.6858,63,
2026-04-02 11:34:00,364.67,364.67,364.3957,364.47,1774.573783,364.654,57,
2026-04-02 11:35:00,364.4,364.4,364.37,364.37,602.063842,364.5105,71,
2026-04-02 11:36:00,364.34,364.4,364.34,364.38,523.7185,364.962,73,
2026-04-02 11:37:00,364.36,364.4,364.18,364.18,8005.562182,364.3413,167,
2026-04-02 11:38:00,364.18,364.4,364.18,364.38,2550.515705,364.4289,135,
2026-04-02 11:39:00,364.1801,364.35,364.1801,364.25,1159.789,364.5661,81,
2026-04-02 11:40:00,364.24,364.24,364.24,364.24,406.395,364.5955,50,
2026-04-02 11:41:00,364.18,364.2001,364.14,364.1881,1551.788001,364.3759,78,
2026-04-02 11:42:00,364.23,364.23,364.1,364.2,2254.015792,364.1709,90,
2026-04-02 11:43:00,364.2,364.2,364.09,364.14,1705.181284,364.1709,73,
2026-04-02 11:44:00,364.1062,364.5,364.0,364.44,7568.60313,364.1713,351,
2026-04-02 11:45:00,364.34,364.36,364.28,364.36,1014.763,364.6112,54,
2026-04-02 11:46:00,364.3718,364.5,364.3718,364.5,852.058997,364.4807,52,
2026-04-02 11:47:00,364.53,364.6,364.5,364.6,736.450711,364.7807,49,
2026-04-02 11:48:00,364.5178,364.6,364.5,364.57,1838.720138,364.7158,72,
2026-04-02 11:49:00,364.5,364.6,364.5,364.5,1190.229257,364.6153,62,
2026-04-02 11:50:00,364.5,364.5999,364.49,364.5999,524.871711,365.1566,36,
2026-04-02 11:51:00,364.48,364.6,364.48,364.6,530.043949,364.5981,42,
2026-04-02 11:52:00,364.5601,364.69,364.5601,364.69,587.822261,365.1609,27,
2026-04-02 11:53:00,364.56,364.6632,364.4296,364.4296,1092.617,364.7737,40,
2026-04-02 11:54:00,364.55,364.73,364.4559,364.64,2072.3063,364.6705,56,
2026-04-02 11:55:00,364.59,364.7,364.53,364.56,524.005483,364.5928,45,
2026-04-02 11:56:00,364.6,364.6375,364.6,364.6375,315.0,364.6085,25,
2026-04-02 11:57:00,364.5795,364.6,364.42,364.42,939.472626,364.6744,53,
2026-04-02 11:58:00,364.42,364.42,364.26,364.26,873.083453,364.4024,74,
2026-04-02 11:59:00,364.28,364.34,364.21,364.21,1372.063008,364.3423,82,
2026-04-02 12:00:00,364.25,364.25,364.0692,364.0692,1195.184591,364.2613,86,
2026-04-02 12:01:00,364.0,364.18,364.0,364.082,2567.020589,364.0289,106,
2026-04-02 12:02:00,364.0,364.25,364.0,364.15,1435.608484,364.3694,74,
2026-04-02 12:03:00,364.1937,364.5,364.1937,364.48,908.030185,364.3749,42,
2026-04-02 12:04:00,364.45,364.45,364.15,364.35,1844.948585,364.5499,68,
2026-04-02 12:05:00,364.2101,364.32,364.2101,364.32,665.06093,364.5019,104,
2026-04-02 12:06:00,364.42,364.7,364.3016,364.57,4566.398134,364.5807,215,
2026-04-02 12:07:00,364.5266,364.53,364.5266,364.53,247.0,364.5402,17,
2026-04-02 12:08:00,364.53,364.66,364.53,364.55,1107.339309,364.6739,57,
2026-04-02 12:09:00,364.58,364.59,364.55,364.5661,10416.0,364.593,370,
2026-04-02 12:10:00,364.66,364.75,364.54,364.54,6090.003642,364.5924,292,
2026-04-02 12:11:00,364.5592,364.75,364.5592,364.75,2567.26769,364.3658,182,
2026-04-02 12:12:00,364.55,364.6835,364.2289,364.2289,666.512261,364.7417,49,
2026-04-02 12:13:00,364.52,364.52,364.26,364.26,808.731135,364.7664,41,
2026-04-02 12:14:00,364.4,364.55,364.4,364.54,670.349133,364.7116,49,
2026-04-02 12:15:00,364.44,364.5,364.42,364.42,411.0,364.4716,41,
2026-04-02 12:16:00,364.5,364.64,364.46,364.47,1120.039985,364.5163,42,
2026-04-02 12:17:00,364.33,364.34,364.28,364.28,744.045651,364.3711,58,
2026-04-02 12:18:00,364.39,364.64,364.39,364.59,1449.563798,364.7166,91,
2026-04-02 12:19:00,364.6,364.6,364.576,364.576,712.102097,364.6485,24,
2026-04-02 12:20:00,364.6,364.6,364.22,364.3,2193.5,364.4805,101,
2026-04-02 12:21:00,364.47,364.76,364.47,364.76,2425.460236,364.6401,98,
2026-04-02 12:22:00,364.65,364.98,364.65,364.98,1853.708607,364.9833,102,
2026-04-02 12:23:00,364.9441,365.0,364.88,364.88,1560.324366,365.0671,78,
2026-04-02 12:24:00,364.99,365.04,364.85,365.04,966.04719,365.0083,49,
2026-04-02 12:25:00,365.0,365.04,364.76,364.76,1311.718061,365.0687,90,
2026-04-02 12:26:00,364.5559,364.65,364.5,364.65,744.0,364.5929,72,
2026-04-02 12:27:00,364.66,365.0,364.48,364.48,1731.552769,365.7592,39,
2026-04-02 12:28:00,364.65,364.65,364.52,364.6,2595.019609,364.627,64,
2026-04-02 12:29:00,364.65,364.7756,364.6,364.6,2390.0,364.6486,32,
2026-04-02 12:30:00,364.84,364.86,364.55,364.55,1117.368783,364.8846,52,
2026-04-02 12:31:00,364.53,364.63,364.48,364.62,2901.715287,364.7183,71,
2026-04-02 12:32:00,364.64,364.82,364.64,364.82,849.099824,364.7543,51,
2026-04-02 12:33:00,364.7,365.0,364.7,364.9753,3116.013698,364.9178,74,
2026-04-02 12:34:00,364.91,364.91,364.84,364.88,571.0,364.8706,15,
2026-04-02 12:35:00,364.83,364.91,364.83,364.91,544.954724,365.479,60,
2026-04-02 12:36:00,364.92,364.92,364.6,364.6,2697.0,364.7252,82,
2026-04-02 12:37:00,364.71,364.71,364.51,364.51,1118.215866,364.6527,50,
2026-04-02 12:38:00,364.51,364.68,364.5,364.68,1121.685,364.7583,54,
2026-04-02 12:39:00,364.56,364.76,364.5,364.76,1019.311871,364.8031,60,
2026-04-02 12:40:00,364.77,364.77,364.68,364.68,577.0,364.732,82,
2026-04-02 12:41:00,364.79,364.8,364.79,364.8,406.624321,365.3108,55,
2026-04-02 12:42:00,364.69,364.69,364.69,364.69,292.0,364.742,30,
2026-04-02 12:43:00,364.72,364.97,364.66,364.96,2285.859993,364.9575,98,
2026-04-02 12:44:00,364.85,364.89,364.85,364.89,615.019974,364.8988,46,
2026-04-02 12:45:00,364.7513,364.7513,364.7513,364.7513,244.0,364.7879,27,
2026-04-02 12:46:00,364.9,365.19,364.9,365.0,2659.443781,365.0909,121,
2026-04-02 12:47:00,365.0,365.1341,364.75,364.75,1087.0,364.877,49,
2026-04-02 12:48:00,364.8347,365.0,364.81,364.96,3340.008301,364.9093,120,
2026-04-02 12:49:00,364.95,365.0,364.93,365.0,2404.610112,365.072,86,
2026-04-02 12:50:00,365.16,365.34,365.01,365.2001,2880.038799,365.2211,187,
2026-04-02 12:51:00,365.2,365.29,365.2,365.21,1298.593123,365.3909,108,
2026-04-02 12:52:00,365.21,365.29,365.203,365.29,2232.0,365.237,75,
2026-04-02 12:53:00,365.32,365.36,365.21,365.36,3044.011041,365.2867,158,
2026-04-02 12:54:00,365.2962,365.4299,365.21,365.35,1954.008276,365.2798,80,
2026-04-02 12:55:00,365.22,365.43,365.22,365.43,901.0,365.2952,40,
2026-04-02 12:56:00,365.4001,365.4001,365.21,365.37,2098.024824,365.2818,64,
2026-04-02 12:57:00,365.29,365.32,365.04,365.04,2031.0,365.1956,84,
2026-04-02 12:58:00,365.43,365.43,365.0,365.0002,1647.067424,365.066,57,
2026-04-02 12:59:00,365.01,365.01,364.82,364.9867,2028.0,364.9676,96,
2026-04-02 13:00:00,364.95,364.9633,364.68,364.9,1188.60466,365.026,60,
2026-04-02 13:01:00,364.89,365.02,364.8488,365.02,1989.045434,364.9801,79,
2026-04-02 13:02:00,364.9,364.9,364.75,364.75,3577.035625,364.8189,122,
2026-04-02 13:03:00,364.75,364.95,364.68,364.95,1636.01658,364.829,62,
2026-04-02 13:04:00,364.83,364.99,364.8219,364.99,2402.809336,365.069,79,
2026-04-02 13:05:00,364.98,365.15,364.87,365.0005,3120.182249,364.9455,82,
2026-04-02 13:06:00,365.14,365.2747,364.98,365.2747,2842.056546,365.1516,108,
2026-04-02 13:07:00,365.24,365.55,365.24,365.43,2803.358011,365.4651,148,
2026-04-02 13:08:00,365.33,365.5,365.02,365.02,1171.0,365.3166,55,
2026-04-02 13:09:00,365.27,365.28,365.02,365.2,1647.041664,365.2361,78,
2026-04-02 13:10:00,365.2,365.2766,365.13,365.19,1549.0,365.1771,87,
2026-04-02 13:11:00,365.19,365.29,365.1531,365.23,2335.002544,365.24,80,
2026-04-02 13:12:00,365.28,365.32,365.25,365.3057,1871.0,365.2958,97,
2026-04-02 13:13:00,365.39,365.4,365.12,365.23,4221.672164,365.3567,159,
2026-04-02 13:14:00,365.3,365.4,365.3,365.34,1872.027277,365.3612,88,
2026-04-02 13:15:00,365.33,365.6,365.32,365.55,1976.39869,365.5012,109,
2026-04-02 13:16:00,365.53,365.64,365.47,365.47,4852.06269,365.5313,112,
2026-04-02 13:17:00,365.6,365.99,365.35,365.99,12489.013905,365.6583,268,
2026-04-02 13:18:00,365.911,365.92,365.67,365.67,2033.971327,366.0005,81,
2026-04-02 13:19:00,365.6532,365.88,365.6532,365.8,2390.952673,365.9669,55,
2026-04-02 13:20:00,365.69,365.88,365.61,365.88,2309.049116,365.7361,104,
2026-04-02 13:21:00,365.76,365.88,365.7112,365.82,3977.005466,365.8122,65,
2026-04-02 13:22:00,365.82,366.1,365.7913,365.98,7106.033161,365.984,193,
2026-04-02 13:23:00,365.96,365.98,365.5,365.75,3397.094182,365.8029,97,
2026-04-02 13:24:00,365.76,365.85,365.71,365.8119,1552.0,365.797,73,
2026-04-02 13:25:00,365.8,366.1498,365.8,365.96,1849.245126,366.0691,96,
2026-04-02 13:26:00,366.08,366.64,366.08,366.64,6595.587956,366.4728,254,
2026-04-02 13:27:00,366.66,367.0,366.0,366.97,8757.177726,366.5947,351,
2026-04-02 13:28:00,367.0,368.09,367.0,367.99,22877.476435,367.8316,706,
2026-04-02 13:29:00,368.05,368.65,367.23,367.23,8970.441315,368.092,352,
2026-04-02 13:30:00,367.205,367.61,365.34,366.17,573432.675185,367.0903,15302,
2026-04-02 13:31:00,366.35,366.48,365.09,365.76,122166.793346,365.7756,4107,
2026-04-02 13:32:00,365.76,365.84,364.54,364.68,169131.25749,365.0114,6176,
2026-04-02 13:33:00,364.7,366.0,364.44,365.88,105417.201604,365.2475,2973,
2026-04-02 13:34:00,365.81,366.105,365.5101,365.7814,76714.401908,365.8334,2904,
2026-04-02 13:35:00,365.795,366.05,365.2522,365.685,89396.338198,365.7119,2679,
2026-04-02 13:36:00,365.68,366.05,365.51,365.88,72579.300561,365.7696,2704,
2026-04-02 13:37:00,365.88,366.62,365.7901,366.2841,112277.8498,366.2896,2580,
2026-04-02 13:38:00,366.25,366.45,365.4,365.465,104062.402197,366.0695,2476,
2026-04-02 13:39:00,365.44,365.4699,364.96,365.41,80210.923434,365.1797,2257,
2026-04-02 13:40:00,365.41,365.61,364.77,364.78,101887.59619,365.2733,2678,
2026-04-02 13:41:00,364.76,364.88,364.51,364.835,73364.572345,364.7091,2012,
2026-04-02 13:42:00,364.8,364.85,364.15,364.39,72035.691937,364.4198,2917,
2026-04-02 13:43:00,364.42,364.8658,364.37,364.72,48882.075242,364.6563,2181,
2026-04-02 13:44:00,364.7,364.95,364.7,364.86,53072.73439,364.8612,2092,
2026-04-02 13:45:00,364.855,365.63,364.76,365.39,80388.27097,365.1652,3029,
2026-04-02 13:46:00,365.4499,365.78,365.11,365.545,82451.122782,365.5027,3735,
2026-04-02 13:47:00,365.52,365.64,364.9,364.91,81878.773348,365.3483,2702,
2026-04-02 13:48:00,364.9,365.0799,364.61,364.995,64682.426451,364.817,2421,
2026-04-02 13:49:00,364.995,365.55,364.94,365.23,58541.299465,365.2779,2171,
2026-04-02 13:50:00,365.1702,365.5,365.09,365.39,55716.056737,365.2661,2037,
2026-04-02 13:51:00,365.4,365.9,365.36,365.49,49495.709241,365.628,2107,
2026-04-02 13:52:00,365.51,365.65,365.34,365.56,68307.210282,365.5015,2304,
2026-04-02 13:53:00,365.5309,365.92,365.53,365.655,63202.651532,365.7191,2292,
2026-04-02 13:54:00,365.635,366.052,365.55,365.895,64971.768423,365.8774,2153,
2026-04-02 13:55:00,365.88,366.1099,365.76,366.0,46081.874205,365.9619,2003,
2026-04-02 13:56:00,366.01,366.0989,365.58,365.75,49324.678136,365.7962,2040,
2026-04-02 13:57:00,365.75,366.08,365.58,366.08,37160.343052,365.8005,1774,
2026-04-02 13:58:00,366.025,366.15,365.905,366.08,39031.617957,366.0229,1818,
2026-04-02 13:59:00,366.06,366.18,365.85,365.93,43030.267498,366.0383,2164,
2026-04-02 14:00:00,365.98,366.32,365.81,366.105,79844.178914,366.0377,3052,
2026-04-02 14:01:00,366.13,366.15,365.52,365.78,73128.446105,365.8507,2694,
2026-04-02 14:02:00,365.82,365.86,365.29,365.365,62685.333868,365.2619,2563,
2026-04-02 14:03:00,365.36,365.6,365.1001,365.49,48088.700868,365.3342,2220,
2026-04-02 14:04:00,365.52,365.5723,365.05,365.3462,45520.584861,365.3581,1914,
2026-04-02 14:05:00,365.35,365.49,365.04,365.44,39568.001604,365.2711,1978,
2026-04-02 14:06:00,365.39,366.14,365.37,366.14,61270.288396,365.7813,2208,
2026-04-02 14:07:00,366.16,366.32,365.94,366.145,47953.775219,366.1053,2166,
2026-04-02 14:08:00,366.16,366.34,365.98,366.06,48126.836195,366.1536,1958,
2026-04-02 14:09:00,366.045,366.2,365.775,365.91,26525.54194,365.961,1778,
2026-04-02 14:10:00,365.93,366.1,365.66,366.06,52562.384055,365.8944,2047,
2026-04-02 14:11:00,366.01,366.5,365.99,366.36,51014.818358,366.2982,2125,
2026-04-02 14:12:00,366.35,366.6,366.185,366.425,38892.255321,366.3708,2047,
2026-04-02 14:13:00,366.43,366.73,366.2201,366.6999,47168.048223,366.5433,1982,
2026-04-02 14:14:00,366.69,366.9,366.56,366.82,66270.247364,366.7487,1966,
2026-04-02 14:15:00,366.83,367.055,366.69,367.0152,80881.046303,366.8415,2423,
2026-04-02 14:16:00,366.985,367.2,366.66,366.68,46866.955256,366.8686,2194,
2026-04-02 14:17:00,366.66,366.85,366.52,366.795,36833.72411,366.6765,1731,
2026-04-02 14:18:00,366.775,366.96,366.64,366.76,35678.084712,366.7747,1839,
2026-04-02 14:19:00,366.74,366.99,366.15,366.51,160566.790321,366.565,8269,
2026-04-02 14:20:00,366.49,366.51,366.03,366.055,56123.164643,366.2527,2169,
2026-04-02 14:21:00,366.055,366.66,366.055,366.615,34703.881548,366.2962,1783,
2026-04-02 14:22:00,366.59,366.87,366.5001,366.7801,52245.28865,366.7271,1694,
2026-04-02 14:23:00,366.78,367.04,366.72,366.8517,70178.813949,366.9076,1533,
2026-04-02 14:24:00,366.93,366.93,366.6401,366.8247,42100.774813,366.7517,1667,
2026-04-02 14:25:00,366.84,366.87,366.185,366.5,349377.313984,366.7525,2165,
2026-04-02 14:26:00,366.49,366.83,366.47,366.66,30325.503121,366.6905,1618,
2026-04-02 14:27:00,366.6,366.965,366.5191,366.75,26589.722502,366.7734,1434,
2026-04-02 14:28:00,366.72,367.07,366.68,367.03,35651.380539,366.8546,1574,
2026-04-02 14:29:00,367.0,367.0299,366.6,366.705,41528.888994,366.8545,2000,
2026-04-02 14:30:00,366.63,366.8475,366.5366,366.8,37084.62891,366.6877,1721,
2026-04-02 14:31:00,366.86,367.0899,366.82,366.9493,65006.604501,366.96,1889,
2026-04-02 14:32:00,366.915,367.25,366.76,367.1678,70463.004388,366.9225,1821,
2026-04-02 14:33:00,367.1091,367.88,367.1091,367.83,49709.533043,367.5748,1999,
2026-04-02 14:34:00,367.82,368.1599,367.74,368.03,47481.376241,367.9659,1900,
2026-04-02 14:35:00,368.11,368.95,367.95,368.8242,76666.85978,368.3275,2483,
2026-04-02 14:36:00,368.82,370.6,368.68,370.105,143609.160248,369.7165,4867,
2026-04-02 14:37:00,370.0701,371.0586,369.81,370.675,143563.698613,370.5971,4236,
2026-04-02 14:38:00,370.675,370.675,369.21,369.56,159365.569308,369.721,3849,
2026-04-02 14:39:00,369.55,370.5,369.27,370.26,117704.160526,369.9113,2650,
2026-04-02 14:40:00,370.25,370.2999,369.41,369.705,50083.925403,369.7656,2121,
2026-04-02 14:41:00,369.72,370.0,369.095,369.45,62144.280424,369.4365,2147,
2026-04-02 14:42:00,369.435,369.89,369.42,369.575,64731.248344,369.6055,1993,
2026-04-02 14:43:00,369.56,370.1799,369.48,369.71,73848.559704,369.8447,2346,
2026-04-02 14:44:00,369.67,370.12,369.41,370.0401,100993.313602,369.7031,2211,
2026-04-02 14:45:00,370.04,370.37,369.9,370.19,39520.02848,370.1423,1801,
2026-04-02 14:46:00,370.17,370.17,369.73,369.74,39474.193465,369.9213,1763,
2026-04-02 14:47:00,369.7,369.9501,369.63,369.9,31561.815551,369.7733,1549,
2026-04-02 14:48:00,369.885,369.9,369.57,369.645,45158.489238,369.7313,1687,
2026-04-02 14:49:00,369.68,369.79,369.3,369.3,35106.129843,369.6304,1616,
2026-04-02 14:50:00,369.3,369.5599,369.09,369.27,42541.475425,369.3236,1750,
2026-04-02 14:51:00,369.31,369.35,368.7733,368.88,45731.256564,369.0011,1975,
2026-04-02 14:52:00,368.875,369.05,368.52,369.0351,56804.538435,368.8095,1983,
2026-04-02 14:53:00,369.045,369.27,368.82,368.96,30641.08323,368.9846,1440,
2026-04-02 14:54:00,368.96,369.23,368.96,369.13,22772.672199,369.1047,1363,
2026-04-02 14:55:00,369.2491,369.76,369.1211,369.6301,139170.951241,369.2446,1581,
2026-04-02 14:56:00,369.64,369.935,369.63,369.84,29788.086643,369.7797,1377,
2026-04-02 14:57:00,369.81,370.525,369.63,370.46,39482.88372,370.1724,1768,
2026-04-02 14:58:00,370.46,370.58,370.25,370.37,39358.921946,370.3795,1671,
2026-04-02 14:59:00,370.41,370.41,369.785,369.9993,25289.171028,370.0217,1472,
2026-04-02 15:00:00,369.92,370.13,369.3901,369.525,37108.817344,369.7907,1808,
2026-04-02 15:01:00,369.45,369.8,369.44,369.675,36036.176304,369.5942,1595,
2026-04-02 15:02:00,369.71,369.7787,369.46,369.52,28403.565736,369.5895,1471,
2026-04-02 15:03:00,369.5303,370.025,369.49,370.01,32776.784056,369.8115,1639,
2026-04-02 15:04:00,369.97,370.57,369.86,370.32,29896.235926,370.2447,1692,
2026-04-02 15:05:00,370.33,370.48,369.9,370.19,44211.068637,370.1372,1709,
2026-04-02 15:06:00,370.16,370.41,370.16,370.28,42931.381191,370.2688,1608,
2026-04-02 15:07:00,370.26,370.27,370.07,370.11,24694.719337,370.1833,1449,
2026-04-02 15:08:00,370.11,370.48,370.06,370.335,31172.341445,370.2747,1497,
2026-04-02 15:09:00,370.34,370.63,370.225,370.6,26897.755885,370.4552,1508,
2026-04-02 15:10:00,370.53,371.08,370.45,370.97,55538.960341,370.363,2138,
2026-04-02 15:11:00,370.94,371.07,370.8001,370.835,40912.309518,370.9257,1752,
2026-04-02 15:12:00,370.84,371.22,370.8,370.99,35250.135981,370.9951,1681,
2026-04-02 15:13:00,371.035,371.0899,370.78,370.82,26564.081471,370.8712,1464,
2026-04-02 15:14:00,370.79,370.805,370.39,370.7,29477.568471,370.6583,1546,
2026-04-02 15:15:00,370.72,370.785,370.57,370.715,45812.549632,370.6882,1586,
2026-04-02 15:16:00,370.715,370.84,370.63,370.78,31559.338908,370.7376,1403,
2026-04-02 15:17:00,370.89,370.89,370.32,370.32,26274.143061,370.6564,1594,
2026-04-02 15:18:00,370.31,370.585,370.1401,370.585,26308.147274,370.3525,1447,
2026-04-02 15:19:00,370.59,370.74,370.52,370.565,53748.442207,370.6125,1666,
2026-04-02 15:20:00,370.54,370.54,370.02,370.19,56801.811254,370.2525,2014,
2026-04-02 15:21:00,370.215,370.28,369.76,369.96,54372.461144,370.045,2103,
2026-04-02 15:22:00,369.965,370.22,369.89,369.91,44643.538462,370.023,1732,
2026-04-02 15:23:00,369.95,370.21,369.89,370.145,24882.516876,370.0744,1373,
2026-04-02 15:24:00,370.18,370.4499,370.18,370.375,28266.960036,370.3192,1470,
2026-04-02 15:25:00,370.41,370.41,370.1701,370.315,23056.680683,370.293,1346,
2026-04-02 15:26:00,370.32,370.75,370.23,370.69,44118.800416,370.5404,1825,
2026-04-02 15:27:00,370.675,370.855,370.49,370.855,27954.761036,370.6957,1454,
2026-04-02 15:28:00,370.85,371.07,370.71,370.81,36131.062358,370.8553,1586,
2026-04-02 15:29:00,370.82,370.86,370.55,370.81,50235.916562,370.7116,1534,
2026-04-02 15:30:00,370.85,370.99,370.52,370.8,39587.922832,370.7931,1640,
2026-04-02 15:31:00,370.815,370.815,370.445,370.64,38758.081141,370.6383,1482,
2026-04-02 15:32:00,370.64,370.8,370.51,370.66,35362.947473,370.663,1456,
2026-04-02 15:33:00,370.67,370.67,370.375,370.41,21051.721902,370.5254,1293,
2026-04-02 15:34:00,370.41,370.66,370.31,370.65,56802.464916,370.5745,1949,
2026-04-02 15:35:00,370.65,370.85,370.595,370.77,106865.985555,370.6677,2067,
2026-04-02 15:36:00,370.77,370.87,370.7101,370.85,33094.922386,370.7847,1392,
2026-04-02 15:37:00,370.83,371.3,370.775,371.035,52083.313357,371.0904,1663,
2026-04-02 15:38:00,371.01,371.07,370.73,370.865,22773.560948,370.8921,1354,
2026-04-02 15:39:00,370.86,370.9694,370.64,370.79,17764.006639,370.8107,850,
2026-04-02 15:40:00,370.78,370.93,370.5,370.715,37685.11726,370.7384,981,
2026-04-02 15:41:00,370.7,370.78,370.4796,370.6462,131653.619108,370.6518,1021,
2026-04-02 15:42:00,370.66,370.87,370.57,370.86,25763.598372,370.725,893,
2026-04-02 15:43:00,370.88,371.0699,370.7,370.845,43262.206319,370.9101,1266,
2026-04-02 15:44:00,370.84,371.25,370.8,371.145,41024.254482,371.0297,1072,
2026-04-02 15:45:00,371.145,371.1801,370.535,370.535,27301.660882,370.8573,1009,
2026-04-02 15:46:00,370.535,370.79,370.43,370.7,31118.585193,370.5618,1018,
2026-04-02 15:47:00,370.64,370.675,370.485,370.565,26026.386091,370.5656,826,
2026-04-02 15:48:00,370.525,370.7,370.26,370.31,31386.485973,370.4708,989,
2026-04-02 15:49:00,370.315,370.4075,370.02,370.12,40538.804103,370.2611,985,
2026-04-02 15:50:00,370.12,370.14,369.55,369.765,52716.981934,369.8179,1559,
2026-04-02 15:51:00,369.76,369.87,369.54,369.69,26237.749405,369.7045,905,
2026-04-02 15:52:00,369.705,370.03,369.705,369.99,36324.634086,369.8344,939,
2026-04-02 15:53:00,369.97,370.04,369.84,369.885,18914.675171,369.9562,727,
2026-04-02 15:54:00,369.88,370.6,369.87,370.485,27504.355608,370.2311,982,
2026-04-02 15:55:00,370.45,370.68,370.3125,370.68,25922.887001,370.4686,888,
2026-04-02 15:56:00,370.65,370.65,370.35,370.35,15662.112229,370.5172,732,
2026-04-02 15:57:00,370.32,370.364,370.0,370.1,19768.53537,370.1796,791,
2026-04-02 15:58:00,370.08,370.24,370.051,370.2,17867.836273,370.18,669,
2026-04-02 15:59:00,370.17,370.38,370.17,370.3,17920.109363,370.2915,714,
2026-04-02 16:00:00,370.33,370.35,370.12,370.145,22792.595706,370.2287,797,
2026-04-02 16:01:00,370.2,370.5,370.11,370.43,21970.3782,370.3171,706,
2026-04-02 16:02:00,370.43,370.43,370.16,370.3087,15781.814665,370.329,666,
2026-04-02 16:03:00,370.23,370.265,370.14,370.2282,17657.413647,370.2232,735,
2026-04-02 16:04:00,370.205,370.205,369.93,370.01,17941.349283,370.0658,779,
2026-04-02 16:05:00,370.0,370.192,369.98,370.11,15930.296588,370.1343,651,
2026-04-02 16:06:00,370.1,370.1,369.89,369.9396,14898.505676,369.991,770,
2026-04-02 16:07:00,369.9,369.9,369.63,369.6699,12314.984628,369.7878,786,
2026-04-02 16:08:00,369.65,369.7,369.41,369.4816,29448.746693,369.5823,1199,
2026-04-02 16:09:00,369.49,369.85,369.49,369.84,17811.979242,369.7032,819,
2026-04-02 16:10:00,369.8451,369.92,369.64,369.64,18043.646158,369.7826,724,
2026-04-02 16:11:00,369.6799,369.8,369.54,369.71,29069.704121,369.7095,752,
2026-04-02 16:12:00,369.745,369.93,369.745,369.81,23360.214956,369.8234,791,
2026-04-02 16:13:00,369.795,370.1,369.73,370.0751,20639.387329,369.9367,758,
2026-04-02 16:14:00,370.065,370.065,369.86,369.9014,18622.182968,369.9472,697,
2026-04-02 16:15:00,369.87,369.9,369.65,369.83,19460.491109,369.8027,724,
2026-04-02 16:16:00,369.84,370.11,369.79,369.89,29153.486638,369.9845,967,
2026-04-02 16:17:00,369.91,370.02,369.81,369.915,15603.075302,369.9342,759,
2026-04-02 16:18:00,369.915,370.05,369.8,369.9,17443.060139,369.9481,657,
2026-04-02 16:19:00,369.94,369.96,369.67,369.74,19130.372789,369.8327,800,
2026-04-02 16:20:00,369.67,369.71,369.395,369.58,25189.245974,369.5377,825,
2026-04-02 16:21:00,369.55,369.9989,369.55,369.92,21139.758596,369.81,840,
2026-04-02 16:22:00,369.8888,370.12,369.8888,369.95,28790.711915,370.0059,867,
2026-04-02 16:23:00,369.951,370.12,369.775,369.865,29450.902181,369.9882,817,
2026-04-02 16:24:00,369.865,369.93,369.66,369.66,17043.645745,369.8558,764,
2026-04-02 16:25:00,369.66,369.75,369.5,369.55,40978.585835,369.6168,989,
2026-04-02 16:26:00,369.545,369.81,369.545,369.745,16569.632457,369.7295,575,
2026-04-02 16:27:00,369.77,369.82,369.63,369.735,18282.173092,369.7319,793,
2026-04-02 16:28:00,369.76,370.05,369.7246,369.93,32225.720023,369.9342,858,
2026-04-02 16:29:00,369.9,370.01,369.69,369.7471,31928.522556,369.8969,815,
2026-04-02 16:30:00,369.735,369.83,369.54,369.5536,20159.383734,369.692,737,
2026-04-02 16:31:00,369.56,369.87,369.465,369.81,22802.352126,369.6362,651,
2026-04-02 16:32:00,369.79,370.35,369.7601,370.34,30227.304217,370.1299,1062,
2026-04-02 16:33:00,370.3,370.56,370.25,370.37,23052.175457,370.4149,827,
2026-04-02 16:34:00,370.365,370.44,370.23,370.28,24545.2441,370.3543,882,
2026-04-02 16:35:00,370.27,370.44,370.27,370.41,21542.879308,370.356,594,
2026-04-02 16:36:00,370.41,370.44,370.0366,370.31,25026.617841,370.2364,865,
2026-04-02 16:37:00,370.31,370.47,370.225,370.39,14656.395068,370.3785,592,
2026-04-02 16:38:00,370.39,370.41,369.97,370.205,29420.078715,370.1269,895,
2026-04-02 16:39:00,370.2,370.4,370.13,370.3,27415.967619,370.265,807,
2026-04-02 16:40:00,370.28,371.39,370.27,370.97,67972.721407,370.907,2702,
2026-04-02 16:41:00,370.96,370.96,370.64,370.75,24624.824321,370.7658,711,
2026-04-02 16:42:00,370.75,370.96,370.71,370.9,14048.87904,370.8459,589,
2026-04-02 16:43:00,370.88,371.001,370.8,370.98,16700.269186,370.8975,661,
2026-04-02 16:44:00,370.93,371.2299,370.93,371.15,21191.126811,371.1031,795,
2026-04-02 16:45:00,371.18,371.3297,371.1,371.2858,28793.777105,371.1959,807,
2026-04-02 16:46:00,371.25,371.37,371.16,371.205,20791.415308,371.2826,708,
2026-04-02 16:47:00,371.19,371.25,371.08,371.18,14214.398025,371.1709,641,
2026-04-02 16:48:00,371.16,371.22,370.96,371.21,27100.78974,371.1179,857,
2026-04-02 16:49:00,371.223,371.46,371.21,371.45,41715.197497,371.3013,988,
2026-04-02 16:50:00,371.44,371.67,371.41,371.53,42524.890725,371.5626,1000,
2026-04-02 16:51:00,371.515,371.515,371.3701,371.395,25456.97576,371.455,715,
2026-04-02 16:52:00,371.41,371.6,371.38,371.43,24239.567964,371.5198,721,
2026-04-02 16:53:00,371.4427,371.57,371.42,371.535,22133.141062,371.5174,653,
2026-04-02 16:54:00,371.57,371.68,371.43,371.43,25984.317295,371.546,650,
2026-04-02 16:55:00,371.445,371.445,371.24,371.31,20933.200312,371.3595,625,
2026-04-02 16:56:00,371.28,371.305,371.14,371.25,31857.414965,371.2671,661,
2026-04-02 16:57:00,371.23,371.39,371.2,371.2,23195.755593,371.3016,607,
2026-04-02 16:58:00,371.2,371.3,371.1,371.25,18328.228031,371.1986,653,
2026-04-02 16:59:00,371.25,371.33,371.0,371.02,14740.462369,371.1667,677,
2026-04-02 17:00:00,371.04,371.13,370.71,370.72,22704.798968,370.961,853,
2026-04-02 17:01:00,370.79,370.89,370.66,370.73,22934.89861,370.7856,762,
2026-04-02 17:02:00,370.71,370.8,370.603,370.74,14112.014839,370.7074,667,
2026-04-02 17:03:00,370.74,371.065,370.73,371.0,267379.233626,370.7218,724,
2026-04-02 17:04:00,371.01,371.07,370.82,370.855,18606.185717,370.9169,644,
2026-04-02 17:05:00,370.84,370.92,370.64,370.906,12907.84227,370.827,608,
2026-04-02 17:06:00,370.925,370.925,370.695,370.855,17050.711873,370.856,693,
2026-04-02 17:07:00,370.9,371.03,370.84,370.95,31081.044019,370.9162,612,
2026-04-02 17:08:00,370.92,370.92,370.64,370.71,37726.406527,370.7816,736,
2026-04-02 17:09:00,370.685,370.81,370.5801,370.79,24469.230742,370.6696,653,
2026-04-02 17:10:00,370.79,370.83,370.69,370.72,30682.072645,370.7565,728,
2026-04-02 17:11:00,370.71,370.84,370.57,370.57,42627.458361,370.7485,906,
2026-04-02 17:12:00,370.61,370.775,370.485,370.775,35679.793659,370.617,689,
2026-04-02 17:13:00,370.765,371.17,370.7001,371.16,45258.146237,370.8371,1069,
2026-04-02 17:14:00,371.15,371.3499,371.14,371.3187,26240.195077,371.2669,722,
2026-04-02 17:15:00,371.3,371.49,371.2801,371.46,66045.9621,371.3823,1129,
2026-04-02 17:16:00,371.46,371.84,371.44,371.68,50070.104758,371.5539,971,
2026-04-02 17:17:00,371.62,371.63,371.4,371.51,20797.541188,371.5334,679,
2026-04-02 17:18:00,371.505,371.59,371.42,371.457,14084.514934,371.5269,549,
2026-04-02 17:19:00,371.5,371.65,371.5,371.63,18582.52154,371.5937,630,
2026-04-02 17:20:00,371.625,371.8799,371.55,371.82,33971.198546,371.6591,748,
2026-04-02 17:21:00,371.82,371.82,371.62,371.6906,23582.769119,371.6938,642,
2026-04-02 17:22:00,371.64,371.8,371.55,371.73,16582.395388,371.6793,612,
2026-04-02 17:23:00,371.76,371.88,371.7,371.8499,37210.314776,371.8104,924,
2026-04-02 17:24:00,371.87,371.89,371.67,371.67,24225.320471,371.7606,692,
2026-04-02 17:25:00,371.68,371.85,371.6,371.72,20157.712805,371.7142,642,
2026-04-02 17:26:00,371.69,371.716,371.5201,371.54,14501.110556,371.6293,601,
2026-04-02 17:27:00,371.54,371.6899,371.475,371.646,18799.703603,371.5793,666,
2026-04-02 17:28:00,371.66,371.665,371.54,371.62,16013.763904,371.6406,646,
2026-04-02 17:29:00,371.61,371.65,371.53,371.58,14461.651741,371.6026,523,
2026-04-02 17:30:00,371.6,371.82,371.595,371.8199,32360.423254,371.6926,892,
2026-04-02 17:31:00,371.82,371.84,371.46,371.54,17177.217041,371.7068,794,
2026-04-02 17:32:00,371.56,371.7,371.56,371.69,16923.735099,371.668,623,
2026-04-02 17:33:00,371.6872,371.79,371.58,371.62,25328.061032,371.6738,750,
2026-04-02 17:34:00,371.63,371.72,371.58,371.655,19915.882415,371.6734,732,
2026-04-02 17:35:00,371.655,371.66,371.47,371.515,17846.835142,371.5891,668,
2026-04-02 17:36:00,371.53,371.6599,371.51,371.62,29327.577087,371.5982,682,
2026-04-02 17:37:00,371.63,371.68,371.5201,371.5707,16629.257163,371.6028,622,
2026-04-02 17:38:00,371.59,371.61,371.49,371.57,16566.282383,371.5649,683,
2026-04-02 17:39:00,371.55,371.75,371.54,371.73,17819.312391,371.6409,604,
2026-04-02 17:40:00,371.71,371.83,371.64,371.6725,40317.944236,371.7588,863,
2026-04-02 17:41:00,371.65,371.74,371.4,371.43,32170.423981,371.6027,977,
2026-04-02 17:42:00,371.46,371.61,371.3,371.535,28398.289406,371.4131,753,
2026-04-02 17:43:00,371.54,371.64,371.45,371.52,34713.504775,371.5271,766,
2026-04-02 17:44:00,371.5399,371.6,371.4701,371.54,27795.621658,371.544,696,
2026-04-02 17:45:00,371.55,371.61,371.15,371.15,23893.268948,371.4275,827,
2026-04-02 17:46:00,371.15,371.25,370.9,371.11,36663.813613,371.101,1020,
2026-04-02 17:47:00,371.09,371.1527,370.75,370.8399,21753.389538,371.0237,831,
2026-04-02 17:48:00,370.82,370.8499,370.5701,370.62,47536.88252,370.7169,2116,
2026-04-02 17:49:00,370.635,370.76,370.51,370.63,27184.16843,370.612,1289,
2026-04-02 17:50:00,370.6191,370.85,370.61,370.76,40771.022497,370.7625,911,
2026-04-02 17:51:00,370.73,370.8775,370.68,370.72,23577.937849,370.7831,711,
2026-04-02 17:52:00,370.69,370.78,370.5501,370.67,25629.055362,370.6657,778,
2026-04-02 17:53:00,370.7,370.97,370.69,370.76,42838.198091,370.8259,808,
2026-04-02 17:54:00,370.76,370.93,370.755,370.87,10922.037014,370.8389,459,
2026-04-02 17:55:00,370.9,370.9994,370.68,370.78,24968.36656,370.8705,785,
2026-04-02 17:56:00,370.775,370.9,370.72,370.86,16452.433369,370.8077,523,
2026-04-02 17:57:00,370.85,370.865,370.715,370.72,22487.089407,370.7927,603,
2026-04-02 17:58:00,370.715,370.766,370.62,370.6901,24354.333907,370.6949,645,
2026-04-02 17:59:00,370.72,370.9,370.71,370.8599,17615.927306,370.8444,665,
2026-04-02 18:00:00,370.875,371.075,370.86,371.0,26095.107366,370.9635,880,
2026-04-02 18:01:00,370.975,371.1,370.97,371.03,28501.263827,371.0302,698,
2026-04-02 18:02:00,371.005,371.005,370.83,370.95,18756.612718,370.9255,706,
2026-04-02 18:03:00,370.96,371.21,370.92,371.155,23197.645944,371.1298,786,
2026-04-02 18:04:00,371.155,371.39,371.155,371.39,21662.621448,371.2576,597,
2026-04-02 18:05:00,371.37,371.679,371.315,371.5308,41991.789133,371.5364,1172,
2026-04-02 18:06:00,371.545,371.59,371.2501,371.575,35007.782274,371.463,906,
2026-04-02 18:07:00,371.575,371.61,371.3786,371.43,26602.729189,371.499,607,
2026-04-02 18:08:00,371.44,371.54,371.32,371.4,28234.725707,371.4296,767,
2026-04-02 18:09:00,371.38,371.4799,371.26,371.3201,14695.810755,371.3817,587,
2026-04-02 18:10:00,371.33,371.55,371.24,371.5,37611.592277,371.4071,969,
2026-04-02 18:11:00,371.51,371.6099,371.45,371.47,16904.469649,371.5243,611,
2026-04-02 18:12:00,371.47,371.47,371.24,371.41,18930.67024,371.3838,590,
2026-04-02 18:13:00,371.385,371.42,371.28,371.305,13965.350785,371.3661,572,
2026-04-02 18:14:00,371.3,371.3999,371.24,371.31,21079.288138,371.3288,643,
2026-04-02 18:15:00,371.31,371.37,371.11,371.145,22737.127315,371.2905,811,
2026-04-02 18:16:00,371.14,371.33,371.11,371.315,14939.448831,371.2577,575,
2026-04-02 18:17:00,371.315,371.32,371.22,371.3,10828.141992,371.2914,486,
2026-04-02 18:18:00,371.2531,371.355,371.2302,371.305,13120.07499,371.2908,541,
2026-04-02 18:19:00,371.31,371.365,371.15,371.32,17840.37842,371.281,743,
2026-04-02 18:20:00,371.296,371.37,371.18,371.29,23830.485096,371.2555,671,
2026-04-02 18:21:00,371.26,371.36,371.2,371.305,19319.890342,371.2884,553,
2026-04-02 18:22:00,371.28,371.5,371.27,371.5,17243.526724,371.3796,593,
2026-04-02 18:23:00,371.5,371.545,371.32,371.3601,39993.006119,371.4188,1053,
2026-04-02 18:24:00,371.365,371.45,371.12,371.12,42334.31125,371.3283,1080,
2026-04-02 18:25:00,371.12,371.17,370.94,371.09,22812.003142,371.0539,821,
2026-04-02 18:26:00,371.1,371.12,370.96,371.0,18143.261522,371.0448,650,
2026-04-02 18:27:00,371.03,371.159,371.01,371.12,21197.193825,371.0853,658,
2026-04-02 18:28:00,371.12,371.25,371.05,371.11,15585.766657,371.1627,627,
2026-04-02 18:29:00,371.1296,371.14,370.96,371.0494,24714.591377,371.0764,730,
2026-04-02 18:30:00,371.02,371.25,371.0176,371.24,17999.300459,371.1349,732,
2026-04-02 18:31:00,371.26,371.2607,371.08,371.125,33814.590627,371.1716,883,
2026-04-02 18:32:00,371.125,371.23,371.06,371.105,23185.795117,371.165,774,
2026-04-02 18:33:00,371.1,371.33,371.07,371.325,33700.545713,371.1583,913,
2026-04-02 18:34:00,371.34,371.43,371.32,371.38,23967.561237,371.3713,831,
2026-04-02 18:35:00,371.38,371.53,371.33,371.33,24710.848799,371.4072,773,
2026-04-02 18:36:00,371.33,371.42,371.2601,371.42,35720.276338,371.3444,796,
2026-04-02 18:37:00,371.395,371.43,371.32,371.4,25775.149355,371.391,706,
2026-04-02 18:38:00,371.38,371.38,371.16,371.16,15777.422156,371.2636,622,
2026-04-02 18:39:00,371.18,371.24,370.92,371.07,51349.748221,371.0713,1073,
2026-04-02 18:40:00,371.02,371.44,371.02,371.4,42792.182182,371.289,906,
2026-04-02 18:41:00,371.385,371.61,371.34,371.48,46296.082632,371.4083,885,
2026-04-02 18:42:00,371.5,371.5,371.33,371.425,15912.557864,371.4093,624,
2026-04-02 18:43:00,371.425,371.425,371.3,371.38,19708.52968,371.3593,654,
2026-04-02 18:44:00,371.378,371.6097,371.378,371.6097,20223.947571,371.5383,705,
2026-04-02 18:45:00,371.59,371.6,371.41,371.46,27843.594587,371.4927,836,
2026-04-02 18:46:00,371.47,371.5299,371.4001,371.48,37877.718861,371.4732,967,
2026-04-02 18:47:00,371.49,371.49,371.3,371.4008,28411.181104,371.392,850,
2026-04-02 18:48:00,371.4001,371.4001,371.085,371.095,27560.018675,371.2746,867,
2026-04-02 18:49:00,371.11,371.285,371.08,371.23,31719.281833,371.2298,802,
2026-04-02 18:50:00,371.2257,371.32,371.11,371.1447,29010.245107,371.2152,931,
2026-04-02 18:51:00,371.15,371.255,371.095,371.215,15840.389335,371.1943,640,
2026-04-02 18:52:00,371.22,371.47,371.22,371.42,31530.891253,371.3929,903,
2026-04-02 18:53:00,371.46,371.69,371.41,371.54,36889.365707,371.4995,892,
2026-04-02 18:54:00,371.53,371.56,371.39,371.47,23538.140027,371.4785,768,
2026-04-02 18:55:00,371.45,371.45,371.25,371.28,19257.040882,371.3656,715,
2026-04-02 18:56:00,371.29,371.38,371.2,371.2499,34630.411165,371.2896,738,
2026-04-02 18:57:00,371.27,371.3271,371.255,371.275,15108.373833,371.3079,637,
2026-04-02 18:58:00,371.275,371.41,371.2326,371.32,25544.581932,371.3292,890,
2026-04-02 18:59:00,371.34,371.36,371.2607,371.36,20672.849029,371.3339,741,
2026-04-02 19:00:00,371.38,371.41,371.2,371.23,31209.964092,371.3357,962,
2026-04-02 19:01:00,371.2,371.23,370.85,370.95,70721.595332,371.0597,1739,
2026-04-02 19:02:00,370.935,371.09,370.935,371.014,42366.319407,371.0552,956,
2026-04-02 19:03:00,370.99,371.23,370.87,371.215,69789.151745,370.9986,1610,
2026-04-02 19:04:00,371.2,371.21,371.06,371.15,21723.916904,371.1678,831,
2026-04-02 19:05:00,371.14,371.4699,371.11,371.29,41332.213999,371.2988,957,
2026-04-02 19:06:00,371.285,371.36,371.22,371.3178,14237.464624,371.2883,609,
2026-04-02 19:07:00,371.3336,371.54,371.14,371.5179,44843.650806,371.3821,935,
2026-04-02 19:08:00,371.515,371.515,371.3,371.3799,30031.898128,371.4094,825,
2026-04-02 19:09:00,371.37,371.4,371.14,371.18,34460.053677,371.3028,860,
2026-04-02 19:10:00,371.1825,371.29,371.13,371.29,22480.968296,371.218,787,
2026-04-02 19:11:00,371.265,371.43,371.26,371.42,22913.18656,371.3517,764,
2026-04-02 19:12:00,371.42,371.5,371.32,371.46,21061.410076,371.4179,733,
2026-04-02 19:13:00,371.45,371.46,371.34,371.37,25672.750441,371.4144,770,
2026-04-02 19:14:00,371.375,371.39,371.14,371.2,24997.065537,371.2611,944,
2026-04-02 19:15:00,371.195,371.36,371.09,371.15,52573.068537,371.2265,1054,
2026-04-02 19:16:00,371.13,371.1599,370.87,370.9475,48145.501315,370.9991,1095,
2026-04-02 19:17:00,370.9588,371.06,370.94,371.05,27162.620475,371.0149,943,
2026-04-02 19:18:00,371.05,371.08,370.9551,371.0,24523.416134,371.0348,836,
2026-04-02 19:19:00,370.995,371.11,370.9544,371.0499,19534.315135,371.0559,777,
2026-04-02 19:20:00,371.05,371.05,370.925,370.98,22363.655792,371.0111,793,
2026-04-02 19:21:00,370.97,371.04,370.85,370.875,35006.7673,370.9676,1124,
2026-04-02 19:22:00,370.875,372.9,370.725,372.79,300202.146088,371.6851,6448,
2026-04-02 19:23:00,372.795,373.2,372.18,372.4101,266711.572822,372.6747,5119,
2026-04-02 19:24:00,372.41,372.73,372.245,372.275,155629.498628,372.4597,2585,
2026-04-02 19:25:00,372.27,372.27,371.66,371.78,96363.762927,371.9858,2004,
2026-04-02 19:26:00,371.76,372.4,371.72,372.38,128622.993552,372.1394,2141,
2026-04-02 19:27:00,372.355,372.63,372.22,372.36,82617.458156,372.3935,1563,
2026-04-02 19:28:00,372.36,372.47,371.87,371.9,79266.486878,372.2092,1628,
2026-04-02 19:29:00,371.9,372.59,371.78,372.5799,90695.13779,372.2002,1947,
2026-04-02 19:30:00,372.58,372.72,372.36,372.47,85441.080666,372.5588,1794,
2026-04-02 19:31:00,372.475,372.91,372.44,372.78,94117.651629,372.6861,1841,
2026-04-02 19:32:00,372.7883,372.95,372.31,372.6215,80444.617992,372.5335,1701,
2026-04-02 19:33:00,372.65,372.805,372.0901,372.155,149460.360765,372.4994,1698,
2026-04-02 19:34:00,372.155,372.33,372.08,372.235,50864.032837,372.1785,1300,
2026-04-02 19:35:00,372.23,372.68,372.23,372.6,59095.654785,372.4641,1418,
2026-04-02 19:36:00,372.595,373.16,372.595,372.85,162566.246369,372.9404,3284,
2026-04-02 19:37:00,372.85,372.8899,372.35,372.35,64272.859561,372.5739,1352,
2026-04-02 19:38:00,372.36,372.579,372.18,372.385,55779.424957,372.3629,1307,
2026-04-02 19:39:00,372.395,372.64,372.361,372.635,37394.68881,372.5457,1061,
2026-04-02 19:40:00,372.65,373.13,372.65,373.08,80008.048915,372.9269,1751,
2026-04-02 19:41:00,373.09,373.09,372.645,372.73,82153.022524,372.7934,1675,
2026-04-02 19:42:00,372.72,372.75,372.19,372.19,49962.809124,372.497,1403,
2026-04-02 19:43:00,372.19,372.45,372.1501,372.21,72376.356098,372.301,1552,
2026-04-02 19:44:00,372.1951,372.3,372.08,372.27,63231.188209,372.1884,1473,
2026-04-02 19:45:00,372.25,372.35,372.11,372.15,44462.820055,372.2477,1332,
2026-04-02 19:46:00,372.16,372.29,372.0101,372.23,85457.484602,372.1417,1595,
2026-04-02 19:47:00,372.25,372.37,372.23,372.34,48006.821787,372.3042,1198,
2026-04-02 19:48:00,372.34,372.43,372.22,372.305,55722.816026,372.335,1594,
2026-04-02 19:49:00,372.31,372.44,372.19,372.255,62645.184671,372.3353,1638,
2026-04-02 19:50:00,372.28,372.78,372.28,372.6,102122.388584,372.5231,2607,
2026-04-02 19:51:00,372.59,372.6,372.4,372.43,59962.113374,372.5074,1573,
2026-04-02 19:52:00,372.44,372.57,372.34,372.53,83269.354961,372.4615,2090,
2026-04-02 19:53:00,372.52,372.57,372.33,372.47,85230.260102,372.4333,2501,
2026-04-02 19:54:00,372.46,372.8,372.45,372.635,83871.773426,372.6493,2385,
2026-04-02 19:55:00,372.635,373.12,372.595,372.93,107013.306544,372.8885,2863,
2026-04-02 19:56:00,372.92,372.93,372.75,372.82,113880.641997,372.8318,2637,
2026-04-02 19:57:00,372.82,373.16,372.73,373.11,127294.963152,372.9142,3038,
2026-04-02 19:58:00,373.1,373.26,373.04,373.1,181815.761919,373.1645,4012,
2026-04-02 19:59:00,373.1,373.64,373.02,373.5,460573.871827,373.3521,9496,
2026-04-02 20:00:00,373.46,373.55,373.27,373.27,163874.91425,373.4612,224,
2026-04-02 20:01:00,373.31,373.49,373.31,373.45,4955.841486,373.4555,172,
2026-04-02 20:02:00,373.39,373.41,373.34,373.34,1216.30268,373.4714,55,
2026-04-02 20:03:00,373.3001,373.5,373.3001,373.5,2276.706511,373.5447,107,
2026-04-02 20:04:00,373.47,373.4976,373.46,373.46,3020.09156,373.4759,90,
2026-04-02 20:05:00,373.48,373.48,373.34,373.36,35869.5,373.4475,114,
2026-04-02 20:06:00,373.35,373.8,373.33,373.49,5735.045356,373.4235,161,
2026-04-02 20:07:00,373.54,373.64,373.54,373.55,1917.504886,373.6924,76,
2026-04-02 20:08:00,373.59,373.59,373.45,373.45,7041.002677,373.4686,60,
2026-04-02 20:09:00,373.4182,373.46,373.41,373.4452,856.004016,373.4395,43,
2026-04-02 20:10:00,373.48,373.48,373.44,373.45,1667.181916,373.503,91,
2026-04-02 20:11:00,373.51,373.51,373.49,373.49,611.068665,373.5383,52,
2026-04-02 20:12:00,373.4568,373.55,373.45,373.55,815.0,373.4993,52,
2026-04-02 20:13:00,373.47,373.47,373.45,373.47,360.742673,374.2501,35,
2026-04-02 20:14:00,373.58,373.6,373.5,373.6,1309.464622,373.7181,54,
2026-04-02 20:15:00,373.55,373.7,373.4956,373.5546,3327.267702,373.6105,76,
2026-04-02 20:16:00,373.5503,373.56,373.45,373.45,2294.220796,373.5437,79,
2026-04-02 20:17:00,373.55,373.55,373.42,373.55,865.14589,373.5832,70,
2026-04-02 20:18:00,373.5565,373.5991,373.5565,373.5991,787.053533,373.6144,29,
2026-04-02 20:19:00,373.6,373.94,373.6,373.94,2994.92,373.8891,119,
2026-04-02 20:20:00,373.76,373.99,373.76,373.99,484.0,373.8002,39,
2026-04-02 20:21:00,373.68,373.7,373.66,373.7,581.0,373.6896,40,
2026-04-02 20:23:00,373.71,373.71,373.65,373.65,1045.013326,373.6846,50,
2026-04-02 20:24:00,373.64,373.749,373.62,373.749,3756.087368,373.6687,43,
2026-04-02 20:25:00,373.74,373.83,373.71,373.8298,1607.282272,373.8512,60,
2026-04-02 20:26:00,373.83,373.84,373.81,373.83,946.164355,373.8931,66,
2026-04-02 20:27:00,373.8,373.88,373.8,373.88,3219.07185,373.839,106,
2026-04-02 20:28:00,373.88,373.98,373.88,373.9008,1484.170623,373.9921,67,
2026-04-02 20:29:00,373.98,374.25,372.71,373.88,19093.184239,373.6819,621,
2026-04-02 20:30:00,374.0,374.0,373.8,373.8,532.489405,374.2564,37,
2026-04-02 20:31:00,373.9,374.03,373.89,374.03,2785.0,373.977,49,
2026-04-02 20:32:00,373.99,373.99,373.9,373.9,1441.323649,373.9961,38,
2026-04-02 20:33:00,373.9,373.95,373.9,373.901,1608.0,373.9091,65,
2026-04-02 20:34:00,373.91,373.92,373.91,373.92,763.000731,373.8745,71,
2026-04-02 20:35:00,373.8,373.8,373.8,373.8,463.657144,374.3424,48,
2026-04-02 20:36:00,373.75,373.82,373.75,373.82,1378.026748,373.7849,49,
2026-04-02 20:37:00,373.85,373.85,373.5325,373.5325,2033.0,373.7477,51,
2026-04-02 20:38:00,373.7,373.75,373.7,373.75,1188.383253,373.8424,73,
2026-04-02 20:39:00,373.8,373.8,373.2,373.41,5900.012013,373.372,142,
2026-04-02 20:40:00,373.6,373.64,373.6,373.63,1327.976225,373.8941,44,
2026-04-02 20:41:00,373.7344,373.7344,373.7344,373.7344,276.08008,373.7869,27,
2026-04-02 20:42:00,373.64,373.64,373.64,373.64,426.053994,373.7098,26,
2026-04-02 20:43:00,373.7,373.7,373.7,373.7,449.788184,374.3838,36,
2026-04-02 20:44:00,373.88,373.88,373.77,373.77,943.034153,373.8429,57,
2026-04-02 20:46:00,373.85,373.85,373.8406,373.85,542.026722,373.8474,31,
2026-04-02 20:47:00,373.8333,373.85,373.8333,373.85,309.189018,374.0571,33,
2026-04-02 20:48:00,373.8,373.8292,373.8,373.8292,1591.0,373.8063,45,
2026-04-02 20:49:00,373.72,373.78,373.7,373.7,840.0,373.7186,48,
2026-04-02 20:50:00,373.7,373.71,373.6,373.6055,3179.010703,373.6071,34,
2026-04-02 20:51:00,373.55,373.62,373.55,373.62,691.0,373.5996,42,
2026-04-02 20:52:00,373.7052,373.71,373.7,373.71,1616.0,373.7065,56,
2026-04-02 20:53:00,373.75,373.79,373.71,373.71,904.220587,373.832,38,
2026-04-02 20:54:00,373.71,373.81,373.71,373.81,1654.017818,373.7659,57,
2026-04-02 20:55:00,373.83,374.0195,373.83,374.0195,2039.017925,373.9536,94,
2026-04-02 20:56:00,374.0,374.0,373.8215,373.9,1421.009651,373.9481,35,
2026-04-02 20:57:00,373.8173,373.91,373.8173,373.9,1008.0,373.8973,34,
2026-04-02 20:58:00,373.93,374.15,373.93,374.15,1847.767576,374.2829,39,
2026-04-02 20:59:00,374.15,374.163,374.1305,374.1305,537.798143,374.7141,28,
2026-04-02 21:00:00,374.0,374.0075,374.0,374.0075,641.016308,374.0185,41,
2026-04-02 21:01:00,374.087,374.087,373.99,374.0104,868.0,376.1831,32,
2026-04-02 21:02:00,374.0776,374.0776,374.0001,374.0001,315.010799,374.0325,65,
2026-04-02 21:03:00,374.0696,374.0748,374.0696,374.0748,231.207249,374.3864,20,
2026-04-02 21:04:00,374.08,374.1,374.08,374.1,268.032371,374.113,26,
2026-04-02 21:05:00,374.03,374.03,374.03,374.03,294.0,374.0288,19,
2026-04-02 21:06:00,374.0,374.0,374.0,374.0,1062.0,374.0059,65,
2026-04-02 21:07:00,374.0,374.0,373.99,373.99,294.2992,374.3289,32,
2026-04-02 21:08:00,373.93,373.93,373.9,373.9,339.0,373.8802,20,
2026-04-02 21:09:00,373.81,373.81,373.79,373.79,1474.0,373.7923,45,
2026-04-02 21:10:00,373.78,373.79,373.71,373.74,792.21037,373.8593,53,
2026-04-02 21:11:00,373.711,373.74,373.71,373.71,1016.008507,373.7216,30,
2026-04-02 21:12:00,373.72,373.72,373.71,373.71,572.014982,373.7201,42,
2026-04-02 21:13:00,373.73,373.73,373.73,373.73,502.0,373.7594,47,
2026-04-02 21:14:00,373.75,373.89,373.73,373.89,460.149161,373.9426,23,
2026-04-02 21:15:00,373.89,373.9,373.89,373.9,275.085088,373.9957,15,
2026-04-02 21:16:00,373.89,373.9,373.71,373.81,1236.435503,373.9465,32,
2026-04-02 21:17:00,373.89,373.89,373.89,373.89,105.041589,374.0295,14,
2026-04-02 21:20:00,373.83,373.83,373.83,373.83,212.0,373.8396,27,
2026-04-02 21:21:00,373.71,373.7883,373.71,373.71,3693.0,373.7116,73,
2026-04-02 21:22:00,373.72,373.72,373.72,373.72,88.046752,373.9449,9,
2026-04-02 21:23:00,373.73,373.74,373.71,373.74,1439.006,373.7161,29,
2026-04-02 21:24:00,373.72,373.72,373.71,373.71,906.112417,373.7547,49,
2026-04-02 21:25:00,373.46,373.46,373.46,373.46,197.0,373.5769,17,
2026-04-02 21:26:00,373.8,373.81,373.75,373.76,229.0,373.7825,13,
2026-04-02 21:27:00,373.75,373.8,373.75,373.8,479.018891,373.806,20,
2026-04-02 21:28:00,373.81,373.81,373.81,373.81,221.051597,373.8889,22,
2026-04-02 21:29:00,373.81,373.81,373.81,373.81,217.029718,373.8464,25,
2026-04-02 21:31:00,373.75,373.75,373.71,373.71,351.000026,373.7124,35,
2026-04-02 21:32:00,373.6,373.7,373.6,373.7,209.0,373.6153,13,
2026-04-02 21:34:00,373.55,373.55,373.55,373.55,388.0,373.5662,20,
2026-04-02 21:36:00,373.55,373.55,373.55,373.55,277.009122,373.6143,24,
2026-04-02 21:37:00,373.7355,373.7355,373.7355,373.7355,1116.0,373.7295,22,
2026-04-02 21:39:00,373.7283,373.7283,373.7283,373.7283,117.267574,374.5681,13,
2026-04-02 21:41:00,373.74,373.74,373.7019,373.73,609.0,373.7247,26,
2026-04-02 21:42:00,373.71,373.71,373.71,373.71,305.0,373.7051,26,
2026-04-02 21:43:00,373.6987,373.6987,373.69,373.69,864.179999,373.7754,13,
2026-04-02 21:44:00,373.7,373.7,373.7,373.7,237.0,373.7094,31,
2026-04-02 21:45:00,373.69,373.71,373.68,373.71,484.0,373.6976,28,
2026-04-02 21:46:00,373.7,373.7,373.7,373.7,415.117433,373.8085,17,
2026-04-02 21:47:00,373.7,373.7009,373.7,373.7,1207.0,373.7004,23,
2026-04-02 21:48:00,373.7,373.7087,373.7,373.7087,400.629846,374.2903,21,
2026-04-02 21:49:00,373.7,373.74,373.7,373.7,1161.0,373.7132,35,
2026-04-02 21:50:00,373.73,373.73,373.73,373.73,393.033186,373.758,15,
2026-04-02 21:51:00,373.73,373.7301,373.7,373.7,727.0,373.7249,15,
2026-04-02 21:52:00,373.7,373.7,373.7,373.7,1093.819163,373.9802,21,
2026-04-02 21:53:00,373.6,373.61,373.6,373.61,533.0,373.6184,24,
2026-04-02 21:54:00,373.65,373.65,373.6,373.6,530.037115,373.643,34,
2026-04-02 21:55:00,373.59,373.6,373.59,373.6,1068.005508,373.5989,26,
2026-04-02 21:57:00,373.58,373.6,373.58,373.6,371.0,373.5963,13,
2026-04-02 21:58:00,373.6,373.6,373.6,373.6,1133.128679,373.6436,14,
2026-04-02 21:59:00,373.63,373.63,373.5,373.5001,1205.0,373.5277,26,
2026-04-02 22:00:00,373.62,373.62,373.5,373.5,616.0,373.5318,28,
2026-04-02 22:02:00,373.45,373.45,373.4,373.4,743.089161,373.458,61,
2026-04-02 22:03:00,373.4,373.4,373.35,373.35,658.011058,373.3852,29,
2026-04-02 22:04:00,373.36,373.36,373.25,373.25,789.026993,373.3379,41,
2026-04-02 22:05:00,373.25,373.3,373.25,373.3,610.0,373.257,20,
2026-04-02 22:06:00,373.22,373.26,373.16,373.26,590.094412,373.2758,46,
2026-04-02 22:07:00,373.1801,373.3,373.1801,373.1805,889.024395,373.2089,15,
2026-04-02 22:08:00,373.27,373.27,373.2699,373.2699,188.0,373.2656,17,
2026-04-02 22:09:00,373.15,373.15,373.15,373.15,240.0,373.2244,16,
2026-04-02 22:10:00,373.0568,373.25,373.0568,373.1,593.0,373.1789,25,
2026-04-02 22:11:00,373.25,373.25,373.25,373.25,420.008038,373.2549,8,
2026-04-02 22:12:00,373.11,373.11,373.11,373.11,243.0,373.1056,14,
2026-04-02 22:13:00,373.15,373.15,373.15,373.15,236.013665,373.1699,16,
2026-04-02 22:14:00,373.13,373.13,373.07,373.07,350.005457,373.1207,25,
2026-04-02 22:15:00,373.05,373.05,373.02,373.02,437.0202,373.0525,24,
2026-04-02 22:16:00,373.23,373.23,373.06,373.2188,404.833234,373.9082,22,
2026-04-02 22:17:00,373.25,373.25,373.25,373.25,118.064301,373.3624,11,
2026-04-02 22:18:00,373.25,373.25,373.0412,373.25,3180.0,373.2233,26,
2026-04-02 22:19:00,373.3,373.45,373.21,373.44,663.144271,373.42,36,
2026-04-02 22:20:00,373.2,373.2,373.2,373.2,123.0,373.2015,8,
2026-04-02 22:22:00,373.21,373.45,373.21,373.45,299.0,373.3128,19,
2026-04-02 22:23:00,373.36,373.45,373.36,373.4001,404.041626,373.4453,20,
2026-04-02 22:24:00,373.29,373.29,373.29,373.29,134.080334,373.5522,15,
2026-04-02 22:26:00,373.33,373.33,373.3,373.3,2676.0,373.3034,38,
2026-04-02 22:27:00,373.2254,373.39,373.2254,373.39,321.03037,373.3638,25,
2026-04-02 22:28:00,373.2325,373.35,373.2325,373.35,446.0,373.2829,21,
2026-04-02 22:29:00,373.2306,373.2306,373.2306,373.2306,197.16567,373.6012,21,
2026-04-02 22:32:00,373.33,373.45,373.33,373.45,376.0,373.4185,27,
2026-04-02 22:33:00,373.35,373.35,373.32,373.32,1458.597961,373.4892,40,
2026-04-02 22:34:00,373.45,373.49,373.45,373.49,244.010977,373.4783,27,
2026-04-02 22:36:00,373.4999,373.4999,373.2825,373.46,289.02407,373.4485,12,
2026-04-02 22:37:00,373.2819,373.2819,373.25,373.25,209.014688,373.3226,13,
2026-04-02 22:38:00,373.26,373.35,373.24,373.35,4049.0,373.2437,35,
2026-04-02 22:39:00,373.5,373.5,373.5,373.5,182.05502,373.5741,15,
2026-04-02 22:40:00,373.478,373.478,373.21,373.21,422.0,373.2731,15,
2026-04-02 22:42:00,373.303,373.447,373.303,373.447,306.0,373.3404,7,
2026-04-02 22:44:00,373.43,373.43,373.4,373.4,387.002488,373.4133,18,
2026-04-02 22:45:00,373.43,373.43,373.21,373.21,1181.0,373.2404,11,
2026-04-02 22:46:00,373.35,373.4,373.35,373.4,224.0,373.3716,18,
2026-04-02 22:48:00,373.4385,373.4385,373.4385,373.4385,333.0,373.4284,11,
2026-04-02 22:49:00,373.276,373.276,373.276,373.276,155.0,373.3022,17,
2026-04-02 22:50:00,373.32,373.4344,373.32,373.4,240.0,373.3707,15,
2026-04-02 22:51:00,373.41,373.41,373.41,373.41,197.181758,373.7478,21,
2026-04-02 22:52:00,373.43,373.45,373.43,373.45,203.0,373.445,14,
2026-04-02 22:53:00,373.46,373.46,373.43,373.45,1403.133888,373.485,16,
2026-04-02 22:55:00,373.45,373.45,373.45,373.45,147.011942,373.477,7,
2026-04-02 22:57:00,373.35,373.35,373.35,373.35,182.0,373.3734,13,
2026-04-02 22:58:00,373.35,373.35,373.35,373.35,249.147443,373.5841,19,
2026-04-02 22:59:00,373.43,373.45,373.36,373.36,800.0,373.4233,18,
2026-04-02 23:00:00,373.45,373.45,373.35,373.37,638.825015,373.8702,31,
2026-04-02 23:01:00,373.45,373.45,373.4155,373.4155,300.0,373.3979,10,
2026-04-02 23:02:00,373.3001,373.3001,373.3001,373.3001,562.0,373.3081,11,
2026-04-02 23:03:00,373.2928,373.39,373.27,373.27,513.002973,373.2997,15,
2026-04-02 23:06:00,373.31,373.31,373.31,373.31,289.0,373.2875,26,
2026-04-02 23:08:00,373.34,373.34,373.34,373.34,122.0,373.33,6,
2026-04-02 23:09:00,373.35,373.35,373.34,373.34,363.118307,373.4619,11,
2026-04-02 23:10:00,373.39,373.39,373.37,373.37,348.0,373.3866,8,
2026-04-02 23:11:00,373.45,373.45,373.45,373.45,466.214236,373.5621,25,
2026-04-02 23:12:00,373.4,373.4,373.4,373.4,119.0,373.362,11,
2026-04-02 23:14:00,373.28,373.2801,373.28,373.2801,152.10492,373.5411,13,
2026-04-02 23:15:00,373.22,373.23,373.22,373.22,440.272965,373.459,17,
2026-04-02 23:16:00,373.22,373.4,373.22,373.2556,4118.0,373.3903,21,
2026-04-02 23:17:00,373.24,373.24,373.24,373.24,166.013394,373.2965,10,
2026-04-02 23:18:00,373.3,373.3,373.3,373.3,279.0,373.2822,15,
2026-04-02 23:19:00,373.28,373.28,373.28,373.28,260.005383,373.2892,13,
2026-04-02 23:20:00,373.29,373.29,373.29,373.29,110.711098,375.7011,8,
2026-04-02 23:21:00,373.29,373.29,373.27,373.27,367.868778,374.1658,25,
2026-04-02 23:22:00,373.29,373.29,373.29,373.29,225.01058,373.3085,12,
2026-04-02 23:23:00,373.3,373.3,373.27,373.27,1304.166408,373.3378,20,
2026-04-02 23:24:00,373.2997,373.2997,373.27,373.27,153.277552,373.9592,11,
2026-04-02 23:25:00,373.25,373.25,373.25,373.25,209.0,373.2366,15,
2026-04-02 23:27:00,373.25,373.25,373.25,373.25,145.0,373.25,8,
2026-04-02 23:28:00,373.3,373.3,373.2695,373.2695,383.024917,373.337,23,
2026-04-02 23:29:00,373.35,373.35,373.35,373.35,213.0,373.3516,18,
2026-04-02 23:31:00,373.35,373.3501,373.0912,373.0972,694.267809,373.3411,12,
2026-04-02 23:32:00,373.25,373.25,373.25,373.25,79.020786,373.351,11,
2026-04-02 23:33:00,373.25,373.25,373.25,373.25,602.0,373.2585,17,
2026-04-02 23:34:00,373.2501,373.2575,373.2501,373.2575,213.0,373.2726,11,
2026-04-02 23:35:00,373.2505,373.2505,373.2505,373.2505,222.002574,373.2578,9,
2026-04-02 23:36:00,373.3999,373.3999,373.3999,373.3999,171.569075,374.5991,14,
2026-04-02 23:37:00,373.35,373.4,373.35,373.4,277.187602,373.6382,26,
2026-04-02 23:38:00,373.43,373.43,373.43,373.43,105.00407,373.4384,10,
2026-04-02 23:39:00,373.4,373.45,373.4,373.42,389.060411,373.4933,28,
2026-04-02 23:40:00,373.44,373.45,373.44,373.45,1841.527568,373.5565,17,
2026-04-02 23:41:00,373.45,373.4501,373.45,373.45,362.0,373.4562,27,
2026-04-02 23:42:00,373.47,373.47,373.47,373.47,105.29989,374.5319,16,
2026-04-02 23:43:00,373.45,373.45,373.45,373.45,529.0,373.4457,21,
2026-04-02 23:44:00,373.43,373.4435,373.43,373.4435,372.0,373.4401,10,
2026-04-02 23:45:00,373.41,373.41,373.4,373.4,1973.034733,373.4064,19,
2026-04-02 23:46:00,373.31,373.31,373.31,373.31,100.029381,373.424,12,
2026-04-02 23:48:00,373.38,373.4,373.38,373.4,522.080354,373.4218,19,
2026-04-02 23:49:00,373.3,373.3,373.26,373.3,2511.005358,373.267,21,
2026-04-02 23:50:00,373.43,373.47,373.3,373.3,457.0,373.4089,19,
2026-04-02 23:51:00,373.4263,373.4263,373.4263,373.4263,142.002676,373.3898,14,
2026-04-02 23:52:00,373.4,373.4,373.4,373.4,148.018701,373.4337,7,
2026-04-02 23:53:00,373.35,373.35,373.313,373.313,302.0,373.3286,13,
2026-04-02 23:54:00,373.455,373.4566,373.455,373.4566,183.0,373.4099,19,
2026-04-02 23:55:00,373.39,373.39,373.3103,373.3103,234.0,373.3466,18,
2026-04-02 23:57:00,373.3504,373.4362,373.35,373.41,481.007417,373.3807,27,
2026-04-02 23:58:00,373.4,373.45,373.4,373.4,762.002891,373.4273,25,
2026-04-02 23:59:00,373.4008,373.4008,373.3999,373.3999,1345.002891,373.3981,31,
2026-04-06 08:00:00,375.0,375.5,373.65,375.5,2875.732616,374.7667,1174,
2026-04-06 08:01:00,375.57,375.87,373.86,375.5,43864.419779,374.7583,2931,
2026-04-06 08:02:00,375.64,375.95,375.64,375.9,1614.849721,375.7684,90,
2026-04-06 08:03:00,375.6528,375.98,375.6528,375.9,1632.551423,375.9108,54,
2026-04-06 08:04:00,375.85,376.0,375.85,376.0,2041.365248,375.9791,124,
2026-04-06 08:05:00,376.06,376.11,376.0,376.0,504.270722,376.0663,50,
2026-04-06 08:06:00,376.2,376.2,375.71,375.71,1223.610605,375.9025,60,
2026-04-06 08:07:00,375.55,375.97,375.55,375.97,327.0,375.7395,33,
2026-04-06 08:08:00,375.7,375.72,375.57,375.71,706.0,375.6894,37,
2026-04-06 08:09:00,375.7,375.7,375.7,375.7,275.0,375.7396,32,
2026-04-06 08:10:00,375.81,375.81,375.81,375.81,252.115435,375.7423,45,
2026-04-06 08:11:00,375.72,375.97,375.7,375.92,1969.259853,375.8846,66,
2026-04-06 08:12:00,375.82,375.85,375.8,375.85,862.499409,375.8401,48,
2026-04-06 08:13:00,375.94,375.94,375.83,375.85,708.055873,375.8618,56,
2026-04-06 08:14:00,375.82,375.82,375.81,375.81,273.965051,375.8279,23,
2026-04-06 08:15:00,375.88,375.97,375.7496,375.7496,769.270191,375.9164,43,
2026-04-06 08:16:00,375.71,375.89,375.7,375.89,3948.35,375.8115,58,
2026-04-06 08:17:00,375.9,376.02,375.9,376.02,1980.906951,375.9486,78,
2026-04-06 08:18:00,375.97,375.97,375.78,375.78,1424.324073,375.8897,73,
2026-04-06 08:20:00,375.99,375.99,375.99,375.99,192.0,375.9257,27,
2026-04-06 08:21:00,375.9,375.9,375.9,375.9,1008.530864,375.9021,23,
2026-04-06 08:22:00,376.0,376.18,375.88,375.88,1367.03069,376.0199,58,
2026-04-06 08:23:00,375.8,375.8,375.72,375.72,411.325461,375.8073,44,
2026-04-06 08:24:00,375.71,375.99,375.71,375.99,841.004,375.9606,25,
2026-04-06 08:25:00,376.18,376.2,376.18,376.2,797.444788,376.1675,45,
2026-04-06 08:26:00,376.41,376.41,376.24,376.24,282.042832,376.3031,39,
2026-04-06 08:27:00,376.23,376.23,376.1,376.1,469.885538,376.142,41,
2026-04-06 08:28:00,376.0,376.05,375.92,375.95,1851.65567,376.0039,74,
2026-04-06 08:29:00,376.1,376.38,376.0,376.38,2225.968864,376.1214,29,
2026-04-06 08:30:00,376.21,376.33,376.11,376.11,501.066378,376.3012,35,
2026-04-06 08:31:00,376.32,376.4,376.32,376.4,411.02681,376.3214,39,
2026-04-06 08:32:00,376.48,376.5,376.41,376.5,413.137048,376.4651,56,
2026-04-06 08:33:00,376.46,376.51,376.46,376.51,2089.022979,376.495,70,
2026-04-06 08:34:00,376.55,376.58,376.51,376.54,1746.024119,376.5487,106,
2026-04-06 08:35:00,376.5,376.57,376.5,376.57,1795.402035,376.5251,77,
2026-04-06 08:36:00,376.54,376.57,376.5,376.57,621.002681,376.5381,55,
2026-04-06 08:37:00,376.52,376.57,376.41,376.42,794.869852,376.487,54,
2026-04-06 08:38:00,376.42,376.42,376.42,376.42,275.300885,376.4106,35,
2026-04-06 08:40:00,376.35,376.35,376.35,376.35,266.173394,376.3567,22,
2026-04-06 08:41:00,376.35,376.4,376.33,376.33,1096.155367,376.371,91,
2026-04-06 08:42:00,376.23,376.23,376.2,376.2,541.446904,376.2407,43,
2026-04-06 08:43:00,376.2,376.35,376.2,376.35,383.122386,376.3115,20,
2026-04-06 08:44:00,376.1458,376.32,376.1458,376.32,294.277456,376.2384,23,
2026-04-06 08:46:00,376.17,376.2,376.12,376.12,1285.260713,376.1587,73,
2026-04-06 08:47:00,376.03,376.03,375.92,375.92,1265.921088,376.0047,75,
2026-04-06 08:48:00,375.99,376.0,375.99,376.0,2611.975856,376.0041,34,
2026-04-06 08:50:00,376.2,376.2,376.17,376.17,277.0,376.1624,21,
2026-04-06 08:51:00,376.17,376.17,376.0288,376.0288,676.055244,376.0662,23,
2026-04-06 08:52:00,376.05,376.1032,376.01,376.103,889.974943,376.0407,20,
2026-04-06 08:53:00,376.1097,376.1097,376.0,376.01,903.0,376.0375,39,
2026-04-06 08:54:00,376.0,376.05,376.0,376.05,774.0,376.017,25,
2026-04-06 08:55:00,376.2,376.2,376.2,376.2,154.00503,376.1589,17,
2026-04-06 08:56:00,376.35,376.35,376.17,376.35,791.629236,376.2564,29,
2026-04-06 08:57:00,376.27,376.33,376.27,376.3,502.466671,376.2775,20,
2026-04-06 08:58:00,376.32,376.32,376.27,376.27,331.452825,376.2851,31,
2026-04-06 08:59:00,376.2,376.2,376.15,376.15,618.283884,376.1781,18,
2026-04-06 09:00:00,376.22,376.22,376.19,376.19,375.721956,376.2233,31,
2026-04-06 09:01:00,376.22,376.22,376.22,376.22,82.007386,376.2346,13,
2026-04-06 09:04:00,376.26,376.26,376.26,376.26,318.301086,376.2828,27,
2026-04-06 09:05:00,376.35,376.52,376.33,376.5,3664.268498,376.4505,110,
2026-04-06 09:06:00,376.44,376.52,376.44,376.52,603.484793,376.5078,17,
2026-04-06 09:07:00,376.43,376.5584,376.43,376.5584,1197.049865,376.5204,49,
2026-04-06 09:08:00,376.58,376.58,376.47,376.47,511.132566,376.5419,32,
2026-04-06 09:09:00,376.48,376.48,376.43,376.48,669.27,376.4608,34,
2026-04-06 09:10:00,376.5,376.5,376.5,376.5,246.0,376.5004,11,
2026-04-06 09:12:00,376.5,376.5,376.35,376.39,699.879072,376.4139,42,
2026-04-06 09:13:00,376.5585,376.5585,376.5585,376.5585,198.2,376.4756,25,
2026-04-06 09:14:00,376.35,376.58,376.35,376.58,204.0,376.5032,18,
2026-04-06 09:15:00,376.5,376.5,376.35,376.35,689.279617,376.3867,32,
2026-04-06 09:16:00,376.27,376.27,376.04,376.08,4155.081596,376.1293,101,
2026-04-06 09:17:00,376.14,376.25,376.14,376.25,431.139242,376.2125,25,
2026-04-06 09:18:00,376.15,376.15,376.15,376.15,242.635429,376.1875,32,
2026-04-06 09:19:00,376.02,376.21,376.02,376.02,390.071997,376.1497,23,
2026-04-06 09:21:00,376.43,376.43,376.43,376.43,175.0,376.3469,29,
2026-04-06 09:22:00,376.49,376.5,376.49,376.5,580.170896,376.4662,41,
2026-04-06 09:24:00,376.28,376.28,376.28,376.28,285.345017,376.349,35,
2026-04-06 09:25:00,376.48,376.49,376.1205,376.1205,877.0,376.2708,37,
2026-04-06 09:26:00,376.12,376.12,376.12,376.12,127.0,376.1667,9,
2026-04-06 09:27:00,376.53,376.53,376.53,376.53,95.0,376.4383,11,
2026-04-06 09:28:00,376.47,376.47,376.47,376.47,141.322533,376.4665,12,
2026-04-06 09:29:00,376.36,376.36,376.35,376.35,262.1,376.3505,17,
2026-04-06 09:30:00,376.48,376.48,376.48,376.48,123.104772,376.4667,14,
2026-04-06 09:31:00,376.44,376.44,376.44,376.44,215.0,376.4476,28,
2026-04-06 09:32:00,376.5,376.53,376.5,376.53,265.311082,376.5158,40,
2026-04-06 09:35:00,376.47,376.5,376.46,376.46,680.083635,376.4741,43,
2026-04-06 09:36:00,376.4,376.41,376.36,376.36,447.227039,376.4053,28,
2026-04-06 09:38:00,376.47,376.47,376.47,376.47,362.0,376.4692,21,
2026-04-06 09:39:00,376.4,376.4,376.4,376.4,359.57114,376.4155,28,
2026-04-06 09:40:00,376.41,376.41,376.32,376.32,1650.312243,376.3674,68,
2026-04-06 09:41:00,376.31,376.31,376.2,376.2,372.0,376.2837,24,
2026-04-06 09:42:00,376.35,376.35,376.35,376.35,147.0,376.3403,9,
2026-04-06 09:43:00,376.34,376.35,376.3,376.35,1578.683089,376.3116,54,
2026-04-06 09:44:00,376.3,376.3,376.3,376.3,232.000026,376.3174,25,
2026-04-06 09:45:00,376.43,376.44,376.43,376.44,287.012244,376.4212,16,
2026-04-06 09:46:00,376.4,376.42,376.3972,376.3972,327.246613,376.4175,42,
2026-04-06 09:47:00,376.39,376.39,376.39,376.39,100.079372,376.3875,8,
2026-04-06 09:48:00,376.42,376.42,376.42,376.42,309.826033,376.4254,28,
2026-04-06 09:50:00,376.34,376.34,376.3,376.34,873.436461,376.3245,49,
2026-04-06 09:51:00,376.21,376.41,376.205,376.41,968.576524,376.2658,56,
2026-04-06 09:52:00,376.221,376.221,376.221,376.221,198.0,376.2633,12,
2026-04-06 09:54:00,376.33,376.33,376.0,376.08,1195.395919,376.0825,123,
2026-04-06 09:55:00,376.13,376.2,376.13,376.2,298.0,376.1951,19,
2026-04-06 09:56:00,376.2,376.2,376.18,376.18,301.0,376.209,21,
2026-04-06 09:57:00,376.2,376.2,376.08,376.08,263.68044,376.1151,32,
2026-04-06 09:58:00,375.92,375.92,375.92,375.92,538.321956,375.9398,12,
2026-04-06 09:59:00,375.94,375.94,375.94,375.94,226.844152,375.9976,33,
2026-04-06 10:00:00,376.0,376.13,376.0,376.13,345.769325,376.0574,27,
2026-04-06 10:01:00,376.05,376.05,376.05,376.05,239.0,376.063,24,
2026-04-06 10:02:00,376.2,376.2,376.2,376.2,83.0,376.1811,9,
2026-04-06 10:03:00,376.12,376.12,376.12,376.12,182.645786,376.0787,21,
2026-04-06 10:04:00,375.93,375.93,375.9,375.93,546.039156,375.9493,48,
2026-04-06 10:05:00,375.93,376.1,375.88,375.88,935.280389,375.9875,19,
2026-04-06 10:06:00,375.93,376.0,375.93,376.0,484.0,375.9824,13,
2026-04-06 10:07:00,376.17,376.17,376.17,376.17,118.554547,376.1569,15,
2026-04-06 10:08:00,376.08,376.17,376.07,376.17,696.891618,376.1144,43,
2026-04-06 10:10:00,376.2,376.23,376.19,376.23,1513.020479,376.2226,28,
2026-04-06 10:11:00,376.4765,376.5,376.4765,376.5,471.0,376.4845,13,
2026-04-06 10:13:00,376.49,376.49,376.49,376.49,71.045165,376.4671,7,
2026-04-06 10:14:00,376.34,376.37,376.34,376.35,1044.5,376.3584,54,
2026-04-06 10:15:00,376.5,376.5,376.5,376.5,380.911901,376.4661,27,
2026-04-06 10:16:00,376.3957,376.4,376.2,376.2,627.0,376.3638,29,
2026-04-06 10:19:00,376.38,376.38,376.38,376.38,178.074528,376.413,19,
2026-04-06 10:21:00,376.45,376.51,376.42,376.48,2259.063503,376.4839,50,
2026-04-06 10:22:00,376.36,376.41,376.25,376.41,881.459802,376.2992,32,
2026-04-06 10:24:00,376.5,376.5,376.5,376.5,120.0,376.497,8,
2026-04-06 10:27:00,376.06,376.06,376.05,376.05,107.0,376.0535,7,
2026-04-06 10:30:00,376.2,376.2,376.2,376.2,198.250884,376.2049,14,
2026-04-06 10:35:00,376.29,376.3,376.29,376.3,275.2658,376.2953,24,
2026-04-06 10:36:00,376.3,376.36,376.3,376.36,153.0,376.3208,6,
2026-04-06 10:37:00,376.29,376.29,376.28,376.29,324.592657,376.3198,29,
2026-04-06 10:38:00,376.44,376.44,376.29,376.29,276.76612,376.3598,20,
2026-04-06 10:39:00,376.22,376.22,376.22,376.22,513.0,376.2094,45,
2026-04-06 10:40:00,376.38,376.38,376.38,376.38,184.0,376.3155,18,
2026-04-06 10:41:00,376.31,376.31,376.2,376.2,505.0,376.2547,27,
2026-04-06 10:43:00,376.2,376.27,376.05,376.05,622.063211,376.1488,41,
2026-04-06 10:44:00,376.05,376.05,376.05,376.05,160.0,376.0631,15,
2026-04-06 10:45:00,376.47,376.49,376.01,376.01,535.0,376.2687,54,
2026-04-06 10:46:00,376.0,376.0,375.07,375.99,4429.688546,375.6221,393,
2026-04-06 10:47:00,375.1065,375.1065,375.1065,375.1065,183.0,375.4531,19,
2026-04-06 10:51:00,375.89,375.9,375.89,375.9,239.0,375.8236,18,
2026-04-06 10:55:00,375.7012,375.7012,375.7,375.7,456.90185,375.6898,35,
2026-04-06 10:56:00,375.7,375.74,375.7,375.74,583.0,375.6892,25,
2026-04-06 10:57:00,375.84,375.84,375.84,375.84,204.0,375.7765,20,
2026-04-06 10:59:00,375.5,375.5,375.5,375.5,840.0,375.5048,15,
2026-04-06 11:00:00,375.25,375.74,375.01,375.02,9120.034767,375.1999,266,
2026-04-06 11:01:00,375.2,375.4999,375.2,375.3,1056.477424,375.3497,57,
2026-04-06 11:02:00,375.49,375.65,375.4,375.5,773.0,375.4926,42,
2026-04-06 11:03:00,375.37,375.37,375.0,375.0,4480.717063,375.1388,291,
2026-04-06 11:04:00,374.91,375.6952,374.91,375.0605,2397.092677,375.3907,47,
2026-04-06 11:05:00,375.39,375.39,375.19,375.2,1766.013265,375.2077,27,
2026-04-06 11:06:00,375.19,375.3846,375.19,375.3493,2065.0,375.2133,36,
2026-04-06 11:07:00,375.2,375.25,375.0,375.05,3386.021616,375.1116,59,
2026-04-06 11:08:00,375.2,375.2,374.9,375.0,797.938056,375.0466,36,
2026-04-06 11:09:00,375.1,375.1,375.0,375.0808,593.01226,375.0557,39,
2026-04-06 11:10:00,374.9,375.0,374.9,375.0,769.854914,374.9411,58,
2026-04-06 11:11:00,374.9996,375.1,374.9996,375.1,1087.0,375.0513,31,
2026-04-06 11:12:00,375.0,375.0,374.9,374.97,738.314975,374.9312,40,
2026-04-06 11:13:00,374.99,375.0,374.82,374.9,1686.310262,374.9563,64,
2026-04-06 11:14:00,374.82,374.82,374.7,374.75,938.554466,374.749,74,
2026-04-06 11:15:00,374.62,374.75,374.6059,374.75,961.158065,374.6674,63,
2026-04-06 11:17:00,374.8,374.8,374.7766,374.8,1735.31562,374.7991,37,
2026-04-06 11:18:00,374.9,374.9,374.8,374.8,458.151478,374.865,33,
2026-04-06 11:19:00,374.7057,374.7057,374.7057,374.7057,252.69986,374.7495,27,
2026-04-06 11:20:00,374.7,374.7,374.59,374.63,667.411892,374.6386,63,
2026-04-06 11:21:00,374.71,374.81,374.71,374.8017,941.0,374.7674,34,
2026-04-06 11:22:00,374.71,374.7598,374.65,374.65,1046.061002,374.6696,33,
2026-04-06 11:23:00,374.65,374.7031,374.53,374.7031,1810.805347,374.59,52,
2026-04-06 11:24:00,374.72,374.72,374.59,374.629,700.0,374.6399,27,
2026-04-06 11:25:00,374.6173,374.7997,374.59,374.7997,1415.056544,374.646,50,
2026-04-06 11:26:00,374.7994,374.7994,374.7,374.7,335.022465,374.752,27,
2026-04-06 11:27:00,374.52,374.52,374.52,374.52,190.0,374.62,25,
2026-04-06 11:28:00,374.8,374.8,374.8,374.8,262.024009,374.7866,49,
2026-04-06 11:29:00,374.8,374.8,374.74,374.74,493.0,374.7683,25,
2026-04-06 11:30:00,374.73,374.81,374.6186,374.6186,693.0,374.7714,16,
2026-04-06 11:31:00,374.69,374.76,374.69,374.72,773.000026,374.7332,55,
2026-04-06 11:32:00,374.8,374.8,374.6,374.6,296.0,374.6787,16,
2026-04-06 11:33:00,374.72,374.78,374.61,374.6412,472.0,374.7079,30,
2026-04-06 11:34:00,374.8499,374.85,374.8499,374.85,2737.037979,374.8491,26,
2026-04-06 11:35:00,374.89,374.9501,374.78,374.9501,548.298564,374.8456,60,
2026-04-06 11:36:00,374.95,375.0,374.95,374.9863,755.9915,374.9555,48,
2026-04-06 11:37:00,374.87,374.9,374.86,374.9,260.917283,374.844,35,
2026-04-06 11:38:00,375.0,375.0,374.7973,374.81,778.329,374.8879,37,
2026-04-06 11:39:00,374.7996,374.7996,374.75,374.75,771.2699,374.7338,80,
2026-04-06 11:40:00,374.6932,374.8,374.6932,374.8,919.010307,374.7454,67,
2026-04-06 11:42:00,374.7,374.7,374.7,374.7,279.57817,374.7066,22,
2026-04-06 11:43:00,374.8494,374.85,374.8494,374.85,159.855837,374.8297,20,
2026-04-06 11:44:00,374.7,374.7,374.7,374.7,327.420748,374.7314,40,
2026-04-06 11:45:00,374.78,374.8,374.71,374.71,633.733,374.7782,18,
2026-04-06 11:46:00,374.8,374.8,374.6957,374.6957,1169.62,374.7071,16,
2026-04-06 11:47:00,374.8,374.8,374.65,374.65,998.512,374.6895,59,
2026-04-06 11:48:00,374.7648,374.7648,374.7648,374.7648,375.960851,374.7476,17,
2026-04-06 11:49:00,374.8,374.8,374.6441,374.7,647.511,374.7479,27,
2026-04-06 11:50:00,374.7403,374.85,374.7403,374.85,362.526109,374.7774,21,
2026-04-06 11:51:00,374.94,374.94,374.7728,374.89,2199.177375,374.8605,22,
2026-04-06 11:53:00,374.88,374.88,374.74,374.74,1470.03,374.8286,49,
2026-04-06 11:54:00,374.88,374.88,374.83,374.87,343.611444,374.8485,29,
2026-04-06 11:55:00,374.87,374.89,374.79,374.89,3022.692497,374.867,39,
2026-04-06 11:56:00,374.79,374.85,374.79,374.85,291.010733,374.8123,38,
2026-04-06 11:57:00,374.93,374.96,374.93,374.96,469.098616,374.9293,21,
2026-04-06 11:58:00,374.8725,374.8725,374.8725,374.8725,208.866088,374.8458,28,
2026-04-06 11:59:00,374.88,374.88,374.86,374.86,426.809364,374.8715,34,
2026-04-06 12:00:00,374.96,374.96,374.86,374.86,4701.912233,375.7456,55,
2026-04-06 12:01:00,374.96,374.96,374.8,374.85,704.0,374.8725,35,
2026-04-06 12:02:00,374.85,374.9014,374.76,374.78,1328.15492,375.0269,110,
2026-04-06 12:03:00,374.9,374.9,374.68,374.71,491.496158,374.7633,34,
2026-04-06 12:04:00,374.71,374.9225,374.6,374.77,3060.117,374.7398,45,
2026-04-06 12:05:00,374.9364,374.9364,374.9364,374.9364,463.97809,375.1415,83,
2026-04-06 12:06:00,374.96,374.96,374.96,374.96,2882.0,374.7034,247,
2026-04-06 12:07:00,374.96,374.96,374.85,374.92,808.786666,374.9214,36,
2026-04-06 12:08:00,374.85,374.905,374.85,374.905,266.101343,374.8889,25,
2026-04-06 12:09:00,374.9,374.96,374.805,374.82,1091.644982,374.8945,60,
2026-04-06 12:10:00,374.85,374.85,374.85,374.85,943.025583,374.8482,32,
2026-04-06 12:11:00,374.9,374.9,374.71,374.84,4621.029734,374.8122,79,
2026-04-06 12:12:00,374.8,374.927,374.8,374.927,1322.024002,374.8911,34,
2026-04-06 12:13:00,374.61,374.94,374.58,374.58,963.14464,374.6275,88,
2026-04-06 12:14:00,374.76,374.76,374.76,374.76,168.0,374.7204,18,
2026-04-06 12:15:00,374.5878,374.6,374.5878,374.6,226.002747,374.6559,23,
2026-04-06 12:16:00,374.7,374.7,374.6011,374.6181,614.046672,374.6393,22,
2026-04-06 12:18:00,374.7,374.8506,374.7,374.8506,644.0,374.799,34,
2026-04-06 12:19:00,374.69,374.9,374.6,374.6,852.145439,374.7281,45,
2026-04-06 12:20:00,374.6,374.6,374.5,374.5,1781.460387,374.5511,152,
2026-04-06 12:21:00,374.54,374.68,374.52,374.52,391.288988,374.6356,21,
2026-04-06 12:22:00,374.74,374.8164,374.67,374.8164,492.059397,374.7361,25,
2026-04-06 12:23:00,374.73,374.73,374.73,374.73,244.463502,374.6924,28,
2026-04-06 12:24:00,374.92,374.92,374.92,374.92,303.576836,374.8197,34,
2026-04-06 12:25:00,374.92,374.92,374.74,374.83,2069.076973,374.8007,39,
2026-04-06 12:26:00,374.77,374.77,374.77,374.77,294.0,374.7671,27,
2026-04-06 12:27:00,374.92,374.92,374.7,374.8693,256.0,374.8165,17,
2026-04-06 12:28:00,374.84,374.9183,374.84,374.9183,697.066264,374.8745,51,
2026-04-06 12:29:00,374.84,374.86,374.84,374.86,222.0,374.871,25,
2026-04-06 12:30:00,374.93,374.93,374.93,374.93,243.007281,374.9045,17,
2026-04-06 12:31:00,374.8,374.8,374.5839,374.6429,875.005334,374.7035,39,
2026-04-06 12:32:00,374.79,374.79,374.6,374.79,874.547583,374.7283,27,
2026-04-06 12:33:00,374.79,374.8,374.6,374.6,550.037596,374.7073,31,
2026-04-06 12:34:00,374.93,374.98,374.9,374.98,872.021102,374.9429,62,
2026-04-06 12:35:00,374.98,375.1,374.95,375.1,1963.542825,375.0026,83,
2026-04-06 12:36:00,375.09,375.09,374.83,374.98,1983.065994,374.9355,67,
2026-04-06 12:38:00,375.0,375.0,374.8901,374.8901,669.0,374.9623,31,
2026-04-06 12:39:00,374.9833,374.9833,374.89,374.89,237.024,374.944,24,
2026-04-06 12:40:00,374.98,374.98,374.89,374.89,262.876,374.9108,41,
2026-04-06 12:41:00,374.88,374.95,374.88,374.95,465.524612,374.8775,39,
2026-04-06 12:42:00,374.89,374.8992,374.89,374.8992,260.012946,374.8846,28,
2026-04-06 12:43:00,374.88,374.88,374.88,374.88,344.569006,374.8552,45,
2026-04-06 12:44:00,374.89,374.9,374.8832,374.9,380.156707,374.8795,29,
2026-04-06 12:45:00,374.89,375.0,374.89,374.9682,1154.006371,374.9565,49,
2026-04-06 12:46:00,374.8347,375.0,374.8347,374.9992,416.0,374.9557,25,
2026-04-06 12:47:00,374.99,375.0,374.99,375.0,617.0,374.9935,47,
2026-04-06 12:48:00,374.9617,374.9617,374.85,374.85,293.0,374.9296,33,
2026-04-06 12:49:00,374.88,374.9735,374.88,374.9735,347.077376,374.9026,24,
2026-04-06 12:50:00,375.0,375.0,374.82,374.9818,572.459014,374.9342,38,
2026-04-06 12:51:00,374.91,374.91,374.91,374.91,464.031947,374.9176,35,
2026-04-06 12:52:00,374.973,375.0,374.82,374.82,849.074427,374.9168,64,
2026-04-06 12:53:00,374.8,374.9,374.8,374.84,1025.559781,374.8466,46,
2026-04-06 12:54:00,374.9541,374.9541,374.8,374.8,338.0,374.9259,21,
2026-04-06 12:55:00,374.7949,374.9234,374.7726,374.7954,2012.0,374.7907,27,
2026-04-06 12:56:00,374.75,374.79,374.7,374.7,734.505228,374.7577,88,
2026-04-06 12:57:00,374.68,374.7,374.65,374.7,378.0,374.6788,44,
2026-04-06 12:58:00,374.7,374.7,374.7,374.7,647.517716,374.7012,25,
2026-04-06 12:59:00,374.61,374.61,374.6,374.61,630.299972,374.6161,77,
2026-04-06 13:00:00,374.68,374.7191,374.66,374.7191,385.0,374.6835,33,
2026-04-06 13:01:00,374.58,374.58,374.55,374.56,784.116192,374.5807,69,
2026-04-06 13:02:00,374.53,374.53,374.4177,374.4177,1797.741409,374.4984,91,
2026-04-06 13:03:00,374.38,374.5,374.38,374.5,1185.157404,374.4568,91,
2026-04-06 13:04:00,374.4,374.75,374.4,374.7045,437.0,374.6051,29,
2026-04-06 13:05:00,374.5,374.73,374.5,374.73,1950.090513,374.6148,61,
2026-04-06 13:06:00,374.41,374.41,374.38,374.38,3674.189639,374.3898,98,
2026-04-06 13:07:00,374.3943,374.3943,374.25,374.39,1233.02177,374.3465,94,
2026-04-06 13:08:00,374.4,374.48,374.4,374.48,521.702778,374.4477,46,
2026-04-06 13:09:00,374.5,374.68,374.4364,374.68,1723.752742,374.5724,53,
2026-04-06 13:10:00,374.62,374.6799,374.58,374.6799,2144.0,374.6329,47,
2026-04-06 13:11:00,374.66,374.68,374.66,374.68,515.0,374.6739,40,
2026-04-06 13:12:00,374.75,375.0,374.75,374.78,994.798322,374.8257,51,
2026-04-06 13:13:00,374.78,374.79,374.76,374.76,602.0,374.7655,53,
2026-04-06 13:14:00,374.7,374.71,374.66,374.71,415.0,374.7168,36,
2026-04-06 13:15:00,374.98,374.98,374.63,374.63,1173.042855,374.6907,92,
2026-04-06 13:16:00,374.5,374.8788,374.5,374.76,1137.0,374.6053,48,
2026-04-06 13:17:00,374.5881,374.98,374.5881,374.65,503.0,374.7253,32,
2026-04-06 13:18:00,374.96,374.96,374.72,374.72,627.318508,374.8012,47,
2026-04-06 13:19:00,374.7,374.7,374.52,374.52,793.324022,374.6144,52,
2026-04-06 13:20:00,374.63,374.63,374.4,374.4,1459.0,374.4668,93,
2026-04-06 13:21:00,374.2628,374.39,374.2598,374.39,860.527801,374.315,47,
2026-04-06 13:22:00,374.4695,374.4695,374.19,374.19,626.071884,374.3041,136,
2026-04-06 13:23:00,374.3675,374.47,374.3,374.47,552.307548,374.3733,22,
2026-04-06 13:24:00,374.03,374.5,374.03,374.2,1840.248674,374.2936,102,
2026-04-06 13:25:00,374.29,374.29,374.17,374.17,508.0,374.228,41,
2026-04-06 13:26:00,374.25,374.2759,374.0,374.0,2521.498878,374.0401,284,
2026-04-06 13:27:00,374.0,374.065,373.41,373.43,3339.190644,373.6091,358,
2026-04-06 13:28:00,373.47,374.11,373.47,373.51,4631.214622,373.6614,124,
2026-04-06 13:29:00,373.62,373.62,373.39,373.39,4283.661141,373.4295,350,
2026-04-06 13:30:00,373.49,373.73,372.1,373.245,400156.543594,373.2941,24909,
2026-04-06 13:31:00,373.27,373.55,372.98,373.25,61551.336798,373.2349,4262,
2026-04-06 13:32:00,373.12,373.47,372.23,372.45728,75007.95624,372.8391,2286,
2026-04-06 13:33:00,372.424,372.92,372.3,372.545,78878.606389,372.6213,2533,
2026-04-06 13:34:00,372.525,372.8,372.15,372.62,76266.434834,372.3853,2242,
2026-04-06 13:35:00,372.78,373.12,372.15,372.19,82846.449498,372.7613,2588,
2026-04-06 13:36:00,372.14,372.255338,370.48,370.59,128777.183758,371.1182,4372,
2026-04-06 13:37:00,370.54,370.77,369.71,369.72,160029.583563,370.2128,5371,
2026-04-06 13:38:00,369.72,370.3194,369.5014,370.3194,97747.970872,369.8639,2880,
2026-04-06 13:39:00,370.28,370.98,370.27,370.89,95692.593966,370.6744,2632,
2026-04-06 13:40:00,370.89,371.1599,370.65,370.715,91838.416381,370.8973,2401,
2026-04-06 13:41:00,370.715,370.8896,370.445,370.79,75570.140765,370.7046,2463,
2026-04-06 13:42:00,370.83,370.84,370.385,370.6871,70036.404409,370.6102,2381,
2026-04-06 13:43:00,370.61,370.87,370.48,370.7465,51495.718969,370.6885,2244,
2026-04-06 13:44:00,370.73,371.15,370.53,371.06,60481.391422,370.8934,2547,
2026-04-06 13:45:00,371.055,371.76,371.055,371.635,61930.147795,371.4301,2650,
2026-04-06 13:46:00,371.65,371.76,371.1,371.31,48534.538257,371.4272,2309,
2026-04-06 13:47:00,371.42,371.76,370.97,371.7,45021.529684,371.3276,2321,
2026-04-06 13:48:00,371.7,371.93,371.5284,371.8471,52836.062958,371.708,2352,
2026-04-06 13:49:00,371.81,372.09,371.72,371.77,54878.735733,371.9173,2398,
2026-04-06 13:50:00,371.795,372.18,371.66,372.1195,57960.333438,371.9361,2241,
2026-04-06 13:51:00,372.11,372.47,372.11,372.3,79062.97848,372.2606,2460,
2026-04-06 13:52:00,372.285,372.61,372.2348,372.41,77336.926022,372.4643,2531,
2026-04-06 13:53:00,372.424018,372.86,372.34,372.66,50601.671903,372.6237,2083,
2026-04-06 13:54:00,372.67,372.9039,372.46,372.46,47228.553149,372.688,2026,
2026-04-06 13:55:00,372.54,372.99,372.35,372.84,99904.45846,372.7971,2668,
2026-04-06 13:56:00,372.88,373.28,372.8,373.02,54350.273931,373.0013,2212,
2026-04-06 13:57:00,373.0,373.19,372.8,372.8423,41123.620933,373.0233,1734,
2026-04-06 13:58:00,372.89,372.9,372.615,372.715,47929.335464,372.7547,1941,
2026-04-06 13:59:00,372.75,373.27,372.735,373.235,45327.721984,372.9324,1917,
2026-04-06 14:00:00,373.19,373.53,372.5475,372.725,80455.020598,372.9672,3306,
2026-04-06 14:01:00,372.77,372.82,372.21,372.235,60439.135398,372.5043,2320,
2026-04-06 14:02:00,372.235,372.71,372.18,372.3,61005.62694,372.4709,2120,
2026-04-06 14:03:00,372.3,372.5199,372.11,372.325,25694.754884,372.3681,1697,
2026-04-06 14:04:00,372.4,372.47,371.86,371.86,31676.273234,372.1805,2066,
2026-04-06 14:05:00,371.99,372.35,371.89,371.89,33823.034949,372.1442,1752,
2026-04-06 14:06:00,371.965,372.28,371.74,372.28,47804.373643,371.9883,1860,
2026-04-06 14:07:00,372.28,372.625,372.21,372.3155,32830.095439,372.3953,1808,
2026-04-06 14:08:00,372.36,372.5,372.2,372.469,55058.012397,372.3648,1780,
2026-04-06 14:09:00,372.3613,372.6785,372.228,372.6785,65287.374605,372.4669,1992,
2026-04-06 14:10:00,372.655,372.67,371.69,371.855,94925.734633,372.0094,2411,
2026-04-06 14:11:00,371.835,372.53,371.7601,372.44,34706.941353,372.1744,1743,
2026-04-06 14:12:00,372.41,372.55,372.22,372.44,28838.030605,372.3947,1497,
2026-04-06 14:13:00,372.48,372.61,372.29,372.54,36682.171159,372.5002,1763,
2026-04-06 14:14:00,372.52,372.76,372.5,372.75,56501.85141,372.6512,1938,
2026-04-06 14:15:00,372.73,372.76,372.46,372.71,60784.828222,372.6051,2131,
2026-04-06 14:16:00,372.66,372.74,372.6,372.72,25842.368247,372.6627,1434,
2026-04-06 14:17:00,372.73,372.89,372.48,372.775,41504.218965,372.7321,1667,
2026-04-06 14:18:00,372.765,372.765,372.41,372.5,31632.375192,372.5797,1765,
2026-04-06 14:19:00,372.485,372.7499,372.48,372.68,40612.703973,372.5988,1543,
2026-04-06 14:20:00,372.68,372.85,372.64,372.69,47876.416949,372.7379,1787,
2026-04-06 14:21:00,372.67,373.01,372.585,372.97,31124.567194,372.8319,1622,
2026-04-06 14:22:00,372.9688,373.0,372.7001,372.7001,22285.03862,372.8375,1435,
2026-04-06 14:23:00,372.745,373.0,372.595,372.99,33256.302002,372.8283,1530,
2026-04-06 14:24:00,373.04,373.07,372.69,372.785,19609.649053,372.8506,1355,
2026-04-06 14:25:00,372.79,372.8,372.4977,372.6599,18918.667914,372.6679,1278,
2026-04-06 14:26:00,372.66,372.9499,372.66,372.9499,20712.835452,372.7542,1282,
2026-04-06 14:27:00,372.89,373.06,372.7901,372.8399,25904.087552,372.9059,1393,
2026-04-06 14:28:00,372.8,372.93,372.604,372.7828,46891.392023,372.7772,1924,
2026-04-06 14:29:00,372.8,372.84,372.55,372.65,21094.398927,372.6497,1489,
2026-04-06 14:30:00,372.69,372.94,372.58,372.8,33489.971924,372.7522,1558,
2026-04-06 14:31:00,372.8,372.99,372.725,372.725,29262.54765,372.8657,1479,
2026-04-06 14:32:00,372.73,372.8272,372.29,372.635,52783.628091,372.5605,1963,
2026-04-06 14:33:00,372.66,372.73,372.4265,372.465,30483.159601,372.6241,1613,
2026-04-06 14:34:00,372.465,372.625,372.33,372.39,28865.512756,372.5428,1505,
2026-04-06 14:35:00,372.405,372.669375,372.35,372.46,54224.277899,372.4835,1904,
2026-04-06 14:36:00,372.465,372.56,372.205,372.24,21909.203921,372.3793,1449,
2026-04-06 14:37:00,372.24,372.36,371.96,372.31,28596.743818,372.1399,1771,
2026-04-06 14:38:00,372.33,372.65,371.75,371.9199,56312.741378,372.1677,2452,
2026-04-06 14:39:00,371.855,372.04,371.65,371.77,30904.940403,371.8126,1564,
2026-04-06 14:40:00,371.75,372.22,371.64,372.135,23732.100944,371.9157,1587,
2026-04-06 14:41:00,372.125,372.26,371.858,372.0,41505.428898,372.0829,1823,
2026-04-06 14:42:00,372.06,372.178,371.9,371.95,26577.344675,372.0311,1383,
2026-04-06 14:43:00,371.94,371.95,371.5,371.885,28153.174561,371.7225,1527,
2026-04-06 14:44:00,371.8412,372.09,371.7801,371.86,18183.547859,371.94,1296,
2026-04-06 14:45:00,371.84,371.84,371.42,371.72,37358.952037,371.5643,1708,
2026-04-06 14:46:00,371.73,371.82,371.551,371.67,17010.346642,371.701,1272,
2026-04-06 14:47:00,371.67,371.7,371.34,371.43,23424.554159,371.4598,1449,
2026-04-06 14:48:00,371.4286,371.61,371.3996,371.4585,29911.604244,371.4879,1487,
2026-04-06 14:49:00,371.45,371.48,371.15,371.2235,25094.607271,371.311,1564,
2026-04-06 14:50:00,371.29,371.41,371.19,371.2871,26471.512443,371.2986,1388,
2026-04-06 14:51:00,371.29,371.45,371.14,371.345,38143.519367,371.2998,1620,
2026-04-06 14:52:00,371.36,371.59,371.31,371.47,40848.446668,371.4424,1649,
2026-04-06 14:53:00,371.498,371.69,371.45,371.56,33100.628202,371.5684,1489,
2026-04-06 14:54:00,371.56,371.74,371.45,371.665,42882.273301,371.5957,1606,
2026-04-06 14:55:00,371.595,371.74,371.5,371.645,24678.27233,371.6284,1441,
2026-04-06 14:56:00,371.6563,371.86,371.64,371.78,26433.310127,371.74,1612,
2026-04-06 14:57:00,371.78,372.16,371.735,372.0,39125.541994,371.9868,1619,
2026-04-06 14:58:00,372.08,372.3,372.03,372.285,24306.274448,372.1467,1428,
2026-04-06 14:59:00,372.25,372.3115,371.9,371.98,17699.521321,372.0785,1316,
2026-04-06 15:00:00,372.0,372.075,371.97,372.04,23549.28528,372.0241,1523,
2026-04-06 15:01:00,372.045,372.2,372.0,372.16,40924.964477,372.1032,1569,
2026-04-06 15:02:00,372.16,372.245,372.0,372.06,23843.661871,372.0855,1366,
2026-04-06 15:03:00,372.04,372.07,371.75,371.83,18927.779068,371.8999,1369,
2026-04-06 15:04:00,371.86,371.8975,371.56,371.885,21505.788467,371.7239,1315,
2026-04-06 15:05:00,371.87,372.24,371.81,372.13,24614.271942,372.0609,1308,
2026-04-06 15:06:00,372.16,372.26,372.063,372.16,26626.288768,372.1874,1396,
2026-04-06 15:07:00,372.115,372.605,372.0,372.585,33685.886153,372.4134,1691,
2026-04-06 15:08:00,372.62,372.67,372.32,372.52,157064.049489,372.4581,2083,
2026-04-06 15:09:00,372.53,372.61,372.36,372.5,32449.358243,372.4892,1605,
2026-04-06 15:10:00,372.48,372.51,372.14,372.14,26250.508934,372.4145,1584,
2026-04-06 15:11:00,372.19,372.3663,372.01,372.34,27308.495457,372.171,1534,
2026-04-06 15:12:00,372.335,372.37,372.18,372.36,15789.121375,372.2922,1281,
2026-04-06 15:13:00,372.35,372.56,372.33,372.38,41892.176389,372.4536,1683,
2026-04-06 15:14:00,372.3301,372.34,372.13,372.33,43862.465505,372.2487,1631,
2026-04-06 15:15:00,372.32,372.38,372.04,372.1742,19457.333721,372.2146,1314,
2026-04-06 15:16:00,372.18,372.195,372.03,372.15,26984.680127,372.1065,1382,
2026-04-06 15:17:00,372.1399,372.43,372.0701,372.43,15464.39683,372.2828,1208,
2026-04-06 15:18:00,372.3101,372.4288,372.1405,372.17,32505.007183,372.3601,1323,
2026-04-06 15:19:00,372.14,372.19,371.934,372.18,17596.944576,372.0723,1431,
2026-04-06 15:20:00,372.15,372.17,371.7659,371.88,59081.860312,371.9671,1857,
2026-04-06 15:21:00,371.9388,372.0199,371.74,372.01,19815.665245,371.8856,1264,
2026-04-06 15:22:00,371.9431,372.02,371.7501,371.915,18946.472547,371.9304,1195,
2026-04-06 15:23:00,371.8601,372.02,371.7,371.83,20704.530076,371.86,1374,
2026-04-06 15:24:00,371.815,371.91,371.6601,371.9,21126.640375,371.7755,1366,
2026-04-06 15:25:00,371.91,371.91,371.635,371.6958,38135.294472,371.7624,1551,
2026-04-06 15:26:00,371.76,371.91,371.72,371.79,23327.794554,371.8,1346,
2026-04-06 15:27:00,371.84,371.93,371.7,371.7,21272.377281,371.8133,1275,
2026-04-06 15:28:00,371.705,371.705,371.3001,371.48,27535.221242,371.4649,1607,
2026-04-06 15:29:00,371.45,371.54,371.36,371.37,27942.753743,371.4472,1396,
2026-04-06 15:30:00,371.4,371.44,371.2601,371.29,21157.317339,371.342,1316,
2026-04-06 15:31:00,371.29,371.47,371.25,371.305,23821.568259,371.3618,1277,
2026-04-06 15:32:00,371.31,371.36,371.18,371.245,15990.312498,371.2825,1198,
2026-04-06 15:33:00,371.18,371.25,370.9412,371.17,44480.952175,371.0717,2240,
2026-04-06 15:34:00,371.2184,371.24,371.1201,371.17,18242.147892,371.1735,1265,
2026-04-06 15:35:00,371.17,371.27,371.0504,371.19,18196.917977,371.1493,1382,
2026-04-06 15:36:00,371.22,371.24,370.9001,370.995,25206.72393,371.0501,1463,
2026-04-06 15:37:00,371.01,371.02,370.83,371.02,35110.727303,370.9319,1597,
2026-04-06 15:38:00,371.04,371.14,370.95,371.125,15278.54636,371.0446,1236,
2026-04-06 15:39:00,371.13,371.38,371.13,371.34,29864.030808,371.2871,1383,
2026-04-06 15:40:00,371.35,371.57,371.35,371.57,29366.401738,371.4425,1248,
2026-04-06 15:41:00,371.5393,371.59,371.1701,371.26,29712.609704,371.4187,1322,
2026-04-06 15:42:00,371.3188,371.59,371.3,371.525,36257.822931,371.4867,1521,
2026-04-06 15:43:00,371.5,371.52,371.31,371.35,16533.872951,371.4185,1153,
2026-04-06 15:44:00,371.34,371.48,371.28,371.41,13137.875222,371.3729,1134,
2026-04-06 15:45:00,371.41,371.41,371.28,371.2901,17857.042177,371.3553,1132,
2026-04-06 15:46:00,371.335,371.53,371.33,371.49,12348.247638,371.4117,1088,
2026-04-06 15:47:00,371.48,371.73,371.47,371.66,29519.096003,371.6337,1302,
2026-04-06 15:48:00,371.65,371.73,371.575,371.585,14718.138755,371.6653,1145,
2026-04-06 15:49:00,371.58,371.65,371.5201,371.635,15582.055919,371.5911,1082,
2026-04-06 15:50:00,371.61,371.78,371.49,371.78,14167.884263,371.6025,1188,
2026-04-06 15:51:00,371.79,371.79,371.635,371.655,37489.962606,371.6985,1437,
2026-04-06 15:52:00,371.655,371.78,371.56,371.72,20863.883721,371.6648,1257,
2026-04-06 15:53:00,371.7035,371.82,371.685,371.725,12749.05973,371.7586,1124,
2026-04-06 15:54:00,371.73,371.79,371.65,371.72,44177.571902,371.7271,1316,
2026-04-06 15:55:00,371.7,371.7,371.52,371.62,18601.828743,371.6174,1158,
2026-04-06 15:56:00,371.62,371.67,371.445,371.65,20662.634478,371.56,1042,
2026-04-06 15:57:00,371.67,371.73,371.48,371.73,30719.273439,371.5803,832,
2026-04-06 15:58:00,371.74,371.81,371.56,371.61,17762.070069,371.6725,587,
2026-04-06 15:59:00,371.61,371.64,371.51,371.6099,19737.657362,371.5755,645,
2026-04-06 16:00:00,371.59,371.66,371.41,371.41,48934.719774,371.5499,947,
2026-04-06 16:01:00,371.405,371.63,371.3601,371.61,20690.608334,371.5036,737,
2026-04-06 16:02:00,371.64,371.65,371.35,371.49,37448.692777,371.5499,932,
2026-04-06 16:03:00,371.49,371.5999,371.4,371.46,22659.685409,371.4859,703,
2026-04-06 16:04:00,371.45,371.47,371.3,371.34,20281.244085,371.3742,668,
2026-04-06 16:05:00,371.34,371.5399,371.34,371.53,22984.580474,371.4635,717,
2026-04-06 16:06:00,371.53,371.54,371.365,371.365,17177.568241,371.4871,561,
2026-04-06 16:07:00,371.38,371.46,371.28,371.43,218878.658328,371.388,728,
2026-04-06 16:08:00,371.49,371.5,371.37,371.39,12032.669776,371.4292,606,
2026-04-06 16:09:00,371.385,371.41,371.32,371.33,12374.735482,371.3702,619,
2026-04-06 16:10:00,371.33,371.36,371.24,371.33,20274.024635,371.2894,727,
2026-04-06 16:11:00,371.33,371.4588,371.282,371.36,19746.866471,371.3667,691,
2026-04-06 16:12:00,371.385,371.465,371.25,371.32,19626.361867,371.342,699,
2026-04-06 16:13:00,371.285,371.47,371.25,371.39,17338.454793,371.3895,648,
2026-04-06 16:14:00,371.41,371.535,371.39,371.5,27982.037416,371.4633,676,
2026-04-06 16:15:00,371.52,371.61,371.4,371.4,27297.731665,371.539,780,
2026-04-06 16:16:00,371.425,371.6,371.4126,371.575,17831.16652,371.4788,666,
2026-04-06 16:17:00,371.575,371.62,371.4501,371.51,20421.679287,371.5177,717,
2026-04-06 16:18:00,371.515,371.515,371.42,371.46,13740.409678,371.4606,625,
2026-04-06 16:19:00,371.451,371.54,371.4,371.43,12483.381423,371.4647,652,
2026-04-06 16:20:00,371.45,371.56,371.4,371.56,19910.287906,371.4776,670,
2026-04-06 16:21:00,371.56,371.67,371.55,371.63,27696.390368,371.609,707,
2026-04-06 16:22:00,371.6451,371.65,371.51,371.51,47993.901548,371.614,731,
2026-04-06 16:23:00,371.525,371.57,371.36,371.54,44871.040383,371.4106,1143,
2026-04-06 16:24:00,371.56,371.83,371.56,371.8199,34611.538854,371.621,772,
2026-04-06 16:25:00,371.83,371.92,371.81,371.893905,22226.333573,371.8603,751,
2026-04-06 16:26:00,371.89,371.9,371.7,371.7,45491.21493,371.7757,992,
2026-04-06 16:27:00,371.71,371.8075,371.62,371.805,14811.221544,371.7038,574,
2026-04-06 16:28:00,371.81,372.05,371.805,372.05,26276.478183,371.9136,836,
2026-04-06 16:29:00,372.03,372.09,371.9225,372.005,35125.329457,372.0231,808,
2026-04-06 16:30:00,372.005,372.0399,371.83,371.88,44242.927164,371.7606,766,
2026-04-06 16:31:00,371.85,372.15,371.82,372.1052,20970.637858,372.0112,693,
2026-04-06 16:32:00,372.1001,372.3699,372.07,372.36,16896.443392,372.1716,743,
2026-04-06 16:33:00,372.36,372.38,372.22,372.245,31760.465757,372.2695,777,
2026-04-06 16:34:00,372.245,372.49,372.24,372.4662,11318.821046,372.3362,596,
2026-04-06 16:35:00,372.46,372.49,372.43,372.46,16559.216558,372.4589,665,
2026-04-06 16:36:00,372.45,372.61,372.39,372.61,27552.598228,372.4458,905,
2026-04-06 16:37:00,372.6,372.918,372.59,372.86,28084.978825,372.7792,952,
2026-04-06 16:38:00,372.86,373.0,372.8007,372.81,26621.2771,372.8869,930,
2026-04-06 16:39:00,372.77,372.9,372.74,372.8407,19566.152506,372.8244,727,
2026-04-06 16:40:00,372.8,372.84,372.65,372.705,22015.501777,372.7527,795,
2026-04-06 16:41:00,372.7,372.74,372.5001,372.55,31101.937307,372.6043,892,
2026-04-06 16:42:00,372.56,372.65,372.5201,372.62,53078.835347,372.578,988,
2026-04-06 16:43:00,372.62,372.6899,372.58,372.5801,27798.917615,372.627,726,
2026-04-06 16:44:00,372.6,372.68,372.6,372.6377,24277.832699,372.64,785,
2026-04-06 16:45:00,372.62,372.72,372.41,372.43,28453.18984,372.6013,959,
2026-04-06 16:46:00,372.43,372.53,372.3201,372.445,21203.120365,372.4218,675,
2026-04-06 16:47:00,372.48,372.55,372.42,372.45,28576.470673,372.4809,731,
2026-04-06 16:48:00,372.445,372.68,372.42,372.62,18246.720874,372.5387,633,
2026-04-06 16:49:00,372.57,372.58,372.45,372.51,19068.710141,372.5151,579,
2026-04-06 16:50:00,372.515,372.58,372.48,372.49,10816.563464,372.5215,562,
2026-04-06 16:51:00,372.508,372.52,372.32,372.36,18229.074015,372.4169,598,
2026-04-06 16:52:00,372.35,372.38,372.27,372.31,19377.299931,372.3268,695,
2026-04-06 16:53:00,372.31,372.35,372.13,372.2197,26931.734873,372.2805,831,
2026-04-06 16:54:00,372.1927,372.34,372.0,372.2,45206.112708,372.2068,1124,
2026-04-06 16:55:00,372.1834,372.245,372.0,372.085,32767.874513,372.0821,861,
2026-04-06 16:56:00,372.0992,372.1,371.83,372.0676,78330.671803,371.9722,1489,
2026-04-06 16:57:00,372.06,372.19,372.055,372.115,11489.738026,372.1155,462,
2026-04-06 16:58:00,372.115,372.28,372.064144,372.17,21056.511607,372.1838,590,
2026-04-06 16:59:00,372.17,372.28,372.1,372.17,25315.952552,372.1566,630,
2026-04-06 17:00:00,372.2,372.2093,371.83,371.99,59805.00314,371.9984,1477,
2026-04-06 17:01:00,372.01,372.13,371.83,371.83,23977.113671,371.9736,747,
2026-04-06 17:02:00,371.85,371.86,371.68,371.69,33250.320715,371.759,1016,
2026-04-06 17:03:00,371.7235,371.8,371.6,371.8,23536.836633,371.7117,739,
2026-04-06 17:04:00,371.76,371.97,371.73,371.845,22588.772744,371.8632,626,
2026-04-06 17:05:00,371.845,371.91,371.72,371.795,27413.320282,371.8075,781,
2026-04-06 17:06:00,371.785,371.84,371.65,371.715,15790.571598,371.7663,620,
2026-04-06 17:07:00,371.66,371.945,371.65,371.88,16439.799141,371.8606,652,
2026-04-06 17:08:00,371.9,372.12,371.8821,372.01,31527.358248,371.997,781,
2026-04-06 17:09:00,372.009,372.1125,371.82,371.92,19467.239444,372.0011,673,
2026-04-06 17:10:00,371.93,371.93,371.55,371.685,24843.76193,371.7423,886,
2026-04-06 17:11:00,371.72,371.73,371.5601,371.73,13462.339018,371.6546,562,
2026-04-06 17:12:00,371.71,371.81,371.13,371.175,59983.570046,371.4931,1641,
2026-04-06 17:13:00,371.21,371.255,370.77,370.78,60379.395395,370.9978,1900,
2026-04-06 17:14:00,370.78,371.14,370.6901,371.0451,34797.833604,370.9041,1016,
2026-04-06 17:15:00,371.02,371.2402,370.82,370.925,42926.532389,371.0376,1219,
2026-04-06 17:16:00,370.9,371.1,370.88,371.0458,14096.318629,370.9644,663,
2026-04-06 17:17:00,371.07,371.38,371.07,371.2001,27376.710558,371.2626,734,
2026-04-06 17:18:00,371.23,371.28,371.0,371.18,34910.584129,371.129,752,
2026-04-06 17:19:00,371.15,371.42,371.11,371.41,20220.572007,371.2865,679,
2026-04-06 17:20:00,371.37,371.52,371.255,371.27,27663.958868,371.3948,775,
2026-04-06 17:21:00,371.25,371.47,371.18,371.435,20809.325242,371.2809,634,
2026-04-06 17:22:00,371.425,371.7474,371.36,371.68,24171.238138,371.582,736,
2026-04-06 17:23:00,371.6505,371.88,371.61,371.69,13727.063989,371.7417,564,
2026-04-06 17:24:00,371.6401,371.87,371.6101,371.864,11182.056098,371.7623,477,
2026-04-06 17:25:00,371.86,371.95,371.78,371.94,20445.179397,371.8235,631,
2026-04-06 17:26:00,371.94,371.99,371.76,371.865,14772.09469,371.896,538,
2026-04-06 17:27:00,371.845,372.172,371.81,372.07,22439.997144,372.0184,645,
2026-04-06 17:28:00,372.08,372.25,371.92,372.22,22686.630618,372.0678,649,
2026-04-06 17:29:00,372.22,372.33,372.1501,372.265,24313.251228,372.2283,649,
2026-04-06 17:30:00,372.25,372.29,372.17,372.23,11154.365495,372.228,602,
2026-04-06 17:31:00,372.2151,372.5199,372.2101,372.49,31272.406771,372.3245,951,
2026-04-06 17:32:00,372.5,372.5,372.3446,372.3701,12288.427196,372.44,668,
2026-04-06 17:33:00,372.39,372.4,372.24,372.325,13492.619917,372.3187,620,
2026-04-06 17:34:00,372.325,372.57,372.06,372.06,35812.81739,372.326,1187,
2026-04-06 17:35:00,372.1,372.24,372.0401,372.172,22013.077662,372.151,615,
2026-04-06 17:36:00,372.1718,372.28,372.17,372.26,13618.003754,372.2121,558,
2026-04-06 17:37:00,372.2795,372.2795,371.91,371.95,15233.482669,372.1176,682,
2026-04-06 17:38:00,371.96,372.08,371.8001,372.08,26762.799287,371.9387,814,
2026-04-06 17:39:00,372.09,372.15,371.9216,372.045,28165.441697,372.0571,733,
2026-04-06 17:40:00,372.08,372.235,371.995,372.22,51989.554271,372.0622,1083,
2026-04-06 17:41:00,372.185,372.24,371.99,372.055,37218.774222,372.1201,892,
2026-04-06 17:42:00,372.06,372.34,371.9601,372.25,40151.66211,372.2031,928,
2026-04-06 17:43:00,372.25,372.5,372.2,372.49,24693.597467,372.3209,803,
2026-04-06 17:44:00,372.53,372.67,372.47,372.635,33341.920268,372.5651,926,
2026-04-06 17:45:00,372.63,372.66,372.36,372.44,33491.716391,372.4656,781,
2026-04-06 17:46:00,372.435,372.53,372.25,372.31,32332.112633,372.3995,729,
2026-04-06 17:47:00,372.3195,372.3195,372.075,372.085,14587.434443,372.2131,503,
2026-04-06 17:48:00,372.1,372.13,371.88,371.915,16965.285433,372.0389,647,
2026-04-06 17:49:00,371.905,372.09,371.81,371.865,17610.946719,371.9528,560,
2026-04-06 17:50:00,371.91,371.9899,371.85,371.9581,14653.730022,371.92,499,
2026-04-06 17:51:00,371.97,371.99,371.78,371.98,22257.761817,371.852,574,
2026-04-06 17:52:00,371.96,372.09,371.96,371.995,23167.268574,372.0148,586,
2026-04-06 17:53:00,371.995,372.01,371.7601,371.79,17413.291256,371.8714,465,
2026-04-06 17:54:00,371.79,371.8,371.61,371.73,10364.136576,371.8043,514,
2026-04-06 17:55:00,371.73,371.84,371.72,371.78,13777.698967,371.7846,5365,
2026-04-06 17:56:00,371.8,371.8,371.665,371.7501,15849.103248,371.7321,686,
2026-04-06 17:57:00,371.7501,371.8765,371.7501,371.775,10779.480271,371.7309,483,
2026-04-06 17:58:00,371.75,371.8,371.69,371.76,15724.76092,371.7405,541,
2026-04-06 17:59:00,371.745,371.84,371.63,371.64,14717.41756,371.7521,605,
2026-04-06 18:00:00,371.66,371.7101,371.57,371.63,212734.590589,371.6502,559,
2026-04-06 18:01:00,371.68,371.74,371.56,371.62,14132.421525,371.6467,564,
2026-04-06 18:02:00,371.63,371.6792,371.5,371.605,12641.273093,371.5997,554,
2026-04-06 18:03:00,371.6,371.71,371.5401,371.595,11011.90978,371.6217,461,
2026-04-06 18:04:00,371.5851,371.74,371.48,371.59,23642.091959,371.6052,807,
2026-04-06 18:05:00,371.61,371.82,371.52,371.795,14298.329687,371.6618,580,
2026-04-06 18:06:00,371.8,371.9599,371.73,371.91,20829.013606,371.8463,612,
2026-04-06 18:07:00,371.905,372.1,371.89,372.05,21864.211113,372.0096,657,
2026-04-06 18:08:00,372.0045,372.03,371.9,371.955,14246.30622,371.9718,556,
2026-04-06 18:09:00,371.97,372.24,371.9556,372.21,30498.717008,372.1234,698,
2026-04-06 18:10:00,372.23,372.545,372.2124,372.485,24496.435723,372.3726,797,
2026-04-06 18:11:00,372.475,372.73,372.4,372.625,27525.64159,372.5742,841,
2026-04-06 18:12:00,372.58,372.58,372.34,372.47,17836.521965,372.4417,557,
2026-04-06 18:13:00,372.52,372.75,372.43,372.72,17865.391946,372.5889,592,
2026-04-06 18:14:00,372.71,372.7101,372.54,372.6621,36235.232577,372.6434,823,
2026-04-06 18:15:00,372.68,372.87,372.675,372.81,20901.383489,372.7489,781,
2026-04-06 18:16:00,372.81,372.88,372.7,372.79,23942.230781,372.7787,736,
2026-04-06 18:17:00,372.755,372.95,372.755,372.8901,17276.008386,372.8537,511,
2026-04-06 18:18:00,372.94,373.15,372.94,373.05,44382.076815,373.0237,1031,
2026-04-06 18:19:00,373.06,373.28,373.02,373.2,28395.029748,373.1181,766,
2026-04-06 18:20:00,373.14,373.21,373.08,373.13,20569.828451,373.125,662,
2026-04-06 18:21:00,373.125,373.28,373.05,373.2665,24724.211022,373.1614,685,
2026-04-06 18:22:00,373.23,373.28,373.11,373.2416,29016.049843,373.1941,844,
2026-04-06 18:23:00,373.26,373.41,373.2302,373.4,43631.378876,373.293,1046,
2026-04-06 18:24:00,373.4,373.66,373.35,373.5,32810.333823,373.5029,1018,
2026-04-06 18:25:00,373.505,373.505,373.36,373.415,26060.993267,373.4128,696,
2026-04-06 18:26:00,373.415,373.46,373.11,373.11,35560.492146,373.2915,895,
2026-04-06 18:27:00,373.1,373.34,373.0,373.28,24013.961481,373.2091,792,
2026-04-06 18:28:00,373.22,373.34,372.93,372.99,30316.206395,373.1516,686,
2026-04-06 18:29:00,373.025,373.025,372.82,372.93,15622.858763,372.9392,572,
2026-04-06 18:30:00,372.92,373.32,372.92,373.14,24197.314908,373.1554,708,
2026-04-06 18:31:00,373.11,373.2,373.0125,373.12,18832.418135,373.0884,546,
2026-04-06 18:32:00,373.125,373.16,372.87,373.06,16515.367505,373.0081,585,
2026-04-06 18:33:00,373.06,373.06,372.9001,372.93,15934.46968,372.969,493,
2026-04-06 18:34:00,372.93,372.93,372.665,372.76,15889.535999,372.7851,588,
2026-04-06 18:35:00,372.73,372.8599,372.73,372.81,16957.330271,372.8,611,
2026-04-06 18:36:00,372.825,372.88,372.6925,372.73,20361.539327,372.7913,568,
2026-04-06 18:37:00,372.73,372.73,372.64,372.7287,13765.536304,372.6912,469,
2026-04-06 18:38:00,372.71,372.71,372.6,372.6,14691.017208,372.6426,546,
2026-04-06 18:39:00,372.63,372.7399,372.55,372.56,11989.736096,372.6455,572,
2026-04-06 18:40:00,372.56,372.61,372.42,372.45,25704.826391,372.5295,638,
2026-04-06 18:41:00,372.46,372.52,372.425,372.44,18385.351729,372.4667,519,
2026-04-06 18:42:00,372.44,372.46,372.3061,372.3061,12590.420386,372.4206,530,
2026-04-06 18:43:00,372.34,372.44,372.31,372.36,16356.825851,372.3759,645,
2026-04-06 18:44:00,372.36,372.5199,372.3501,372.465,9931.572785,372.437,533,
2026-04-06 18:45:00,372.48,372.6099,372.445,372.48,24074.478408,372.5232,759,
2026-04-06 18:46:00,372.51,372.5399,372.35,372.39,11207.179783,372.4633,492,
2026-04-06 18:47:00,372.4199,372.52,372.3401,372.41,12846.708536,372.4334,471,
2026-04-06 18:48:00,372.415,372.45,372.26,372.42,34579.627358,372.3216,824,
2026-04-06 18:49:00,372.42,372.42,372.33,372.405,10682.536295,372.3691,468,
2026-04-06 18:50:00,372.41,372.56,372.39,372.56,16199.448524,372.472,617,
2026-04-06 18:51:00,372.58,372.71,372.48,372.48,31274.77294,372.6059,717,
2026-04-06 18:52:00,372.465,372.5095,372.43,372.48,18274.654708,372.4735,456,
2026-04-06 18:53:00,372.48,372.49,372.37,372.49,28080.552254,372.4379,804,
2026-04-06 18:54:00,372.48,372.55,372.45,372.5195,15307.335664,372.4953,606,
2026-04-06 18:55:00,372.495,372.6399,372.47,372.555,12878.745649,372.556,433,
2026-04-06 18:56:00,372.56,372.69,372.541,372.62,27737.322192,372.604,577,
2026-04-06 18:57:00,372.615,372.6166,372.5,372.52,18317.911389,372.5661,557,
2026-04-06 18:58:00,372.54,372.56,372.47,372.4898,19017.454788,372.5135,546,
2026-04-06 18:59:00,372.5,372.61,372.47,372.546,20446.603009,372.5226,555,
2026-04-06 19:00:00,372.56,372.56,372.2,372.24,26722.145243,372.3881,828,
2026-04-06 19:01:00,372.24,372.3,372.21,372.2201,16391.215058,372.2681,668,
2026-04-06 19:02:00,372.27,372.3527,372.12,372.35,24221.99161,372.2113,778,
2026-04-06 19:03:00,372.36,372.425,372.27,372.425,15591.840022,372.3391,587,
2026-04-06 19:04:00,372.44,372.53,372.4,372.5,11413.709952,372.4696,499,
2026-04-06 19:05:00,372.5,372.5999,372.4433,372.555,23090.285164,372.4987,755,
2026-04-06 19:06:00,372.5746,372.6725,372.48,372.48,31706.53899,372.5872,786,
2026-04-06 19:07:00,372.5,372.62,372.38,372.57,45359.285728,372.4969,906,
2026-04-06 19:08:00,372.56,372.59,372.3,372.37,21168.213609,372.4061,715,
2026-04-06 19:09:00,372.36,372.5,372.3001,372.492,16054.757638,372.397,600,
2026-04-06 19:10:00,372.48,372.58,372.33,372.38,30617.603022,372.4268,834,
2026-04-06 19:11:00,372.4,372.56,372.3201,372.52,15674.41376,372.4452,662,
2026-04-06 19:12:00,372.5,372.59,372.475,372.57,18880.550017,372.5208,552,
2026-04-06 19:13:00,372.58,372.8,372.5513,372.67,36308.739877,372.6881,847,
2026-04-06 19:14:00,372.674,372.7096,372.59,372.63,21988.063059,372.6264,588,
2026-04-06 19:15:00,372.64,372.64,372.48,372.515,24356.346671,372.5588,787,
2026-04-06 19:16:00,372.4901,372.52,372.37,372.405,19389.372695,372.4605,717,
2026-04-06 19:17:00,372.4,372.56,372.3564,372.5,21604.788269,372.4493,679,
2026-04-06 19:18:00,372.4501,372.5099,372.2525,372.505,25858.640769,372.3566,903,
2026-04-06 19:19:00,372.505,372.5393,372.3001,372.3894,20377.450341,372.4176,727,
2026-04-06 19:20:00,372.38,372.6299,372.37,372.595,29976.56217,372.4941,896,
2026-04-06 19:21:00,372.61,372.74,372.6,372.69,31891.543164,372.6552,876,
2026-04-06 19:22:00,372.68,372.68,372.51,372.63,17238.520658,372.5947,663,
2026-04-06 19:23:00,372.64,372.7199,372.51,372.605,20410.694822,372.6557,636,
2026-04-06 19:24:00,372.6125,372.62,372.33,372.38,19605.294715,372.4539,665,
2026-04-06 19:25:00,372.38,372.38,372.2,372.36,19184.656496,372.308,753,
2026-04-06 19:26:00,372.35,372.53,372.2701,372.53,29035.105638,372.3893,832,
2026-04-06 19:27:00,372.54,372.56,372.47,372.5,14891.466508,372.5114,657,
2026-04-06 19:28:00,372.5,372.5,372.35,372.37,18454.89479,372.4283,752,
2026-04-06 19:29:00,372.34,372.43,372.34,372.41,15492.763603,372.3931,609,
2026-04-06 19:30:00,372.41,372.429,372.33,372.375,24991.414023,372.3764,834,
2026-04-06 19:31:00,372.3899,372.406189,372.27,372.28,33278.79306,372.3317,872,
2026-04-06 19:32:00,372.26,372.32,372.22,372.31,30168.165453,372.2706,894,
2026-04-06 19:33:00,372.32,372.4,372.26,372.3372,19953.532519,372.3242,804,
2026-04-06 19:34:00,372.34,372.35,372.25,372.35,14448.988946,372.2912,688,
2026-04-06 19:35:00,372.335,372.52,372.335,372.47,26571.959104,372.4496,905,
2026-04-06 19:36:00,372.465,372.54,372.31,372.325,16312.535549,372.4495,777,
2026-04-06 19:37:00,372.315,372.3999,372.28,372.385,22420.495885,372.3399,776,
2026-04-06 19:38:00,372.38,372.4,372.27,372.365,17643.200959,372.3486,706,
2026-04-06 19:39:00,372.3627,372.42,372.31,372.35,22193.417355,372.3495,786,
2026-04-06 19:40:00,372.35,372.47,372.14,372.19,29710.949905,372.311,1081,
2026-04-06 19:41:00,372.17,372.17,371.77,371.86,41515.490583,371.9488,1670,
2026-04-06 19:42:00,371.86,372.08,371.82,372.07,23124.628802,371.9163,1011,
2026-04-06 19:43:00,372.07,372.2885,372.0556,372.195,31272.908258,372.1955,1002,
2026-04-06 19:44:00,372.195,372.54,372.195,372.52,42530.931528,372.3382,1273,
2026-04-06 19:45:00,372.5,372.79,372.47,372.789,44484.557778,372.6431,1282,
2026-04-06 19:46:00,372.78,372.83,372.665,372.73,34285.959615,372.7305,1099,
2026-04-06 19:47:00,372.725,372.78,372.53,372.58,42114.84536,372.6788,1203,
2026-04-06 19:48:00,372.6,372.76,372.57,372.76,27756.414696,372.6364,913,
2026-04-06 19:49:00,372.765,372.94,372.72,372.925,28129.11301,372.781,1076,
2026-04-06 19:50:00,372.95,373.15,372.81,372.815,81716.924086,372.9305,1760,
2026-04-06 19:51:00,372.82,372.8475,372.72,372.8475,38391.70882,372.7778,1347,
2026-04-06 19:52:00,372.83,372.87,372.66,372.66,44644.203445,372.7707,1436,
2026-04-06 19:53:00,372.64,372.84,372.6,372.81,40614.363028,372.7534,1218,
2026-04-06 19:54:00,372.8,372.82,372.6,372.62,55636.19326,372.7177,1730,
2026-04-06 19:55:00,372.65,372.73,372.36,372.437842,80373.987345,372.4715,1791,
2026-04-06 19:56:00,372.435,372.435,372.29,372.335,63484.011071,372.3674,1866,
2026-04-06 19:57:00,372.335,372.66,372.27,372.575,106590.956516,372.4436,2607,
2026-04-06 19:58:00,372.59,372.72,372.57,372.67,109118.813317,372.6268,2892,
2026-04-06 19:59:00,372.68,372.92,372.57,372.861,257739.632694,372.7276,5969,
2026-04-06 20:00:00,372.88,372.88,372.54,372.79,129846.2413,372.8736,221,
2026-04-06 20:01:00,372.79,372.83,372.6328,372.83,2193.858536,372.7323,59,
2026-04-06 20:02:00,372.79,372.82,372.7,372.73,681.0,372.7405,32,
2026-04-06 20:03:00,372.71,372.7599,372.7,372.7599,1117.678,372.7399,25,
2026-04-06 20:04:00,372.71,372.7431,372.54,372.66,2472.291837,372.6163,111,
2026-04-06 20:06:00,372.88,372.88,372.5,372.5,2710.015268,372.7819,30,
2026-04-06 20:07:00,372.59,372.64,372.59,372.6,720.134178,372.6087,24,
2026-04-06 20:08:00,372.53,372.55,372.51,372.54,17337.228139,372.8697,42,
2026-04-06 20:09:00,372.5001,372.5799,372.5001,372.5696,1787.041169,372.5341,28,
2026-04-06 20:11:00,372.5104,372.56,372.5104,372.56,463.0,372.5563,38,
2026-04-06 20:12:00,372.58,372.58,372.2756,372.2756,1497.0,372.5065,69,
2026-04-06 20:13:00,372.47,372.48,372.47,372.47,1075.089592,372.4738,44,
2026-04-06 20:14:00,372.58,372.58,372.41,372.47,214.089592,372.4674,17,
2026-04-06 20:15:00,372.4,372.4,372.4,372.4,166.056568,372.384,27,
2026-04-06 20:17:00,372.3071,372.3071,372.3071,372.3071,519.0,372.3708,31,
2026-04-06 20:19:00,372.4,372.5,372.4,372.48,532.029772,372.4762,25,
2026-04-06 20:20:00,372.49,372.5,372.49,372.5,1205.172396,372.4988,23,
2026-04-06 20:21:00,372.5,372.58,372.5,372.58,829.267975,372.5152,38,
2026-04-06 20:22:00,372.5,372.57,372.5,372.57,220.0,372.5118,17,
2026-04-06 20:25:00,372.56,372.56,372.55,372.55,371.026839,372.5542,21,
2026-04-06 20:27:00,372.58,372.58,372.51,372.51,240.0,372.5468,88,
2026-04-06 20:28:00,372.51,372.51,372.37,372.49,6297.221516,372.487,120,
2026-04-06 20:29:00,372.57,372.57,372.57,372.57,184.0,372.5636,63,
2026-04-06 20:30:00,372.58,372.58,372.58,372.58,157.0,372.568,15,
2026-04-06 20:31:00,372.5783,372.5783,372.4234,372.4234,545.0,372.48,36,
2026-04-06 20:32:00,372.421,372.5,372.421,372.5,389.0,372.4837,20,
2026-04-06 20:33:00,372.4503,372.47,372.4,372.4,3155.082954,372.4484,43,
2026-04-06 20:34:00,372.42,372.76,372.42,372.49,1914.15197,372.619,72,
2026-04-06 20:36:00,372.6,372.6,372.4,372.4,611.0,372.4993,25,
2026-04-06 20:37:00,372.51,372.51,372.51,372.51,192.157654,372.5562,16,
2026-04-06 20:38:00,372.45,372.45,372.43,372.43,300.0,372.4753,27,
2026-04-06 20:40:00,372.5,372.57,372.43,372.57,649.266257,372.4655,31,
2026-04-06 20:41:00,372.41,372.41,372.4,372.41,2557.0,372.4102,116,
2026-04-06 20:42:00,372.41,372.41,372.4,372.4,3928.000026,372.4001,130,
2026-04-06 20:44:00,372.3955,372.3955,372.3955,372.3955,188.037459,372.329,18,
2026-04-06 20:45:00,372.404,372.404,372.33,372.33,409.0,372.3591,18,
2026-04-06 20:46:00,372.41,372.41,372.4,372.4,246.0,372.3982,17,
2026-04-06 20:47:00,372.3957,372.41,372.3957,372.4,683.067366,372.3714,46,
2026-04-06 20:48:00,372.39,372.39,372.39,372.39,329.031004,372.3168,55,
2026-04-06 20:49:00,372.4,372.4,372.3,372.3,607.485064,372.3531,43,
2026-04-06 20:50:00,372.41,372.41,372.4081,372.4081,253.0,372.3774,19,
2026-04-06 20:53:00,372.2708,372.2708,372.2708,372.2708,65.0,372.2781,6,
2026-04-06 20:54:00,372.26,372.3,372.2565,372.3,425.071757,372.2866,25,
2026-04-06 20:55:00,372.3,372.3,372.25,372.25,875.187966,371.7344,37,
2026-04-06 20:56:00,372.41,372.41,372.27,372.27,352.0,372.314,26,
2026-04-06 20:58:00,372.27,372.41,372.27,372.2829,334.005343,372.3588,25,
2026-04-06 20:59:00,372.283,372.283,372.283,372.283,286.938481,372.1267,22,
2026-04-06 21:00:00,372.35,372.36,372.35,372.36,291.0,372.3629,15,
2026-04-06 21:01:00,372.2956,372.3969,372.2956,372.3969,229.0,372.3334,13,
2026-04-06 21:02:00,372.4,372.41,372.39,372.41,685.162271,372.4052,36,
2026-04-06 21:03:00,372.4099,372.4099,372.4099,372.4099,191.0,372.4079,16,
2026-04-06 21:04:00,372.41,372.41,372.41,372.41,242.53136,372.3805,33,
2026-04-06 21:05:00,372.4,372.4,372.39,372.4,479.834935,372.3976,29,
2026-04-06 21:06:00,372.41,372.41,372.41,372.41,177.005332,372.3937,18,
2026-04-06 21:07:00,372.41,372.41,372.41,372.41,189.004672,372.4035,18,
2026-04-06 21:08:00,372.41,372.41,372.41,372.41,159.0,372.4097,15,
2026-04-06 21:09:00,372.41,372.5,372.41,372.5,2443.040257,372.4243,42,
2026-04-06 21:11:00,372.57,372.57,372.57,372.57,202.000043,372.5668,15,
2026-04-06 21:12:00,372.59,372.59,372.59,372.59,1129.366342,372.5657,100,
2026-04-06 21:13:00,372.6096,372.6096,372.6096,372.6096,368.46081,372.573,35,
2026-04-06 21:14:00,372.61,372.69,372.61,372.69,739.080251,372.6591,22,
2026-04-06 21:16:00,372.7489,372.7489,372.7489,372.7489,99.483353,372.73,15,
2026-04-06 21:17:00,372.53,372.53,372.52,372.53,881.0,372.5376,50,
2026-04-06 21:18:00,372.51,372.51,372.5,372.5,387.043951,372.5249,19,
2026-04-06 21:19:00,372.76,372.76,372.76,372.76,664.168075,372.7486,65,
2026-04-06 21:20:00,372.748,372.75,372.748,372.75,322.040922,372.735,10,
2026-04-06 21:21:00,372.7486,372.7486,372.7486,372.7486,128.0,372.7399,14,
2026-04-06 21:22:00,372.76,372.76,372.61,372.61,591.116131,372.7272,20,
2026-04-06 21:23:00,372.5,372.51,372.5,372.51,712.0,372.5149,54,
2026-04-06 21:25:00,372.49,372.49,372.49,372.49,393.0,372.5006,36,
2026-04-06 21:29:00,372.65,372.65,372.425,372.425,453.332312,372.6113,25,
2026-04-06 21:31:00,372.51,372.7,372.51,372.7,289.341192,372.6273,18,
2026-04-06 21:33:00,372.41,372.6101,372.41,372.6101,904.0,372.4914,80,
2026-04-06 21:35:00,372.649,372.68,372.64,372.68,282.0,372.6475,20,
2026-04-06 21:37:00,372.65,372.75,372.63,372.75,2117.010732,372.6912,40,
2026-04-06 21:38:00,372.75,372.75,372.7,372.7,408.0,372.705,16,
2026-04-06 21:40:00,372.61,372.61,372.61,372.61,111.0,372.6232,14,
2026-04-06 21:45:00,372.68,372.68,372.68,372.68,164.223714,372.6728,14,
2026-04-06 21:46:00,372.65,372.65,372.65,372.65,128.0,372.6472,20,
2026-04-06 21:50:00,372.65,372.65,372.65,372.65,1123.0,372.6513,30,
2026-04-06 21:51:00,372.62,372.62,372.6,372.6,467.795604,372.6061,21,
2026-04-06 21:54:00,372.6488,372.6488,372.6488,372.6488,77.918386,372.6361,12,
2026-04-06 21:55:00,372.6376,372.6376,372.6376,372.6376,185.094726,372.6165,23,
2026-04-06 21:57:00,372.58,372.59,372.5105,372.5105,516.810084,372.5263,12,
2026-04-06 21:58:00,372.51,372.51,372.51,372.51,514.971062,372.5184,17,
2026-04-06 21:59:00,372.54,372.58,372.54,372.58,221.002683,372.5608,9,
2026-04-06 22:00:00,372.37,372.53,372.26,372.53,1137.0,372.3893,102,
2026-04-06 22:01:00,372.58,372.58,372.47,372.47,210.069535,372.5122,19,
2026-04-06 22:02:00,372.6,372.6499,372.6,372.6499,280.134686,372.6141,18,
2026-04-06 22:03:00,372.4011,372.6,372.4011,372.6,224.0,372.4628,9,
2026-04-06 22:04:00,372.65,372.65,372.65,372.65,119.0,372.645,9,
2026-04-06 22:05:00,372.56,372.56,372.5,372.5,502.0,372.5535,31,
2026-04-06 22:06:00,372.59,372.65,372.52,372.65,645.998644,372.6107,37,
2026-04-06 22:07:00,372.7,372.7,372.7,372.7,70.05915,372.687,6,
2026-04-06 22:08:00,372.5261,372.5261,372.5261,372.5261,94.013415,372.6139,10,
2026-04-06 22:09:00,372.6859,372.6859,372.6859,372.6859,110.080536,372.68,9,
2026-04-06 22:12:00,372.59,372.69,372.59,372.69,242.299634,372.6307,20,
2026-04-06 22:14:00,372.59,372.65,372.59,372.61,541.0,372.5976,21,
2026-04-06 22:15:00,372.51,372.53,372.51,372.53,212.0,372.5265,13,
2026-04-06 22:19:00,372.66,372.66,372.66,372.66,122.006383,372.6502,16,
2026-04-06 22:21:00,372.5796,372.5796,372.32,372.32,804.353648,372.5123,49,
2026-04-06 22:22:00,372.31,372.34,372.3,372.34,1323.0,372.3119,16,
2026-04-06 22:23:00,372.33,372.33,372.22,372.22,1573.0,372.279,103,
2026-04-06 22:24:00,372.22,372.3,372.08,372.08,3922.407851,372.1067,77,
2026-04-06 22:25:00,372.07,372.07,371.99,372.0,1837.132332,372.0059,145,
2026-04-06 22:26:00,372.0,372.0,371.74,371.7499,2384.351423,371.9398,97,
2026-04-06 22:27:00,371.7,371.7,371.51,371.5503,928.10301,371.5557,87,
2026-04-06 22:28:00,371.72,371.73,371.7033,371.7033,277.248854,371.7167,20,
2026-04-06 22:29:00,371.7482,371.75,371.71,371.735,800.002985,371.7415,27,
2026-04-06 22:30:00,371.72,371.75,371.72,371.74,2048.0,371.7474,24,
2026-04-06 22:31:00,371.74,371.74,371.56,371.56,449.002667,371.6739,33,
2026-04-06 22:32:00,371.56,371.56,371.55,371.55,368.0,371.5774,19,
2026-04-06 22:33:00,371.52,371.52,371.5,371.5,434.578295,371.5168,37,
2026-04-06 22:34:00,371.68,371.68,371.68,371.68,133.021535,371.66,14,
2026-04-06 22:35:00,371.75,371.75,371.51,371.51,385.102768,371.5849,29,
2026-04-06 22:36:00,371.44,371.44,371.3475,371.3999,1977.027708,371.3991,49,
2026-04-06 22:37:00,371.37,371.4,371.3549,371.3549,741.004872,371.3809,31,
2026-04-06 22:38:00,371.216,371.216,371.216,371.216,128.207708,371.3149,19,
2026-04-06 22:39:00,371.36,371.36,371.36,371.36,219.0,371.3586,8,
2026-04-06 22:40:00,371.39,371.4,371.39,371.4,1185.005959,371.3969,43,
2026-04-06 22:41:00,371.4,371.4137,371.4,371.4137,383.939409,371.4079,12,
2026-04-06 22:43:00,371.65,371.65,371.52,371.52,198.0,371.5831,15,
2026-04-06 22:45:00,371.4186,371.4186,371.4186,371.4186,193.13,371.4733,21,
2026-04-06 22:46:00,371.5,371.5,371.4347,371.4347,321.416359,371.4924,23,
2026-04-06 22:48:00,371.5338,371.5338,371.5338,371.5338,144.0,371.6481,16,
2026-04-06 22:50:00,371.6005,371.75,371.6,371.75,603.0,371.6719,33,
2026-04-06 22:51:00,371.85,371.85,371.79,371.84,499.0,371.8277,24,
2026-04-06 22:52:00,371.73,371.73,371.7,371.7,223.0,371.7372,26,
2026-04-06 22:53:00,371.65,371.65,371.61,371.61,1257.0,371.6509,29,
2026-04-06 22:54:00,371.7,371.7,371.7,371.7,134.02689,371.6888,12,
2026-04-06 22:55:00,371.84,371.84,371.84,371.84,128.0,371.8353,6,
2026-04-06 22:56:00,371.65,371.84,371.5,371.5,1276.0,371.5651,16,
2026-04-06 22:57:00,371.5,371.52,371.5,371.52,1148.0,371.5109,11,
2026-04-06 22:58:00,371.511,371.5377,371.511,371.5377,711.013853,371.5541,28,
2026-04-06 22:59:00,371.6,371.6,371.5,371.5,1466.939081,371.5068,36,
2026-04-06 23:01:00,371.4883,371.4883,371.28,371.28,1482.0,371.4124,81,
2026-04-06 23:02:00,371.3,371.3,371.3,371.3,124.083553,371.33,7,
2026-04-06 23:03:00,371.38,371.38,371.2,371.2,292.165411,371.3294,12,
2026-04-06 23:04:00,371.2,371.2,371.2,371.2,139.004953,371.3038,16,
2026-04-06 23:05:00,371.38,371.55,371.35,371.55,1712.008326,371.3847,31,
2026-04-06 23:06:00,371.5,371.5,371.5,371.5,157.269628,371.5079,13,
2026-04-06 23:07:00,371.52,371.55,371.51,371.55,481.026914,371.5207,22,
2026-04-06 23:08:00,371.51,371.51,371.51,371.51,290.087813,371.4953,14,
2026-04-06 23:10:00,371.6709,371.6709,371.6709,371.6709,111.0,371.6088,16,
2026-04-06 23:12:00,371.52,371.7,371.5,371.7,957.0,371.6259,15,
2026-04-06 23:13:00,371.5,371.62,371.5,371.62,363.475772,371.5434,22,
2026-04-06 23:16:00,371.56,371.56,371.54,371.54,387.394616,371.5459,18,
2026-04-06 23:17:00,371.5,371.5,371.5,371.5,254.0,371.5085,15,
2026-04-06 23:19:00,371.54,371.54,371.54,371.54,180.00269,371.5339,19,
2026-04-06 23:20:00,371.52,371.52,371.52,371.52,147.207086,371.5235,11,
2026-04-06 23:21:00,371.55,371.55,371.5,371.5,393.013452,371.5296,25,
2026-04-06 23:22:00,371.46,371.46,371.46,371.46,170.0,371.5084,15,
2026-04-06 23:23:00,371.65,371.65,371.65,371.65,88.0,371.6454,9,
2026-04-06 23:25:00,371.51,371.51,371.45,371.45,396.0,371.4868,16,
2026-04-06 23:26:00,371.45,371.45,371.45,371.45,94.0,371.4674,8,
2026-04-06 23:27:00,371.59,371.6,371.59,371.6,605.511625,371.5951,12,
2026-04-06 23:28:00,371.5016,371.5016,371.5016,371.5016,119.0,371.5051,6,
2026-04-06 23:29:00,371.51,371.51,371.5,371.5,864.071655,371.4884,43,
2026-04-06 23:32:00,371.4999,371.4999,371.4999,371.4999,264.080207,371.4958,17,
2026-04-06 23:33:00,371.45,371.45,371.4068,371.4068,272.0,371.444,11,
2026-04-06 23:35:00,371.4987,371.5,371.4987,371.5,222.056622,371.4978,12,
2026-04-06 23:36:00,371.4985,371.4985,371.4985,371.4985,158.0,371.4751,14,
2026-04-06 23:37:00,371.4405,371.4405,371.4405,371.4405,146.152733,371.4423,14,
2026-04-06 23:38:00,371.4065,371.4065,371.4065,371.4065,126.232113,371.4301,12,
2026-04-06 23:39:00,371.49,371.49,371.38,371.38,224.0,371.4442,13,
2026-04-06 23:40:00,371.4813,371.4813,371.48,371.48,115.180862,371.4808,11,
2026-04-06 23:41:00,371.4887,371.5,371.4887,371.5,746.013458,371.4939,26,
2026-04-06 23:42:00,371.5,371.5,371.49,371.5,365.0,371.4975,14,
2026-04-06 23:44:00,371.5,371.5,371.5,371.5,160.0,371.4999,9,
2026-04-06 23:47:00,371.6,371.65,371.6,371.65,229.002114,371.6194,13,
2026-04-06 23:49:00,371.6,371.6,371.6,371.6,153.0,371.5973,18,
2026-04-06 23:50:00,371.5,371.5,371.5,371.5,211.0,371.5136,18,
2026-04-06 23:51:00,371.5,371.5,371.5,371.5,136.0,371.5093,14,
2026-04-06 23:52:00,371.57,371.57,371.55,371.55,616.002506,371.5598,11,
2026-04-06 23:53:00,371.52,371.52,371.5,371.5,844.27463,371.508,26,
2026-04-06 23:54:00,371.5,371.5,371.5,371.5,242.0,371.4987,12,
2026-04-06 23:55:00,371.48,371.48,371.48,371.48,133.08,371.466,18,
2026-04-06 23:56:00,371.48,371.48,371.38,371.44,1376.0,371.3983,41,
2026-04-06 23:57:00,371.301,371.301,371.301,371.301,421.07427,371.3104,25,
2026-04-06 23:58:00,371.3234,371.3234,371.2,371.26,1390.992084,371.265,60,
2026-04-06 23:59:00,371.26,371.26,371.2589,371.26,610.0,371.2428,40,
