timestamp,open,high,low,close,volume,bar_vwap,transactions,otc
2026-03-24 08:00:00,176.49,176.55,176.43,176.43,6815.0,176.4697,276,
2026-03-24 08:01:00,176.46,176.46,176.38,176.4,4432.0,176.43,99,
2026-03-24 08:02:00,176.39,176.39,176.3,176.33,2275.0,176.3383,71,
2026-03-24 08:03:00,176.45,176.45,176.42,176.42,1040.0,176.4053,46,
2026-03-24 08:04:00,176.39,176.42,176.37,176.37,5347.0,176.3945,133,
2026-03-24 08:05:00,176.47,176.49,176.45,176.45,3205.0,176.4575,105,
2026-03-24 08:06:00,176.48,176.48,176.44,176.44,1684.0,176.4441,76,
2026-03-24 08:07:00,176.39,176.41,176.39,176.4,2265.0,176.4022,85,
2026-03-24 08:08:00,176.4,176.4,176.31,176.31,1497.0,176.338,109,
2026-03-24 08:09:00,176.28,176.47,176.28,176.47,6801.0,176.3881,130,
2026-03-24 08:10:00,176.36,176.36,176.36,176.36,502.0,176.362,17,
2026-03-24 08:11:00,176.4,176.4,176.4,176.4,1083.0,176.3774,59,
2026-03-24 08:12:00,176.43,176.43,176.43,176.43,527.0,176.4135,25,
2026-03-24 08:13:00,176.4,176.4,176.34,176.38,2155.0,176.3817,37,
2026-03-24 08:14:00,176.35,176.35,176.32,176.32,755.0,176.3383,33,
2026-03-24 08:15:00,176.39,176.41,176.31,176.4,2687.0,176.3772,100,
2026-03-24 08:16:00,176.4,176.4,176.4,176.4,565.0,176.4066,21,
2026-03-24 08:17:00,176.36,176.45,176.32,176.32,2621.0,176.3693,63,
2026-03-24 08:18:00,176.3,176.3,176.11,176.17,3476.0,176.2438,88,
2026-03-24 08:19:00,176.07,176.21,176.0,176.0,20214.0,176.0267,205,
2026-03-24 08:20:00,175.98,176.05,175.94,175.95,3711.0,175.9902,86,
2026-03-24 08:21:00,175.99,175.99,175.99,175.99,765.0,176.0253,38,
2026-03-24 08:22:00,176.08,176.08,176.0,176.0,1508.0,176.0278,31,
2026-03-24 08:23:00,176.08,176.1,176.08,176.1,1018.0,176.0942,30,
2026-03-24 08:24:00,176.05,176.11,175.96,175.97,3065.0,176.0188,60,
2026-03-24 08:25:00,175.95,175.95,175.86,175.86,1472.0,175.9224,58,
2026-03-24 08:27:00,175.86,175.97,175.86,175.89,3933.0,175.9371,62,
2026-03-24 08:28:00,175.92,175.92,175.89,175.9,1547.0,175.8932,37,
2026-03-24 08:29:00,175.92,175.93,175.9,175.9,1546.0,175.9086,43,
2026-03-24 08:30:00,175.85,175.86,175.7,175.86,15478.0,175.8124,188,
2026-03-24 08:31:00,175.75,175.8,175.75,175.78,1837.0,175.7683,64,
2026-03-24 08:32:00,175.8,175.83,175.76,175.76,6765.0,175.8052,107,
2026-03-24 08:33:00,175.76,175.78,175.7,175.7,1292.0,175.739,59,
2026-03-24 08:34:00,175.77,175.77,175.77,175.77,1494.0,175.7672,47,
2026-03-24 08:35:00,175.82,175.83,175.8,175.83,4304.0,175.8323,83,
2026-03-24 08:36:00,175.95,175.99,175.95,175.99,817.0,175.9684,23,
2026-03-24 08:37:00,176.03,176.03,175.97,175.98,1407.0,175.9825,50,
2026-03-24 08:38:00,176.0,176.0,175.95,175.95,1407.0,175.9759,45,
2026-03-24 08:39:00,175.97,175.97,175.97,175.97,202.0,175.9677,11,
2026-03-24 08:40:00,176.06,176.06,176.06,176.06,920.0,176.0971,39,
2026-03-24 08:41:00,176.08,176.08,176.08,176.08,485.0,176.0747,34,
2026-03-24 08:42:00,176.05,176.05,176.0,176.0,1441.0,176.0211,62,
2026-03-24 08:43:00,175.95,175.95,175.85,175.85,1854.0,175.8928,68,
2026-03-24 08:44:00,175.85,175.9,175.85,175.9,771.0,175.8874,16,
2026-03-24 08:46:00,175.94,176.03,175.94,176.03,1486.0,175.9684,50,
2026-03-24 08:47:00,175.95,175.95,175.95,175.95,990.0,175.9818,57,
2026-03-24 08:49:00,175.97,175.97,175.95,175.95,896.0,175.967,32,
2026-03-24 08:50:00,175.99,176.06,175.92,175.95,4114.0,175.9965,144,
2026-03-24 08:51:00,175.9,175.94,175.84,175.84,3143.0,175.8704,121,
2026-03-24 08:52:00,175.84,175.86,175.77,175.8,4670.0,175.8121,88,
2026-03-24 08:53:00,175.84,175.84,175.84,175.84,751.0,175.8038,59,
2026-03-24 08:54:00,175.8,175.8,175.8,175.8,343.0,175.8028,30,
2026-03-24 08:55:00,175.81,175.81,175.81,175.81,575.0,175.8059,29,
2026-03-24 08:56:00,175.72,175.72,175.64,175.69,2162.0,175.7046,86,
2026-03-24 08:57:00,175.72,175.73,175.68,175.68,2862.0,175.7082,67,
2026-03-24 08:58:00,175.67,175.69,175.61,175.69,4115.0,175.6515,166,
2026-03-24 08:59:00,175.66,175.72,175.63,175.72,1695.0,175.6549,46,
2026-03-24 09:00:00,175.64,175.64,175.64,175.64,760.0,175.6483,42,
2026-03-24 09:03:00,175.76,175.76,175.76,175.76,416.0,175.7372,23,
2026-03-24 09:04:00,175.78,175.8,175.78,175.8,1199.0,175.8048,43,
2026-03-24 09:05:00,175.79,175.79,175.79,175.79,347.0,175.8069,28,
2026-03-24 09:06:00,175.73,175.73,175.6,175.63,2475.0,175.665,85,
2026-03-24 09:07:00,175.55,175.55,175.41,175.43,5555.0,175.4841,143,
2026-03-24 09:08:00,175.47,175.47,175.39,175.39,2660.0,175.4191,54,
2026-03-24 09:09:00,175.46,175.46,175.46,175.46,2731.0,175.4437,44,
2026-03-24 09:10:00,175.49,175.49,175.38,175.46,3267.0,175.4236,115,
2026-03-24 09:11:00,175.47,175.47,175.21,175.21,3312.0,175.3557,111,
2026-03-24 09:12:00,175.21,175.21,175.2,175.2,1572.0,175.2026,44,
2026-03-24 09:13:00,175.2,175.26,175.2,175.21,3931.0,175.2314,97,
2026-03-24 09:14:00,175.16,175.16,175.05,175.05,4181.0,175.0944,128,
2026-03-24 09:15:00,175.09,175.12,175.09,175.12,1213.0,175.1259,56,
2026-03-24 09:16:00,175.13,175.18,175.13,175.18,717.0,175.1696,38,
2026-03-24 09:17:00,175.25,175.3,175.25,175.3,4124.0,175.2712,50,
2026-03-24 09:18:00,175.3,175.33,175.3,175.33,1366.0,175.3196,69,
2026-03-24 09:19:00,175.32,175.4,175.32,175.4,442.0,175.3583,25,
2026-03-24 09:20:00,175.38,175.38,175.32,175.32,1807.0,175.352,57,
2026-03-24 09:21:00,175.36,175.36,175.3,175.3,1689.0,175.3057,62,
2026-03-24 09:22:00,175.3,175.3,175.21,175.25,3390.0,175.2806,83,
2026-03-24 09:23:00,175.3,175.3,175.29,175.29,686.0,175.3056,15,
2026-03-24 09:24:00,175.41,175.41,175.41,175.41,501.0,175.4041,19,
2026-03-24 09:26:00,175.45,175.45,175.4,175.42,1892.0,175.4299,40,
2026-03-24 09:27:00,175.49,175.49,175.49,175.49,391.0,175.4689,16,
2026-03-24 09:29:00,175.55,175.55,175.53,175.53,422.0,175.5459,15,
2026-03-24 09:30:00,175.52,175.53,175.48,175.53,1081.0,175.4993,29,
2026-03-24 09:31:00,175.49,175.5,175.47,175.47,1157.0,175.4807,70,
2026-03-24 09:34:00,175.54,175.59,175.54,175.59,3919.0,175.5703,52,
2026-03-24 09:35:00,175.56,175.7,175.56,175.7,5421.0,175.643,95,
2026-03-24 09:36:00,175.74,175.74,175.65,175.65,2988.0,175.678,62,
2026-03-24 09:37:00,175.7,175.7,175.69,175.69,1371.0,175.6977,22,
2026-03-24 09:38:00,175.65,175.66,175.65,175.66,942.0,175.6671,43,
2026-03-24 09:39:00,175.7,175.7,175.7,175.7,790.0,175.7055,47,
2026-03-24 09:40:00,175.8,175.92,175.8,175.9,1020.0,175.843,37,
2026-03-24 09:41:00,175.82,175.83,175.8,175.82,2899.0,175.8131,67,
2026-03-24 09:42:00,175.78,175.78,175.76,175.76,804.0,175.7725,22,
2026-03-24 09:43:00,175.8,175.8,175.77,175.77,1043.0,175.786,50,
2026-03-24 09:44:00,175.81,175.81,175.81,175.81,368.0,175.8114,15,
2026-03-24 09:45:00,175.83,175.86,175.81,175.86,2050.0,175.8364,49,
2026-03-24 09:46:00,175.78,175.78,175.76,175.76,1196.0,175.7669,61,
2026-03-24 09:47:00,175.72,175.74,175.7,175.73,2444.0,175.7259,59,
2026-03-24 09:48:00,175.78,175.83,175.78,175.83,2689.0,175.7966,54,
2026-03-24 09:49:00,175.83,175.83,175.72,175.72,4202.0,175.7847,74,
2026-03-24 09:50:00,175.7,175.72,175.68,175.68,2676.0,175.7029,91,
2026-03-24 09:51:00,175.68,175.68,175.6,175.6,9560.0,175.6472,77,
2026-03-24 09:52:00,175.53,175.64,175.53,175.64,1561.0,175.5716,36,
2026-03-24 09:53:00,175.64,175.69,175.64,175.68,8254.0,175.654,78,
2026-03-24 09:54:00,175.71,175.8,175.71,175.8,1942.0,175.7594,33,
2026-03-24 09:55:00,175.9,175.9,175.89,175.9,3622.0,175.8923,64,
2026-03-24 09:56:00,175.89,176.01,175.89,175.97,9420.0,175.9357,191,
2026-03-24 09:57:00,175.92,175.98,175.91,175.98,9638.0,175.93,112,
2026-03-24 09:58:00,175.98,175.98,175.97,175.97,858.0,175.9584,40,
2026-03-24 09:59:00,175.94,175.95,175.82,175.87,3537.0,175.8946,92,
2026-03-24 10:00:00,175.85,175.85,175.79,175.79,2399.0,175.8131,55,
2026-03-24 10:01:00,175.79,175.79,175.7,175.72,1919.0,175.7665,48,
2026-03-24 10:02:00,175.67,175.74,175.67,175.69,2535.0,175.7154,30,
2026-03-24 10:03:00,175.75,175.75,175.75,175.75,3241.0,175.7489,49,
2026-03-24 10:04:00,175.75,175.81,175.75,175.8,2078.0,175.7752,63,
2026-03-24 10:06:00,175.76,175.81,175.76,175.81,4866.0,175.8021,24,
2026-03-24 10:07:00,175.89,175.89,175.89,175.89,1118.0,175.8882,39,
2026-03-24 10:08:00,175.94,175.99,175.94,175.99,3064.0,175.9633,66,
2026-03-24 10:09:00,175.85,175.9,175.84,175.89,3457.0,175.8621,79,
2026-03-24 10:10:00,175.9,175.91,175.9,175.91,1139.0,175.9014,29,
2026-03-24 10:11:00,175.96,175.99,175.91,175.92,5334.0,175.9603,93,
2026-03-24 10:12:00,175.82,175.91,175.8,175.91,1328.0,175.8511,51,
2026-03-24 10:14:00,175.93,175.93,175.92,175.93,689.0,175.925,26,
2026-03-24 10:15:00,175.9,175.93,175.9,175.93,387.0,175.915,29,
2026-03-24 10:16:00,175.92,175.97,175.92,175.96,1547.0,175.9417,67,
2026-03-24 10:17:00,175.97,175.97,175.96,175.96,1706.0,175.9644,44,
2026-03-24 10:18:00,175.9,175.96,175.9,175.95,2918.0,175.9234,75,
2026-03-24 10:20:00,175.91,175.94,175.9,175.9,1701.0,175.9068,84,
2026-03-24 10:21:00,175.96,175.96,175.94,175.94,2751.0,175.9416,28,
2026-03-24 10:22:00,175.94,175.94,175.94,175.94,206.0,175.95,6,
2026-03-24 10:24:00,175.88,175.93,175.88,175.93,1363.0,175.9176,55,
2026-03-24 10:26:00,175.9,175.94,175.9,175.94,742.0,175.9321,31,
2026-03-24 10:27:00,175.94,175.95,175.94,175.95,1348.0,175.9497,25,
2026-03-24 10:28:00,175.91,175.91,175.81,175.81,2167.0,175.859,107,
2026-03-24 10:29:00,175.78,175.78,175.72,175.72,1385.0,175.7326,49,
2026-03-24 10:30:00,175.7,175.79,175.7,175.79,2184.0,175.7552,64,
2026-03-24 10:32:00,175.89,175.89,175.89,175.89,893.0,175.8967,36,
2026-03-24 10:33:00,175.84,175.84,175.72,175.75,1890.0,175.7578,81,
2026-03-24 10:34:00,175.71,175.71,175.64,175.64,1020.0,175.6764,64,
2026-03-24 10:35:00,175.72,175.72,175.72,175.72,477.0,175.7251,21,
2026-03-24 10:36:00,175.74,175.83,175.74,175.83,1660.0,175.7728,36,
2026-03-24 10:37:00,175.78,175.78,175.78,175.78,421.0,175.8003,20,
2026-03-24 10:39:00,175.85,175.85,175.84,175.85,1156.0,175.8488,34,
2026-03-24 10:40:00,175.88,175.91,175.84,175.84,7983.0,175.8746,97,
2026-03-24 10:41:00,175.91,175.91,175.88,175.88,2408.0,175.8943,44,
2026-03-24 10:42:00,175.92,175.92,175.88,175.89,3701.0,175.8947,54,
2026-03-24 10:43:00,175.94,175.98,175.94,175.98,2132.0,175.9602,58,
2026-03-24 10:44:00,176.0,176.0,175.92,175.92,3603.0,175.9823,102,
2026-03-24 10:45:00,175.98,175.99,175.98,175.99,760.0,175.9842,26,
2026-03-24 10:46:00,176.01,176.02,175.96,175.96,1232.0,175.9897,52,
2026-03-24 10:47:00,175.91,175.96,175.9,175.96,923.0,175.934,43,
2026-03-24 10:48:00,175.97,175.97,175.86,175.89,2145.0,175.8945,67,
2026-03-24 10:49:00,175.84,175.84,175.83,175.83,676.0,175.8397,23,
2026-03-24 10:51:00,175.97,176.05,175.95,176.05,1085.0,175.9986,34,
2026-03-24 10:52:00,176.06,176.06,176.0,176.0,2005.0,176.0019,46,
2026-03-24 10:55:00,175.97,175.99,175.96,175.99,857.0,175.9659,32,
2026-03-24 10:56:00,175.97,175.98,175.97,175.97,678.0,175.9772,28,
2026-03-24 10:57:00,175.91,175.93,175.91,175.93,1368.0,175.9225,52,
2026-03-24 10:58:00,175.92,175.92,175.92,175.92,415.0,175.9224,34,
2026-03-24 10:59:00,175.93,175.93,175.93,175.93,272.0,175.9404,11,
2026-03-24 11:00:00,175.97,175.97,175.86,175.95,5967.0,175.9173,146,
2026-03-24 11:01:00,175.93,175.93,175.68,175.68,6012.0,175.8008,195,
2026-03-24 11:02:00,175.74,175.74,175.68,175.71,4171.0,175.712,94,
2026-03-24 11:03:00,175.78,175.92,175.78,175.92,5235.0,175.8706,83,
2026-03-24 11:04:00,175.91,175.96,175.86,175.96,11351.0,175.9266,86,
2026-03-24 11:05:00,175.97,176.0,175.96,175.96,4144.0,175.9845,120,
2026-03-24 11:06:00,175.98,176.05,175.98,176.05,2937.0,176.0216,49,
2026-03-24 11:07:00,176.05,176.21,176.03,176.21,9572.0,176.1432,204,
2026-03-24 11:08:00,176.3,176.3,176.21,176.22,2860.0,176.2673,105,
2026-03-24 11:09:00,176.2,176.25,176.14,176.18,8413.0,176.2102,130,
2026-03-24 11:10:00,176.16,176.23,176.16,176.23,916.0,176.2098,40,
2026-03-24 11:11:00,176.2,176.2,176.2,176.2,912.0,176.1912,47,
2026-03-24 11:12:00,176.2,176.22,176.2,176.22,700.0,176.2017,22,
2026-03-24 11:13:00,176.18,176.19,176.17,176.17,2006.0,176.1706,52,
2026-03-24 11:15:00,176.1,176.1,176.01,176.03,3835.0,176.0642,93,
2026-03-24 11:16:00,176.03,176.07,175.88,175.89,9570.0,175.9794,209,
2026-03-24 11:17:00,175.9,175.95,175.85,175.86,4481.0,175.9113,132,
2026-03-24 11:18:00,175.97,175.98,175.95,175.97,1646.0,175.9591,39,
2026-03-24 11:19:00,176.0,176.0,175.98,176.0,1836.0,175.9921,47,
2026-03-24 11:20:00,176.06,176.06,176.06,176.06,978.0,176.0252,41,
2026-03-24 11:21:00,175.96,175.96,175.96,175.96,1056.0,175.9438,55,
2026-03-24 11:22:00,176.04,176.04,176.04,176.04,412.0,175.9958,29,
2026-03-24 11:23:00,175.99,176.01,175.99,176.01,517.0,176.0011,23,
2026-03-24 11:24:00,176.04,176.04,175.99,175.99,2386.0,176.0226,68,
2026-03-24 11:25:00,176.0,176.0,175.9,175.9,2424.0,175.9658,93,
2026-03-24 11:27:00,175.92,175.92,175.85,175.85,3023.0,175.8573,51,
2026-03-24 11:28:00,175.95,175.95,175.92,175.92,1136.0,175.9277,33,
2026-03-24 11:29:00,175.91,175.92,175.9,175.91,1454.0,175.9084,55,
2026-03-24 11:30:00,175.88,175.88,175.86,175.86,1660.0,175.8691,47,
2026-03-24 11:31:00,175.81,175.81,175.77,175.79,4736.0,175.7899,118,
2026-03-24 11:32:00,175.8,175.82,175.78,175.78,3913.0,175.8062,67,
2026-03-24 11:33:00,175.79,175.82,175.79,175.81,2375.0,175.8067,42,
2026-03-24 11:34:00,175.85,175.85,175.81,175.81,1534.0,175.843,43,
2026-03-24 11:35:00,175.87,175.88,175.87,175.87,2052.0,175.8746,85,
2026-03-24 11:36:00,175.85,175.85,175.85,175.85,457.0,175.8224,26,
2026-03-24 11:38:00,175.9,175.9,175.9,175.9,774.0,175.8988,37,
2026-03-24 11:39:00,175.9,175.9,175.89,175.89,628.0,175.8953,33,
2026-03-24 11:40:00,175.87,175.88,175.87,175.88,475.0,175.8731,25,
2026-03-24 11:41:00,175.8,175.87,175.8,175.87,1488.0,175.8297,52,
2026-03-24 11:42:00,175.87,175.87,175.83,175.87,2090.0,175.851,35,
2026-03-24 11:43:00,175.86,175.86,175.75,175.77,3348.0,175.7966,94,
2026-03-24 11:44:00,175.84,175.85,175.84,175.85,971.0,175.837,30,
2026-03-24 11:45:00,175.9,175.9,175.9,175.9,500.0,175.8851,27,
2026-03-24 11:47:00,175.96,175.98,175.95,175.95,2901.0,175.9613,41,
2026-03-24 11:48:00,175.95,175.96,175.94,175.96,1530.0,175.9568,24,
2026-03-24 11:49:00,175.91,175.91,175.91,175.91,1267.0,175.9168,36,
2026-03-24 11:50:00,175.9,175.94,175.9,175.94,3074.0,175.9148,67,
2026-03-24 11:51:00,175.85,175.91,175.8,175.8,4233.0,175.8692,106,
2026-03-24 11:52:00,175.77,175.77,175.59,175.59,16057.0,175.6833,416,
2026-03-24 11:53:00,175.59,175.59,175.25,175.36,28025.0,175.4595,617,
2026-03-24 11:54:00,175.38,175.63,175.38,175.6,6814.0,175.5134,127,
2026-03-24 11:55:00,175.66,175.72,175.61,175.72,2619.0,175.6707,109,
2026-03-24 11:56:00,175.71,175.73,175.63,175.63,4188.0,175.6722,105,
2026-03-24 11:57:00,175.66,175.71,175.66,175.71,1054.0,175.6886,46,
2026-03-24 11:58:00,175.66,175.71,175.66,175.71,1706.0,175.6759,40,
2026-03-24 11:59:00,175.73,175.9,175.73,175.88,5242.0,175.8279,76,
2026-03-24 12:00:00,175.75,176.49,175.05,175.82,388380.397074,175.7719,4107,
2026-03-24 12:01:00,175.9,176.89,174.38,175.7,398020.380805,175.6823,12726,
2026-03-24 12:02:00,176.5003,176.5003,175.53,175.75,7345.207496,175.7028,195,
2026-03-24 12:03:00,175.75,175.76,175.74,175.76,2003.837909,175.8189,62,
2026-03-24 12:04:00,175.73,175.75,175.59,175.6442,9895.579187,175.6661,188,
2026-03-24 12:05:00,175.649,176.62,174.51,175.6,27232.816489,175.6051,662,
2026-03-24 12:06:00,175.58,175.5935,175.52,175.58,5482.120422,175.5616,153,
2026-03-24 12:07:00,175.58,175.63,175.57,175.6,4984.106543,175.6102,75,
2026-03-24 12:08:00,175.55,175.56,175.4867,175.5349,12926.955148,175.5407,180,
2026-03-24 12:09:00,175.5635,175.57,175.51,175.51,4257.950599,175.5901,95,
2026-03-24 12:10:00,175.62,175.62,175.58,175.58,1309.137427,175.6253,61,
2026-03-24 12:11:00,175.55,175.55,175.4,175.4424,8428.400168,175.4863,173,
2026-03-24 12:12:00,175.45,175.5,175.45,175.5,2296.630212,175.5199,68,
2026-03-24 12:13:00,175.51,175.5899,175.51,175.5257,3322.707567,175.5748,72,
2026-03-24 12:14:00,175.5367,175.54,175.47,175.5,4760.799574,175.5389,109,
2026-03-24 12:15:00,175.5,175.5,175.26,175.26,17859.74029,175.3951,244,
2026-03-24 12:16:00,175.32,175.37,175.3019,175.3193,3096.088881,175.3351,106,
2026-03-24 12:17:00,175.31,175.35,175.25,175.25,5522.830735,175.3119,147,
2026-03-24 12:18:00,175.2948,175.4,175.2948,175.4,3162.184426,175.3405,96,
2026-03-24 12:19:00,175.3565,175.45,175.3565,175.442,3966.854558,175.4452,119,
2026-03-24 12:20:00,175.42,175.48,175.4,175.4,2824.945854,175.4874,104,
2026-03-24 12:21:00,175.37,175.37,175.3,175.3261,14606.919329,175.3526,194,
2026-03-24 12:22:00,175.32,175.33,175.23,175.23,4990.411339,175.3085,185,
2026-03-24 12:23:00,175.2405,175.29,175.23,175.28,36047.801399,175.2423,152,
2026-03-24 12:24:00,175.28,175.4222,175.28,175.4,14168.603742,175.3183,122,
2026-03-24 12:25:00,175.38,175.4,175.3,175.35,14630.199764,175.3253,99,
2026-03-24 12:26:00,175.4,175.54,175.4,175.48,4383.838844,175.5018,132,
2026-03-24 12:27:00,175.52,175.75,175.5074,175.56,13489.873077,175.6217,400,
2026-03-24 12:28:00,175.593,175.593,175.5078,175.53,3100.222677,175.5636,86,
2026-03-24 12:29:00,175.53,175.5674,175.46,175.495,3234.517752,175.5544,133,
2026-03-24 12:30:00,175.48,175.48,175.3605,175.42,6516.801656,175.4385,148,
2026-03-24 12:31:00,175.3713,175.41,175.31,175.35,2555.20455,175.3751,98,
2026-03-24 12:32:00,175.35,175.35,175.25,175.25,6570.391247,175.3049,183,
2026-03-24 12:33:00,175.24,175.24,175.15,175.15,17562.594309,175.2009,372,
2026-03-24 12:34:00,175.1365,175.2,175.1,175.2,7040.872529,175.1619,198,
2026-03-24 12:35:00,175.2355,175.24,175.09,175.1,6149.908163,175.1721,200,
2026-03-24 12:36:00,175.1,175.26,175.1,175.14,8613.939774,175.1795,171,
2026-03-24 12:37:00,175.14,175.1622,174.91,174.93,62682.641284,174.9986,1335,
2026-03-24 12:38:00,174.91,174.97,174.86,174.9,23348.006767,174.9068,377,
2026-03-24 12:39:00,174.87,174.92,174.86,174.9,5668.372121,174.9001,195,
2026-03-24 12:40:00,174.9,174.94,174.86,174.87,10379.090421,174.8997,230,
2026-03-24 12:41:00,174.91,175.03,174.91,174.995,9172.673392,174.9936,221,
2026-03-24 12:42:00,174.98,175.03,174.94,174.94,8853.618619,174.9911,189,
2026-03-24 12:43:00,174.9442,174.9442,174.81,174.81,11692.76667,174.8883,293,
2026-03-24 12:44:00,174.82,174.87,174.75,174.77,22108.379055,174.7871,398,
2026-03-24 12:45:00,174.7916,174.89,174.7916,174.8326,9764.12118,174.8324,202,
2026-03-24 12:46:00,174.88,174.93,174.82,174.82,5645.786316,174.9018,156,
2026-03-24 12:47:00,174.85,174.91,174.8,174.91,10339.690825,174.8692,209,
2026-03-24 12:48:00,174.91,174.91,174.7201,174.7375,12043.444527,174.8118,252,
2026-03-24 12:49:00,174.7748,174.83,174.7414,174.83,5338.544531,174.79,133,
2026-03-24 12:50:00,174.8,174.87,174.77,174.83,6320.82598,174.8421,216,
2026-03-24 12:51:00,174.8315,174.91,174.8315,174.87,9003.54322,174.8846,195,
2026-03-24 12:52:00,174.89,175.1,174.89,175.1,12303.389767,174.9792,266,
2026-03-24 12:53:00,175.0752,175.077,174.97,175.06,12011.070718,175.0371,174,
2026-03-24 12:54:00,175.01,175.05,175.0,175.0101,7891.486176,175.0389,145,
2026-03-24 12:55:00,175.02,175.02,174.93,174.93,4790.278014,174.9917,132,
2026-03-24 12:56:00,174.9685,174.99,174.9,174.9,8738.743783,174.9507,202,
2026-03-24 12:57:00,174.9,174.9448,174.89,174.91,4112.620933,174.9372,128,
2026-03-24 12:58:00,174.89,175.0,174.87,174.9025,6581.024252,174.9278,191,
2026-03-24 12:59:00,174.91,174.92,174.86,174.9161,4858.078407,174.8974,135,
2026-03-24 13:00:00,174.8905,174.8905,174.8413,174.8413,5602.949773,174.9017,189,
2026-03-24 13:01:00,174.87,174.93,174.86,174.92,8586.027714,174.8922,137,
2026-03-24 13:02:00,174.93,175.01,174.83,175.01,13543.60356,174.9061,314,
2026-03-24 13:03:00,174.99,174.99,174.94,174.94,5839.178752,174.9651,149,
2026-03-24 13:04:00,174.9787,174.98,174.85,174.85,9304.797754,174.9153,212,
2026-03-24 13:05:00,174.85,174.9124,174.83,174.8704,7684.007019,174.8767,144,
2026-03-24 13:06:00,174.8739,174.9635,174.86,174.86,6553.694789,174.9289,185,
2026-03-24 13:07:00,174.85,174.85,174.58,174.68,41326.86887,174.703,1057,
2026-03-24 13:08:00,174.693,174.76,174.61,174.6504,11077.588368,174.6812,286,
2026-03-24 13:09:00,174.63,174.63,174.35,174.52,62098.911726,174.4897,964,
2026-03-24 13:10:00,174.51,174.6556,174.5,174.604,8981.622108,174.5706,250,
2026-03-24 13:11:00,174.6018,174.68,174.6018,174.6461,10686.717789,174.6463,234,
2026-03-24 13:12:00,174.64,174.7,174.6208,174.67,13871.690716,174.6615,264,
2026-03-24 13:13:00,174.64,174.75,174.64,174.66,11161.056919,174.6843,193,
2026-03-24 13:14:00,174.64,174.72,174.6,174.71,6733.028646,174.6575,219,
2026-03-24 13:15:00,174.68,174.69,174.58,174.58,36509.755834,174.6652,342,
2026-03-24 13:16:00,174.55,174.68,174.55,174.6,12483.778254,174.6391,166,
2026-03-24 13:17:00,174.62,174.66,174.54,174.5763,12369.702749,174.5944,289,
2026-03-24 13:18:00,174.5501,174.61,174.52,174.53,10588.589818,174.5888,253,
2026-03-24 13:19:00,174.52,174.6435,174.47,174.6435,22435.031898,174.543,407,
2026-03-24 13:20:00,174.62,174.65,174.54,174.54,6322.788972,174.6179,223,
2026-03-24 13:21:00,174.5762,174.6,174.51,174.585,5754.032224,174.573,223,
2026-03-24 13:22:00,174.6104,174.7,174.59,174.7,12804.89611,174.6635,235,
2026-03-24 13:23:00,174.6674,174.75,174.6,174.7326,12132.419076,174.6929,192,
2026-03-24 13:24:00,174.75,174.8,174.7382,174.76,15553.53676,174.7762,221,
2026-03-24 13:25:00,174.8,175.2822,174.79,175.2535,45295.118512,175.1086,623,
2026-03-24 13:26:00,175.2126,175.26,175.0118,175.0118,35983.697332,175.1087,460,
2026-03-24 13:27:00,175.06,175.1,174.66,174.66,48361.698174,174.9382,559,
2026-03-24 13:28:00,174.66,174.9,174.55,174.6382,43098.447123,174.6299,652,
2026-03-24 13:29:00,174.63,175.04,174.61,174.76,37791.097249,174.7594,448,
2026-03-24 13:30:00,174.83,175.41,174.6818,174.82,1736446.286975,174.9472,18770,
2026-03-24 13:31:00,174.82,175.64,174.7,175.5801,586263.842959,175.2822,7440,
2026-03-24 13:32:00,175.54,175.9,175.36,175.63,634723.078243,175.6094,7514,
2026-03-24 13:33:00,175.63,175.75,175.34,175.34,484604.591698,175.5111,7160,
2026-03-24 13:34:00,175.35,175.66,175.34,175.635,470373.484808,175.4823,6277,
2026-03-24 13:35:00,175.635,175.68,175.28,175.47,597935.110234,175.4759,8036,
2026-03-24 13:36:00,175.46,175.59,175.12,175.21,521145.558822,175.2818,8441,
2026-03-24 13:37:00,175.21,175.45,175.0517,175.085,511713.112298,175.2317,8169,
2026-03-24 13:38:00,175.08,175.55,175.08,175.465,490183.410074,175.3381,6845,
2026-03-24 13:39:00,175.455,175.49,175.06,175.145,493585.173965,175.2492,6595,
2026-03-24 13:40:00,175.14,175.19,174.78,174.8,614721.727257,175.0026,8737,
2026-03-24 13:41:00,174.8,174.98,174.4,174.42,599726.781931,174.6927,7866,
2026-03-24 13:42:00,174.4107,175.09,174.4101,175.02,658492.156598,174.7957,10253,
2026-03-24 13:43:00,175.02,175.02,174.72,174.7992,425057.224838,174.8516,8633,
2026-03-24 13:44:00,174.79,174.8,174.59,174.7601,336117.246188,174.6987,8435,
2026-03-24 13:45:00,174.76,175.02,174.6701,174.98,502505.483696,174.8601,9851,
2026-03-24 13:46:00,174.99,175.305,174.9601,175.2899,495650.597787,175.1419,9576,
2026-03-24 13:47:00,175.285,175.2901,175.0771,175.1382,383978.04624,175.1826,8922,
2026-03-24 13:48:00,175.13,175.2,174.8,174.93,423697.06345,174.9735,9232,
2026-03-24 13:49:00,174.94,174.96,174.68,174.69,285042.444162,174.8071,8471,
2026-03-24 13:50:00,174.68,174.8201,174.24,174.28,692936.099344,174.5127,16453,
2026-03-24 13:51:00,174.28,174.39,174.11,174.18,656721.044495,174.2665,11351,
2026-03-24 13:52:00,174.18,174.5,174.09,174.42,521058.030464,174.2645,10237,
2026-03-24 13:53:00,174.4151,174.69,174.39,174.64,593560.433082,174.5395,9803,
2026-03-24 13:54:00,174.64,174.719,174.37,174.38,446091.110701,174.5627,9385,
2026-03-24 13:55:00,174.39,174.54,174.355,174.475,706143.921414,174.456,9063,
2026-03-24 13:56:00,174.48,174.78,174.48,174.78,390259.378212,174.651,9123,
2026-03-24 13:57:00,174.77,175.11,174.76,174.9166,607703.860654,174.9519,10919,
2026-03-24 13:58:00,174.9,174.91,174.585,174.685,471779.316378,174.6829,9486,
2026-03-24 13:59:00,174.6897,174.96,174.655,174.935,397639.9677,174.8245,9118,
2026-03-24 14:00:00,174.94,175.33,174.9001,175.195,706695.216356,175.143,11228,
2026-03-24 14:01:00,175.2001,175.24,175.0275,175.0699,484390.434879,175.1194,9911,
2026-03-24 14:02:00,175.055,175.07,174.785,174.93,411264.319191,174.91,9247,
2026-03-24 14:03:00,174.93,175.07,174.88,174.92,370562.372739,174.9527,8909,
2026-03-24 14:04:00,174.92,174.95,174.67,174.7564,322380.217699,174.7721,8113,
2026-03-24 14:05:00,174.7478,174.79,174.56,174.6,440755.879232,174.6329,9129,
2026-03-24 14:06:00,174.59,174.75,174.54,174.6399,343849.923869,174.6679,8965,
2026-03-24 14:07:00,174.63,174.92,174.605,174.785,424371.285171,174.7996,9453,
2026-03-24 14:08:00,174.765,174.765,174.52,174.66,364250.4937,174.6348,8657,
2026-03-24 14:09:00,174.66,174.83,174.6,174.83,357572.340006,174.6964,8813,
2026-03-24 14:10:00,174.8399,174.93,174.75,174.775,398394.489677,174.8338,8901,
2026-03-24 14:11:00,174.775,174.787,174.59,174.6599,305154.077529,174.6765,8064,
2026-03-24 14:12:00,174.66,174.7099,174.36,174.42,461609.739287,174.5272,9573,
2026-03-24 14:13:00,174.415,174.45,174.01,174.16,583700.971925,174.1818,11267,
2026-03-24 14:14:00,174.155,174.42,174.12,174.2899,500500.032521,174.3023,9864,
2026-03-24 14:15:00,174.29,174.47,174.285,174.3599,467875.891841,174.3604,8649,
2026-03-24 14:16:00,174.36,174.385,174.195,174.295,368098.871674,174.3083,8860,
2026-03-24 14:17:00,174.3001,174.59,174.3001,174.55,363701.766165,174.4308,8056,
2026-03-24 14:18:00,174.54,174.65,174.445,174.6,359921.898605,174.5718,8302,
2026-03-24 14:19:00,174.6,174.74,174.5801,174.6701,365673.673144,174.6696,7964,
2026-03-24 14:20:00,174.67,174.715,174.53,174.545,459848.873301,174.632,9156,
2026-03-24 14:21:00,174.545,174.67,174.445,174.46,323691.661685,174.5507,8043,
2026-03-24 14:22:00,174.45,174.6328,174.12,174.14,545495.768669,174.3991,9533,
2026-03-24 14:23:00,174.145,174.39,174.145,174.34,376021.680735,174.259,8493,
2026-03-24 14:24:00,174.335,174.4,174.29,174.315,275901.225767,174.3452,7870,
2026-03-24 14:25:00,174.3106,174.33,173.98,174.015,645817.605081,174.1086,14558,
2026-03-24 14:26:00,174.015,174.25,174.015,174.1,463004.774773,174.1262,9635,
2026-03-24 14:27:00,174.11,174.52,174.09,174.4502,380787.894383,174.257,8454,
2026-03-24 14:28:00,174.45,174.59,174.41,174.455,350984.72663,174.4941,8422,
2026-03-24 14:29:00,174.46,174.47,174.14,174.25,341085.961204,174.3265,8945,
2026-03-24 14:30:00,174.255,174.44,174.135,174.34,340561.27755,174.3186,8305,
2026-03-24 14:31:00,174.325,174.44,174.28,174.435,287063.347714,174.3456,8270,
2026-03-24 14:32:00,174.4396,174.4396,174.205,174.3126,391292.250211,174.3047,8589,
2026-03-24 14:33:00,174.315,174.44,174.27,174.4004,386659.115263,174.3838,8266,
2026-03-24 14:34:00,174.41,174.56,174.34,174.545,377141.767726,174.4687,8772,
2026-03-24 14:35:00,174.54,174.77,174.46,174.715,401689.403379,174.6647,9148,
2026-03-24 14:36:00,174.7,174.7099,174.42,174.47,397951.661722,174.5672,8836,
2026-03-24 14:37:00,174.47,174.6,174.335,174.365,310902.902367,174.4626,7815,
2026-03-24 14:38:00,174.3699,174.4,174.208,174.36,327581.551035,174.2971,8217,
2026-03-24 14:39:00,174.35,174.41,174.255,174.3199,316409.070682,174.3329,8061,
2026-03-24 14:40:00,174.315,174.5,174.24,174.48,341279.983201,174.3514,8070,
2026-03-24 14:41:00,174.475,174.6,174.43,174.475,355294.323875,174.5042,7542,
2026-03-24 14:42:00,174.48,174.625,174.47,174.575,357342.982518,174.5292,7972,
2026-03-24 14:43:00,174.58,174.68,174.51,174.56,360454.182229,174.6055,8213,
2026-03-24 14:44:00,174.56,174.68,174.52,174.65,212224.352707,174.6123,7120,
2026-03-24 14:45:00,174.64,174.6628,174.195,174.21,471855.721404,174.4424,9773,
2026-03-24 14:46:00,174.2,174.72,174.2,174.61,547551.896536,174.4272,10459,
2026-03-24 14:47:00,174.6,174.64,174.49,174.625,382537.833651,174.5699,9253,
2026-03-24 14:48:00,174.62,174.8499,174.61,174.81,425169.031554,174.7415,8625,
2026-03-24 14:49:00,174.8,174.805,174.4401,174.4401,360138.099453,174.634,8471,
2026-03-24 14:50:00,174.46,174.46,174.295,174.355,323138.434901,174.3732,8675,
2026-03-24 14:51:00,174.36,174.99,174.3,174.91,537339.536178,174.6119,11022,
2026-03-24 14:52:00,174.9,175.35,174.88,175.0,1041083.708951,175.14,16478,
2026-03-24 14:53:00,174.99,175.17,174.7,175.15,425922.825845,174.8778,9803,
2026-03-24 14:54:00,175.14,175.27,174.86,174.955,581913.084869,175.0832,10537,
2026-03-24 14:55:00,174.95,175.15,174.85,175.045,471891.284252,174.9865,10527,
2026-03-24 14:56:00,175.04,175.305,174.98,175.2501,432263.486476,175.2091,9452,
2026-03-24 14:57:00,175.25,175.375,175.15,175.28,434197.819389,175.2853,8381,
2026-03-24 14:58:00,175.27,175.28,174.83,174.91,612667.77062,175.0354,11489,
2026-03-24 14:59:00,174.915,174.925,174.22,174.7706,891845.486694,174.6095,17215,
2026-03-24 15:00:00,174.79,175.39,174.78,175.16,597336.178173,175.2131,12213,
2026-03-24 15:01:00,175.15,175.24,175.0801,175.105,250158.092322,175.1492,7840,
2026-03-24 15:02:00,175.105,175.1499,174.9,175.115,384208.579681,175.0515,8843,
2026-03-24 15:03:00,175.11,175.3199,175.05,175.26,423966.643876,175.208,9348,
2026-03-24 15:04:00,175.26,175.33,175.11,175.21,314641.780923,175.2044,8344,
2026-03-24 15:05:00,175.19,175.29,175.14,175.2101,274576.076639,175.2076,7456,
2026-03-24 15:06:00,175.205,175.3,175.17,175.2779,191750.669963,175.2247,7035,
2026-03-24 15:07:00,175.2789,175.29,175.15,175.27,212971.407821,175.2245,7348,
2026-03-24 15:08:00,175.26,175.326,175.1401,175.19,418058.091703,175.2645,9545,
2026-03-24 15:09:00,175.195,175.31,175.15,175.185,310181.479732,175.2156,7898,
2026-03-24 15:10:00,175.19,175.21,175.0693,175.19,266684.920525,175.1361,7350,
2026-03-24 15:11:00,175.19,175.4551,175.185,175.39,422449.674975,175.3359,9032,
2026-03-24 15:12:00,175.39,175.6,175.38,175.53,439902.823128,175.4881,9126,
2026-03-24 15:13:00,175.53,175.545,175.33,175.3775,381318.881307,175.4497,8661,
2026-03-24 15:14:00,175.38,175.46,175.33,175.405,367503.305267,175.3842,9306,
2026-03-24 15:15:00,175.405,175.63,175.38,175.615,392409.103978,175.5141,8692,
2026-03-24 15:16:00,175.605,175.85,175.5702,175.8,460841.640558,175.7054,9247,
2026-03-24 15:17:00,175.8,175.8116,175.55,175.61,394392.280439,175.6915,8740,
2026-03-24 15:18:00,175.62,175.74,175.61,175.65,422585.337534,175.6899,9176,
2026-03-24 15:19:00,175.65,175.89,175.635,175.815,547704.806893,175.8044,10028,
2026-03-24 15:20:00,175.81,175.91,175.64,175.87,469966.391474,175.7786,9269,
2026-03-24 15:21:00,175.8701,176.025,175.8101,175.99,888457.728027,175.8086,10757,
2026-03-24 15:22:00,175.995,176.0885,175.94,176.07,413132.925002,176.01,8691,
2026-03-24 15:23:00,176.0699,176.085,175.89,175.9501,373459.960302,175.968,8088,
2026-03-24 15:24:00,175.96,176.09,175.94,175.975,351501.345538,175.9729,8201,
2026-03-24 15:25:00,175.98,176.16,175.9,176.15,582268.733938,176.0333,10392,
2026-03-24 15:26:00,176.15,176.15,175.9501,175.97,329513.00627,176.0478,7816,
2026-03-24 15:27:00,175.965,175.9699,175.83,175.85,468786.364348,175.887,9229,
2026-03-24 15:28:00,175.86,175.91,175.65,175.69,367042.320639,175.7645,7686,
2026-03-24 15:29:00,175.695,175.695,175.56,175.615,293150.577569,175.6208,7460,
2026-03-24 15:30:00,175.61,175.76,175.6081,175.685,291460.803427,175.6841,7220,
2026-03-24 15:31:00,175.68,175.9,175.66,175.68,447722.867031,175.7813,8185,
2026-03-24 15:32:00,175.68,175.68,175.45,175.5001,385791.795003,175.5528,8171,
2026-03-24 15:33:00,175.505,175.56,175.4,175.475,275230.835685,175.4939,7448,
2026-03-24 15:34:00,175.47,175.63,175.47,175.595,268865.579204,175.5521,6635,
2026-03-24 15:35:00,175.5999,175.66,175.56,175.64,390807.297226,175.6609,6867,
2026-03-24 15:36:00,175.645,175.75,175.64,175.75,296220.755446,175.7059,7610,
2026-03-24 15:37:00,175.74,175.87,175.73,175.84,265802.583181,175.7875,7076,
2026-03-24 15:38:00,175.8307,175.8366,175.73,175.7803,234974.456535,175.7725,6758,
2026-03-24 15:39:00,175.79,175.87,175.725,175.725,265468.855876,175.7959,7510,
2026-03-24 15:40:00,175.72,175.84,175.71,175.7778,209366.406124,175.7841,6988,
2026-03-24 15:41:00,175.775,175.85,175.71,175.765,232161.423099,175.7787,7267,
2026-03-24 15:42:00,175.77,175.81,175.71,175.735,194477.304075,175.7581,6780,
2026-03-24 15:43:00,175.7397,175.8,175.69,175.73,155340.434012,175.7542,3927,
2026-03-24 15:44:00,175.735,175.775,175.585,175.6199,338655.044395,175.6637,3550,
2026-03-24 15:45:00,175.62,175.64,175.52,175.62,238928.253632,175.5842,2679,
2026-03-24 15:46:00,175.61,175.63,175.52,175.5572,217348.144602,175.5791,2453,
2026-03-24 15:47:00,175.555,175.62,175.5,175.56,242049.444303,175.5573,2622,
2026-03-24 15:48:00,175.56,175.71,175.54,175.71,269266.468414,175.6158,2826,
2026-03-24 15:49:00,175.705,175.7398,175.61,175.7299,195344.543085,175.6601,2241,
2026-03-24 15:50:00,175.7299,175.835,175.69,175.73,270513.271676,175.7491,2600,
2026-03-24 15:51:00,175.725,175.81,175.725,175.775,198260.968594,175.7778,2256,
2026-03-24 15:52:00,175.77,175.81,175.71,175.775,210833.510145,175.7587,2395,
2026-03-24 15:53:00,175.775,175.85,175.7,175.745,212547.463979,175.7593,2619,
2026-03-24 15:54:00,175.75,175.79,175.68,175.76,121485.344161,175.7396,1599,
2026-03-24 15:55:00,175.76,175.76,175.58,175.595,231442.151231,175.6631,2529,
2026-03-24 15:56:00,175.595,175.65,175.245,175.28,341894.220987,175.4276,3654,
2026-03-24 15:57:00,175.29,175.4,175.2201,175.285,334118.118344,175.3256,3227,
2026-03-24 15:58:00,175.29,175.47,175.29,175.425,221297.103868,175.3693,2363,
2026-03-24 15:59:00,175.41,175.47,175.33,175.33,236242.26031,175.4135,2355,
2026-03-24 16:00:00,175.34,175.4099,175.28,175.355,233098.223869,175.3478,2597,
2026-03-24 16:01:00,175.355,175.4,175.11,175.115,304156.878429,175.2806,3232,
2026-03-24 16:02:00,175.12,175.179,175.04,175.1101,294791.899796,175.0966,2978,
2026-03-24 16:03:00,175.11,175.21,175.09,175.1001,195720.386689,175.162,2123,
2026-03-24 16:04:00,175.1025,175.22,175.1,175.185,233204.188719,175.1695,2256,
2026-03-24 16:05:00,175.19,175.21,174.94,174.9997,383183.976728,175.0719,5272,
2026-03-24 16:06:00,174.99,175.08,174.92,175.065,386822.742058,174.9934,2599,
2026-03-24 16:07:00,175.0698,175.26,175.0599,175.225,278511.185338,175.1603,2525,
2026-03-24 16:08:00,175.23,175.25,175.12,175.2,178736.558999,175.1772,1844,
2026-03-24 16:09:00,175.2,175.3499,175.18,175.335,184424.628457,175.2578,2189,
2026-03-24 16:10:00,175.3398,175.4,175.25,175.2681,293661.507511,175.3266,2732,
2026-03-24 16:11:00,175.26,175.285,175.075,175.095,227171.206455,175.1714,2362,
2026-03-24 16:12:00,175.105,175.19,174.98,175.14,289470.748004,175.084,3422,
2026-03-24 16:13:00,175.15,175.29,175.12,175.29,225159.535884,175.1893,2645,
2026-03-24 16:14:00,175.2851,175.33,175.2,175.205,162279.228938,175.2742,2118,
2026-03-24 16:15:00,175.21,175.3699,175.205,175.31,216212.08101,175.2719,2367,
2026-03-24 16:16:00,175.3103,175.5,175.285,175.48,283828.994367,175.4271,3280,
2026-03-24 16:17:00,175.48,175.49,175.375,175.43,239769.891458,175.4244,2803,
2026-03-24 16:18:00,175.4379,175.465,175.3601,175.42,135255.241178,175.4093,2019,
2026-03-24 16:19:00,175.42,175.44,175.34,175.4001,121812.516525,175.3959,1616,
2026-03-24 16:20:00,175.405,175.49,175.35,175.465,210065.206737,175.431,2792,
2026-03-24 16:21:00,175.465,175.6,175.3814,175.56,255468.769196,175.4768,3010,
2026-03-24 16:22:00,175.55,175.715,175.525,175.665,303189.564307,175.6101,3537,
2026-03-24 16:23:00,175.665,175.665,175.59,175.595,146497.350925,175.6275,2389,
2026-03-24 16:24:00,175.59,175.6,175.54,175.575,120772.553447,175.5605,1932,
2026-03-24 16:25:00,175.58,175.6,175.33,175.35,276495.284138,175.4632,3585,
2026-03-24 16:26:00,175.34,175.4,175.31,175.335,212965.703074,175.3493,2816,
2026-03-24 16:27:00,175.335,175.43,175.29,175.4291,283747.887738,174.8579,2433,
2026-03-24 16:28:00,175.4285,175.4285,175.29,175.355,143500.519498,175.3673,2150,
2026-03-24 16:29:00,175.36,175.39,175.27,175.325,253150.072949,175.3538,3010,
2026-03-24 16:30:00,175.33,175.425,175.2398,175.26,195655.787443,175.3376,2840,
2026-03-24 16:31:00,175.261,175.41,175.26,175.3823,153198.923827,175.3267,2141,
2026-03-24 16:32:00,175.3701,175.435,175.285,175.415,219169.816801,175.3332,2475,
2026-03-24 16:33:00,175.42,175.48,175.15,175.2,297688.592742,175.3269,3950,
2026-03-24 16:34:00,175.1999,175.1999,175.12,175.12,191545.828192,175.1559,2295,
2026-03-24 16:35:00,175.12,175.135,174.9,174.97,290345.732748,175.0092,3607,
2026-03-24 16:36:00,174.96,174.99,174.85,174.8573,249023.627816,174.8962,3033,
2026-03-24 16:37:00,174.855,174.905,174.7,174.7,285376.943222,174.8271,2741,
2026-03-24 16:38:00,174.71,174.82,174.67,174.78,265220.947685,174.7472,2671,
2026-03-24 16:39:00,174.77,174.79,174.67,174.68,266722.011252,174.7363,2537,
2026-03-24 16:40:00,174.69,174.835,174.685,174.82,223131.568567,174.766,2326,
2026-03-24 16:41:00,174.815,174.905,174.8,174.9,216824.512561,174.8647,2557,
2026-03-24 16:42:00,174.905,174.995,174.89,174.95,251433.736718,174.9426,2525,
2026-03-24 16:43:00,174.95,175.05,174.92,175.0299,195164.923227,174.9866,2297,
2026-03-24 16:44:00,175.03,175.13,174.98,175.1186,187262.009288,175.0296,2169,
2026-03-24 16:45:00,175.12,175.365,175.1,175.35,305857.427326,175.2792,2826,
2026-03-24 16:46:00,175.34,175.3897,175.27,175.28,210302.644322,175.3258,2131,
2026-03-24 16:47:00,175.28,175.34,175.27,175.32,114328.828475,175.3005,1528,
2026-03-24 16:48:00,175.32,175.32,175.21,175.2192,194167.226431,175.2519,2032,
2026-03-24 16:49:00,175.225,175.28,175.185,175.265,162654.021138,175.2437,2175,
2026-03-24 16:50:00,175.26,175.39,175.22,175.37,206184.527187,175.3307,2327,
2026-03-24 16:51:00,175.38,175.395,175.32,175.36,142170.274616,175.3545,1833,
2026-03-24 16:52:00,175.34,175.42,175.34,175.41,129762.850521,175.3873,1418,
2026-03-24 16:53:00,175.4022,175.41,175.265,175.285,227124.698675,175.3315,2582,
2026-03-24 16:54:00,175.2884,175.31,175.1914,175.2075,113114.033145,175.2586,1329,
2026-03-24 16:55:00,175.2,175.23,174.995,175.045,245788.550669,175.0941,3186,
2026-03-24 16:56:00,175.045,175.25,175.02,175.21,133146.985802,175.1692,1636,
2026-03-24 16:57:00,175.2199,175.25,174.955,174.955,234993.761527,175.0619,2691,
2026-03-24 16:58:00,174.96,175.12,174.95,175.08,172119.443955,175.0365,1765,
2026-03-24 16:59:00,175.08,175.145,174.99,175.145,161853.442772,175.0678,1710,
2026-03-24 17:00:00,175.145,175.29,175.14,175.2201,192352.163656,175.2232,1838,
2026-03-24 17:01:00,175.23,175.2599,175.19,175.243,104649.339816,175.2249,1284,
2026-03-24 17:02:00,175.245,175.27,175.02,175.0683,262741.286588,175.1271,2876,
2026-03-24 17:03:00,175.075,175.088,174.89,174.921,218138.594458,174.9972,2367,
2026-03-24 17:04:00,174.925,175.0,174.82,174.83,237975.665506,174.9202,2246,
2026-03-24 17:05:00,174.84,174.84,174.53,174.64,389192.324559,174.6359,4690,
2026-03-24 17:06:00,174.64,174.94,174.64,174.86,269266.011989,174.85,2930,
2026-03-24 17:07:00,174.85,174.9295,174.77,174.84,184508.494164,174.8594,2196,
2026-03-24 17:08:00,174.85,174.9,174.69,174.75,254675.357974,174.8031,2558,
2026-03-24 17:09:00,174.76,174.81,174.6311,174.665,185051.768606,174.7315,2470,
2026-03-24 17:10:00,174.68,174.7,174.56,174.655,216920.147984,174.6263,2872,
2026-03-24 17:11:00,174.665,174.7799,174.66,174.685,214359.344212,174.5391,1939,
2026-03-24 17:12:00,174.69,174.725,174.46,174.4666,245635.197912,174.5874,3312,
2026-03-24 17:13:00,174.47,174.62,174.45,174.525,225052.460507,174.525,3156,
2026-03-24 17:14:00,174.515,174.61,174.41,174.59,209803.327863,174.5191,2294,
2026-03-24 17:15:00,174.58,174.66,174.5501,174.58,158299.524193,174.6064,2153,
2026-03-24 17:16:00,174.5801,174.6,174.39,174.44,242579.554314,174.4692,2725,
2026-03-24 17:17:00,174.435,174.535,174.385,174.4,136841.208241,174.4695,1944,
2026-03-24 17:18:00,174.405,174.55,174.405,174.465,205256.159539,174.478,2173,
2026-03-24 17:19:00,174.47,174.56,174.44,174.485,127858.023741,174.5019,1638,
2026-03-24 17:20:00,174.48,174.6201,174.45,174.59,188048.777831,174.5441,2292,
2026-03-24 17:21:00,174.6,174.64,174.56,174.59,141606.075772,174.6063,2034,
2026-03-24 17:22:00,174.58,174.645,174.56,174.595,116914.054267,174.6054,1639,
2026-03-24 17:23:00,174.6,174.725,174.6,174.66,160263.718991,174.6705,1830,
2026-03-24 17:24:00,174.655,174.68,174.56,174.565,193981.007885,174.6278,2078,
2026-03-24 17:25:00,174.57,174.61,174.505,174.52,118205.376015,174.5538,1686,
2026-03-24 17:26:00,174.5299,174.62,174.525,174.5606,162467.0913,174.5758,2278,
2026-03-24 17:27:00,174.55,174.65,174.55,174.6,131556.718403,174.5089,1614,
2026-03-24 17:28:00,174.6063,174.75,174.59,174.75,170076.990885,174.6821,2099,
2026-03-24 17:29:00,174.75,174.751,174.65,174.7073,160077.53771,174.7105,1789,
2026-03-24 17:30:00,174.7,174.88,174.675,174.8379,229515.74894,174.7865,2912,
2026-03-24 17:31:00,174.8355,174.92,174.785,174.895,151209.055023,174.8423,2263,
2026-03-24 17:32:00,174.9,174.9,174.765,174.8,121932.948882,174.842,1428,
2026-03-24 17:33:00,174.8,174.8199,174.58,174.615,188078.886484,174.6872,2171,
2026-03-24 17:34:00,174.615,174.6772,174.6,174.6443,79791.575733,174.6317,1338,
2026-03-24 17:35:00,174.65,174.7,174.58,174.655,123470.077179,174.6529,2067,
2026-03-24 17:36:00,174.655,174.75,174.62,174.6799,126390.525245,174.7024,1656,
2026-03-24 17:37:00,174.66,174.82,174.6599,174.8136,125756.648186,174.7416,1662,
2026-03-24 17:38:00,174.805,174.875,174.71,174.7299,132076.268726,174.7871,1601,
2026-03-24 17:39:00,174.735,174.81,174.72,174.77,144373.838768,174.7681,1346,
2026-03-24 17:40:00,174.77,174.845,174.7,174.72,191783.792961,174.7888,2202,
2026-03-24 17:41:00,174.71,174.73,174.62,174.68,108627.20746,174.6809,1570,
2026-03-24 17:42:00,174.68,174.695,174.415,174.52,297788.116255,174.5433,2942,
2026-03-24 17:43:00,174.53,174.63,174.5099,174.5705,84724.266843,174.5746,1334,
2026-03-24 17:44:00,174.58,174.6,174.53,174.585,86215.221101,174.5608,1331,
2026-03-24 17:45:00,174.5802,174.605,174.49,174.575,336589.236197,174.6257,1780,
2026-03-24 17:46:00,174.57,174.6399,174.52,174.615,111695.270214,174.5729,1439,
2026-03-24 17:47:00,174.62,174.65,174.5901,174.63,121614.671917,174.6165,3709,
2026-03-24 17:48:00,174.62,174.7099,174.5901,174.69,114748.593002,174.649,1390,
2026-03-24 17:49:00,174.68,174.75,174.6401,174.665,109251.849008,174.6916,1356,
2026-03-24 17:50:00,174.66,174.685,174.59,174.63,100132.412209,174.637,1313,
2026-03-24 17:51:00,174.65,174.71,174.62,174.695,116529.664091,174.6726,1572,
2026-03-24 17:52:00,174.685,175.0,174.675,174.81,395136.293005,174.8499,4611,
2026-03-24 17:53:00,174.8,174.84,174.74,174.81,157469.441733,174.7908,1922,
2026-03-24 17:54:00,174.805,174.98,174.74,174.95,164799.924396,174.8792,2044,
2026-03-24 17:55:00,174.94,175.18,174.87,174.925,586330.602914,175.0197,6866,
2026-03-24 17:56:00,174.92,175.23,174.92,175.1101,347213.727723,175.0933,3853,
2026-03-24 17:57:00,175.12,175.2,175.03,175.172,279165.498669,175.1242,3187,
2026-03-24 17:58:00,175.17,175.28,175.13,175.245,246839.030131,175.2171,3029,
2026-03-24 17:59:00,175.249,175.38,175.12,175.365,284101.246807,175.2208,3006,
2026-03-24 18:00:00,175.37,175.575,175.27,175.445,349745.37307,175.4142,3855,
2026-03-24 18:01:00,175.45,175.515,175.34,175.435,303491.006626,175.4212,3615,
2026-03-24 18:02:00,175.43,175.595,175.36,175.58,221420.289202,175.4851,2782,
2026-03-24 18:03:00,175.59,175.6,175.4424,175.475,174208.573285,175.5073,1923,
2026-03-24 18:04:00,175.48,175.555,175.435,175.525,131754.323879,175.4774,1794,
2026-03-24 18:05:00,175.52,175.565,175.49,175.52,132838.994161,175.5294,1520,
2026-03-24 18:06:00,175.515,175.54,175.42,175.4201,188891.392406,175.4632,2225,
2026-03-24 18:07:00,175.43,175.43,175.23,175.32,287012.671412,175.3274,2674,
2026-03-24 18:08:00,175.315,175.335,175.17,175.2351,227894.033018,175.2599,2254,
2026-03-24 18:09:00,175.2399,175.3199,175.21,175.2899,114356.590416,175.2703,1335,
2026-03-24 18:10:00,175.285,175.36,175.24,175.295,227072.273281,175.3001,2069,
2026-03-24 18:11:00,175.2879,175.42,175.28,175.415,155823.213349,175.3559,1584,
2026-03-24 18:12:00,175.4199,175.42,175.33,175.345,169581.589328,175.3645,1477,
2026-03-24 18:13:00,175.33,175.34,175.2,175.205,161996.059143,175.2718,1769,
2026-03-24 18:14:00,175.21,175.36,175.2,175.275,165779.460528,175.2767,1758,
2026-03-24 18:15:00,175.28,175.33,175.1701,175.19,186830.695973,175.2532,2253,
2026-03-24 18:16:00,175.185,175.2585,175.09,175.245,151871.138932,175.1653,1822,
2026-03-24 18:17:00,175.235,175.29,175.14,175.1699,172488.156793,175.2162,1710,
2026-03-24 18:18:00,175.1681,175.1701,175.06,175.09,332852.064029,175.107,3824,
2026-03-24 18:19:00,175.1,175.38,175.079,175.3,529701.148399,175.1785,6418,
2026-03-24 18:20:00,175.32,175.44,175.2601,175.358,244749.183742,175.3354,2503,
2026-03-24 18:21:00,175.36,175.39,175.29,175.36,175017.61556,175.335,1734,
2026-03-24 18:22:00,175.355,175.375,175.23,175.255,176930.308061,175.2919,2063,
2026-03-24 18:23:00,175.255,175.33,175.25,175.28,121702.180656,175.2968,1390,
2026-03-24 18:24:00,175.28,175.365,175.27,175.345,98644.84932,175.3304,1262,
2026-03-24 18:25:00,175.3322,175.4551,175.31,175.43,171564.130975,175.3894,1613,
2026-03-24 18:26:00,175.43,175.47,175.4,175.44,155922.315363,175.4407,2023,
2026-03-24 18:27:00,175.43,175.565,175.41,175.525,283224.800032,175.4901,2628,
2026-03-24 18:28:00,175.53,175.53,175.391,175.4201,193375.891534,175.4267,2153,
2026-03-24 18:29:00,175.43,175.45,175.32,175.43,203266.507999,175.3797,2105,
2026-03-24 18:30:00,175.43,175.48,175.31,175.3802,138683.336661,175.4033,1601,
2026-03-24 18:31:00,175.3801,175.65,175.375,175.65,266058.967134,175.5343,2596,
2026-03-24 18:32:00,175.655,175.85,175.63,175.745,455283.704807,175.6789,3873,
2026-03-24 18:33:00,175.745,175.7499,175.6,175.705,226750.110466,175.6643,2594,
2026-03-24 18:34:00,175.7,175.795,175.7,175.735,151779.721494,175.7525,1751,
2026-03-24 18:35:00,175.72,175.88,175.7101,175.8551,194324.330431,175.8017,2020,
2026-03-24 18:36:00,175.855,175.855,175.7494,175.8198,163899.364544,175.7967,1640,
2026-03-24 18:37:00,175.815,175.925,175.7301,175.85,357992.627595,175.8476,3523,
2026-03-24 18:38:00,175.845,176.07,175.8202,176.05,345608.250456,175.9416,3510,
2026-03-24 18:39:00,176.05,176.18,175.98,176.15,367998.89112,176.0767,3838,
2026-03-24 18:40:00,176.15,176.22,176.09,176.2,266437.870528,176.1576,2944,
2026-03-24 18:41:00,176.19,176.1999,175.86,175.92,471473.745737,176.0106,4252,
2026-03-24 18:42:00,175.915,175.95,175.74,175.86,341455.039099,175.8427,3724,
2026-03-24 18:43:00,175.86,175.92,175.72,175.77,172578.149125,175.7988,2253,
2026-03-24 18:44:00,175.76,175.84,175.75,175.785,152375.985356,175.8046,1633,
2026-03-24 18:45:00,175.7899,175.885,175.78,175.8124,182618.538576,175.8321,1819,
2026-03-24 18:46:00,175.82,175.83,175.68,175.685,259691.675323,175.7257,2478,
2026-03-24 18:47:00,175.68,175.73,175.55,175.565,236990.945807,175.6548,2361,
2026-03-24 18:48:00,175.565,175.72,175.54,175.56,324180.565094,175.6331,3332,
2026-03-24 18:49:00,175.56,175.65,175.52,175.59,198308.111291,175.6016,1872,
2026-03-24 18:50:00,175.5901,175.6015,175.54,175.596,184553.951755,175.5755,1909,
2026-03-24 18:51:00,175.595,175.71,175.58,175.695,211059.131437,175.6542,1963,
2026-03-24 18:52:00,175.7,175.705,175.53,175.62,222137.358271,175.592,2254,
2026-03-24 18:53:00,175.62,175.77,175.59,175.6,273444.77084,175.6652,2313,
2026-03-24 18:54:00,175.595,175.68,175.56,175.6799,157701.562127,175.6187,1841,
2026-03-24 18:55:00,175.67,175.67,175.52,175.545,249390.916868,175.5792,2494,
2026-03-24 18:56:00,175.54,175.56,175.35,175.4,298459.239791,175.456,2694,
2026-03-24 18:57:00,175.4,175.455,175.3,175.38,227800.252253,175.3696,2109,
2026-03-24 18:58:00,175.385,175.49,175.35,175.4,186162.373252,175.4139,1934,
2026-03-24 18:59:00,175.405,175.5299,175.38,175.495,180725.335592,175.454,1834,
2026-03-24 19:00:00,175.49,175.69,175.485,175.685,342485.582396,175.598,3634,
2026-03-24 19:01:00,175.6701,175.74,175.54,175.555,256404.462593,175.6628,2553,
2026-03-24 19:02:00,175.55,175.625,175.525,175.56,181120.798337,175.5857,2020,
2026-03-24 19:03:00,175.5501,175.6201,175.525,175.605,190675.49989,175.5814,1940,
2026-03-24 19:04:00,175.605,175.6373,175.565,175.59,125412.336161,175.5948,1493,
2026-03-24 19:05:00,175.58,175.58,175.46,175.51,208155.554295,175.5055,2334,
2026-03-24 19:06:00,175.505,175.57,175.455,175.565,169320.025329,175.5019,1864,
2026-03-24 19:07:00,175.565,175.5872,175.5001,175.55,166281.747387,175.5478,1907,
2026-03-24 19:08:00,175.545,175.61,175.51,175.61,270413.159269,175.5318,1804,
2026-03-24 19:09:00,175.6,175.655,175.575,175.6,184195.974393,175.6217,1923,
2026-03-24 19:10:00,175.59,175.645,175.565,175.59,163227.532639,175.6055,1991,
2026-03-24 19:11:00,175.59,175.76,175.57,175.672,227116.738205,175.6883,2446,
2026-03-24 19:12:00,175.68,175.75,175.68,175.7303,156240.891724,175.71,1421,
2026-03-24 19:13:00,175.735,175.75,175.6102,175.645,184223.180707,175.6629,1753,
2026-03-24 19:14:00,175.65,175.69,175.625,175.679,142479.788604,175.6588,1527,
2026-03-24 19:15:00,175.675,175.72,175.64,175.64,189678.353019,175.6859,1984,
2026-03-24 19:16:00,175.65,175.69,175.57,175.655,379577.27725,175.6227,2715,
2026-03-24 19:17:00,175.6577,175.71,175.635,175.69,142020.041113,175.6722,1619,
2026-03-24 19:18:00,175.69,175.745,175.63,175.68,172231.395128,175.6954,1801,
2026-03-24 19:19:00,175.685,175.75,175.68,175.715,139363.036814,175.7238,1687,
2026-03-24 19:20:00,175.72,175.74,175.585,175.595,231495.226416,175.6609,2051,
2026-03-24 19:21:00,175.595,175.6391,175.51,175.5802,358757.396016,175.5891,3117,
2026-03-24 19:22:00,175.58,175.755,175.58,175.6822,241763.575697,175.7007,2483,
2026-03-24 19:23:00,175.685,175.695,175.4301,175.525,372513.307748,175.5593,3579,
2026-03-24 19:24:00,175.52,175.63,175.47,175.605,178986.798532,175.5574,1831,
2026-03-24 19:25:00,175.6,175.705,175.595,175.6678,215205.008603,175.6531,2137,
2026-03-24 19:26:00,175.67,175.72,175.54,175.56,216945.364843,175.6412,2214,
2026-03-24 19:27:00,175.565,175.72,175.56,175.585,229001.386279,175.6481,2306,
2026-03-24 19:28:00,175.58,175.72,175.545,175.655,239068.903583,175.6332,2564,
2026-03-24 19:29:00,175.65,175.655,175.48,175.515,243246.369407,175.5599,2211,
2026-03-24 19:30:00,175.5178,175.53,175.28,175.47,378166.208983,175.3975,4246,
2026-03-24 19:31:00,175.465,175.62,175.44,175.485,227666.819564,175.5264,2173,
2026-03-24 19:32:00,175.485,175.5584,175.3,175.33,329295.793121,175.3945,3553,
2026-03-24 19:33:00,175.335,175.43,175.24,175.4103,276867.535246,175.3154,2887,
2026-03-24 19:34:00,175.425,175.45,175.335,175.36,280864.981103,175.389,2667,
2026-03-24 19:35:00,175.36,175.36,175.16,175.165,313971.220558,175.2364,2970,
2026-03-24 19:36:00,175.18,175.44,175.15,175.355,383025.334442,175.2928,3294,
2026-03-24 19:37:00,175.35,175.47,175.34,175.45,228494.917908,175.4203,2309,
2026-03-24 19:38:00,175.445,175.475,175.31,175.31,196031.260266,175.402,2101,
2026-03-24 19:39:00,175.31,175.31,175.2,175.255,1022241.928623,175.1754,2834,
2026-03-24 19:40:00,175.25,175.36,175.17,175.18,312995.05273,175.2887,2734,
2026-03-24 19:41:00,175.185,175.265,175.12,175.165,389915.334511,175.2242,3040,
2026-03-24 19:42:00,175.165,175.29,175.1207,175.285,493746.050402,174.8397,2432,
2026-03-24 19:43:00,175.285,175.35,175.17,175.19,258109.553404,175.2468,2601,
2026-03-24 19:44:00,175.185,175.22,175.11,175.13,363715.713493,175.1629,2282,
2026-03-24 19:45:00,175.13,175.13,174.9513,174.96,452391.214279,175.0366,4294,
2026-03-24 19:46:00,174.955,174.99,174.86,174.9,420071.265146,174.9136,4099,
2026-03-24 19:47:00,174.9,175.09,174.9,175.035,358978.7741,175.0222,3389,
2026-03-24 19:48:00,175.04,175.085,175.0,175.055,202410.11383,175.045,1789,
2026-03-24 19:49:00,175.06,175.1,175.015,175.075,222893.489103,175.0587,2232,
2026-03-24 19:50:00,175.08,175.3,175.06,175.22,393469.785542,175.158,4516,
2026-03-24 19:51:00,175.23,175.31,175.15,175.205,391838.661819,175.2157,4927,
2026-03-24 19:52:00,175.2,175.305,175.19,175.2274,272119.613775,175.2452,3097,
2026-03-24 19:53:00,175.23,175.275,175.2,175.21,301170.02723,175.2329,3415,
2026-03-24 19:54:00,175.21,175.295,175.06,175.11,423843.388319,175.1864,5229,
2026-03-24 19:55:00,175.115,175.2,175.0305,175.115,584166.260423,175.1016,5723,
2026-03-24 19:56:00,175.12,175.15,175.05,175.085,331655.370475,175.104,3916,
2026-03-24 19:57:00,175.085,175.09,174.96,175.02,509691.002237,175.0055,5016,
2026-03-24 19:58:00,175.02,175.11,175.01,175.075,1471980.590276,175.1571,5437,
2026-03-24 19:59:00,175.07,175.32,174.99,175.31,1468519.063939,175.1538,14463,
2026-03-24 20:00:00,175.3318,175.38,175.2,175.3328,320038.903746,175.2135,441,
2026-03-24 20:01:00,175.35,175.38,175.29,175.33,31514.971577,175.3336,270,
2026-03-24 20:02:00,175.33,175.4,175.33,175.35,16820.73736,175.3554,149,
2026-03-24 20:03:00,175.34,175.47,175.34,175.47,44660.097842,175.254,139,
2026-03-24 20:04:00,175.47,175.53,175.42,175.5,21210.420369,175.4915,206,
2026-03-24 20:05:00,175.52,175.53,175.45,175.45,15392.29309,175.4952,172,
2026-03-24 20:06:00,175.45,175.49,175.38,175.3813,11844.450713,175.4267,112,
2026-03-24 20:07:00,175.38,175.3961,175.3626,175.3703,5422.240789,175.3889,87,
2026-03-24 20:08:00,175.3711,175.42,175.3708,175.3815,43631.404154,175.238,99,
2026-03-24 20:09:00,175.4,175.4,175.38,175.38,32037.466405,175.2262,80,
2026-03-24 20:10:00,175.37,175.4,175.3609,175.39,2611.628292,175.4271,78,
2026-03-24 20:11:00,175.39,175.4,175.38,175.3892,2797.475363,175.4269,65,
2026-03-24 20:12:00,175.4,175.43,175.4,175.43,6947.881318,175.4329,71,
2026-03-24 20:13:00,175.43,175.5,175.42,175.5,14242.381166,175.4625,156,
2026-03-24 20:14:00,175.5174,175.5174,175.4628,175.4998,5494.988787,175.5283,84,
2026-03-24 20:15:00,175.4892,175.49,175.45,175.4507,1988.894064,175.5384,70,
2026-03-24 20:16:00,175.45,175.46,175.4218,175.4493,9515.90323,175.459,76,
2026-03-24 20:17:00,175.45,175.45,175.44,175.45,1386.951808,175.5698,63,
2026-03-24 20:18:00,175.46,175.47,175.4451,175.45,1527.113331,175.4665,61,
2026-03-24 20:19:00,175.45,175.572,175.43,175.572,23007.938546,175.5212,244,
2026-03-24 20:20:00,175.54,176.5,175.54,176.5,138604.954401,176.1394,1668,
2026-03-24 20:21:00,176.49,176.66,176.4,176.4,71591.828016,176.5232,818,
2026-03-24 20:22:00,176.47,176.96,176.39,176.95,91903.100915,176.7315,1176,
2026-03-24 20:23:00,176.89,177.0,176.8,176.97,69290.677613,176.9409,738,
2026-03-24 20:24:00,176.91,177.2,176.9,177.19,99902.981049,177.023,1190,
2026-03-24 20:25:00,177.21,177.49,177.08,177.22,81499.586479,177.2975,913,
2026-03-24 20:26:00,177.2212,177.55,177.09,177.51,81293.101955,177.3592,973,
2026-03-24 20:27:00,177.54,177.55,176.9,177.1686,80778.060592,177.2717,810,
2026-03-24 20:28:00,177.09,177.11,176.6591,176.71,146068.174351,176.8991,720,
2026-03-24 20:29:00,176.72,176.84,176.67,176.7887,33174.382505,176.7661,326,
2026-03-24 20:30:00,176.79,176.85,176.45,176.45,53736.151803,176.6385,412,
2026-03-24 20:31:00,176.4565,176.63,176.4565,176.5,17197.240723,176.5314,291,
2026-03-24 20:32:00,176.5178,176.65,176.5,176.6174,31439.197897,176.5617,346,
2026-03-24 20:33:00,176.63,176.72,176.59,176.65,23192.897141,176.6984,202,
2026-03-24 20:34:00,176.66,176.81,176.51,176.59,25328.915182,176.6964,305,
2026-03-24 20:35:00,176.59,176.85,176.52,176.85,29334.160134,176.6921,679,
2026-03-24 20:36:00,176.82,177.2,176.77,177.13,69595.217615,176.9684,659,
2026-03-24 20:37:00,177.12,177.25,176.95,177.05,58988.698221,177.0845,688,
2026-03-24 20:38:00,177.05,177.2,177.04,177.17,58495.790205,177.1256,426,
2026-03-24 20:39:00,177.17,177.52,177.0001,177.46,64595.312228,177.2986,743,
2026-03-24 20:40:00,177.47,177.47,177.3,177.3001,50290.421234,177.3141,726,
2026-03-24 20:41:00,177.3,177.32,177.05,177.2,56290.082695,177.1967,588,
2026-03-24 20:42:00,177.2,177.2,176.95,176.95,30236.566768,177.0832,539,
2026-03-24 20:43:00,176.928,177.11,176.9,176.992,39681.499268,176.9885,468,
2026-03-24 20:44:00,177.01,177.12,177.0,177.03,14311.321096,176.8307,224,
2026-03-24 20:45:00,177.05,177.2,177.0,177.17,26437.882196,177.1228,351,
2026-03-24 20:46:00,177.2,177.2,176.85,176.86,50727.782175,177.031,570,
2026-03-24 20:47:00,176.84,176.86,176.62,176.7696,31744.527313,176.7248,322,
2026-03-24 20:48:00,176.78,176.97,176.78,176.9,13867.193749,176.9652,174,
2026-03-24 20:49:00,176.961,177.0669,176.86,177.06,12092.42177,177.0976,180,
2026-03-24 20:50:00,177.0,177.0,176.8,176.8,12099.066111,176.9408,165,
2026-03-24 20:51:00,176.8,177.01,176.73,177.01,20489.391959,176.8792,267,
2026-03-24 20:52:00,177.01,177.15,177.0,177.05,10767.138242,177.0629,173,
2026-03-24 20:53:00,177.05,177.13,177.05,177.1,22454.218413,177.0934,212,
2026-03-24 20:54:00,177.11,177.15,177.1,177.1,24264.972421,177.1164,262,
2026-03-24 20:55:00,177.1,177.19,177.1,177.1,35110.237989,177.1557,349,
2026-03-24 20:56:00,177.1,177.18,177.1,177.15,19001.155989,177.1425,222,
2026-03-24 20:57:00,177.15,177.21,177.15,177.18,15494.806787,177.1841,202,
2026-03-24 20:58:00,177.18,177.18,177.15,177.15,15686.790028,177.1613,211,
2026-03-24 20:59:00,177.17,177.2,177.15,177.19,15777.579845,177.166,266,
2026-03-24 21:00:00,177.17,177.199,177.15,177.15,6327.26688,177.1723,114,
2026-03-24 21:01:00,177.1587,177.16,177.0,177.0,22932.605446,177.102,304,
2026-03-24 21:02:00,177.02,177.04,176.9,176.9,5370.384545,176.9589,170,
2026-03-24 21:03:00,176.91,176.93,176.81,176.92,11064.628392,176.8932,141,
2026-03-24 21:04:00,176.92,176.95,176.85,176.94,11969.523412,176.9382,122,
2026-03-24 21:05:00,176.9387,176.94,176.81,176.89,13135.476473,176.665,139,
2026-03-24 21:06:00,176.75,176.81,176.68,176.68,14660.211641,176.7553,199,
2026-03-24 21:07:00,176.68,176.77,176.68,176.73,11961.009017,176.7163,152,
2026-03-24 21:08:00,176.82,176.8889,176.78,176.82,5313.260527,176.8319,92,
2026-03-24 21:09:00,176.82,176.82,176.72,176.74,3735.15325,176.7846,84,
2026-03-24 21:10:00,176.7795,176.87,176.72,176.87,5904.462044,176.8173,88,
2026-03-24 21:11:00,176.8989,176.9,176.85,176.8996,3006.033495,176.7741,56,
2026-03-24 21:12:00,176.9,176.9356,176.79,176.79,6791.145547,176.8783,81,
2026-03-24 21:13:00,176.82,176.89,176.81,176.88,2443.778621,176.9036,58,
2026-03-24 21:14:00,176.81,176.88,176.8,176.82,1656.092893,176.8225,68,
2026-03-24 21:15:00,176.84,176.85,176.8,176.85,4213.019156,176.8313,68,
2026-03-24 21:16:00,176.8497,177.0,176.84,176.99,16489.209102,176.9435,185,
2026-03-24 21:17:00,176.99,177.04,176.9501,177.04,21694.833535,177.0056,184,
2026-03-24 21:18:00,177.04,177.05,177.01,177.02,5307.504447,177.0451,130,
2026-03-24 21:19:00,177.0,177.01,176.98,176.99,5398.005446,176.9889,74,
2026-03-24 21:20:00,176.98,177.07,176.98,177.03,16234.421259,177.0114,171,
2026-03-24 21:21:00,177.02,177.02,176.95,176.95,6430.51265,177.0005,96,
2026-03-24 21:22:00,176.9091,176.95,176.9091,176.93,2817.383997,176.9507,66,
2026-03-24 21:23:00,176.92,176.98,176.91,176.92,3188.577493,176.9613,103,
2026-03-24 21:24:00,176.91,176.9565,176.91,176.9565,3247.676134,176.9608,83,
2026-03-24 21:25:00,176.98,176.98,176.88,176.89,3488.65719,176.937,80,
2026-03-24 21:26:00,176.86,176.8606,176.81,176.86,6190.434471,176.8556,93,
2026-03-24 21:27:00,176.86,176.95,176.86,176.94,6117.804757,176.9244,81,
2026-03-24 21:28:00,176.9,176.91,176.86,176.86,2832.337497,176.9141,71,
2026-03-24 21:29:00,176.86,176.89,176.84,176.84,3211.172244,176.8758,63,
2026-03-24 21:30:00,176.83,176.84,176.83,176.84,1013.317658,176.8912,54,
2026-03-24 21:31:00,176.85,176.88,176.84,176.87,2403.626563,176.9066,77,
2026-03-24 21:32:00,176.87,176.8701,176.82,176.82,3845.892826,176.8981,70,
2026-03-24 21:33:00,176.82,176.83,176.8099,176.8099,3904.766725,176.8689,81,
2026-03-24 21:34:00,176.8,176.82,176.8,176.8019,4900.165979,176.8115,64,
2026-03-24 21:35:00,176.8348,176.8348,176.8,176.81,2846.922739,176.8725,79,
2026-03-24 21:36:00,176.8,176.82,176.8,176.8,2321.429993,176.8393,73,
2026-03-24 21:37:00,176.82,176.83,176.81,176.83,2344.796843,176.8819,52,
2026-03-24 21:38:00,176.82,176.83,176.81,176.83,2304.005655,176.8179,68,
2026-03-24 21:39:00,176.84,176.84,176.82,176.8358,2345.681487,176.884,72,
2026-03-24 21:40:00,176.84,176.84,176.8126,176.8126,2161.762901,176.7478,55,
2026-03-24 21:41:00,176.8108,176.82,176.81,176.8101,2765.301131,176.8321,77,
2026-03-24 21:42:00,176.81,176.819,176.8004,176.8004,2711.546592,176.8447,83,
2026-03-24 21:43:00,176.8,176.81,176.8,176.8,4178.567003,176.8254,92,
2026-03-24 21:44:00,176.8194,176.82,176.79,176.79,4841.633029,176.685,91,
2026-03-24 21:45:00,176.8,176.81,176.791,176.81,1631.496583,176.8558,78,
2026-03-24 21:46:00,176.81,176.82,176.81,176.82,8971.486463,176.8297,91,
2026-03-24 21:47:00,176.8204,176.85,176.82,176.85,2067.932301,176.637,75,
2026-03-24 21:48:00,176.89,176.99,176.89,176.9737,7591.354188,176.9548,117,
2026-03-24 21:49:00,176.96,176.99,176.93,176.93,7315.14963,176.9819,98,
2026-03-24 21:50:00,176.97,176.97,176.86,176.95,6480.992439,176.9624,100,
2026-03-24 21:51:00,176.9018,176.97,176.9018,176.94,14637.027649,176.963,81,
2026-03-24 21:52:00,176.9152,176.95,176.9,176.9,3849.374742,176.9407,67,
2026-03-24 21:53:00,176.9203,176.95,176.92,176.93,5117.600288,176.9456,86,
2026-03-24 21:54:00,176.9261,176.95,176.901,176.9499,3696.784617,176.936,85,
2026-03-24 21:55:00,176.95,176.96,176.95,176.96,2031.627509,177.0068,66,
2026-03-24 21:56:00,176.96,176.96,176.95,176.96,2289.791819,177.018,55,
2026-03-24 21:57:00,176.95,176.96,176.94,176.95,1979.216373,176.9713,60,
2026-03-24 21:58:00,176.94,176.96,176.9252,176.96,2874.988276,176.996,64,
2026-03-24 21:59:00,176.93,176.93,176.9,176.91,1796.610862,176.9788,85,
2026-03-24 22:00:00,176.93,176.99,176.9,176.91,23151.050931,176.9677,215,
2026-03-24 22:01:00,176.91,176.91,176.86,176.9,18438.253536,176.8894,100,
2026-03-24 22:02:00,176.86,176.89,176.8,176.84,10961.709336,176.8522,105,
2026-03-24 22:03:00,176.801,176.83,176.72,176.73,5742.254246,176.7844,137,
2026-03-24 22:04:00,176.63,176.83,176.63,176.83,18907.14655,176.7117,128,
2026-03-24 22:05:00,176.8661,176.869,176.73,176.8486,11897.157464,176.7823,83,
2026-03-24 22:06:00,176.85,176.96,176.81,176.91,5216.159887,176.8796,74,
2026-03-24 22:07:00,176.8893,176.93,176.86,176.8982,8055.877337,176.9284,83,
2026-03-24 22:08:00,176.9,176.96,176.86,176.96,7147.37614,176.9214,109,
2026-03-24 22:09:00,176.9535,176.9535,176.86,176.86,4932.305126,176.9177,71,
2026-03-24 22:10:00,176.92,176.94,176.9094,176.9094,1523.152611,176.9302,60,
2026-03-24 22:11:00,176.85,176.89,176.81,176.89,3925.182639,176.8561,82,
2026-03-24 22:12:00,176.81,176.89,176.81,176.8609,4327.73723,176.8868,67,
2026-03-24 22:13:00,176.82,176.82,176.81,176.8199,2456.198065,176.8302,47,
2026-03-24 22:14:00,176.82,176.82,176.74,176.79,7337.936751,176.8226,80,
2026-03-24 22:15:00,176.74,176.74,176.69,176.7,4259.385042,176.7324,100,
2026-03-24 22:16:00,176.7,176.71,176.66,176.69,6167.439758,176.6992,85,
2026-03-24 22:17:00,176.69,176.7,176.6278,176.68,6290.540311,176.6793,107,
2026-03-24 22:18:00,176.68,176.71,176.62,176.71,11547.280046,176.6734,94,
2026-03-24 22:19:00,176.75,176.8395,176.75,176.8,16123.164909,176.8104,78,
2026-03-24 22:20:00,176.82,176.8784,176.8199,176.83,13641.238515,176.8548,123,
2026-03-24 22:21:00,176.82,176.8461,176.8,176.8,3266.510096,176.8499,58,
2026-03-24 22:22:00,176.8,176.82,176.8,176.8,7242.771475,176.8219,76,
2026-03-24 22:23:00,176.8,176.85,176.8,176.85,4574.006136,176.8366,73,
2026-03-24 22:24:00,176.84,176.87,176.8,176.8104,5533.339804,176.8408,80,
2026-03-24 22:25:00,176.84,176.87,176.62,176.62,12882.46964,176.7058,170,
2026-03-24 22:26:00,176.69,176.84,176.68,176.73,8594.060502,176.8089,73,
2026-03-24 22:27:00,176.79,176.81,176.75,176.81,2180.93657,176.8639,54,
2026-03-24 22:28:00,176.78,176.78,176.7009,176.7009,6987.702183,176.7403,72,
2026-03-24 22:29:00,176.71,176.71,176.67,176.68,2504.552329,176.7336,88,
2026-03-24 22:30:00,176.68,176.81,176.68,176.81,8306.181111,176.7812,65,
2026-03-24 22:31:00,176.82,176.85,176.76,176.77,5548.45712,176.8394,102,
2026-03-24 22:32:00,176.81,176.87,176.78,176.86,1509.367766,176.8799,53,
2026-03-24 22:33:00,176.82,176.84,176.82,176.83,3737.562551,176.8631,57,
2026-03-24 22:34:00,176.85,176.85,176.85,176.85,482.127673,176.8788,43,
2026-03-24 22:35:00,176.84,176.84,176.83,176.83,1396.034282,176.8239,55,
2026-03-24 22:36:00,176.8,176.8001,176.8,176.8001,1132.627419,176.9015,63,
2026-03-24 22:37:00,176.81,176.88,176.81,176.86,4464.106412,176.8559,82,
2026-03-24 22:38:00,176.86,176.86,176.86,176.86,620.114456,176.9019,55,
2026-03-24 22:39:00,176.85,176.85,176.81,176.82,2139.301388,176.8521,55,
2026-03-24 22:40:00,176.81,176.83,176.8,176.83,4132.340497,176.824,72,
2026-03-24 22:41:00,176.82,176.82,176.76,176.76,1511.1212,176.8122,55,
2026-03-24 22:42:00,176.79,176.79,176.75,176.7702,5430.001065,176.764,64,
2026-03-24 22:43:00,176.79,176.81,176.78,176.81,2200.031212,176.7881,38,
2026-03-24 22:44:00,176.81,176.88,176.8,176.88,3423.972782,176.895,63,
2026-03-24 22:45:00,176.88,176.95,176.85,176.95,22239.832071,176.9044,115,
2026-03-24 22:46:00,176.9065,176.9492,176.89,176.89,2792.380932,176.9467,49,
2026-03-24 22:47:00,176.89,176.9283,176.89,176.9,1601.847369,176.9989,42,
2026-03-24 22:48:00,176.8981,176.8981,176.84,176.84,1402.650644,176.9461,42,
2026-03-24 22:49:00,176.84,176.9,176.84,176.9,16429.602327,176.8922,75,
2026-03-24 22:50:00,176.9009,176.95,176.9,176.9101,8767.774897,176.9584,63,
2026-03-24 22:51:00,176.92,176.95,176.91,176.9497,5765.075816,176.9487,80,
2026-03-24 22:52:00,176.9,176.9,176.85,176.85,2121.784267,176.9467,73,
2026-03-24 22:53:00,176.9,176.94,176.88,176.94,3893.905514,176.9569,56,
2026-03-24 22:54:00,176.9,176.94,176.9,176.94,1282.463591,176.9903,52,
2026-03-24 22:55:00,176.9295,176.9295,176.91,176.92,1527.926502,177.0248,57,
2026-03-24 22:56:00,176.92,176.94,176.87,176.88,13054.178078,176.9223,105,
2026-03-24 22:57:00,176.88,176.94,176.86,176.86,3644.52587,176.9214,84,
2026-03-24 22:58:00,176.9,176.98,176.9,176.97,7656.353782,176.9615,89,
2026-03-24 22:59:00,176.96,176.99,176.95,176.96,3671.370451,176.9856,51,
2026-03-24 23:00:00,176.92,176.99,176.92,176.98,14046.160106,176.962,118,
2026-03-24 23:01:00,176.89,176.9,176.89,176.9,2727.85839,176.9543,55,
2026-03-24 23:02:00,176.9,176.9,176.84,176.85,3971.894861,176.9067,69,
2026-03-24 23:03:00,176.89,176.9,176.84,176.84,3409.902893,176.9091,72,
2026-03-24 23:04:00,176.85,176.91,176.85,176.87,4239.066775,176.8707,57,
2026-03-24 23:05:00,176.9,176.9,176.86,176.89,3943.90395,176.9278,52,
2026-03-24 23:06:00,176.89,176.94,176.89,176.94,3095.543642,176.9358,61,
2026-03-24 23:07:00,176.9,176.9455,176.8565,176.8565,3049.215004,176.9136,31,
2026-03-24 23:08:00,176.88,176.9,176.85,176.9,1829.8671,176.9583,51,
2026-03-24 23:09:00,176.9,176.9,176.9,176.9,924.819432,177.0596,35,
2026-03-24 23:10:00,176.9,176.91,176.9,176.91,1343.337257,176.9531,52,
2026-03-24 23:12:00,176.95,176.95,176.94,176.94,1210.320955,176.9867,44,
2026-03-24 23:13:00,176.88,176.91,176.88,176.88,5950.828023,176.9114,60,
2026-03-24 23:14:00,176.89,176.9,176.85,176.8698,7562.351699,176.8837,72,
2026-03-24 23:15:00,176.86,176.91,176.86,176.9099,3690.76967,176.9299,65,
2026-03-24 23:16:00,176.91,176.91,176.88,176.88,1452.651142,176.9687,48,
2026-03-24 23:17:00,176.89,176.89,176.881,176.881,1117.141827,176.9163,49,
2026-03-24 23:18:00,176.9299,176.93,176.91,176.91,3718.976442,176.9655,55,
2026-03-24 23:19:00,176.93,176.93,176.91,176.93,4712.896303,176.962,59,
2026-03-24 23:20:00,176.93,176.94,176.93,176.93,1899.900126,177.0186,71,
2026-03-24 23:21:00,176.9213,176.95,176.92,176.93,3236.577034,176.9611,69,
2026-03-24 23:22:00,176.95,176.96,176.95,176.96,1646.277447,176.9857,51,
2026-03-24 23:23:00,176.96,176.97,176.95,176.96,3121.853169,177.004,81,
2026-03-24 23:24:00,176.96,176.97,176.96,176.97,2559.719152,177.013,72,
2026-03-24 23:25:00,176.98,176.98,176.9278,176.96,2473.089042,176.9587,72,
2026-03-24 23:26:00,176.97,176.98,176.97,176.97,2172.524452,177.016,65,
2026-03-24 23:27:00,176.97,176.98,176.95,176.98,4766.883476,176.9976,86,
2026-03-24 23:28:00,176.97,176.97,176.9208,176.96,2572.218431,176.9666,66,
2026-03-24 23:29:00,176.95,176.95,176.92,176.9249,3064.139456,176.9528,77,
2026-03-24 23:30:00,176.9152,176.95,176.9152,176.94,2001.506157,176.9701,42,
2026-03-24 23:31:00,176.91,176.94,176.91,176.92,3864.056522,176.9306,35,
2026-03-24 23:32:00,176.94,176.94,176.9337,176.9387,1527.087137,176.9472,44,
2026-03-24 23:33:00,176.93,176.94,176.9,176.93,6163.086634,176.9263,120,
2026-03-24 23:34:00,176.9,176.91,176.89,176.89,2181.973369,176.9816,52,
2026-03-24 23:35:00,176.8803,176.89,176.85,176.87,6521.843946,176.8857,74,
2026-03-24 23:36:00,176.86,176.9,176.86,176.88,2711.325104,176.8987,77,
2026-03-24 23:37:00,176.91,176.93,176.89,176.93,7107.634289,176.9186,74,
2026-03-24 23:38:00,176.91,176.94,176.9,176.9291,5743.326227,176.9351,82,
2026-03-24 23:39:00,176.9,176.92,176.89,176.9,3303.555796,176.9338,60,
2026-03-24 23:40:00,176.89,176.91,176.89,176.91,1319.319645,176.9466,42,
2026-03-24 23:41:00,176.9,176.9,176.8,176.82,4840.206695,176.8561,124,
2026-03-24 23:42:00,176.83,176.86,176.8,176.81,6253.495952,176.8297,56,
2026-03-24 23:43:00,176.81,176.82,176.75,176.7853,4366.092334,176.8005,119,
2026-03-24 23:44:00,176.75,176.8,176.75,176.8,2704.063987,176.7823,148,
2026-03-24 23:45:00,176.7999,176.7999,176.75,176.75,4713.192881,176.7905,145,
2026-03-24 23:46:00,176.79,176.87,176.76,176.81,4230.588136,176.8172,71,
2026-03-24 23:47:00,176.81,176.8499,176.75,176.7994,5967.287372,176.7883,93,
2026-03-24 23:48:00,176.78,176.81,176.77,176.81,3458.91936,176.8343,59,
2026-03-24 23:49:00,176.8,176.85,176.8,176.84,2428.657006,176.8611,42,
2026-03-24 23:50:00,176.85,176.9,176.85,176.8813,4865.034189,176.8772,68,
2026-03-24 23:51:00,176.88,176.8801,176.79,176.8574,18897.031666,176.8199,68,
2026-03-24 23:52:00,176.87,176.87,176.81,176.83,3527.509841,176.8608,53,
2026-03-24 23:53:00,176.83,176.851,176.76,176.85,9109.995258,176.847,66,
2026-03-24 23:54:00,176.8694,176.87,176.85,176.86,3882.0,176.8595,45,
2026-03-24 23:55:00,176.86,176.87,176.8308,176.87,4367.000283,176.8578,57,
2026-03-24 23:56:00,176.8497,176.87,176.83,176.8395,10654.373702,176.8594,77,
2026-03-24 23:57:00,176.81,176.87,176.8007,176.86,13388.776011,176.8564,65,
2026-03-24 23:58:00,176.87,176.9,176.85,176.89,6297.571232,176.8882,80,
2026-03-24 23:59:00,176.88,176.95,176.88,176.95,15171.122344,176.9341,121,
2026-03-25 08:00:00,176.86,177.15,176.86,177.09,14303.0,177.1019,128,
2026-03-25 08:01:00,177.08,177.1,177.02,177.1,3250.0,177.0861,52,
2026-03-25 08:02:00,177.12,177.16,177.04,177.16,4213.0,177.099,94,
2026-03-25 08:03:00,177.15,177.19,177.15,177.19,2559.0,177.1715,67,
2026-03-25 08:04:00,177.19,177.35,177.19,177.32,7333.0,177.2783,91,
2026-03-25 08:05:00,177.3,177.46,177.3,177.46,2598.0,177.3683,73,
2026-03-25 08:06:00,177.44,177.51,177.42,177.51,10440.0,177.4818,220,
2026-03-25 08:07:00,177.54,177.57,177.46,177.57,15148.0,177.488,227,
2026-03-25 08:08:00,177.52,177.52,177.36,177.36,3704.0,177.4508,64,
2026-03-25 08:09:00,177.31,177.34,177.3,177.32,7724.0,177.3087,99,
2026-03-25 08:10:00,177.38,177.38,177.33,177.33,2060.0,177.3579,53,
2026-03-25 08:11:00,177.4,177.42,177.36,177.42,2739.0,177.3897,65,
2026-03-25 08:12:00,177.41,177.41,177.39,177.39,1612.0,177.4117,68,
2026-03-25 08:13:00,177.43,177.5,177.43,177.45,5156.0,177.4693,109,
2026-03-25 08:14:00,177.43,177.46,177.43,177.45,1536.0,177.4478,60,
2026-03-25 08:15:00,177.5,177.52,177.5,177.5,5617.0,177.5007,109,
2026-03-25 08:16:00,177.5,177.5,177.47,177.47,2516.0,177.4929,51,
2026-03-25 08:17:00,177.49,177.57,177.49,177.55,11893.0,177.5359,172,
2026-03-25 08:18:00,177.57,177.65,177.56,177.65,12992.0,177.5844,162,
2026-03-25 08:19:00,177.68,177.91,177.68,177.91,19717.0,177.8183,180,
2026-03-25 08:20:00,177.88,177.95,177.87,177.91,5971.0,177.9014,106,
2026-03-25 08:21:00,177.92,178.02,177.92,178.02,28610.0,177.9829,559,
2026-03-25 08:22:00,178.04,178.04,177.96,177.97,11513.0,178.0029,193,
2026-03-25 08:23:00,177.92,177.97,177.88,177.88,2778.0,177.9268,89,
2026-03-25 08:24:00,177.87,177.99,177.86,177.98,4575.0,177.9433,118,
2026-03-25 08:25:00,177.99,177.99,177.92,177.92,1813.0,177.9503,48,
2026-03-25 08:26:00,177.89,177.89,177.85,177.85,2820.0,177.8811,71,
2026-03-25 08:27:00,177.82,177.9,177.82,177.89,3640.0,177.8679,70,
2026-03-25 08:28:00,177.91,177.94,177.84,177.84,3606.0,177.8989,78,
2026-03-25 08:29:00,177.83,177.83,177.8,177.81,2549.0,177.8136,67,
2026-03-25 08:30:00,177.83,177.83,177.83,177.83,1705.0,177.8233,49,
2026-03-25 08:31:00,177.79,177.83,177.78,177.83,4311.0,177.801,61,
2026-03-25 08:32:00,177.79,177.8,177.79,177.79,2128.0,177.7977,55,
2026-03-25 08:33:00,177.81,177.85,177.81,177.85,2302.0,177.8282,53,
2026-03-25 08:34:00,177.81,177.83,177.81,177.81,2421.0,177.8243,49,
2026-03-25 08:35:00,177.84,177.95,177.84,177.89,5421.0,177.8835,99,
2026-03-25 08:36:00,177.92,177.92,177.47,177.64,15288.0,177.6807,322,
2026-03-25 08:37:00,177.64,177.7,177.56,177.62,2820.0,177.6234,49,
2026-03-25 08:38:00,177.69,177.72,177.62,177.71,3504.0,177.6841,72,
2026-03-25 08:39:00,177.68,177.72,177.64,177.64,1904.0,177.6778,50,
2026-03-25 08:40:00,177.74,177.81,177.74,177.81,1902.0,177.7941,51,
2026-03-25 08:41:00,177.8,177.8,177.8,177.8,756.0,177.7944,36,
2026-03-25 08:42:00,177.8,177.82,177.8,177.82,1288.0,177.7904,66,
2026-03-25 08:43:00,177.7,177.77,177.7,177.77,2033.0,177.7573,51,
2026-03-25 08:44:00,177.76,177.76,177.76,177.76,870.0,177.7691,49,
2026-03-25 08:45:00,177.73,177.74,177.68,177.68,1688.0,177.6998,51,
2026-03-25 08:46:00,177.67,177.7,177.67,177.68,2906.0,177.6815,50,
2026-03-25 08:47:00,177.68,177.69,177.6,177.6,6986.0,177.6232,96,
2026-03-25 08:48:00,177.65,177.65,177.6,177.6,5689.0,177.6127,51,
2026-03-25 08:49:00,177.6,177.6,177.59,177.59,3408.0,177.5977,38,
2026-03-25 08:50:00,177.61,177.65,177.61,177.65,3450.0,177.6135,49,
2026-03-25 08:51:00,177.54,177.54,177.5,177.5,3710.0,177.5208,86,
2026-03-25 08:52:00,177.44,177.44,177.38,177.38,2476.0,177.4215,86,
2026-03-25 08:53:00,177.33,177.34,177.23,177.24,9883.0,177.2961,140,
2026-03-25 08:54:00,177.3,177.3,177.12,177.12,7663.0,177.2367,132,
2026-03-25 08:55:00,177.16,177.2,177.16,177.2,2463.0,177.1732,74,
2026-03-25 08:56:00,177.29,177.3,177.24,177.28,3031.0,177.2713,63,
2026-03-25 08:57:00,177.23,177.23,177.12,177.2,3172.0,177.1646,96,
2026-03-25 08:58:00,177.24,177.28,177.24,177.27,1825.0,177.2589,26,
2026-03-25 08:59:00,177.28,177.3,177.27,177.27,1124.0,177.2764,30,
2026-03-25 09:00:00,177.3,177.31,177.26,177.26,6104.0,177.2907,139,
2026-03-25 09:01:00,177.33,177.34,177.3,177.34,3545.0,177.3051,57,
2026-03-25 09:02:00,177.31,177.38,177.3,177.38,1944.0,177.3309,41,
2026-03-25 09:03:00,177.4,177.4,177.4,177.4,320.0,177.3851,14,
2026-03-25 09:04:00,177.38,177.38,177.35,177.35,2207.0,177.3724,56,
2026-03-25 09:05:00,177.45,177.48,177.45,177.48,1187.0,177.4534,25,
2026-03-25 09:06:00,177.48,177.51,177.48,177.51,2874.0,177.4928,75,
2026-03-25 09:07:00,177.5,177.52,177.48,177.48,2597.0,177.5049,69,
2026-03-25 09:08:00,177.5,177.5,177.42,177.42,1400.0,177.4787,37,
2026-03-25 09:09:00,177.44,177.49,177.44,177.49,1361.0,177.4799,32,
2026-03-25 09:10:00,177.48,177.5,177.48,177.5,949.0,177.5172,23,
2026-03-25 09:11:00,177.53,177.53,177.5,177.5,855.0,177.4989,30,
2026-03-25 09:13:00,177.55,177.55,177.55,177.55,587.0,177.5402,20,
2026-03-25 09:14:00,177.5,177.56,177.5,177.55,4243.0,177.5451,63,
2026-03-25 09:15:00,177.55,177.57,177.54,177.54,1256.0,177.5592,22,
2026-03-25 09:16:00,177.5,177.5,177.5,177.5,1777.0,177.5026,41,
2026-03-25 09:17:00,177.48,177.5,177.48,177.5,994.0,177.4883,38,
2026-03-25 09:18:00,177.53,177.53,177.46,177.47,6197.0,177.4803,66,
2026-03-25 09:20:00,177.56,177.59,177.56,177.59,1077.0,177.559,52,
2026-03-25 09:21:00,177.57,177.57,177.57,177.57,517.0,177.5659,26,
2026-03-25 09:22:00,177.57,177.57,177.54,177.56,1600.0,177.5613,50,
2026-03-25 09:23:00,177.57,177.57,177.45,177.45,6876.0,177.5153,136,
2026-03-25 09:24:00,177.41,177.41,177.35,177.39,2583.0,177.392,65,
2026-03-25 09:25:00,177.42,177.42,177.38,177.39,3269.0,177.392,67,
2026-03-25 09:26:00,177.38,177.38,177.32,177.32,1427.0,177.339,36,
2026-03-25 09:28:00,177.43,177.53,177.43,177.49,7295.0,177.4823,67,
2026-03-25 09:30:00,177.48,177.6,177.47,177.6,5111.0,177.5117,100,
2026-03-25 09:31:00,177.6,177.61,177.55,177.6,11673.0,177.5928,152,
2026-03-25 09:32:00,177.62,177.89,177.56,177.8,14114.0,177.7343,355,
2026-03-25 09:33:00,177.74,177.74,177.74,177.74,1386.0,177.7207,48,
2026-03-25 09:34:00,177.73,177.75,177.7,177.7,1853.0,177.7211,48,
2026-03-25 09:35:00,177.68,177.74,177.68,177.74,3826.0,177.705,110,
2026-03-25 09:36:00,177.72,177.72,177.64,177.65,1213.0,177.6803,38,
2026-03-25 09:37:00,177.66,177.66,177.56,177.6,1551.0,177.6195,53,
2026-03-25 09:38:00,177.52,177.52,177.46,177.5,2171.0,177.5347,77,
2026-03-25 09:39:00,177.58,177.58,177.54,177.57,728.0,177.5648,28,
2026-03-25 09:41:00,177.52,177.52,177.51,177.51,953.0,177.5215,17,
2026-03-25 09:42:00,177.55,177.55,177.47,177.47,2462.0,177.5124,87,
2026-03-25 09:43:00,177.52,177.52,177.45,177.45,1871.0,177.4767,47,
2026-03-25 09:45:00,177.4,177.42,177.4,177.4,2095.0,177.4025,73,
2026-03-25 09:46:00,177.41,177.41,177.37,177.37,794.0,177.3956,24,
2026-03-25 09:47:00,177.36,177.36,177.27,177.27,6541.0,177.314,147,
2026-03-25 09:48:00,177.2,177.27,177.18,177.27,6004.0,177.2202,123,
2026-03-25 09:49:00,177.24,177.29,177.24,177.27,1024.0,177.2611,29,
2026-03-25 09:50:00,177.3,177.3,177.3,177.3,1009.0,177.3032,30,
2026-03-25 09:51:00,177.28,177.29,177.28,177.29,1451.0,177.2897,43,
2026-03-25 09:52:00,177.33,177.38,177.33,177.35,3033.0,177.353,64,
2026-03-25 09:53:00,177.35,177.35,177.35,177.35,574.0,177.3516,29,
2026-03-25 09:54:00,177.41,177.44,177.36,177.37,4526.0,177.4169,105,
2026-03-25 09:55:00,177.35,177.38,177.31,177.38,2077.0,177.3438,32,
2026-03-25 09:56:00,177.39,177.39,177.34,177.34,1597.0,177.3637,33,
2026-03-25 09:57:00,177.36,177.4,177.35,177.35,3221.0,177.3718,35,
2026-03-25 09:58:00,177.36,177.47,177.36,177.42,9635.0,177.4063,147,
2026-03-25 09:59:00,177.39,177.7,177.38,177.55,13743.0,177.5467,200,
2026-03-25 10:00:00,177.56,177.66,177.55,177.65,2984.0,177.5956,56,
2026-03-25 10:01:00,177.64,177.65,177.59,177.61,1177.0,177.6158,32,
2026-03-25 10:02:00,177.62,177.7,177.62,177.67,2177.0,177.6435,44,
2026-03-25 10:03:00,177.66,177.75,177.61,177.62,8253.0,177.6734,118,
2026-03-25 10:04:00,177.6,177.6,177.58,177.58,915.0,177.5889,25,
2026-03-25 10:05:00,177.55,177.62,177.52,177.58,5939.0,177.5563,95,
2026-03-25 10:06:00,177.52,177.52,177.49,177.49,1313.0,177.5039,40,
2026-03-25 10:07:00,177.5,177.5,177.41,177.45,1167.0,177.456,42,
2026-03-25 10:09:00,177.35,177.38,177.34,177.34,1643.0,177.3596,62,
2026-03-25 10:12:00,177.35,177.4,177.35,177.4,6740.0,177.3877,61,
2026-03-25 10:13:00,177.41,177.43,177.41,177.41,1949.0,177.4214,44,
2026-03-25 10:14:00,177.5,177.5,177.5,177.5,493.0,177.4805,26,
2026-03-25 10:15:00,177.52,177.52,177.46,177.46,1212.0,177.5089,35,
2026-03-25 10:16:00,177.57,177.57,177.57,177.57,1576.0,177.5646,37,
2026-03-25 10:17:00,177.58,177.65,177.58,177.59,3415.0,177.6143,74,
2026-03-25 10:18:00,177.59,177.59,177.58,177.59,1427.0,177.5854,34,
2026-03-25 10:19:00,177.58,177.63,177.58,177.58,3143.0,177.6017,63,
2026-03-25 10:22:00,177.58,177.58,177.58,177.58,2309.0,177.5861,61,
2026-03-25 10:23:00,177.58,177.7,177.58,177.7,7666.0,177.6374,126,
2026-03-25 10:24:00,177.61,177.68,177.6,177.68,2092.0,177.6328,46,
2026-03-25 10:25:00,177.64,177.64,177.64,177.64,431.0,177.6367,28,
2026-03-25 10:26:00,177.63,177.63,177.63,177.63,584.0,177.6596,34,
2026-03-25 10:27:00,177.61,177.61,177.61,177.61,808.0,177.622,29,
2026-03-25 10:28:00,177.64,177.64,177.64,177.64,525.0,177.6462,21,
2026-03-25 10:29:00,177.69,177.69,177.64,177.64,1257.0,177.6727,61,
2026-03-25 10:30:00,177.6,177.61,177.58,177.61,2690.0,177.5983,71,
2026-03-25 10:31:00,177.59,177.64,177.59,177.63,2070.0,177.6357,50,
2026-03-25 10:32:00,177.62,177.65,177.62,177.62,1378.0,177.6335,36,
2026-03-25 10:33:00,177.58,177.58,177.58,177.58,1308.0,177.5953,40,
2026-03-25 10:34:00,177.57,177.63,177.57,177.6,1099.0,177.598,50,
2026-03-25 10:35:00,177.61,177.61,177.61,177.61,1284.0,177.6063,39,
2026-03-25 10:37:00,177.6,177.61,177.54,177.61,2160.0,177.5847,56,
2026-03-25 10:38:00,177.6,177.64,177.6,177.6,1736.0,177.6086,44,
2026-03-25 10:39:00,177.6,177.6,177.57,177.57,1677.0,177.5837,55,
2026-03-25 10:40:00,177.57,177.61,177.57,177.58,1756.0,177.5855,34,
2026-03-25 10:41:00,177.62,177.62,177.59,177.59,1129.0,177.6058,37,
2026-03-25 10:42:00,177.58,177.6,177.41,177.5,12842.0,177.5203,250,
2026-03-25 10:43:00,177.44,177.49,177.42,177.44,6514.0,177.4575,87,
2026-03-25 10:44:00,177.43,177.43,177.4,177.4,1042.0,177.4135,39,
2026-03-25 10:45:00,177.4,177.41,177.38,177.4,5943.0,177.4093,92,
2026-03-25 10:46:00,177.46,177.46,177.46,177.46,922.0,177.4541,50,
2026-03-25 10:47:00,177.42,177.42,177.42,177.42,770.0,177.446,24,
2026-03-25 10:48:00,177.47,177.5,177.47,177.5,8785.0,177.4976,60,
2026-03-25 10:49:00,177.5,177.58,177.5,177.58,5583.0,177.525,86,
2026-03-25 10:50:00,177.55,177.55,177.55,177.55,1340.0,177.5372,48,
2026-03-25 10:51:00,177.55,177.62,177.53,177.53,4037.0,177.5893,59,
2026-03-25 10:52:00,177.54,177.62,177.54,177.61,5646.0,177.583,82,
2026-03-25 10:53:00,177.61,177.62,177.61,177.61,1001.0,177.6118,30,
2026-03-25 10:54:00,177.61,177.68,177.61,177.67,6826.0,177.6384,101,
2026-03-25 10:55:00,177.66,177.68,177.66,177.68,3441.0,177.6723,47,
2026-03-25 10:56:00,177.66,177.68,177.58,177.58,5411.0,177.6452,99,
2026-03-25 10:57:00,177.58,177.6,177.56,177.56,1839.0,177.5694,53,
2026-03-25 10:58:00,177.55,177.62,177.55,177.57,4157.0,177.5733,90,
2026-03-25 10:59:00,177.56,177.56,177.53,177.53,1915.0,177.5597,50,
2026-03-25 11:00:00,177.55,177.68,177.3,177.59,80261.0,177.4467,1219,
2026-03-25 11:01:00,177.65,177.83,177.65,177.79,18647.0,177.7422,255,
2026-03-25 11:02:00,177.78,177.83,177.74,177.75,7716.0,177.7801,116,
2026-03-25 11:03:00,177.74,177.74,177.73,177.73,1752.0,177.7321,42,
2026-03-25 11:04:00,177.77,177.8,177.75,177.8,5845.0,177.7716,90,
2026-03-25 11:05:00,177.82,177.9,177.82,177.85,8518.0,177.8666,189,
2026-03-25 11:06:00,177.83,177.83,177.78,177.79,7164.0,177.7993,108,
2026-03-25 11:07:00,177.76,177.82,177.75,177.81,4503.0,177.7871,70,
2026-03-25 11:08:00,177.8,177.82,177.8,177.82,1177.0,177.8098,47,
2026-03-25 11:09:00,177.83,177.83,177.77,177.77,1814.0,177.7866,57,
2026-03-25 11:10:00,177.76,177.86,177.75,177.78,11348.0,177.811,159,
2026-03-25 11:11:00,177.8,177.8,177.75,177.75,13988.0,177.788,124,
2026-03-25 11:12:00,177.75,177.77,177.72,177.72,3322.0,177.747,62,
2026-03-25 11:13:00,177.72,177.77,177.72,177.76,4487.0,177.7485,100,
2026-03-25 11:14:00,177.78,177.9,177.78,177.9,18806.0,177.8202,145,
2026-03-25 11:15:00,177.9,177.9,177.9,177.9,1612.0,177.8973,43,
2026-03-25 11:16:00,177.93,177.94,177.9,177.9,8448.0,177.9131,123,
2026-03-25 11:17:00,177.87,177.87,177.84,177.84,4563.0,177.8583,59,
2026-03-25 11:18:00,177.85,177.87,177.82,177.87,6894.0,177.848,76,
2026-03-25 11:19:00,177.86,177.87,177.86,177.87,2101.0,177.8615,48,
2026-03-25 11:20:00,177.86,177.9,177.86,177.9,9042.0,177.892,106,
2026-03-25 11:21:00,177.88,177.89,177.88,177.88,2103.0,177.8896,64,
2026-03-25 11:22:00,177.87,177.92,177.87,177.9,4722.0,177.8943,90,
2026-03-25 11:23:00,177.89,177.95,177.89,177.95,22075.0,177.9048,121,
2026-03-25 11:24:00,177.95,177.96,177.93,177.93,4733.0,177.9439,103,
2026-03-25 11:25:00,177.93,177.97,177.9,177.96,10667.0,177.9427,166,
2026-03-25 11:26:00,177.98,177.99,177.93,177.93,8772.0,177.9482,147,
2026-03-25 11:27:00,177.93,177.93,177.87,177.89,6587.0,177.8944,131,
2026-03-25 11:28:00,177.9,177.91,177.9,177.9,2626.0,177.9019,64,
2026-03-25 11:29:00,177.92,177.97,177.89,177.97,6913.0,177.9154,163,
2026-03-25 11:30:00,177.97,177.99,177.95,177.95,4077.0,177.9696,96,
2026-03-25 11:31:00,177.92,177.93,177.91,177.93,2854.0,177.9207,61,
2026-03-25 11:32:00,177.95,177.96,177.91,177.91,3239.0,177.9256,101,
2026-03-25 11:33:00,177.9,177.9,177.86,177.86,4629.0,177.8778,107,
2026-03-25 11:34:00,177.87,177.88,177.87,177.87,1579.0,177.8778,39,
2026-03-25 11:35:00,177.9,177.9,177.88,177.89,5718.0,177.888,110,
2026-03-25 11:36:00,177.95,177.95,177.95,177.95,1447.0,177.9374,51,
2026-03-25 11:37:00,177.92,177.92,177.92,177.92,2235.0,177.9182,75,
2026-03-25 11:38:00,177.92,177.99,177.92,177.95,3943.0,177.9604,107,
2026-03-25 11:39:00,177.95,177.98,177.94,177.98,6506.0,177.9664,93,
2026-03-25 11:40:00,177.9,177.97,177.9,177.91,7746.0,177.9264,135,
2026-03-25 11:41:00,177.92,177.95,177.92,177.95,4680.0,177.9372,53,
2026-03-25 11:42:00,177.97,177.97,177.97,177.97,1405.0,177.9473,68,
2026-03-25 11:43:00,177.98,177.98,177.95,177.95,1798.0,177.9644,51,
2026-03-25 11:44:00,177.931,177.931,177.931,177.931,504.0,177.9382,20,
2026-03-25 11:45:00,177.95,177.98,177.92,177.98,6079.0,177.9502,130,
2026-03-25 11:46:00,177.98,177.98,177.98,177.98,869.0,177.9713,36,
2026-03-25 11:47:00,177.95,177.96,177.44,177.58,45160.0,177.7112,1061,
2026-03-25 11:48:00,177.75,177.86,177.62,177.62,8460.0,177.7506,146,
2026-03-25 11:49:00,177.65,177.7,177.65,177.69,4299.0,177.6922,111,
2026-03-25 11:50:00,177.75,177.85,177.7,177.74,8148.0,177.8093,174,
2026-03-25 11:51:00,177.85,177.92,177.83,177.85,4533.0,177.8665,85,
2026-03-25 11:52:00,177.919,177.919,177.86,177.86,4927.0,177.8753,98,
2026-03-25 11:53:00,177.9,177.94,177.9,177.93,5426.0,177.9176,104,
2026-03-25 11:54:00,177.9,177.93,177.9,177.93,2046.0,177.9122,52,
2026-03-25 11:56:00,177.91,177.92,177.91,177.92,1462.0,177.9172,27,
2026-03-25 11:57:00,177.91,177.91,177.9,177.9,2201.0,177.8997,51,
2026-03-25 11:58:00,177.92,177.93,177.9,177.9,2719.0,177.9043,73,
2026-03-25 11:59:00,177.9,177.99,177.9,177.99,13154.0,177.9703,161,
2026-03-25 12:00:00,178.06,178.1,177.0,178.04,412938.816116,177.7773,6354,
2026-03-25 12:01:00,176.88,178.0592,176.5,178.0227,264643.222833,177.0223,8918,
2026-03-25 12:02:00,177.3703,178.17,177.3603,178.16,31165.347927,178.065,424,
2026-03-25 12:03:00,178.14,178.1731,178.11,178.11,9009.998326,178.1666,178,
2026-03-25 12:04:00,178.12,178.1299,178.0713,178.0986,10459.015489,178.1083,160,
2026-03-25 12:05:00,178.1,178.1,176.69,178.1,17778.501167,177.5652,492,
2026-03-25 12:06:00,178.07,178.2713,178.07,178.27,25946.828602,178.2027,461,
2026-03-25 12:07:00,178.2703,178.37,178.26,178.36,21304.504111,178.3079,363,
2026-03-25 12:08:00,178.35,178.3628,178.24,178.24,21060.11845,178.3148,279,
2026-03-25 12:09:00,178.23,178.24,178.1861,178.1875,14202.605312,178.2096,197,
2026-03-25 12:10:00,178.19,178.19,178.12,178.1332,8127.33359,178.1602,173,
2026-03-25 12:11:00,178.1491,178.19,178.1,178.19,19305.624241,178.152,197,
2026-03-25 12:12:00,178.2,178.2,178.16,178.2,6274.052469,178.1912,150,
2026-03-25 12:13:00,178.1816,178.1816,178.04,178.0835,13166.390604,178.1398,228,
2026-03-25 12:14:00,178.05,178.14,178.04,178.12,8775.135446,178.09,155,
2026-03-25 12:15:00,178.1265,178.1265,177.98,177.98,16628.111619,178.0293,293,
2026-03-25 12:16:00,177.96,178.0,177.7,177.72,23488.03751,177.8559,417,
2026-03-25 12:17:00,177.8753,177.8753,177.65,177.7,29926.171627,177.7119,328,
2026-03-25 12:18:00,177.7,177.7,177.4304,177.5333,32632.567851,177.5979,473,
2026-03-25 12:19:00,177.4928,177.76,177.4343,177.71,16058.441794,177.6581,215,
2026-03-25 12:20:00,177.72,177.75,177.6018,177.7,13888.557821,177.7098,189,
2026-03-25 12:21:00,177.7,177.9,177.65,177.88,25677.885836,177.783,244,
2026-03-25 12:22:00,177.8779,177.99,177.84,177.96,26479.809041,177.9413,307,
2026-03-25 12:23:00,178.0,178.0323,177.55,177.8,78007.885615,177.7115,990,
2026-03-25 12:24:00,177.81,177.8883,177.7,177.8883,19073.518905,177.7815,217,
2026-03-25 12:25:00,177.84,178.0006,177.8255,178.0,22481.05072,177.9342,311,
2026-03-25 12:26:00,177.97,177.99,177.84,177.91,20348.561493,177.9114,234,
2026-03-25 12:27:00,177.8777,177.9,177.76,177.79,11403.863585,177.8437,205,
2026-03-25 12:28:00,177.79,177.8305,177.6456,177.79,11464.289331,177.7343,197,
2026-03-25 12:29:00,177.72,177.75,177.6789,177.68,14378.375559,177.7109,207,
2026-03-25 12:30:00,177.7107,177.74,177.48,177.5033,33598.770639,177.5872,445,
2026-03-25 12:31:00,177.56,177.57,177.36,177.371,37567.368462,177.4569,430,
2026-03-25 12:32:00,177.35,177.46,177.3,177.31,18945.331951,177.3646,333,
2026-03-25 12:33:00,177.49,177.52,177.36,177.36,30619.246733,177.4227,290,
2026-03-25 12:34:00,177.39,177.64,177.39,177.64,29556.956164,177.5327,217,
2026-03-25 12:35:00,177.63,177.68,177.57,177.67,12250.190707,177.6399,210,
2026-03-25 12:36:00,177.5882,177.666,177.5882,177.65,8095.754088,177.6681,332,
2026-03-25 12:37:00,177.67,177.7,177.61,177.7,10602.815305,177.684,218,
2026-03-25 12:38:00,177.69,177.85,177.69,177.72,20229.271179,177.7798,333,
2026-03-25 12:39:00,177.7,177.8,177.68,177.8,7384.706796,177.7537,164,
2026-03-25 12:40:00,177.78,177.7983,177.61,177.65,7848.128424,177.6952,149,
2026-03-25 12:41:00,177.61,177.61,177.53,177.58,15814.962497,177.5887,252,
2026-03-25 12:42:00,177.59,177.61,177.55,177.59,11583.978913,177.5962,186,
2026-03-25 12:43:00,177.5948,177.6,177.47,177.5,14772.73629,177.5391,189,
2026-03-25 12:44:00,177.49,177.5,177.45,177.4623,6293.578189,177.5,148,
2026-03-25 12:45:00,177.42,177.49,177.4006,177.4639,10073.973332,177.4547,182,
2026-03-25 12:46:00,177.46,177.5,177.4378,177.5,12591.424643,177.493,183,
2026-03-25 12:47:00,177.5,177.55,177.49,177.55,12479.597233,177.5254,151,
2026-03-25 12:48:00,177.55,177.59,177.53,177.58,27130.778145,177.579,217,
2026-03-25 12:49:00,177.56,177.58,177.47,177.563,11002.95465,177.5519,181,
2026-03-25 12:50:00,177.52,177.59,177.4961,177.54,20183.842184,177.5482,202,
2026-03-25 12:51:00,177.51,177.55,177.45,177.5139,16535.484788,177.5043,193,
2026-03-25 12:52:00,177.55,177.59,177.54,177.56,12986.535947,177.5763,159,
2026-03-25 12:53:00,177.54,177.56,177.51,177.5265,6503.558761,177.5368,157,
2026-03-25 12:54:00,177.51,177.59,177.5,177.59,704105.134346,175.2223,188,
2026-03-25 12:55:00,177.59,177.7127,177.5563,177.71,64643.88038,177.6549,754,
2026-03-25 12:56:00,177.71,177.7283,177.55,177.5934,6128.393623,177.6462,137,
2026-03-25 12:57:00,177.5661,177.5885,177.53,177.55,7525.110274,177.5591,139,
2026-03-25 12:58:00,177.553,177.57,177.4,177.42,18617.692081,177.4919,311,
2026-03-25 12:59:00,177.4,177.5266,177.4,177.49,7796.435875,177.4909,152,
2026-03-25 13:00:00,177.48,177.54,177.37,177.47,19233.929086,177.457,346,
2026-03-25 13:01:00,177.49,177.64,177.4731,177.5447,12873.238026,177.5616,223,
2026-03-25 13:02:00,177.6,177.67,177.51,177.5104,16137.206989,177.6048,216,
2026-03-25 13:03:00,177.6,177.74,177.5656,177.74,16410.460727,177.6943,231,
2026-03-25 13:04:00,177.67,177.7409,177.66,177.66,5572.045544,177.9224,145,
2026-03-25 13:05:00,177.68,177.77,177.63,177.76,15729.363132,177.6874,231,
2026-03-25 13:06:00,177.75,177.75,177.7,177.7,14827.4001,177.7272,160,
2026-03-25 13:07:00,177.7,177.75,177.68,177.6852,19255.005322,177.7172,223,
2026-03-25 13:08:00,177.69,177.7,177.5501,177.59,16739.417483,177.6363,262,
2026-03-25 13:09:00,177.556,177.59,177.5,177.53,8615.87896,177.5567,233,
2026-03-25 13:10:00,177.5,177.55,177.44,177.55,10509.551017,177.5047,212,
2026-03-25 13:11:00,177.57,177.57,177.48,177.48,12981.49977,177.5383,200,
2026-03-25 13:12:00,177.48,177.5,177.38,177.38,11530.246618,177.4244,225,
2026-03-25 13:13:00,177.37,177.4,177.25,177.3423,29177.940502,177.3447,445,
2026-03-25 13:14:00,177.325,177.3887,177.3,177.36,10667.334637,177.3472,193,
2026-03-25 13:15:00,177.35,177.37,177.32,177.33,6645.582756,177.3614,187,
2026-03-25 13:16:00,177.32,177.33,177.27,177.3,5886.736022,177.3271,155,
2026-03-25 13:17:00,177.27,177.35,177.26,177.32,20071.719173,177.2948,225,
2026-03-25 13:18:00,177.31,177.31,177.17,177.29,23172.715418,177.2313,466,
2026-03-25 13:19:00,177.25,177.28,177.2,177.24,7613.029471,177.228,183,
2026-03-25 13:20:00,177.2,177.31,177.2,177.31,6308.781488,177.3064,190,
2026-03-25 13:21:00,177.3,177.3122,177.21,177.25,14105.157732,177.2679,297,
2026-03-25 13:22:00,177.3071,177.3071,177.2265,177.2265,8499.8158,177.2815,137,
2026-03-25 13:23:00,177.23,177.28,177.18,177.28,18464.954827,177.2201,262,
2026-03-25 13:24:00,177.29,177.43,177.2591,177.4001,10664.115876,177.3451,198,
2026-03-25 13:25:00,177.49,177.75,177.43,177.7,60659.119607,177.6414,652,
2026-03-25 13:26:00,177.7,177.75,177.65,177.69,23053.7075,177.7285,349,
2026-03-25 13:27:00,177.75,177.77,177.4,177.52,26524.284806,177.5953,467,
2026-03-25 13:28:00,177.45,177.47,177.15,177.18,31834.292904,177.292,528,
2026-03-25 13:29:00,177.2,177.24,177.03,177.06,33051.702304,177.1619,649,
2026-03-25 13:30:00,177.1,178.095,176.85,177.975,2530689.927987,177.4416,29664,
2026-03-25 13:31:00,177.97,178.42,177.954,178.3399,1052782.391946,178.2,11879,
2026-03-25 13:32:00,178.34,178.5,177.985,178.36,1074978.778145,178.3174,11708,
2026-03-25 13:33:00,178.37,178.39,178.04,178.185,827160.495221,178.1919,11150,
2026-03-25 13:34:00,178.19,178.83,178.05,178.76,1171664.645585,178.4205,14359,
2026-03-25 13:35:00,178.755,179.1199,178.75,179.085,1223016.237766,178.9484,14081,
2026-03-25 13:36:00,179.085,179.6,179.0,179.585,1331730.926647,179.3516,15260,
2026-03-25 13:37:00,179.56,179.625,179.32,179.575,969848.184843,179.5206,13772,
2026-03-25 13:38:00,179.565,179.81,179.31,179.34,1136693.320005,179.6293,15383,
2026-03-25 13:39:00,179.3483,179.77,179.34,179.525,780866.321098,179.5723,10796,
2026-03-25 13:40:00,179.52,179.66,179.4,179.63,801080.64654,179.5302,10470,
2026-03-25 13:41:00,179.64,179.8,179.525,179.78,686713.136857,179.6787,8728,
2026-03-25 13:42:00,179.7803,179.84,179.56,179.64,819475.027345,179.7244,11848,
2026-03-25 13:43:00,179.645,179.65,179.16,179.2207,881858.296207,179.4093,13462,
2026-03-25 13:44:00,179.23,179.27,179.1,179.21,573830.209397,179.1839,11191,
2026-03-25 13:45:00,179.2,179.23,179.03,179.11,675312.086399,179.1295,12617,
2026-03-25 13:46:00,179.11,179.1399,178.71,178.77,704473.716969,178.8899,11976,
2026-03-25 13:47:00,178.77,178.8799,178.65,178.73,525816.821004,178.7303,9663,
2026-03-25 13:48:00,178.71,178.83,178.6,178.63,482922.219723,178.7268,9658,
2026-03-25 13:49:00,178.63,178.65,178.5,178.535,464825.980651,178.5919,9134,
2026-03-25 13:50:00,178.54,178.54,178.157,178.25,693551.21413,178.3321,11060,
2026-03-25 13:51:00,178.2401,178.385,178.18,178.31,565909.702163,178.2782,10127,
2026-03-25 13:52:00,178.31,178.38,178.16,178.352,569544.490057,178.2605,9576,
2026-03-25 13:53:00,178.3699,178.705,178.36,178.63,720166.844418,178.5893,10345,
2026-03-25 13:54:00,178.6351,178.6399,178.4001,178.515,369016.669268,178.5211,8534,
2026-03-25 13:55:00,178.515,178.675,178.4,178.585,512384.759097,178.5372,8892,
2026-03-25 13:56:00,178.59,178.83,178.53,178.74,527289.791238,178.6913,9754,
2026-03-25 13:57:00,178.74,178.83,178.585,178.625,430782.771688,178.7055,8836,
2026-03-25 13:58:00,178.625,178.67,178.25,178.32,724098.086407,178.4348,11449,
2026-03-25 13:59:00,178.3199,178.39,178.07,178.155,791204.689282,178.1931,12911,
2026-03-25 14:00:00,178.165,178.25,177.89,178.095,993645.296489,178.06,16435,
2026-03-25 14:01:00,178.095,178.5,178.06,178.47,651604.680717,178.2859,11019,
2026-03-25 14:02:00,178.5,178.72,178.4,178.625,562084.645213,178.5284,10664,
2026-03-25 14:03:00,178.6201,178.82,178.45,178.7,529087.652669,178.6312,10226,
2026-03-25 14:04:00,178.72,178.975,178.71,178.78,594716.473673,178.8683,10722,
2026-03-25 14:05:00,178.78,178.8899,178.76,178.825,406585.168507,178.8183,9321,
2026-03-25 14:06:00,178.83,179.07,178.82,179.0101,691440.473789,178.9652,10622,
2026-03-25 14:07:00,179.03,179.175,179.025,179.065,529157.289868,179.1004,10154,
2026-03-25 14:08:00,179.06,179.25,179.04,179.165,527967.692267,179.171,10738,
2026-03-25 14:09:00,179.165,179.4499,179.14,179.39,585163.942162,179.289,10906,
2026-03-25 14:10:00,179.395,179.42,179.155,179.2499,545481.608254,179.2875,9735,
2026-03-25 14:11:00,179.245,179.39,179.15,179.31,411877.673713,179.2703,9059,
2026-03-25 14:12:00,179.315,179.5102,179.315,179.455,693513.773126,179.458,10745,
2026-03-25 14:13:00,179.45,179.55,179.25,179.263,577879.472088,179.3854,10216,
2026-03-25 14:14:00,179.2651,179.38,179.2299,179.33,531084.21225,179.2968,10509,
2026-03-25 14:15:00,179.32,179.38,179.185,179.355,640129.682478,179.2576,10722,
2026-03-25 14:16:00,179.36,179.5003,179.15,179.4899,554551.849765,179.3029,10600,
2026-03-25 14:17:00,179.5,179.64,179.42,179.54,693888.902127,179.5297,11915,
2026-03-25 14:18:00,179.55,179.61,179.465,179.5,347690.659323,179.5305,8485,
2026-03-25 14:19:00,179.4901,179.56,179.4,179.4399,379488.848955,179.4862,9012,
2026-03-25 14:20:00,179.435,179.77,179.41,179.765,641321.947408,179.4983,10109,
2026-03-25 14:21:00,179.77,180.02,179.74,179.99,1428648.587417,179.9322,17756,
2026-03-25 14:22:00,179.99,180.23,179.9,180.215,833422.271099,180.0615,12783,
2026-03-25 14:23:00,180.215,180.255,180.0,180.07,588944.014779,180.0854,10555,
2026-03-25 14:24:00,180.07,180.075,179.81,179.86,545840.51843,179.915,10561,
2026-03-25 14:25:00,179.88,180.31,179.855,180.12,832328.749578,180.1468,13879,
2026-03-25 14:26:00,180.1299,180.16,179.93,180.01,558863.743511,180.0247,11204,
2026-03-25 14:27:00,180.01,180.265,180.005,180.225,472697.127652,180.1404,10310,
2026-03-25 14:28:00,180.215,180.27,180.015,180.075,421404.372218,180.117,10173,
2026-03-25 14:29:00,180.08,180.11,179.955,180.06,598236.976373,180.0365,10266,
2026-03-25 14:30:00,180.05,180.16,179.83,180.1,795218.231607,180.0009,12998,
2026-03-25 14:31:00,180.08,180.2,179.995,180.0801,537584.530564,180.0867,11261,
2026-03-25 14:32:00,180.075,180.33,180.075,180.22,646868.489031,180.219,12393,
2026-03-25 14:33:00,180.225,180.225,180.04,180.12,468876.629074,180.1364,9846,
2026-03-25 14:34:00,180.125,180.13,179.965,180.095,379510.664861,180.0634,9656,
2026-03-25 14:35:00,180.1,180.185,179.98,180.12,299174.274689,180.0959,8889,
2026-03-25 14:36:00,180.125,180.185,179.98,180.075,396813.816657,180.1092,9636,
2026-03-25 14:37:00,180.075,180.13,180.0,180.04,273594.183014,180.0681,8469,
2026-03-25 14:38:00,180.035,180.235,180.01,180.1493,341073.557589,180.1576,8733,
2026-03-25 14:39:00,180.145,180.16,180.035,180.135,299156.91568,180.0985,8628,
2026-03-25 14:40:00,180.14,180.145,180.03,180.09,362704.446781,180.0952,9465,
2026-03-25 14:41:00,180.085,180.44,180.07,180.3399,763153.075571,180.2819,12736,
2026-03-25 14:42:00,180.33,180.55,180.29,180.4921,668450.10649,180.4543,10853,
2026-03-25 14:43:00,180.49,180.56,180.2172,180.4802,714039.560449,180.4002,11337,
2026-03-25 14:44:00,180.485,180.63,180.485,180.55,614570.084887,180.5539,10716,
2026-03-25 14:45:00,180.55,180.67,180.48,180.625,487016.012821,180.5839,9630,
2026-03-25 14:46:00,180.61,180.72,180.55,180.67,460128.559711,180.6434,9040,
2026-03-25 14:47:00,180.675,180.755,180.57,180.71,538551.487482,180.674,10504,
2026-03-25 14:48:00,180.705,180.98,180.6951,180.9675,802342.785063,180.8557,12417,
2026-03-25 14:49:00,180.96,181.03,180.81,180.855,979305.99188,180.9305,14237,
2026-03-25 14:50:00,180.85,180.95,180.735,180.9302,924337.127646,180.8442,12941,
2026-03-25 14:51:00,180.935,181.1,180.91,181.0169,745351.046784,181.005,11749,
2026-03-25 14:52:00,181.015,181.22,180.97,180.985,948824.27019,181.0892,13909,
2026-03-25 14:53:00,180.99,181.085,180.94,180.955,491667.97822,181.0268,10099,
2026-03-25 14:54:00,180.955,181.12,180.93,181.03,550472.333854,181.0379,10496,
2026-03-25 14:55:00,181.03,181.06,180.74,180.812,567415.734509,180.9336,10698,
2026-03-25 14:56:00,180.82,180.9,180.6901,180.7,408874.087927,180.8116,9961,
2026-03-25 14:57:00,180.71,180.78,180.51,180.635,585801.336746,180.6415,11405,
2026-03-25 14:58:00,180.63,180.69,180.57,180.59,460036.257297,180.6225,10744,
2026-03-25 14:59:00,180.59,180.62,180.4,180.5,463413.116642,180.5081,10243,
2026-03-25 15:00:00,180.5075,180.535,180.295,180.32,459137.441279,180.4313,10133,
2026-03-25 15:01:00,180.315,180.36,180.24,180.305,385741.283133,180.2899,9247,
2026-03-25 15:02:00,180.305,180.42,180.19,180.21,444796.662953,180.2953,9444,
2026-03-25 15:03:00,180.21,180.44,180.19,180.375,455065.623881,180.316,9639,
2026-03-25 15:04:00,180.375,180.4299,180.25,180.285,318076.406904,180.3422,8150,
2026-03-25 15:05:00,180.285,180.285,180.095,180.1101,358522.66089,180.1718,8327,
2026-03-25 15:06:00,180.115,180.18,180.03,180.055,390016.866529,180.1072,8672,
2026-03-25 15:07:00,180.06,180.12,179.93,180.005,617160.371782,180.0024,11351,
2026-03-25 15:08:00,180.005,180.07,179.975,180.025,472246.967368,180.0363,9310,
2026-03-25 15:09:00,180.02,180.025,179.83,179.89,605565.132617,179.9402,11224,
2026-03-25 15:10:00,179.89,180.04,179.865,179.905,373251.010418,179.962,8448,
2026-03-25 15:11:00,179.9,180.03,179.87,179.895,357221.242394,179.9386,8805,
2026-03-25 15:12:00,179.895,179.92,179.73,179.845,426436.908391,179.8099,9132,
2026-03-25 15:13:00,179.85,179.93,179.8103,179.915,353028.977603,179.8687,9230,
2026-03-25 15:14:00,179.9151,179.96,179.85,179.85,294104.096771,179.8987,8007,
2026-03-25 15:15:00,179.855,179.98,179.81,179.86,358363.698498,179.8961,8569,
2026-03-25 15:16:00,179.85,179.97,179.33,179.33,982127.72222,179.5926,15204,
2026-03-25 15:17:00,179.33,179.45,179.23,179.255,621931.962255,179.3344,11621,
2026-03-25 15:18:00,179.255,179.575,179.2,179.485,705343.34972,179.3806,12573,
2026-03-25 15:19:00,179.48,179.71,179.475,179.7,542123.925909,179.6082,10959,
2026-03-25 15:20:00,179.7,179.94,179.65,179.905,599376.539524,179.8396,11072,
2026-03-25 15:21:00,179.9,180.005,179.87,179.9001,530569.977275,179.9373,10112,
2026-03-25 15:22:00,179.905,180.11,179.905,180.08,554961.792052,180.0475,9444,
2026-03-25 15:23:00,180.07,180.15,179.9999,180.0099,346287.905387,180.0689,8289,
2026-03-25 15:24:00,180.01,180.27,179.985,180.115,642512.564687,180.1645,10927,
2026-03-25 15:25:00,180.12,180.21,179.99,180.145,506177.579691,180.0811,10088,
2026-03-25 15:26:00,180.15,180.155,179.95,180.08,428000.986337,180.0341,9236,
2026-03-25 15:27:00,180.09,180.09,179.91,180.055,304229.005396,179.9927,8626,
2026-03-25 15:28:00,180.055,180.11,179.965,180.065,379338.912701,180.0343,9478,
2026-03-25 15:29:00,180.0601,180.085,179.915,180.0,325548.816445,179.9925,8525,
2026-03-25 15:30:00,179.995,180.055,179.7,179.785,374711.782826,179.8288,8229,
2026-03-25 15:31:00,179.78,179.85,179.695,179.8399,248683.259384,179.7655,7473,
2026-03-25 15:32:00,179.835,179.9199,179.76,179.8307,317312.979914,179.8299,8036,
2026-03-25 15:33:00,179.8301,180.0559,179.735,180.01,404248.215113,179.875,8339,
2026-03-25 15:34:00,180.01,180.015,179.92,179.94,334918.481647,179.9597,8001,
2026-03-25 15:35:00,179.94,179.985,179.86,179.95,426316.950453,179.9288,9279,
2026-03-25 15:36:00,179.95,179.985,179.805,179.815,300842.054141,179.8974,7114,
2026-03-25 15:37:00,179.815,179.82,179.7,179.73,338243.4039,179.7683,7602,
2026-03-25 15:38:00,179.72,179.73,179.46,179.665,562026.483417,179.6044,9230,
2026-03-25 15:39:00,179.6601,179.775,179.58,179.6401,410973.296642,179.6779,9432,
2026-03-25 15:40:00,179.64,179.8,179.595,179.6467,288482.400113,179.6867,8155,
2026-03-25 15:41:00,179.64,179.655,179.5105,179.565,251880.199686,179.5899,7278,
2026-03-25 15:42:00,179.57,179.6498,179.37,179.405,284914.755302,179.5369,7605,
2026-03-25 15:43:00,179.395,179.42,179.25,179.275,371686.79918,179.327,7966,
2026-03-25 15:44:00,179.2715,179.59,179.26,179.55,442124.3976,179.4296,9539,
2026-03-25 15:45:00,179.55,179.64,179.42,179.44,464212.621035,179.5232,8907,
2026-03-25 15:46:00,179.44,179.51,179.375,179.385,242192.59428,179.4457,7541,
2026-03-25 15:47:00,179.385,179.55,179.34,179.475,324522.753796,179.4566,7964,
2026-03-25 15:48:00,179.475,179.61,179.39,179.47,242631.973759,179.478,7223,
2026-03-25 15:49:00,179.475,179.56,179.43,179.515,241963.93948,179.4967,6671,
2026-03-25 15:50:00,179.5101,179.685,179.51,179.61,291049.785489,179.6052,3425,
2026-03-25 15:51:00,179.6099,179.63,179.46,179.525,237275.610416,179.5321,2918,
2026-03-25 15:52:00,179.53,179.545,179.33,179.4,250621.746973,179.4282,2951,
2026-03-25 15:53:00,179.405,179.47,179.29,179.305,268635.591832,179.3534,3214,
2026-03-25 15:54:00,179.32,179.34,179.18,179.245,318699.959299,179.2379,3243,
2026-03-25 15:55:00,179.245,179.3999,179.14,179.32,429392.114103,179.2847,4799,
2026-03-25 15:56:00,179.325,179.4601,179.3,179.44,214683.120093,179.3715,2725,
2026-03-25 15:57:00,179.445,179.49,179.33,179.4,271796.990372,179.4278,3263,
2026-03-25 15:58:00,179.4,179.42,179.29,179.3199,165227.287418,179.3598,2278,
2026-03-25 15:59:00,179.3199,179.39,179.29,179.375,157317.617194,179.3447,2215,
2026-03-25 16:00:00,179.38,179.44,179.29,179.3,270019.607534,179.3811,3486,
2026-03-25 16:01:00,179.3,179.33,179.165,179.2202,285907.958057,179.2444,3397,
2026-03-25 16:02:00,179.23,179.31,179.04,179.1,405365.907286,179.1675,4902,
2026-03-25 16:03:00,179.09,179.105,179.0,179.07,276335.909054,179.0549,3240,
2026-03-25 16:04:00,179.06,179.06,178.92,178.94,441708.24645,178.9923,5202,
2026-03-25 16:05:00,178.935,178.99,178.73,178.88,341443.17901,178.852,3999,
2026-03-25 16:06:00,178.885,178.95,178.773,178.8499,214990.904608,178.8632,2597,
2026-03-25 16:07:00,178.85,179.045,178.85,179.005,323420.583559,178.9669,3272,
2026-03-25 16:08:00,179.005,179.05,178.95,179.03,222061.943426,178.993,2319,
2026-03-25 16:09:00,179.03,179.24,178.97,179.165,348822.541966,179.1226,3944,
2026-03-25 16:10:00,179.16,179.17,178.955,179.01,313353.304906,179.0532,3226,
2026-03-25 16:11:00,179.02,179.0999,178.96,179.08,200542.79609,179.0179,2434,
2026-03-25 16:12:00,179.08,179.17,178.995,179.045,250051.965725,179.0592,2786,
2026-03-25 16:13:00,179.045,179.07,178.945,178.995,267497.834774,179.0252,3193,
2026-03-25 16:14:00,178.99,179.1497,178.975,179.1497,199220.259654,179.0725,2316,
2026-03-25 16:15:00,179.14,179.2,179.03,179.07,216064.461525,179.1304,2829,
2026-03-25 16:16:00,179.07,179.22,179.03,179.06,278061.489763,179.1015,3720,
2026-03-25 16:17:00,179.06,179.125,178.95,178.98,227263.497982,179.0251,2573,
2026-03-25 16:18:00,178.965,178.99,178.88,178.9332,205406.506659,178.93,2423,
2026-03-25 16:19:00,178.94,178.98,178.91,178.955,142358.383696,178.9452,1968,
2026-03-25 16:20:00,178.955,179.175,178.9496,179.095,474432.729604,179.073,5408,
2026-03-25 16:21:00,179.09,179.1499,178.85,178.935,320547.132884,179.0202,3783,
2026-03-25 16:22:00,178.94,178.9699,178.85,178.935,277732.670399,178.9146,3235,
2026-03-25 16:23:00,178.9064,179.17,178.9064,178.96,321838.925145,179.0481,4099,
2026-03-25 16:24:00,178.965,179.26,178.87,179.26,309634.203463,178.9941,4033,
2026-03-25 16:25:00,179.26,179.4399,179.14,179.38,538995.911455,179.2738,6298,
2026-03-25 16:26:00,179.38,179.385,179.1,179.23,317836.198784,179.2158,4319,
2026-03-25 16:27:00,179.23,179.2399,179.137,179.2001,245529.377473,179.192,2809,
2026-03-25 16:28:00,179.2,179.2,179.065,179.145,224745.239752,179.1368,3071,
2026-03-25 16:29:00,179.15,179.155,179.06,179.12,208064.296365,179.1116,2731,
2026-03-25 16:30:00,179.11,179.245,178.9738,179.155,302495.0877,179.1045,3912,
2026-03-25 16:31:00,179.1586,179.3397,179.14,179.305,232576.864307,179.2453,2707,
2026-03-25 16:32:00,179.3,179.305,179.14,179.19,205792.082646,179.2039,3157,
2026-03-25 16:33:00,179.19,179.3,179.175,179.29,148694.662261,179.2308,2272,
2026-03-25 16:34:00,179.29,179.3298,179.18,179.23,270686.95621,179.2605,3209,
2026-03-25 16:35:00,179.23,179.24,179.137,179.1651,152908.434719,179.1926,2373,
2026-03-25 16:36:00,179.165,179.26,179.08,179.16,275738.195141,179.1684,2931,
2026-03-25 16:37:00,179.155,179.19,179.1,179.1285,151027.432632,179.1401,2280,
2026-03-25 16:38:00,179.13,179.135,179.0,179.0598,194120.006358,179.0584,2670,
2026-03-25 16:39:00,179.06,179.1442,179.035,179.085,186737.715224,179.0879,2603,
2026-03-25 16:40:00,179.09,179.115,178.96,179.035,195946.746868,179.044,2787,
2026-03-25 16:41:00,179.03,179.0334,178.94,179.0098,162537.677455,178.9894,2256,
2026-03-25 16:42:00,179.0,179.08,178.94,178.98,178819.238088,179.0233,2297,
2026-03-25 16:43:00,178.98,179.18,178.945,179.175,215397.751581,179.0867,2257,
2026-03-25 16:44:00,179.175,179.2299,179.14,179.195,189862.285182,179.179,2263,
2026-03-25 16:45:00,179.2,179.225,179.12,179.1999,166668.272889,179.1694,1927,
2026-03-25 16:46:00,179.19,179.2199,179.09,179.175,142842.604982,179.1544,1706,
2026-03-25 16:47:00,179.17,179.17,179.03,179.07,163033.23734,179.0858,2004,
2026-03-25 16:48:00,179.07,179.165,179.05,179.09,187449.078289,179.1171,2147,
2026-03-25 16:49:00,179.095,179.18,179.075,179.155,99743.645082,179.1285,1274,
2026-03-25 16:50:00,179.155,179.23,178.995,179.0401,261801.366739,179.1123,2625,
2026-03-25 16:51:00,179.05,179.15,179.0,179.015,185404.736797,179.0645,2332,
2026-03-25 16:52:00,179.01,179.1651,178.9,179.115,285772.790409,179.0252,3242,
2026-03-25 16:53:00,179.12,179.17,179.0801,179.165,149011.392529,179.1261,1541,
2026-03-25 16:54:00,179.165,179.3,179.1601,179.245,249611.493716,179.2304,2304,
2026-03-25 16:55:00,179.24,179.2679,179.025,179.095,262580.049459,179.1237,2914,
2026-03-25 16:56:00,179.0821,179.11,179.015,179.085,195668.263899,179.0632,2197,
2026-03-25 16:57:00,179.075,179.09,178.96,179.01,190787.764016,179.0293,2139,
2026-03-25 16:58:00,179.01,179.04,178.87,178.895,171717.863877,178.9414,1668,
2026-03-25 16:59:00,178.9,178.98,178.895,178.9275,118840.238354,178.9406,1551,
2026-03-25 17:00:00,178.93,179.0,178.9,178.915,165875.188889,178.9577,1619,
2026-03-25 17:01:00,178.915,179.07,178.905,179.065,150458.233651,178.9925,1367,
2026-03-25 17:02:00,179.065,179.16,178.78,178.9,489764.57823,178.946,5876,
2026-03-25 17:03:00,178.905,178.96,178.75,178.76,190978.099608,178.8988,2248,
2026-03-25 17:04:00,178.77,178.79,178.67,178.69,251121.352181,178.7222,2641,
2026-03-25 17:05:00,178.69,178.715,178.51,178.595,375485.351614,178.5794,4098,
2026-03-25 17:06:00,178.59,178.79,178.55,178.73,279079.706137,178.6708,3116,
2026-03-25 17:07:00,178.73,178.86,178.7,178.725,216235.284097,178.7845,2175,
2026-03-25 17:08:00,178.725,178.79,178.69,178.735,146943.320959,178.736,1663,
2026-03-25 17:09:00,178.735,178.77,178.575,178.575,340166.982674,178.6482,3241,
2026-03-25 17:10:00,178.575,178.63,178.53,178.575,206034.760325,178.5906,2342,
2026-03-25 17:11:00,178.575,178.63,178.55,178.625,178491.454539,178.5883,1742,
2026-03-25 17:12:00,178.63,178.86,178.595,178.835,232610.699288,178.6944,2577,
2026-03-25 17:13:00,178.835,178.955,178.81,178.94,248616.178167,178.8781,2098,
2026-03-25 17:14:00,178.93,178.995,178.9131,178.935,144822.596612,178.9505,1614,
2026-03-25 17:15:00,178.925,178.93,178.755,178.785,146799.637077,178.8399,1771,
2026-03-25 17:16:00,178.79,178.84,178.63,178.66,129008.198471,178.7322,1633,
2026-03-25 17:17:00,178.66,178.71,178.625,178.675,98480.642904,178.6741,1310,
2026-03-25 17:18:00,178.68,178.78,178.6,178.625,181714.622802,178.6943,2087,
2026-03-25 17:19:00,178.625,178.7699,178.545,178.71,217370.804328,178.6402,2558,
2026-03-25 17:20:00,178.712,178.76,178.67,178.695,107963.671331,178.7129,1474,
2026-03-25 17:21:00,178.695,178.8497,178.695,178.83,171795.139576,178.7821,1960,
2026-03-25 17:22:00,178.8221,178.915,178.8,178.83,209652.521831,178.852,2339,
2026-03-25 17:23:00,178.845,178.97,178.83,178.85,155310.822682,178.9057,1792,
2026-03-25 17:24:00,178.845,178.885,178.7199,178.875,206013.673449,178.7998,2645,
2026-03-25 17:25:00,178.87,178.96,178.84,178.9,231563.881028,178.9048,2939,
2026-03-25 17:26:00,178.91,179.04,178.9,179.02,177856.899411,178.9846,1897,
2026-03-25 17:27:00,179.025,179.13,179.0,179.1201,174298.834857,179.0541,1589,
2026-03-25 17:28:00,179.12,179.125,178.96,178.99,189147.769617,179.0173,2181,
2026-03-25 17:29:00,178.99,179.01,178.925,178.93,110465.701601,178.9684,1408,
2026-03-25 17:30:00,178.94,178.95,178.79,178.855,144978.47415,178.8624,2131,
2026-03-25 17:31:00,178.86,178.909,178.735,178.735,125295.550209,178.8404,1814,
2026-03-25 17:32:00,178.7302,178.82,178.69,178.74,151760.998496,178.756,2048,
2026-03-25 17:33:00,178.735,178.7397,178.66,178.695,200164.346299,178.7015,2385,
2026-03-25 17:34:00,178.69,178.81,178.6705,178.78,226821.521189,178.7478,2441,
2026-03-25 17:35:00,178.785,178.92,178.76,178.89,283217.701843,178.876,3020,
2026-03-25 17:36:00,178.89,179.0,178.88,178.9,237618.005284,178.945,2779,
2026-03-25 17:37:00,178.89,179.06,178.852,178.99,216851.917801,178.9516,2700,
2026-03-25 17:38:00,178.995,179.01,178.88,178.9501,173515.592016,178.9361,2010,
2026-03-25 17:39:00,178.955,179.18,178.895,179.1594,314358.332851,179.0567,3604,
2026-03-25 17:40:00,179.15,179.18,179.09,179.15,163960.343481,179.1394,1996,
2026-03-25 17:41:00,179.1472,179.205,179.1,179.11,171467.484421,179.1376,2072,
2026-03-25 17:42:00,179.1143,179.21,179.1143,179.165,232279.824833,179.1749,2528,
2026-03-25 17:43:00,179.165,179.57,179.165,179.37,443086.279931,179.3878,5509,
2026-03-25 17:44:00,179.37,179.45,179.32,179.36,238113.332499,179.3855,2886,
2026-03-25 17:45:00,179.36,179.37,179.18,179.205,211022.483304,179.2575,2841,
2026-03-25 17:46:00,179.21,179.31,179.18,179.28,195551.633361,179.2422,2136,
2026-03-25 17:47:00,179.27,179.33,179.17,179.2,220025.339152,179.2475,2631,
2026-03-25 17:48:00,179.21,179.28,179.075,179.13,177757.140011,179.161,2197,
2026-03-25 17:49:00,179.135,179.22,179.08,179.09,1113161.704571,179.3406,1980,
2026-03-25 17:50:00,179.085,179.0899,178.93,178.9801,241443.285882,178.9915,5514,
2026-03-25 17:51:00,178.9803,179.019,178.91,179.0099,175390.224673,178.9669,2062,
2026-03-25 17:52:00,179.005,179.26,178.9,178.915,285010.377168,179.0546,3813,
2026-03-25 17:53:00,178.92,178.94,178.8,178.905,234802.327545,178.8673,2588,
2026-03-25 17:54:00,178.905,178.97,178.8,178.84,196507.345887,178.8892,2204,
2026-03-25 17:55:00,178.845,179.0,178.83,178.96,164895.940662,178.8991,2221,
2026-03-25 17:56:00,178.955,179.04,178.842,179.035,158902.015181,178.9285,2143,
2026-03-25 17:57:00,179.02,179.1351,179.0101,179.075,199730.087147,179.0678,1839,
2026-03-25 17:58:00,179.07,179.27,178.9,179.03,404689.833756,179.09,6090,
2026-03-25 17:59:00,179.04,179.04,178.905,178.985,264319.034981,178.9882,2983,
2026-03-25 18:00:00,178.98,179.01,178.885,179.0,287600.137094,178.9648,3531,
2026-03-25 18:01:00,178.995,179.03,178.8601,178.945,220317.634899,178.9492,2945,
2026-03-25 18:02:00,178.9424,178.945,178.82,178.885,209621.332152,178.8823,2557,
2026-03-25 18:03:00,178.895,178.995,178.8,178.9701,196681.143107,178.891,2515,
2026-03-25 18:04:00,178.9799,179.05,178.9701,179.03,189762.7902,179.0181,2200,
2026-03-25 18:05:00,179.035,179.145,179.02,179.12,146844.6329,179.076,1667,
2026-03-25 18:06:00,179.13,179.13,179.05,179.06,129937.434728,179.0811,1676,
2026-03-25 18:07:00,179.07,179.0999,178.96,178.99,117693.22697,179.0469,1353,
2026-03-25 18:08:00,179.0,179.01,178.85,178.8599,154935.979556,178.9183,1820,
2026-03-25 18:09:00,178.8599,179.06,178.85,179.02,210987.246999,178.9717,2373,
2026-03-25 18:10:00,179.02,179.09,179.01,179.044,143307.766039,179.047,1797,
2026-03-25 18:11:00,179.045,179.165,179.04,179.085,155151.503798,179.1216,1530,
2026-03-25 18:12:00,179.085,179.11,179.02,179.08,97074.800049,179.0713,1143,
2026-03-25 18:13:00,179.085,179.085,179.018,179.065,104644.807062,179.047,1328,
2026-03-25 18:14:00,179.06,179.08,179.0001,179.055,94461.058021,179.0498,1331,
2026-03-25 18:15:00,179.055,179.125,179.05,179.0703,98147.574927,179.0951,1497,
2026-03-25 18:16:00,179.08,179.2,179.073,179.18,144533.404236,179.1372,1829,
2026-03-25 18:17:00,179.185,179.3,179.07,179.21,231618.165307,179.1854,3136,
2026-03-25 18:18:00,179.21,179.21,179.08,179.195,170629.289031,179.1616,2464,
2026-03-25 18:19:00,179.19,179.21,179.08,179.1225,128378.575569,179.1357,1658,
2026-03-25 18:20:00,179.125,179.2864,179.125,179.25,365818.694517,179.2056,1744,
2026-03-25 18:21:00,179.25,179.3,179.22,179.2799,121647.871865,179.2503,1359,
2026-03-25 18:22:00,179.27,179.305,179.25,179.2978,108912.672204,179.2853,1261,
2026-03-25 18:23:00,179.3,179.32,179.24,179.267,129826.022453,179.2871,1664,
2026-03-25 18:24:00,179.265,179.27,179.21,179.25,122052.677377,179.2417,1385,
2026-03-25 18:25:00,179.255,179.2999,179.22,179.22,377979.854353,178.7883,1440,
2026-03-25 18:26:00,179.23,179.26,179.165,179.2,157769.403578,179.2112,1899,
2026-03-25 18:27:00,179.195,179.25,179.15,179.155,120930.16509,179.1935,1614,
2026-03-25 18:28:00,179.15,179.195,179.025,179.09,209937.3238,179.091,2138,
2026-03-25 18:29:00,179.095,179.1,178.99,179.02,173024.276364,179.041,1926,
2026-03-25 18:30:00,179.02,179.145,179.02,179.05,169382.128293,179.0874,2082,
2026-03-25 18:31:00,179.06,179.08,178.87,178.945,279329.139086,178.9445,2896,
2026-03-25 18:32:00,178.94,179.09,178.93,179.0421,304224.644758,179.0196,3247,
2026-03-25 18:33:00,179.0499,179.0505,178.945,179.005,187032.678002,179.0001,2221,
2026-03-25 18:34:00,179.0,179.07,178.95,179.065,216284.593755,179.0232,2488,
2026-03-25 18:35:00,179.065,179.12,179.015,179.12,235228.454758,179.0655,2357,
2026-03-25 18:36:00,179.115,179.12,178.96,178.99,224011.15259,179.0311,2334,
2026-03-25 18:37:00,178.995,179.01,178.935,178.965,225111.869277,178.9805,2003,
2026-03-25 18:38:00,178.96,179.165,178.935,179.1577,257111.833938,179.0291,2686,
2026-03-25 18:39:00,179.15,179.2,179.04,179.045,228513.571588,179.1304,2614,
2026-03-25 18:40:00,179.045,179.05,178.8638,178.8638,215680.070624,178.9726,2433,
2026-03-25 18:41:00,178.875,178.94,178.82,178.8499,282522.104579,178.9928,2131,
2026-03-25 18:42:00,178.845,178.89,178.76,178.78,202082.238181,178.8148,2209,
2026-03-25 18:43:00,178.775,178.82,178.755,178.8022,142702.90442,178.7939,1601,
2026-03-25 18:44:00,178.805,178.85,178.79,178.805,159607.386925,178.8162,1799,
2026-03-25 18:45:00,178.8,178.83,178.73,178.815,215533.959792,178.7802,2493,
2026-03-25 18:46:00,178.805,178.86,178.77,178.8201,151263.198834,178.8186,1652,
2026-03-25 18:47:00,178.8201,178.865,178.8,178.805,156513.000321,178.841,1694,
2026-03-25 18:48:00,178.805,178.86,178.75,178.8101,162844.269948,178.8201,1994,
2026-03-25 18:49:00,178.8101,178.845,178.745,178.79,149010.169335,178.7905,1713,
2026-03-25 18:50:00,178.7825,178.82,178.73,178.82,163746.35921,178.7791,1912,
2026-03-25 18:51:00,178.83,178.83,178.6601,178.665,190418.858816,178.7577,2150,
2026-03-25 18:52:00,178.66,178.72,178.635,178.68,564588.095395,178.7282,2892,
2026-03-25 18:53:00,178.6895,178.75,178.64,178.67,256505.274668,178.6971,2733,
2026-03-25 18:54:00,178.67,178.6899,178.56,178.675,282802.215517,178.6068,3068,
2026-03-25 18:55:00,178.68,178.6999,178.085,178.095,860809.742276,178.4432,9416,
2026-03-25 18:56:00,178.09,178.35,178.07,178.28,379775.182268,178.2406,4809,
2026-03-25 18:57:00,178.28,178.45,178.28,178.365,250934.677521,178.3695,2959,
2026-03-25 18:58:00,178.365,178.49,178.35,178.42,234127.354354,178.4183,2830,
2026-03-25 18:59:00,178.41,178.43,178.265,178.3137,258524.593878,178.3591,3098,
2026-03-25 19:00:00,178.305,178.34,177.92,177.97,697124.446893,178.0904,8390,
2026-03-25 19:01:00,177.9799,178.07,177.84,177.9501,355200.311865,177.9779,4110,
2026-03-25 19:02:00,177.95,178.05,177.93,178.0,280156.27144,177.9989,3497,
2026-03-25 19:03:00,178.0,178.005,177.83,177.845,331179.460848,177.9197,3361,
2026-03-25 19:04:00,177.84,178.03,177.835,177.98,264423.48254,177.9642,2875,
2026-03-25 19:05:00,177.9729,178.04,177.9025,177.935,194446.93752,177.9635,2229,
2026-03-25 19:06:00,177.94,177.98,177.89,177.895,155142.39415,177.9231,2019,
2026-03-25 19:07:00,177.895,178.07,177.895,177.9601,279219.188298,178.0141,2931,
2026-03-25 19:08:00,177.97,178.035,177.89,177.96,212530.757104,177.9663,2547,
2026-03-25 19:09:00,177.9592,178.0,177.89,177.985,214209.687409,177.9472,2632,
2026-03-25 19:10:00,177.985,178.1486,177.97,178.025,325123.505012,178.0863,3036,
2026-03-25 19:11:00,178.03,178.12,177.95,178.0099,280038.577673,178.0347,3099,
2026-03-25 19:12:00,178.0001,178.215,178.0,178.155,209022.64469,178.1009,2638,
2026-03-25 19:13:00,178.15,178.32,178.11,178.2837,292977.560093,178.2113,3251,
2026-03-25 19:14:00,178.29,178.48,178.24,178.46,339068.883506,178.3425,3001,
2026-03-25 19:15:00,178.46,178.56,178.45,178.555,323683.171959,178.5014,3303,
2026-03-25 19:16:00,178.56,178.62,178.48,178.515,282527.110872,178.5333,2927,
2026-03-25 19:17:00,178.515,178.545,178.46,178.505,248678.913169,178.4986,2411,
2026-03-25 19:18:00,178.51,178.58,178.44,178.515,197399.425859,178.5157,2457,
2026-03-25 19:19:00,178.52,178.66,178.5,178.635,318255.281504,178.5495,2993,
2026-03-25 19:20:00,178.635,178.84,178.6001,178.7899,372305.54906,178.6998,4158,
2026-03-25 19:21:00,178.775,178.82,178.675,178.74,305714.114129,178.7598,3072,
2026-03-25 19:22:00,178.745,178.7799,178.6901,178.6951,158976.174921,178.7369,1691,
2026-03-25 19:23:00,178.6999,178.73,178.65,178.715,191740.475269,178.694,1932,
2026-03-25 19:24:00,178.715,178.73,178.62,178.67,163146.73517,178.6701,1646,
2026-03-25 19:25:00,178.66,178.66,178.525,178.53,302161.975165,178.6074,2826,
2026-03-25 19:26:00,178.53,178.61,178.48,178.6,303531.129002,178.5566,3393,
2026-03-25 19:27:00,178.6,178.75,178.57,178.63,274741.815369,178.657,2777,
2026-03-25 19:28:00,178.6399,178.675,178.575,178.66,283251.282454,178.6227,2601,
2026-03-25 19:29:00,178.655,178.6725,178.59,178.6,151475.974237,178.6211,1657,
2026-03-25 19:30:00,178.595,178.655,178.44,178.515,284102.569212,178.5335,2962,
2026-03-25 19:31:00,178.51,178.63,178.45,178.61,256590.649001,178.5341,2913,
2026-03-25 19:32:00,178.61,178.61,178.29,178.375,357139.758365,178.4276,3986,
2026-03-25 19:33:00,178.375,178.3801,178.3202,178.355,173544.587287,178.3579,2066,
2026-03-25 19:34:00,178.36,178.37,178.25,178.35,205092.38542,178.3117,2340,
2026-03-25 19:35:00,178.35,178.45,178.33,178.335,213398.857331,178.3833,2355,
2026-03-25 19:36:00,178.33,178.39,178.3,178.34,212595.067311,178.3446,2062,
2026-03-25 19:37:00,178.335,178.435,178.335,178.425,219014.71509,178.3906,2179,
2026-03-25 19:38:00,178.43,178.455,178.325,178.445,241657.629998,178.4074,2526,
2026-03-25 19:39:00,178.445,178.62,178.44,178.565,234060.058877,178.5467,2540,
2026-03-25 19:40:00,178.57,178.7,178.535,178.645,288024.817168,178.608,2938,
2026-03-25 19:41:00,178.64,178.69,178.58,178.61,218775.096348,178.6226,2674,
2026-03-25 19:42:00,178.6099,178.7463,178.6,178.74,259232.280582,178.67,2624,
2026-03-25 19:43:00,178.7397,178.81,178.6927,178.71,240018.683133,178.742,2420,
2026-03-25 19:44:00,178.72,178.735,178.515,178.565,289082.300881,178.6099,2669,
2026-03-25 19:45:00,178.565,178.69,178.485,178.64,203440.478137,178.5781,2296,
2026-03-25 19:46:00,178.635,178.675,178.5301,178.5763,239901.182765,178.5987,2432,
2026-03-25 19:47:00,178.59,178.64,178.5501,178.615,185830.181486,178.595,1945,
2026-03-25 19:48:00,178.615,178.65,178.56,178.5797,164850.643577,178.6024,1837,
2026-03-25 19:49:00,178.58,178.71,178.57,178.68,225294.615235,178.6614,2137,
2026-03-25 19:50:00,178.67,179.12,178.67,179.0,717461.636915,178.879,7611,
2026-03-25 19:51:00,179.0,179.005,178.755,178.84,462994.113754,178.8881,4168,
2026-03-25 19:52:00,178.84,178.88,178.71,178.855,387465.623373,178.8113,3861,
2026-03-25 19:53:00,178.855,178.91,178.81,178.9,407695.315621,178.8636,4121,
2026-03-25 19:54:00,178.905,178.95,178.74,178.825,469891.729948,178.8471,5084,
2026-03-25 19:55:00,178.825,178.9,178.7,178.71,551905.96898,178.8123,5545,
2026-03-25 19:56:00,178.71,178.72,178.5603,178.69,434736.239993,178.6334,4090,
2026-03-25 19:57:00,178.685,178.72,178.6401,178.66,360259.88791,178.6828,3819,
2026-03-25 19:58:00,178.655,178.66,178.53,178.615,535710.607298,178.5923,5582,
2026-03-25 19:59:00,178.61,178.7399,178.6,178.67,1147981.814818,178.6567,11632,
2026-03-25 20:00:00,178.68,178.68,178.24,178.49,403464.34395,178.6437,717,
2026-03-25 20:01:00,178.49,178.5,178.41,178.5,18716.771289,178.474,159,
2026-03-25 20:02:00,178.54,178.59,178.4,178.41,35184.300309,178.5638,299,
2026-03-25 20:03:00,178.41,178.68,178.4,178.68,8121.105991,178.4465,136,
2026-03-25 20:04:00,178.47,178.6,178.47,178.54,18007.14598,178.5497,254,
2026-03-25 20:05:00,178.55,178.59,178.55,178.59,573587.43758,178.6796,55,
2026-03-25 20:06:00,178.5896,178.59,178.52,178.52,8026.596388,178.5445,89,
2026-03-25 20:07:00,178.55,178.55,178.5,178.5,5385.53485,178.5454,72,
2026-03-25 20:08:00,178.54,178.55,178.5,178.5065,6043.385801,178.541,55,
2026-03-25 20:09:00,178.51,178.55,178.5,178.54,35906.93589,178.6546,59,
2026-03-25 20:10:00,178.52,178.57,178.52,178.55,5841.381112,178.5529,80,
2026-03-25 20:11:00,178.55,178.55,178.5,178.5,1222.017853,178.5326,34,
2026-03-25 20:12:00,178.52,178.54,178.49,178.49,12316.005449,178.5066,121,
2026-03-25 20:13:00,178.5,178.5,178.46,178.46,4331.83228,178.5098,73,
2026-03-25 20:14:00,178.47,178.48,178.45,178.4792,4158.549751,178.4887,82,
2026-03-25 20:15:00,178.48,178.48,178.45,178.45,2314.209645,178.4875,46,
2026-03-25 20:16:00,178.68,178.68,178.4603,178.5,6309.992125,178.5468,62,
2026-03-25 20:17:00,178.5,178.52,178.5,178.5,7005.11651,178.5179,92,
2026-03-25 20:18:00,178.5,178.52,178.45,178.51,4911.5594,178.5175,88,
2026-03-25 20:19:00,178.52,178.57,178.52,178.56,2024.288424,178.577,46,
2026-03-25 20:20:00,178.58,178.6,178.54,178.59,1960.148164,178.5868,62,
2026-03-25 20:22:00,178.57,178.57,178.54,178.569,1040.646222,178.6782,39,
2026-03-25 20:23:00,178.5715,178.6,178.55,178.59,3115.057573,178.5785,60,
2026-03-25 20:24:00,178.55,178.6,178.55,178.57,3290.230767,178.5846,58,
2026-03-25 20:25:00,178.55,178.55,178.53,178.54,3599.855304,178.5865,48,
2026-03-25 20:26:00,178.54,178.55,178.49,178.49,5281.111688,178.5242,76,
2026-03-25 20:27:00,178.49,178.49,178.48,178.49,1139.239659,178.5206,58,
2026-03-25 20:28:00,178.45,178.48,178.44,178.44,6970.719393,178.4688,78,
2026-03-25 20:29:00,178.421,178.45,178.41,178.41,4666.120265,178.4367,73,
2026-03-25 20:30:00,178.41,178.5,178.41,178.4515,4812.338813,178.4707,60,
2026-03-25 20:31:00,178.46,178.46,178.4212,178.4212,657.050206,178.4692,40,
2026-03-25 20:32:00,178.45,178.527,178.4401,178.4785,1728.134106,178.5054,40,
2026-03-25 20:33:00,178.44,178.45,178.38,178.38,11297.007893,178.4128,89,
2026-03-25 20:34:00,178.4006,178.44,178.4006,178.44,578.796489,178.6706,24,
2026-03-25 20:35:00,178.41,178.43,178.41,178.43,1789.831372,178.5134,43,
2026-03-25 20:37:00,178.46,178.5,178.46,178.5,4678.085222,178.4967,50,
2026-03-25 20:38:00,178.4909,178.4909,178.4909,178.4909,339.75361,178.8706,32,
2026-03-25 20:39:00,178.49,178.5,178.49,178.5,3432.318727,178.5111,64,
2026-03-25 20:40:00,178.5,178.52,178.5,178.52,3581.336506,178.5261,49,
2026-03-25 20:41:00,178.5,178.5,178.489,178.489,2483.47632,178.5336,32,
2026-03-25 20:42:00,178.5,178.5,178.41,178.43,3757.823285,178.2982,104,
2026-03-25 20:43:00,178.47,178.47,178.47,178.47,921.770801,177.8939,41,
2026-03-25 20:44:00,178.48,178.5,178.45,178.5,5341.485994,178.4943,88,
2026-03-25 20:45:00,178.5191,178.5191,178.47,178.48,3798.307072,178.504,60,
2026-03-25 20:46:00,178.46,178.4948,178.46,178.48,2948.533747,178.5137,38,
2026-03-25 20:47:00,178.46,178.5,178.46,178.5,2061.177005,178.4899,56,
2026-03-25 20:48:00,178.5,178.5,178.46,178.47,784.127805,178.4466,36,
2026-03-25 20:49:00,178.49,178.51,178.49,178.51,3311.000733,178.5026,70,
2026-03-25 20:50:00,178.51,178.51,178.4997,178.5002,1869.404532,178.6586,43,
2026-03-25 20:51:00,178.47,178.49,178.47,178.49,601.07608,178.506,33,
2026-03-25 20:52:00,178.48,178.48,178.46,178.48,3115.38919,178.6867,53,
2026-03-25 20:53:00,178.46,178.48,178.46,178.48,11434.819696,178.4115,52,
2026-03-25 20:54:00,178.46,178.48,178.46,178.46,3382.711965,178.5,47,
2026-03-25 20:55:00,178.45,178.46,178.45,178.4503,1649.430057,178.4998,41,
2026-03-25 20:56:00,178.47,178.48,178.47,178.48,730.740813,178.6517,33,
2026-03-25 20:57:00,178.45,178.46,178.4,178.46,1234.435016,177.8007,74,
2026-03-25 20:58:00,178.45,178.46,178.42,178.46,5622.086739,177.3701,73,
2026-03-25 20:59:00,178.43,178.48,178.43,178.46,8400.179523,178.3233,69,
2026-03-25 21:00:00,178.45,178.45,178.4,178.45,5291.453792,178.4357,55,
2026-03-25 21:02:00,178.42,178.42,178.42,178.42,3092.04913,178.4399,35,
2026-03-25 21:03:00,178.45,178.45,178.45,178.45,354.644098,178.7709,33,
2026-03-25 21:04:00,178.4211,178.45,178.42,178.4252,1896.098074,178.2432,40,
2026-03-25 21:05:00,178.42,178.42,178.42,178.42,522.006536,176.5647,35,
2026-03-25 21:06:00,178.43,178.43,178.43,178.43,852.652018,177.4267,41,
2026-03-25 21:07:00,178.43,178.43,178.42,178.43,2273.643247,175.9633,63,
2026-03-25 21:08:00,178.4174,178.42,178.38,178.38,4689.620777,178.4246,99,
2026-03-25 21:09:00,178.3807,178.4061,178.38,178.38,8010.810788,178.29,42,
2026-03-25 21:10:00,178.3804,178.39,178.3804,178.39,1108.411942,178.6378,32,
2026-03-25 21:11:00,178.3806,178.39,178.3806,178.39,797.962017,178.6902,49,
2026-03-25 21:12:00,178.4,178.4,178.37,178.37,3055.946451,178.3281,70,
2026-03-25 21:13:00,178.36,178.3602,178.35,178.36,6320.851201,178.3817,75,
2026-03-25 21:14:00,178.3565,178.3565,178.3565,178.3565,217.949196,179.143,33,
2026-03-25 21:15:00,178.37,178.37,178.37,178.37,226.073228,178.4277,29,
2026-03-25 21:16:00,178.3513,178.37,178.3513,178.3565,2033.395573,178.39,46,
2026-03-25 21:17:00,178.39,178.46,178.39,178.45,16547.42689,178.4495,129,
2026-03-25 21:18:00,178.41,178.46,178.37,178.46,11920.137612,178.4473,107,
2026-03-25 21:19:00,178.4,178.46,178.4,178.46,656.737306,178.6357,29,
2026-03-25 21:20:00,178.4,178.42,178.36,178.4,2358.667093,178.4475,56,
2026-03-25 21:21:00,178.4,178.4,178.36,178.37,7569.657064,178.3875,46,
2026-03-25 21:22:00,178.44,178.44,178.44,178.44,745.651818,178.5852,49,
2026-03-25 21:23:00,178.44,178.44,178.39,178.39,1289.577645,178.4893,43,
2026-03-25 21:24:00,178.36,178.3892,178.36,178.3892,1238.287544,178.4292,43,
2026-03-25 21:25:00,178.38,178.38,178.3701,178.3701,3915.557394,178.3966,40,
2026-03-25 21:26:00,178.3874,178.4,178.37,178.3701,2500.948501,178.4522,44,
2026-03-25 21:27:00,178.3787,178.38,178.37,178.3779,1535.069495,178.385,39,
2026-03-25 21:28:00,178.38,178.38,178.37,178.37,5101.765714,178.4068,60,
2026-03-25 21:30:00,178.37,178.38,178.36,178.36,1971.49256,178.4114,40,
2026-03-25 21:31:00,178.3999,178.3999,178.3999,178.3999,671.400752,178.5022,31,
2026-03-25 21:33:00,178.3948,178.4,178.38,178.3999,1585.015177,178.3945,42,
2026-03-25 21:34:00,178.4,178.4,178.4,178.4,679.73231,178.5877,37,
2026-03-25 21:35:00,178.41,178.41,178.41,178.41,545.840661,178.6909,41,
2026-03-25 21:36:00,178.41,178.4435,178.41,178.41,2695.210001,178.4317,41,
2026-03-25 21:38:00,178.43,178.43,178.43,178.43,504.784705,178.7081,28,
2026-03-25 21:39:00,178.41,178.43,178.4,178.43,1512.875061,178.5169,67,
2026-03-25 21:40:00,178.41,178.4163,178.41,178.4163,776.641368,178.5622,33,
2026-03-25 21:41:00,178.41,178.43,178.41,178.42,1077.57034,178.5149,50,
2026-03-25 21:42:00,178.4,178.4,178.4,178.4,585.486217,178.5492,46,
2026-03-25 21:43:00,178.37,178.37,178.37,178.37,534.230494,178.4486,46,
2026-03-25 21:44:00,178.37,178.37,178.36,178.3662,1344.105036,178.3817,40,
2026-03-25 21:45:00,178.36,178.36,178.3579,178.3579,2397.271723,178.3796,74,
2026-03-25 21:46:00,178.3539,178.3539,178.3539,178.3539,1252.296731,178.3991,29,
2026-03-25 21:47:00,178.3796,178.38,178.3761,178.38,721.09992,178.401,42,
2026-03-25 21:48:00,178.3761,178.38,178.35,178.3559,5237.855242,178.3968,75,
2026-03-25 21:49:00,178.38,178.38,178.38,178.38,515.339493,178.4832,24,
2026-03-25 21:50:00,178.3539,178.3539,178.3539,178.3539,305.5843,178.696,21,
2026-03-25 21:51:00,178.36,178.36,178.36,178.36,218.687811,178.9245,26,
2026-03-25 21:52:00,178.38,178.38,178.35,178.37,4606.133489,178.3664,62,
2026-03-25 21:54:00,178.3691,178.3691,178.35,178.35,1563.35318,178.402,24,
2026-03-25 21:55:00,178.36,178.36,178.35,178.35,1211.862802,178.4853,39,
2026-03-25 21:56:00,178.36,178.3674,178.3599,178.3674,1434.313626,178.3988,40,
2026-03-25 21:57:00,178.37,178.39,178.37,178.39,1833.809924,178.4622,43,
2026-03-25 21:58:00,178.35,178.38,178.35,178.35,1320.353075,178.4126,37,
2026-03-25 21:59:00,178.37,178.37,178.37,178.37,159.50269,178.9381,16,
2026-03-25 22:00:00,178.37,178.37,178.32,178.32,8892.346304,178.3556,115,
2026-03-25 22:01:00,178.32,178.32,178.32,178.32,829.958909,178.5289,34,
2026-03-25 22:02:00,178.33,178.34,178.31,178.34,1519.981652,178.4436,51,
2026-03-25 22:03:00,178.36,178.36,178.29,178.29,3592.875501,178.3512,93,
2026-03-25 22:04:00,178.3,178.3,178.28,178.3,2655.865464,178.3556,33,
2026-03-25 22:05:00,178.3,178.3,178.27,178.28,1604.230515,178.3147,40,
2026-03-25 22:06:00,178.27,178.34,178.27,178.3,1925.875771,178.3965,59,
2026-03-25 22:07:00,178.3,178.3,178.2791,178.2791,1520.185112,178.3063,55,
2026-03-25 22:08:00,178.28,178.28,178.2626,178.2626,2058.865788,178.3407,56,
2026-03-25 22:09:00,178.25,178.2501,178.25,178.25,3442.143255,178.258,77,
2026-03-25 22:10:00,178.24,178.28,178.24,178.28,7461.952691,178.2911,45,
2026-03-25 22:11:00,178.24,178.25,178.24,178.24,2038.41422,178.2829,53,
2026-03-25 22:12:00,178.23,178.29,178.23,178.29,7480.301088,178.2709,87,
2026-03-25 22:13:00,178.2501,178.28,178.2501,178.2799,1995.636543,178.3223,48,
2026-03-25 22:14:00,178.25,178.32,178.25,178.2812,3296.896567,178.336,61,
2026-03-25 22:15:00,178.29,178.29,178.28,178.28,1262.057225,178.29,26,
2026-03-25 22:16:00,178.319,178.319,178.25,178.25,4285.778102,178.306,69,
2026-03-25 22:17:00,178.22,178.25,178.21,178.21,4382.285868,178.2385,65,
2026-03-25 22:18:00,178.22,178.22,178.21,178.22,817.57579,178.3448,35,
2026-03-25 22:19:00,178.22,178.2201,178.2104,178.22,1341.682885,178.311,44,
2026-03-25 22:20:00,178.24,178.25,178.24,178.25,777.526738,178.3631,27,
2026-03-25 22:21:00,178.22,178.22,178.19,178.2,14536.134931,178.2056,116,
2026-03-25 22:22:00,178.18,178.2,178.18,178.18,12508.27026,178.194,108,
2026-03-25 22:23:00,178.18,178.18,178.16,178.17,4664.798752,178.2049,67,
2026-03-25 22:24:00,178.1505,178.1505,178.1065,178.1065,4559.927282,178.1685,80,
2026-03-25 22:25:00,178.1461,178.16,178.1461,178.16,1272.863174,178.27,93,
2026-03-25 22:26:00,178.13,178.13,178.11,178.11,1132.758652,178.2402,41,
2026-03-25 22:28:00,178.13,178.13,178.13,178.13,670.533021,178.2687,46,
2026-03-25 22:29:00,178.1,178.1499,178.1,178.1303,1472.595635,178.1905,107,
2026-03-25 22:30:00,178.15,178.15,178.13,178.13,3244.481773,178.1682,124,
2026-03-25 22:31:00,178.1193,178.13,178.1,178.13,3636.20427,178.1345,112,
2026-03-25 22:32:00,178.13,178.2,178.12,178.19,7246.747233,178.1666,57,
2026-03-25 22:33:00,178.18,178.2,178.17,178.1791,2665.458971,178.2161,40,
2026-03-25 22:34:00,178.18,178.2,178.1774,178.2,9310.650833,178.2097,63,
2026-03-25 22:35:00,178.2848,178.2848,178.25,178.25,3072.486826,178.2851,46,
2026-03-25 22:36:00,178.2503,178.2503,178.25,178.25,5567.014223,178.2499,39,
2026-03-25 22:37:00,178.2022,178.22,178.2015,178.2015,2446.947563,178.2737,33,
2026-03-25 22:38:00,178.23,178.26,178.2,178.26,3333.354534,178.2581,33,
2026-03-25 22:39:00,178.24,178.25,178.22,178.25,2031.825394,178.3039,24,
2026-03-25 22:40:00,178.23,178.23,178.2274,178.2274,1643.381469,178.2704,32,
2026-03-25 22:41:00,178.23,178.23,178.23,178.23,1591.301584,178.264,44,
2026-03-25 22:42:00,178.26,178.3,178.26,178.3,2494.882601,178.3413,60,
2026-03-25 22:43:00,178.24,178.2605,178.24,178.2605,549.379998,178.3719,34,
2026-03-25 22:45:00,178.29,178.29,178.26,178.26,2152.996156,178.3556,37,
2026-03-25 22:46:00,178.2948,178.2948,178.2651,178.2652,855.353819,178.3468,28,
2026-03-25 22:47:00,178.29,178.3,178.29,178.3,847.002014,178.2924,40,
2026-03-25 22:48:00,178.29,178.29,178.28,178.29,3463.281645,178.3032,48,
2026-03-25 22:49:00,178.29,178.3,178.27,178.3,5056.520267,178.3145,49,
2026-03-25 22:51:00,178.28,178.29,178.26,178.29,3007.807113,178.3233,62,
2026-03-25 22:52:00,178.23,178.23,178.22,178.22,2262.241446,178.2516,42,
2026-03-25 22:53:00,178.2,178.24,178.12,178.2186,8445.350683,178.1887,110,
2026-03-25 22:55:00,178.131,178.1485,178.1,178.11,4406.669465,178.1544,85,
2026-03-25 22:56:00,178.15,178.16,178.15,178.16,3930.456275,178.1714,52,
2026-03-25 22:57:00,178.16,178.19,178.16,178.19,445.36564,178.3309,22,
2026-03-25 22:58:00,178.1401,178.19,178.14,178.19,3709.686142,178.1826,67,
2026-03-25 22:59:00,178.15,178.1896,178.12,178.12,3917.701541,178.1948,71,
2026-03-25 23:00:00,178.16,178.16,178.16,178.16,703.468683,178.2872,32,
2026-03-25 23:01:00,178.17,178.19,178.1436,178.18,1576.217783,178.1983,41,
2026-03-25 23:02:00,178.21,178.2222,178.1657,178.2222,1925.100131,178.2002,55,
2026-03-25 23:03:00,178.22,178.22,178.22,178.22,2354.254411,178.2389,40,
2026-03-25 23:04:00,178.21,178.23,178.2,178.22,1775.774428,178.2945,46,
2026-03-25 23:05:00,178.21,178.23,178.18,178.23,4641.761808,178.2404,73,
2026-03-25 23:06:00,178.2,178.22,178.18,178.1819,1450.531663,178.2643,47,
2026-03-25 23:07:00,178.22,178.24,178.18,178.18,3645.453982,178.2292,64,
2026-03-25 23:08:00,178.23,178.23,178.22,178.22,1403.0319,178.2263,38,
2026-03-25 23:09:00,178.2,178.2,178.2,178.2,583.345748,178.3028,38,
2026-03-25 23:11:00,178.2,178.2,178.18,178.18,3567.446339,178.2205,36,
2026-03-25 23:12:00,178.19,178.19,178.17,178.17,1468.045921,178.1911,45,
2026-03-25 23:13:00,178.19,178.25,178.15,178.16,4110.152025,178.2044,113,
2026-03-25 23:14:00,178.217,178.25,178.13,178.17,6332.161525,178.2246,59,
2026-03-25 23:15:00,178.14,178.15,178.14,178.1412,1177.288076,178.1896,27,
2026-03-25 23:16:00,178.15,178.15,178.08,178.08,7029.904163,178.1348,133,
2026-03-25 23:17:00,178.07,178.1,178.03,178.07,9681.357347,178.0674,89,
2026-03-25 23:18:00,178.0306,178.05,178.03,178.05,2167.058099,178.0423,55,
2026-03-25 23:19:00,178.0922,178.0922,178.04,178.04,1747.776595,178.1264,46,
2026-03-25 23:20:00,178.05,178.08,178.05,178.08,2871.92295,178.1253,40,
2026-03-25 23:21:00,178.05,178.08,178.05,178.06,1352.122242,178.0832,47,
2026-03-25 23:22:00,178.0465,178.0519,178.04,178.0519,9616.314172,178.0554,52,
2026-03-25 23:23:00,178.05,178.1,178.05,178.07,4652.700383,178.0867,47,
2026-03-25 23:24:00,178.09,178.1,178.09,178.1,1130.872326,178.2327,33,
2026-03-25 23:26:00,178.109,178.11,178.09,178.11,8194.07771,178.1101,41,
2026-03-25 23:27:00,178.09,178.12,178.09,178.1199,802.1894,178.1485,27,
2026-03-25 23:28:00,178.12,178.12,178.1199,178.12,2233.17734,178.1339,65,
2026-03-25 23:29:00,178.1061,178.1061,178.1061,178.1061,191.300514,178.3893,30,
2026-03-25 23:30:00,178.11,178.11,178.1,178.1,638.375564,178.2125,24,
2026-03-25 23:31:00,178.12,178.12,178.1,178.11,3452.365872,178.1294,36,
2026-03-25 23:32:00,178.1026,178.14,178.1009,178.14,2527.394341,178.152,28,
2026-03-25 23:33:00,178.1,178.14,178.1,178.14,4789.011228,178.1109,44,
2026-03-25 23:34:00,178.13,178.13,178.0501,178.0501,13392.779314,178.101,75,
2026-03-25 23:35:00,178.0609,178.16,178.0609,178.16,10255.51257,178.1121,80,
2026-03-25 23:36:00,178.1452,178.16,178.1452,178.15,1547.927289,178.2621,31,
2026-03-25 23:37:00,178.1405,178.16,178.14,178.16,1168.490073,178.2201,33,
2026-03-25 23:38:00,178.14,178.16,178.14,178.15,489.151,178.206,34,
2026-03-25 23:39:00,178.15,178.16,178.1439,178.16,966.062714,178.1662,27,
2026-03-25 23:40:00,178.15,178.15,178.15,178.15,916.486306,178.2451,42,
2026-03-25 23:41:00,178.16,178.18,178.1439,178.18,2952.675018,178.2078,65,
2026-03-25 23:42:00,178.1991,178.1991,178.17,178.1701,1208.972925,178.3246,37,
2026-03-25 23:43:00,178.18,178.18,178.18,178.18,341.961442,178.6825,33,
2026-03-25 23:44:00,178.1739,178.1739,178.11,178.11,6774.537332,178.1536,73,
2026-03-25 23:45:00,178.09,178.09,178.05,178.06,5185.657342,178.0923,70,
2026-03-25 23:46:00,178.06,178.07,178.0565,178.07,6017.466725,178.074,36,
2026-03-25 23:47:00,178.1,178.12,178.1,178.1136,1279.570212,178.1893,29,
2026-03-25 23:48:00,178.08,178.15,178.08,178.11,5104.849639,178.1222,44,
2026-03-25 23:49:00,178.16,178.16,178.16,178.16,477.145359,178.2117,36,
2026-03-25 23:50:00,178.13,178.15,178.12,178.15,1529.028791,178.1289,29,
2026-03-25 23:51:00,178.14,178.2,178.14,178.2,3189.051807,178.1788,44,
2026-03-25 23:52:00,178.22,178.22,178.2,178.2,4302.029029,178.2148,49,
2026-03-25 23:53:00,178.21,178.2261,178.2,178.2261,1579.752917,178.293,41,
2026-03-25 23:54:00,178.23,178.26,178.21,178.26,4943.115017,178.2443,48,
2026-03-25 23:55:00,178.259,178.281,178.25,178.28,6659.913954,178.2907,54,
2026-03-25 23:56:00,178.2998,178.3107,178.25,178.3101,7108.678041,178.3126,95,
2026-03-25 23:57:00,178.3022,178.3022,178.25,178.25,2479.384675,178.2803,51,
2026-03-25 23:58:00,178.21,178.21,178.0861,178.0861,7359.893273,178.1548,92,
2026-03-25 23:59:00,178.08,178.1,178.0378,178.0474,11855.775843,178.0702,110,
2026-03-26 08:00:00,177.85,177.93,177.52,177.62,5102.0,177.6448,163,
2026-03-26 08:01:00,177.57,177.59,177.54,177.54,2084.0,177.5546,41,
2026-03-26 08:02:00,177.51,177.54,177.5,177.51,5578.0,177.5162,104,
2026-03-26 08:03:00,177.52,177.52,177.44,177.44,3180.0,177.4919,72,
2026-03-26 08:05:00,177.42,177.42,177.42,177.42,736.0,177.4315,41,
2026-03-26 08:06:00,177.4,177.55,177.4,177.55,5637.0,177.4379,59,
2026-03-26 08:07:00,177.58,177.58,177.58,177.58,537.0,177.5732,16,
2026-03-26 08:08:00,177.56,177.56,177.55,177.55,1081.0,177.5618,57,
2026-03-26 08:09:00,177.6,177.6,177.48,177.48,2482.0,177.5578,36,
2026-03-26 08:10:00,177.38,177.38,177.37,177.37,1397.0,177.4043,37,
2026-03-26 08:11:00,177.43,177.43,177.34,177.38,4834.0,177.3873,72,
2026-03-26 08:12:00,177.25,177.25,177.24,177.24,1111.0,177.2946,47,
2026-03-26 08:13:00,177.14,177.15,177.14,177.14,2201.0,177.1634,98,
2026-03-26 08:14:00,177.14,177.17,177.1,177.14,5975.0,177.1367,119,
2026-03-26 08:15:00,177.16,177.2,177.16,177.16,2528.0,177.1637,51,
2026-03-26 08:16:00,177.16,177.19,177.09,177.16,5940.0,177.135,88,
2026-03-26 08:17:00,177.1,177.1,177.09,177.1,3995.0,177.1027,56,
2026-03-26 08:18:00,177.11,177.11,177.05,177.05,2730.0,177.0883,112,
2026-03-26 08:19:00,177.1,177.1,177.05,177.08,1614.0,177.071,51,
2026-03-26 08:20:00,177.09,177.16,177.08,177.16,2294.0,177.1174,61,
2026-03-26 08:21:00,177.14,177.14,177.1,177.1,587.0,177.1142,31,
2026-03-26 08:22:00,177.1,177.11,177.05,177.08,3235.0,177.0858,100,
2026-03-26 08:23:00,177.14,177.14,177.13,177.13,524.0,177.1381,15,
2026-03-26 08:24:00,177.11,177.11,177.09,177.1,2863.0,177.0994,43,
2026-03-26 08:25:00,177.15,177.16,177.115,177.115,8044.0,177.1515,100,
2026-03-26 08:26:00,177.15,177.16,177.14,177.15,1867.0,177.1377,54,
2026-03-26 08:27:00,177.12,177.155,177.12,177.155,731.0,177.1408,19,
2026-03-26 08:28:00,177.18,177.24,177.14,177.24,5619.0,177.1754,103,
2026-03-26 08:29:00,177.16,177.16,176.9,176.99,24973.0,177.0017,519,
2026-03-26 08:30:00,176.97,176.97,176.9,176.92,3801.0,176.9279,82,
2026-03-26 08:31:00,176.93,176.95,176.91,176.95,2221.0,176.9325,84,
2026-03-26 08:32:00,176.95,177.05,176.95,177.05,1563.0,177.0113,68,
2026-03-26 08:34:00,177.06,177.06,177.01,177.01,864.0,177.0584,24,
2026-03-26 08:35:00,177.1,177.12,177.1,177.1,2479.0,177.1028,52,
2026-03-26 08:36:00,177.09,177.11,177.09,177.11,1008.0,177.1005,24,
2026-03-26 08:37:00,177.06,177.09,176.97,176.97,2288.0,177.0278,105,
2026-03-26 08:38:00,176.985,176.99,176.96,176.99,1226.0,176.9797,54,
2026-03-26 08:39:00,177.0,177.0,176.94,176.94,2302.0,176.9711,61,
2026-03-26 08:40:00,177.0,177.01,177.0,177.01,3295.0,176.9998,66,
2026-03-26 08:43:00,177.07,177.07,177.02,177.02,3793.0,177.0307,63,
2026-03-26 08:44:00,177.0,177.0,176.9,176.9,5202.0,176.9303,117,
2026-03-26 08:45:00,176.9,176.9,176.79,176.79,7939.0,176.8266,183,
2026-03-26 08:46:00,176.78,176.9,176.78,176.9,3075.0,176.8465,63,
2026-03-26 08:47:00,176.9,176.95,176.85,176.85,5095.0,176.8906,82,
2026-03-26 08:48:00,176.83,176.83,176.63,176.72,6027.0,176.714,153,
2026-03-26 08:49:00,176.74,176.76,176.74,176.76,992.0,176.7441,41,
2026-03-26 08:50:00,176.76,176.76,176.7,176.7,2007.0,176.7449,59,
2026-03-26 08:51:00,176.8,176.8,176.74,176.75,2788.0,176.7768,66,
2026-03-26 08:52:00,176.71,176.71,176.7,176.7,4778.0,176.7017,51,
2026-03-26 08:53:00,176.7,176.71,176.7,176.71,1117.0,176.7117,39,
2026-03-26 08:54:00,176.77,176.8,176.76,176.77,1784.0,176.7797,43,
2026-03-26 08:55:00,176.8,176.87,176.8,176.87,3069.0,176.8133,72,
2026-03-26 08:56:00,176.85,176.94,176.85,176.93,17256.0,176.8959,102,
2026-03-26 08:57:00,176.97,177.0,176.97,176.99,2352.0,176.9823,60,
2026-03-26 08:58:00,176.96,177.0,176.93,176.99,5911.0,176.9679,89,
2026-03-26 08:59:00,176.99,177.02,176.96,176.99,5613.0,176.9871,50,
2026-03-26 09:00:00,176.95,176.97,176.86,176.86,2912.0,176.906,76,
2026-03-26 09:01:00,176.85,176.85,176.81,176.81,2239.0,176.8413,56,
2026-03-26 09:02:00,176.88,176.88,176.84,176.84,965.0,176.8572,54,
2026-03-26 09:03:00,176.85,176.85,176.8,176.81,2028.0,176.8212,64,
2026-03-26 09:04:00,176.8,176.84,176.8,176.84,4014.0,176.8125,62,
2026-03-26 09:05:00,176.88,176.9,176.87,176.9,2115.0,176.8905,54,
2026-03-26 09:06:00,177.0,177.0,177.0,177.0,1210.0,176.9788,26,
2026-03-26 09:07:00,177.0,177.04,177.0,177.04,809.0,177.0127,25,
2026-03-26 09:08:00,177.0,177.0,176.91,176.91,1588.0,176.9443,49,
2026-03-26 09:09:00,176.91,176.92,176.91,176.92,1186.0,176.9185,34,
2026-03-26 09:10:00,176.99,177.03,176.99,177.03,1240.0,177.0069,31,
2026-03-26 09:11:00,177.03,177.1,177.03,177.1,2594.0,177.0667,67,
2026-03-26 09:12:00,177.02,177.02,176.95,176.95,2619.0,176.9767,61,
2026-03-26 09:13:00,176.99,176.99,176.95,176.95,1330.0,176.9585,28,
2026-03-26 09:14:00,176.99,177.0,176.8,176.84,4518.0,176.8732,106,
2026-03-26 09:15:00,176.84,176.86,176.82,176.84,1871.0,176.8356,44,
2026-03-26 09:17:00,176.85,176.85,176.82,176.82,2980.0,176.84,63,
2026-03-26 09:18:00,176.8,176.83,176.79,176.79,3108.0,176.8167,71,
2026-03-26 09:19:00,176.84,176.84,176.67,176.67,5333.0,176.7451,132,
2026-03-26 09:20:00,176.7,176.83,176.7,176.83,13252.0,176.718,78,
2026-03-26 09:21:00,176.82,176.83,176.81,176.81,1336.0,176.8195,35,
2026-03-26 09:22:00,176.8,176.91,176.8,176.91,3695.0,176.8724,92,
2026-03-26 09:23:00,176.91,176.91,176.71,176.73,22550.0,176.8946,98,
2026-03-26 09:24:00,176.8,176.8,176.72,176.72,764.0,176.7459,23,
2026-03-26 09:25:00,176.73,176.74,176.73,176.74,743.0,176.7386,29,
2026-03-26 09:26:00,176.73,176.76,176.73,176.73,1353.0,176.7376,40,
2026-03-26 09:27:00,176.74,176.87,176.74,176.85,3471.0,176.7848,62,
2026-03-26 09:28:00,176.85,176.86,176.84,176.84,3119.0,176.8389,38,
2026-03-26 09:29:00,176.72,176.74,176.72,176.74,1123.0,176.7386,34,
2026-03-26 09:30:00,176.74,176.74,176.42,176.46,25529.0,176.5279,374,
2026-03-26 09:31:00,176.49,176.49,176.34,176.4,14025.0,176.3995,190,
2026-03-26 09:32:00,176.45,176.45,176.35,176.37,5638.0,176.4146,108,
2026-03-26 09:33:00,176.39,176.42,176.3,176.38,3435.0,176.3508,105,
2026-03-26 09:34:00,176.42,176.43,176.38,176.42,3189.0,176.4049,74,
2026-03-26 09:35:00,176.41,176.46,176.38,176.42,5660.0,176.4351,90,
2026-03-26 09:36:00,176.39,176.48,176.39,176.48,3472.0,176.4168,62,
2026-03-26 09:37:00,176.48,176.48,176.39,176.39,3694.0,176.4439,49,
2026-03-26 09:38:00,176.37,176.37,176.37,176.37,623.0,176.3824,32,
2026-03-26 09:39:00,176.37,176.4,176.37,176.4,1146.0,176.373,48,
2026-03-26 09:40:00,176.42,176.46,176.4,176.42,7663.0,176.4375,103,
2026-03-26 09:41:00,176.4,176.4,176.34,176.39,7267.0,176.3701,90,
2026-03-26 09:42:00,176.4,176.46,176.38,176.42,1251.0,176.419,34,
2026-03-26 09:43:00,176.42,176.49,176.42,176.49,7630.0,176.4624,69,
2026-03-26 09:44:00,176.41,176.41,176.41,176.41,1212.0,176.4186,35,
2026-03-26 09:45:00,176.48,176.48,176.48,176.48,959.0,176.4771,32,
2026-03-26 09:47:00,176.5,176.51,176.43,176.43,8181.0,176.4912,115,
2026-03-26 09:48:00,176.44,176.49,176.44,176.49,1021.0,176.4729,24,
2026-03-26 09:50:00,176.48,176.6,176.48,176.6,2676.0,176.5442,77,
2026-03-26 09:51:00,176.59,176.64,176.59,176.64,1440.0,176.6227,47,
2026-03-26 09:52:00,176.64,176.81,176.64,176.78,9699.0,176.7406,134,
2026-03-26 09:53:00,176.75,176.75,176.67,176.68,2526.0,176.7182,58,
2026-03-26 09:54:00,176.69,176.69,176.66,176.69,2199.0,176.6862,72,
2026-03-26 09:55:00,176.78,176.78,176.78,176.78,695.0,176.7784,24,
2026-03-26 09:56:00,176.74,176.79,176.74,176.76,1009.0,176.7569,31,
2026-03-26 09:57:00,176.74,176.74,176.74,176.74,1505.0,176.7472,30,
2026-03-26 09:58:00,176.78,176.78,176.78,176.78,337.0,176.7602,16,
2026-03-26 09:59:00,176.7,176.73,176.7,176.73,1236.0,176.7133,40,
2026-03-26 10:00:00,176.7,176.7,176.64,176.64,1718.0,176.6691,42,
2026-03-26 10:01:00,176.65,176.65,176.57,176.57,1367.0,176.5868,37,
2026-03-26 10:02:00,176.62,176.66,176.6,176.66,1675.0,176.6349,30,
2026-03-26 10:03:00,176.66,176.71,176.66,176.71,1812.0,176.6854,40,
2026-03-26 10:04:00,176.78,176.79,176.76,176.78,5259.0,176.7728,64,
2026-03-26 10:05:00,176.81,176.94,176.81,176.94,4213.0,176.9101,66,
2026-03-26 10:06:00,176.91,176.94,176.86,176.91,3885.0,176.9093,59,
2026-03-26 10:07:00,176.84,176.84,176.83,176.84,1284.0,176.8495,38,
2026-03-26 10:10:00,176.87,176.89,176.87,176.89,1296.0,176.8783,40,
2026-03-26 10:11:00,176.9,176.92,176.9,176.92,1235.0,176.9134,27,
2026-03-26 10:12:00,176.89,176.92,176.89,176.92,3000.0,176.9095,84,
2026-03-26 10:14:00,176.95,176.95,176.88,176.9,3941.0,176.9218,102,
2026-03-26 10:15:00,176.92,176.92,176.92,176.92,532.0,176.9297,31,
2026-03-26 10:16:00,176.96,177.0,176.95,177.0,4632.0,176.9661,102,
2026-03-26 10:17:00,176.95,176.95,176.94,176.94,968.0,176.9484,21,
2026-03-26 10:18:00,176.9,176.9,176.9,176.9,2229.0,176.8834,37,
2026-03-26 10:19:00,176.84,176.9,176.84,176.88,656.0,176.8846,20,
2026-03-26 10:20:00,176.88,176.89,176.88,176.88,1333.0,176.8798,27,
2026-03-26 10:21:00,176.9,176.9,176.9,176.9,724.0,176.8922,33,
2026-03-26 10:22:00,176.89,176.89,176.88,176.88,1728.0,176.8852,36,
2026-03-26 10:23:00,176.87,176.88,176.87,176.88,788.0,176.8741,29,
2026-03-26 10:24:00,176.87,176.87,176.86,176.87,805.0,176.8661,23,
2026-03-26 10:26:00,176.91,176.92,176.91,176.92,1342.0,176.9227,30,
2026-03-26 10:27:00,176.95,177.08,176.95,177.08,5004.0,177.0257,81,
2026-03-26 10:28:00,177.0,177.0,176.95,176.95,2526.0,176.9883,73,
2026-03-26 10:30:00,176.97,176.99,176.97,176.98,1735.0,176.976,30,
2026-03-26 10:31:00,176.96,177.0,176.96,177.0,1334.0,176.9941,50,
2026-03-26 10:32:00,177.04,177.06,177.04,177.06,1122.0,177.0457,27,
2026-03-26 10:33:00,177.04,177.09,177.04,177.09,2257.0,177.0692,37,
2026-03-26 10:34:00,177.08,177.09,177.08,177.09,2566.0,177.085,57,
2026-03-26 10:35:00,177.1,177.1,177.1,177.1,1330.0,177.097,47,
2026-03-26 10:36:00,177.09,177.09,177.09,177.09,267.0,177.0888,22,
2026-03-26 10:37:00,177.06,177.06,177.06,177.06,708.0,177.0704,27,
2026-03-26 10:38:00,177.05,177.05,177.0,177.0,4231.0,177.0295,76,
2026-03-26 10:39:00,176.98,177.02,176.8,176.8,14136.0,176.8663,274,
2026-03-26 10:40:00,176.8,176.81,176.71,176.72,6905.0,176.7802,189,
2026-03-26 10:41:00,176.79,176.79,176.77,176.79,1695.0,176.7875,51,
2026-03-26 10:42:00,176.72,176.75,176.72,176.75,897.0,176.7501,44,
2026-03-26 10:43:00,176.76,176.83,176.76,176.76,3248.0,176.762,59,
2026-03-26 10:44:00,176.74,176.74,176.74,176.74,725.0,176.7545,37,
2026-03-26 10:45:00,176.83,176.84,176.83,176.84,1881.0,176.8254,28,
2026-03-26 10:48:00,176.8,176.82,176.8,176.8,792.0,176.8047,33,
2026-03-26 10:49:00,176.8,176.8,176.7,176.75,2164.0,176.757,86,
2026-03-26 10:50:00,176.75,176.76,176.75,176.76,1221.0,176.7421,36,
2026-03-26 10:52:00,176.75,176.75,176.75,176.75,1353.0,176.7691,50,
2026-03-26 10:53:00,176.82,176.83,176.8,176.8,1333.0,176.8154,45,
2026-03-26 10:54:00,176.76,176.76,176.75,176.75,488.0,176.7584,21,
2026-03-26 10:55:00,176.75,176.75,176.75,176.75,1305.0,176.7654,51,
2026-03-26 10:56:00,176.83,176.83,176.83,176.83,1086.0,176.8294,30,
2026-03-26 10:57:00,176.84,176.86,176.84,176.84,2386.0,176.8468,53,
2026-03-26 10:58:00,176.86,176.87,176.86,176.87,1542.0,176.86,23,
2026-03-26 10:59:00,176.87,176.87,176.85,176.85,3847.0,176.8566,55,
2026-03-26 11:00:00,176.93,177.01,176.75,176.8,18054.0,176.9007,555,
2026-03-26 11:01:00,176.9,176.9,176.7,176.71,7576.0,176.7886,148,
2026-03-26 11:02:00,176.75,176.81,176.75,176.81,2975.0,176.7638,31,
2026-03-26 11:03:00,176.82,176.86,176.82,176.85,5757.0,176.8464,79,
2026-03-26 11:04:00,176.85,176.87,176.82,176.86,4522.0,176.8535,71,
2026-03-26 11:05:00,176.85,176.91,176.85,176.91,4992.0,176.863,113,
2026-03-26 11:06:00,176.93,176.93,176.79,176.79,2037.0,176.8719,81,
2026-03-26 11:07:00,176.82,176.82,176.82,176.82,496.0,176.8665,29,
2026-03-26 11:08:00,176.96,176.99,176.96,176.99,1700.0,176.9805,52,
2026-03-26 11:09:00,177.02,177.02,177.0,177.0,1267.0,177.0091,40,
2026-03-26 11:10:00,177.0,177.0,176.96,176.96,1518.0,176.9771,49,
2026-03-26 11:11:00,176.89,176.9,176.81,176.84,4817.0,176.8507,119,
2026-03-26 11:12:00,176.84,176.87,176.83,176.83,3226.0,176.8489,66,
2026-03-26 11:13:00,176.83,176.83,176.82,176.82,420.0,176.8225,13,
2026-03-26 11:14:00,176.79,176.81,176.78,176.81,1597.0,176.8001,70,
2026-03-26 11:15:00,176.82,176.82,176.82,176.82,1008.0,176.8467,41,
2026-03-26 11:16:00,176.86,176.86,176.81,176.84,1419.0,176.8342,36,
2026-03-26 11:17:00,176.84,176.84,176.84,176.84,420.0,176.8318,13,
2026-03-26 11:18:00,176.83,176.84,176.83,176.84,941.0,176.8385,33,
2026-03-26 11:19:00,176.865,176.88,176.865,176.88,1082.0,176.8613,35,
2026-03-26 11:20:00,176.84,176.84,176.7,176.7,5579.0,176.7721,132,
2026-03-26 11:21:00,176.71,176.74,176.7,176.74,1805.0,176.7277,61,
2026-03-26 11:22:00,176.72,176.73,176.69,176.69,1576.0,176.7218,53,
2026-03-26 11:23:00,176.7,176.72,176.69,176.69,2218.0,176.6969,50,
2026-03-26 11:24:00,176.685,176.71,176.68,176.71,2181.0,176.6959,55,
2026-03-26 11:25:00,176.65,176.65,176.63,176.63,4909.0,176.646,116,
2026-03-26 11:26:00,176.63,176.64,176.45,176.46,24568.0,176.5222,392,
2026-03-26 11:27:00,176.45,176.46,176.41,176.46,4320.0,176.4538,95,
2026-03-26 11:29:00,176.61,176.62,176.61,176.61,554.0,176.6166,23,
2026-03-26 11:30:00,176.63,176.63,176.61,176.61,3445.0,176.6171,80,
2026-03-26 11:31:00,176.65,176.65,176.5,176.54,6984.0,176.5585,132,
2026-03-26 11:32:00,176.54,176.55,176.51,176.52,2281.0,176.5281,76,
2026-03-26 11:33:00,176.545,176.57,176.545,176.57,1433.0,176.5543,26,
2026-03-26 11:34:00,176.57,176.57,176.55,176.55,2584.0,176.5528,65,
2026-03-26 11:35:00,176.59,176.59,176.56,176.57,3378.0,176.5749,89,
2026-03-26 11:36:00,176.59,176.59,176.59,176.59,1255.0,176.5916,60,
2026-03-26 11:37:00,176.66,176.66,176.62,176.62,1200.0,176.6232,52,
2026-03-26 11:38:00,176.6,176.61,176.6,176.61,1248.0,176.6055,25,
2026-03-26 11:39:00,176.65,176.67,176.65,176.67,957.0,176.6601,29,
2026-03-26 11:40:00,176.7,176.74,176.68,176.7,2969.0,176.704,56,
2026-03-26 11:41:00,176.74,176.74,176.69,176.7,6302.0,176.7072,66,
2026-03-26 11:42:00,176.66,176.69,176.6,176.6,7178.0,176.6466,110,
2026-03-26 11:43:00,176.58,176.58,176.46,176.46,6899.0,176.5029,160,
2026-03-26 11:44:00,176.5,176.51,176.5,176.51,1091.0,176.5054,38,
2026-03-26 11:45:00,176.46,176.46,176.44,176.44,2398.0,176.453,71,
2026-03-26 11:46:00,176.48,176.48,176.41,176.41,3976.0,176.4355,76,
2026-03-26 11:47:00,176.41,176.43,176.35,176.35,13312.0,176.4144,276,
2026-03-26 11:48:00,176.37,176.39,176.35,176.35,3369.0,176.3692,89,
2026-03-26 11:49:00,176.331,176.331,176.25,176.26,13665.0,176.2924,288,
2026-03-26 11:50:00,176.3,176.335,176.3,176.31,2881.0,176.3145,61,
2026-03-26 11:51:00,176.36,176.36,176.31,176.32,6517.0,176.3228,102,
2026-03-26 11:52:00,176.32,176.4,176.28,176.3,6794.0,176.3307,142,
2026-03-26 11:53:00,176.3,176.34,176.26,176.31,6936.0,176.301,117,
2026-03-26 11:54:00,176.3,176.43,176.3,176.4,4844.0,176.3816,123,
2026-03-26 11:55:00,176.4,176.41,176.39,176.39,2861.0,176.3995,62,
2026-03-26 11:56:00,176.37,176.4,176.35,176.35,2323.0,176.373,60,
2026-03-26 11:57:00,176.33,176.36,176.27,176.27,9050.0,176.3135,131,
2026-03-26 11:58:00,176.26,176.27,176.24,176.24,6311.0,176.2515,102,
2026-03-26 11:59:00,176.23,176.23,176.2,176.21,19166.0,176.2051,237,
2026-03-26 12:00:00,176.2,178.48,176.2,176.21,436290.047176,176.811,7481,
2026-03-26 12:01:00,177.87,178.47,176.17,176.25,280669.654845,177.3906,8893,
2026-03-26 12:02:00,176.8197,177.18,176.16,176.16,20659.302061,176.2872,383,
2026-03-26 12:03:00,176.15,176.15,176.05,176.1282,18002.179239,176.1062,339,
2026-03-26 12:04:00,176.11,176.2026,176.1065,176.2,14059.520322,176.1805,170,
2026-03-26 12:05:00,176.17,176.2395,176.16,176.2087,8451.857906,176.2228,146,
2026-03-26 12:06:00,176.2,176.25,176.2,176.25,5748.274349,176.2304,123,
2026-03-26 12:07:00,177.32,178.47,176.265,176.32,17902.462172,177.2194,479,
2026-03-26 12:08:00,176.32,176.4535,176.32,176.4,19491.146212,176.4078,249,
2026-03-26 12:09:00,176.37,176.46,176.37,176.46,4100.057874,176.4276,97,
2026-03-26 12:10:00,176.4411,176.57,176.4411,176.55,19818.289797,176.5326,154,
2026-03-26 12:11:00,176.54,176.5648,176.5006,176.54,7056.319667,176.5365,124,
2026-03-26 12:12:00,176.52,176.58,176.52,176.5322,18168.27794,176.553,156,
2026-03-26 12:13:00,176.53,176.5599,176.5,176.5,6811.101805,176.517,141,
2026-03-26 12:14:00,176.5065,176.5393,176.3601,176.39,7306.311062,176.455,153,
2026-03-26 12:15:00,176.42,176.509,176.4,176.4603,10051.478714,176.4503,107,
2026-03-26 12:16:00,176.49,176.5361,176.47,176.52,9551.432283,176.515,149,
2026-03-26 12:17:00,176.5101,176.58,176.5101,176.58,12392.823322,176.551,92,
2026-03-26 12:18:00,176.59,176.59,176.46,176.4799,21122.734446,176.513,193,
2026-03-26 12:19:00,176.48,176.5056,176.46,176.48,4822.070851,176.4784,110,
2026-03-26 12:20:00,176.48,176.49,176.44,176.46,5270.38583,176.4692,92,
2026-03-26 12:21:00,176.5,176.5,176.4084,176.4084,7126.833655,176.4823,126,
2026-03-26 12:22:00,176.44,176.4825,176.41,176.4465,4650.534048,176.4689,134,
2026-03-26 12:23:00,176.44,176.49,176.38,176.48,10728.767523,176.4356,99,
2026-03-26 12:24:00,176.48,176.48,176.4,176.43,4698.671282,176.4702,84,
2026-03-26 12:25:00,176.43,176.43,176.42,176.43,4967.519996,176.4405,94,
2026-03-26 12:26:00,176.37,176.4748,176.3649,176.4748,5032.218943,176.4257,142,
2026-03-26 12:27:00,176.4768,176.4782,176.4,176.4091,4561.067285,176.4342,99,
2026-03-26 12:28:00,176.44,176.4499,176.42,176.42,2603.018004,176.4361,88,
2026-03-26 12:29:00,176.4398,176.44,176.3652,176.3652,11275.45215,176.4222,152,
2026-03-26 12:30:00,176.36,176.38,176.22,176.2706,30145.932388,176.2916,320,
2026-03-26 12:31:00,176.2993,176.38,176.24,176.3393,8778.051131,176.3096,154,
2026-03-26 12:32:00,176.36,176.36,176.3,176.3074,5561.743268,176.3378,88,
2026-03-26 12:33:00,176.31,176.3497,176.16,176.1795,14019.170916,176.2475,284,
2026-03-26 12:34:00,176.2,176.2622,176.18,176.2,7433.33994,176.2151,119,
2026-03-26 12:35:00,176.16,176.1825,176.1,176.1,16857.598405,176.1396,363,
2026-03-26 12:36:00,176.1238,176.2,176.09,176.12,16723.991258,176.1504,235,
2026-03-26 12:37:00,176.1278,176.25,176.1278,176.2377,7331.895403,176.2184,175,
2026-03-26 12:38:00,176.25,176.26,176.21,176.25,3504.592564,176.2669,160,
2026-03-26 12:39:00,176.22,176.28,176.22,176.28,7504.475131,176.2643,158,
2026-03-26 12:40:00,176.3,176.3083,176.22,176.2535,9722.745519,176.2798,180,
2026-03-26 12:41:00,176.2578,176.29,176.1508,176.18,6937.097171,176.2345,197,
2026-03-26 12:42:00,176.18,176.26,176.18,176.25,9302.30217,176.2368,145,
2026-03-26 12:43:00,176.33,176.35,176.3068,176.35,7845.835309,176.3521,152,
2026-03-26 12:44:00,176.34,176.35,176.27,176.29,3839.91507,176.3471,109,
2026-03-26 12:45:00,176.34,176.38,176.32,176.3563,6418.654205,176.3624,168,
2026-03-26 12:46:00,176.3761,176.47,176.37,176.47,21492.655267,176.4124,362,
2026-03-26 12:47:00,176.42,176.4421,176.34,176.36,7638.956304,176.3935,153,
2026-03-26 12:48:00,176.33,176.33,176.25,176.26,7195.514591,176.3022,170,
2026-03-26 12:49:00,176.27,176.29,176.03,176.23,37720.581739,176.8035,637,
2026-03-26 12:50:00,176.31,176.31,176.02,176.28,19417.963761,176.2349,256,
2026-03-26 12:51:00,176.28,176.35,176.1,176.3399,21110.093925,176.2619,313,
2026-03-26 12:52:00,176.34,176.4,176.1,176.3047,11045.780066,176.315,289,
2026-03-26 12:53:00,176.25,176.28,176.24,176.24,4879.295749,176.2716,113,
2026-03-26 12:54:00,176.2722,176.2722,176.2,176.23,4954.182452,176.2477,128,
2026-03-26 12:55:00,176.28,176.32,176.26,176.32,5976.006398,176.2995,146,
2026-03-26 12:56:00,176.34,176.35,176.2878,176.2878,3523.187289,176.3222,131,
2026-03-26 12:57:00,176.3,176.47,176.3,176.4305,14652.213285,176.3868,270,
2026-03-26 12:58:00,176.43,176.47,176.36,176.47,6528.15087,176.4088,96,
2026-03-26 12:59:00,176.4204,176.47,176.4204,176.4537,5603.659031,176.468,75,
2026-03-26 13:00:00,176.43,176.55,176.4285,176.54,14937.208209,176.5036,239,
2026-03-26 13:01:00,176.54,176.57,176.48,176.51,7819.295123,176.5265,161,
2026-03-26 13:02:00,176.5,176.5,176.37,176.4129,6762.31546,176.4452,168,
2026-03-26 13:03:00,176.3703,176.45,176.36,176.41,13079.254358,176.4081,151,
2026-03-26 13:04:00,176.45,176.5,176.43,176.46,9206.120118,176.487,136,
2026-03-26 13:05:00,176.46,176.49,176.4,176.4,10665.356071,176.4608,145,
2026-03-26 13:06:00,176.44,176.44,176.35,176.365,9130.767516,176.3906,167,
2026-03-26 13:07:00,176.37,176.37,176.26,176.33,8844.218308,176.3328,269,
2026-03-26 13:08:00,176.35,176.45,176.35,176.4424,5563.717309,176.4157,156,
2026-03-26 13:09:00,176.42,176.43,176.41,176.43,1799.220783,176.4384,98,
2026-03-26 13:10:00,176.43,176.45,176.4,176.44,5930.482049,176.4439,142,
2026-03-26 13:11:00,176.4408,176.48,176.44,176.4683,5395.626578,176.4777,152,
2026-03-26 13:12:00,176.5,176.55,176.5,176.501,14189.398143,176.5171,147,
2026-03-26 13:13:00,176.516,176.68,176.51,176.63,20940.270098,176.6,454,
2026-03-26 13:14:00,176.5935,176.5935,176.5,176.57,7469.197716,176.5465,164,
2026-03-26 13:15:00,176.53,176.59,176.51,176.59,7457.584572,176.5504,175,
2026-03-26 13:16:00,176.57,176.63,176.55,176.5794,7171.056512,176.5973,153,
2026-03-26 13:17:00,176.565,176.71,176.55,176.6872,12254.29113,176.6189,177,
2026-03-26 13:18:00,176.69,176.74,176.62,176.67,25042.555361,176.6731,338,
2026-03-26 13:19:00,176.6479,176.66,176.6,176.6,16919.290935,176.6238,191,
2026-03-26 13:20:00,176.61,176.69,176.6,176.63,9668.763078,176.653,175,
2026-03-26 13:21:00,176.6,176.61,176.52,176.5427,20971.591578,176.5733,240,
2026-03-26 13:22:00,176.59,176.62,176.56,176.57,14469.204337,176.5716,135,
2026-03-26 13:23:00,176.56,176.6297,176.5548,176.6,6748.035828,176.606,156,
2026-03-26 13:24:00,176.6,176.6,176.39,176.45,23656.695609,176.489,534,
2026-03-26 13:25:00,176.48,176.7,176.43,176.62,25932.303513,176.5327,425,
2026-03-26 13:26:00,176.6238,176.63,176.3,176.3869,16063.154559,176.4639,311,
2026-03-26 13:27:00,176.3,176.38,176.01,176.09,49013.488973,176.1828,650,
2026-03-26 13:28:00,176.01,176.09,175.75,176.0,95066.884042,175.986,1814,
2026-03-26 13:29:00,176.0,176.19,175.97,176.12,19395.326084,176.0681,301,
2026-03-26 13:30:00,176.07,176.51,175.46,175.54,2233299.358555,176.0853,23387,
2026-03-26 13:31:00,175.53,175.84,175.5,175.71,707590.167153,175.674,8318,
2026-03-26 13:32:00,175.71,176.04,175.58,175.94,724760.871523,175.8292,11647,
2026-03-26 13:33:00,175.94,176.115,175.69,175.99,595704.593308,175.868,10834,
2026-03-26 13:34:00,176.005,176.18,175.96,176.105,542737.135718,176.0573,10921,
2026-03-26 13:35:00,176.1,176.16,175.76,175.79,523868.094446,175.9304,8873,
2026-03-26 13:36:00,175.8,175.82,175.44,175.57,715534.876824,175.6375,10316,
2026-03-26 13:37:00,175.56,175.77,175.56,175.75,550246.86451,175.6902,8897,
2026-03-26 13:38:00,175.7599,175.91,175.64,175.69,537226.015781,175.7686,7847,
2026-03-26 13:39:00,175.695,175.825,175.37,175.41,864791.35414,175.5717,11326,
2026-03-26 13:40:00,175.4024,175.55,175.25,175.25,712960.137784,175.4151,10393,
2026-03-26 13:41:00,175.24,175.36,175.17,175.23,728369.944574,175.246,9895,
2026-03-26 13:42:00,175.245,175.47,175.22,175.41,559922.234136,175.3432,10907,
2026-03-26 13:43:00,175.415,175.88,175.335,175.77,702526.796205,175.6084,12173,
2026-03-26 13:44:00,175.7951,175.99,175.71,175.96,620389.498188,175.8636,11413,
2026-03-26 13:45:00,175.985,176.04,175.87,175.89,739784.10075,175.9359,13869,
2026-03-26 13:46:00,175.9,175.925,175.59,175.6104,613626.66106,175.7378,12891,
2026-03-26 13:47:00,175.61,175.7899,175.51,175.72,625052.046909,175.6578,11970,
2026-03-26 13:48:00,175.735,175.76,175.51,175.61,524135.582763,175.6329,11265,
2026-03-26 13:49:00,175.62,175.63,175.4,175.52,586252.326484,175.4983,12544,
2026-03-26 13:50:00,175.5198,175.72,175.48,175.56,526302.371916,175.6121,11779,
2026-03-26 13:51:00,175.5599,175.885,175.555,175.8707,605138.812757,175.7641,11386,
2026-03-26 13:52:00,175.8797,175.97,175.67,175.75,687450.448661,175.8139,12431,
2026-03-26 13:53:00,175.745,175.84,175.625,175.82,410352.41568,175.7348,10293,
2026-03-26 13:54:00,175.82,175.91,175.77,175.875,372471.017863,175.8506,9494,
2026-03-26 13:55:00,175.88,175.91,175.655,175.78,378422.443934,175.7643,10115,
2026-03-26 13:56:00,175.775,175.83,175.64,175.82,463021.554106,175.7367,11225,
2026-03-26 13:57:00,175.82,175.85,175.48,175.55,502746.137375,175.6483,12044,
2026-03-26 13:58:00,175.555,175.7,175.35,175.3999,615774.168305,175.4793,14040,
2026-03-26 13:59:00,175.3866,175.705,175.2,175.68,805904.771336,175.434,15048,
2026-03-26 14:00:00,175.69,175.775,175.6,175.695,437901.583355,175.6862,10747,
2026-03-26 14:01:00,175.69,175.71,175.405,175.6699,449712.793596,175.5861,10742,
2026-03-26 14:02:00,175.66,175.87,175.5806,175.72,622675.790052,175.7461,12086,
2026-03-26 14:03:00,175.725,175.745,175.62,175.7066,380851.240012,175.6878,9742,
2026-03-26 14:04:00,175.72,175.72,175.52,175.56,467769.41694,175.6143,11090,
2026-03-26 14:05:00,175.555,175.74,175.465,175.71,433333.403366,175.5748,10536,
2026-03-26 14:06:00,175.71,175.79,175.63,175.71,442581.646579,175.7065,9950,
2026-03-26 14:07:00,175.7,175.815,175.62,175.68,479007.837999,175.7317,10422,
2026-03-26 14:08:00,175.67,175.73,175.33,175.33,667633.69496,175.5314,13133,
2026-03-26 14:09:00,175.32,175.41,175.2,175.215,597456.231788,175.3006,11260,
2026-03-26 14:10:00,175.21,175.38,175.115,175.24,673656.173892,175.234,11690,
2026-03-26 14:11:00,175.23,175.23,175.03,175.08,563785.641623,175.105,11808,
2026-03-26 14:12:00,175.08,175.26,175.07,175.23,522548.957756,175.1794,10347,
2026-03-26 14:13:00,175.2203,175.23,175.0,175.135,842818.583645,175.0577,16460,
2026-03-26 14:14:00,175.13,175.265,175.11,175.25,361894.775024,175.1798,8842,
2026-03-26 14:15:00,175.255,175.44,175.145,175.35,585296.030294,175.2787,11065,
2026-03-26 14:16:00,175.34,175.375,175.2601,175.335,426074.402238,175.3248,9833,
2026-03-26 14:17:00,175.32,175.37,175.2514,175.315,282151.907762,175.3102,8421,
2026-03-26 14:18:00,175.31,175.345,175.225,175.325,284267.296855,175.3004,8600,
2026-03-26 14:19:00,175.323,175.38,175.13,175.195,389178.793582,175.2607,9284,
2026-03-26 14:20:00,175.19,175.26,175.05,175.2,353932.077157,175.1376,9236,
2026-03-26 14:21:00,175.205,175.25,175.092,175.13,296726.010442,175.1735,8616,
2026-03-26 14:22:00,175.14,175.37,175.105,175.3409,413401.079893,175.238,9261,
2026-03-26 14:23:00,175.34,175.38,175.215,175.31,329350.482759,175.2995,8706,
2026-03-26 14:24:00,175.31,175.335,175.24,175.25,244677.765095,175.2868,7717,
2026-03-26 14:25:00,175.25,175.295,175.16,175.265,263474.253047,175.2215,8134,
2026-03-26 14:26:00,175.275,175.31,175.2,175.2,212356.076117,175.2556,7558,
2026-03-26 14:27:00,175.205,175.255,175.055,175.085,372140.726445,175.1464,8918,
2026-03-26 14:28:00,175.085,175.0976,174.89,174.97,758339.760227,174.972,13784,
2026-03-26 14:29:00,174.97,175.04,174.8099,174.82,436028.712917,174.9153,9963,
2026-03-26 14:30:00,174.815,174.97,174.81,174.94,386937.401248,174.8912,9529,
2026-03-26 14:31:00,174.9398,175.1,174.91,174.94,477341.603386,175.0056,10189,
2026-03-26 14:32:00,174.94,174.96,174.82,174.898,461767.637633,174.892,10285,
2026-03-26 14:33:00,174.9,174.98,174.71,174.755,618683.739891,174.8021,11753,
2026-03-26 14:34:00,174.755,174.945,174.72,174.9199,468384.391066,174.8352,9772,
2026-03-26 14:35:00,174.92,174.98,174.765,174.795,425139.744326,174.8934,9082,
2026-03-26 14:36:00,174.79,175.0,174.79,174.845,379270.459522,174.8954,9422,
2026-03-26 14:37:00,174.85,174.865,174.64,174.78,511313.06016,174.7429,10675,
2026-03-26 14:38:00,174.78,174.82,174.59,174.595,446140.801805,174.6729,9988,
2026-03-26 14:39:00,174.595,174.8,174.59,174.77,433663.970968,174.7093,9370,
2026-03-26 14:40:00,174.77,175.1599,174.73,174.825,664606.465515,174.9642,12675,
2026-03-26 14:41:00,174.83,174.845,174.47,174.6727,740229.562844,174.5954,14911,
2026-03-26 14:42:00,174.6899,174.7758,174.5,174.52,516855.335416,174.614,10581,
2026-03-26 14:43:00,174.515,174.59,174.1511,174.19,786017.044979,174.3561,13924,
2026-03-26 14:44:00,174.19,174.33,173.86,173.955,1019912.548324,174.059,18802,
2026-03-26 14:45:00,173.95,174.12,173.81,173.835,733372.855829,173.9732,13448,
2026-03-26 14:46:00,173.84,173.89,173.64,173.685,790497.504922,173.7761,13721,
2026-03-26 14:47:00,173.69,173.93,173.6,173.77,866506.399812,173.7506,14016,
2026-03-26 14:48:00,173.77,173.93,173.73,173.73,555037.191511,173.8063,11526,
2026-03-26 14:49:00,173.73,173.78,173.5301,173.775,571192.803756,173.6718,12099,
2026-03-26 14:50:00,173.77,173.86,173.7,173.8003,608959.076336,173.777,11672,
2026-03-26 14:51:00,173.81,173.94,173.78,173.885,469846.294503,173.8644,10224,
2026-03-26 14:52:00,173.89,173.91,173.6,173.65,517609.346915,173.7368,10895,
2026-03-26 14:53:00,173.65,173.71,173.38,173.4002,692482.53595,173.5569,13293,
2026-03-26 14:54:00,173.415,173.48,173.26,173.2799,700969.465409,173.3723,12463,
2026-03-26 14:55:00,173.27,173.39,173.01,173.3399,806756.363157,173.1852,14749,
2026-03-26 14:56:00,173.33,173.68,173.21,173.58,832200.819365,173.4478,13190,
2026-03-26 14:57:00,173.585,173.7471,173.56,173.63,498837.838538,173.6571,10714,
2026-03-26 14:58:00,173.645,173.65,173.445,173.53,555778.313855,173.542,10611,
2026-03-26 14:59:00,173.53,173.67,173.53,173.6123,563781.952674,173.6063,11325,
2026-03-26 15:00:00,173.62,173.925,173.6,173.77,809127.796183,173.7938,12960,
2026-03-26 15:01:00,173.77,173.8499,173.67,173.785,494631.597821,173.7487,10524,
2026-03-26 15:02:00,173.775,173.92,173.77,173.87,361312.828909,173.8629,8786,
2026-03-26 15:03:00,173.875,174.0399,173.78,173.96,504370.901676,173.9111,10150,
2026-03-26 15:04:00,173.97,173.98,173.73,173.865,495806.45995,173.8467,9989,
2026-03-26 15:05:00,173.86,174.1,173.8,174.05,677582.549149,173.9478,13001,
2026-03-26 15:06:00,174.04,174.04,173.889,173.96,321653.862453,173.9606,9061,
2026-03-26 15:07:00,173.97,173.98,173.7,173.7299,375818.676898,173.8138,9527,
2026-03-26 15:08:00,173.725,173.815,173.685,173.74,302056.117897,173.7455,8673,
2026-03-26 15:09:00,173.75,173.9,173.7,173.85,320434.926576,173.83,8954,
2026-03-26 15:10:00,173.855,174.035,173.84,173.965,449247.165613,173.9702,9549,
2026-03-26 15:11:00,173.965,174.06,173.92,173.98,242706.296103,173.9904,7627,
2026-03-26 15:12:00,173.975,174.135,173.93,173.965,436073.855612,174.0298,8880,
2026-03-26 15:13:00,173.965,174.085,173.915,174.02,386011.173575,173.9984,8549,
2026-03-26 15:14:00,174.015,174.08,173.96,173.965,287262.006742,174.0176,8024,
2026-03-26 15:15:00,173.97,174.12,173.9501,174.065,435453.729584,174.0481,9778,
2026-03-26 15:16:00,174.065,174.21,174.03,174.0701,435342.68895,174.107,9043,
2026-03-26 15:17:00,174.08,174.107,173.98,173.9991,339896.824779,174.0462,8899,
2026-03-26 15:18:00,174.0,174.015,173.85,173.955,461941.89213,173.9421,9334,
2026-03-26 15:19:00,173.95,174.1385,173.95,174.04,347268.56744,174.0467,8217,
2026-03-26 15:20:00,174.035,174.14,173.93,174.12,331994.511624,174.0151,8823,
2026-03-26 15:21:00,174.1201,174.23,174.1,174.205,335088.520844,174.1802,8338,
2026-03-26 15:22:00,174.21,174.28,174.12,174.12,332225.366259,174.2004,8131,
2026-03-26 15:23:00,174.1291,174.21,174.0702,174.17,267897.607524,174.1312,7957,
2026-03-26 15:24:00,174.175,174.21,174.08,174.105,274445.077895,174.1584,7710,
2026-03-26 15:25:00,174.1019,174.18,174.01,174.04,320475.573392,174.0979,7837,
2026-03-26 15:26:00,174.045,174.09,174.0,174.04,237296.242885,174.0431,7590,
2026-03-26 15:27:00,174.045,174.13,174.0,174.0998,268734.062077,174.0675,7785,
2026-03-26 15:28:00,174.09,174.23,174.0801,174.1629,267188.145831,174.1499,7557,
2026-03-26 15:29:00,174.18,174.185,174.03,174.0701,317484.576069,174.1109,8088,
2026-03-26 15:30:00,174.07,174.0799,173.945,174.0,317367.584662,173.9956,8385,
2026-03-26 15:31:00,173.995,173.995,173.705,173.725,380810.516309,173.867,9063,
2026-03-26 15:32:00,173.725,173.83,173.71,173.81,346004.837391,173.773,8559,
2026-03-26 15:33:00,173.81,173.8701,173.71,173.75,260183.645987,173.8089,7975,
2026-03-26 15:34:00,173.75,173.82,173.72,173.82,290422.628858,173.7697,7815,
2026-03-26 15:35:00,173.84,173.89,173.76,173.82,302702.577308,173.8105,7895,
2026-03-26 15:36:00,173.825,173.95,173.795,173.8727,357619.527859,173.8961,8031,
2026-03-26 15:37:00,173.875,173.97,173.81,173.94,342196.140056,173.8919,7967,
2026-03-26 15:38:00,173.935,174.14,173.925,174.065,336107.713536,174.0405,7782,
2026-03-26 15:39:00,174.06,174.14,173.95,174.13,258953.067822,174.0405,7626,
2026-03-26 15:40:00,174.12,174.19,174.07,174.185,374918.557934,174.1196,8285,
2026-03-26 15:41:00,174.18,174.37,174.18,174.28,576985.938418,174.265,10213,
2026-03-26 15:42:00,174.275,174.38,174.25,174.345,288211.505357,174.3094,5194,
2026-03-26 15:43:00,174.345,174.485,174.3398,174.435,406369.109473,174.4204,4112,
2026-03-26 15:44:00,174.435,174.4474,174.37,174.44,264090.945774,174.401,3312,
2026-03-26 15:45:00,174.435,174.54,174.4104,174.46,378010.564087,174.432,3990,
2026-03-26 15:46:00,174.455,174.83,174.39,174.7101,778165.997504,174.6117,8170,
2026-03-26 15:47:00,174.71,174.75,174.41,174.49,507752.052862,174.6143,5655,
2026-03-26 15:48:00,174.495,174.58,174.42,174.57,234958.022544,174.5102,2817,
2026-03-26 15:49:00,174.56,174.64,174.52,174.55,289292.46153,174.5782,3383,
2026-03-26 15:50:00,174.5414,174.62,174.48,174.565,282823.447949,174.56,3340,
2026-03-26 15:51:00,174.56,174.575,174.48,174.53,186112.158604,174.5374,2726,
2026-03-26 15:52:00,174.535,174.755,174.535,174.74,294934.266365,174.6283,3094,
2026-03-26 15:53:00,174.731,174.765,174.65,174.68,310273.555696,174.7216,3345,
2026-03-26 15:54:00,174.675,174.7,174.58,174.63,244853.432503,174.6474,2956,
2026-03-26 15:55:00,174.63,174.71,174.575,174.6,261056.836245,174.6383,3781,
2026-03-26 15:56:00,174.61,174.625,174.49,174.54,208284.170773,174.5649,3161,
2026-03-26 15:57:00,174.55,174.66,174.55,174.605,145049.9161,174.6056,2321,
2026-03-26 15:58:00,174.607,174.68,174.545,174.615,168468.891123,174.6194,2510,
2026-03-26 15:59:00,174.615,174.71,174.58,174.6599,255182.158129,174.651,2980,
2026-03-26 16:00:00,174.655,174.735,174.62,174.6801,685407.789172,174.5944,2646,
2026-03-26 16:01:00,174.685,174.69,174.49,174.5051,235261.806752,174.5946,2966,
2026-03-26 16:02:00,174.5,174.58,174.4507,174.49,255569.978491,174.5201,3396,
2026-03-26 16:03:00,174.49,174.515,174.41,174.4899,243972.595094,174.464,2640,
2026-03-26 16:04:00,174.485,174.62,174.485,174.58,184377.878292,174.5771,2623,
2026-03-26 16:05:00,174.58,174.6498,174.53,174.5901,158753.429507,174.5949,2357,
2026-03-26 16:06:00,174.59,174.63,174.5,174.595,294258.350678,174.5847,3568,
2026-03-26 16:07:00,174.6,174.64,174.5,174.55,270249.048733,174.5816,3542,
2026-03-26 16:08:00,174.555,174.6499,174.54,174.59,148446.978829,174.5934,2168,
2026-03-26 16:09:00,174.58,174.625,174.515,174.5429,164529.155536,174.574,2362,
2026-03-26 16:10:00,174.535,174.58,174.38,174.39,168811.264179,174.4811,2881,
2026-03-26 16:11:00,174.39,174.44,174.22,174.26,298788.68213,174.3303,3854,
2026-03-26 16:12:00,174.265,174.38,174.26,174.38,166036.064543,174.3209,2443,
2026-03-26 16:13:00,174.385,174.4,174.32,174.345,1174762.030191,174.3496,2350,
2026-03-26 16:14:00,174.345,174.48,174.34,174.43,258920.30634,174.4266,2952,
2026-03-26 16:15:00,174.42,174.43,174.26,174.265,190632.430436,174.3679,2803,
2026-03-26 16:16:00,174.2675,174.27,174.04,174.055,358134.56366,174.1314,4271,
2026-03-26 16:17:00,174.05,174.126,173.84,174.02,601894.151964,174.0032,8358,
2026-03-26 16:18:00,174.03,174.39,174.01,174.335,387351.03748,174.2053,4188,
2026-03-26 16:19:00,174.335,174.39,174.3,174.36,213002.155858,174.3448,3054,
2026-03-26 16:20:00,174.35,174.375,174.22,174.255,217334.825771,174.2941,2769,
2026-03-26 16:21:00,174.25,174.31,174.17,174.185,223799.32043,174.2569,3048,
2026-03-26 16:22:00,174.185,174.225,173.96,173.97,235144.674997,174.0733,3267,
2026-03-26 16:23:00,173.97,174.08,173.95,174.025,243594.47902,174.0247,2983,
2026-03-26 16:24:00,174.025,174.12,173.98,174.1,177050.608581,174.0592,2446,
2026-03-26 16:25:00,174.11,174.135,173.92,173.9999,234363.142704,174.0175,3308,
2026-03-26 16:26:00,174.0,174.01,173.875,173.925,266271.173576,173.9169,4047,
2026-03-26 16:27:00,173.93,173.945,173.86,173.945,187903.968622,173.9124,3155,
2026-03-26 16:28:00,173.945,173.96,173.87,173.87,195193.661694,173.92,3143,
2026-03-26 16:29:00,173.875,173.88,173.77,173.775,289602.897207,173.8214,3727,
2026-03-26 16:30:00,173.785,173.9,173.76,173.81,190357.380318,173.8392,2906,
2026-03-26 16:31:00,173.8204,173.87,173.73,173.76,239095.551427,173.7885,3859,
2026-03-26 16:32:00,173.76,173.765,173.59,173.71,347881.22363,173.6669,4709,
2026-03-26 16:33:00,173.705,173.77,173.64,173.755,272382.479269,173.6969,3404,
2026-03-26 16:34:00,173.76,173.9,173.7,173.865,290632.757154,173.8156,3186,
2026-03-26 16:35:00,173.87,173.97,173.82,173.9,320614.312889,173.8992,3330,
2026-03-26 16:36:00,173.895,173.96,173.82,173.95,212317.983549,173.8863,2520,
2026-03-26 16:37:00,173.948,173.95,173.8901,173.945,127627.429973,173.9217,1953,
2026-03-26 16:38:00,173.948,173.948,173.845,173.8601,171784.035144,173.8839,2184,
2026-03-26 16:39:00,173.865,173.94,173.76,173.78,235705.393602,173.8314,2996,
2026-03-26 16:40:00,173.78,173.84,173.7577,173.8304,243008.084903,173.7955,2719,
2026-03-26 16:41:00,173.84,173.9,173.75,173.84,205530.485806,173.8266,2675,
2026-03-26 16:42:00,173.825,173.85,173.7401,173.81,230152.424388,173.8021,2489,
2026-03-26 16:43:00,173.81,173.87,173.78,173.835,199087.008115,173.8225,2383,
2026-03-26 16:44:00,173.84,173.97,173.82,173.885,382775.729736,173.8992,4389,
2026-03-26 16:45:00,173.8827,173.92,173.81,173.9,226271.735221,173.8772,3026,
2026-03-26 16:46:00,173.8981,173.905,173.69,173.745,270508.006905,173.7855,3510,
2026-03-26 16:47:00,173.74,173.7699,173.68,173.695,220760.485863,173.7197,3104,
2026-03-26 16:48:00,173.7,173.725,173.59,173.605,390769.944099,173.639,4774,
2026-03-26 16:49:00,173.61,173.625,173.47,173.61,508542.663803,173.5238,6168,
2026-03-26 16:50:00,173.62,173.63,173.525,173.54,173721.787533,173.5853,2493,
2026-03-26 16:51:00,173.545,173.7,173.545,173.695,214192.970083,173.652,3008,
2026-03-26 16:52:00,173.7,173.82,173.6801,173.755,342723.011709,173.7545,4123,
2026-03-26 16:53:00,173.76,173.84,173.72,173.78,268453.566198,173.7765,3312,
2026-03-26 16:54:00,173.79,173.8595,173.78,173.85,152551.183245,173.8213,2188,
2026-03-26 16:55:00,173.855,173.875,173.76,173.78,206669.01815,173.8101,2539,
2026-03-26 16:56:00,173.785,173.91,173.75,173.9,182705.296202,173.8135,2583,
2026-03-26 16:57:00,173.9,173.9,173.8,173.805,281348.571038,173.8493,2326,
2026-03-26 16:58:00,173.8,173.83,173.73,173.805,190555.053736,173.7714,2196,
2026-03-26 16:59:00,173.805,173.845,173.725,173.83,176306.908982,173.7844,2354,
2026-03-26 17:00:00,173.82,173.94,173.77,173.915,242903.322159,173.8606,2747,
2026-03-26 17:01:00,173.925,174.0,173.86,173.895,218845.754679,173.9398,2413,
2026-03-26 17:02:00,173.89,173.9065,173.695,173.7599,292561.615011,173.7789,2703,
2026-03-26 17:03:00,173.75,173.81,173.68,173.7103,213976.788653,173.7542,1979,
2026-03-26 17:04:00,173.72,173.7376,173.64,173.655,180928.766457,173.6926,2032,
2026-03-26 17:05:00,173.655,173.705,173.61,173.67,162800.396515,173.6609,2221,
2026-03-26 17:06:00,173.66,173.74,173.63,173.66,182143.205334,173.6834,2254,
2026-03-26 17:07:00,173.665,173.675,173.57,173.595,208543.19788,173.643,2296,
2026-03-26 17:08:00,173.6,173.7,173.58,173.6982,154858.881344,173.6141,2244,
2026-03-26 17:09:00,173.695,173.75,173.695,173.725,103100.653792,173.7238,1606,
2026-03-26 17:10:00,173.725,173.7281,173.5701,173.655,146010.118693,173.6557,1991,
2026-03-26 17:11:00,173.655,173.68,173.63,173.675,93800.023526,173.6513,1438,
2026-03-26 17:12:00,173.68,173.83,173.675,173.81,195183.340006,173.741,2138,
2026-03-26 17:13:00,173.81,173.8165,173.75,173.815,95498.145751,173.7841,1485,
2026-03-26 17:14:00,173.82,173.89,173.805,173.805,222287.071009,173.8484,3109,
2026-03-26 17:15:00,173.805,173.855,173.745,173.835,196389.913822,173.806,2148,
2026-03-26 17:16:00,173.84,173.945,173.84,173.919,236424.533694,173.9552,2261,
2026-03-26 17:17:00,173.915,173.965,173.895,173.925,223011.71149,173.9296,2430,
2026-03-26 17:18:00,173.92,173.95,173.72,173.73,240439.668376,173.8471,2664,
2026-03-26 17:19:00,173.735,173.85,173.69,173.78,147615.841275,173.7825,1806,
2026-03-26 17:20:00,173.78,173.78,173.61,173.66,212286.638263,173.6956,2661,
2026-03-26 17:21:00,173.65,173.67,173.33,173.435,299037.509335,173.5248,4367,
2026-03-26 17:22:00,173.43,173.57,173.43,173.525,243808.131319,173.5089,2722,
2026-03-26 17:23:00,173.52,173.565,173.495,173.53,148775.694933,173.5299,1795,
2026-03-26 17:24:00,173.525,173.55,173.4,173.45,244685.454691,173.4683,2841,
2026-03-26 17:25:00,173.45,173.48,173.34,173.435,227630.754407,173.3993,2916,
2026-03-26 17:26:00,173.4301,173.485,173.42,173.455,126361.729875,173.4558,1941,
2026-03-26 17:27:00,173.455,173.48,173.42,173.465,135455.919491,173.4509,2062,
2026-03-26 17:28:00,173.47,173.51,173.45,173.485,153790.166493,173.4801,1834,
2026-03-26 17:29:00,173.49,173.55,173.42,173.5401,211459.1581,173.4828,2383,
2026-03-26 17:30:00,173.54,173.675,173.505,173.615,200859.151921,173.6173,2660,
2026-03-26 17:31:00,173.615,173.62,173.44,173.45,208960.52857,173.5141,2593,
2026-03-26 17:32:00,173.45,173.535,173.41,173.505,170453.790652,173.4709,2119,
2026-03-26 17:33:00,173.505,173.67,173.505,173.66,185721.074586,173.6082,2218,
2026-03-26 17:34:00,173.66,173.715,173.615,173.64,164740.227247,173.6604,2126,
2026-03-26 17:35:00,173.65,173.67,173.55,173.625,197442.859223,173.6245,2335,
2026-03-26 17:36:00,173.625,173.665,173.535,173.555,150354.125661,173.6045,2070,
2026-03-26 17:37:00,173.555,173.555,173.48,173.505,166656.475664,173.5068,2148,
2026-03-26 17:38:00,173.5001,173.59,173.485,173.495,224609.364026,173.531,2701,
2026-03-26 17:39:00,173.495,173.525,173.365,173.39,238577.184386,173.4221,2874,
2026-03-26 17:40:00,173.385,173.405,173.28,173.375,329052.757076,173.3391,4058,
2026-03-26 17:41:00,173.375,173.405,173.3,173.34,156399.538386,173.3534,1830,
2026-03-26 17:42:00,173.345,173.4199,173.22,173.31,318129.425972,173.319,3679,
2026-03-26 17:43:00,173.3001,173.32,173.04,173.1098,506205.827286,173.1683,6299,
2026-03-26 17:44:00,173.11,173.14,172.98,172.98,910763.782803,173.0285,15152,
2026-03-26 17:45:00,172.98,173.05,172.94,172.998,314465.905207,172.9876,3631,
2026-03-26 17:46:00,172.995,173.04,172.92,172.93,327432.074511,172.9703,4105,
2026-03-26 17:47:00,172.93,172.99,172.8,172.92,443108.54939,172.8966,6060,
2026-03-26 17:48:00,172.91,172.96,172.755,172.7799,457903.619833,172.8678,4515,
2026-03-26 17:49:00,172.77,172.845,172.64,172.6601,555940.009638,172.7539,6567,
2026-03-26 17:50:00,172.67,172.68,172.49,172.555,671330.122112,172.5532,7809,
2026-03-26 17:51:00,172.56,172.65,172.46,172.4801,469510.72405,172.5518,4925,
2026-03-26 17:52:00,172.48,172.64,172.48,172.5989,322832.762038,172.5797,3525,
2026-03-26 17:53:00,172.59,172.6273,172.42,172.455,436022.859604,172.5229,6093,
2026-03-26 17:54:00,172.45,172.525,172.265,172.265,627453.543339,172.3741,7863,
2026-03-26 17:55:00,172.27,172.35,172.23,172.28,498831.942776,172.2881,6219,
2026-03-26 17:56:00,172.28,172.33,172.17,172.19,567178.746102,172.2334,6334,
2026-03-26 17:57:00,172.1899,172.23,172.12,172.1626,442719.641057,172.1727,4946,
2026-03-26 17:58:00,172.175,172.18,171.95,171.955,1096525.728532,172.0418,17163,
2026-03-26 17:59:00,171.955,171.98,171.84,171.93,670232.83498,171.9128,7579,
2026-03-26 18:00:00,171.92,172.25,171.915,172.23,700451.114972,172.112,6819,
2026-03-26 18:01:00,172.225,172.3799,172.195,172.3592,504955.366495,172.2812,4445,
2026-03-26 18:02:00,172.359,172.38,172.24,172.3,449129.435089,172.3063,4442,
2026-03-26 18:03:00,172.305,172.5,172.24,172.27,423484.26978,172.3664,4581,
2026-03-26 18:04:00,172.2701,172.3698,172.125,172.16,484334.458147,172.2411,4735,
2026-03-26 18:05:00,172.15,172.245,172.05,172.08,476351.586592,172.1432,4592,
2026-03-26 18:06:00,172.08,172.22,171.9715,172.21,411987.987404,172.0821,4763,
2026-03-26 18:07:00,172.22,172.2401,172.075,172.115,301664.46834,172.1818,3288,
2026-03-26 18:08:00,172.1105,172.29,172.105,172.235,347559.542255,172.1944,3769,
2026-03-26 18:09:00,172.24,172.27,172.14,172.165,329325.267806,172.1858,2968,
2026-03-26 18:10:00,172.165,172.25,172.08,172.13,343977.145341,172.1724,3546,
2026-03-26 18:11:00,172.137,172.24,172.075,172.2,415614.016108,172.1705,3499,
2026-03-26 18:12:00,172.2029,172.355,172.2029,172.32,311853.923797,172.2815,3770,
2026-03-26 18:13:00,172.325,172.4198,172.24,172.4198,299626.854263,172.3311,3458,
2026-03-26 18:14:00,172.42,172.43,172.355,172.395,224626.251482,172.3886,3096,
2026-03-26 18:15:00,172.4,172.4076,172.23,172.23,281841.299958,172.3297,3446,
2026-03-26 18:16:00,172.235,172.295,172.12,172.265,348636.514029,172.206,4035,
2026-03-26 18:17:00,172.27,172.29,172.06,172.115,280331.3796,172.1426,3269,
2026-03-26 18:18:00,172.12,172.27,172.105,172.25,217475.90565,172.2077,2398,
2026-03-26 18:19:00,172.2501,172.32,172.1599,172.185,298429.801603,172.2438,3297,
2026-03-26 18:20:00,172.185,172.215,172.155,172.2,149179.471206,172.1869,2276,
2026-03-26 18:21:00,172.22,172.3,172.18,172.2099,285716.817252,172.2395,3028,
2026-03-26 18:22:00,172.2,172.27,172.17,172.23,248326.579582,172.2236,2798,
2026-03-26 18:23:00,172.235,172.36,172.2001,172.335,286171.463395,172.2983,2880,
2026-03-26 18:24:00,172.3301,172.375,172.29,172.345,217155.382229,172.3361,2714,
2026-03-26 18:25:00,172.345,172.47,172.34,172.41,302249.383151,172.4272,3107,
2026-03-26 18:26:00,172.415,172.415,172.25,172.315,295272.488871,172.3177,3236,
2026-03-26 18:27:00,172.31,172.36,172.21,172.225,243867.324316,172.2963,2856,
2026-03-26 18:28:00,172.225,172.26,172.015,172.08,390447.339022,172.1197,3956,
2026-03-26 18:29:00,172.08,172.125,172.03,172.095,254441.505173,172.083,2465,
2026-03-26 18:30:00,172.095,172.225,172.095,172.165,312676.124396,172.1587,3123,
2026-03-26 18:31:00,172.17,172.195,172.06,172.16,235496.767793,172.1241,2886,
2026-03-26 18:32:00,172.15,172.27,172.065,172.235,233260.434837,172.157,2887,
2026-03-26 18:33:00,172.235,172.29,172.205,172.26,213356.887042,172.2598,2378,
2026-03-26 18:34:00,172.27,172.315,172.17,172.235,236240.088448,172.2436,2621,
2026-03-26 18:35:00,172.24,172.25,172.07,172.21,306538.613394,172.1724,3328,
2026-03-26 18:36:00,172.21,172.26,172.12,172.205,260273.306855,172.1946,3031,
2026-03-26 18:37:00,172.205,172.205,172.05,172.115,248034.617606,172.1329,2818,
2026-03-26 18:38:00,172.12,172.28,172.095,172.23,823108.644058,172.2138,3550,
2026-03-26 18:39:00,172.22,172.29,172.18,172.285,194154.346972,172.2318,2530,
2026-03-26 18:40:00,172.285,172.38,172.2377,172.315,277128.950544,172.3102,3536,
2026-03-26 18:41:00,172.32,172.335,172.245,172.27,197127.39049,172.2937,2791,
2026-03-26 18:42:00,172.275,172.338,172.115,172.1201,279021.713581,172.2313,3648,
2026-03-26 18:43:00,172.125,172.18,172.03,172.095,244267.573973,172.1078,3088,
2026-03-26 18:44:00,172.09,172.21,172.08,172.15,275806.611007,172.1676,2743,
2026-03-26 18:45:00,172.15,172.16,171.97,172.0,471968.499796,172.0356,5936,
2026-03-26 18:46:00,172.0098,172.13,172.0,172.12,268163.933931,172.0678,2831,
2026-03-26 18:47:00,172.125,172.22,172.11,172.155,292890.458625,172.1611,3231,
2026-03-26 18:48:00,172.16,172.18,172.05,172.11,252999.529533,172.1264,2729,
2026-03-26 18:49:00,172.1,172.37,172.08,172.35,276145.916412,172.2132,2671,
2026-03-26 18:50:00,172.35,172.36,172.28,172.315,269132.439202,172.3186,2534,
2026-03-26 18:51:00,172.315,172.375,172.29,172.36,204435.194233,172.3343,2271,
2026-03-26 18:52:00,172.36,172.505,172.33,172.425,271933.415358,172.424,2554,
2026-03-26 18:53:00,172.42,172.47,172.415,172.45,163226.188576,172.4402,2119,
2026-03-26 18:54:00,172.45,172.49,172.428,172.465,151900.398976,172.449,2003,
2026-03-26 18:55:00,172.465,172.47,172.35,172.46,251964.773854,172.4066,2768,
2026-03-26 18:56:00,172.4598,172.4598,172.16,172.205,293266.785701,172.2684,3419,
2026-03-26 18:57:00,172.2099,172.235,172.13,172.14,229601.53402,172.1832,2497,
2026-03-26 18:58:00,172.14,172.31,172.12,172.305,238271.993618,172.1893,2527,
2026-03-26 18:59:00,172.31,172.37,172.245,172.2923,260335.371268,172.3225,2884,
2026-03-26 19:00:00,172.295,172.345,172.19,172.195,232842.271551,172.2849,2819,
2026-03-26 19:01:00,172.199,172.255,172.17,172.217,266537.64664,172.2208,2481,
2026-03-26 19:02:00,172.21,172.3399,172.205,172.335,239662.515542,172.2432,2785,
2026-03-26 19:03:00,172.335,172.3501,172.155,172.2,254515.320664,172.2539,2955,
2026-03-26 19:04:00,172.195,172.255,172.19,172.22,161451.738974,172.2211,2171,
2026-03-26 19:05:00,172.225,172.285,172.19,172.22,203167.926787,172.2319,2752,
2026-03-26 19:06:00,172.22,172.25,171.92,171.92,591122.678586,172.0554,7186,
2026-03-26 19:07:00,171.925,172.025,171.82,171.82,385919.039161,171.9389,5100,
2026-03-26 19:08:00,171.83,171.8399,171.66,171.785,543498.578149,171.7466,7210,
2026-03-26 19:09:00,171.79,171.97,171.7701,171.905,342634.322851,171.8839,3404,
2026-03-26 19:10:00,171.91,171.915,171.73,171.76,376234.560946,171.8332,4089,
2026-03-26 19:11:00,171.76,171.8,171.55,171.5975,488195.441772,171.684,5387,
2026-03-26 19:12:00,171.625,171.86,171.6023,171.84,665920.71416,171.7506,5676,
2026-03-26 19:13:00,171.84,171.85,171.773,171.825,246422.22926,171.8139,3288,
2026-03-26 19:14:00,171.825,172.01,171.815,171.96,598319.309262,171.942,5947,
2026-03-26 19:15:00,171.9699,172.25,171.966,172.25,546366.40213,172.1052,4510,
2026-03-26 19:16:00,172.25,172.295,172.18,172.2,453359.311112,172.2166,4474,
2026-03-26 19:17:00,172.1899,172.31,172.0715,172.3099,304033.105912,172.179,3387,
2026-03-26 19:18:00,172.31,172.39,172.24,172.29,348208.474246,172.3154,3316,
2026-03-26 19:19:00,172.295,172.365,172.26,172.275,343424.169086,172.2456,3024,
2026-03-26 19:20:00,172.28,172.285,172.05,172.085,256877.119587,172.1835,3168,
2026-03-26 19:21:00,172.09,172.195,172.02,172.175,258741.731092,172.1182,2869,
2026-03-26 19:22:00,172.17,172.2,172.09,172.195,270652.141334,172.1918,2378,
2026-03-26 19:23:00,172.2,172.3,172.17,172.205,353465.554271,172.2304,3869,
2026-03-26 19:24:00,172.205,172.21,172.13,172.185,240996.764696,172.1704,2602,
2026-03-26 19:25:00,172.185,172.2499,172.055,172.08,349066.079191,172.1573,3709,
2026-03-26 19:26:00,172.0801,172.165,172.07,172.14,221013.663944,172.1155,2485,
2026-03-26 19:27:00,172.135,172.21,172.09,172.1598,235745.734417,172.1501,2637,
2026-03-26 19:28:00,172.155,172.19,172.04,172.0601,220531.749211,172.1165,2443,
2026-03-26 19:29:00,172.07,172.13,171.98,172.125,346492.17857,172.0569,4028,
2026-03-26 19:30:00,172.1232,172.15,171.95,171.965,329922.746868,172.0633,3626,
2026-03-26 19:31:00,171.97,172.01,171.72,171.775,387616.771654,171.8425,5408,
2026-03-26 19:32:00,171.77,171.86,171.735,171.855,282203.415868,171.8095,2953,
2026-03-26 19:33:00,171.86,171.89,171.82,171.845,292058.262699,171.854,3184,
2026-03-26 19:34:00,171.845,171.925,171.79,171.9199,233723.160915,171.8417,2807,
2026-03-26 19:35:00,171.93,171.98,171.8401,171.9695,321097.546108,171.9216,3349,
2026-03-26 19:36:00,171.96,172.041,171.93,172.02,305871.041246,171.9869,3208,
2026-03-26 19:37:00,172.02,172.03,171.92,171.9799,217938.109054,171.9744,2810,
2026-03-26 19:38:00,171.9798,172.08,171.96,172.0201,317022.053942,172.0127,3135,
2026-03-26 19:39:00,172.02,172.055,171.9532,172.0296,274811.14127,172.0099,3251,
2026-03-26 19:40:00,172.03,172.08,171.935,172.055,379680.091389,172.0157,4094,
2026-03-26 19:41:00,172.05,172.055,171.85,171.9,392448.107539,171.932,4385,
2026-03-26 19:42:00,171.91,171.95,171.89,171.94,312535.76882,171.9171,3477,
2026-03-26 19:43:00,171.95,171.97,171.84,171.86,290017.313512,171.9004,3475,
2026-03-26 19:44:00,171.855,171.885,171.76,171.825,368477.726586,171.8221,4287,
2026-03-26 19:45:00,171.82,171.85,171.77,171.81,378990.125664,171.8072,4578,
2026-03-26 19:46:00,171.81,171.87,171.68,171.73,484157.204033,171.7692,5693,
2026-03-26 19:47:00,171.73,171.75,171.665,171.675,329823.037358,171.7079,3836,
2026-03-26 19:48:00,171.68,171.715,171.58,171.69,473711.451546,171.6534,5209,
2026-03-26 19:49:00,171.69,171.86,171.67,171.845,421105.520472,171.7718,4019,
2026-03-26 19:50:00,171.85,171.93,171.65,171.755,640919.351735,171.7336,7453,
2026-03-26 19:51:00,171.76,171.85,171.5,171.57,698346.33043,171.6568,7767,
2026-03-26 19:52:00,171.575,171.7574,171.56,171.645,572104.73147,171.6559,6257,
2026-03-26 19:53:00,171.645,171.69,171.59,171.629,449161.734965,171.6433,5483,
2026-03-26 19:54:00,171.625,171.645,171.28,171.34,1350728.439282,171.4306,14912,
2026-03-26 19:55:00,171.335,171.57,171.33,171.56,932347.100871,171.468,10967,
2026-03-26 19:56:00,171.555,171.66,171.48,171.6599,800478.185932,171.5758,8544,
2026-03-26 19:57:00,171.65,171.698,171.4,171.415,862127.594213,171.5236,9833,
2026-03-26 19:58:00,171.41,171.44,171.28,171.29,1245794.344714,171.3508,12582,
2026-03-26 19:59:00,171.28,171.41,171.14,171.22,2858176.018469,171.2588,25556,
2026-03-26 20:00:00,171.24,171.7,171.24,171.41,1065469.351225,171.2526,1146,
2026-03-26 20:01:00,171.41,171.4348,171.25,171.26,508752.466873,171.2471,587,
2026-03-26 20:02:00,171.3,171.3,171.11,171.19,44339.180804,171.1931,722,
2026-03-26 20:03:00,171.19,171.24,171.11,171.24,32916.433032,171.175,510,
2026-03-26 20:04:00,171.11,171.18,171.1,171.11,41287.189438,171.117,704,
2026-03-26 20:05:00,171.121,171.17,171.09,171.1501,35609.036624,171.1363,403,
2026-03-26 20:06:00,171.16,171.24,171.15,171.2198,27644.696087,171.1851,361,
2026-03-26 20:07:00,171.21,171.22,171.13,171.2,22174.581988,171.1851,543,
2026-03-26 20:08:00,171.21,171.35,171.2,171.32,72385.961772,171.2692,388,
2026-03-26 20:09:00,171.3298,171.46,171.31,171.43,16895.064116,171.3817,399,
2026-03-26 20:10:00,171.43,171.53,171.39,171.51,16143.921421,171.4497,428,
2026-03-26 20:11:00,171.5382,172.45,171.45,172.2866,238639.165147,171.6748,1857,
2026-03-26 20:12:00,172.23,172.46,172.0,172.2001,114430.86659,172.2732,1729,
2026-03-26 20:13:00,172.29,172.32,172.06,172.19,58071.290294,172.2134,699,
2026-03-26 20:14:00,172.2,172.335,172.14,172.14,97352.843511,172.2172,1052,
2026-03-26 20:15:00,172.1,172.27,172.02,172.21,33737.587556,172.19,602,
2026-03-26 20:16:00,172.26,172.39,172.25,172.3,85376.723713,172.3294,644,
2026-03-26 20:17:00,172.3,172.38,172.2,172.23,44908.268169,172.2969,527,
2026-03-26 20:18:00,172.23,172.23,172.1,172.21,38089.417534,172.1783,440,
2026-03-26 20:19:00,172.18,172.2109,172.08,172.15,27347.254848,172.1463,427,
2026-03-26 20:20:00,172.12,172.25,172.11,172.2495,31007.656392,172.1834,350,
2026-03-26 20:21:00,172.25,172.34,172.2,172.2699,50008.557505,172.2911,429,
2026-03-26 20:22:00,172.27,172.38,172.27,172.37,43610.95093,172.3478,381,
2026-03-26 20:23:00,172.37,172.4622,172.36,172.4,51703.500777,172.4081,464,
2026-03-26 20:24:00,172.4,172.4,172.12,172.2,35008.553296,172.2896,555,
2026-03-26 20:25:00,172.16,172.2,171.8,171.86,53924.173976,172.0256,965,
2026-03-26 20:26:00,171.85,171.9785,171.24,171.7,595589.064257,171.2748,666,
2026-03-26 20:27:00,171.7,171.9995,171.7,171.97,12006.294066,171.8956,294,
2026-03-26 20:28:00,171.95,172.0279,171.9,172.0117,13132.233586,171.9694,273,
2026-03-26 20:29:00,172.03,172.2,172.02,172.2,19480.442709,172.1255,292,
2026-03-26 20:30:00,172.2025,172.22,172.1,172.15,12549.348692,172.1599,235,
2026-03-26 20:31:00,172.15,172.3067,172.13,172.2899,25037.702367,172.2266,295,
2026-03-26 20:32:00,172.26,172.31,172.21,172.31,24572.479577,172.2663,328,
2026-03-26 20:33:00,172.25,172.4,172.25,172.38,18540.317546,172.359,238,
2026-03-26 20:34:00,172.3,172.36,172.21,172.23,14491.303637,172.2728,265,
2026-03-26 20:35:00,172.21,172.35,172.21,172.35,12652.805947,172.2911,217,
2026-03-26 20:36:00,172.37,172.38,172.3,172.3,18991.829516,172.3586,255,
2026-03-26 20:37:00,172.3,172.4,172.2704,172.35,12645.748063,172.371,247,
2026-03-26 20:38:00,172.35,172.43,172.35,172.41,7605.411084,172.4003,209,
2026-03-26 20:39:00,172.43,172.53,172.41,172.5,54022.266929,172.4807,579,
2026-03-26 20:40:00,172.46,172.5,172.4,172.4,19683.174077,172.4398,283,
2026-03-26 20:41:00,172.42,172.48,172.34,172.39,15547.000522,172.4264,297,
2026-03-26 20:42:00,172.36,172.44,172.3052,172.3052,14408.300459,172.4001,276,
2026-03-26 20:43:00,172.3348,172.42,172.3,172.4,12669.265357,172.115,177,
2026-03-26 20:44:00,172.399,172.44,172.39,172.44,12903.23417,172.4204,187,
2026-03-26 20:45:00,172.41,172.53,172.41,172.5,14846.158444,172.4749,247,
2026-03-26 20:46:00,172.44,172.56,172.44,172.56,22533.170863,172.5131,243,
2026-03-26 20:47:00,172.5326,172.67,172.5,172.6583,22139.163419,172.5507,358,
2026-03-26 20:48:00,172.64,172.69,172.53,172.6,18786.221538,172.6251,353,
2026-03-26 20:49:00,172.56,172.6,172.52,172.54,13275.467127,172.4373,210,
2026-03-26 20:50:00,172.54,172.5799,172.47,172.52,25727.52519,172.5699,301,
2026-03-26 20:51:00,172.51,172.56,172.5,172.5,13871.029679,172.5244,202,
2026-03-26 20:52:00,172.5,172.51,172.4,172.4809,16443.99433,172.4701,327,
2026-03-26 20:53:00,172.47,172.49,172.33,172.33,13379.718488,172.4336,406,
2026-03-26 20:54:00,172.35,172.45,172.3,172.35,11114.738872,172.3679,277,
2026-03-26 20:55:00,172.32,172.4,172.3012,172.4,11473.578524,172.3141,198,
2026-03-26 20:56:00,172.37,172.4,172.33,172.33,6868.834436,172.3913,200,
2026-03-26 20:57:00,172.33,172.33,172.21,172.27,18348.362468,172.3263,486,
2026-03-26 20:58:00,172.25,172.2622,172.04,172.11,26763.875858,172.1629,442,
2026-03-26 20:59:00,172.11,172.16,172.08,172.1,14560.392229,172.1384,245,
2026-03-26 21:00:00,172.11,172.14,172.09,172.12,16799.207428,172.1183,262,
2026-03-26 21:01:00,172.12,172.18,172.12,172.18,10169.26877,172.3497,139,
2026-03-26 21:02:00,172.19,172.28,172.18,172.28,6713.978307,172.3865,137,
2026-03-26 21:03:00,172.2799,172.2799,172.23,172.23,7334.121229,172.2506,126,
2026-03-26 21:04:00,172.23,172.26,172.2001,172.22,4715.525266,172.2391,121,
2026-03-26 21:05:00,172.22,172.22,172.22,172.22,2606.658853,172.2636,61,
2026-03-26 21:06:00,172.23,172.25,172.22,172.22,1839.170608,172.1493,105,
2026-03-26 21:07:00,172.22,172.22,172.2,172.22,6145.65681,172.2334,132,
2026-03-26 21:08:00,172.21,172.28,172.21,172.28,5915.860012,172.268,127,
2026-03-26 21:09:00,172.28,172.28,172.21,172.27,6257.895179,172.2862,128,
2026-03-26 21:10:00,172.27,172.27,172.25,172.25,5611.417863,172.2521,132,
2026-03-26 21:11:00,172.27,172.27,172.21,172.26,10385.994411,172.264,191,
2026-03-26 21:12:00,172.22,172.34,172.22,172.31,13624.443662,172.171,157,
2026-03-26 21:13:00,172.33,172.38,172.28,172.36,6004.137869,172.3282,110,
2026-03-26 21:14:00,172.33,172.33,172.31,172.32,5836.001314,172.2981,122,
2026-03-26 21:15:00,172.32,172.38,172.3139,172.38,8871.082129,172.436,139,
2026-03-26 21:16:00,172.3799,172.38,172.37,172.379,4602.444476,172.3913,105,
2026-03-26 21:17:00,172.38,172.45,172.34,172.3999,9358.614299,172.4173,188,
2026-03-26 21:18:00,172.37,172.4,172.35,172.35,9246.231369,172.2054,169,
2026-03-26 21:19:00,172.33,172.4,172.33,172.3304,6839.094501,172.134,175,
2026-03-26 21:20:00,172.34,172.34,172.3,172.3,8296.129912,172.3017,186,
2026-03-26 21:21:00,172.3,172.41,172.29,172.3418,9488.572734,172.4341,193,
2026-03-26 21:22:00,172.4,172.5102,172.4,172.4909,17688.718863,172.0886,176,
2026-03-26 21:23:00,172.49,172.49,172.41,172.41,3412.712394,172.4805,152,
2026-03-26 21:24:00,172.42,172.45,172.4,172.4,2518.253961,172.2892,113,
2026-03-26 21:25:00,172.42,172.43,172.4,172.4299,8129.510513,172.4218,181,
2026-03-26 21:26:00,172.4299,172.43,172.4,172.43,8271.109971,172.4953,157,
2026-03-26 21:27:00,172.43,172.43,172.38,172.3894,5726.188826,172.409,165,
2026-03-26 21:28:00,172.361,172.361,172.36,172.3601,2499.453847,171.7285,117,
2026-03-26 21:29:00,172.37,172.41,172.36,172.36,3767.709581,172.4177,135,
2026-03-26 21:30:00,172.36,172.39,172.36,172.39,6295.832638,172.563,143,
2026-03-26 21:31:00,172.38,172.3996,172.38,172.38,3734.166399,172.3923,99,
2026-03-26 21:32:00,172.4,172.4,172.38,172.38,3035.259379,172.3977,133,
2026-03-26 21:33:00,172.38,172.39,172.35,172.35,4672.553936,172.6868,156,
2026-03-26 21:34:00,172.38,172.38,172.34,172.34,4117.140774,172.5728,109,
2026-03-26 21:35:00,172.34,172.39,172.34,172.3409,8733.284381,172.3669,131,
2026-03-26 21:36:00,172.34,172.37,172.34,172.364,4844.624404,172.3717,126,
2026-03-26 21:37:00,172.3402,172.37,172.34,172.37,3176.806133,172.2765,107,
2026-03-26 21:38:00,172.36,172.37,172.34,172.34,4069.162606,172.356,124,
2026-03-26 21:39:00,172.35,172.36,172.34,172.35,3278.299389,172.3696,139,
2026-03-26 21:40:00,172.35,172.36,172.35,172.36,1502.49608,172.411,83,
2026-03-26 21:41:00,172.36,172.39,172.34,172.38,3344.301606,172.3924,98,
2026-03-26 21:42:00,172.38,172.4,172.34,172.35,7296.994876,172.3813,223,
2026-03-26 21:43:00,172.32,172.36,172.32,172.36,4769.900611,172.3711,123,
2026-03-26 21:44:00,172.36,172.36,172.34,172.34,3406.119779,172.3581,82,
2026-03-26 21:45:00,172.3922,172.3922,172.3922,172.3922,497.84271,172.6677,63,
2026-03-26 21:46:00,172.36,172.36,172.33,172.34,4252.901356,172.3802,160,
2026-03-26 21:47:00,172.34,172.35,172.33,172.33,3493.96017,172.3881,195,
2026-03-26 21:48:00,172.33,172.34,172.31,172.31,2808.526791,172.3483,191,
2026-03-26 21:49:00,172.3198,172.34,172.31,172.3361,5943.59626,172.3321,118,
2026-03-26 21:50:00,172.34,172.34,172.29,172.3399,9163.838517,172.3327,167,
2026-03-26 21:51:00,172.29,172.32,172.25,172.25,6184.638647,172.3034,271,
2026-03-26 21:52:00,172.241,172.241,172.2,172.2174,5741.577737,172.2419,189,
2026-03-26 21:53:00,172.22,172.27,172.2008,172.26,3422.711689,172.2747,94,
2026-03-26 21:54:00,172.2599,172.26,172.25,172.26,2726.031727,172.2589,99,
2026-03-26 21:55:00,172.26,172.26,172.1,172.26,12227.840161,172.2269,351,
2026-03-26 21:56:00,172.27,172.27,172.25,172.26,5558.86535,172.2892,161,
2026-03-26 21:57:00,172.2599,172.27,172.24,172.25,8379.154391,172.2638,178,
2026-03-26 21:58:00,172.25,172.27,172.2,172.22,6631.685775,172.2514,185,
2026-03-26 21:59:00,172.22,172.24,172.17,172.2248,8082.931738,172.22,145,
2026-03-26 22:00:00,172.19,172.24,172.13,172.24,14878.063212,172.2116,252,
2026-03-26 22:01:00,172.13,172.2,172.12,172.1205,6702.575539,172.1696,166,
2026-03-26 22:02:00,172.1748,172.1748,172.13,172.15,5190.726067,172.1735,160,
2026-03-26 22:03:00,172.13,172.19,172.13,172.16,6898.200522,172.1736,134,
2026-03-26 22:04:00,172.19,172.27,172.18,172.26,34941.467452,172.25,242,
2026-03-26 22:05:00,172.25,172.26,172.21,172.24,5399.301611,172.2368,139,
2026-03-26 22:06:00,172.25,172.26,172.2287,172.23,4611.277602,172.2513,151,
2026-03-26 22:07:00,172.24,172.24,172.14,172.16,12415.743234,172.1877,264,
2026-03-26 22:08:00,172.18,172.2,172.17,172.17,2540.342812,172.2094,111,
2026-03-26 22:09:00,172.18,172.2,172.17,172.18,1536.718719,172.2634,129,
2026-03-26 22:10:00,172.2048,172.21,172.17,172.21,7446.869709,172.1994,135,
2026-03-26 22:11:00,172.2422,172.25,172.24,172.25,3267.854393,172.2902,124,
2026-03-26 22:12:00,172.22,172.28,172.22,172.26,19855.539869,172.2734,291,
2026-03-26 22:13:00,172.27,172.27,172.24,172.27,11173.582641,172.2712,187,
2026-03-26 22:14:00,172.2691,172.27,172.25,172.26,5769.654068,172.2841,141,
2026-03-26 22:15:00,172.27,172.27,172.26,172.27,13150.23194,172.2715,291,
2026-03-26 22:16:00,172.27,172.27,172.22,172.23,13182.570623,172.2487,243,
2026-03-26 22:17:00,172.249,172.25,172.23,172.25,4473.575698,172.2664,125,
2026-03-26 22:18:00,172.22,172.23,172.17,172.181,8463.845206,172.2238,227,
2026-03-26 22:19:00,172.2,172.2026,172.18,172.1999,6729.217199,172.2011,118,
2026-03-26 22:20:00,172.1726,172.2,172.17,172.18,10463.335605,172.1873,199,
2026-03-26 22:21:00,172.21,172.27,172.18,172.27,9218.005808,172.2501,95,
2026-03-26 22:22:00,172.2622,172.2622,172.23,172.24,3489.347163,172.2628,122,
2026-03-26 22:23:00,172.23,172.23,172.22,172.22,1832.71417,172.2941,103,
2026-03-26 22:24:00,172.23,172.24,172.2,172.24,9072.927504,172.2482,145,
2026-03-26 22:25:00,172.221,172.249,172.22,172.24,4520.513757,172.2463,108,
2026-03-26 22:26:00,172.21,172.21,172.1,172.1435,16824.186271,172.1487,504,
2026-03-26 22:27:00,172.131,172.18,172.11,172.1681,6060.799296,172.1806,96,
2026-03-26 22:28:00,172.16,172.21,172.16,172.2,6781.537259,172.2101,124,
2026-03-26 22:29:00,172.19,172.2,172.18,172.2,4856.815561,172.2194,123,
2026-03-26 22:30:00,172.19,172.25,172.19,172.25,7566.73024,172.226,93,
2026-03-26 22:31:00,172.2139,172.2399,172.21,172.2249,7670.648189,172.2433,87,
2026-03-26 22:32:00,172.22,172.25,172.18,172.249,5465.04207,172.2177,164,
2026-03-26 22:33:00,172.23,172.27,172.22,172.27,12843.591513,172.2557,118,
2026-03-26 22:34:00,172.25,172.2661,172.24,172.24,4043.531606,172.2755,150,
2026-03-26 22:35:00,172.231,172.25,172.2239,172.2239,2308.927907,172.3067,124,
2026-03-26 22:36:00,172.22,172.23,172.2,172.2,4545.708386,172.2472,129,
2026-03-26 22:37:00,172.18,172.22,172.18,172.22,1476.054048,172.2146,102,
2026-03-26 22:38:00,172.22,172.24,172.2,172.2,10391.258989,172.2283,106,
2026-03-26 22:39:00,172.2435,172.25,172.24,172.24,1942.290457,172.2693,92,
2026-03-26 22:40:00,172.22,172.27,172.22,172.27,10207.574005,172.2668,146,
2026-03-26 22:41:00,172.27,172.27,172.26,172.26,7429.117184,172.2698,176,
2026-03-26 22:42:00,172.26,172.27,172.25,172.2597,3493.068375,172.2613,158,
2026-03-26 22:43:00,172.23,172.25,172.23,172.25,2007.968576,172.3228,88,
2026-03-26 22:44:00,172.25,172.2599,172.2001,172.2001,1770.518857,172.2872,86,
2026-03-26 22:45:00,172.2361,172.2395,172.2361,172.2395,846.858726,172.4082,86,
2026-03-26 22:46:00,172.21,172.22,172.2,172.22,1677.363168,172.2538,101,
2026-03-26 22:47:00,172.22,172.22,172.18,172.2,8687.477192,172.2069,226,
2026-03-26 22:48:00,172.1801,172.19,172.18,172.18,2956.019564,172.1866,101,
2026-03-26 22:49:00,172.19,172.23,172.19,172.2201,6883.24813,172.212,112,
2026-03-26 22:50:00,172.24,172.26,172.23,172.26,4866.191968,172.2503,87,
2026-03-26 22:51:00,172.2698,172.27,172.26,172.26,2229.231991,172.2789,91,
2026-03-26 22:52:00,172.27,172.27,172.2503,172.27,4229.422757,172.2806,148,
2026-03-26 22:53:00,172.27,172.27,172.2402,172.2402,2593.336864,172.2792,133,
2026-03-26 22:54:00,172.24,172.26,172.24,172.26,1750.821096,172.3252,111,
2026-03-26 22:55:00,172.211,172.2597,172.21,172.25,6120.278659,172.2556,101,
2026-03-26 22:56:00,172.26,172.27,172.26,172.27,5143.841285,172.2882,109,
2026-03-26 22:57:00,172.26,172.26,172.23,172.23,2081.80365,172.3054,109,
2026-03-26 22:58:00,172.2461,172.2499,172.22,172.22,3962.971337,172.2664,118,
2026-03-26 22:59:00,172.23,172.23,172.18,172.23,6488.407043,172.2052,230,
2026-03-26 23:00:00,172.24,172.24,172.24,172.24,772.67428,172.3787,67,
2026-03-26 23:01:00,172.2161,172.22,172.2,172.2,5692.011611,172.2108,78,
2026-03-26 23:02:00,172.2,172.2,172.18,172.2,5413.614504,172.2033,113,
2026-03-26 23:03:00,172.1803,172.1803,172.1785,172.1799,1240.19218,172.2069,72,
2026-03-26 23:04:00,172.18,172.18,172.16,172.17,1791.010221,172.1735,96,
2026-03-26 23:05:00,172.1699,172.17,172.1613,172.1698,2528.242735,172.1831,83,
2026-03-26 23:06:00,172.17,172.18,172.13,172.13,5918.721349,172.1787,160,
2026-03-26 23:07:00,172.16,172.16,172.13,172.14,3820.040992,172.1426,100,
2026-03-26 23:08:00,172.18,172.18,172.17,172.1785,1617.969099,172.2735,85,
2026-03-26 23:09:00,172.17,172.17,172.14,172.15,5238.626982,172.1704,130,
2026-03-26 23:10:00,172.16,172.16,172.1,172.1,8480.057996,172.1303,166,
2026-03-26 23:11:00,172.1,172.15,172.1,172.1348,5832.427408,172.137,118,
2026-03-26 23:12:00,172.111,172.14,172.111,172.14,1506.82818,172.2227,64,
2026-03-26 23:13:00,172.1374,172.1374,172.12,172.13,3344.505054,172.1533,75,
2026-03-26 23:14:00,172.13,172.1848,172.1,172.1848,7346.683419,172.1551,78,
2026-03-26 23:15:00,172.1512,172.2,172.15,172.16,4405.39036,172.1794,91,
2026-03-26 23:16:00,172.1699,172.18,172.1699,172.18,4942.145009,172.1818,64,
2026-03-26 23:17:00,172.18,172.2,172.18,172.2,3171.337063,172.2146,62,
2026-03-26 23:18:00,172.1996,172.2,172.17,172.2,10207.618713,172.1965,93,
2026-03-26 23:19:00,172.2,172.21,172.17,172.17,1090.872371,172.3379,63,
2026-03-26 23:20:00,172.2,172.22,172.2,172.2172,5921.118217,172.2123,98,
2026-03-26 23:21:00,172.1992,172.1992,172.1956,172.1956,1705.362216,172.2239,111,
2026-03-26 23:22:00,172.1959,172.1959,172.1,172.15,7195.101777,172.148,184,
2026-03-26 23:23:00,172.14,172.18,172.08,172.12,2041.559293,172.1649,84,
2026-03-26 23:24:00,172.12,172.1248,172.12,172.1248,1238.373349,172.1739,75,
2026-03-26 23:25:00,172.13,172.13,172.1,172.13,1659.514004,172.1671,70,
2026-03-26 23:26:00,172.18,172.18,172.13,172.14,2501.60904,172.1885,58,
2026-03-26 23:27:00,172.14,172.15,172.14,172.14,4041.919752,172.1869,89,
2026-03-26 23:28:00,172.12,172.1488,172.09,172.14,8277.852172,172.1262,174,
2026-03-26 23:29:00,172.12,172.15,172.11,172.14,2562.910656,172.1974,102,
2026-03-26 23:30:00,172.1795,172.19,172.1795,172.19,3612.13981,172.1885,87,
2026-03-26 23:31:00,172.171,172.24,172.171,172.23,7724.513072,172.2282,88,
2026-03-26 23:32:00,172.2,172.24,172.2,172.2399,4116.33677,172.2426,73,
2026-03-26 23:33:00,172.23,172.2394,172.21,172.21,2367.78269,172.283,92,
2026-03-26 23:34:00,172.21,172.24,172.21,172.21,4793.361032,172.236,84,
2026-03-26 23:35:00,172.23,172.24,172.22,172.24,7109.492095,172.2482,85,
2026-03-26 23:36:00,172.24,172.24,172.24,172.24,3780.150697,172.2465,92,
2026-03-26 23:37:00,172.24,172.25,172.23,172.24,11241.61451,172.25,114,
2026-03-26 23:38:00,172.24,172.25,172.24,172.2401,5527.755497,172.2709,90,
2026-03-26 23:39:00,172.25,172.25,172.24,172.2413,11756.56294,172.256,71,
2026-03-26 23:40:00,172.2413,172.26,172.24,172.25,13846.313127,172.2518,117,
2026-03-26 23:41:00,172.25,172.27,172.24,172.27,6603.217646,172.2683,91,
2026-03-26 23:42:00,172.27,172.27,172.25,172.25,7666.943414,172.283,101,
2026-03-26 23:43:00,172.2587,172.26,172.21,172.21,13799.455546,172.2522,154,
2026-03-26 23:44:00,172.21,172.27,172.21,172.2601,8138.082321,172.2383,123,
2026-03-26 23:45:00,172.25,172.25,172.24,172.25,7672.403416,172.2586,63,
2026-03-26 23:46:00,172.27,172.27,172.26,172.2687,3045.962063,172.3208,82,
2026-03-26 23:47:00,172.269,172.27,172.26,172.2699,14508.95733,172.2785,133,
2026-03-26 23:48:00,172.2697,172.27,172.2513,172.2513,6048.262246,172.2685,96,
2026-03-26 23:49:00,172.25,172.26,172.25,172.25,7641.431506,172.2639,84,
2026-03-26 23:50:00,172.26,172.27,172.25,172.25,14404.616158,172.2713,124,
2026-03-26 23:51:00,172.25,172.25,172.2213,172.2213,8931.481734,172.2451,147,
2026-03-26 23:52:00,172.23,172.25,172.22,172.25,5452.027968,172.2353,81,
2026-03-26 23:53:00,172.2499,172.27,172.24,172.27,5329.552287,172.277,91,
2026-03-26 23:54:00,172.26,172.27,172.26,172.27,7557.924678,172.2853,84,
2026-03-26 23:55:00,172.26,172.27,172.26,172.2621,6249.131064,172.2674,96,
2026-03-26 23:56:00,172.26,172.27,172.2505,172.26,7160.193769,172.2661,87,
2026-03-26 23:57:00,172.27,172.27,172.23,172.25,11653.241421,172.255,143,
2026-03-26 23:58:00,172.2502,172.27,172.25,172.2698,6717.949451,172.291,138,
2026-03-26 23:59:00,172.27,172.27,172.24,172.27,24797.255449,172.2674,171,
2026-03-27 08:00:00,172.7,173.0,172.5,172.9,8442.0,172.7898,276,
2026-03-27 08:01:00,173.0,173.05,172.93,172.98,5113.0,172.9953,147,
2026-03-27 08:02:00,173.0,173.0,172.79,172.79,5343.0,172.864,124,
2026-03-27 08:03:00,172.7,172.79,172.59,172.78,3525.0,172.6903,113,
2026-03-27 08:04:00,172.83,172.83,172.79,172.79,1718.0,172.8069,56,
2026-03-27 08:05:00,172.74,172.74,172.44,172.44,7281.0,172.5998,247,
2026-03-27 08:06:00,172.63,172.7,172.6,172.7,3128.0,172.6606,75,
2026-03-27 08:08:00,172.62,172.63,172.45,172.5,20122.0,172.5645,243,
2026-03-27 08:09:00,172.43,172.5,172.35,172.5,10991.0,172.4168,169,
2026-03-27 08:10:00,172.61,172.61,172.45,172.46,7925.0,172.5117,78,
2026-03-27 08:11:00,172.46,172.54,172.43,172.54,8660.0,172.4837,239,
2026-03-27 08:12:00,172.56,172.6,172.48,172.49,4376.0,172.5365,99,
2026-03-27 08:13:00,172.58,172.72,172.58,172.65,5788.0,172.6632,81,
2026-03-27 08:14:00,172.56,172.59,172.56,172.56,3026.0,172.5862,69,
2026-03-27 08:15:00,172.56,172.64,172.51,172.64,4758.0,172.5629,79,
2026-03-27 08:16:00,172.61,172.61,172.26,172.27,19478.0,172.4355,441,
2026-03-27 08:17:00,172.39,172.5,172.29,172.29,7209.0,172.3911,140,
2026-03-27 08:18:00,172.3,172.32,172.18,172.25,13045.0,172.2461,243,
2026-03-27 08:19:00,172.29,172.36,172.25,172.28,3454.0,172.2957,89,
2026-03-27 08:20:00,172.25,172.25,172.15,172.15,4134.0,172.2226,98,
2026-03-27 08:21:00,172.25,172.43,172.25,172.43,4509.0,172.3339,102,
2026-03-27 08:22:00,172.32,172.32,172.25,172.3,3545.0,172.3021,117,
2026-03-27 08:23:00,172.18,172.2,172.18,172.18,2579.0,172.1961,127,
2026-03-27 08:24:00,172.15,172.16,172.0,172.05,7240.0,172.0879,214,
2026-03-27 08:25:00,172.06,172.07,171.9,172.06,24045.0,171.9847,776,
2026-03-27 08:26:00,172.03,172.03,171.95,171.95,1685.0,171.9977,71,
2026-03-27 08:27:00,171.94,172.1,171.9,172.1,4544.0,171.9723,120,
2026-03-27 08:28:00,172.0,172.0,171.92,171.95,11452.0,171.9818,164,
2026-03-27 08:29:00,171.975,171.98,171.95,171.975,6146.0,171.9592,80,
2026-03-27 08:30:00,172.0,172.16,171.99,172.16,11183.0,172.0821,188,
2026-03-27 08:31:00,172.08,172.16,172.08,172.11,1364.0,172.0981,58,
2026-03-27 08:32:00,172.09,172.24,172.08,172.24,3961.0,172.1383,69,
2026-03-27 08:33:00,172.23,172.31,172.19,172.19,9471.0,172.266,128,
2026-03-27 08:34:00,172.23,172.23,172.14,172.14,2190.0,172.1854,55,
2026-03-27 08:35:00,172.19,172.23,172.0,172.0,3794.0,172.0877,153,
2026-03-27 08:36:00,171.9,171.9,171.8,171.82,5182.0,171.8577,206,
2026-03-27 08:37:00,172.0,172.05,171.92,171.92,8039.0,171.9934,82,
2026-03-27 08:38:00,171.98,172.0,171.98,172.0,1644.0,171.9864,43,
2026-03-27 08:39:00,171.94,171.94,171.8,171.8,3755.0,171.8733,99,
2026-03-27 08:40:00,171.9,171.91,171.81,171.9,1996.0,171.8556,45,
2026-03-27 08:41:00,171.91,172.08,171.91,172.08,3537.0,171.996,62,
2026-03-27 08:42:00,172.09,172.09,172.09,172.09,2500.0,172.088,50,
2026-03-27 08:43:00,172.14,172.19,171.96,172.04,7424.0,172.1015,193,
2026-03-27 08:44:00,172.08,172.22,172.07,172.22,5892.0,172.1566,69,
2026-03-27 08:45:00,172.3,172.35,172.3,172.35,1788.0,172.3267,39,
2026-03-27 08:46:00,172.35,172.35,172.25,172.28,4555.0,172.3155,91,
2026-03-27 08:47:00,172.2,172.24,172.16,172.16,3020.0,172.1992,91,
2026-03-27 08:48:00,172.16,172.24,172.16,172.24,2100.0,172.2019,44,
2026-03-27 08:49:00,172.27,172.31,172.16,172.16,4070.0,172.2366,74,
2026-03-27 08:50:00,172.22,172.35,172.2,172.35,2801.0,172.2798,58,
2026-03-27 08:51:00,172.35,172.35,172.285,172.31,2261.0,172.3207,52,
2026-03-27 08:52:00,172.2,172.2,172.16,172.16,7833.0,172.1672,121,
2026-03-27 08:53:00,172.16,172.16,172.07,172.07,2593.0,172.1225,47,
2026-03-27 08:54:00,172.07,172.09,172.05,172.08,3803.0,172.066,63,
2026-03-27 08:55:00,172.13,172.13,172.0,172.0,5722.0,172.0501,155,
2026-03-27 08:56:00,171.98,171.98,171.85,171.85,6556.0,171.9073,141,
2026-03-27 08:57:00,171.83,172.0,171.83,172.0,4090.0,171.9037,61,
2026-03-27 08:58:00,172.0,172.01,171.94,171.94,2064.0,171.9836,51,
2026-03-27 08:59:00,172.01,172.01,171.96,171.96,2351.0,171.9884,99,
2026-03-27 09:00:00,171.98,172.08,171.98,172.08,1016.0,172.0094,28,
2026-03-27 09:01:00,171.98,171.98,171.93,171.93,1790.0,171.9807,100,
2026-03-27 09:02:00,172.0,172.0,171.88,171.93,3251.0,171.9236,109,
2026-03-27 09:03:00,171.97,171.97,171.97,171.97,500.0,171.9638,18,
2026-03-27 09:04:00,171.9,171.9,171.7,171.7,11329.0,171.8014,297,
2026-03-27 09:05:00,171.65,171.7,171.56,171.62,6783.0,171.6244,154,
2026-03-27 09:06:00,171.62,171.62,171.46,171.52,12173.0,171.5283,326,
2026-03-27 09:07:00,171.54,171.63,171.41,171.455,12921.0,171.5251,240,
2026-03-27 09:08:00,171.43,171.59,171.43,171.47,4564.0,171.5048,143,
2026-03-27 09:09:00,171.46,171.46,171.33,171.33,6333.0,171.389,170,
2026-03-27 09:10:00,171.35,171.4,171.3,171.32,8392.0,171.3274,205,
2026-03-27 09:11:00,171.33,171.39,171.3,171.36,5376.0,171.3374,118,
2026-03-27 09:12:00,171.38,171.52,171.37,171.52,6998.0,171.4781,129,
2026-03-27 09:13:00,171.57,171.67,171.55,171.67,2288.0,171.5724,52,
2026-03-27 09:14:00,171.7,171.76,171.625,171.625,4792.0,171.7031,115,
2026-03-27 09:15:00,171.55,171.65,171.55,171.65,1804.0,171.6307,60,
2026-03-27 09:16:00,171.65,171.65,171.6,171.62,1958.0,171.6386,75,
2026-03-27 09:17:00,171.59,171.59,171.44,171.57,7288.0,171.5369,166,
2026-03-27 09:18:00,171.51,171.55,171.49,171.55,2066.0,171.5268,49,
2026-03-27 09:19:00,171.6,171.79,171.6,171.79,1684.0,171.6962,67,
2026-03-27 09:20:00,171.7,171.7,171.63,171.63,688.0,171.6849,40,
2026-03-27 09:21:00,171.8,171.8,171.79,171.8,1585.0,171.7808,45,
2026-03-27 09:22:00,171.85,171.85,171.8,171.82,2813.0,171.8084,62,
2026-03-27 09:23:00,171.75,171.75,171.62,171.62,1702.0,171.6779,75,
2026-03-27 09:24:00,171.67,171.74,171.67,171.68,1449.0,171.6903,40,
2026-03-27 09:25:00,171.73,171.82,171.73,171.82,3046.0,171.7987,62,
2026-03-27 09:26:00,171.85,172.05,171.81,172.05,7216.0,171.9374,124,
2026-03-27 09:27:00,172.06,172.06,171.9,171.9,3065.0,171.9834,83,
2026-03-27 09:28:00,171.87,171.89,171.83,171.83,870.0,171.8737,38,
2026-03-27 09:29:00,171.95,172.05,171.95,171.96,5869.0,171.9842,114,
2026-03-27 09:30:00,171.96,171.96,171.86,171.86,2545.0,171.8967,83,
2026-03-27 09:31:00,171.81,171.91,171.8,171.84,2188.0,171.8434,71,
2026-03-27 09:32:00,171.87,172.02,171.87,172.0,6936.0,171.9875,97,
2026-03-27 09:33:00,171.95,172.0,171.91,171.94,8067.0,171.9707,113,
2026-03-27 09:34:00,171.92,171.92,171.91,171.91,1854.0,171.9094,40,
2026-03-27 09:35:00,171.89,171.89,171.79,171.8,1863.0,171.8269,67,
2026-03-27 09:36:00,171.72,171.81,171.72,171.81,1355.0,171.7871,44,
2026-03-27 09:37:00,171.82,171.84,171.8,171.8,837.0,171.8224,39,
2026-03-27 09:38:00,171.83,171.83,171.775,171.79,2348.0,171.7966,61,
2026-03-27 09:39:00,171.83,171.83,171.75,171.78,1706.0,171.7823,56,
2026-03-27 09:40:00,171.75,171.77,171.7,171.73,9668.0,171.7091,163,
2026-03-27 09:41:00,171.74,171.81,171.725,171.81,2456.0,171.7728,77,
2026-03-27 09:42:00,171.88,171.95,171.87,171.95,6315.0,171.9003,79,
2026-03-27 09:43:00,171.88,171.95,171.88,171.89,3035.0,171.8968,90,
2026-03-27 09:44:00,171.89,171.97,171.89,171.94,2564.0,171.9396,31,
2026-03-27 09:45:00,171.94,171.94,171.74,171.74,4308.0,171.858,113,
2026-03-27 09:46:00,171.75,171.77,171.68,171.77,8543.0,171.7101,86,
2026-03-27 09:47:00,171.715,171.715,171.67,171.67,1016.0,171.6883,40,
2026-03-27 09:48:00,171.61,171.61,171.54,171.54,2951.0,171.5696,94,
2026-03-27 09:49:00,171.54,171.54,171.5,171.505,4069.0,171.5108,148,
2026-03-27 09:50:00,171.575,171.67,171.54,171.645,5380.0,171.5975,72,
2026-03-27 09:51:00,171.59,171.59,171.52,171.52,4163.0,171.5579,71,
2026-03-27 09:52:00,171.63,171.7,171.57,171.6,5246.0,171.6536,83,
2026-03-27 09:53:00,171.63,171.63,171.55,171.55,4537.0,171.5849,56,
2026-03-27 09:54:00,171.6,171.645,171.6,171.62,2573.0,171.6222,57,
2026-03-27 09:55:00,171.63,171.67,171.63,171.65,1821.0,171.6519,47,
2026-03-27 09:57:00,171.72,171.75,171.72,171.73,2265.0,171.7369,45,
2026-03-27 09:58:00,171.73,171.75,171.68,171.68,2966.0,171.7176,69,
2026-03-27 09:59:00,171.73,171.75,171.525,171.54,20330.0,171.6792,223,
2026-03-27 10:00:00,171.55,171.57,171.49,171.49,8084.0,171.5089,127,
2026-03-27 10:01:00,171.45,171.52,171.4,171.51,5068.0,171.4521,91,
2026-03-27 10:02:00,171.51,171.54,171.45,171.49,3021.0,171.5148,92,
2026-03-27 10:03:00,171.63,171.67,171.6,171.6,2166.0,171.635,42,
2026-03-27 10:04:00,171.61,171.61,171.61,171.61,518.0,171.5916,25,
2026-03-27 10:05:00,171.59,171.65,171.59,171.65,299.0,171.6145,16,
2026-03-27 10:06:00,171.66,171.79,171.66,171.68,4416.0,171.7261,96,
2026-03-27 10:07:00,171.7,171.83,171.7,171.79,3270.0,171.7921,69,
2026-03-27 10:08:00,171.79,171.93,171.78,171.86,8225.0,171.8817,130,
2026-03-27 10:09:00,171.89,171.89,171.76,171.8,4421.0,171.8342,93,
2026-03-27 10:10:00,171.77,171.78,171.75,171.75,2027.0,171.7647,49,
2026-03-27 10:11:00,171.79,171.79,171.61,171.61,5264.0,171.7091,118,
2026-03-27 10:12:00,171.6,171.64,171.6,171.6,6133.0,171.6038,176,
2026-03-27 10:13:00,171.55,171.58,171.51,171.52,5513.0,171.5398,119,
2026-03-27 10:14:00,171.55,171.6,171.54,171.6,1709.0,171.5646,49,
2026-03-27 10:15:00,171.6,171.62,171.58,171.6,1141.0,171.5951,47,
2026-03-27 10:16:00,171.57,171.61,171.55,171.61,3004.0,171.5637,52,
2026-03-27 10:17:00,171.63,171.73,171.63,171.65,2731.0,171.6808,69,
2026-03-27 10:18:00,171.68,171.68,171.62,171.64,1866.0,171.6491,38,
2026-03-27 10:20:00,171.6,171.6,171.49,171.54,4131.0,171.5255,160,
2026-03-27 10:21:00,171.57,171.57,171.54,171.56,723.0,171.5541,17,
2026-03-27 10:22:00,171.54,171.56,171.5,171.55,7622.0,171.5467,91,
2026-03-27 10:23:00,171.56,171.59,171.56,171.59,1660.0,171.5792,46,
2026-03-27 10:24:00,171.69,171.71,171.61,171.61,2642.0,171.6542,84,
2026-03-27 10:26:00,171.63,171.78,171.63,171.78,2954.0,171.7116,73,
2026-03-27 10:27:00,171.75,171.75,171.75,171.75,1237.0,171.7282,40,
2026-03-27 10:28:00,171.67,171.68,171.67,171.68,2038.0,171.6698,89,
2026-03-27 10:29:00,171.7,171.7,171.66,171.66,1829.0,171.6872,56,
2026-03-27 10:30:00,171.66,171.67,171.66,171.67,593.0,171.6737,30,
2026-03-27 10:31:00,171.72,171.72,171.61,171.61,4955.0,171.6427,73,
2026-03-27 10:32:00,171.62,171.62,171.51,171.54,8689.0,171.5601,172,
2026-03-27 10:33:00,171.53,171.56,171.5,171.5,6034.0,171.5139,140,
2026-03-27 10:34:00,171.46,171.52,171.45,171.52,2943.0,171.4832,57,
2026-03-27 10:35:00,171.54,171.54,171.31,171.36,8940.0,171.3933,296,
2026-03-27 10:36:00,171.37,171.37,171.31,171.34,5019.0,171.3526,87,
2026-03-27 10:37:00,171.31,171.34,171.3,171.31,5737.0,171.3114,141,
2026-03-27 10:38:00,171.32,171.33,171.16,171.19,16951.0,171.2447,586,
2026-03-27 10:39:00,171.22,171.22,171.1,171.1,14172.0,171.1223,345,
2026-03-27 10:40:00,171.13,171.14,171.01,171.05,10991.0,171.0439,254,
2026-03-27 10:41:00,171.03,171.08,171.02,171.05,6010.0,171.0531,88,
2026-03-27 10:42:00,171.05,171.3,171.0,171.3,15175.0,171.0887,199,
2026-03-27 10:43:00,171.26,171.35,171.21,171.35,7731.0,171.2954,156,
2026-03-27 10:44:00,171.37,171.37,171.28,171.28,4489.0,171.3254,80,
2026-03-27 10:45:00,171.23,171.27,171.1,171.15,5464.0,171.1775,117,
2026-03-27 10:46:00,171.13,171.25,171.09,171.19,20191.0,171.1748,194,
2026-03-27 10:47:00,171.24,171.25,171.19,171.25,2120.0,171.2337,44,
2026-03-27 10:48:00,171.26,171.26,171.04,171.065,3918.0,171.1421,126,
2026-03-27 10:49:00,171.12,171.12,171.04,171.11,4565.0,171.0922,106,
2026-03-27 10:50:00,171.1,171.13,171.08,171.13,5733.0,171.1129,140,
2026-03-27 10:51:00,171.135,171.135,171.04,171.12,8366.0,171.0929,132,
2026-03-27 10:52:00,171.15,171.16,171.15,171.16,1574.0,171.1561,52,
2026-03-27 10:53:00,171.12,171.29,171.12,171.26,3919.0,171.2178,114,
2026-03-27 10:54:00,171.24,171.3,171.24,171.26,4972.0,171.2645,139,
2026-03-27 10:55:00,171.26,171.26,171.01,171.05,12712.0,171.1025,266,
2026-03-27 10:56:00,171.07,171.07,171.01,171.06,5936.0,171.0566,102,
2026-03-27 10:57:00,171.08,171.08,170.9,170.91,46343.0,170.9766,1560,
2026-03-27 10:58:00,170.81,170.91,170.73,170.91,23394.0,170.8261,445,
2026-03-27 10:59:00,170.86,171.0,170.86,170.98,13589.0,170.9406,150,
2026-03-27 11:00:00,171.08,171.5,170.7,170.8,146423.0,171.1233,2487,
2026-03-27 11:01:00,170.8,170.87,170.7,170.73,43305.0,170.7695,646,
2026-03-27 11:02:00,170.72,170.96,170.7,170.92,12602.0,170.8625,252,
2026-03-27 11:03:00,170.9,170.97,170.84,170.88,21083.0,170.912,301,
2026-03-27 11:04:00,170.94,171.0,170.93,170.93,5571.0,170.9699,136,
2026-03-27 11:05:00,170.845,170.86,170.71,170.74,9828.0,170.7936,262,
2026-03-27 11:06:00,170.73,170.81,170.73,170.8,10978.0,170.7814,152,
2026-03-27 11:07:00,170.77,170.77,170.7,170.7,8369.0,170.7181,224,
2026-03-27 11:08:00,170.7,170.86,170.7,170.8,15504.0,170.7751,335,
2026-03-27 11:09:00,170.82,170.88,170.75,170.75,12371.0,170.796,189,
2026-03-27 11:10:00,170.75,170.88,170.7,170.87,8449.0,170.7796,199,
2026-03-27 11:11:00,170.84,170.88,170.75,170.75,3771.0,170.8236,97,
2026-03-27 11:12:00,170.72,170.73,170.6,170.6,15977.0,170.6791,421,
2026-03-27 11:13:00,170.63,170.88,170.63,170.76,21340.0,170.7388,248,
2026-03-27 11:14:00,170.82,170.82,170.76,170.76,2499.0,170.7974,90,
2026-03-27 11:15:00,170.78,170.97,170.78,170.905,7645.0,170.8727,172,
2026-03-27 11:16:00,170.94,170.99,170.92,170.99,3097.0,170.9515,79,
2026-03-27 11:17:00,170.96,170.96,170.84,170.84,6092.0,170.9117,155,
2026-03-27 11:18:00,170.84,170.85,170.77,170.85,5126.0,170.8323,73,
2026-03-27 11:19:00,170.87,170.9,170.75,170.9,14487.0,170.8222,232,
2026-03-27 11:20:00,170.9,171.06,170.85,171.06,15100.0,170.942,237,
2026-03-27 11:21:00,171.02,171.17,170.985,171.17,14945.0,171.086,202,
2026-03-27 11:22:00,171.12,171.12,171.01,171.03,11551.0,171.0591,183,
2026-03-27 11:23:00,171.06,171.06,171.04,171.05,811.0,171.0486,39,
2026-03-27 11:24:00,171.0,171.18,170.99,171.1,12849.0,171.0884,163,
2026-03-27 11:25:00,171.05,171.1,171.02,171.1,12886.0,171.0671,146,
2026-03-27 11:26:00,171.09,171.24,170.99,171.19,31508.0,171.1004,327,
2026-03-27 11:27:00,171.15,171.33,171.15,171.24,6107.0,171.2401,149,
2026-03-27 11:28:00,171.245,171.27,171.24,171.265,2149.0,171.2539,63,
2026-03-27 11:29:00,171.31,171.35,171.3,171.3,6402.0,171.3333,98,
2026-03-27 11:30:00,171.34,171.4,171.32,171.35,8672.0,171.3457,172,
2026-03-27 11:31:00,171.34,171.37,171.17,171.17,8166.0,171.3007,230,
2026-03-27 11:32:00,171.13,171.21,171.13,171.15,3941.0,171.1706,90,
2026-03-27 11:33:00,171.16,171.175,171.1,171.16,4642.0,171.1472,116,
2026-03-27 11:34:00,171.06,171.1,171.0,171.1,5859.0,171.0326,182,
2026-03-27 11:35:00,171.085,171.11,171.02,171.02,4008.0,171.0786,100,
2026-03-27 11:36:00,171.05,171.11,171.02,171.07,3130.0,171.0499,80,
2026-03-27 11:37:00,171.09,171.12,171.08,171.08,5147.0,171.1044,81,
2026-03-27 11:38:00,171.09,171.12,171.085,171.12,5774.0,171.1004,71,
2026-03-27 11:39:00,171.1,171.11,171.07,171.07,5759.0,171.0975,76,
2026-03-27 11:40:00,171.06,171.12,171.04,171.07,28722.0,171.0638,167,
2026-03-27 11:41:00,171.09,171.12,171.08,171.08,3172.0,171.1075,73,
2026-03-27 11:42:00,171.08,171.08,171.08,171.08,1288.0,171.0691,61,
2026-03-27 11:43:00,171.01,171.05,170.94,171.03,21424.0,170.9991,331,
2026-03-27 11:44:00,171.0,171.1,171.0,171.04,7087.0,171.0482,107,
2026-03-27 11:45:00,171.03,171.1,171.03,171.04,2347.0,171.065,60,
2026-03-27 11:46:00,171.07,171.12,171.07,171.12,5458.0,171.1061,79,
2026-03-27 11:47:00,171.07,171.095,171.05,171.06,7664.0,171.0761,84,
2026-03-27 11:48:00,171.085,171.18,171.06,171.17,26884.0,171.1184,229,
2026-03-27 11:49:00,171.17,171.21,171.11,171.21,13572.0,171.1618,155,
2026-03-27 11:50:00,171.25,171.315,171.25,171.26,6036.0,171.2715,148,
2026-03-27 11:51:00,171.25,171.25,171.2,171.215,5784.0,171.2278,120,
2026-03-27 11:52:00,171.21,171.22,171.175,171.185,3980.0,171.1946,105,
2026-03-27 11:53:00,171.18,171.18,171.05,171.1,7524.0,171.114,157,
2026-03-27 11:54:00,171.095,171.27,171.095,171.26,4310.0,171.2106,95,
2026-03-27 11:55:00,171.26,171.28,171.2,171.27,4325.0,171.2445,63,
2026-03-27 11:56:00,171.27,171.27,171.21,171.26,8198.0,171.2489,135,
2026-03-27 11:57:00,171.25,171.3,171.25,171.28,3478.0,171.2834,63,
2026-03-27 11:58:00,171.27,171.29,171.08,171.21,14693.0,171.1905,264,
2026-03-27 11:59:00,171.17,171.18,171.16,171.16,2086.0,171.1824,104,
2026-03-27 12:00:00,171.39,173.0,170.6,172.82,478376.408717,171.2968,9506,
2026-03-27 12:01:00,172.84,173.79,171.32,171.37,423736.921409,172.9643,13111,
2026-03-27 12:02:00,171.8097,171.8097,170.99,171.3,25140.704962,171.3711,376,
2026-03-27 12:03:00,171.3,171.4,171.23,171.4,22200.844992,171.3081,349,
2026-03-27 12:04:00,171.39,173.66,171.35,171.49,32956.592356,172.3231,754,
2026-03-27 12:05:00,171.49,171.49,171.07,171.12,23511.141617,171.2338,504,
2026-03-27 12:06:00,171.12,171.24,171.12,171.18,11509.508762,171.2056,188,
2026-03-27 12:07:00,171.18,171.31,171.18,171.27,9682.438841,171.2511,119,
2026-03-27 12:08:00,171.2708,171.45,171.23,171.26,28054.542584,171.3601,379,
2026-03-27 12:09:00,171.255,171.3609,171.2217,171.3005,10051.87798,171.3025,141,
2026-03-27 12:10:00,171.34,171.4,171.3,171.3691,11871.325868,171.357,191,
2026-03-27 12:11:00,171.36,171.7,171.36,171.6099,22778.936905,171.5331,348,
2026-03-27 12:12:00,171.63,171.68,171.6,171.6326,12164.932523,171.6501,196,
2026-03-27 12:13:00,171.65,171.69,171.55,171.61,16489.007301,171.6382,213,
2026-03-27 12:14:00,171.63,171.65,171.6,171.6238,12575.854166,171.6453,189,
2026-03-27 12:15:00,171.6201,171.7691,171.6002,171.74,18082.008433,171.6708,213,
2026-03-27 12:16:00,171.75,171.88,171.75,171.7916,28824.558073,171.7966,392,
2026-03-27 12:17:00,171.79,171.7904,171.68,171.7904,12117.481713,171.736,208,
2026-03-27 12:18:00,171.8,171.87,171.79,171.87,15482.892517,171.8247,286,
2026-03-27 12:19:00,171.8748,171.8748,171.72,171.72,14707.73895,171.8123,233,
2026-03-27 12:20:00,171.7,171.72,171.62,171.62,14489.322791,171.692,249,
2026-03-27 12:21:00,171.63,171.72,171.63,171.7,18019.868543,171.697,166,
2026-03-27 12:22:00,171.71,171.8,171.705,171.7478,7055.522118,171.7427,185,
2026-03-27 12:23:00,171.75,171.75,171.68,171.69,14921.729411,171.7194,173,
2026-03-27 12:24:00,171.68,171.74,171.65,171.68,12223.42234,171.687,155,
2026-03-27 12:25:00,171.68,171.8,171.6694,171.7,18818.67168,171.7471,259,
2026-03-27 12:26:00,171.7424,171.7424,171.5235,171.6955,7752.156778,171.6439,202,
2026-03-27 12:27:00,171.6401,171.68,171.63,171.67,11351.05003,171.6667,126,
2026-03-27 12:28:00,171.66,171.67,171.62,171.65,7327.89758,171.6671,150,
2026-03-27 12:29:00,171.66,171.7,171.6157,171.7,5184.902959,171.6936,136,
2026-03-27 12:30:00,171.72,171.78,171.682,171.682,5440.413091,171.7416,177,
2026-03-27 12:31:00,171.68,171.695,171.52,171.58,9142.991078,171.5992,289,
2026-03-27 12:32:00,171.61,171.65,171.5,171.58,12297.227021,171.5581,265,
2026-03-27 12:33:00,171.585,171.585,171.36,171.4762,32057.651476,171.476,437,
2026-03-27 12:34:00,171.42,171.487,171.2,171.29,32475.819186,171.3029,384,
2026-03-27 12:35:00,171.3365,171.4,171.23,171.23,7021.307176,171.3263,194,
2026-03-27 12:36:00,171.24,171.31,171.139,171.1839,28825.979913,171.2229,397,
2026-03-27 12:37:00,171.188,171.23,171.1,171.13,52028.020928,171.1626,284,
2026-03-27 12:38:00,171.1709,171.1709,170.9291,170.97,53300.668748,171.0209,1039,
2026-03-27 12:39:00,170.97,171.08,170.935,171.08,58725.292971,170.9842,376,
2026-03-27 12:40:00,171.0883,171.1,171.0,171.05,24684.23293,171.0444,297,
2026-03-27 12:41:00,171.08,171.08,170.81,170.86,49548.652445,170.9618,668,
2026-03-27 12:42:00,170.8309,171.0,170.8,170.9,30439.880127,170.9039,444,
2026-03-27 12:43:00,170.94,170.9791,170.9111,170.94,13722.519051,170.9576,184,
2026-03-27 12:44:00,170.95,171.0,170.9,170.99,26196.859381,170.9691,297,
2026-03-27 12:45:00,171.0,171.1,170.96,171.0603,37818.992395,171.0414,423,
2026-03-27 12:46:00,171.09,171.1,170.89,170.89,18401.034943,170.9891,301,
2026-03-27 12:47:00,170.88,170.94,170.78,170.9,29922.96867,170.866,480,
2026-03-27 12:48:00,170.8613,170.8613,170.6,170.655,34831.813523,170.7126,769,
2026-03-27 12:49:00,170.655,170.71,170.58,170.6996,37757.910135,170.6454,532,
2026-03-27 12:50:00,170.7,170.7,170.66,170.68,21509.012468,170.6836,301,
2026-03-27 12:51:00,170.6991,170.9,170.69,170.9,27580.104787,170.7897,368,
2026-03-27 12:52:00,170.9017,170.97,170.87,170.93,27551.780477,170.9214,340,
2026-03-27 12:53:00,170.941,171.0893,170.8973,171.0174,27093.728285,171.0206,272,
2026-03-27 12:54:00,171.02,171.19,170.85,171.1793,33502.900477,171.0745,414,
2026-03-27 12:55:00,171.165,171.23,171.09,171.13,19626.149526,171.1614,285,
2026-03-27 12:56:00,171.12,171.12,170.95,170.95,22178.666932,171.0314,384,
2026-03-27 12:57:00,170.95,170.9502,170.66,170.72,64705.562269,170.781,1091,
2026-03-27 12:58:00,170.73,170.82,170.6817,170.6935,19278.870504,170.7428,334,
2026-03-27 12:59:00,170.65,170.72,170.6,170.67,18462.134108,170.6449,358,
2026-03-27 13:00:00,170.66,170.7,170.26,170.4078,133259.956055,170.4585,2148,
2026-03-27 13:01:00,170.4,170.5,170.35,170.41,29557.372659,170.4432,411,
2026-03-27 13:02:00,170.42,170.52,170.3,170.3,56665.528368,170.385,733,
2026-03-27 13:03:00,170.31,170.36,170.06,170.13,165180.044046,170.1759,2153,
2026-03-27 13:04:00,170.12,170.3,170.06,170.2961,73694.185866,170.1859,1062,
2026-03-27 13:05:00,170.2991,170.2991,170.09,170.17,32570.131431,170.1878,671,
2026-03-27 13:06:00,170.22,170.3,170.06,170.18,44630.247728,170.1508,692,
2026-03-27 13:07:00,170.25,170.25,170.0,170.03,141858.638544,170.0387,1662,
2026-03-27 13:08:00,170.04,170.28,170.01,170.25,61811.592478,170.1264,513,
2026-03-27 13:09:00,170.25,170.25,169.7,169.88,380159.896028,169.9163,9240,
2026-03-27 13:10:00,169.87,170.2,169.84,169.96,73692.746441,169.9805,1062,
2026-03-27 13:11:00,169.95,170.01,169.83,169.9,58502.027676,169.9382,936,
2026-03-27 13:12:00,169.93,170.01,169.81,169.86,38435.399595,169.904,696,
2026-03-27 13:13:00,169.9,170.16,169.84,170.15,38427.006072,170.0485,628,
2026-03-27 13:14:00,170.115,170.19,169.97,170.19,47088.782398,170.1105,563,
2026-03-27 13:15:00,170.13,170.17,169.86,169.88,144249.550655,169.9239,1397,
2026-03-27 13:16:00,169.89,170.15,169.86,170.05,71549.090877,170.0113,966,
2026-03-27 13:17:00,170.035,170.0599,169.89,169.89,29860.987329,169.9643,587,
2026-03-27 13:18:00,169.95,169.96,169.7,169.71,93689.296875,169.8192,1764,
2026-03-27 13:19:00,169.71,169.97,169.7,169.78,53165.46287,169.8211,780,
2026-03-27 13:20:00,169.7875,170.15,169.7,169.9518,76959.494876,169.9042,1130,
2026-03-27 13:21:00,170.0,170.13,169.92,170.08,55574.367735,170.0374,552,
2026-03-27 13:22:00,170.09,170.12,169.99,170.025,47489.807168,170.0645,684,
2026-03-27 13:23:00,170.05,170.28,170.0362,170.1672,59396.16941,170.1431,656,
2026-03-27 13:24:00,170.1391,170.3,170.12,170.2,74971.036666,170.2094,579,
2026-03-27 13:25:00,170.18,170.2,170.0115,170.1,30481.806232,170.1144,464,
2026-03-27 13:26:00,170.1,170.88,169.97,170.2146,121684.433546,170.3195,1768,
2026-03-27 13:27:00,170.2,170.7,169.85,170.11,120823.359059,170.1553,1277,
2026-03-27 13:28:00,170.03,170.0985,169.95,170.0,53244.380072,170.0212,588,
2026-03-27 13:29:00,170.02,170.05,169.9,170.0,169913.165319,169.9675,870,
2026-03-27 13:30:00,170.0,170.3699,169.47,170.0898,4672789.343545,169.985,54022,
2026-03-27 13:31:00,170.075,170.62,169.98,170.35,1165939.033865,170.3654,13249,
2026-03-27 13:32:00,170.35,170.44,169.87,170.28,852900.348904,170.128,11046,
2026-03-27 13:33:00,170.28,170.43,169.96,170.1201,658728.780211,170.2073,11427,
2026-03-27 13:34:00,170.13,170.3,169.52,169.69,1092638.272651,169.872,13664,
2026-03-27 13:35:00,169.72,169.75,169.08,169.4,1484453.624762,169.3465,18225,
2026-03-27 13:36:00,169.41,169.83,169.395,169.785,825762.06873,169.7145,11252,
2026-03-27 13:37:00,169.785,170.58,169.76,170.4,1335345.430014,170.2057,12856,
2026-03-27 13:38:00,170.4,170.67,170.2501,170.625,728046.128511,170.4154,10559,
2026-03-27 13:39:00,170.625,170.89,170.575,170.775,892831.101917,170.773,12231,
2026-03-27 13:40:00,170.775,170.97,170.535,170.635,959230.634622,170.8312,13062,
2026-03-27 13:41:00,170.63,170.685,170.1,170.25,1063568.721666,170.3357,12939,
2026-03-27 13:42:00,170.26,170.2707,169.86,169.9207,990343.438133,170.0587,15628,
2026-03-27 13:43:00,169.93,170.37,169.73,170.285,865488.962612,170.059,13576,
2026-03-27 13:44:00,170.2899,170.31,170.08,170.13,481201.179059,170.1958,10957,
2026-03-27 13:45:00,170.12,170.68,170.1,170.38,807340.181681,170.4352,14307,
2026-03-27 13:46:00,170.37,170.75,170.33,170.66,624218.643992,170.5982,11673,
2026-03-27 13:47:00,170.65,170.76,170.46,170.715,545054.563149,170.5961,10933,
2026-03-27 13:48:00,170.7,170.7,170.47,170.62,558259.125805,170.5663,11288,
2026-03-27 13:49:00,170.6197,170.62,170.17,170.21,664080.611413,170.4191,12039,
2026-03-27 13:50:00,170.215,170.355,169.72,169.74,969459.201671,170.0049,16092,
2026-03-27 13:51:00,169.75,169.915,169.31,169.315,817381.799558,169.6336,14161,
2026-03-27 13:52:00,169.3195,169.4,169.1501,169.2,842133.905454,169.2631,13562,
2026-03-27 13:53:00,169.2,169.36,168.91,169.045,1254246.865084,169.0778,25774,
2026-03-27 13:54:00,169.05,169.13,168.8,168.81,907391.653321,168.9438,16526,
2026-03-27 13:55:00,168.81,168.81,168.46,168.53,1106355.843638,168.5872,18861,
2026-03-27 13:56:00,168.535,168.6,168.27,168.4599,833948.485396,168.4491,15617,
2026-03-27 13:57:00,168.46,168.84,168.265,168.36,728787.04249,168.3892,13913,
2026-03-27 13:58:00,168.3501,168.49,168.16,168.2,652251.282378,168.2788,12269,
2026-03-27 13:59:00,168.2,168.63,168.2,168.4129,746788.817572,168.4413,11876,
2026-03-27 14:00:00,168.41,168.58,168.15,168.5,714300.040189,168.3411,12679,
2026-03-27 14:01:00,168.5009,168.609,168.3,168.491,677657.570548,168.4638,15250,
2026-03-27 14:02:00,168.51,168.755,168.46,168.7,1019376.132793,168.6209,16882,
2026-03-27 14:03:00,168.7,168.79,168.55,168.7651,593053.739707,168.6796,12537,
2026-03-27 14:04:00,168.77,168.89,168.68,168.775,662754.986179,168.7957,12604,
2026-03-27 14:05:00,168.78,169.14,168.585,168.98,939558.215649,168.8343,15079,
2026-03-27 14:06:00,168.99,169.015,168.45,168.54,765972.330967,168.718,14918,
2026-03-27 14:07:00,168.535,168.79,168.28,168.765,728664.27771,168.5206,15841,
2026-03-27 14:08:00,168.75,168.81,168.67,168.78,392081.447788,168.7411,11898,
2026-03-27 14:09:00,168.79,169.06,168.7306,168.85,709319.597364,168.9161,13549,
2026-03-27 14:10:00,168.86,169.06,168.81,168.89,504200.697018,168.9146,11504,
2026-03-27 14:11:00,168.9,169.11,168.65,169.05,802284.261421,168.8795,14661,
2026-03-27 14:12:00,169.05,169.39,169.0427,169.18,754128.856789,169.2456,12626,
2026-03-27 14:13:00,169.17,169.22,168.575,168.575,698673.68214,168.939,13160,
2026-03-27 14:14:00,168.58,168.96,168.55,168.8551,499335.791746,168.7757,15634,
2026-03-27 14:15:00,168.85,168.865,168.675,168.784,458616.193472,168.7666,12293,
2026-03-27 14:16:00,168.78,168.98,168.74,168.96,495629.99943,168.8621,11960,
2026-03-27 14:17:00,168.97,169.13,168.88,169.11,683380.316519,168.9833,12790,
2026-03-27 14:18:00,169.115,169.115,168.6602,168.855,573958.775177,168.8647,12384,
2026-03-27 14:19:00,168.874,168.9451,168.49,168.725,588871.241431,168.6818,12676,
2026-03-27 14:20:00,168.73,168.99,168.681,168.925,449624.6603,168.8282,10022,
2026-03-27 14:21:00,168.925,168.95,168.6,168.645,472992.25588,168.8042,11564,
2026-03-27 14:22:00,168.6601,168.68,168.19,168.2499,633395.607207,168.392,13787,
2026-03-27 14:23:00,168.24,168.4,168.1,168.1301,513429.766577,168.2191,11707,
2026-03-27 14:24:00,168.14,168.425,168.075,168.4001,587474.612491,168.2708,11067,
2026-03-27 14:25:00,168.405,168.53,168.2395,168.3072,479170.879319,168.4083,11124,
2026-03-27 14:26:00,168.305,168.32,168.01,168.025,571025.248398,168.1359,12472,
2026-03-27 14:27:00,168.03,168.03,167.83,167.98,1485170.058341,167.9556,31717,
2026-03-27 14:28:00,167.975,168.1,167.89,167.935,443696.33537,168.0001,10527,
2026-03-27 14:29:00,167.94,168.01,167.8,167.85,528477.520953,167.9013,11312,
2026-03-27 14:30:00,167.83,168.14,167.8,168.095,539247.068894,168.0124,12039,
2026-03-27 14:31:00,168.095,168.2,167.99,168.17,518187.5742,168.1101,10421,
2026-03-27 14:32:00,168.17,168.1794,167.91,168.03,490081.968391,168.0313,10665,
2026-03-27 14:33:00,168.04,168.06,167.83,168.025,462670.013041,167.942,10716,
2026-03-27 14:34:00,168.025,168.15,167.96,168.1378,372350.268948,168.0648,9834,
2026-03-27 14:35:00,168.1399,168.28,168.02,168.17,455550.856469,168.1601,9934,
2026-03-27 14:36:00,168.17,168.25,168.1,168.16,258228.574863,168.167,8851,
2026-03-27 14:37:00,168.16,168.17,168.03,168.06,281144.090836,168.119,8845,
2026-03-27 14:38:00,168.05,168.08,167.74,167.785,868584.99008,167.8995,15729,
2026-03-27 14:39:00,167.785,167.93,167.57,167.61,863293.638682,167.7641,14707,
2026-03-27 14:40:00,167.6001,168.07,167.55,167.995,597291.913094,167.843,11576,
2026-03-27 14:41:00,167.99,167.99,167.755,167.775,433796.673133,167.8456,10079,
2026-03-27 14:42:00,167.77,168.09,167.74,167.995,509050.945802,167.966,10861,
2026-03-27 14:43:00,167.99,168.05,167.8,167.835,495132.831185,167.9401,11234,
2026-03-27 14:44:00,167.84,168.0,167.815,168.0,383191.412773,167.9166,9553,
2026-03-27 14:45:00,167.99,168.25,167.95,168.075,634253.684163,168.1209,10933,
2026-03-27 14:46:00,168.075,168.22,167.97,168.15,470910.607783,168.1125,10473,
2026-03-27 14:47:00,168.15,168.45,168.1201,168.39,564925.363564,168.2797,10777,
2026-03-27 14:48:00,168.385,168.56,168.355,168.53,594866.446004,168.4925,10393,
2026-03-27 14:49:00,168.5399,168.72,168.45,168.6901,577272.749632,168.5663,9793,
2026-03-27 14:50:00,168.69,168.88,168.5701,168.845,820880.378883,168.7471,12840,
2026-03-27 14:51:00,168.845,168.92,168.64,168.64,701250.860096,168.771,10970,
2026-03-27 14:52:00,168.63,168.6601,168.55,168.635,408216.401891,168.5761,9199,
2026-03-27 14:53:00,168.64,168.645,168.4301,168.5001,465725.816948,168.5406,9847,
2026-03-27 14:54:00,168.5,168.58,168.32,168.46,388818.989241,168.4705,9155,
2026-03-27 14:55:00,168.44,168.5798,168.37,168.39,407288.850832,168.4685,9340,
2026-03-27 14:56:00,168.39,168.475,168.335,168.445,274940.616128,168.423,8270,
2026-03-27 14:57:00,168.445,168.4701,168.28,168.47,283902.184672,168.388,8170,
2026-03-27 14:58:00,168.465,168.64,168.44,168.59,424657.229014,168.5382,8763,
2026-03-27 14:59:00,168.5999,168.755,168.5999,168.67,470170.948846,168.6966,9511,
2026-03-27 15:00:00,168.68,168.82,168.63,168.705,416610.888396,168.7322,8992,
2026-03-27 15:01:00,168.71,168.735,168.56,168.66,323531.97846,168.6461,8912,
2026-03-27 15:02:00,168.67,168.86,168.6601,168.815,389889.038514,168.7672,8491,
2026-03-27 15:03:00,168.815,169.08,168.715,169.035,676456.099079,168.9045,11390,
2026-03-27 15:04:00,169.035,169.125,168.91,168.945,570755.415942,169.04,11122,
2026-03-27 15:05:00,168.9451,168.99,168.83,168.88,366709.209411,168.8963,8690,
2026-03-27 15:06:00,168.88,168.98,168.75,168.76,377186.860903,168.8557,9741,
2026-03-27 15:07:00,168.765,168.84,168.67,168.7,420528.774331,168.7468,8366,
2026-03-27 15:08:00,168.7,168.87,168.655,168.835,387947.473148,168.7725,8901,
2026-03-27 15:09:00,168.83,168.87,168.77,168.835,275332.092391,168.8236,7761,
2026-03-27 15:10:00,168.83,168.89,168.73,168.73,258470.858478,168.8265,7755,
2026-03-27 15:11:00,168.7228,168.855,168.695,168.73,308772.769302,168.7561,8217,
2026-03-27 15:12:00,168.73,168.75,168.62,168.7301,296238.41016,168.6982,8391,
2026-03-27 15:13:00,168.735,168.82,168.65,168.82,306789.054598,168.7333,8070,
2026-03-27 15:14:00,168.83,168.94,168.595,168.62,477490.02076,168.7849,9573,
2026-03-27 15:15:00,168.62,168.62,168.37,168.4,374411.985831,168.4982,9569,
2026-03-27 15:16:00,168.415,168.475,168.3,168.375,373021.743808,168.3633,9245,
2026-03-27 15:17:00,168.375,168.4978,168.25,168.3,449810.118374,168.3692,10235,
2026-03-27 15:18:00,168.31,168.48,168.3,168.41,283633.267965,168.4076,8462,
2026-03-27 15:19:00,168.4009,168.54,168.36,168.455,455669.481723,168.4411,8979,
2026-03-27 15:20:00,168.47,168.5051,168.385,168.395,273038.118747,168.4497,8157,
2026-03-27 15:21:00,168.395,168.5673,168.29,168.56,436919.152754,168.4331,9734,
2026-03-27 15:22:00,168.57,168.73,168.555,168.7051,444542.692943,168.6403,8801,
2026-03-27 15:23:00,168.705,169.31,168.685,169.275,821257.762051,169.0116,14537,
2026-03-27 15:24:00,169.27,169.2905,168.93,168.975,659046.271895,169.0832,10879,
2026-03-27 15:25:00,168.97,169.04,168.84,169.02,327488.780562,168.9449,8767,
2026-03-27 15:26:00,169.02,169.36,168.975,169.335,512739.328601,169.1821,10296,
2026-03-27 15:27:00,169.34,169.5,169.255,169.43,515568.558727,169.366,10164,
2026-03-27 15:28:00,169.43,169.565,169.38,169.515,502713.82087,169.4917,10083,
2026-03-27 15:29:00,169.5101,169.5699,169.37,169.55,357076.65463,169.4496,9242,
2026-03-27 15:30:00,169.56,169.65,169.42,169.61,398716.64986,169.5264,10048,
2026-03-27 15:31:00,169.6,169.94,169.56,169.7201,587773.203535,169.7684,11080,
2026-03-27 15:32:00,169.725,169.92,169.6201,169.82,445148.965537,169.7599,9348,
2026-03-27 15:33:00,169.82,169.9,169.78,169.805,361019.250901,169.8394,9078,
2026-03-27 15:34:00,169.81,169.865,169.725,169.78,358187.406091,169.7986,8879,
2026-03-27 15:35:00,169.78,169.845,169.71,169.765,293682.665465,169.7674,8598,
2026-03-27 15:36:00,169.77,169.77,169.56,169.72,456727.507376,169.6628,9236,
2026-03-27 15:37:00,169.72,169.88,169.63,169.72,582143.225016,169.5948,9000,
2026-03-27 15:38:00,169.73,169.73,169.51,169.575,529027.636914,169.6492,8557,
2026-03-27 15:39:00,169.57,169.605,169.38,169.46,432247.942175,169.4827,9110,
2026-03-27 15:40:00,169.455,169.505,169.21,169.33,429472.70612,169.3583,9629,
2026-03-27 15:41:00,169.33,169.475,169.25,169.27,361997.289868,169.3431,9108,
2026-03-27 15:42:00,169.27,169.37,169.18,169.335,348497.48169,169.3069,7317,
2026-03-27 15:43:00,169.335,169.4,169.28,169.32,267464.392963,169.3404,8045,
2026-03-27 15:44:00,169.32,169.41,169.3,169.3503,240789.992082,169.3524,7342,
2026-03-27 15:45:00,169.36,169.52,169.34,169.425,301619.409959,169.4402,7753,
2026-03-27 15:46:00,169.43,169.46,169.33,169.4501,186634.56285,169.3857,6915,
2026-03-27 15:47:00,169.46,169.605,169.42,169.5451,241428.848315,169.4949,7552,
2026-03-27 15:48:00,169.555,169.6768,169.5501,169.6499,334645.227692,169.6245,8570,
2026-03-27 15:49:00,169.645,169.66,169.48,169.535,251572.27276,169.5629,2974,
2026-03-27 15:50:00,169.53,169.66,169.5,169.6,217404.459373,169.5909,2883,
2026-03-27 15:51:00,169.6,169.73,169.535,169.61,315619.623664,169.6245,3367,
2026-03-27 15:52:00,169.605,169.639,169.4227,169.455,281324.331929,169.5383,3603,
2026-03-27 15:53:00,169.455,169.595,169.43,169.4958,270093.958358,169.4952,3150,
2026-03-27 15:54:00,169.52,169.575,169.42,169.55,174715.96237,169.5045,2293,
2026-03-27 15:55:00,169.5451,169.63,169.54,169.625,197201.39168,169.5898,2928,
2026-03-27 15:56:00,169.63,169.69,169.522,169.555,304497.295402,169.6296,3349,
2026-03-27 15:57:00,169.55,169.64,169.515,169.5901,171622.00686,169.5885,2483,
2026-03-27 15:58:00,169.61,169.725,169.605,169.675,291542.279199,169.6693,2992,
2026-03-27 15:59:00,169.67,169.67,169.47,169.55,319054.963594,169.5553,3670,
2026-03-27 16:00:00,169.56,169.64,169.3,169.33,333184.029366,169.504,4202,
2026-03-27 16:01:00,169.34,169.345,169.13,169.272,304972.658507,169.2225,4189,
2026-03-27 16:02:00,169.27,169.4883,169.25,169.42,314797.987849,169.3676,3319,
2026-03-27 16:03:00,169.42,169.565,169.385,169.395,219886.851231,169.468,2722,
2026-03-27 16:04:00,169.4,169.53,169.35,169.525,342559.012386,169.4804,3637,
2026-03-27 16:05:00,169.525,169.5496,169.43,169.4501,172389.296769,169.499,2591,
2026-03-27 16:06:00,169.435,169.4757,169.37,169.4757,172268.466448,169.4302,2417,
2026-03-27 16:07:00,169.47,169.48,169.36,169.3853,129818.123377,169.4357,2236,
2026-03-27 16:08:00,169.39,169.435,169.23,169.32,289514.096165,169.3353,3715,
2026-03-27 16:09:00,169.32,169.4599,169.28,169.295,268661.508745,169.3807,2516,
2026-03-27 16:10:00,169.295,169.3299,169.23,169.26,227913.528453,169.2792,2458,
2026-03-27 16:11:00,169.26,169.28,169.16,169.2,237816.371163,169.2138,2919,
2026-03-27 16:12:00,169.1999,169.3,169.19,169.2,227198.987118,169.241,2887,
2026-03-27 16:13:00,169.2,169.325,169.19,169.265,192180.470554,169.2807,2493,
2026-03-27 16:14:00,169.27,169.34,169.2,169.34,225522.722126,169.2749,2461,
2026-03-27 16:15:00,169.34,169.34,169.055,169.0801,355442.496662,169.1692,4020,
2026-03-27 16:16:00,169.0899,169.14,168.98,168.99,397674.027557,169.0428,6204,
2026-03-27 16:17:00,168.9901,169.03,168.92,169.03,299036.441598,168.9742,3443,
2026-03-27 16:18:00,169.025,169.0997,169.0,169.03,250315.984445,169.0524,2807,
2026-03-27 16:19:00,169.025,169.04,168.9418,168.98,193611.539771,168.9922,2852,
2026-03-27 16:20:00,168.97,169.085,168.932,169.05,294797.36833,169.0056,3565,
2026-03-27 16:21:00,169.05,169.1,168.935,168.9519,254711.38473,169.0267,3295,
2026-03-27 16:22:00,168.96,169.015,168.93,168.96,178125.119702,168.9673,2899,
2026-03-27 16:23:00,168.9635,169.095,168.9635,169.09,195443.782332,169.0495,2685,
2026-03-27 16:24:00,169.08,169.08,168.95,168.965,152432.581316,168.9884,2419,
2026-03-27 16:25:00,168.965,168.98,168.8,168.8699,288720.70103,168.8828,3809,
2026-03-27 16:26:00,168.87,168.925,168.75,168.815,386421.442083,168.8257,4125,
2026-03-27 16:27:00,168.81,168.905,168.8,168.905,222947.406723,168.8535,3046,
2026-03-27 16:28:00,168.9,168.94,168.795,168.815,221426.76369,168.864,3218,
2026-03-27 16:29:00,168.815,168.83,168.71,168.82,219468.304793,168.7769,2832,
2026-03-27 16:30:00,168.81,168.89,168.78,168.835,198068.123224,168.8381,2759,
2026-03-27 16:31:00,168.84,168.845,168.65,168.67,281368.47977,168.7448,3256,
2026-03-27 16:32:00,168.66,168.69,168.53,168.58,308269.274681,168.6022,3769,
2026-03-27 16:33:00,168.585,168.73,168.565,168.695,269615.909936,168.6281,3422,
2026-03-27 16:34:00,168.7,168.715,168.62,168.625,226601.406518,168.6639,3456,
2026-03-27 16:35:00,168.635,168.6797,168.579,168.64,225824.211692,168.6269,3249,
2026-03-27 16:36:00,168.64,168.695,168.58,168.67,225534.023125,168.6444,3258,
2026-03-27 16:37:00,168.675,168.68,168.445,168.5301,415272.920407,168.5428,5365,
2026-03-27 16:38:00,168.535,168.605,168.44,168.535,381962.869804,168.522,4837,
2026-03-27 16:39:00,168.55,168.6999,168.435,168.45,310705.102287,168.5662,3831,
2026-03-27 16:40:00,168.455,168.576,168.37,168.545,253571.706292,168.4803,3840,
2026-03-27 16:41:00,168.55,168.83,168.53,168.79,366946.634013,168.68,4204,
2026-03-27 16:42:00,168.795,168.905,168.73,168.745,275615.442425,168.814,3253,
2026-03-27 16:43:00,168.745,168.95,168.7,168.87,285272.192939,168.8497,3377,
2026-03-27 16:44:00,168.865,168.91,168.84,168.875,187438.190292,168.8737,2847,
2026-03-27 16:45:00,168.876,168.95,168.85,168.915,282365.820805,168.8977,3227,
2026-03-27 16:46:00,168.915,169.14,168.915,169.038,381701.348884,169.0168,3925,
2026-03-27 16:47:00,169.035,169.11,168.945,169.065,301519.450595,169.02,3435,
2026-03-27 16:48:00,169.06,169.11,168.98,169.07,221983.078235,169.048,2736,
2026-03-27 16:49:00,169.065,169.16,169.05,169.135,252117.121659,169.1204,2635,
2026-03-27 16:50:00,169.13,169.2,169.05,169.1299,291000.980958,169.1283,3106,
2026-03-27 16:51:00,169.125,169.2,169.0,169.055,228285.855037,169.1181,2506,
2026-03-27 16:52:00,169.06,169.06,168.92,168.953,185755.224936,168.9865,2553,
2026-03-27 16:53:00,168.955,168.995,168.89,168.995,612549.283174,169.0165,2773,
2026-03-27 16:54:00,169.0,169.075,168.9,168.93,184348.652663,169.0052,2442,
2026-03-27 16:55:00,168.935,168.95,168.85,168.915,145701.603032,168.9005,1958,
2026-03-27 16:56:00,168.92,168.95,168.88,168.905,136383.703032,168.9111,1749,
2026-03-27 16:57:00,168.91,168.96,168.89,168.91,202251.182672,168.9196,2184,
2026-03-27 16:58:00,168.915,168.945,168.815,168.845,155053.398337,168.892,1962,
2026-03-27 16:59:00,168.84,168.865,168.8,168.865,134410.26217,168.8334,1890,
2026-03-27 17:00:00,168.865,168.9399,168.72,168.745,227081.282387,168.8316,2864,
2026-03-27 17:01:00,168.75,168.805,168.58,168.635,231722.976206,168.6899,3133,
2026-03-27 17:02:00,168.635,168.7,168.625,168.645,153082.501819,168.6678,2199,
2026-03-27 17:03:00,168.65,168.74,168.65,168.71,170741.088254,168.698,2261,
2026-03-27 17:04:00,168.71,168.755,168.68,168.725,154586.937431,168.7248,1998,
2026-03-27 17:05:00,168.72,168.765,168.65,168.67,199913.144468,168.7079,2525,
2026-03-27 17:06:00,168.6699,169.11,168.5898,169.085,332422.132635,168.7521,4674,
2026-03-27 17:07:00,169.095,169.27,168.81,168.94,490544.429376,169.0546,6784,
2026-03-27 17:08:00,168.94,169.0,168.87,168.98,382828.797207,168.9501,5030,
2026-03-27 17:09:00,168.98,169.035,168.93,168.96,256271.068584,168.9744,3213,
2026-03-27 17:10:00,168.96,168.9901,168.865,168.93,206974.12545,168.9301,2696,
2026-03-27 17:11:00,168.92,168.96,168.79,168.83,286485.202929,168.8612,3081,
2026-03-27 17:12:00,168.82,168.82,168.702,168.795,226796.101608,168.7616,2520,
2026-03-27 17:13:00,168.79,168.8551,168.66,168.68,230201.835528,168.7623,2431,
2026-03-27 17:14:00,168.67,168.75,168.635,168.685,249780.258051,168.6814,2869,
2026-03-27 17:15:00,168.68,168.74,168.63,168.675,216125.129532,168.6817,2523,
2026-03-27 17:16:00,168.675,168.7,168.64,168.6701,184868.662218,168.6666,2070,
2026-03-27 17:17:00,168.67,168.7099,168.445,168.485,332346.629517,168.5825,3972,
2026-03-27 17:18:00,168.485,168.537,168.35,168.445,232831.612349,168.4429,2859,
2026-03-27 17:19:00,168.45,168.475,168.38,168.465,179247.821486,168.4394,2417,
2026-03-27 17:20:00,168.46,168.465,168.25,168.31,368468.32366,168.3247,4386,
2026-03-27 17:21:00,168.32,168.345,168.14,168.225,421205.186795,168.212,4398,
2026-03-27 17:22:00,168.23,168.3499,168.205,168.3497,239954.347871,168.2643,2639,
2026-03-27 17:23:00,168.3499,168.38,168.295,168.325,225806.740726,168.3313,2463,
2026-03-27 17:24:00,168.32,168.4494,168.32,168.355,348500.843981,168.3668,2635,
2026-03-27 17:25:00,168.355,168.37,168.255,168.26,217866.392022,168.321,2710,
2026-03-27 17:26:00,168.25,168.26,168.07,168.075,359814.860611,168.1525,5001,
2026-03-27 17:27:00,168.08,168.16,167.93,167.945,787911.809388,168.0188,14843,
2026-03-27 17:28:00,167.942,168.0,167.895,167.935,371492.012031,167.9596,4391,
2026-03-27 17:29:00,167.94,167.94,167.83,167.84,295595.080783,167.8993,4128,
2026-03-27 17:30:00,167.84,167.97,167.83,167.95,260698.038865,167.9327,3679,
2026-03-27 17:31:00,167.95,168.015,167.93,167.97,184232.013963,167.972,2707,
2026-03-27 17:32:00,167.97,168.01,167.93,167.9899,223214.583824,167.9698,2806,
2026-03-27 17:33:00,167.985,168.05,167.96,167.991,216874.538599,168.0009,2852,
2026-03-27 17:34:00,168.0,168.1,167.99,168.07,231752.97873,168.0462,2835,
2026-03-27 17:35:00,168.075,168.2279,168.06,168.185,282737.50048,168.1553,3316,
2026-03-27 17:36:00,168.185,168.19,168.05,168.115,193447.009921,168.1186,2521,
2026-03-27 17:37:00,168.12,168.175,168.1,168.115,176405.434829,168.1328,2354,
2026-03-27 17:38:00,168.115,168.1401,168.0701,168.13,151119.25121,168.1096,2021,
2026-03-27 17:39:00,168.125,168.13,168.0701,168.1,165505.924203,168.1038,2086,
2026-03-27 17:40:00,168.09,168.145,168.05,168.07,190337.828388,168.1035,2770,
2026-03-27 17:41:00,168.08,168.1,167.99,168.045,279932.272084,168.0372,3286,
2026-03-27 17:42:00,168.05,168.06,167.93,167.99,294517.373166,167.9944,3196,
2026-03-27 17:43:00,167.9999,168.02,167.89,167.925,323359.511788,167.9531,3027,
2026-03-27 17:44:00,167.92,167.94,167.87,167.91,219642.196156,167.9065,3373,
2026-03-27 17:45:00,167.91,168.07,167.86,167.8772,266308.433741,167.9696,3588,
2026-03-27 17:46:00,167.87,167.94,167.85,167.915,331184.729434,167.8972,2703,
2026-03-27 17:47:00,167.91,167.92,167.8,167.915,266540.912517,167.863,3486,
2026-03-27 17:48:00,167.92,167.925,167.81,167.85,421286.121331,168.1986,2509,
2026-03-27 17:49:00,167.86,167.89,167.76,167.787,381037.551878,167.8173,5022,
2026-03-27 17:50:00,167.785,167.88,167.76,167.85,222680.497354,167.8314,2827,
2026-03-27 17:51:00,167.845,167.97,167.845,167.905,219913.193537,167.9175,2475,
2026-03-27 17:52:00,167.91,167.935,167.83,167.85,255291.682793,167.88,2687,
2026-03-27 17:53:00,167.85,167.885,167.8,167.805,198586.594257,167.8377,2490,
2026-03-27 17:54:00,167.805,167.84,167.74,167.82,298590.883255,167.7946,3276,
2026-03-27 17:55:00,167.83,167.89,167.795,167.865,193187.330794,167.8514,2560,
2026-03-27 17:56:00,167.8677,167.885,167.7,167.712,283711.092448,167.762,3358,
2026-03-27 17:57:00,167.715,167.81,167.605,167.785,393483.818008,167.7033,5081,
2026-03-27 17:58:00,167.79,167.845,167.76,167.835,244308.063593,167.8071,3413,
2026-03-27 17:59:00,167.835,167.93,167.82,167.875,275443.527189,167.8777,3006,
2026-03-27 18:00:00,167.87,167.955,167.8501,167.92,388254.796685,167.9082,3088,
2026-03-27 18:01:00,167.91,167.96,167.9,167.9132,287893.751529,168.0181,2908,
2026-03-27 18:02:00,167.91,167.92,167.81,167.825,228427.692453,167.8655,5315,
2026-03-27 18:03:00,167.822,167.9299,167.81,167.85,292188.634414,167.8693,4120,
2026-03-27 18:04:00,167.86,167.967,167.855,167.9526,192822.849953,167.9234,2151,
2026-03-27 18:05:00,167.95,168.06,167.925,167.932,333201.751591,168.0078,3523,
2026-03-27 18:06:00,167.93,167.945,167.79,167.8174,286074.762439,167.8482,3403,
2026-03-27 18:07:00,167.815,167.945,167.81,167.925,238788.028862,167.8868,3200,
2026-03-27 18:08:00,167.925,168.035,167.894,167.975,246060.123187,167.9716,2568,
2026-03-27 18:09:00,167.98,168.01,167.88,167.9,253918.77842,167.9376,3168,
2026-03-27 18:10:00,167.909,167.97,167.83,167.88,257629.896232,167.8882,2900,
2026-03-27 18:11:00,167.884,167.99,167.88,167.9103,248446.544668,167.9384,2717,
2026-03-27 18:12:00,167.9,167.91,167.77,167.875,246308.065989,167.8325,2844,
2026-03-27 18:13:00,167.875,167.95,167.84,167.895,188283.221853,167.8973,2438,
2026-03-27 18:14:00,167.89,168.02,167.86,168.015,343713.359775,167.9441,3626,
2026-03-27 18:15:00,168.02,168.105,167.975,168.045,294751.025449,168.0428,3595,
2026-03-27 18:16:00,168.04,168.06,167.92,168.025,220045.833514,168.0147,2803,
2026-03-27 18:17:00,168.025,168.165,168.005,168.07,348746.805932,168.0954,4088,
2026-03-27 18:18:00,168.075,168.24,168.054,168.19,344596.376012,168.1537,4162,
2026-03-27 18:19:00,168.19,168.2279,168.155,168.1801,212663.236218,168.1956,2278,
2026-03-27 18:20:00,168.185,168.21,168.1351,168.145,230882.184245,168.1743,2779,
2026-03-27 18:21:00,168.15,168.22,168.11,168.145,224532.252705,168.1609,2559,
2026-03-27 18:22:00,168.145,168.17,168.025,168.0995,217296.552209,168.0915,2610,
2026-03-27 18:23:00,168.105,168.105,168.0,168.03,238247.084643,168.04,2992,
2026-03-27 18:24:00,168.0399,168.055,167.91,167.99,232748.526108,167.9841,2980,
2026-03-27 18:25:00,167.995,168.0857,167.96,168.07,230429.315737,168.0177,2436,
2026-03-27 18:26:00,168.0601,168.07,167.93,167.98,252310.506636,167.9916,2729,
2026-03-27 18:27:00,167.97,168.11,167.97,168.085,214996.132335,168.0404,2796,
2026-03-27 18:28:00,168.09,168.09,168.025,168.085,164048.996875,168.0621,2196,
2026-03-27 18:29:00,168.0897,168.09,167.98,168.0,208165.012971,168.0341,2396,
2026-03-27 18:30:00,168.005,168.045,167.965,168.005,193393.708534,168.0007,2352,
2026-03-27 18:31:00,168.0,168.05,167.89,167.895,218515.47368,167.9655,2633,
2026-03-27 18:32:00,167.9,167.955,167.87,167.9,173108.399721,167.9136,2254,
2026-03-27 18:33:00,167.9,167.905,167.8,167.8601,213392.668959,167.8351,2598,
2026-03-27 18:34:00,167.87,167.95,167.85,167.93,177252.484531,167.8928,2081,
2026-03-27 18:35:00,167.93,167.94,167.785,167.845,189332.025319,167.8399,2820,
2026-03-27 18:36:00,167.84,167.88,167.79,167.825,221435.215375,167.8637,2216,
2026-03-27 18:37:00,167.83,167.96,167.83,167.9,278936.503598,167.9177,3021,
2026-03-27 18:38:00,167.895,167.9,167.83,167.8508,162708.584782,167.8662,2176,
2026-03-27 18:39:00,167.86,167.9551,167.84,167.945,194554.054683,167.8872,2417,
2026-03-27 18:40:00,167.9499,167.99,167.855,167.9,206880.037591,167.9091,2682,
2026-03-27 18:41:00,167.9,167.98,167.882,167.95,228237.913662,167.9394,2573,
2026-03-27 18:42:00,167.95,168.03,167.8,168.0199,330400.313045,167.9289,4357,
2026-03-27 18:43:00,168.015,168.28,167.96,168.035,432833.292595,168.0743,5279,
2026-03-27 18:44:00,168.0357,168.0499,167.91,167.98,246046.083003,167.9766,3048,
2026-03-27 18:45:00,167.99,168.0,167.86,167.91,260621.930165,167.9261,2992,
2026-03-27 18:46:00,167.905,167.92,167.68,167.8099,550383.395073,167.7884,6426,
2026-03-27 18:47:00,167.8,167.815,167.67,167.705,224852.608867,167.7312,2693,
2026-03-27 18:48:00,167.7,167.71,167.605,167.66,365809.023966,167.6427,3959,
2026-03-27 18:49:00,167.65,167.77,167.615,167.715,267474.785687,167.6976,2781,
2026-03-27 18:50:00,167.72,167.76,167.65,167.705,245336.170534,167.7125,2518,
2026-03-27 18:51:00,167.705,167.71,167.6,167.6291,258175.649931,167.6451,2939,
2026-03-27 18:52:00,167.628,167.6368,167.55,167.55,308862.000609,167.5836,4329,
2026-03-27 18:53:00,167.555,167.5899,167.31,167.36,738235.118359,167.4357,12547,
2026-03-27 18:54:00,167.3501,167.43,167.35,167.395,283416.483603,167.3966,3085,
2026-03-27 18:55:00,167.4,167.5299,167.3801,167.515,255654.530831,167.4447,3043,
2026-03-27 18:56:00,167.51,167.56,167.4,167.4301,300360.573053,167.4855,3637,
2026-03-27 18:57:00,167.4171,167.52,167.4171,167.5198,223751.965559,167.4649,2531,
2026-03-27 18:58:00,167.52,167.6,167.47,167.56,291073.099922,167.5285,3201,
2026-03-27 18:59:00,167.55,167.565,167.45,167.465,241376.162606,167.5104,3351,
2026-03-27 19:00:00,167.46,167.66,167.43,167.4551,311782.808569,167.5648,3866,
2026-03-27 19:01:00,167.4535,167.5599,167.435,167.4801,305202.695428,167.5193,3113,
2026-03-27 19:02:00,167.485,167.52,167.45,167.47,238109.855642,167.5252,2404,
2026-03-27 19:03:00,167.465,167.507,167.41,167.475,182220.965214,167.4593,2703,
2026-03-27 19:04:00,167.47,167.5,167.34,167.375,342785.720274,167.4043,3905,
2026-03-27 19:05:00,167.38,167.49,167.375,167.435,262161.812391,167.4517,2838,
2026-03-27 19:06:00,167.43,167.475,167.36,167.44,273604.907512,167.416,3007,
2026-03-27 19:07:00,167.431,167.58,167.405,167.5794,319924.40669,167.4892,3618,
2026-03-27 19:08:00,167.575,167.59,167.42,167.42,321222.147522,167.4996,3464,
2026-03-27 19:09:00,167.415,167.46,167.28,167.3851,399482.90147,167.3628,4832,
2026-03-27 19:10:00,167.38,167.4,167.22,167.2776,368054.498376,167.2967,4428,
2026-03-27 19:11:00,167.28,167.35,167.23,167.33,279733.935688,167.2918,3120,
2026-03-27 19:12:00,167.325,167.485,167.32,167.455,311993.940844,167.4105,3202,
2026-03-27 19:13:00,167.46,167.4699,167.33,167.34,365376.312426,167.4027,3446,
2026-03-27 19:14:00,167.34,167.49,167.24,167.45,416683.201271,167.3538,4480,
2026-03-27 19:15:00,167.445,167.5699,167.38,167.4989,388315.294278,167.4579,3996,
2026-03-27 19:16:00,167.495,167.58,167.48,167.575,286661.293636,167.5173,3419,
2026-03-27 19:17:00,167.575,167.685,167.52,167.6471,300315.806468,167.6069,3134,
2026-03-27 19:18:00,167.64,167.72,167.56,167.63,387926.622335,167.626,3646,
2026-03-27 19:19:00,167.6205,167.73,167.595,167.705,324833.782929,167.6621,3108,
2026-03-27 19:20:00,167.705,167.72,167.625,167.6801,249883.310041,167.6748,2736,
2026-03-27 19:21:00,167.685,167.69,167.545,167.59,297003.129028,167.622,2865,
2026-03-27 19:22:00,167.595,167.67,167.565,167.585,273831.725093,167.6259,2583,
2026-03-27 19:23:00,167.585,167.69,167.535,167.585,300120.078006,167.6383,3206,
2026-03-27 19:24:00,167.59,167.705,167.59,167.705,239953.15574,167.6564,2720,
2026-03-27 19:25:00,167.705,167.705,167.6,167.64,267913.658921,167.6579,2734,
2026-03-27 19:26:00,167.645,167.7099,167.62,167.6799,336304.320792,167.669,3213,
2026-03-27 19:27:00,167.675,167.6796,167.36,167.435,439763.028431,167.5125,4550,
2026-03-27 19:28:00,167.44,167.45,167.32,167.44,318174.931887,167.3947,3508,
2026-03-27 19:29:00,167.445,167.46,167.37,167.43,259105.968939,167.4207,2699,
2026-03-27 19:30:00,167.44,167.59,167.425,167.545,401001.055968,167.5024,3989,
2026-03-27 19:31:00,167.545,167.575,167.44,167.4698,278699.351304,167.4923,3233,
2026-03-27 19:32:00,167.47,167.495,167.32,167.4,342191.666426,167.4034,3958,
2026-03-27 19:33:00,167.405,167.425,167.32,167.39,321424.40409,167.3702,3398,
2026-03-27 19:34:00,167.395,167.41,167.32,167.395,301968.884858,167.3706,3276,
2026-03-27 19:35:00,167.4,167.41,167.28,167.375,348984.042434,167.3484,3935,
2026-03-27 19:36:00,167.38,167.42,167.27,167.395,497908.698487,167.3846,4190,
2026-03-27 19:37:00,167.4,167.56,167.395,167.5,424998.976169,167.4938,3818,
2026-03-27 19:38:00,167.5,167.54,167.45,167.485,319543.704741,167.4879,3179,
2026-03-27 19:39:00,167.485,167.49,167.32,167.37,416234.566488,167.382,4047,
2026-03-27 19:40:00,167.38,167.47,167.3,167.3319,411908.411788,167.3888,5372,
2026-03-27 19:41:00,167.34,167.375,167.25,167.325,370737.547634,167.3206,4223,
2026-03-27 19:42:00,167.33,167.42,167.25,167.39,465271.130445,167.3462,4233,
2026-03-27 19:43:00,167.395,167.51,167.35,167.4,380366.371354,167.4394,4202,
2026-03-27 19:44:00,167.41,167.5,167.385,167.495,336319.227849,167.4355,3689,
2026-03-27 19:45:00,167.495,167.53,167.25,167.265,546314.093991,167.4128,5812,
2026-03-27 19:46:00,167.2651,167.345,167.09,167.165,794755.219223,167.1865,9938,
2026-03-27 19:47:00,167.169,167.4,167.15,167.315,498088.634037,167.2978,4996,
2026-03-27 19:48:00,167.315,167.43,167.315,167.37,507264.378456,167.3777,5179,
2026-03-27 19:49:00,167.36,167.5,167.34,167.45,379517.673353,167.4285,4417,
2026-03-27 19:50:00,167.45,167.45,167.01,167.29,983919.755496,167.1481,11427,
2026-03-27 19:51:00,167.29,167.325,167.175,167.1801,656526.491521,167.239,6722,
2026-03-27 19:52:00,167.19,167.3599,167.13,167.325,530817.556964,167.2225,5520,
2026-03-27 19:53:00,167.325,167.715,167.315,167.71,779016.131488,167.5465,7843,
2026-03-27 19:54:00,167.7199,167.7199,167.395,167.45,713818.826105,167.5118,9061,
2026-03-27 19:55:00,167.46,167.93,167.445,167.76,1081477.614757,167.8082,11732,
2026-03-27 19:56:00,167.76,167.76,167.51,167.62,653735.559846,167.6257,6945,
2026-03-27 19:57:00,167.62,167.625,167.48,167.505,686907.748325,167.5305,7392,
2026-03-27 19:58:00,167.51,167.615,167.5,167.585,917254.590665,167.5617,8312,
2026-03-27 19:59:00,167.585,167.87,167.4,167.46,2773026.926228,167.6483,28036,
2026-03-27 20:00:00,167.53,167.58,167.25,167.31,3508555.597489,167.5178,1426,
2026-03-27 20:01:00,167.37,167.56,167.35,167.5,35992.608053,167.4728,584,
2026-03-27 20:02:00,168.49,168.49,167.42,167.49,53620.793226,167.7032,494,
2026-03-27 20:03:00,167.4887,167.52,167.46,167.5,24332.278776,167.4899,421,
2026-03-27 20:04:00,167.49,167.5,167.46,167.4986,34092.160027,167.4984,331,
2026-03-27 20:05:00,167.49,167.52,167.45,167.52,21104.746133,167.4828,358,
2026-03-27 20:06:00,167.42,167.49,167.42,167.48,23912.918773,167.9978,252,
2026-03-27 20:07:00,167.49,167.53,167.46,167.53,14471.668022,167.5116,312,
2026-03-27 20:08:00,167.5193,167.5283,167.46,167.46,7152.601302,167.5089,311,
2026-03-27 20:09:00,167.52,167.52,167.43,167.43,57360.989633,167.5068,340,
2026-03-27 20:10:00,167.45,167.46,167.4,167.41,94582.803847,167.4863,489,
2026-03-27 20:11:00,167.43,167.43,167.37,167.41,21446.410209,167.4041,330,
2026-03-27 20:12:00,167.4,167.49,167.4,167.47,11101.22961,167.4421,202,
2026-03-27 20:13:00,167.46,167.48,167.44,167.47,11596.59018,167.4721,228,
2026-03-27 20:14:00,167.4798,167.49,167.4,167.48,30355.629365,167.4518,423,
2026-03-27 20:15:00,167.49,167.58,167.45,167.53,26559.738823,167.5217,332,
2026-03-27 20:16:00,167.55,167.55,167.52,167.52,14913.783705,167.5397,258,
2026-03-27 20:17:00,167.53,167.57,167.35,167.4,52728.672245,167.447,654,
2026-03-27 20:18:00,167.43,167.4799,167.41,167.4799,9730.74896,167.4527,207,
2026-03-27 20:19:00,167.4507,167.48,167.44,167.45,5450.769629,167.4818,166,
2026-03-27 20:20:00,167.47,167.48,167.2,167.25,64981.971953,167.318,944,
2026-03-27 20:21:00,167.2643,167.39,167.2643,167.39,9698.306837,167.339,244,
2026-03-27 20:22:00,167.36,167.39,167.32,167.34,8185.051565,167.3452,197,
2026-03-27 20:23:00,167.35,167.4,167.33,167.34,10764.265334,167.37,203,
2026-03-27 20:24:00,167.35,167.49,167.35,167.47,20141.219343,167.3988,263,
2026-03-27 20:25:00,167.49,167.49,167.43,167.4652,13029.199741,167.4636,270,
2026-03-27 20:26:00,167.47,167.49,167.4298,167.45,5312.527515,167.4775,197,
2026-03-27 20:27:00,167.4684,167.479,167.42,167.479,8177.911733,167.4605,191,
2026-03-27 20:28:00,167.45,167.48,167.36,167.43,7598.102412,167.4217,301,
2026-03-27 20:29:00,167.42,167.48,167.29,167.48,14972.002116,167.4104,293,
2026-03-27 20:30:00,167.4789,167.48,167.4,167.4,4826.01904,167.4604,179,
2026-03-27 20:31:00,167.48,167.48,167.3897,167.4,19056.510296,167.4039,246,
2026-03-27 20:32:00,167.39,167.4,167.38,167.38,17220.822718,167.3963,218,
2026-03-27 20:33:00,167.35,167.36,167.33,167.36,9916.08067,167.3479,204,
2026-03-27 20:34:00,167.38,167.4,167.38,167.39,18134.648595,167.3929,225,
2026-03-27 20:35:00,167.3901,167.4,167.38,167.4,12519.614256,167.4024,196,
2026-03-27 20:36:00,167.4,167.4,167.3998,167.4,3719.626913,167.4272,153,
2026-03-27 20:37:00,167.4,167.42,167.38,167.4,18034.809094,167.4057,215,
2026-03-27 20:38:00,167.4,167.43,167.38,167.4,14252.317815,167.4249,176,
2026-03-27 20:39:00,167.43,167.47,167.4,167.4439,13137.575041,167.4401,194,
2026-03-27 20:40:00,167.46,167.49,167.43,167.49,13115.779122,167.4743,272,
2026-03-27 20:41:00,167.48,167.48,167.4401,167.45,6503.989506,167.4962,152,
2026-03-27 20:42:00,167.45,167.4888,167.42,167.45,15192.745361,167.4615,270,
2026-03-27 20:43:00,167.45,167.46,167.4315,167.44,12883.807669,167.4617,245,
2026-03-27 20:44:00,167.45,167.45,167.4,167.43,15793.060248,167.4262,238,
2026-03-27 20:45:00,167.4,167.44,167.4,167.4065,5007.55371,167.4443,149,
2026-03-27 20:46:00,167.42,167.45,167.42,167.43,8880.923414,167.4633,193,
2026-03-27 20:47:00,167.41,167.42,167.4,167.41,20377.745731,167.4137,257,
2026-03-27 20:48:00,167.44,167.45,167.41,167.4239,12832.105356,167.4426,154,
2026-03-27 20:49:00,167.43,167.45,167.43,167.4494,8685.9138,167.2939,167,
2026-03-27 20:50:00,167.45,167.48,167.45,167.4539,10519.302422,167.4588,158,
2026-03-27 20:51:00,167.47,167.55,167.46,167.55,32445.943856,167.51,219,
2026-03-27 20:52:00,167.55,167.55,167.501,167.5192,2893.66662,167.5637,155,
2026-03-27 20:53:00,167.5106,167.5385,167.45,167.4994,12707.358365,167.5063,229,
2026-03-27 20:54:00,167.485,167.54,167.48,167.54,9125.465824,167.4513,208,
2026-03-27 20:55:00,167.53,167.53,167.51,167.52,4597.689425,167.5482,153,
2026-03-27 20:56:00,167.5039,167.52,167.5,167.51,5855.31805,166.926,123,
2026-03-27 20:57:00,167.52,167.55,167.48,167.4879,24533.585755,167.5493,207,
2026-03-27 20:58:00,167.5132,167.52,167.4991,167.51,2932.757865,166.9676,135,
2026-03-27 20:59:00,167.52,167.52,167.43,167.5,15666.114615,167.5211,280,
2026-03-27 21:00:00,167.5,167.5,167.4518,167.4518,4143.165699,167.4719,126,
2026-03-27 21:01:00,167.5,167.5,167.4799,167.48,4328.582774,167.5073,103,
2026-03-27 21:02:00,167.47,167.48,167.47,167.48,2108.952177,166.6474,140,
2026-03-27 21:03:00,167.48,167.49,167.48,167.48,3190.656108,167.5172,149,
2026-03-27 21:04:00,167.4826,167.49,167.46,167.4748,2936.288535,167.4908,111,
2026-03-27 21:05:00,167.47,167.49,167.45,167.45,3860.999683,167.5067,218,
2026-03-27 21:06:00,167.45,167.45,167.43,167.45,2928.14029,167.4531,124,
2026-03-27 21:07:00,167.45,167.45,167.43,167.43,3889.732303,167.3005,194,
2026-03-27 21:08:00,167.44,167.45,167.4346,167.45,2537.635428,167.6119,120,
2026-03-27 21:09:00,167.45,167.48,167.43,167.4761,7718.003985,167.443,144,
2026-03-27 21:10:00,167.45,167.4573,167.44,167.45,5176.364677,167.3287,128,
2026-03-27 21:11:00,167.45,167.4665,167.4493,167.4665,2425.95321,167.5203,113,
2026-03-27 21:12:00,167.4539,167.4539,167.4305,167.45,7486.734592,167.5443,179,
2026-03-27 21:13:00,167.4592,167.461,167.44,167.44,3783.333822,167.3834,173,
2026-03-27 21:14:00,167.47,167.47,167.45,167.4664,3147.759689,167.5022,148,
2026-03-27 21:15:00,167.48,167.48,167.45,167.46,5686.131822,167.4702,178,
2026-03-27 21:16:00,167.46,167.48,167.46,167.48,2992.89034,167.5167,110,
2026-03-27 21:17:00,167.49,167.49,167.47,167.473,12807.652639,167.4904,168,
2026-03-27 21:18:00,167.48,167.48,167.46,167.46,11835.617209,167.4746,146,
2026-03-27 21:19:00,167.47,167.49,167.47,167.4874,8216.867405,167.4961,150,
2026-03-27 21:20:00,167.47,167.4787,167.47,167.4703,920.459923,167.5634,109,
2026-03-27 21:21:00,167.47,167.48,167.47,167.48,8622.158186,167.476,159,
2026-03-27 21:22:00,167.47,167.48,167.47,167.48,1986.09877,167.4825,146,
2026-03-27 21:23:00,167.48,167.48,167.47,167.47,5595.273277,167.4799,153,
2026-03-27 21:24:00,167.48,167.48,167.46,167.46,7076.170696,167.4727,149,
2026-03-27 21:25:00,167.47,167.47,167.46,167.46,972.817897,167.6039,84,
2026-03-27 21:26:00,167.4699,167.47,167.44,167.44,4680.827266,167.4826,259,
2026-03-27 21:27:00,167.45,167.465,167.4405,167.46,13705.937502,167.4564,115,
2026-03-27 21:28:00,167.46,167.46,167.4574,167.46,1649.534075,167.5133,85,
2026-03-27 21:29:00,167.4597,167.48,167.44,167.46,19372.288014,167.4476,184,
2026-03-27 21:30:00,167.48,167.48,167.4499,167.45,3726.068181,167.4689,132,
2026-03-27 21:31:00,167.45,167.47,167.44,167.44,5152.856627,167.4795,135,
2026-03-27 21:32:00,167.42,167.4215,167.4,167.4,3802.956426,167.4538,318,
2026-03-27 21:33:00,167.41,167.41,167.41,167.41,855.519108,167.507,142,
2026-03-27 21:34:00,167.4,167.4,167.39,167.4,4265.998778,167.4339,367,
2026-03-27 21:35:00,167.39,167.39,167.3895,167.3895,2201.74879,170.4758,108,
2026-03-27 21:36:00,167.3802,167.39,167.38,167.38,6044.676976,167.4062,137,
2026-03-27 21:37:00,167.4,167.42,167.39,167.4,9776.370937,167.4004,144,
2026-03-27 21:38:00,167.38,167.43,167.38,167.43,2213.416567,167.4449,112,
2026-03-27 21:39:00,167.4,167.4,167.39,167.39,2862.551928,167.4285,109,
2026-03-27 21:40:00,167.4,167.41,167.39,167.41,8197.294586,167.4044,114,
2026-03-27 21:41:00,167.4,167.44,167.4,167.42,10742.379748,167.4158,99,
2026-03-27 21:42:00,167.4005,167.42,167.4005,167.42,4612.315375,167.4243,98,
2026-03-27 21:43:00,167.4213,167.4213,167.39,167.3987,6957.588508,167.4227,204,
2026-03-27 21:44:00,167.3899,167.3899,167.36,167.36,5524.905378,167.4008,255,
2026-03-27 21:45:00,167.39,167.39,167.36,167.37,2424.075675,167.3782,119,
2026-03-27 21:46:00,167.3707,167.47,167.3707,167.46,11837.900805,167.4337,145,
2026-03-27 21:47:00,167.4602,167.49,167.46,167.48,9414.502459,167.4901,144,
2026-03-27 21:48:00,167.4813,167.5,167.46,167.48,15468.50667,167.4714,161,
2026-03-27 21:49:00,167.45,167.46,167.45,167.45,4292.197053,167.459,125,
2026-03-27 21:50:00,167.44,167.44,167.4,167.4,6806.485152,167.4287,138,
2026-03-27 21:51:00,167.4037,167.41,167.4,167.4,4008.961883,167.4432,130,
2026-03-27 21:52:00,167.4,167.4,167.39,167.4,3912.890311,167.435,167,
2026-03-27 21:53:00,167.39,167.3937,167.39,167.39,2799.611109,167.4286,107,
2026-03-27 21:54:00,167.39,167.39,167.35,167.35,7709.59417,167.3748,241,
2026-03-27 21:55:00,167.35,167.35,167.3,167.33,8025.055027,167.338,469,
2026-03-27 21:56:00,167.3007,167.35,167.3,167.3027,7151.121779,167.3127,119,
2026-03-27 21:57:00,167.3,167.31,167.28,167.28,4610.401824,167.3118,185,
2026-03-27 21:58:00,167.29,167.2937,167.28,167.29,5185.609927,167.3102,128,
2026-03-27 21:59:00,167.29,167.2905,167.25,167.29,9711.908676,167.2966,265,
2026-03-27 22:00:00,167.2936,167.2937,167.27,167.27,2094.651701,167.3428,131,
2026-03-27 22:01:00,167.27,167.28,167.2112,167.2112,10490.561838,167.2562,309,
2026-03-27 22:02:00,167.23,167.24,167.22,167.24,2702.57833,167.2674,98,
2026-03-27 22:03:00,167.22,167.25,167.22,167.24,11549.605339,167.2352,126,
2026-03-27 22:04:00,167.2274,167.2274,167.2,167.2,17197.599172,167.2097,352,
2026-03-27 22:05:00,167.19,167.19,167.12,167.12,9060.713237,167.1653,305,
2026-03-27 22:06:00,167.12,167.1499,167.11,167.1353,4583.167156,167.1342,149,
2026-03-27 22:07:00,167.11,167.12,167.1,167.1,5794.694142,167.1283,293,
2026-03-27 22:08:00,167.1,167.14,167.1,167.13,8079.043808,167.1151,165,
2026-03-27 22:09:00,167.111,167.17,167.111,167.17,5305.201399,167.1524,143,
2026-03-27 22:10:00,167.17,167.2,167.16,167.18,11396.331872,167.1765,117,
2026-03-27 22:11:00,167.1901,167.1937,167.17,167.17,4702.20703,167.1901,167,
2026-03-27 22:12:00,167.19,167.2,167.17,167.2,6742.966872,167.2085,137,
2026-03-27 22:13:00,167.18,167.18,167.16,167.16,6389.771596,167.189,158,
2026-03-27 22:14:00,167.16,167.17,167.12,167.14,7961.433215,167.1604,193,
2026-03-27 22:15:00,167.12,167.15,167.11,167.15,13676.442134,167.1339,161,
2026-03-27 22:16:00,167.13,167.15,167.1,167.12,7789.893183,167.1379,212,
2026-03-27 22:17:00,167.13,167.13,167.11,167.12,5487.991521,167.1498,119,
2026-03-27 22:18:00,167.12,167.12,167.11,167.11,6100.093182,167.119,115,
2026-03-27 22:19:00,167.13,167.13,167.1,167.1,4388.973621,167.1516,186,
2026-03-27 22:20:00,167.12,167.12,167.11,167.11,1036.446689,167.183,109,
2026-03-27 22:21:00,167.1026,167.12,167.1,167.12,3309.425491,167.1361,120,
2026-03-27 22:22:00,167.13,167.13,167.12,167.12,3770.01463,167.1233,119,
2026-03-27 22:23:00,167.1287,167.1287,167.1,167.1,3615.352676,167.1268,151,
2026-03-27 22:24:00,167.1,167.12,167.0987,167.1,10201.797982,167.1189,262,
2026-03-27 22:25:00,167.1,167.1,167.09,167.09,9258.770031,167.1093,180,
2026-03-27 22:26:00,167.07,167.09,167.0426,167.0426,15394.321522,167.0653,317,
2026-03-27 22:27:00,167.04,167.05,167.01,167.0173,14246.303539,167.0271,257,
2026-03-27 22:28:00,167.02,167.03,167.02,167.0299,3954.011957,167.0254,121,
2026-03-27 22:29:00,167.0297,167.05,167.0201,167.05,4335.592474,167.0548,136,
2026-03-27 22:30:00,167.04,167.05,167.03,167.04,4525.965191,167.078,129,
2026-03-27 22:31:00,167.04,167.0401,167.02,167.02,6692.299484,167.0426,214,
2026-03-27 22:32:00,167.03,167.03,167.01,167.0102,5427.535602,167.0389,206,
2026-03-27 22:33:00,167.01,167.01,167.0,167.0003,16774.877987,167.0115,534,
2026-03-27 22:34:00,167.01,167.01,167.0,167.01,15639.892899,167.0169,196,
2026-03-27 22:35:00,167.01,167.01,167.0,167.01,7566.584012,167.0172,193,
2026-03-27 22:36:00,167.01,167.01,167.0,167.01,6186.664506,167.0209,329,
2026-03-27 22:37:00,167.0087,167.01,167.0,167.0,5705.905019,167.0311,228,
2026-03-27 22:38:00,167.01,167.02,167.0,167.02,10882.494413,167.0111,908,
2026-03-27 22:39:00,167.04,167.04,167.0399,167.04,1495.092715,167.0442,117,
2026-03-27 22:40:00,167.03,167.07,167.0252,167.0592,4894.228356,167.0564,127,
2026-03-27 22:41:00,167.04,167.05,167.03,167.0474,1944.111876,167.0523,114,
2026-03-27 22:42:00,167.03,167.05,167.03,167.04,1364.067737,167.0545,90,
2026-03-27 22:43:00,167.05,167.05,167.0339,167.0339,2110.602587,167.097,136,
2026-03-27 22:44:00,167.04,167.04,167.01,167.01,4231.493754,167.0464,229,
2026-03-27 22:45:00,167.01,167.02,167.0,167.0026,5418.671271,167.0296,308,
2026-03-27 22:46:00,167.0,167.01,167.0,167.0,10158.787021,167.0144,623,
2026-03-27 22:47:00,167.01,167.01,167.0,167.01,3336.708868,167.0415,188,
2026-03-27 22:48:00,167.0174,167.0174,167.0,167.0013,4237.108512,167.0121,258,
2026-03-27 22:49:00,167.0,167.0174,167.0,167.01,1940.092192,167.0178,118,
2026-03-27 22:50:00,167.01,167.02,167.0,167.02,2212.712292,167.066,118,
2026-03-27 22:51:00,167.02,167.02,167.01,167.01,12951.507756,167.0169,184,
2026-03-27 22:52:00,167.0,167.02,167.0,167.02,13625.515257,167.0092,558,
2026-03-27 22:53:00,167.0192,167.02,167.0,167.0,3257.686495,167.0449,156,
2026-03-27 22:54:00,167.0,167.01,167.0,167.0097,2872.562767,167.036,201,
2026-03-27 22:55:00,167.0,167.01,167.0,167.01,4718.659512,167.027,339,
2026-03-27 22:56:00,167.01,167.02,167.01,167.01,2990.844507,167.0597,126,
2026-03-27 22:57:00,167.024,167.03,167.01,167.03,3680.286485,167.0374,125,
2026-03-27 22:58:00,167.0488,167.06,167.0107,167.02,9615.763767,167.0493,156,
2026-03-27 22:59:00,167.05,167.05,167.01,167.0291,1961.748532,167.0934,141,
2026-03-27 23:00:00,167.03,167.04,167.03,167.04,1846.611165,167.0915,94,
2026-03-27 23:01:00,167.04,167.05,167.04,167.05,7093.209265,167.0528,137,
2026-03-27 23:02:00,167.05,167.055,167.04,167.04,4168.853577,167.0812,157,
2026-03-27 23:03:00,167.0488,167.0488,167.0,167.0097,10372.212832,167.0131,585,
2026-03-27 23:04:00,167.0098,167.0098,166.92,166.92,35192.967176,166.9971,2050,
2026-03-27 23:05:00,166.95,166.95,166.91,166.9448,5456.978912,166.9558,193,
2026-03-27 23:06:00,166.92,166.93,166.9,166.9,3028.089416,166.9187,137,
2026-03-27 23:07:00,166.91,166.91,166.85,166.85,12755.771345,166.883,525,
2026-03-27 23:08:00,166.84,166.84,166.71,166.74,21307.436022,166.7578,612,
2026-03-27 23:09:00,166.75,166.835,166.75,166.81,12052.633287,166.7971,185,
2026-03-27 23:10:00,166.8099,166.89,166.8,166.8174,8701.620346,166.8266,200,
2026-03-27 23:11:00,166.8,166.82,166.8,166.82,6033.804813,166.835,159,
2026-03-27 23:12:00,166.82,166.87,166.82,166.8521,8355.428255,166.8511,146,
2026-03-27 23:13:00,166.8165,166.84,166.8165,166.83,3164.801881,166.8667,148,
2026-03-27 23:14:00,166.8,166.82,166.8,166.8007,4846.219531,166.8158,162,
2026-03-27 23:15:00,166.82,166.8205,166.8,166.8,7882.060307,166.8073,196,
2026-03-27 23:16:00,166.77,166.8,166.72,166.8,6036.97672,166.8095,144,
2026-03-27 23:17:00,166.79,166.8,166.7505,166.8,7863.592509,166.7917,130,
2026-03-27 23:18:00,166.77,166.7908,166.75,166.75,4296.324859,166.7764,122,
2026-03-27 23:19:00,166.75,166.75,166.7,166.7,14638.482241,166.7169,385,
2026-03-27 23:20:00,166.7,166.7,166.68,166.68,4932.091182,166.6963,153,
2026-03-27 23:21:00,166.68,166.7,166.68,166.68,8085.297848,166.6946,130,
2026-03-27 23:22:00,166.68,166.75,166.66,166.7,21180.445031,166.6876,331,
2026-03-27 23:23:00,166.7409,166.75,166.7,166.71,3824.639661,166.7648,159,
2026-03-27 23:24:00,166.7001,166.75,166.7001,166.75,6545.421955,166.7349,112,
2026-03-27 23:25:00,166.73,166.75,166.72,166.74,3105.792271,166.7774,110,
2026-03-27 23:26:00,166.73,166.74,166.73,166.74,2850.59196,166.7707,153,
2026-03-27 23:27:00,166.7313,166.74,166.73,166.74,3249.264438,166.749,119,
2026-03-27 23:28:00,166.7303,166.7497,166.73,166.7497,4953.157696,166.7415,131,
2026-03-27 23:29:00,166.74,166.8,166.73,166.77,11587.009001,166.7656,153,
2026-03-27 23:30:00,166.82,166.96,166.7791,166.8301,10399.412021,166.8763,136,
2026-03-27 23:31:00,166.8896,166.8896,166.82,166.82,11740.128342,166.8333,161,
2026-03-27 23:32:00,166.83,166.83,166.8,166.8294,3552.506744,166.8406,135,
2026-03-27 23:33:00,166.82,166.83,166.8,166.8174,5046.660826,166.8416,126,
2026-03-27 23:34:00,166.82,166.83,166.8,166.81,5025.885752,166.8422,127,
2026-03-27 23:35:00,166.83,166.85,166.75,166.75,6911.244911,166.8202,222,
2026-03-27 23:36:00,166.7565,166.8,166.75,166.76,9342.704104,166.7846,200,
2026-03-27 23:37:00,166.77,166.77,166.7501,166.76,3928.830268,166.7988,131,
2026-03-27 23:38:00,166.7502,166.7502,166.74,166.7494,3593.581527,166.775,210,
2026-03-27 23:39:00,166.73,166.74,166.721,166.74,2930.400157,166.7565,139,
2026-03-27 23:40:00,166.7239,166.74,166.7203,166.7226,6726.406514,166.7407,114,
2026-03-27 23:41:00,166.72,166.73,166.7001,166.71,8120.94796,166.7345,209,
2026-03-27 23:42:00,166.7,166.7,166.66,166.68,7072.097748,166.6816,281,
2026-03-27 23:43:00,166.6726,166.69,166.66,166.67,10239.019216,166.6726,194,
2026-03-27 23:44:00,166.67,166.69,166.66,166.6704,8471.537736,166.6828,104,
2026-03-27 23:45:00,166.68,166.68,166.65,166.67,9426.141891,166.668,270,
2026-03-27 23:46:00,166.6674,166.67,166.61,166.61,11520.528853,166.6531,358,
2026-03-27 23:47:00,166.61,166.62,166.55,166.5503,10274.464268,166.5998,390,
2026-03-27 23:48:00,166.55,166.56,166.45,166.54,71684.844127,166.5075,786,
2026-03-27 23:49:00,166.51,166.54,166.5002,166.5002,8716.192573,166.5241,156,
2026-03-27 23:50:00,166.53,166.59,166.5001,166.56,9958.124134,166.5506,161,
2026-03-27 23:51:00,166.57,166.68,166.55,166.66,9960.116696,166.6053,157,
2026-03-27 23:52:00,166.6685,166.67,166.6008,166.62,11157.654498,166.6538,190,
2026-03-27 23:53:00,166.66,166.68,166.6,166.6237,23257.780367,166.6498,178,
2026-03-27 23:54:00,166.62,166.65,166.62,166.6361,12385.785851,166.654,157,
2026-03-27 23:55:00,166.64,166.64,166.6,166.6,9065.370564,166.616,183,
2026-03-27 23:56:00,166.6,166.62,166.6,166.6004,13044.482105,166.611,230,
2026-03-27 23:57:00,166.61,166.67,166.61,166.6695,15426.536616,166.6379,173,
2026-03-27 23:58:00,166.6599,166.66,166.55,166.5501,19297.128107,166.6156,431,
2026-03-27 23:59:00,166.5761,166.62,166.55,166.6,29142.337241,166.5908,295,
2026-03-30 08:00:00,167.82,168.25,167.53,167.93,22033.095619,167.8879,1610,
2026-03-30 08:01:00,167.88,168.73,166.73,167.98,658713.87644,167.7529,20012,
2026-03-30 08:02:00,167.83,167.89,167.79,167.79,6918.97549,167.8803,169,
2026-03-30 08:03:00,167.79,167.9,167.76,167.9,6566.546554,167.7107,220,
2026-03-30 08:04:00,167.81,168.0,167.81,168.0,5921.785522,167.9985,141,
2026-03-30 08:05:00,168.14,168.21,168.14,168.21,3651.370143,168.1713,135,
2026-03-30 08:06:00,168.18,168.2,168.15,168.15,4552.129255,168.1813,168,
2026-03-30 08:07:00,168.18,168.18,168.02,168.02,5852.830995,168.1058,142,
2026-03-30 08:08:00,168.0,168.11,167.96,168.11,5371.503729,168.0162,195,
2026-03-30 08:09:00,168.135,168.2364,168.11,168.2364,3157.123004,168.161,88,
2026-03-30 08:10:00,168.2,168.25,168.19,168.23,4433.474576,168.2509,127,
2026-03-30 08:11:00,168.26,168.29,168.15,168.15,4113.889298,168.2829,142,
2026-03-30 08:12:00,168.25,168.37,168.25,168.29,6210.22028,168.3089,161,
2026-03-30 08:13:00,168.34,168.43,168.31,168.42,5723.392638,168.3843,175,
2026-03-30 08:14:00,168.42,168.48,168.41,168.48,5272.173399,168.452,146,
2026-03-30 08:15:00,168.49,168.49,168.28,168.37,16541.311658,168.3611,257,
2026-03-30 08:16:00,168.45,168.55,168.45,168.5,6537.187088,168.5068,150,
2026-03-30 08:17:00,168.57,168.66,168.55,168.66,8998.425222,168.5943,174,
2026-03-30 08:18:00,168.52,168.62,168.5,168.5,11385.523611,168.5707,238,
2026-03-30 08:19:00,168.4527,168.57,168.45,168.54,2272.89773,168.5667,71,
2026-03-30 08:20:00,168.56,168.59,168.5,168.5,2884.342963,168.5778,104,
2026-03-30 08:21:00,168.55,168.5907,168.39,168.4,7936.990054,168.4924,177,
2026-03-30 08:22:00,168.62,168.62,168.5,168.5,2583.583811,168.5659,66,
2026-03-30 08:23:00,168.53,168.53,168.39,168.39,4031.170782,168.4616,126,
2026-03-30 08:24:00,168.39,168.4748,168.39,168.4748,2872.010665,168.4124,71,
2026-03-30 08:25:00,168.38,168.415,168.27,168.28,4581.856895,168.3582,147,
2026-03-30 08:26:00,168.36,168.41,168.36,168.41,2587.753796,168.4348,80,
2026-03-30 08:27:00,168.38,168.41,168.38,168.41,1567.231642,168.4305,58,
2026-03-30 08:28:00,168.38,168.4,168.38,168.4,1530.989454,168.5038,79,
2026-03-30 08:29:00,168.38,168.42,168.35,168.4,1910.045728,168.3806,64,
2026-03-30 08:30:00,168.34,168.4,168.2822,168.4,5677.599268,168.3861,104,
2026-03-30 08:31:00,168.39,168.4,168.39,168.4,9099.42349,168.4044,128,
2026-03-30 08:32:00,168.41,168.41,168.36,168.37,6988.972305,168.4143,122,
2026-03-30 08:33:00,168.4,168.6,168.4,168.53,15503.042465,168.5208,239,
2026-03-30 08:34:00,168.5,168.53,168.46,168.46,4508.200942,168.5137,121,
2026-03-30 08:35:00,168.49,168.49,168.4,168.43,2213.548534,168.4693,96,
2026-03-30 08:36:00,168.4,168.52,168.4,168.48,2894.968548,168.5123,78,
2026-03-30 08:37:00,168.49,168.52,168.49,168.52,4509.862781,168.5319,93,
2026-03-30 08:38:00,168.55,168.68,168.55,168.68,10736.542766,168.6174,145,
2026-03-30 08:39:00,168.65,168.66,168.6,168.61,3803.584841,168.6658,133,
2026-03-30 08:40:00,168.6463,168.825,168.64,168.825,20109.376492,168.7179,253,
2026-03-30 08:41:00,168.8,168.85,168.75,168.85,8312.370122,168.813,136,
2026-03-30 08:42:00,168.87,168.87,168.81,168.86,3467.212196,168.8492,99,
2026-03-30 08:43:00,168.87,168.94,168.85,168.94,8721.171172,168.8928,196,
2026-03-30 08:44:00,168.9,169.0,168.8963,168.99,12200.535452,168.9727,237,
2026-03-30 08:45:00,168.99,169.05,168.95,169.02,11329.269558,168.9976,171,
2026-03-30 08:46:00,169.04,169.07,168.85,168.9,19506.313798,168.9635,297,
2026-03-30 08:47:00,168.8823,169.0,168.8687,168.93,15233.150408,168.9309,247,
2026-03-30 08:48:00,168.93,168.93,168.72,168.86,11035.105214,168.8258,184,
2026-03-30 08:49:00,168.86,169.09,168.81,169.07,12175.176498,168.935,186,
2026-03-30 08:50:00,169.04,169.05,168.96,169.03,9527.972823,169.0361,179,
2026-03-30 08:51:00,169.0355,169.15,169.02,169.113,5132.940667,169.1421,139,
2026-03-30 08:52:00,169.135,169.18,169.12,169.17,3457.536529,169.1809,92,
2026-03-30 08:53:00,169.14,169.14,169.0,169.12,9676.239499,169.0929,225,
2026-03-30 08:54:00,169.1,169.1,169.0,169.0,6092.239424,169.0315,145,
2026-03-30 08:55:00,169.0,169.01,169.0,169.01,2482.416142,169.046,106,
2026-03-30 08:56:00,169.04,169.04,169.0,169.02,2754.303385,169.0401,67,
2026-03-30 08:57:00,169.05,169.3,169.05,169.3,10654.464771,169.1888,201,
2026-03-30 08:58:00,169.28,169.37,169.25,169.37,15046.727245,169.3041,184,
2026-03-30 08:59:00,169.34,169.44,169.29,169.29,13754.336206,169.374,228,
2026-03-30 09:00:00,169.3,169.44,169.3,169.39,6693.005833,169.3797,130,
2026-03-30 09:01:00,169.34,169.4,169.29,169.4,5783.408171,169.354,126,
2026-03-30 09:02:00,169.37,169.45,169.37,169.4,10016.492922,169.4243,167,
2026-03-30 09:03:00,169.35,169.36,169.28,169.33,5269.448002,169.3324,127,
2026-03-30 09:04:00,169.39,169.44,169.39,169.4,5083.251923,169.4134,141,
2026-03-30 09:05:00,169.4433,169.4433,169.16,169.2,6490.487201,169.3014,206,
2026-03-30 09:06:00,169.23,169.32,169.23,169.26,9534.287667,169.2531,157,
2026-03-30 09:07:00,169.23,169.3236,169.21,169.3236,4972.022692,169.2467,103,
2026-03-30 09:08:00,169.35,169.45,169.3,169.31,8221.027154,169.3555,159,
2026-03-30 09:09:00,169.39,169.47,169.34,169.36,20293.217709,169.4076,289,
2026-03-30 09:10:00,169.35,169.38,169.31,169.31,6379.316686,169.3487,167,
2026-03-30 09:11:00,169.26,169.46,169.15,169.34,13802.544795,169.3105,302,
2026-03-30 09:12:00,169.3,169.35,169.26,169.3112,2537.027154,169.3032,89,
2026-03-30 09:13:00,169.26,169.34,169.23,169.28,6018.756596,169.3038,122,
2026-03-30 09:14:00,169.28,169.3,169.14,169.2,9818.034677,169.2497,179,
2026-03-30 09:15:00,169.1589,169.27,169.0,169.05,15552.814386,169.0519,305,
2026-03-30 09:16:00,169.01,169.08,168.91,169.06,11357.925463,168.9946,266,
2026-03-30 09:17:00,168.98,169.29,168.96,169.15,12193.049425,169.0456,226,
2026-03-30 09:18:00,169.07,169.07,168.98,168.98,2643.790229,169.0729,78,
2026-03-30 09:19:00,168.9974,169.04,168.96,168.96,2243.688783,169.0478,64,
2026-03-30 09:20:00,168.96,169.1,168.96,169.02,3627.077292,169.0311,91,
2026-03-30 09:21:00,169.05,169.1,169.04,169.05,3826.475242,169.0777,76,
2026-03-30 09:22:00,169.0251,169.05,168.99,169.04,3215.866979,169.0653,96,
2026-03-30 09:23:00,168.96,169.02,168.91,169.01,6590.247208,168.9658,136,
2026-03-30 09:24:00,169.02,169.16,168.9944,169.16,9710.347824,169.1091,137,
2026-03-30 09:25:00,169.13,169.25,169.13,169.22,5741.215454,169.1899,126,
2026-03-30 09:26:00,169.19,169.2,169.17,169.2,2469.906101,169.2502,70,
2026-03-30 09:27:00,169.17,169.27,169.1,169.11,16358.214028,169.2119,205,
2026-03-30 09:28:00,169.12,169.14,169.03,169.05,4710.566396,169.1183,81,
2026-03-30 09:29:00,169.05,169.6,169.04,169.29,53418.985278,169.3734,749,
2026-03-30 09:30:00,169.35,169.4,169.3,169.33,2180.907563,169.3993,77,
2026-03-30 09:31:00,169.26,169.38,169.26,169.26,6102.276147,169.3425,116,
2026-03-30 09:32:00,169.245,169.245,169.09,169.18,8643.797602,169.183,140,
2026-03-30 09:33:00,169.08,169.1,169.07,169.07,1559.484934,169.1493,52,
2026-03-30 09:34:00,169.12,169.17,169.02,169.11,7786.625521,169.0943,167,
2026-03-30 09:35:00,169.08,169.09,168.91,168.97,20660.043875,168.9971,430,
2026-03-30 09:36:00,168.96,169.0,168.91,168.96,4745.705834,168.9688,109,
2026-03-30 09:37:00,168.98,169.0,168.91,168.99,2388.127347,168.9633,68,
2026-03-30 09:38:00,168.97,169.0,168.97,168.98,6325.007199,168.9949,133,
2026-03-30 09:39:00,168.99,169.18,168.98,169.13,11800.549899,169.0276,210,
2026-03-30 09:40:00,169.0,169.1,169.0,169.1,1752.765052,169.0947,30,
2026-03-30 09:41:00,169.08,169.14,168.98,168.99,2456.293204,169.0469,101,
2026-03-30 09:42:00,169.0,169.04,168.95,168.95,5175.536538,169.0066,159,
2026-03-30 09:43:00,168.97,168.97,168.91,168.93,2568.2,168.9485,77,
2026-03-30 09:44:00,168.99,169.05,168.98,168.98,1000.593101,169.0913,50,
2026-03-30 09:45:00,168.96,168.96,168.96,168.96,888.40525,169.0258,42,
2026-03-30 09:46:00,168.9526,169.01,168.9526,169.0,2168.877695,169.0536,54,
2026-03-30 09:47:00,169.02,169.02,168.97,168.97,1419.771943,169.0751,61,
2026-03-30 09:48:00,169.02,169.1,169.02,169.05,4041.108143,169.0458,65,
2026-03-30 09:49:00,169.01,169.06,169.0021,169.0021,1633.649353,169.0826,58,
2026-03-30 09:50:00,169.0,169.0,168.94,168.94,1219.312537,169.0123,85,
2026-03-30 09:51:00,168.94,169.0,168.93,168.95,1353.144048,168.9689,58,
2026-03-30 09:52:00,169.0,169.02,168.99,169.0,4478.983977,169.0386,90,
2026-03-30 09:53:00,168.9572,169.09,168.9572,169.0,2808.197214,169.053,75,
2026-03-30 09:54:00,168.95,168.95,168.93,168.95,1179.034,168.9559,57,
2026-03-30 09:55:00,168.91,169.0,168.87,168.87,3774.327913,168.9197,155,
2026-03-30 09:56:00,168.91,168.99,168.87,168.88,3447.871165,168.9286,104,
2026-03-30 09:57:00,168.9,168.94,168.83,168.88,3598.126959,168.8708,105,
2026-03-30 09:58:00,168.89,169.07,168.88,169.07,5298.669483,168.9789,104,
2026-03-30 09:59:00,169.0835,169.1,169.0835,169.1,691.009155,169.066,38,
2026-03-30 10:00:00,169.0,169.1,168.9,168.99,6652.57184,169.0051,143,
2026-03-30 10:01:00,168.93,168.99,168.91,168.99,1730.076098,168.94,55,
2026-03-30 10:02:00,168.9,169.0,168.9,168.98,18400.123574,168.9273,146,
2026-03-30 10:03:00,168.95,168.99,168.95,168.99,727.611074,169.1196,48,
2026-03-30 10:04:00,168.99,169.0,168.98,168.99,6246.34278,168.9946,135,
2026-03-30 10:05:00,169.0,169.1,169.0,169.1,11134.3,169.0227,151,
2026-03-30 10:06:00,169.08,169.08,169.0017,169.0049,2021.496645,169.0636,47,
2026-03-30 10:07:00,169.01,169.06,169.01,169.02,3315.119787,169.0437,91,
2026-03-30 10:08:00,169.0,169.11,169.0,169.11,3552.389933,169.0641,147,
2026-03-30 10:09:00,169.07,169.12,169.03,169.03,3927.195533,169.0609,92,
2026-03-30 10:10:00,169.03,169.04,169.03,169.04,1606.910851,169.1272,54,
2026-03-30 10:11:00,169.04,169.05,169.0,169.02,4361.524386,169.0352,111,
2026-03-30 10:12:00,169.0026,169.04,168.9,168.9,4574.655229,168.9893,120,
2026-03-30 10:13:00,168.95,168.97,168.9,168.97,3834.368221,168.9563,58,
2026-03-30 10:14:00,168.97,169.01,168.97,169.01,4282.155451,168.9823,81,
2026-03-30 10:16:00,168.95,169.0,168.9,168.99,6150.150887,168.9237,103,
2026-03-30 10:17:00,168.95,168.95,168.91,168.95,2716.111596,168.9378,69,
2026-03-30 10:18:00,169.0,169.01,169.0,169.01,1902.297419,169.02,65,
2026-03-30 10:19:00,168.95,168.9501,168.95,168.9501,521.102627,168.9846,29,
2026-03-30 10:20:00,168.9559,169.0,168.9559,169.0,2109.258089,169.0045,90,
2026-03-30 10:21:00,169.03,169.07,168.96,169.0,3818.390219,169.0303,77,
2026-03-30 10:22:00,169.01,169.02,168.9,168.92,3203.364328,168.9752,113,
2026-03-30 10:23:00,168.97,168.97,168.83,168.83,5901.183383,168.871,176,
2026-03-30 10:24:00,168.82,168.84,168.68,168.68,6934.908566,168.8004,290,
2026-03-30 10:25:00,168.73,168.78,168.7,168.76,6571.522129,168.7504,108,
2026-03-30 10:26:00,168.78,168.85,168.78,168.85,3288.046668,168.8089,74,
2026-03-30 10:27:00,168.83,168.83,168.75,168.8,3978.371974,168.804,93,
2026-03-30 10:28:00,168.77,168.77,168.66,168.68,5635.041083,168.7161,150,
2026-03-30 10:29:00,168.705,168.78,168.55,168.55,5552.193157,168.6739,210,
2026-03-30 10:30:00,168.55,168.58,168.52,168.5377,3721.635957,168.574,85,
2026-03-30 10:31:00,168.55,168.55,168.38,168.46,6697.206714,168.4417,218,
2026-03-30 10:32:00,168.445,168.445,168.33,168.4,30185.515068,168.4006,287,
2026-03-30 10:33:00,168.43,168.5,168.43,168.44,3297.675226,168.486,87,
2026-03-30 10:34:00,168.41,168.45,168.38,168.4,11476.087538,168.4051,143,
2026-03-30 10:35:00,168.4193,168.61,168.4193,168.57,14222.75288,168.5477,224,
2026-03-30 10:36:00,168.59,168.75,168.59,168.6,5801.899303,168.68,102,
2026-03-30 10:37:00,168.58,168.58,168.42,168.42,3072.318797,168.5187,90,
2026-03-30 10:38:00,168.46,168.46,168.37,168.4,5626.123944,168.4093,160,
2026-03-30 10:39:00,168.39,168.41,168.35,168.41,2828.194175,168.3851,109,
2026-03-30 10:40:00,168.36,168.36,168.3,168.31,4572.523758,168.3325,100,
2026-03-30 10:41:00,168.31,168.36,168.17,168.17,15782.401189,168.2731,350,
2026-03-30 10:42:00,168.1508,168.25,168.1508,168.25,5012.06831,168.2433,87,
2026-03-30 10:43:00,168.25,168.25,168.1,168.18,7825.58923,168.1801,226,
2026-03-30 10:44:00,168.2,168.2,168.06,168.06,9900.35826,168.1182,113,
2026-03-30 10:45:00,168.06,168.09,168.0,168.02,9758.929574,168.0607,200,
2026-03-30 10:46:00,168.0,168.12,168.0,168.11,6248.144643,168.0518,160,
2026-03-30 10:47:00,168.12,168.25,168.08,168.25,4782.831943,168.2199,135,
2026-03-30 10:48:00,168.28,168.46,168.27,168.34,10202.977708,168.3794,194,
2026-03-30 10:49:00,168.35,168.4,168.32,168.33,6169.983046,168.3953,157,
2026-03-30 10:50:00,168.39,168.47,168.39,168.47,3730.192272,168.436,102,
2026-03-30 10:51:00,168.4,168.4,168.15,168.32,10713.067257,168.3498,250,
2026-03-30 10:52:00,168.32,168.4303,168.32,168.34,3377.001312,168.3441,101,
2026-03-30 10:53:00,168.29,168.35,168.29,168.35,1587.702417,168.4058,49,
2026-03-30 10:54:00,168.344,168.35,168.344,168.35,912.227213,168.3985,48,
2026-03-30 10:55:00,168.35,168.35,168.33,168.33,2006.641942,168.4057,74,
2026-03-30 10:56:00,168.39,168.4,168.3,168.3,3482.947224,168.3981,113,
2026-03-30 10:57:00,168.25,168.4,168.18,168.4,17619.162937,168.2693,252,
2026-03-30 10:58:00,168.39,168.44,168.25,168.25,18978.793582,168.3418,201,
2026-03-30 10:59:00,168.25,168.25,168.17,168.24,6622.291168,168.2094,172,
2026-03-30 11:00:00,168.24,168.29,168.0434,168.1,76955.371619,168.1673,1109,
2026-03-30 11:01:00,168.09,168.6,168.0507,168.5,87904.149041,168.3391,1042,
2026-03-30 11:02:00,168.51,168.5617,168.4,168.45,24513.938357,168.4763,289,
2026-03-30 11:03:00,168.4,168.55,168.4,168.54,11721.0,168.4493,239,
2026-03-30 11:04:00,168.55,168.56,168.4,168.5,20339.371106,168.5007,268,
2026-03-30 11:05:00,168.54,168.65,168.54,168.5998,19342.453554,168.595,187,
2026-03-30 11:06:00,168.6,168.75,168.6,168.69,23425.793173,168.6971,302,
2026-03-30 11:07:00,168.66,168.76,168.64,168.7283,15157.377237,168.7152,221,
2026-03-30 11:08:00,168.65,168.71,168.6091,168.69,14295.30096,168.662,162,
2026-03-30 11:09:00,168.66,168.71,168.65,168.65,8048.444031,168.6879,157,
2026-03-30 11:10:00,168.61,168.64,168.49,168.5,13473.346218,168.5558,240,
2026-03-30 11:11:00,168.52,168.55,168.47,168.54,20241.731424,168.507,205,
2026-03-30 11:12:00,168.5235,168.58,168.45,168.5,17172.852196,168.5198,223,
2026-03-30 11:13:00,168.48,168.55,168.48,168.55,9905.447979,168.5281,143,
2026-03-30 11:14:00,168.55,168.55,168.0,168.15,156513.779728,168.1384,2096,
2026-03-30 11:15:00,168.14,168.17,167.91,168.1117,82665.04825,168.0116,593,
2026-03-30 11:16:00,168.13,168.2,167.96,168.2,29551.797379,168.068,385,
2026-03-30 11:17:00,168.2,168.5,168.2,168.49,18547.563964,168.3227,272,
2026-03-30 11:18:00,168.4896,168.55,168.41,168.41,10561.787666,168.5053,241,
2026-03-30 11:19:00,168.4,168.6,168.4,168.55,15331.394135,168.5211,241,
2026-03-30 11:20:00,168.54,168.57,168.4304,168.4717,8142.297331,168.5175,128,
2026-03-30 11:21:00,168.5302,168.55,168.42,168.45,12494.133449,168.4827,158,
2026-03-30 11:22:00,168.48,168.5,168.46,168.46,6358.625344,168.4904,122,
2026-03-30 11:23:00,168.46,168.55,168.45,168.55,14160.708276,168.5212,192,
2026-03-30 11:24:00,168.53,168.6,168.4604,168.57,15353.422067,168.5397,177,
2026-03-30 11:25:00,168.58,168.6,168.5,168.5,14244.31097,168.566,215,
2026-03-30 11:26:00,168.4793,169.5,168.4793,168.92,91036.591378,169.1175,1751,
2026-03-30 11:27:00,168.82,169.46,168.82,169.02,41860.70152,169.0914,856,
2026-03-30 11:28:00,169.09,169.3,168.85,169.14,32820.707038,169.1145,481,
2026-03-30 11:29:00,169.02,169.3,169.02,169.22,28838.513396,169.2128,313,
2026-03-30 11:30:00,169.2,169.39,168.98,169.09,26155.393794,169.0636,501,
2026-03-30 11:31:00,169.1,169.2,168.8496,168.8496,21072.27089,168.9954,378,
2026-03-30 11:32:00,168.89,168.96,168.8121,168.9207,17580.893695,168.9206,242,
2026-03-30 11:33:00,168.88,168.95,168.7,168.8497,12006.721043,168.8439,246,
2026-03-30 11:34:00,168.81,168.8139,168.69,168.7401,11603.561784,168.7607,198,
2026-03-30 11:35:00,168.81,169.01,168.75,169.0,37834.982839,168.8855,364,
2026-03-30 11:36:00,168.95,169.0146,168.89,169.0,6507.58665,168.9756,162,
2026-03-30 11:37:00,169.0,169.02,168.88,168.9,9611.0,168.7897,177,
2026-03-30 11:38:00,168.93,169.01,168.7897,168.905,13608.575413,168.8828,263,
2026-03-30 11:39:00,168.92,168.92,168.8236,168.88,7404.265084,168.8839,124,
2026-03-30 11:40:00,168.8707,168.8986,168.75,168.82,23028.388757,168.0028,223,
2026-03-30 11:41:00,168.8888,168.8888,168.71,168.733,15010.451925,168.7866,216,
2026-03-30 11:42:00,168.7209,168.89,168.7209,168.89,6321.0,168.821,132,
2026-03-30 11:43:00,168.8645,168.95,168.86,168.9,9949.0584,168.8953,166,
2026-03-30 11:44:00,168.9,168.909,168.8,168.8874,13393.060327,168.8655,213,
2026-03-30 11:45:00,168.91,168.91,168.79,168.83,4065.021945,168.8674,131,
2026-03-30 11:46:00,168.83,168.8984,168.8161,168.89,2831.93977,168.9156,125,
2026-03-30 11:47:00,168.86,168.88,168.83,168.87,5737.853916,168.8872,190,
2026-03-30 11:48:00,168.86,168.865,168.81,168.83,3751.949112,168.8872,141,
2026-03-30 11:49:00,168.84,168.8709,168.56,168.75,35565.856379,168.6843,864,
2026-03-30 11:50:00,168.8,168.8691,168.78,168.84,7161.567547,168.8419,174,
2026-03-30 11:51:00,168.85,168.91,168.82,168.8586,14936.452673,168.8785,254,
2026-03-30 11:52:00,168.8,168.8754,168.7008,168.7466,9862.86998,168.7952,205,
2026-03-30 11:53:00,168.7748,168.7757,168.6731,168.74,19951.362516,168.7344,216,
2026-03-30 11:54:00,168.74,168.75,168.63,168.75,8869.84675,168.7238,246,
2026-03-30 11:55:00,168.76,168.76,168.6565,168.6565,9681.102279,168.718,165,
2026-03-30 11:56:00,168.68,168.7486,168.6461,168.65,12147.330381,168.6882,184,
2026-03-30 11:57:00,168.6307,168.65,168.55,168.6,12093.063965,168.5928,232,
2026-03-30 11:58:00,168.5501,168.69,168.54,168.69,16606.280354,168.5791,178,
2026-03-30 11:59:00,168.72,168.72,168.61,168.61,3609.82,168.7003,112,
2026-03-30 12:00:00,168.68,168.7092,168.46,168.47,24443.443583,168.5566,489,
2026-03-30 12:01:00,168.427,168.6,168.42,168.53,11679.210187,168.5481,725,
2026-03-30 12:02:00,168.53,168.56,168.42,168.54,16604.254649,168.5237,360,
2026-03-30 12:03:00,168.5596,168.56,168.43,168.43,9375.51704,168.501,187,
2026-03-30 12:04:00,168.4522,168.5599,168.45,168.55,8213.902887,168.5239,132,
2026-03-30 12:05:00,168.53,168.62,168.5,168.6,15428.391656,168.5641,243,
2026-03-30 12:06:00,168.6,168.64,168.5573,168.58,8335.100219,168.6044,160,
2026-03-30 12:07:00,168.55,168.5515,168.4396,168.51,50034.896771,167.89,1197,
2026-03-30 12:08:00,168.53,168.5845,168.46,168.46,9274.267655,168.5221,164,
2026-03-30 12:09:00,168.48,168.56,168.4531,168.53,14307.185035,168.5161,245,
2026-03-30 12:10:00,168.53,168.55,168.53,168.54,11406.955232,168.5539,278,
2026-03-30 12:11:00,168.55,168.58,168.52,168.53,10538.584071,168.5429,239,
2026-03-30 12:12:00,168.53,168.65,168.53,168.63,21568.576592,168.5744,181,
2026-03-30 12:13:00,168.65,168.71,168.6295,168.71,18218.481926,168.6702,180,
2026-03-30 12:14:00,168.73,168.74,168.65,168.65,8069.771314,168.709,181,
2026-03-30 12:15:00,168.67,168.67,168.6,168.6009,7369.706428,168.6571,193,
2026-03-30 12:16:00,168.6072,168.69,168.6,168.6,10802.100157,168.8549,206,
2026-03-30 12:17:00,168.6381,168.76,168.55,168.76,13866.016474,168.6479,266,
2026-03-30 12:18:00,168.79,168.88,168.7286,168.83,32348.865694,168.7965,363,
2026-03-30 12:19:00,168.7961,168.8,168.77,168.791,5741.858705,168.8142,173,
2026-03-30 12:20:00,168.79,168.84,168.75,168.84,14665.470963,168.7931,234,
2026-03-30 12:21:00,168.84,168.99,168.84,168.99,17685.708506,168.9057,272,
2026-03-30 12:22:00,168.98,169.08,168.98,169.04,28732.781281,169.0203,436,
2026-03-30 12:23:00,169.0095,169.2,169.0,169.17,26111.259677,169.1506,392,
2026-03-30 12:24:00,169.16,169.2,169.0519,169.07,17216.764916,169.1243,320,
2026-03-30 12:25:00,169.05,169.07,169.0,169.0371,16208.848082,169.045,212,
2026-03-30 12:26:00,169.03,169.18,168.98,169.1657,37301.831151,169.0776,412,
2026-03-30 12:27:00,169.13,169.13,169.0391,169.07,7030.469111,169.1062,186,
2026-03-30 12:28:00,169.08,169.09,169.02,169.0226,10542.554533,169.0728,177,
2026-03-30 12:29:00,169.0472,169.1,169.0472,169.07,9097.959001,169.0915,222,
2026-03-30 12:30:00,169.09,169.3,169.0113,169.3,39885.865088,169.2005,470,
2026-03-30 12:31:00,169.3,169.31,169.17,169.19,17161.074173,169.2351,293,
2026-03-30 12:32:00,169.16,169.31,169.16,169.2535,14837.824056,169.2671,274,
2026-03-30 12:33:00,169.235,169.28,169.15,169.2,10393.482449,169.2155,263,
2026-03-30 12:34:00,169.16,169.2221,169.0307,169.1,16541.840778,169.1214,285,
2026-03-30 12:35:00,169.09,169.1878,169.0476,169.1878,24797.4481,169.1329,304,
2026-03-30 12:36:00,169.17,169.19,169.1,169.16,21586.436585,169.1538,291,
2026-03-30 12:37:00,169.18,169.25,169.15,169.2435,9296.437527,169.2127,251,
2026-03-30 12:38:00,169.24,169.29,169.23,169.2866,9272.26289,169.2736,202,
2026-03-30 12:39:00,169.28,169.32,169.22,169.29,12610.208646,169.2815,342,
2026-03-30 12:40:00,169.25,169.26,169.12,169.25,11218.05783,169.1905,285,
2026-03-30 12:41:00,169.2448,169.27,169.13,169.13,12409.748881,169.2107,304,
2026-03-30 12:42:00,169.1593,169.181,169.1,169.1448,12079.243414,169.1436,216,
2026-03-30 12:43:00,169.12,169.2,169.0418,169.13,16606.139817,169.1166,213,
2026-03-30 12:44:00,169.187,169.187,169.1,169.1,6230.170673,169.1453,207,
2026-03-30 12:45:00,169.1,169.18,169.07,169.18,15084.103793,169.1039,307,
2026-03-30 12:46:00,169.12,169.1646,169.1,169.13,4001.370191,169.1393,181,
2026-03-30 12:47:00,169.13,169.15,169.08,169.1,5118.852413,169.1469,176,
2026-03-30 12:48:00,169.12,169.2,169.1,169.17,26087.045704,169.1794,324,
2026-03-30 12:49:00,169.18,169.2691,169.16,169.25,24048.382825,169.2341,241,
2026-03-30 12:50:00,169.25,169.2749,169.076,169.1483,23944.351142,169.174,367,
2026-03-30 12:51:00,169.12,169.15,169.05,169.12,13772.913256,169.132,193,
2026-03-30 12:52:00,169.1091,169.25,169.1091,169.25,6659.553349,169.2036,177,
2026-03-30 12:53:00,169.22,169.26,169.21,169.2383,8993.681152,169.2352,162,
2026-03-30 12:54:00,169.2105,169.25,169.21,169.215,12182.83365,169.2421,250,
2026-03-30 12:55:00,169.2,169.2,169.1,169.17,22093.704456,169.1694,307,
2026-03-30 12:56:00,169.17,169.2777,169.11,169.2777,14353.672557,169.2046,293,
2026-03-30 12:57:00,169.26,169.27,169.17,169.2006,5808.132769,169.4113,192,
2026-03-30 12:58:00,169.2,169.29,169.17,169.2165,12712.222428,169.2623,188,
2026-03-30 12:59:00,169.2,169.2848,169.2,169.28,14208.392111,169.2498,234,
2026-03-30 13:00:00,169.3,169.43,169.29,169.35,26077.606245,169.3737,501,
2026-03-30 13:01:00,169.37,169.3746,169.26,169.3699,17722.872287,169.3284,326,
2026-03-30 13:02:00,169.37,169.43,169.33,169.43,19850.540248,169.386,267,
2026-03-30 13:03:00,169.41,169.41,169.3652,169.3744,8638.245522,169.2835,227,
2026-03-30 13:04:00,169.36,169.3995,169.31,169.35,11806.220032,169.3597,342,
2026-03-30 13:05:00,169.37,169.4,169.24,169.24,21608.813508,169.3658,538,
2026-03-30 13:06:00,169.324,169.324,169.23,169.245,14867.04287,169.2694,432,
2026-03-30 13:07:00,169.225,169.2922,169.15,169.29,23058.946168,169.2108,440,
2026-03-30 13:08:00,169.24,169.3301,169.07,169.07,770842.536556,178.4236,458,
2026-03-30 13:09:00,169.08,169.1256,169.03,169.0753,14305.054318,169.0733,312,
2026-03-30 13:10:00,169.09,169.14,169.06,169.13,8293.420744,169.1124,264,
2026-03-30 13:11:00,169.08,169.13,169.08,169.1,5170.372425,169.1216,226,
2026-03-30 13:12:00,169.12,169.24,169.09,169.17,8923.792523,169.1794,278,
2026-03-30 13:13:00,169.19,169.2,169.1,169.15,14405.257556,169.1581,306,
2026-03-30 13:14:00,169.12,169.22,169.12,169.17,7892.494551,169.1772,229,
2026-03-30 13:15:00,169.19,169.2172,169.16,169.1783,11723.071105,169.1864,214,
2026-03-30 13:16:00,169.16,169.18,169.11,169.1214,8526.298769,169.1525,256,
2026-03-30 13:17:00,169.16,169.21,169.14,169.2,11935.955478,169.1916,333,
2026-03-30 13:18:00,169.21,169.25,169.17,169.17,12481.401673,169.2205,313,
2026-03-30 13:19:00,169.18,169.2,169.13,169.2,18722.927674,169.1693,311,
2026-03-30 13:20:00,169.2,169.2,169.09,169.09,20274.900951,169.1459,311,
2026-03-30 13:21:00,169.0901,169.3,169.09,169.26,27964.024218,169.2109,301,
2026-03-30 13:22:00,169.26,169.39,169.2287,169.31,23774.110626,169.3315,453,
2026-03-30 13:23:00,169.3102,169.37,169.27,169.3511,17562.093043,169.3061,290,
2026-03-30 13:24:00,169.34,169.349,169.25,169.25,13003.56085,169.2999,290,
2026-03-30 13:25:00,169.2,169.2,169.0,169.08,50214.640027,169.0663,1295,
2026-03-30 13:26:00,169.03,169.25,168.95,169.04,31984.376043,169.0892,874,
2026-03-30 13:27:00,169.0,169.2,168.55,168.62,52540.969979,168.8732,1215,
2026-03-30 13:28:00,168.7,169.04,168.7,169.01,36100.504731,168.9521,467,
2026-03-30 13:29:00,169.01,169.02,168.74,168.76,24515.095205,168.8819,416,
2026-03-30 13:30:00,168.78,168.82,167.7,167.8499,3606137.060868,168.4873,55681,
2026-03-30 13:31:00,167.835,169.4,167.82,169.39,1448627.325575,168.7111,18015,
2026-03-30 13:32:00,169.4,169.45,168.56,168.615,961848.59013,169.0716,12278,
2026-03-30 13:33:00,168.64,168.95,168.54,168.58,608757.828931,168.7437,10036,
2026-03-30 13:34:00,168.57,168.67,168.2,168.28,711063.837945,168.4203,10696,
2026-03-30 13:35:00,168.3,168.415,167.94,167.95,704926.923923,168.1483,12519,
2026-03-30 13:36:00,167.955,167.98,167.3603,167.415,968171.235344,167.6448,17445,
2026-03-30 13:37:00,167.42,167.77,167.3303,167.655,695682.506717,167.5106,10397,
2026-03-30 13:38:00,167.655,167.72,167.3,167.51,614058.051739,167.494,10768,
2026-03-30 13:39:00,167.51,167.94,167.5,167.785,746665.053988,167.747,10523,
2026-03-30 13:40:00,167.785,167.835,167.21,167.2501,676993.95943,167.558,10315,
2026-03-30 13:41:00,167.28,167.37,166.771,166.96,1063723.306235,167.0602,18374,
2026-03-30 13:42:00,166.96,167.53,166.96,167.425,745615.433507,167.2507,14421,
2026-03-30 13:43:00,167.425,167.72,167.185,167.665,744749.694712,167.4645,14149,
2026-03-30 13:44:00,167.655,168.04,167.56,167.8801,714912.197891,167.828,13084,
2026-03-30 13:45:00,167.88,167.9,167.48,167.64,554148.527749,167.7326,11961,
2026-03-30 13:46:00,167.63,167.68,167.28,167.34,535248.409696,167.4766,11919,
2026-03-30 13:47:00,167.34,167.6497,167.34,167.48,550820.089458,167.5342,12473,
2026-03-30 13:48:00,167.48,167.795,167.4,167.7101,551736.154633,167.6103,12668,
2026-03-30 13:49:00,167.7,167.81,167.545,167.635,480535.806477,167.6817,10576,
2026-03-30 13:50:00,167.635,167.755,167.55,167.565,482939.940106,167.6526,11269,
2026-03-30 13:51:00,167.57,167.743,167.5,167.6801,454207.227575,167.608,10620,
2026-03-30 13:52:00,167.675,167.75,167.435,167.515,417758.109298,167.5891,10490,
2026-03-30 13:53:00,167.51,167.565,167.15,167.23,663290.963145,167.3421,12415,
2026-03-30 13:54:00,167.225,167.345,167.05,167.065,572721.095137,167.2109,12498,
2026-03-30 13:55:00,167.065,167.14,166.77,166.86,809982.843361,166.937,15937,
2026-03-30 13:56:00,166.8486,166.89,166.54,166.61,799900.744403,166.6897,16625,
2026-03-30 13:57:00,166.61,166.76,166.51,166.66,623863.471724,166.6264,12626,
2026-03-30 13:58:00,166.67,166.745,166.23,166.44,769708.031905,166.466,15095,
2026-03-30 13:59:00,166.435,166.435,166.21,166.27,547762.413671,166.3515,11657,
2026-03-30 14:00:00,166.275,166.6699,166.26,166.4801,820518.79613,166.5366,15009,
2026-03-30 14:01:00,166.49,166.695,166.35,166.51,608387.895239,166.5037,12611,
2026-03-30 14:02:00,166.525,166.53,166.27,166.435,614427.405732,166.3635,12834,
2026-03-30 14:03:00,166.45,166.695,166.43,166.59,541845.34893,166.5419,10964,
2026-03-30 14:04:00,166.6,166.82,166.585,166.76,483572.048685,166.709,10473,
2026-03-30 14:05:00,166.76,166.8,166.53,166.575,445204.069928,166.6477,10362,
2026-03-30 14:06:00,166.57,166.6299,166.4,166.545,405149.816856,166.5278,10425,
2026-03-30 14:07:00,166.555,166.79,166.505,166.735,416151.463762,166.6627,10105,
2026-03-30 14:08:00,166.74,166.89,166.6501,166.82,394177.267773,166.7609,9665,
2026-03-30 14:09:00,166.81,167.1299,166.7701,167.08,614182.46097,166.9562,11378,
2026-03-30 14:10:00,167.08,167.24,166.91,167.025,633584.465946,167.1053,11432,
2026-03-30 14:11:00,167.025,167.51,167.025,167.42,617779.329837,167.3375,11143,
2026-03-30 14:12:00,167.43,167.89,167.39,167.865,770798.204852,167.605,11932,
2026-03-30 14:13:00,167.86,168.065,167.78,167.918,700531.315271,167.9269,11870,
2026-03-30 14:14:00,167.92,167.975,167.83,167.91,520898.067122,167.8822,10040,
2026-03-30 14:15:00,167.91,168.08,167.795,167.88,599339.329482,167.9356,11254,
2026-03-30 14:16:00,167.895,168.035,167.7101,167.94,473369.451121,167.8975,10256,
2026-03-30 14:17:00,167.95,167.99,167.705,167.7209,327575.459862,167.8262,8534,
2026-03-30 14:18:00,167.73,167.89,167.7,167.785,357637.852935,167.8045,9067,
2026-03-30 14:19:00,167.79,167.81,167.5626,167.735,506426.731834,167.6773,10068,
2026-03-30 14:20:00,167.73,167.95,167.62,167.89,388038.154069,167.8479,9724,
2026-03-30 14:21:00,167.89,167.97,167.564,167.62,387568.682967,167.7415,9100,
2026-03-30 14:22:00,167.635,167.8296,167.6,167.8,345662.02466,167.6934,9079,
2026-03-30 14:23:00,167.8,167.81,167.53,167.5572,372861.28998,167.6638,9368,
2026-03-30 14:24:00,167.56,167.5799,167.35,167.425,496615.864455,167.4531,10646,
2026-03-30 14:25:00,167.43,167.56,167.36,167.48,332000.957584,167.4626,8857,
2026-03-30 14:26:00,167.48,167.48,167.2571,167.28,311296.963761,167.3588,8569,
2026-03-30 14:27:00,167.29,167.345,167.04,167.13,383326.006394,167.2119,9164,
2026-03-30 14:28:00,167.131,167.17,166.87,166.895,647869.001437,167.0374,11559,
2026-03-30 14:29:00,166.91,167.05,166.855,166.905,504644.343786,166.9509,10203,
2026-03-30 14:30:00,166.92,167.2,166.87,167.06,431240.501814,167.0357,9909,
2026-03-30 14:31:00,167.05,167.09,166.82,166.84,366507.432069,166.978,9585,
2026-03-30 14:32:00,166.8576,166.87,166.6,166.775,513388.230476,166.7479,11168,
2026-03-30 14:33:00,166.7799,167.075,166.74,166.905,413862.251361,166.9256,9496,
2026-03-30 14:34:00,166.915,167.08,166.82,167.0,438466.895336,166.9483,9862,
2026-03-30 14:35:00,167.015,167.13,166.6801,166.693,504141.127489,166.9251,10193,
2026-03-30 14:36:00,166.7,166.87,166.56,166.78,383476.905833,166.7255,9961,
2026-03-30 14:37:00,166.7803,166.915,166.7608,166.895,329297.731157,166.8393,8754,
2026-03-30 14:38:00,166.9,167.0701,166.85,166.9601,467360.352452,166.9608,9863,
2026-03-30 14:39:00,166.97,167.13,166.91,167.0623,287576.426871,167.0044,13541,
2026-03-30 14:40:00,167.07,167.32,167.07,167.095,449925.685937,167.1837,10412,
2026-03-30 14:41:00,167.105,167.12,166.775,166.95,509691.985501,166.908,11250,
2026-03-30 14:42:00,166.945,167.15,166.94,167.0,429757.302172,167.0531,9986,
2026-03-30 14:43:00,167.0093,167.02,166.59,166.61,499891.836256,166.7806,10860,
2026-03-30 14:44:00,166.6199,166.67,166.27,166.6,810727.75142,166.488,15277,
2026-03-30 14:45:00,166.61,166.8015,166.608,166.705,443925.732946,166.7029,10467,
2026-03-30 14:46:00,166.71,167.355,166.7,167.31,617594.751136,167.054,12115,
2026-03-30 14:47:00,167.3185,167.5,167.11,167.45,619378.946774,167.2329,12039,
2026-03-30 14:48:00,167.46,167.69,167.3,167.43,662999.642356,167.4569,15558,
2026-03-30 14:49:00,167.42,167.545,167.32,167.3685,443403.281552,167.4419,10902,
2026-03-30 14:50:00,167.3685,167.48,167.22,167.38,456698.397351,167.3593,10864,
2026-03-30 14:51:00,167.39,167.52,167.325,167.3595,300096.846694,167.4121,9242,
2026-03-30 14:52:00,167.36,167.3701,167.21,167.35,267464.700979,167.2921,8700,
2026-03-30 14:53:00,167.35,167.42,167.29,167.419,254160.046959,167.3508,8349,
2026-03-30 14:54:00,167.415,167.6235,167.35,167.5223,373472.69503,167.5171,9143,
2026-03-30 14:55:00,167.53,167.535,167.34,167.395,268805.704135,167.4219,8250,
2026-03-30 14:56:00,167.39,167.5597,167.385,167.5401,291515.436085,167.4814,8313,
2026-03-30 14:57:00,167.54,167.79,167.51,167.655,490632.518518,167.6635,9741,
2026-03-30 14:58:00,167.665,167.9699,167.64,167.9402,462472.965451,167.772,9368,
2026-03-30 14:59:00,167.95,168.01,167.8232,167.95,450457.431881,167.9462,9202,
2026-03-30 15:00:00,167.96,168.125,167.92,168.09,461931.432845,168.0456,10114,
2026-03-30 15:01:00,168.09,168.18,167.94,168.0004,415924.958562,167.9618,9261,
2026-03-30 15:02:00,168.0,168.1085,167.95,168.07,465199.67883,168.0235,9422,
2026-03-30 15:03:00,168.07,168.09,167.89,168.0,365372.151611,167.9749,9057,
2026-03-30 15:04:00,167.997,168.09,167.915,168.05,403987.361861,167.9924,9465,
2026-03-30 15:05:00,168.05,168.25,167.96,168.02,509552.601585,168.0977,10732,
2026-03-30 15:06:00,168.01,168.01,167.66,167.71,447210.020304,167.8161,10195,
2026-03-30 15:07:00,167.705,167.705,167.36,167.4301,550809.431392,167.5137,11217,
2026-03-30 15:08:00,167.435,167.63,167.325,167.465,516237.327267,167.4903,10353,
2026-03-30 15:09:00,167.47,167.545,167.38,167.42,292200.886885,167.4556,8692,
2026-03-30 15:10:00,167.42,167.55,167.42,167.45,269090.610131,167.485,8225,
2026-03-30 15:11:00,167.445,167.48,167.29,167.32,329152.774244,167.3923,9019,
2026-03-30 15:12:00,167.33,167.365,167.11,167.185,369419.958829,167.2646,8937,
2026-03-30 15:13:00,167.2,167.26,167.055,167.135,336186.326472,167.1499,8874,
2026-03-30 15:14:00,167.14,167.15,166.984,167.075,331782.058729,167.0464,9395,
2026-03-30 15:15:00,167.0779,167.08,166.86,166.975,519928.924361,166.9574,9738,
2026-03-30 15:16:00,166.97,166.9999,166.665,166.7275,619287.539953,166.7864,11982,
2026-03-30 15:17:00,166.72,166.825,166.63,166.635,491815.437433,166.7308,9872,
2026-03-30 15:18:00,166.635,166.7099,166.555,166.645,419412.027105,166.6289,9594,
2026-03-30 15:19:00,166.645,166.728,166.57,166.675,453731.598567,166.668,9494,
2026-03-30 15:20:00,166.675,166.87,166.54,166.81,467490.047541,166.7124,9656,
2026-03-30 15:21:00,166.81,166.83,166.72,166.79,277262.179504,166.7807,8331,
2026-03-30 15:22:00,166.8,166.8,166.6701,166.73,247770.819042,166.7196,7974,
2026-03-30 15:23:00,166.73,166.975,166.725,166.9501,434425.486902,166.866,9539,
2026-03-30 15:24:00,166.95,167.08,166.94,167.0597,364244.961103,166.9952,8110,
2026-03-30 15:25:00,167.06,167.175,167.03,167.135,391341.203984,167.112,8213,
2026-03-30 15:26:00,167.135,167.19,167.06,167.14,282046.767608,167.1283,7522,
2026-03-30 15:27:00,167.13,167.21,167.04,167.1791,259174.327918,167.1172,7881,
2026-03-30 15:28:00,167.18,167.26,167.1,167.14,269736.448719,167.1891,7610,
2026-03-30 15:29:00,167.14,167.145,166.92,167.005,305979.741128,167.0063,8076,
2026-03-30 15:30:00,167.0,167.08,166.85,166.88,334206.99507,166.9634,9087,
2026-03-30 15:31:00,166.89,167.03,166.88,166.9777,187497.524168,166.957,7079,
2026-03-30 15:32:00,166.975,167.24,166.96,167.115,504538.085812,167.1081,8768,
2026-03-30 15:33:00,167.11,167.485,167.08,167.47,329924.346263,167.2972,8114,
2026-03-30 15:34:00,167.48,167.52,167.29,167.455,472033.258306,167.4304,9063,
2026-03-30 15:35:00,167.46,167.68,167.45,167.66,439357.840983,167.5778,8982,
2026-03-30 15:36:00,167.66,167.89,167.625,167.8001,444698.201119,167.7375,9090,
2026-03-30 15:37:00,167.8,167.92,167.72,167.905,307711.050528,167.7962,7816,
2026-03-30 15:38:00,167.9,167.935,167.61,167.66,532060.220793,167.7989,9360,
2026-03-30 15:39:00,167.67,167.69,167.54,167.54,452094.534897,167.6077,9412,
2026-03-30 15:40:00,167.53,167.6914,167.42,167.69,329291.150201,167.5441,8019,
2026-03-30 15:41:00,167.7,167.82,167.67,167.72,413137.601432,167.7366,7370,
2026-03-30 15:42:00,167.72,167.86,167.68,167.77,223803.501397,167.7884,7320,
2026-03-30 15:43:00,167.7799,167.96,167.76,167.91,282571.100434,167.8508,7250,
2026-03-30 15:44:00,167.9,167.99,167.8601,167.9,288858.985543,167.9218,7438,
2026-03-30 15:45:00,167.905,167.93,167.73,167.8002,327207.095951,167.8181,8097,
2026-03-30 15:46:00,167.8,167.835,167.72,167.7517,277575.184783,167.7785,7788,
2026-03-30 15:47:00,167.755,167.82,167.66,167.77,247240.121316,167.7441,7362,
2026-03-30 15:48:00,167.77,167.84,167.725,167.805,211735.150752,167.7916,6864,
2026-03-30 15:49:00,167.805,167.805,167.63,167.72,233651.605918,167.712,6837,
2026-03-30 15:50:00,167.73,167.93,167.695,167.9,465146.048495,167.7819,8088,
2026-03-30 15:51:00,167.91,168.02,167.8776,167.9799,353076.785457,167.9739,8096,
2026-03-30 15:52:00,167.97,167.98,167.755,167.82,359841.174087,167.8488,6098,
2026-03-30 15:53:00,167.815,167.935,167.73,167.745,415065.698114,167.8442,4459,
2026-03-30 15:54:00,167.74,167.78,167.6351,167.655,199859.128621,167.7154,2692,
2026-03-30 15:55:00,167.65,167.68,167.5405,167.615,342162.624296,167.6028,4129,
2026-03-30 15:56:00,167.62,167.67,167.425,167.435,310204.279995,167.5622,3960,
2026-03-30 15:57:00,167.435,167.505,167.4,167.4899,300193.0495,167.4411,3430,
2026-03-30 15:58:00,167.4879,167.49,167.31,167.4101,260420.828267,167.4073,2990,
2026-03-30 15:59:00,167.41,167.44,167.29,167.36,279102.919166,167.3412,2866,
2026-03-30 16:00:00,167.35,167.41,167.085,167.154,339945.411896,167.2104,3712,
2026-03-30 16:01:00,167.1501,167.24,167.07,167.195,286017.272528,167.1568,3104,
2026-03-30 16:02:00,167.2,167.25,167.08,167.0875,1156089.126228,167.4348,3905,
2026-03-30 16:03:00,167.09,167.1299,167.01,167.0393,241825.223963,167.0707,2990,
2026-03-30 16:04:00,167.035,167.08,166.9401,167.015,416501.810684,167.0127,5528,
2026-03-30 16:05:00,167.02,167.17,167.0,167.025,394196.611518,167.0975,4126,
2026-03-30 16:06:00,167.03,167.17,167.03,167.15,228439.849459,167.1039,3007,
2026-03-30 16:07:00,167.15,167.245,166.9508,166.955,343118.748147,167.1147,3947,
2026-03-30 16:08:00,166.96,167.095,166.83,166.99,479585.451312,166.9314,4469,
2026-03-30 16:09:00,167.0,167.09,166.96,166.99,204508.811816,167.0257,2736,
2026-03-30 16:10:00,166.985,167.03,166.91,166.995,243807.781443,166.968,2893,
2026-03-30 16:11:00,166.995,167.02,166.94,166.975,212291.053008,166.9785,2660,
2026-03-30 16:12:00,166.97,167.13,166.965,167.12,222638.327507,167.0626,2834,
2026-03-30 16:13:00,167.1199,167.15,167.04,167.075,204660.134735,167.1005,2770,
2026-03-30 16:14:00,167.07,167.105,167.0016,167.055,169119.68518,167.0568,2234,
2026-03-30 16:15:00,167.055,167.0701,166.76,166.81,400875.17664,166.8967,4873,
2026-03-30 16:16:00,166.81,166.8599,166.665,166.73,342020.709693,166.7448,4089,
2026-03-30 16:17:00,166.725,166.87,166.72,166.7599,284904.500623,166.7983,3608,
2026-03-30 16:18:00,166.75,166.8299,166.672,166.81,240056.508322,166.7517,3510,
2026-03-30 16:19:00,166.8,167.01,166.775,166.96,335487.065829,166.8988,3891,
2026-03-30 16:20:00,166.9573,167.11,166.825,166.8402,471709.15207,166.9627,4729,
2026-03-30 16:21:00,166.83,166.86,166.7,166.79,234101.778231,166.7848,2806,
2026-03-30 16:22:00,166.795,166.835,166.72,166.775,330877.531734,166.7585,2346,
2026-03-30 16:23:00,166.7789,166.8099,166.63,166.7,255578.660143,166.6952,2760,
2026-03-30 16:24:00,166.71,166.7878,166.6529,166.7666,335482.207613,167.0172,2630,
2026-03-30 16:25:00,166.7699,166.8,166.67,166.68,123673.198778,166.7419,2211,
2026-03-30 16:26:00,166.6898,166.7,166.4,166.46,505019.745409,166.5155,6882,
2026-03-30 16:27:00,166.47,166.47,166.355,166.375,336331.418734,166.4063,3972,
2026-03-30 16:28:00,166.375,166.48,166.35,166.42,208729.847472,166.4277,2879,
2026-03-30 16:29:00,166.42,166.53,166.39,166.475,292570.77974,166.4634,3427,
2026-03-30 16:30:00,166.48,166.49,166.24,166.3,402991.007795,166.3481,5501,
2026-03-30 16:31:00,166.305,166.5,166.301,166.3799,273901.878498,166.4115,3743,
2026-03-30 16:32:00,166.36,166.505,166.36,166.4201,205997.336164,166.4333,2880,
2026-03-30 16:33:00,166.42,166.5,166.41,166.4501,251988.036241,166.4666,2605,
2026-03-30 16:34:00,166.45,166.58,166.45,166.525,210845.505622,166.5293,2856,
2026-03-30 16:35:00,166.53,166.615,166.51,166.5403,248890.708198,166.5632,2906,
2026-03-30 16:36:00,166.545,166.56,166.445,166.545,254298.212239,166.4936,3366,
2026-03-30 16:37:00,166.545,166.66,166.5,166.635,199357.015427,166.58,2968,
2026-03-30 16:38:00,166.635,166.7091,166.6,166.6403,229753.301191,166.653,2770,
2026-03-30 16:39:00,166.64,166.785,166.64,166.73,304897.963859,166.7443,3205,
2026-03-30 16:40:00,166.725,166.735,166.64,166.7,269797.030337,166.6857,3290,
2026-03-30 16:41:00,166.7,166.82,166.69,166.7411,214862.24006,166.7535,2949,
2026-03-30 16:42:00,166.75,166.76,166.62,166.64,152045.238556,166.7195,2449,
2026-03-30 16:43:00,166.64,166.72,166.62,166.6502,311417.080175,166.7813,2005,
2026-03-30 16:44:00,166.65,166.76,166.625,166.755,169211.723558,166.6924,2139,
2026-03-30 16:45:00,166.76,166.7775,166.6426,166.7775,194901.200326,166.7125,2482,
2026-03-30 16:46:00,166.77,166.845,166.69,166.8201,187810.682953,166.7719,2318,
2026-03-30 16:47:00,166.825,166.905,166.775,166.8527,179123.293,166.8475,2336,
2026-03-30 16:48:00,166.86,166.89,166.73,166.8099,255829.989759,166.802,2655,
2026-03-30 16:49:00,166.81,166.87,166.68,166.78,347157.108153,166.7741,3426,
2026-03-30 16:50:00,166.775,166.8387,166.73,166.8099,185057.115878,166.784,2474,
2026-03-30 16:51:00,166.815,166.92,166.8099,166.885,321704.414923,166.867,2695,
2026-03-30 16:52:00,166.8801,166.895,166.795,166.8301,204504.256442,166.8374,2126,
2026-03-30 16:53:00,166.84,166.85,166.775,166.825,145920.163377,166.8061,1628,
2026-03-30 16:54:00,166.83,166.87,166.7599,166.76,168540.365282,166.8203,1983,
2026-03-30 16:55:00,166.755,166.768,166.6,166.6334,443564.249129,166.6684,4053,
2026-03-30 16:56:00,166.64,166.69,166.57,166.5899,287681.912937,166.6346,3086,
2026-03-30 16:57:00,166.585,166.585,166.45,166.525,292962.07649,166.5326,2944,
2026-03-30 16:58:00,166.53,166.61,166.465,166.48,189464.202392,166.5394,2219,
2026-03-30 16:59:00,166.4704,166.6371,166.41,166.585,260396.962969,166.5216,2953,
2026-03-30 17:00:00,166.585,166.7597,166.585,166.725,286248.113874,166.6951,2791,
2026-03-30 17:01:00,166.72,166.82,166.68,166.68,220716.980982,166.7459,2604,
2026-03-30 17:02:00,166.68,166.705,166.56,166.63,188470.753812,166.6262,2375,
2026-03-30 17:03:00,166.63,166.64,166.405,166.465,290417.509819,166.4997,3519,
2026-03-30 17:04:00,166.4601,166.51,166.38,166.395,240683.795327,166.4525,3190,
2026-03-30 17:05:00,166.4,166.56,166.4,166.495,237074.144841,166.4728,3266,
2026-03-30 17:06:00,166.49,166.62,166.475,166.5573,267090.591115,166.5577,2775,
2026-03-30 17:07:00,166.555,166.615,166.47,166.615,174327.128087,166.5492,2496,
2026-03-30 17:08:00,166.615,166.615,166.51,166.5332,108266.325592,166.5437,1551,
2026-03-30 17:09:00,166.54,166.62,166.46,166.595,175593.34181,166.5169,2301,
2026-03-30 17:10:00,166.615,166.64,166.35,166.375,288918.368202,166.469,3177,
2026-03-30 17:11:00,166.38,166.44,166.375,166.375,142286.953724,166.4059,2096,
2026-03-30 17:12:00,166.38,166.4,166.29,166.31,395516.834912,166.3471,3817,
2026-03-30 17:13:00,166.3,166.31,166.03,166.1,532767.644916,166.1534,8017,
2026-03-30 17:14:00,166.09,166.198,166.06,166.18,309169.526794,166.1175,3445,
2026-03-30 17:15:00,166.17,166.25,165.935,165.9601,674471.651958,166.0372,15209,
2026-03-30 17:16:00,165.97,165.9942,165.88,165.9677,378064.33285,165.9401,4510,
2026-03-30 17:17:00,165.97,166.005,165.8601,165.91,270488.052897,165.9263,3373,
2026-03-30 17:18:00,165.905,166.02,165.85,166.01,228573.444137,165.9295,2848,
2026-03-30 17:19:00,166.0,166.13,165.95,166.115,339555.39897,166.0499,3794,
2026-03-30 17:20:00,166.105,166.2399,166.08,166.2,254687.092669,166.1677,3307,
2026-03-30 17:21:00,166.195,166.23,166.06,166.14,329349.615621,166.1533,4040,
2026-03-30 17:22:00,166.145,166.17,166.005,166.0403,285634.204623,166.0851,3631,
2026-03-30 17:23:00,166.035,166.12,166.02,166.1,238008.786015,166.0753,3092,
2026-03-30 17:24:00,166.1,166.215,166.03,166.21,226001.353803,166.1137,3060,
2026-03-30 17:25:00,166.21,166.2101,166.02,166.03,323592.594567,166.102,4007,
2026-03-30 17:26:00,166.05,166.13,165.94,165.99,340175.570026,166.0395,4212,
2026-03-30 17:27:00,165.995,165.995,165.86,165.875,345797.626979,165.9235,3801,
2026-03-30 17:28:00,165.87,166.045,165.83,165.955,341849.35036,165.9436,3967,
2026-03-30 17:29:00,165.96,165.97,165.81,165.875,218527.666206,165.8747,2455,
2026-03-30 17:30:00,165.87,165.895,165.72,165.885,435808.049079,165.7975,5873,
2026-03-30 17:31:00,165.885,165.935,165.83,165.86,188385.227145,165.8931,2715,
2026-03-30 17:32:00,165.85,165.875,165.65,165.73,335043.760971,165.7457,4381,
2026-03-30 17:33:00,165.72,165.76,165.61,165.63,243531.741358,165.6947,3446,
2026-03-30 17:34:00,165.625,165.67,165.59,165.663,282646.585496,165.6304,3232,
2026-03-30 17:35:00,165.665,165.825,165.66,165.7365,291227.78793,165.7504,3641,
2026-03-30 17:36:00,165.7801,166.04,165.755,166.0099,558393.873213,165.9203,6031,
2026-03-30 17:37:00,166.01,166.06,165.8201,165.855,322858.397479,165.9511,3358,
2026-03-30 17:38:00,165.865,165.925,165.73,165.78,216203.17777,165.8216,2752,
2026-03-30 17:39:00,165.776,166.04,165.765,166.021,224585.163897,165.9515,3062,
2026-03-30 17:40:00,166.025,166.1,165.97,166.04,251933.253278,166.041,2940,
2026-03-30 17:41:00,166.04,166.0599,165.9623,166.0065,174685.022926,166.0138,2481,
2026-03-30 17:42:00,166.005,166.075,165.97,166.035,202448.929708,166.0184,2387,
2026-03-30 17:43:00,166.035,166.14,165.95,166.135,243690.951381,166.0466,2660,
2026-03-30 17:44:00,166.1372,166.23,166.095,166.195,266666.768507,166.1813,2711,
2026-03-30 17:45:00,166.18,166.34,166.17,166.315,308684.353848,166.2791,2727,
2026-03-30 17:46:00,166.32,166.32,166.21,166.215,222426.503834,166.2559,2633,
2026-03-30 17:47:00,166.215,166.45,166.15,166.3601,421109.018664,166.3174,5659,
2026-03-30 17:48:00,166.365,166.365,166.195,166.2499,219661.484484,166.2633,2612,
2026-03-30 17:49:00,166.25,166.3299,166.21,166.2201,156857.973808,166.2662,2177,
2026-03-30 17:50:00,166.2201,166.27,166.11,166.205,238105.238353,166.1855,2770,
2026-03-30 17:51:00,166.205,166.26,166.15,166.255,191446.544194,166.2029,2742,
2026-03-30 17:52:00,166.2599,166.39,166.24,166.281,221534.304875,166.3195,2493,
2026-03-30 17:53:00,166.285,166.38,166.2489,166.275,303882.194382,166.3036,3290,
2026-03-30 17:54:00,166.27,166.27,166.16,166.18,156261.281887,166.2094,2063,
2026-03-30 17:55:00,166.185,166.2199,166.11,166.155,155038.02227,166.166,2164,
2026-03-30 17:56:00,166.16,166.25,166.105,166.115,174404.565001,166.1581,2456,
2026-03-30 17:57:00,166.105,166.13,166.01,166.065,258165.271914,166.0552,4218,
2026-03-30 17:58:00,166.065,166.0966,166.015,166.08,214879.482081,166.0584,3914,
2026-03-30 17:59:00,166.1,166.21,166.07,166.185,248084.201126,166.1411,4161,
2026-03-30 18:00:00,166.17,166.1899,165.99,166.0256,239186.448314,166.0762,4103,
2026-03-30 18:01:00,165.99,166.06,165.965,166.035,200003.881199,166.0097,3548,
2026-03-30 18:02:00,166.03,166.16,166.025,166.12,253107.990326,166.0886,3138,
2026-03-30 18:03:00,166.12,166.23,166.07,166.075,259657.410057,166.1563,2880,
2026-03-30 18:04:00,166.075,166.1499,166.03,166.065,251963.563374,166.075,2524,
2026-03-30 18:05:00,166.07,166.27,166.065,166.1977,289987.257984,166.1857,3274,
2026-03-30 18:06:00,166.19,166.23,165.93,165.98,362045.48862,166.1139,3571,
2026-03-30 18:07:00,165.9899,166.015,165.8,165.9201,288150.846055,165.9051,3500,
2026-03-30 18:08:00,165.925,166.07,165.92,165.995,203607.379214,166.0124,2757,
2026-03-30 18:09:00,166.0,166.1,165.94,166.071,174450.33066,166.0483,1944,
2026-03-30 18:10:00,166.08,166.12,166.0,166.043,188614.993326,166.0603,2335,
2026-03-30 18:11:00,166.05,166.14,166.0401,166.12,129317.919329,166.0968,1866,
2026-03-30 18:12:00,166.125,166.13,166.035,166.11,193548.275436,166.0934,1886,
2026-03-30 18:13:00,166.1199,166.15,166.03,166.053,166021.194984,166.0785,1955,
2026-03-30 18:14:00,166.055,166.19,165.9999,166.145,190994.098874,166.0741,2399,
2026-03-30 18:15:00,166.145,166.195,165.965,165.975,231586.628318,166.0898,2967,
2026-03-30 18:16:00,165.97,165.99,165.89,165.937,154470.370922,165.935,1984,
2026-03-30 18:17:00,165.935,165.9899,165.845,165.885,166810.787227,165.9257,2101,
2026-03-30 18:18:00,165.885,166.0099,165.87,165.94,178779.385138,165.9502,1959,
2026-03-30 18:19:00,165.9407,166.19,165.9407,166.168,244224.509739,166.081,2502,
2026-03-30 18:20:00,166.165,166.24,166.12,166.17,212401.461902,166.1835,2356,
2026-03-30 18:21:00,166.1701,166.235,166.1,166.16,137435.252493,166.1769,1850,
2026-03-30 18:22:00,166.155,166.26,166.15,166.165,203317.892982,166.218,2439,
2026-03-30 18:23:00,166.155,166.2,165.9503,165.97,177155.425514,166.0786,2278,
2026-03-30 18:24:00,165.975,166.055,165.94,166.035,168777.964454,166.0065,1809,
2026-03-30 18:25:00,166.03,166.05,165.84,165.9197,239008.378907,165.942,2822,
2026-03-30 18:26:00,165.9104,165.925,165.805,165.87,192446.673565,165.8673,2511,
2026-03-30 18:27:00,165.87,165.88,165.75,165.83,244214.724857,165.8657,2798,
2026-03-30 18:28:00,165.83,165.858,165.7533,165.755,195548.027331,165.7971,2451,
2026-03-30 18:29:00,165.76,165.77,165.64,165.695,342595.582509,165.6899,3711,
2026-03-30 18:30:00,165.7,165.7899,165.66,165.78,282281.162181,165.7402,3210,
2026-03-30 18:31:00,165.775,165.895,165.72,165.73,342396.512846,165.8206,3600,
2026-03-30 18:32:00,165.735,165.93,165.655,165.7308,359947.384441,165.811,3855,
2026-03-30 18:33:00,165.73,165.86,165.725,165.8598,205083.056362,165.8049,2677,
2026-03-30 18:34:00,165.86,165.865,165.755,165.825,155211.118639,165.8004,1997,
2026-03-30 18:35:00,165.825,165.95,165.82,165.94,247913.075454,165.9012,2554,
2026-03-30 18:36:00,165.94,166.07,165.94,166.02,261381.200212,166.0174,2711,
2026-03-30 18:37:00,166.02,166.0299,165.92,165.93,205537.031865,165.9702,2349,
2026-03-30 18:38:00,165.93,165.96,165.845,165.92,199854.819655,165.9099,2192,
2026-03-30 18:39:00,165.905,165.91,165.72,165.755,178055.663838,165.8231,2390,
2026-03-30 18:40:00,165.75,165.82,165.71,165.79,182784.624272,165.7737,2199,
2026-03-30 18:41:00,165.8,165.8,165.655,165.685,298670.314715,165.7131,3166,
2026-03-30 18:42:00,165.685,165.69,165.54,165.61,333347.677401,165.6109,3949,
2026-03-30 18:43:00,165.61,165.63,165.56,165.6099,188327.067279,165.5952,2182,
2026-03-30 18:44:00,165.6,165.605,165.54,165.55,197710.755359,165.5644,2306,
2026-03-30 18:45:00,165.56,165.675,165.5501,165.58,250693.643065,165.613,2660,
2026-03-30 18:46:00,165.57,165.5799,165.42,165.46,383118.306045,165.4905,5900,
2026-03-30 18:47:00,165.46,165.5165,165.4,165.485,171031.688359,165.4644,2422,
2026-03-30 18:48:00,165.4801,165.54,165.41,165.455,185824.618181,165.4801,2300,
2026-03-30 18:49:00,165.46,165.535,165.45,165.515,177325.079731,165.4916,2251,
2026-03-30 18:50:00,165.5175,165.5199,165.2915,165.332,348901.875982,165.3859,4298,
2026-03-30 18:51:00,165.34,165.35,165.2,165.272,391799.909639,165.254,4488,
2026-03-30 18:52:00,165.285,165.31,165.225,165.26,234986.188088,165.2663,2606,
2026-03-30 18:53:00,165.265,165.36,165.25,165.29,294027.861345,165.308,2996,
2026-03-30 18:54:00,165.295,165.415,165.23,165.3204,292479.261195,165.3277,3046,
2026-03-30 18:55:00,165.321,165.4399,165.32,165.4,287401.26502,165.3929,3141,
2026-03-30 18:56:00,165.4,165.42,165.31,165.325,203474.520322,165.3595,2594,
2026-03-30 18:57:00,165.325,165.44,165.18,165.205,329033.552594,165.3073,3832,
2026-03-30 18:58:00,165.205,165.31,165.205,165.3099,204149.154287,165.2695,2470,
2026-03-30 18:59:00,165.3002,165.36,165.262,165.285,174887.255846,165.3165,2181,
2026-03-30 19:00:00,165.28,165.33,165.16,165.235,288433.074952,165.2568,3114,
2026-03-30 19:01:00,165.2398,165.38,165.2,165.35,228775.383576,165.3184,2605,
2026-03-30 19:02:00,165.345,165.47,165.335,165.375,352471.148616,165.4012,3514,
2026-03-30 19:03:00,165.38,165.415,165.17,165.1799,255337.337344,165.2895,2928,
2026-03-30 19:04:00,165.1773,165.43,165.1501,165.3801,332858.490613,165.3184,3441,
2026-03-30 19:05:00,165.3845,165.385,165.215,165.215,218962.671373,165.289,2716,
2026-03-30 19:06:00,165.21,165.22,165.01,165.0384,539305.959287,165.0917,6498,
2026-03-30 19:07:00,165.035,165.11,164.86,164.94,1638534.049873,164.9665,35460,
2026-03-30 19:08:00,164.935,165.0,164.895,164.945,510591.113711,164.9574,4838,
2026-03-30 19:09:00,164.945,164.945,164.79,164.82,422006.749941,164.8538,4946,
2026-03-30 19:10:00,164.815,164.865,164.75,164.765,419165.241013,164.8059,4788,
2026-03-30 19:11:00,164.77,164.81,164.53,164.655,621048.951266,164.649,7559,
2026-03-30 19:12:00,164.66,164.731,164.52,164.53,442459.235002,164.6591,4639,
2026-03-30 19:13:00,164.53,164.685,164.51,164.675,326697.783817,164.6215,4355,
2026-03-30 19:14:00,164.665,164.73,164.59,164.675,366019.253353,164.6609,4047,
2026-03-30 19:15:00,164.6707,164.7965,164.66,164.705,401434.181029,164.7108,4638,
2026-03-30 19:16:00,164.705,164.78,164.6,164.68,329958.595348,164.6901,3823,
2026-03-30 19:17:00,164.685,164.76,164.615,164.655,247805.064288,164.6845,2779,
2026-03-30 19:18:00,164.655,164.76,164.63,164.7,280290.66456,164.6997,3408,
2026-03-30 19:19:00,164.7,164.73,164.585,164.69,436778.248563,164.6659,4207,
2026-03-30 19:20:00,164.695,164.765,164.5901,164.695,341779.05247,164.6666,3847,
2026-03-30 19:21:00,164.6902,164.73,164.4101,164.48,451491.464075,164.5644,6638,
2026-03-30 19:22:00,164.475,164.625,164.46,164.62,249795.019394,164.5682,3426,
2026-03-30 19:23:00,164.62,164.71,164.61,164.695,268430.854272,164.6573,3059,
2026-03-30 19:24:00,164.69,164.7,164.58,164.595,250287.328711,164.6256,2795,
2026-03-30 19:25:00,164.6,164.665,164.55,164.62,395280.535937,164.612,4049,
2026-03-30 19:26:00,164.6174,164.69,164.57,164.68,322157.41663,164.6393,3906,
2026-03-30 19:27:00,164.685,164.69,164.53,164.585,333369.31023,164.5978,3654,
2026-03-30 19:28:00,164.585,164.65,164.35,164.387,519203.180206,164.5032,5706,
2026-03-30 19:29:00,164.39,164.48,164.295,164.4631,344129.059315,164.3604,4507,
2026-03-30 19:30:00,164.47,164.745,164.465,164.675,498661.720203,164.6152,4981,
2026-03-30 19:31:00,164.675,164.72,164.5,164.5203,358175.596855,164.6121,4047,
2026-03-30 19:32:00,164.53,164.555,164.39,164.4317,323523.895091,164.4892,3953,
2026-03-30 19:33:00,164.44,164.54,164.375,164.425,317535.105449,164.453,3733,
2026-03-30 19:34:00,164.42,164.435,164.27,164.345,323732.059858,164.3464,3590,
2026-03-30 19:35:00,164.35,164.6,164.35,164.57,373333.658436,164.509,4085,
2026-03-30 19:36:00,164.575,164.86,164.575,164.83,407658.477108,164.7237,4557,
2026-03-30 19:37:00,164.83,164.84,164.705,164.785,347547.687864,164.7753,4109,
2026-03-30 19:38:00,164.79,164.82,164.635,164.64,403524.555904,164.7554,4031,
2026-03-30 19:39:00,164.65,164.7,164.52,164.6501,398903.92785,164.6169,4212,
2026-03-30 19:40:00,164.655,164.777,164.64,164.695,406164.17374,164.7043,4399,
2026-03-30 19:41:00,164.69,164.9,164.59,164.895,473274.502142,164.7218,5046,
2026-03-30 19:42:00,164.9,164.93,164.7801,164.815,440288.45455,164.852,4774,
2026-03-30 19:43:00,164.815,164.815,164.7,164.775,453203.5563,164.778,4188,
2026-03-30 19:44:00,164.775,164.825,164.67,164.71,393862.353999,164.7639,4436,
2026-03-30 19:45:00,164.71,164.81,164.645,164.665,472173.81458,164.7146,5597,
2026-03-30 19:46:00,164.65,164.7282,164.52,164.715,518265.570539,164.6213,5439,
2026-03-30 19:47:00,164.7199,164.93,164.673,164.87,501234.271189,164.8208,5230,
2026-03-30 19:48:00,164.86,164.8853,164.76,164.825,384724.644144,164.8286,4363,
2026-03-30 19:49:00,164.825,164.9,164.75,164.89,364592.441846,164.8241,3989,
2026-03-30 19:50:00,164.9,165.05,164.57,165.0401,967536.170484,164.8618,12354,
2026-03-30 19:51:00,165.05,165.15,164.96,165.11,637947.349605,165.0585,7081,
2026-03-30 19:52:00,165.12,165.1399,164.955,164.98,539419.550598,165.0391,5508,
2026-03-30 19:53:00,164.975,165.0999,164.9,165.06,524685.691415,165.0028,5964,
2026-03-30 19:54:00,165.06,165.16,164.82,165.12,602861.843582,165.0243,7659,
2026-03-30 19:55:00,165.115,165.5,165.115,165.385,1042239.606984,165.3967,11213,
2026-03-30 19:56:00,165.385,165.54,165.325,165.45,575605.556631,165.4523,5933,
2026-03-30 19:57:00,165.45,165.49,165.385,165.435,619010.54337,165.4279,6472,
2026-03-30 19:58:00,165.44,165.47,165.13,165.18,1216792.53387,165.2064,10885,
2026-03-30 19:59:00,165.18,165.28,165.02,165.06,3346454.144903,165.1095,23737,
2026-03-30 20:00:00,165.17,165.17,165.0,165.05,2035034.779546,165.1685,504,
2026-03-30 20:01:00,165.05,165.11,164.95,165.05,47707.750996,165.0459,390,
2026-03-30 20:02:00,165.03,165.17,165.03,165.13,29764.897473,165.1283,239,
2026-03-30 20:03:00,165.15,165.34,165.01,165.17,37456.61283,165.2252,421,
2026-03-30 20:04:00,165.17,165.24,165.11,165.1376,86642.587222,165.1692,231,
2026-03-30 20:05:00,165.1535,165.17,165.1,165.1,15705.747979,165.1342,258,
2026-03-30 20:06:00,165.1,165.1,165.03,165.0372,9214.784874,165.0741,189,
2026-03-30 20:07:00,165.03,165.17,164.9203,164.95,16612.206051,164.9721,335,
2026-03-30 20:08:00,164.93,164.93,164.77,164.7999,18519.779797,164.842,348,
2026-03-30 20:09:00,164.7961,164.9,164.79,164.8702,19934.194986,164.8335,226,
2026-03-30 20:10:00,164.9,164.9,164.87,164.9,21652.076698,164.8926,186,
2026-03-30 20:11:00,164.87,164.95,164.87,164.9,6848.93254,164.9242,223,
2026-03-30 20:12:00,164.9,164.94,164.87,164.94,12104.328915,164.9078,190,
2026-03-30 20:13:00,164.88,164.94,164.81,164.81,7977.365417,164.8643,178,
2026-03-30 20:14:00,164.84,164.85,164.8004,164.82,9281.863774,164.8415,166,
2026-03-30 20:15:00,164.8016,164.94,164.8016,164.9386,11828.236954,164.8952,206,
2026-03-30 20:16:00,164.94,165.0,164.91,165.0,12150.136282,164.9442,200,
2026-03-30 20:17:00,164.985,164.9994,164.9397,164.94,10793.457563,164.9602,163,
2026-03-30 20:18:00,164.94,165.04,164.94,165.0209,8421.535541,165.0051,165,
2026-03-30 20:19:00,165.03,165.0822,165.03,165.0422,9817.37793,165.0581,172,
2026-03-30 20:20:00,165.05,165.05,165.03,165.05,13027.552091,165.0442,194,
2026-03-30 20:21:00,165.06,165.08,165.04,165.05,5564.319658,165.0735,132,
2026-03-30 20:22:00,165.03,165.07,165.03,165.07,14557.018495,165.0464,166,
2026-03-30 20:23:00,165.0722,165.08,165.05,165.07,12486.557493,165.067,202,
2026-03-30 20:24:00,165.0794,165.1189,165.04,165.08,31978.097581,165.0805,214,
2026-03-30 20:25:00,165.1022,165.1022,165.04,165.06,3380.301093,165.0809,99,
2026-03-30 20:26:00,165.0409,165.07,165.0,165.0,12375.885703,165.0394,283,
2026-03-30 20:27:00,164.99,165.0,164.95,164.99,4262.0837,164.9706,125,
2026-03-30 20:28:00,165.0,165.03,164.94,164.99,19782.241292,164.9871,295,
2026-03-30 20:29:00,164.94,164.987,164.94,164.98,2250.542217,165.0025,92,
2026-03-30 20:30:00,164.98,165.03,164.98,165.0039,11517.985707,165.0145,182,
2026-03-30 20:31:00,165.03,165.04,165.02,165.04,6041.09363,165.0307,128,
2026-03-30 20:32:00,165.0052,165.06,165.0,165.04,4760.50463,165.0535,126,
2026-03-30 20:33:00,165.04,165.0603,165.04,165.06,6113.301873,165.0647,108,
2026-03-30 20:34:00,165.06,165.07,165.06,165.06,4313.525823,165.0812,119,
2026-03-30 20:35:00,165.0667,165.07,165.04,165.04,6642.219355,165.0639,150,
2026-03-30 20:36:00,165.06,165.06,165.01,165.03,3575.290035,165.0407,100,
2026-03-30 20:37:00,165.03,165.06,165.0213,165.0374,1529.81704,165.123,91,
2026-03-30 20:38:00,165.03,165.04,165.02,165.04,8394.472138,165.0441,138,
2026-03-30 20:39:00,165.01,165.03,165.0,165.02,3963.437399,165.0356,135,
2026-03-30 20:40:00,165.03,165.05,165.02,165.05,2408.997617,165.1008,103,
2026-03-30 20:41:00,165.05,165.36,165.02,165.02,19707.423318,165.1521,227,
2026-03-30 20:42:00,165.07,165.15,165.07,165.12,8726.652318,165.1186,145,
2026-03-30 20:43:00,165.1,165.12,165.0974,165.12,3553.117574,165.1057,114,
2026-03-30 20:44:00,165.11,165.19,165.11,165.15,5247.560647,165.1571,134,
2026-03-30 20:45:00,165.1,165.16,165.1,165.14,3226.168835,165.1294,97,
2026-03-30 20:46:00,165.13,165.15,165.13,165.13,3376.707034,165.1739,98,
2026-03-30 20:47:00,165.12,165.12,165.12,165.12,968.378723,165.1943,91,
2026-03-30 20:48:00,165.111,165.149,165.1,165.1,6169.075806,165.1096,172,
2026-03-30 20:49:00,165.1,165.1,165.02,165.04,4101.99968,165.1009,140,
2026-03-30 20:50:00,165.06,165.17,165.06,165.0987,606156.138063,165.1689,96,
2026-03-30 20:51:00,165.1,165.1294,165.1,165.1248,2549.022117,165.1136,96,
2026-03-30 20:52:00,165.13,165.15,165.13,165.14,5684.581535,165.1499,124,
2026-03-30 20:53:00,165.14,165.14,165.13,165.14,2946.106585,165.1459,116,
2026-03-30 20:54:00,165.16,165.16,165.14,165.16,1585.142495,165.1637,91,
2026-03-30 20:55:00,165.14,165.14,165.13,165.13,2350.251835,165.1543,84,
2026-03-30 20:56:00,165.14,165.14,165.13,165.13,3414.225327,165.1447,115,
2026-03-30 20:57:00,165.14,165.14,165.13,165.13,747.722063,165.2801,82,
2026-03-30 20:58:00,165.11,165.14,165.11,165.1302,4255.946365,165.1701,127,
2026-03-30 20:59:00,165.15,165.15,165.13,165.1489,3050.893314,165.189,78,
2026-03-30 21:00:00,165.15,165.17,165.15,165.16,5256.888072,165.1871,134,
2026-03-30 21:01:00,165.14,165.16,165.1209,165.1209,6084.280557,165.1512,111,
2026-03-30 21:02:00,165.14,165.1526,165.14,165.1526,3880.421793,165.1679,87,
2026-03-30 21:03:00,165.17,165.17,164.8,165.07,26385.956304,165.0149,785,
2026-03-30 21:04:00,165.04,165.09,164.93,164.93,3696.630918,165.0471,100,
2026-03-30 21:05:00,165.0,165.062,165.0,165.02,1764.553413,165.0675,120,
2026-03-30 21:06:00,165.02,165.03,165.0,165.03,2615.133535,165.0204,78,
2026-03-30 21:07:00,165.0,165.0345,165.0,165.0001,1845.86558,165.095,101,
2026-03-30 21:08:00,165.0,165.01,165.0,165.006,4891.248462,165.0124,110,
2026-03-30 21:09:00,165.01,165.0287,165.01,165.0287,755.929912,165.2207,86,
2026-03-30 21:10:00,165.0,165.051,165.0,165.0,3980.206204,165.0377,152,
2026-03-30 21:11:00,165.01,165.0399,165.01,165.01,1555.420234,165.0624,88,
2026-03-30 21:12:00,165.01,165.0202,165.01,165.0202,1946.98065,165.0961,70,
2026-03-30 21:13:00,165.01,165.03,165.0,165.0018,4378.934349,165.0419,128,
2026-03-30 21:14:00,165.01,165.03,165.01,165.01,2578.296069,165.034,104,
2026-03-30 21:15:00,165.01,165.01,165.01,165.01,3023.759102,165.0521,114,
2026-03-30 21:16:00,165.02,165.04,165.02,165.04,4245.305268,165.0421,126,
2026-03-30 21:18:00,165.03,165.0301,165.0,165.0,6303.879928,165.0422,149,
2026-03-30 21:19:00,165.02,165.02,164.97,164.97,7048.633083,165.0018,232,
2026-03-30 21:20:00,164.99,165.17,164.99,165.17,21850.528397,165.1264,217,
2026-03-30 21:21:00,165.1001,165.1001,165.03,165.05,3249.688288,165.1109,133,
2026-03-30 21:22:00,165.03,165.07,165.03,165.05,7878.789107,165.0641,81,
2026-03-30 21:23:00,165.05,165.05,165.0,165.0,2998.213744,165.0381,87,
2026-03-30 21:24:00,165.03,165.05,165.03,165.04,1459.481244,165.0989,80,
2026-03-30 21:25:00,165.04,165.06,165.03,165.03,2476.580329,165.085,92,
2026-03-30 21:26:00,165.05,165.05,165.0,165.03,3860.516636,165.0423,136,
2026-03-30 21:27:00,165.0018,165.025,165.0,165.01,3846.500196,165.0274,64,
2026-03-30 21:28:00,165.0,165.03,164.9961,164.9961,5961.059044,165.0046,208,
2026-03-30 21:29:00,164.97,164.98,164.96,164.97,4382.004206,165.0166,141,
2026-03-30 21:30:00,164.99,164.99,164.98,164.99,1067.034216,164.9814,95,
2026-03-30 21:31:00,164.95,164.9501,164.95,164.9501,1378.28323,164.9931,108,
2026-03-30 21:32:00,164.95,164.99,164.95,164.95,1853.785509,165.0275,110,
2026-03-30 21:33:00,164.94,164.94,164.94,164.94,946.095128,164.9585,98,
2026-03-30 21:34:00,164.89,164.89,164.88,164.89,3071.062116,164.892,167,
2026-03-30 21:35:00,164.88,164.9,164.88,164.89,5712.740272,164.9072,95,
2026-03-30 21:36:00,164.88,164.94,164.88,164.94,1952.530539,164.9384,86,
2026-03-30 21:37:00,164.92,164.92,164.91,164.91,2621.174795,164.9261,79,
2026-03-30 21:38:00,164.94,164.94,164.92,164.92,3725.244051,164.9417,100,
2026-03-30 21:39:00,164.9326,164.9326,164.92,164.93,2053.773067,164.9936,118,
2026-03-30 21:40:00,164.9203,164.93,164.92,164.92,4320.423312,164.9436,85,
2026-03-30 21:41:00,164.88,164.93,164.88,164.93,2290.849481,164.9598,142,
2026-03-30 21:42:00,164.9129,164.9129,164.89,164.89,1263.741418,164.9956,77,
2026-03-30 21:43:00,164.88,164.8899,164.88,164.88,1467.115127,164.8955,89,
2026-03-30 21:44:00,164.86,164.8761,164.85,164.861,5020.726938,164.8875,168,
2026-03-30 21:45:00,164.86,164.87,164.86,164.86,1797.634504,164.9203,106,
2026-03-30 21:46:00,164.85,164.88,164.8278,164.8278,5947.767557,164.8749,143,
2026-03-30 21:47:00,164.821,164.84,164.82,164.84,1597.164694,164.8461,118,
2026-03-30 21:48:00,164.84,164.85,164.8,164.8,8740.981768,164.8389,212,
2026-03-30 21:49:00,164.8,164.8005,164.79,164.7997,4877.009984,164.7969,167,
2026-03-30 21:50:00,164.79,164.81,164.79,164.79,4338.368613,164.8186,95,
2026-03-30 21:51:00,164.8509,164.8509,164.83,164.83,1543.85873,164.9291,100,
2026-03-30 21:52:00,164.82,164.8522,164.81,164.8442,5980.330322,164.8377,90,
2026-03-30 21:53:00,164.8109,164.8109,164.8109,164.8109,847.312855,164.8802,109,
2026-03-30 21:54:00,164.8,164.8025,164.79,164.79,5610.649497,164.8137,224,
2026-03-30 21:55:00,164.79,164.79,164.7203,164.76,8004.01358,164.7564,230,
2026-03-30 21:56:00,164.76,164.8499,164.76,164.8499,4591.215342,164.7959,110,
2026-03-30 21:57:00,164.82,164.85,164.81,164.83,1196.428212,164.8821,87,
2026-03-30 21:58:00,164.81,164.8183,164.81,164.8183,960.608644,164.9258,95,
2026-03-30 21:59:00,164.85,164.88,164.84,164.88,3296.758611,164.8965,124,
2026-03-30 22:00:00,164.9,165.0,164.83,165.0,36060.802258,164.9869,288,
2026-03-30 22:01:00,165.0,165.01,164.9739,164.99,18283.168415,164.9992,132,
2026-03-30 22:02:00,165.0,165.08,165.0,165.0,14359.872132,165.0184,190,
2026-03-30 22:03:00,165.05,165.14,165.0,165.14,12880.06869,165.0812,123,
2026-03-30 22:04:00,165.14,165.17,165.09,165.09,6597.909857,165.1399,134,
2026-03-30 22:05:00,165.11,165.14,165.09,165.09,10969.665344,165.1136,154,
2026-03-30 22:06:00,165.09,165.09,165.05,165.07,927.309048,165.1205,66,
2026-03-30 22:07:00,165.04,165.04,164.96,164.9964,5408.469915,165.1278,146,
2026-03-30 22:08:00,164.95,164.95,164.9105,164.93,1735.78644,165.0146,80,
2026-03-30 22:09:00,164.92,164.93,164.8801,164.8801,3926.379075,164.924,122,
2026-03-30 22:10:00,164.89,164.92,164.85,164.9,7983.78867,164.9094,132,
2026-03-30 22:11:00,164.85,164.9257,164.83,164.9257,2983.390557,164.8785,114,
2026-03-30 22:12:00,164.9,164.9,164.88,164.89,1560.127348,164.9049,63,
2026-03-30 22:13:00,164.85,164.89,164.8,164.8,3079.571051,164.8867,137,
2026-03-30 22:14:00,164.8,164.87,164.8,164.86,9799.874851,164.8442,141,
2026-03-30 22:15:00,164.86,164.87,164.81,164.81,7223.977831,164.877,135,
2026-03-30 22:16:00,164.8103,164.8103,164.8001,164.801,1985.702213,164.8683,93,
2026-03-30 22:17:00,164.81,164.9,164.8,164.89,9895.615106,164.862,153,
2026-03-30 22:18:00,164.9196,164.9196,164.8519,164.89,2493.330644,164.9073,79,
2026-03-30 22:19:00,164.89,164.9158,164.85,164.85,3971.347356,164.9002,132,
2026-03-30 22:20:00,164.882,164.9144,164.86,164.86,1853.373243,164.9079,90,
2026-03-30 22:21:00,164.83,164.83,164.83,164.83,738.765569,165.0409,78,
2026-03-30 22:22:00,164.88,164.88,164.83,164.83,3656.528,164.867,106,
2026-03-30 22:23:00,164.83,164.83,164.781,164.781,4530.835679,164.8387,266,
2026-03-30 22:24:00,164.79,164.81,164.78,164.79,4579.250483,164.7982,102,
2026-03-30 22:25:00,164.8,164.8,164.79,164.8,3501.577182,164.8252,86,
2026-03-30 22:26:00,164.7937,164.92,164.7937,164.92,9172.609313,164.8248,147,
2026-03-30 22:27:00,164.85,164.8791,164.83,164.869,2043.980156,164.9288,89,
2026-03-30 22:28:00,164.83,164.84,164.79,164.7947,4017.150083,164.829,96,
2026-03-30 22:29:00,164.8481,164.8481,164.8481,164.8481,786.101444,164.8624,62,
2026-03-30 22:30:00,164.85,164.85,164.8001,164.81,1079.940159,164.9713,80,
2026-03-30 22:31:00,164.8,164.84,164.73,164.75,8398.507983,164.7735,200,
2026-03-30 22:32:00,164.79,164.79,164.75,164.78,1116.571291,164.8586,70,
2026-03-30 22:33:00,164.76,164.77,164.74,164.7501,3306.128058,164.7617,112,
2026-03-30 22:34:00,164.79,164.79,164.75,164.75,2154.982966,164.8282,60,
2026-03-30 22:35:00,164.7401,164.75,164.72,164.72,7324.38628,164.7492,124,
2026-03-30 22:36:00,164.73,164.74,164.7,164.7094,4512.684513,164.7361,197,
2026-03-30 22:37:00,164.67,164.76,164.66,164.7202,6286.13881,164.704,149,
2026-03-30 22:38:00,164.76,164.76,164.72,164.73,4185.760026,164.7637,84,
2026-03-30 22:39:00,164.71,164.71,164.71,164.71,740.846186,164.8965,58,
2026-03-30 22:40:00,164.71,164.73,164.69,164.73,3473.618988,164.7549,81,
2026-03-30 22:41:00,164.7378,164.749,164.73,164.749,2774.996839,164.8018,89,
2026-03-30 22:42:00,164.74,164.74,164.71,164.71,1899.357562,164.7559,99,
2026-03-30 22:43:00,164.69,164.69,164.65,164.6501,2913.310535,164.6923,146,
2026-03-30 22:44:00,164.65,164.67,164.64,164.64,7290.031222,164.6511,143,
2026-03-30 22:45:00,164.6215,164.64,164.62,164.63,2018.048518,164.6286,98,
2026-03-30 22:46:00,164.601,164.6548,164.601,164.62,2602.255139,164.6416,88,
2026-03-30 22:47:00,164.62,164.62,164.55,164.589,5271.773877,164.6141,229,
2026-03-30 22:48:00,164.57,164.57,164.54,164.54,8282.184888,164.5562,148,
2026-03-30 22:49:00,164.53,164.59,164.53,164.55,4592.600624,164.5723,111,
2026-03-30 22:50:00,164.54,164.65,164.54,164.61,3962.957856,164.6483,117,
2026-03-30 22:51:00,164.65,164.67,164.63,164.66,6462.538665,164.6609,72,
2026-03-30 22:52:00,164.64,164.65,164.64,164.64,5510.823641,164.6662,89,
2026-03-30 22:53:00,164.65,164.65,164.61,164.61,1926.949674,164.7035,79,
2026-03-30 22:54:00,164.6,164.63,164.6,164.6,4768.260443,164.626,129,
2026-03-30 22:55:00,164.5604,164.6,164.5604,164.5655,2138.546083,164.6221,80,
2026-03-30 22:56:00,164.59,164.59,164.56,164.5699,2994.466274,164.598,90,
2026-03-30 22:57:00,164.5526,164.57,164.52,164.57,8591.702729,164.5606,169,
2026-03-30 22:58:00,164.6,164.6,164.56,164.56,1953.586545,164.6356,83,
2026-03-30 22:59:00,164.5996,164.6,164.52,164.52,3901.267577,164.5786,101,
2026-03-30 23:00:00,164.51,164.55,164.4,164.425,23408.566925,164.4872,553,
2026-03-30 23:01:00,164.43,164.43,164.32,164.35,22056.830402,164.3936,278,
2026-03-30 23:02:00,164.33,164.4,164.3217,164.34,3411.853836,164.4047,100,
2026-03-30 23:03:00,164.37,164.4,164.33,164.36,6061.480505,164.3772,103,
2026-03-30 23:04:00,164.34,164.34,164.27,164.27,10881.042097,164.2994,342,
2026-03-30 23:05:00,164.255,164.26,164.22,164.25,8861.341875,164.2566,250,
2026-03-30 23:06:00,164.22,164.22,164.12,164.12,14944.097255,164.1807,366,
2026-03-30 23:07:00,164.12,164.27,164.1104,164.2,21331.081983,164.1794,190,
2026-03-30 23:08:00,164.2,164.24,164.06,164.138,31123.34432,164.1226,514,
2026-03-30 23:09:00,164.14,164.14,164.07,164.08,7167.230806,164.1123,137,
2026-03-30 23:10:00,164.06,164.25,164.06,164.22,15471.71936,164.1511,150,
2026-03-30 23:11:00,164.2,164.31,164.2,164.23,4445.306827,164.2511,143,
2026-03-30 23:12:00,164.2104,164.26,164.19,164.2,14386.73431,164.2115,221,
2026-03-30 23:13:00,164.22,164.22,164.15,164.21,2572.750374,164.2398,105,
2026-03-30 23:14:00,164.22,164.22,164.17,164.21,9542.10633,164.206,105,
2026-03-30 23:15:00,164.2,164.2,164.09,164.15,4964.779813,164.1682,148,
2026-03-30 23:16:00,164.1102,164.2,164.1102,164.2,8164.615347,164.1649,142,
2026-03-30 23:17:00,164.18,164.22,164.18,164.19,2229.107437,164.205,61,
2026-03-30 23:18:00,164.19,164.19,164.12,164.12,6997.845772,164.158,116,
2026-03-30 23:19:00,164.15,164.17,164.12,164.12,7278.692601,164.1584,93,
2026-03-30 23:20:00,164.17,164.2001,164.16,164.2001,9222.34117,164.1878,111,
2026-03-30 23:21:00,164.24,164.3399,164.24,164.25,5709.837925,164.3013,106,
2026-03-30 23:22:00,164.26,164.2783,164.21,164.21,4974.643152,164.2673,96,
2026-03-30 23:23:00,164.2,164.3,164.2,164.24,2693.146409,164.2287,80,
2026-03-30 23:24:00,164.2204,164.2204,164.2204,164.2204,811.082463,164.2531,73,
2026-03-30 23:25:00,164.3,164.3,164.15,164.15,4744.195333,164.2295,133,
2026-03-30 23:26:00,164.1879,164.21,164.13,164.21,2909.500226,164.2026,75,
2026-03-30 23:27:00,164.1587,164.235,164.148,164.21,2753.29783,164.2178,95,
2026-03-30 23:28:00,164.1901,164.21,164.15,164.1996,6738.033175,164.1809,113,
2026-03-30 23:29:00,164.2,164.2,164.16,164.16,1824.036436,164.1725,87,
2026-03-30 23:30:00,164.17,164.19,164.11,164.11,4316.774066,164.1713,133,
2026-03-30 23:31:00,164.11,164.16,164.08,164.1,4073.147346,164.1131,133,
2026-03-30 23:32:00,164.08,164.1,164.0398,164.06,11037.006211,164.0579,280,
2026-03-30 23:33:00,164.02,164.04,164.02,164.04,12058.583549,164.0303,129,
2026-03-30 23:34:00,164.04,164.04,164.02,164.0226,4450.187774,164.0315,102,
2026-03-30 23:35:00,164.02,164.03,164.02,164.02,3517.098728,164.0271,104,
2026-03-30 23:36:00,164.0226,164.08,164.02,164.05,16010.779953,164.0615,124,
2026-03-30 23:37:00,164.09,164.09,164.03,164.03,9777.585543,164.0738,142,
2026-03-30 23:38:00,164.03,164.05,164.0201,164.05,4272.733978,164.0628,95,
2026-03-30 23:39:00,164.03,164.08,164.03,164.04,9043.253653,164.0563,112,
2026-03-30 23:40:00,164.02,164.0274,163.85,163.85,62469.621065,163.9868,2513,
2026-03-30 23:41:00,163.8374,163.9746,163.81,163.9746,9139.248927,163.8457,200,
2026-03-30 23:42:00,163.94,163.9575,163.88,163.9494,7219.291377,163.9361,143,
2026-03-30 23:43:00,163.93,163.931,163.82,163.82,9074.600988,163.8727,204,
2026-03-30 23:44:00,163.87,163.87,163.8002,163.81,6141.554342,163.8391,168,
2026-03-30 23:45:00,163.81,163.84,163.75,163.75,13988.756686,163.796,330,
2026-03-30 23:46:00,163.76,163.81,163.75,163.8006,11691.463082,163.7969,173,
2026-03-30 23:47:00,163.82,163.88,163.8,163.8,9112.435121,163.8504,158,
2026-03-30 23:48:00,163.8,163.8,163.75,163.76,13872.925228,163.7933,178,
2026-03-30 23:49:00,163.76,163.8,163.73,163.8,10884.225791,163.7626,172,
2026-03-30 23:50:00,163.8,163.8797,163.78,163.85,8746.018251,163.8381,120,
2026-03-30 23:51:00,163.83,163.88,163.83,163.87,3951.838002,163.8955,116,
2026-03-30 23:52:00,163.88,163.88,163.8,163.82,15291.40347,163.8655,145,
2026-03-30 23:53:00,163.8013,163.83,163.8,163.8,3178.274019,163.8265,140,
2026-03-30 23:54:00,163.79,163.8061,163.7,163.75,12417.540909,163.7467,242,
2026-03-30 23:55:00,163.72,163.7422,163.58,163.64,19890.610837,163.6733,282,
2026-03-30 23:56:00,163.61,163.63,163.5,163.52,46408.188347,163.529,342,
2026-03-30 23:57:00,163.52,163.53,163.5,163.53,30498.715562,163.5168,241,
2026-03-30 23:58:00,163.52,163.53,163.5,163.5,21028.607017,163.5224,208,
2026-03-30 23:59:00,163.5199,163.53,163.5,163.5187,33721.039992,163.5187,214,
2026-03-31 08:00:00,166.24,166.54,165.93,166.54,20293.553805,166.3821,850,
2026-03-31 08:01:00,166.54,166.64,165.2,166.57,442851.477488,166.0198,14449,
2026-03-31 08:02:00,166.522,166.65,166.45,166.61,7451.259944,166.5512,121,
2026-03-31 08:03:00,166.6,166.69,166.51,166.66,12879.089752,166.5676,256,
2026-03-31 08:04:00,166.69,166.98,166.6,166.98,10174.225371,166.8225,249,
2026-03-31 08:05:00,166.94,167.24,166.93,167.2,24896.160692,167.0765,483,
2026-03-31 08:06:00,167.2,167.25,167.13,167.2,12099.893516,167.19,272,
2026-03-31 08:07:00,167.12,167.22,167.1,167.1,4085.176539,167.1517,117,
2026-03-31 08:08:00,167.09,167.15,167.06,167.12,6602.76072,167.1326,164,
2026-03-31 08:09:00,167.11,167.2,167.11,167.16,8384.01049,167.1638,183,
2026-03-31 08:10:00,167.13,167.13,166.96,166.96,7617.457847,167.059,262,
2026-03-31 08:11:00,166.95,167.01,166.87,166.88,11039.479269,166.9483,190,
2026-03-31 08:12:00,166.84,166.98,166.8,166.82,3116.442869,166.8693,130,
2026-03-31 08:13:00,166.87,167.03,166.85,167.0,5293.865951,166.9774,129,
2026-03-31 08:14:00,167.0,167.0,166.8,166.87,5543.716726,166.8632,117,
2026-03-31 08:15:00,166.77,166.88,166.77,166.88,1550.194505,166.8699,56,
2026-03-31 08:16:00,166.94,166.95,166.91,166.91,3467.1,166.9399,75,
2026-03-31 08:17:00,166.9,166.9,166.75,166.75,4405.646152,166.841,104,
2026-03-31 08:18:00,166.78,166.78,166.6,166.73,8001.999629,166.7082,206,
2026-03-31 08:19:00,166.76,166.95,166.76,166.95,5556.699661,166.9142,120,
2026-03-31 08:20:00,166.96,167.01,166.95,166.965,3823.170437,166.989,104,
2026-03-31 08:21:00,166.97,166.97,166.8,166.8,6456.614792,166.9342,156,
2026-03-31 08:22:00,166.8,166.95,166.76,166.76,1776.793067,166.8975,63,
2026-03-31 08:23:00,166.84,166.84,166.7,166.84,6410.145029,166.7617,99,
2026-03-31 08:24:00,166.7205,166.79,166.7205,166.79,1097.478579,166.854,36,
2026-03-31 08:25:00,166.771,166.771,166.75,166.75,2061.24311,166.7889,72,
2026-03-31 08:26:00,166.74,166.74,166.71,166.71,940.03437,166.7299,40,
2026-03-31 08:27:00,166.75,166.75,166.65,166.65,2392.551957,166.7421,101,
2026-03-31 08:28:00,166.65,166.7753,166.65,166.65,1304.435248,166.7468,51,
2026-03-31 08:29:00,166.7,166.72,166.6484,166.6484,2143.392818,166.741,50,
2026-03-31 08:30:00,166.65,166.67,166.6,166.6,4457.209371,166.6504,76,
2026-03-31 08:31:00,166.6,166.75,166.6,166.63,2632.000059,166.6743,35,
2026-03-31 08:32:00,166.7,166.72,166.7,166.72,1114.1,166.7034,35,
2026-03-31 08:33:00,166.71,166.73,166.7,166.73,1945.211978,166.7288,45,
2026-03-31 08:34:00,166.74,166.75,166.6338,166.6338,5938.02,166.6967,91,
2026-03-31 08:35:00,166.79,166.79,166.68,166.69,3134.119904,166.7413,44,
2026-03-31 08:36:00,166.69,166.74,166.69,166.74,3780.0,166.7317,61,
2026-03-31 08:37:00,166.8,166.85,166.74,166.74,4206.03439,166.795,81,
2026-03-31 08:38:00,166.81,166.81,166.77,166.77,1219.0,166.7802,32,
2026-03-31 08:39:00,166.8,166.8,166.62,166.67,5591.714616,166.7109,110,
2026-03-31 08:40:00,166.63,166.66,166.53,166.66,7725.740159,166.6106,111,
2026-03-31 08:41:00,166.57,166.57,166.51,166.51,2570.054031,166.5365,51,
2026-03-31 08:42:00,166.51,166.58,166.51,166.58,1580.0,166.5577,42,
2026-03-31 08:43:00,166.6,166.6195,166.52,166.6195,1714.154376,166.6069,45,
2026-03-31 08:44:00,166.6,166.6,166.49,166.5,2694.583347,166.564,114,
2026-03-31 08:45:00,166.51,166.51,166.43,166.47,4145.575578,166.497,119,
2026-03-31 08:46:00,166.54,166.55,166.32,166.48,2520.21531,166.4963,58,
2026-03-31 08:47:00,166.56,166.62,166.56,166.59,1543.376,166.6346,54,
2026-03-31 08:48:00,166.57,166.63,166.57,166.63,1091.21185,166.6005,47,
2026-03-31 08:49:00,166.65,166.65,166.65,166.65,874.0,166.6091,51,
2026-03-31 08:50:00,166.68,166.75,166.68,166.75,2522.438361,166.7479,64,
2026-03-31 08:51:00,166.77,166.86,166.77,166.86,2827.610017,166.8337,63,
2026-03-31 08:52:00,166.8065,166.84,166.5,166.5,5753.42889,166.683,129,
2026-03-31 08:53:00,166.64,166.7,166.64,166.7,1501.881489,166.7262,57,
2026-03-31 08:54:00,166.55,166.65,166.55,166.65,2307.177559,166.5917,99,
2026-03-31 08:55:00,166.65,166.72,166.64,166.64,3534.408971,166.6922,86,
2026-03-31 08:56:00,166.6,166.62,166.58,166.58,2832.179155,166.6272,39,
2026-03-31 08:57:00,166.7,166.7,166.64,166.64,2269.254068,166.6838,56,
2026-03-31 08:58:00,166.63,166.63,166.63,166.63,711.615403,166.7756,26,
2026-03-31 08:59:00,166.65,166.66,166.6,166.62,2407.0,166.6317,42,
2026-03-31 09:00:00,166.6,166.71,166.6,166.71,2694.23,166.6783,73,
2026-03-31 09:01:00,166.72,166.72,166.67,166.67,590.0,166.6869,23,
2026-03-31 09:02:00,166.61,166.75,166.61,166.75,2376.811372,166.7038,53,
2026-03-31 09:03:00,166.71,166.75,166.67,166.75,2063.09159,166.7496,73,
2026-03-31 09:04:00,166.7471,166.89,166.7,166.89,5357.360162,166.7869,128,
2026-03-31 09:05:00,166.92,166.92,166.8966,166.8966,3249.117066,166.9157,87,
2026-03-31 09:06:00,166.9,166.9,166.9,166.9,1221.092146,166.8691,68,
2026-03-31 09:07:00,166.82,166.82,166.82,166.82,622.03,166.8301,33,
2026-03-31 09:08:00,166.81,166.81,166.81,166.81,845.026694,166.7993,48,
2026-03-31 09:09:00,166.81,166.87,166.81,166.87,3499.480843,166.8366,89,
2026-03-31 09:11:00,166.86,166.86,166.85,166.86,1320.034935,166.8593,44,
2026-03-31 09:12:00,166.8,166.8,166.8,166.8,607.821697,167.0358,63,
2026-03-31 09:14:00,166.87,166.87,166.82,166.84,11313.229013,166.8458,90,
2026-03-31 09:15:00,166.84,166.84,166.84,166.84,732.93453,167.1004,49,
2026-03-31 09:16:00,166.81,166.83,166.73,166.73,7375.177428,166.7998,105,
2026-03-31 09:17:00,166.71,166.72,166.67,166.71,3438.326738,166.7081,104,
2026-03-31 09:19:00,166.78,166.78,166.74,166.74,869.85101,166.9254,28,
2026-03-31 09:20:00,166.78,166.8,166.78,166.79,1436.986881,166.9026,60,
2026-03-31 09:21:00,166.74,166.74,166.71,166.71,1298.017865,166.7406,46,
2026-03-31 09:22:00,166.6885,166.8,166.6885,166.79,2164.143487,166.7654,61,
2026-03-31 09:23:00,166.85,166.94,166.85,166.94,1874.896149,166.9455,80,
2026-03-31 09:24:00,166.8837,166.94,166.85,166.94,2248.079385,166.8931,71,
2026-03-31 09:25:00,166.95,166.96,166.9,166.9,4795.639861,166.9689,93,
2026-03-31 09:27:00,166.9,166.9,166.9,166.9,1275.03436,166.9205,47,
2026-03-31 09:28:00,166.95,166.98,166.9,166.9,4755.342039,166.9575,97,
2026-03-31 09:29:00,166.88,166.88,166.83,166.85,2121.370978,166.883,70,
2026-03-31 09:30:00,166.87,166.87,166.71,166.85,1818.833337,166.8645,80,
2026-03-31 09:31:00,166.78,166.78,166.7,166.7,2902.966593,166.7815,82,
2026-03-31 09:32:00,166.7,166.7,166.65,166.7,3098.615803,166.7221,96,
2026-03-31 09:33:00,166.7,166.7,166.69,166.69,1267.209117,166.7185,39,
2026-03-31 09:34:00,166.73,166.73,166.67,166.67,1784.0,166.6743,20,
2026-03-31 09:35:00,166.63,166.64,166.63,166.64,878.361849,166.7113,42,
2026-03-31 09:36:00,166.7,166.7,166.7,166.7,2242.622776,166.754,63,
2026-03-31 09:37:00,166.77,166.78,166.77,166.78,1304.034375,166.7778,36,
2026-03-31 09:38:00,166.75,166.75,166.75,166.75,449.39,166.8933,44,
2026-03-31 09:40:00,166.71,166.75,166.68,166.75,2367.210578,166.7279,53,
2026-03-31 09:41:00,166.61,166.61,166.61,166.61,759.5487,166.7701,41,
2026-03-31 09:43:00,166.68,166.68,166.68,166.68,264.826093,167.1992,17,
2026-03-31 09:45:00,166.6,166.73,166.6,166.61,7055.472655,166.6352,97,
2026-03-31 09:46:00,166.63,166.66,166.6,166.6,1329.0,166.6125,42,
2026-03-31 09:47:00,166.58,166.58,166.56,166.56,1722.250951,166.5964,72,
2026-03-31 09:48:00,166.58,166.66,166.58,166.65,7582.124621,166.6454,77,
2026-03-31 09:49:00,166.66,166.66,166.66,166.66,818.016088,166.6661,25,
2026-03-31 09:50:00,166.6,166.6,166.59,166.59,992.456561,166.6835,40,
2026-03-31 09:51:00,166.65,166.75,166.65,166.66,8585.148503,166.6861,142,
2026-03-31 09:52:00,166.65,166.73,166.64,166.73,2255.88403,166.743,54,
2026-03-31 09:53:00,166.72,166.72,166.61,166.61,3125.661388,166.6874,72,
2026-03-31 09:54:00,166.67,166.68,166.63,166.63,1573.168408,166.6706,49,
2026-03-31 09:55:00,166.58,166.58,166.5,166.5,8427.773083,166.537,227,
2026-03-31 09:56:00,166.48,166.4949,166.46,166.46,1251.850045,166.5899,36,
2026-03-31 09:57:00,166.46,166.46,166.37,166.39,5236.243702,166.4154,129,
2026-03-31 09:58:00,166.38,166.47,166.38,166.47,3499.152908,166.4479,79,
2026-03-31 09:59:00,166.5,166.51,166.4529,166.51,3771.07395,166.4965,88,
2026-03-31 10:00:00,166.61,166.65,166.61,166.64,2646.624115,166.6697,107,
2026-03-31 10:01:00,166.5,166.59,166.4881,166.5,5579.750746,166.544,63,
2026-03-31 10:02:00,166.5,166.6,166.44,166.44,3846.034424,166.5122,43,
2026-03-31 10:03:00,166.49,166.57,166.44,166.44,1872.972491,166.5792,49,
2026-03-31 10:04:00,166.49,166.49,166.48,166.48,1999.417829,166.5333,71,
2026-03-31 10:05:00,166.5,166.5,166.45,166.45,1608.674057,166.5422,39,
2026-03-31 10:06:00,166.45,166.64,166.45,166.64,4052.274538,166.5761,87,
2026-03-31 10:07:00,166.6,166.68,166.59,166.67,3327.425617,166.6489,63,
2026-03-31 10:08:00,166.65,166.65,166.65,166.65,1374.259455,166.6768,25,
2026-03-31 10:09:00,166.65,166.65,166.61,166.61,1082.910077,166.7681,45,
2026-03-31 10:10:00,166.6572,166.6572,166.56,166.56,1456.4,166.633,25,
2026-03-31 10:11:00,166.54,166.59,166.54,166.56,3112.920309,166.6094,86,
2026-03-31 10:12:00,166.59,166.6,166.59,166.6,2717.5,166.6182,52,
2026-03-31 10:13:00,166.6428,166.65,166.58,166.58,1720.767907,166.674,33,
2026-03-31 10:14:00,166.58,166.64,166.51,166.56,3919.361178,166.5949,66,
2026-03-31 10:15:00,166.5,166.56,166.5,166.56,2796.095729,166.5258,52,
2026-03-31 10:16:00,166.5611,166.5611,166.5611,166.5611,487.402503,166.7173,44,
2026-03-31 10:17:00,166.6,166.6,166.6,166.6,874.984034,166.7761,36,
2026-03-31 10:18:00,166.59,166.59,166.54,166.54,1109.015322,166.5707,40,
2026-03-31 10:19:00,166.54,166.54,166.51,166.51,3375.945501,166.5715,65,
2026-03-31 10:20:00,166.47,166.48,166.46,166.46,1826.548894,166.5246,38,
2026-03-31 10:21:00,166.47,166.47,166.44,166.44,1077.345545,166.5017,54,
2026-03-31 10:22:00,166.48,166.52,166.44,166.44,1258.270225,166.5082,38,
2026-03-31 10:23:00,166.505,166.505,166.43,166.47,1280.065229,166.4735,22,
2026-03-31 10:24:00,166.46,166.5,166.46,166.49,3019.0,166.4878,50,
2026-03-31 10:25:00,166.4627,166.51,166.46,166.47,2170.013873,166.4766,46,
2026-03-31 10:26:00,166.51,166.54,166.51,166.54,3823.033498,166.5185,56,
2026-03-31 10:27:00,166.54,166.54,166.52,166.52,925.6129,166.6523,29,
2026-03-31 10:28:00,166.53,166.54,166.53,166.54,1120.00689,166.5353,38,
2026-03-31 10:29:00,166.59,166.66,166.54,166.66,4016.71293,166.6322,76,
2026-03-31 10:30:00,166.64,166.66,166.5872,166.66,1107.194002,166.6714,34,
2026-03-31 10:31:00,166.68,166.74,166.68,166.69,2613.761916,166.7415,84,
2026-03-31 10:32:00,166.58,166.61,166.57,166.58,1229.918488,166.7066,57,
2026-03-31 10:33:00,166.56,166.63,166.56,166.63,1439.0,166.602,49,
2026-03-31 10:34:00,166.53,166.53,166.48,166.5,5856.60557,166.5303,139,
2026-03-31 10:35:00,166.45,166.49,166.43,166.43,1745.783022,166.5303,71,
2026-03-31 10:36:00,166.41,166.45,166.35,166.37,8092.935743,166.4211,182,
2026-03-31 10:37:00,166.39,166.44,166.35,166.44,7943.162857,166.3702,105,
2026-03-31 10:38:00,166.35,166.4297,166.26,166.26,7745.277908,166.3422,156,
2026-03-31 10:39:00,166.2036,166.22,166.16,166.16,3681.615892,166.2165,124,
2026-03-31 10:40:00,166.13,166.13,166.06,166.08,3718.103318,166.1017,147,
2026-03-31 10:41:00,166.16,166.16,166.0,166.0,10284.408589,166.0632,321,
2026-03-31 10:42:00,166.0,166.16,166.0,166.14,9385.113442,166.1155,164,
2026-03-31 10:43:00,166.03,166.03,165.92,166.0,4981.50434,166.0218,108,
2026-03-31 10:44:00,166.0,166.04,165.97,165.98,11037.766357,166.0126,173,
2026-03-31 10:45:00,165.855,165.97,165.84,165.88,9961.118069,165.9091,160,
2026-03-31 10:46:00,165.95,166.086,165.95,166.086,1343.4,166.0294,73,
2026-03-31 10:47:00,165.9948,166.04,165.9331,166.04,3010.411061,166.029,64,
2026-03-31 10:48:00,166.08,166.08,166.0,166.0,2937.741814,166.0917,52,
2026-03-31 10:49:00,166.04,166.04,166.0,166.01,1327.128796,166.0354,52,
2026-03-31 10:50:00,166.07,166.14,166.07,166.08,2818.42463,166.1233,96,
2026-03-31 10:51:00,166.08,166.08,165.95,165.95,5943.202903,166.0141,120,
2026-03-31 10:52:00,165.93,166.03,165.89,166.02,6833.298907,165.9355,155,
2026-03-31 10:53:00,166.07,166.1,166.0,166.1,4609.0,166.0436,59,
2026-03-31 10:54:00,166.01,166.1,166.01,166.1,2368.791679,166.1597,93,
2026-03-31 10:55:00,166.12,166.12,166.1,166.1,1124.857305,166.2624,58,
2026-03-31 10:56:00,166.09,166.09,166.08,166.08,986.0,166.0836,36,
2026-03-31 10:57:00,166.04,166.17,166.04,166.17,4431.397228,166.1207,98,
2026-03-31 10:58:00,166.14,166.14,166.14,166.14,962.0,166.1517,53,
2026-03-31 10:59:00,166.12,166.15,166.06,166.07,3757.373796,166.1269,98,
2026-03-31 11:00:00,166.07,166.13,165.995,166.12,36911.18306,166.0571,652,
2026-03-31 11:01:00,166.0555,166.13,165.88,165.91,17752.823856,165.9982,235,
2026-03-31 11:02:00,165.99,166.0,165.82,165.84,21508.924698,165.9554,312,
2026-03-31 11:03:00,165.83,165.9244,165.8278,165.9,7753.815848,165.8881,131,
2026-03-31 11:04:00,165.9,166.05,165.9,165.9984,20377.816003,165.9957,234,
2026-03-31 11:05:00,166.01,166.03,165.9461,166.03,9097.7,166.0191,219,
2026-03-31 11:06:00,166.0348,166.13,166.0078,166.1,8789.855731,166.0932,166,
2026-03-31 11:07:00,166.1119,166.13,166.04,166.1,6611.020628,166.0932,107,
2026-03-31 11:08:00,166.0713,166.1,166.0713,166.1,6020.773112,166.112,145,
2026-03-31 11:09:00,166.1,166.12,166.09,166.105,12970.691443,166.1194,170,
2026-03-31 11:10:00,166.13,166.2,166.04,166.14,26445.506368,166.1089,321,
2026-03-31 11:11:00,166.17,167.1,166.17,166.56,79078.55973,166.7365,1192,
2026-03-31 11:12:00,166.56,166.89,166.56,166.7,18505.028366,166.7116,328,
2026-03-31 11:13:00,166.65,166.79,166.56,166.64,18946.269882,166.6864,278,
2026-03-31 11:14:00,166.61,166.82,166.5901,166.6643,19844.0,166.7063,243,
2026-03-31 11:15:00,166.75,166.86,166.65,166.77,17774.252845,166.7476,265,
2026-03-31 11:16:00,166.7782,167.1,166.76,167.04,26872.33501,166.9711,376,
2026-03-31 11:17:00,167.07,167.07,166.92,166.98,11012.763943,166.9943,267,
2026-03-31 11:18:00,166.9826,167.0,166.9,166.97,23628.47,166.9635,350,
2026-03-31 11:19:00,166.89,166.98,166.84,166.88,18764.831245,166.8979,366,
2026-03-31 11:20:00,166.83,167.0,166.79,166.99,17560.385497,166.9349,294,
2026-03-31 11:21:00,166.99,167.07,166.89,166.89,14285.835339,166.9941,201,
2026-03-31 11:22:00,166.88,166.8906,166.78,166.8906,11725.984535,166.8754,172,
2026-03-31 11:23:00,166.89,166.9122,166.81,166.8405,8822.698136,166.875,214,
2026-03-31 11:24:00,166.84,166.89,166.82,166.86,12915.19198,166.8503,127,
2026-03-31 11:25:00,166.89,166.9772,166.87,166.92,13637.321456,166.9298,169,
2026-03-31 11:26:00,166.89,167.07,166.88,167.031,16186.118944,166.9772,224,
2026-03-31 11:27:00,167.07,167.1,166.96,167.02,40684.853496,167.032,290,
2026-03-31 11:28:00,167.09,167.36,167.07,167.2,36333.318858,167.2268,595,
2026-03-31 11:29:00,167.21,167.21,166.99,167.062,26108.949881,167.0669,285,
2026-03-31 11:30:00,167.1,167.13,167.0,167.0483,7514.181632,167.0822,152,
2026-03-31 11:31:00,167.0134,167.09,166.9228,166.94,7907.14804,167.001,134,
2026-03-31 11:32:00,166.93,166.95,166.9,166.9,14206.23808,166.924,165,
2026-03-31 11:33:00,166.9115,167.1,166.9115,167.08,10674.062538,167.0088,158,
2026-03-31 11:34:00,167.07,167.14,167.022,167.0981,11371.03124,167.074,121,
2026-03-31 11:35:00,167.07,167.1,166.99,167.03,18347.246932,167.0238,189,
2026-03-31 11:36:00,167.01,167.29,167.0,167.25,26409.152936,167.1476,302,
2026-03-31 11:37:00,167.24,167.31,167.23,167.3,17674.880173,167.283,324,
2026-03-31 11:38:00,167.3194,167.38,167.2601,167.36,16225.722412,167.3294,367,
2026-03-31 11:39:00,167.3691,167.55,167.3442,167.5,49948.699884,167.4465,533,
2026-03-31 11:40:00,167.5,167.52,167.42,167.42,29244.324825,167.4947,281,
2026-03-31 11:41:00,167.4381,167.46,167.37,167.42,24436.314592,167.4102,260,
2026-03-31 11:42:00,167.46,167.5522,167.45,167.5078,17221.857221,167.5137,179,
2026-03-31 11:43:00,167.56,167.56,167.38,167.48,33891.543751,167.4979,328,
2026-03-31 11:44:00,167.44,167.52,167.43,167.49,12140.5,167.496,191,
2026-03-31 11:45:00,167.4995,167.4995,167.3931,167.41,15995.8,167.4496,232,
2026-03-31 11:46:00,167.41,167.41,167.34,167.36,16205.49166,167.383,247,
2026-03-31 11:47:00,167.34,167.4,167.25,167.4,15259.544574,167.3201,271,
2026-03-31 11:48:00,167.4,167.4,167.3165,167.36,4739.13,167.3535,123,
2026-03-31 11:49:00,167.3,167.52,167.3,167.4365,42536.362808,167.3847,310,
2026-03-31 11:50:00,167.4634,167.4999,167.3002,167.32,12982.17067,167.4027,203,
2026-03-31 11:51:00,167.3697,167.4875,167.3,167.45,13996.281769,167.392,162,
2026-03-31 11:52:00,167.49,167.49,167.4,167.42,7820.996098,167.4505,167,
2026-03-31 11:53:00,167.4198,167.42,167.3,167.36,11794.288348,167.4034,199,
2026-03-31 11:54:00,167.3426,167.3858,167.2516,167.32,10579.509765,167.296,128,
2026-03-31 11:55:00,167.37,167.37,167.25,167.3005,10533.07529,167.2991,131,
2026-03-31 11:56:00,167.33,167.39,167.3,167.35,9578.392368,167.3597,133,
2026-03-31 11:57:00,167.3011,167.33,167.3,167.3,2128.132865,167.3279,73,
2026-03-31 11:58:00,167.3,167.33,167.29,167.3,6114.0,167.3077,128,
2026-03-31 11:59:00,167.29,167.38,167.29,167.3002,7725.123304,167.3393,133,
2026-03-31 12:00:00,167.31,167.56,167.29,167.56,47967.593016,167.3911,446,
2026-03-31 12:01:00,167.57,167.6722,167.57,167.64,34876.128795,167.603,762,
2026-03-31 12:02:00,167.67,167.79,167.64,167.78,52061.373103,167.6722,519,
2026-03-31 12:03:00,167.789,167.9285,167.67,167.83,44328.654992,167.777,396,
2026-03-31 12:04:00,167.92,168.13,167.88,167.9,79962.619235,167.9954,1031,
2026-03-31 12:05:00,167.9,167.92,167.71,167.73,20769.410525,167.8438,382,
2026-03-31 12:06:00,167.7,167.7224,167.59,167.66,46916.226615,167.1161,748,
2026-03-31 12:07:00,167.63,167.74,167.62,167.6983,8880.150551,167.4774,204,
2026-03-31 12:08:00,167.67,167.7,167.66,167.68,8453.998161,167.7017,163,
2026-03-31 12:09:00,167.67,168.05,167.67,167.95,40400.717643,167.8987,568,
2026-03-31 12:10:00,167.9801,167.9801,167.49,167.5001,35932.800691,167.6817,758,
2026-03-31 12:11:00,167.5608,167.6,167.4,167.4915,31048.084312,167.5125,373,
2026-03-31 12:12:00,167.4203,167.5,167.23,167.36,22781.596832,167.3696,441,
2026-03-31 12:13:00,167.34,167.46,167.2473,167.31,21251.79871,167.3713,288,
2026-03-31 12:14:00,167.3883,167.3883,167.05,167.18,32118.552024,167.2122,445,
2026-03-31 12:15:00,167.1,167.23,167.0,167.07,43630.847516,167.0735,494,
2026-03-31 12:16:00,167.0634,167.2,167.01,167.11,26765.382763,167.1023,330,
2026-03-31 12:17:00,167.09,167.2421,167.07,167.19,15475.990326,167.155,293,
2026-03-31 12:18:00,167.2,167.4735,167.18,167.4343,28568.640547,167.2953,444,
2026-03-31 12:19:00,167.39,167.6,167.34,167.5,16787.02834,167.4707,245,
2026-03-31 12:20:00,167.43,167.4575,167.31,167.4,12494.954472,167.407,232,
2026-03-31 12:21:00,167.41,167.43,167.3,167.32,17269.015599,167.3841,265,
2026-03-31 12:22:00,167.36,167.53,167.35,167.5,13694.405702,167.4594,220,
2026-03-31 12:23:00,167.5,167.5309,167.381,167.4,20684.03931,167.4687,210,
2026-03-31 12:24:00,167.43,167.5397,167.42,167.53,15660.804755,167.5255,168,
2026-03-31 12:25:00,167.47,167.49,167.415,167.45,10633.999309,167.4733,149,
2026-03-31 12:26:00,167.4315,167.4315,167.3323,167.42,12135.48255,167.3855,138,
2026-03-31 12:27:00,167.4,167.47,167.37,167.43,10116.164026,167.4334,149,
2026-03-31 12:28:00,167.4483,167.84,167.425,167.72,37928.505696,167.6386,707,
2026-03-31 12:29:00,167.765,167.8,167.6,167.697,15797.893372,167.7419,238,
2026-03-31 12:30:00,167.67,167.7494,167.6234,167.6234,8497.367449,167.6898,185,
2026-03-31 12:31:00,167.69,167.84,167.67,167.71,16710.016609,167.744,250,
2026-03-31 12:32:00,167.7938,167.8,167.65,167.71,14148.600785,167.7757,155,
2026-03-31 12:33:00,167.71,167.75,167.63,167.7088,8297.900381,167.7162,148,
2026-03-31 12:34:00,167.7003,167.85,167.69,167.8,20492.971108,167.7957,245,
2026-03-31 12:35:00,167.8204,167.9,167.75,167.9,38358.162719,167.8393,377,
2026-03-31 12:36:00,167.85,167.85,167.7064,167.72,15210.683389,167.7638,306,
2026-03-31 12:37:00,167.72,167.72,167.59,167.68,18918.699616,167.6677,298,
2026-03-31 12:38:00,167.69,167.7,167.49,167.57,19842.616191,167.5596,356,
2026-03-31 12:39:00,167.565,167.67,167.42,167.45,13606.136761,167.5551,203,
2026-03-31 12:40:00,167.45,167.6,167.4391,167.5021,7730.201593,167.5255,169,
2026-03-31 12:41:00,167.52,167.65,167.52,167.64,10271.662282,167.6041,180,
2026-03-31 12:42:00,167.65,167.65,167.59,167.63,11698.509033,167.6337,120,
2026-03-31 12:43:00,167.63,167.7372,167.62,167.7,8539.910742,167.7085,177,
2026-03-31 12:44:00,167.6896,167.75,167.6896,167.72,6268.884442,167.7433,176,
2026-03-31 12:45:00,167.7,168.0,167.63,167.8,88268.646565,167.8572,1069,
2026-03-31 12:46:00,167.78,167.82,167.75,167.79,13218.52883,167.7939,248,
2026-03-31 12:47:00,167.7519,167.7519,167.6542,167.7126,12124.667149,167.7268,215,
2026-03-31 12:48:00,167.71,167.79,167.61,167.6462,10631.353842,167.7173,222,
2026-03-31 12:49:00,167.68,167.7,167.6,167.69,16788.7915,167.6489,224,
2026-03-31 12:50:00,167.65,167.67,167.55,167.57,10252.405432,167.6105,209,
2026-03-31 12:51:00,167.66,167.8,167.6362,167.8,46272.869607,167.7113,339,
2026-03-31 12:52:00,167.83,168.0,167.8,167.93,20285.827812,167.9142,330,
2026-03-31 12:53:00,167.91,167.96,167.82,167.9,21354.408497,167.907,302,
2026-03-31 12:54:00,167.8817,167.8817,167.7035,167.78,36468.412455,167.8262,359,
2026-03-31 12:55:00,167.8013,167.86,167.75,167.76,9837.21465,167.797,193,
2026-03-31 12:56:00,167.73,167.75,167.64,167.662,12598.682539,167.707,239,
2026-03-31 12:57:00,167.6675,167.6675,167.54,167.6,18604.976892,167.6011,345,
2026-03-31 12:58:00,167.6,167.6225,167.57,167.57,8694.552716,167.6132,181,
2026-03-31 12:59:00,167.6183,167.65,167.52,167.53,12329.685942,167.6044,221,
2026-03-31 13:00:00,167.52,167.61,167.49,167.61,28155.888962,167.5716,300,
2026-03-31 13:01:00,167.65,167.66,167.5201,167.5291,25043.157604,167.5787,212,
2026-03-31 13:02:00,167.57,167.6,167.54,167.55,15855.385521,167.5773,207,
2026-03-31 13:03:00,167.57,167.6,167.47,167.47,24750.939261,167.5614,334,
2026-03-31 13:04:00,167.47,167.5,167.37,167.42,30018.047164,167.453,397,
2026-03-31 13:05:00,167.42,167.56,167.42,167.51,10082.26245,167.5053,185,
2026-03-31 13:06:00,167.538,167.59,167.5,167.5005,8144.260524,167.5387,188,
2026-03-31 13:07:00,167.52,167.55,167.44,167.5,9883.027793,167.4944,254,
2026-03-31 13:08:00,167.54,167.62,167.51,167.62,113362.126581,165.529,292,
2026-03-31 13:09:00,167.61,167.65,167.57,167.63,13509.342261,167.6191,212,
2026-03-31 13:10:00,167.65,167.68,167.63,167.63,8910.660371,167.6671,201,
2026-03-31 13:11:00,167.6283,167.6561,167.57,167.58,26790.90472,167.6102,204,
2026-03-31 13:12:00,167.62,167.66,167.5539,167.6309,11929.886222,167.6008,161,
2026-03-31 13:13:00,167.67,167.7,167.56,167.637,12769.615092,167.6418,226,
2026-03-31 13:14:00,167.5999,167.6295,167.56,167.6,6922.573053,167.6133,169,
2026-03-31 13:15:00,167.6,167.6395,167.57,167.619,16209.461369,167.6109,238,
2026-03-31 13:16:00,167.63,167.65,167.55,167.6,13282.391968,167.6072,290,
2026-03-31 13:17:00,167.56,167.6,167.38,167.39,30665.542228,167.5001,570,
2026-03-31 13:18:00,167.39,167.5544,167.39,167.53,13457.437422,167.4732,278,
2026-03-31 13:19:00,167.5004,167.7,167.5001,167.6302,16103.947746,167.6024,289,
2026-03-31 13:20:00,167.6317,167.66,167.57,167.5953,9280.494236,167.6311,242,
2026-03-31 13:21:00,167.5991,167.6,167.5,167.6,15619.733028,167.5611,228,
2026-03-31 13:22:00,167.6,167.66,167.45,167.5,24561.791851,167.5611,361,
2026-03-31 13:23:00,167.54,167.5422,167.43,167.46,21026.669934,167.4782,263,
2026-03-31 13:24:00,167.44,167.52,167.4248,167.51,9321.626884,167.4968,203,
2026-03-31 13:25:00,167.5,167.65,167.4626,167.65,11086.248745,167.5506,247,
2026-03-31 13:26:00,167.65,167.65,167.44,167.5,16479.462962,167.5367,288,
2026-03-31 13:27:00,167.47,167.54,166.87,167.02,78334.442006,167.0947,1459,
2026-03-31 13:28:00,166.94,167.23,166.81,167.14,52305.600979,167.1218,700,
2026-03-31 13:29:00,167.14,167.16,166.94,167.0,37924.339069,167.0603,565,
2026-03-31 13:30:00,166.97,167.75,166.96,167.44,2963579.526158,167.2306,30302,
2026-03-31 13:31:00,167.42,167.959,167.32,167.71,877962.493931,167.6293,10905,
2026-03-31 13:32:00,167.72,168.04,167.315,167.58,1095317.379319,167.7152,11823,
2026-03-31 13:33:00,167.58,168.121,167.58,168.121,903412.656129,167.8713,11074,
2026-03-31 13:34:00,168.125,168.68,168.0501,168.66,922109.942623,168.3801,10369,
2026-03-31 13:35:00,168.66,168.73,168.42,168.4551,1048349.510554,168.593,12776,
2026-03-31 13:36:00,168.455,168.57,168.075,168.16,824766.383068,168.2904,11007,
2026-03-31 13:37:00,168.15,168.39,168.09,168.275,690616.653798,168.2315,9391,
2026-03-31 13:38:00,168.27,168.4,167.97,168.275,689917.705476,168.1592,8092,
2026-03-31 13:39:00,168.26,168.5,168.11,168.49,512238.49641,168.2795,5968,
2026-03-31 13:40:00,168.4875,168.6285,168.18,168.55,714446.263424,168.3996,6796,
2026-03-31 13:41:00,168.5598,168.73,168.39,168.49,669090.214864,168.6009,8710,
2026-03-31 13:42:00,168.52,168.69,168.39,168.5085,566863.201958,168.5278,8983,
2026-03-31 13:43:00,168.52,168.63,168.38,168.47,560733.895951,168.4999,10306,
2026-03-31 13:44:00,168.47,168.49,168.11,168.26,616109.236699,168.2675,11024,
2026-03-31 13:45:00,168.27,168.685,168.27,168.538,624857.943825,168.4743,11065,
2026-03-31 13:46:00,168.52,168.79,168.43,168.755,575544.989088,168.6494,11052,
2026-03-31 13:47:00,168.76,168.9,168.69,168.78,624557.967544,168.7928,11634,
2026-03-31 13:48:00,168.78,168.79,168.6,168.655,437120.182518,168.702,9896,
2026-03-31 13:49:00,168.655,169.1,168.655,169.035,1011562.704152,168.937,14479,
2026-03-31 13:50:00,169.0201,169.09,168.76,168.865,683907.411915,168.9279,11627,
2026-03-31 13:51:00,168.865,168.92,168.665,168.845,440430.742306,168.7555,9700,
2026-03-31 13:52:00,168.835,168.935,168.775,168.93,423434.25698,168.8634,9134,
2026-03-31 13:53:00,168.925,169.18,168.8525,169.09,546201.49085,169.0292,9509,
2026-03-31 13:54:00,169.097,169.36,169.065,169.33,599567.634483,169.2283,10192,
2026-03-31 13:55:00,169.32,169.445,169.2,169.21,736473.009422,169.3304,13095,
2026-03-31 13:56:00,169.23,169.32,169.04,169.21,640192.503832,169.1727,10382,
2026-03-31 13:57:00,169.2,169.2899,169.08,169.24,467435.575997,169.1838,12223,
2026-03-31 13:58:00,169.23,169.92,169.18,169.9094,971543.480347,169.6048,14867,
2026-03-31 13:59:00,169.91,170.16,169.77,170.105,1262831.262846,169.9824,15849,
2026-03-31 14:00:00,170.12,170.16,169.85,169.9551,807121.940633,169.9522,13533,
2026-03-31 14:01:00,169.955,170.01,169.82,169.9394,622341.527384,169.922,11419,
2026-03-31 14:02:00,169.93,169.97,169.7701,169.925,422355.526794,169.8779,9908,
2026-03-31 14:03:00,169.925,169.94,169.56,169.6101,587660.226478,169.7293,13139,
2026-03-31 14:04:00,169.6,169.7828,169.56,169.76,423934.754972,169.6748,9216,
2026-03-31 14:05:00,169.77,169.85,169.59,169.635,456568.787176,169.7454,10379,
2026-03-31 14:06:00,169.63,169.71,169.55,169.66,465005.481157,169.6233,10307,
2026-03-31 14:07:00,169.66,169.665,169.36,169.435,521271.304901,169.4771,10312,
2026-03-31 14:08:00,169.43,169.54,169.33,169.455,485925.827249,169.4369,9794,
2026-03-31 14:09:00,169.45,169.525,169.27,169.365,600891.676435,169.4068,11026,
2026-03-31 14:10:00,169.365,169.52,169.21,169.475,614913.352078,169.3384,10822,
2026-03-31 14:11:00,169.475,169.91,169.45,169.7551,753931.192057,169.7444,10967,
2026-03-31 14:12:00,169.75,169.76,169.52,169.675,386692.741963,169.6437,9172,
2026-03-31 14:13:00,169.675,169.89,169.655,169.81,371696.17451,169.76,9108,
2026-03-31 14:14:00,169.805,169.975,169.736,169.915,400354.534252,169.8703,8999,
2026-03-31 14:15:00,169.92,170.21,169.86,170.13,810879.112084,170.0294,12636,
2026-03-31 14:16:00,170.1285,170.29,170.035,170.235,624351.949352,170.1585,10885,
2026-03-31 14:17:00,170.24,170.6866,170.22,170.679,927686.819952,170.4587,12441,
2026-03-31 14:18:00,170.675,170.8798,170.66,170.82,784258.048839,170.7741,11887,
2026-03-31 14:19:00,170.81,170.83,170.545,170.6,709764.001811,170.6713,10964,
2026-03-31 14:20:00,170.5925,170.63,170.44,170.5201,584426.758558,170.5237,10428,
2026-03-31 14:21:00,170.52,170.76,170.33,170.685,646307.314239,170.5585,10939,
2026-03-31 14:22:00,170.685,170.74,170.5501,170.72,416895.365196,170.6726,9106,
2026-03-31 14:23:00,170.73,170.945,170.67,170.885,579998.833076,170.8391,10056,
2026-03-31 14:24:00,170.8801,170.91,170.74,170.76,412620.354682,170.8259,8769,
2026-03-31 14:25:00,170.7599,170.79,170.56,170.62,536346.810482,170.6726,9840,
2026-03-31 14:26:00,170.62,170.7423,170.53,170.7423,371447.160308,170.6241,8702,
2026-03-31 14:27:00,170.75,170.82,170.7201,170.765,375709.232815,170.7684,8802,
2026-03-31 14:28:00,170.77,171.075,170.745,171.0451,758687.124983,170.9707,11519,
2026-03-31 14:29:00,171.045,171.06,170.95,170.98,506897.705944,171.0017,9400,
2026-03-31 14:30:00,170.98,171.1,170.905,170.94,563353.071725,170.9997,10357,
2026-03-31 14:31:00,170.95,170.98,170.785,170.86,473567.421357,170.8721,9674,
2026-03-31 14:32:00,170.845,171.02,170.76,170.98,563745.743097,170.9254,10902,
2026-03-31 14:33:00,170.9799,171.38,170.92,171.3,847850.9813,171.1259,12517,
2026-03-31 14:34:00,171.3,171.3,171.02,171.02,623856.027151,171.1296,10282,
2026-03-31 14:35:00,171.025,171.1,170.75,170.79,566554.781724,170.9181,10266,
2026-03-31 14:36:00,170.7993,170.8498,170.56,170.57,537827.355208,170.7223,9996,
2026-03-31 14:37:00,170.5576,170.6282,170.51,170.54,526577.947838,170.5665,9618,
2026-03-31 14:38:00,170.535,170.705,170.47,170.56,437340.194676,170.5813,9192,
2026-03-31 14:39:00,170.565,170.6799,170.555,170.63,319558.244413,170.6339,8273,
2026-03-31 14:40:00,170.64,170.875,170.6,170.715,544706.355144,170.7778,9767,
2026-03-31 14:41:00,170.715,170.755,170.61,170.695,383160.189888,170.6679,9007,
2026-03-31 14:42:00,170.6801,170.73,170.55,170.615,466693.820225,170.6158,9970,
2026-03-31 14:43:00,170.595,170.595,170.3001,170.3499,571040.345794,170.4363,10275,
2026-03-31 14:44:00,170.3599,170.48,170.29,170.3901,489172.777073,170.36,9965,
2026-03-31 14:45:00,170.4,170.46,170.17,170.405,502325.64053,170.3172,9442,
2026-03-31 14:46:00,170.405,170.64,170.375,170.575,550988.093143,170.4904,9594,
2026-03-31 14:47:00,170.58,170.6,170.365,170.4799,338438.68998,170.4884,8379,
2026-03-31 14:48:00,170.48,170.575,170.385,170.4,274798.946426,170.4711,7715,
2026-03-31 14:49:00,170.425,170.425,170.1501,170.1901,664702.142057,170.2773,10938,
2026-03-31 14:50:00,170.2,170.26,170.075,170.138,525167.100563,170.1588,10227,
2026-03-31 14:51:00,170.13,170.23,169.96,169.99,572776.654894,170.0841,11208,
2026-03-31 14:52:00,170.0,170.07,169.93,170.03,426804.832368,170.0046,9034,
2026-03-31 14:53:00,170.0278,170.0399,169.84,169.855,407620.757646,169.9229,8759,
2026-03-31 14:54:00,169.855,169.92,169.75,169.865,460156.577266,169.83,8868,
2026-03-31 14:55:00,169.85,169.855,169.64,169.685,558557.76086,169.7818,9776,
2026-03-31 14:56:00,169.6899,169.8074,169.59,169.6799,505124.86806,169.6778,10017,
2026-03-31 14:57:00,169.68,169.7,169.56,169.605,368610.463244,169.6261,8904,
2026-03-31 14:58:00,169.6,169.96,169.6,169.85,550513.086134,169.8247,9313,
2026-03-31 14:59:00,169.85,170.07,169.8,170.0451,695885.866353,169.9479,10706,
2026-03-31 15:00:00,170.04,170.19,169.985,170.1142,538076.686844,170.0987,8981,
2026-03-31 15:01:00,170.12,170.2799,170.04,170.24,391139.482844,170.1701,8531,
2026-03-31 15:02:00,170.23,170.39,170.18,170.3,455087.265132,170.2853,9690,
2026-03-31 15:03:00,170.29,170.305,170.03,170.255,394840.784857,170.1562,8887,
2026-03-31 15:04:00,170.25,170.27,170.12,170.1803,343839.373018,170.1904,8659,
2026-03-31 15:05:00,170.175,170.2676,170.17,170.21,235337.447436,170.2194,7746,
2026-03-31 15:06:00,170.21,170.59,170.21,170.4899,615615.063288,170.4575,10553,
2026-03-31 15:07:00,170.48,170.4851,170.24,170.2898,394377.751795,170.3325,8626,
2026-03-31 15:08:00,170.285,170.315,170.05,170.123,420524.538756,170.182,8888,
2026-03-31 15:09:00,170.12,170.14,170.01,170.06,387506.743056,170.0765,8951,
2026-03-31 15:10:00,170.055,170.15,170.02,170.15,326297.676748,170.0912,8539,
2026-03-31 15:11:00,170.15,170.34,170.14,170.2,410363.990287,170.2297,8935,
2026-03-31 15:12:00,170.215,170.29,170.145,170.26,251464.678047,170.2206,7516,
2026-03-31 15:13:00,170.255,170.58,170.1956,170.5451,309170.848532,170.3538,8238,
2026-03-31 15:14:00,170.54,170.72,170.4851,170.645,439546.376531,170.6461,8974,
2026-03-31 15:15:00,170.65,170.74,170.61,170.695,316825.369414,170.6711,8339,
2026-03-31 15:16:00,170.7,170.708,170.54,170.63,377075.112884,170.6164,8633,
2026-03-31 15:17:00,170.635,170.635,170.375,170.505,309290.699923,170.4894,8110,
2026-03-31 15:18:00,170.505,170.63,170.5,170.525,279074.381566,170.5504,7456,
2026-03-31 15:19:00,170.525,170.5497,170.37,170.4,269323.688457,170.4395,7454,
2026-03-31 15:20:00,170.4,170.4,170.13,170.175,428911.217935,170.2384,9637,
2026-03-31 15:21:00,170.1701,170.2698,170.08,170.25,301728.311215,170.1856,7784,
2026-03-31 15:22:00,170.26,170.475,170.24,170.3601,342424.868027,170.3656,8014,
2026-03-31 15:23:00,170.3701,170.5699,170.365,170.5197,287788.653889,170.4858,7681,
2026-03-31 15:24:00,170.51,170.71,170.488,170.6301,459960.756932,170.6375,8514,
2026-03-31 15:25:00,170.64,170.695,170.57,170.625,239724.605795,170.6354,7504,
2026-03-31 15:26:00,170.635,170.64,170.34,170.405,356827.325628,170.4787,8041,
2026-03-31 15:27:00,170.415,170.4899,170.32,170.465,257939.410139,170.4248,7650,
2026-03-31 15:28:00,170.455,170.5,170.35,170.48,259528.265718,170.4424,7533,
2026-03-31 15:29:00,170.48,170.48,170.305,170.305,274411.645557,170.4126,7760,
2026-03-31 15:30:00,170.3,170.33,170.155,170.185,282503.8792,170.2375,8156,
2026-03-31 15:31:00,170.1808,170.24,170.11,170.195,195005.845247,170.1722,7337,
2026-03-31 15:32:00,170.1993,170.315,170.1,170.11,271838.066863,170.2297,7705,
2026-03-31 15:33:00,170.1,170.2298,170.07,170.0902,251011.976671,170.1407,7280,
2026-03-31 15:34:00,170.0999,170.265,170.095,170.26,249906.186627,170.1978,7449,
2026-03-31 15:35:00,170.26,170.525,170.26,170.435,479879.614924,170.4519,9941,
2026-03-31 15:36:00,170.43,170.565,170.365,170.5,251996.62254,170.4585,7863,
2026-03-31 15:37:00,170.5,170.615,170.38,170.435,376736.987863,170.5059,8478,
2026-03-31 15:38:00,170.435,170.48,170.314,170.3399,267433.310762,170.4017,7722,
2026-03-31 15:39:00,170.34,170.455,170.27,170.32,229878.522681,170.3574,7293,
2026-03-31 15:40:00,170.32,170.3899,170.25,170.25,230150.079445,170.3116,7270,
2026-03-31 15:41:00,170.24,170.2651,170.105,170.225,248072.268393,170.1924,7326,
2026-03-31 15:42:00,170.23,170.278,170.09,170.16,216586.193376,170.1592,7286,
2026-03-31 15:43:00,170.16,170.22,169.995,170.055,343796.516453,170.0703,4043,
2026-03-31 15:44:00,170.07,170.17,170.045,170.105,229685.529358,170.1076,2384,
2026-03-31 15:45:00,170.1,170.11,169.925,169.94,260022.53487,170.013,3086,
2026-03-31 15:46:00,169.935,169.975,169.805,169.89,311180.082253,169.8865,3475,
2026-03-31 15:47:00,169.89,169.99,169.83,169.84,229648.912843,169.8945,3201,
2026-03-31 15:48:00,169.84,169.96,169.82,169.915,213305.583728,169.9036,2330,
2026-03-31 15:49:00,169.91,170.03,169.9,170.025,320526.826272,169.9835,3515,
2026-03-31 15:50:00,170.02,170.08,169.86,170.065,335825.147292,169.9981,3285,
2026-03-31 15:51:00,170.0607,170.31,170.05,170.26,373156.950975,170.197,3592,
2026-03-31 15:52:00,170.26,170.4,170.22,170.37,266669.794329,170.2997,2921,
2026-03-31 15:53:00,170.365,170.415,170.33,170.4,215105.677861,170.3759,2490,
2026-03-31 15:54:00,170.4,170.4,170.25,170.359,192969.526493,170.3236,2379,
2026-03-31 15:55:00,170.36,170.515,170.275,170.325,380361.154815,170.404,3684,
2026-03-31 15:56:00,170.31,170.405,170.04,170.045,352088.408401,170.2271,3998,
2026-03-31 15:57:00,170.04,170.15,169.96,170.0051,383559.952136,170.0485,4365,
2026-03-31 15:58:00,170.01,170.06,169.945,169.95,235399.907315,170.0023,2442,
2026-03-31 15:59:00,169.94,170.005,169.8203,169.845,238202.836181,169.9095,2697,
2026-03-31 16:00:00,169.84,169.97,169.755,169.95,316887.956081,169.8753,3843,
2026-03-31 16:01:00,169.95,170.31,169.94,170.285,345753.674649,170.106,3527,
2026-03-31 16:02:00,170.29,170.3903,170.24,170.31,319749.61609,170.3286,3610,
2026-03-31 16:03:00,170.3,170.38,170.1801,170.185,208131.599014,170.2784,2363,
2026-03-31 16:04:00,170.19,170.2,170.11,170.16,207582.136153,170.1561,2172,
2026-03-31 16:05:00,170.16,170.34,170.14,170.33,187885.444281,170.2473,2310,
2026-03-31 16:06:00,170.3401,170.475,170.292,170.465,283793.189701,170.4053,3735,
2026-03-31 16:07:00,170.46,170.7,170.445,170.685,329102.40571,170.5807,3626,
2026-03-31 16:08:00,170.68,170.76,170.635,170.673,360627.373885,170.7046,3329,
2026-03-31 16:09:00,170.685,170.765,170.62,170.745,406988.419853,170.6796,3757,
2026-03-31 16:10:00,170.74,170.78,170.64,170.695,289810.331343,170.7071,3083,
2026-03-31 16:11:00,170.695,170.72,170.515,170.645,563008.436557,170.638,4236,
2026-03-31 16:12:00,170.65,170.67,170.342,170.44,429643.199763,170.5102,4128,
2026-03-31 16:13:00,170.44,170.61,170.435,170.575,296398.819558,170.5297,3323,
2026-03-31 16:14:00,170.57,170.69,170.54,170.645,268443.263087,170.6215,2974,
2026-03-31 16:15:00,170.6426,170.74,170.63,170.7201,198316.661626,170.6851,2356,
2026-03-31 16:16:00,170.725,170.945,170.6975,170.895,499584.399716,170.8591,4775,
2026-03-31 16:17:00,170.9,171.04,170.873,170.9399,600975.773182,170.9705,5647,
2026-03-31 16:18:00,170.9302,171.03,170.88,171.0,283216.799819,170.9587,3018,
2026-03-31 16:19:00,171.005,171.06,170.875,171.023,372244.618755,170.9694,3988,
2026-03-31 16:20:00,171.02,171.065,170.93,170.95,327306.590598,171.0042,3643,
2026-03-31 16:21:00,170.97,171.04,170.85,170.965,255336.983598,170.9364,2959,
2026-03-31 16:22:00,170.97,170.97,170.8101,170.8101,284558.770999,170.8954,2919,
2026-03-31 16:23:00,170.815,171.01,170.78,170.985,393936.78307,170.9081,3328,
2026-03-31 16:24:00,170.99,171.22,170.9601,171.22,553143.291413,171.1104,4700,
2026-03-31 16:25:00,171.22,171.28,171.165,171.215,375641.260514,171.2126,3968,
2026-03-31 16:26:00,171.215,171.25,171.04,171.045,342893.350718,171.1336,3704,
2026-03-31 16:27:00,171.0499,171.17,171.025,171.1199,289695.258686,171.105,3143,
2026-03-31 16:28:00,171.1101,171.13,171.07,171.1,216732.039168,171.0972,2853,
2026-03-31 16:29:00,171.1,171.11,170.987,171.05,291132.45313,171.0517,3458,
2026-03-31 16:30:00,171.05,171.06,170.84,170.915,400678.351034,170.936,4268,
2026-03-31 16:31:00,170.905,170.91,170.78,170.815,219310.251505,170.8299,2479,
2026-03-31 16:32:00,170.81,170.86,170.755,170.825,182833.331078,170.8179,2909,
2026-03-31 16:33:00,170.835,170.95,170.82,170.885,219376.574767,170.8884,2435,
2026-03-31 16:34:00,170.89,170.97,170.885,170.945,167256.615716,170.9317,1915,
2026-03-31 16:35:00,170.94,170.96,170.82,170.86,220062.706678,170.8969,2734,
2026-03-31 16:36:00,170.86,171.17,170.8502,171.14,306288.380021,171.0106,3084,
2026-03-31 16:37:00,171.132,171.33,171.1001,171.2497,331412.8111,171.2365,3534,
2026-03-31 16:38:00,171.25,171.7,171.25,171.69,759177.569,171.5242,7806,
2026-03-31 16:39:00,171.69,172.35,171.61,172.34,1317486.819489,171.9365,13980,
2026-03-31 16:40:00,172.34,172.89,172.31,172.52,1650533.374055,172.6062,19733,
2026-03-31 16:41:00,172.49,173.33,172.46,173.31,1177814.96182,172.849,14636,
2026-03-31 16:42:00,173.3,173.47,172.88,173.37,1306104.042121,173.2001,17936,
2026-03-31 16:43:00,173.3799,173.73,173.23,173.495,1075002.525276,173.4881,14445,
2026-03-31 16:44:00,173.5,173.58,173.09,173.2603,992097.771793,173.2764,14391,
2026-03-31 16:45:00,173.27,173.88,173.1,173.58,1245251.027357,173.5375,16928,
2026-03-31 16:46:00,173.58,173.6,172.845,173.06,963352.596321,173.0357,11717,
2026-03-31 16:47:00,173.06,173.21,172.7301,172.8,707649.38217,172.9556,9158,
2026-03-31 16:48:00,172.8,172.8377,172.42,172.63,669147.85103,172.6049,8338,
2026-03-31 16:49:00,172.62,173.13,172.61,173.105,873128.256151,172.831,8608,
2026-03-31 16:50:00,173.1,173.62,173.02,173.505,858275.026813,173.3071,11192,
2026-03-31 16:51:00,173.485,173.5016,173.08,173.16,535133.827627,173.2649,8226,
2026-03-31 16:52:00,173.16,173.16,172.7003,172.83,677118.427047,172.9548,8325,
2026-03-31 16:53:00,172.83,173.43,172.7201,173.31,537197.181528,173.1656,7061,
2026-03-31 16:54:00,173.29,173.3796,173.195,173.2701,466543.80163,173.2992,5673,
2026-03-31 16:55:00,173.2699,173.305,173.02,173.04,499551.673725,173.1904,6426,
2026-03-31 16:56:00,173.02,173.15,172.945,173.085,411571.439958,173.037,5371,
2026-03-31 16:57:00,173.085,173.22,172.885,173.08,445859.183635,173.0656,5680,
2026-03-31 16:58:00,173.08,173.18,173.045,173.135,289965.063075,173.111,4403,
2026-03-31 16:59:00,173.13,173.21,172.89,172.915,462637.161433,173.0149,5721,
2026-03-31 17:00:00,172.92,173.11,172.83,173.005,403398.484597,172.9697,5473,
2026-03-31 17:01:00,173.0,173.1,172.76,173.03,505145.135221,172.9212,5835,
2026-03-31 17:02:00,173.03,173.34,172.975,173.31,524126.32507,173.1833,5630,
2026-03-31 17:03:00,173.315,173.6,173.31,173.595,549196.469507,173.4509,6035,
2026-03-31 17:04:00,173.58,173.75,173.5,173.505,663018.548885,173.6219,7482,
2026-03-31 17:05:00,173.51,173.51,173.07,173.075,488531.037795,173.27,6554,
2026-03-31 17:06:00,173.088,173.125,172.92,173.0,478892.864282,173.0229,5412,
2026-03-31 17:07:00,173.0,173.2,172.97,173.19,391199.680177,173.0531,3991,
2026-03-31 17:08:00,173.19,173.37,173.145,173.355,405991.685498,173.2761,4073,
2026-03-31 17:09:00,173.34,173.4,172.88,172.99,717426.041831,173.2144,8476,
2026-03-31 17:10:00,173.0,173.23,172.935,173.195,314987.499489,173.1184,4184,
2026-03-31 17:11:00,173.19,173.4,173.1399,173.3,345246.856191,173.2801,4153,
2026-03-31 17:12:00,173.31,173.375,173.09,173.145,330246.208943,173.2392,3976,
2026-03-31 17:13:00,173.15,173.4,173.015,173.29,291795.166506,173.2095,3907,
2026-03-31 17:14:00,173.29,173.4,173.25,173.37,291742.592514,173.3416,3272,
2026-03-31 17:15:00,173.36,173.545,173.29,173.505,438019.224136,173.4301,4279,
2026-03-31 17:16:00,173.505,173.875,173.495,173.72,694053.726772,173.7264,6401,
2026-03-31 17:17:00,173.72,173.87,173.65,173.8399,406516.100156,173.7454,4510,
2026-03-31 17:18:00,173.83,173.83,173.63,173.64,405084.398046,173.7377,4539,
2026-03-31 17:19:00,173.64,173.87,173.59,173.7701,450828.932295,173.7393,4835,
2026-03-31 17:20:00,173.78,173.805,173.57,173.67,384173.348327,173.6737,4509,
2026-03-31 17:21:00,173.675,173.75,173.62,173.7411,246031.482722,173.6896,3142,
2026-03-31 17:22:00,173.74,173.88,173.66,173.755,500709.779115,173.7833,5098,
2026-03-31 17:23:00,173.755,173.87,173.69,173.735,351372.300329,173.7791,4167,
2026-03-31 17:24:00,173.735,173.76,173.6335,173.667,425903.433413,173.6886,5140,
2026-03-31 17:25:00,173.665,173.74,173.36,173.4101,457607.932003,173.5271,5411,
2026-03-31 17:26:00,173.42,173.43,173.13,173.295,555532.221739,173.2688,5832,
2026-03-31 17:27:00,173.3,173.421,173.2,173.255,458612.617811,173.3367,5030,
2026-03-31 17:28:00,173.26,173.37,173.235,173.28,363989.180543,173.291,3839,
2026-03-31 17:29:00,173.28,173.32,173.165,173.275,391977.219127,173.2391,3998,
2026-03-31 17:30:00,173.28,173.4499,173.142,173.225,446256.760261,173.3056,5011,
2026-03-31 17:31:00,173.235,173.61,173.185,173.5177,483313.8503,173.4125,4825,
2026-03-31 17:32:00,173.5,173.675,173.38,173.3899,429530.148981,173.5468,4480,
2026-03-31 17:33:00,173.38,173.73,173.375,173.645,399976.748115,173.5739,4171,
2026-03-31 17:34:00,173.645,173.71,173.535,173.635,343950.9065,173.6377,3813,
2026-03-31 17:35:00,173.64,173.72,173.59,173.6,265803.588066,173.6617,3281,
2026-03-31 17:36:00,173.59,173.6,173.01,173.24,658932.944538,173.3114,7983,
2026-03-31 17:37:00,173.23,173.355,172.93,172.975,600133.169995,173.1226,7540,
2026-03-31 17:38:00,172.988,173.015,172.725,172.8,517981.259738,172.8626,5796,
2026-03-31 17:39:00,172.795,173.12,172.785,172.99,483657.110299,172.9503,5447,
2026-03-31 17:40:00,173.0,173.34,172.9535,173.16,454068.854935,173.1895,4936,
2026-03-31 17:41:00,173.15,173.155,172.99,173.02,280863.715883,173.0566,3477,
2026-03-31 17:42:00,173.02,173.08,172.76,172.83,356607.37253,172.9015,4377,
2026-03-31 17:43:00,172.83,173.02,172.82,172.93,318424.272412,172.9505,3315,
2026-03-31 17:44:00,172.925,173.04,172.7,172.95,586589.675681,172.8588,5255,
2026-03-31 17:45:00,172.94,172.99,172.885,172.925,245066.770067,172.9467,2658,
2026-03-31 17:46:00,172.92,173.01,172.72,172.79,256682.91515,172.8758,3088,
2026-03-31 17:47:00,172.78,173.1299,172.735,172.9699,406185.16026,172.9708,4017,
2026-03-31 17:48:00,172.96,173.01,172.89,172.945,239603.857303,172.9441,3046,
2026-03-31 17:49:00,172.945,172.97,172.865,172.94,175376.916476,172.915,2322,
2026-03-31 17:50:00,172.9599,173.02,172.85,172.94,215362.159525,172.9334,2733,
2026-03-31 17:51:00,172.9305,173.1,172.925,173.0,274874.415309,173.0236,3295,
2026-03-31 17:52:00,172.995,173.02,172.83,172.955,253277.639071,172.9283,3374,
2026-03-31 17:53:00,172.955,172.96,172.75,172.815,276163.667453,172.8669,3260,
2026-03-31 17:54:00,172.8102,172.85,172.71,172.8,280357.468329,172.7794,2958,
2026-03-31 17:55:00,172.785,172.8,172.465,172.55,418472.85699,172.6183,4925,
2026-03-31 17:56:00,172.56,172.58,172.38,172.43,358892.490507,172.4659,5074,
2026-03-31 17:57:00,172.42,172.49,172.33,172.3851,335060.721399,172.4024,4841,
2026-03-31 17:58:00,172.385,172.45,172.28,172.42,378465.782638,172.374,4838,
2026-03-31 17:59:00,172.41,172.46,172.36,172.43,268286.665978,172.4182,3148,
2026-03-31 18:00:00,172.43,172.695,172.4201,172.605,400814.519173,172.5705,4283,
2026-03-31 18:01:00,172.605,172.905,172.59,172.82,333652.472631,172.7724,3255,
2026-03-31 18:02:00,172.82,172.97,172.82,172.8701,217702.46819,172.8848,2459,
2026-03-31 18:03:00,172.87,172.965,172.825,172.945,324853.622772,172.8934,2944,
2026-03-31 18:04:00,172.945,173.055,172.85,173.015,442497.365417,172.9393,4380,
2026-03-31 18:05:00,173.0151,173.11,172.97,173.095,285141.413901,173.0463,2568,
2026-03-31 18:06:00,173.095,173.14,172.85,172.89,303007.880474,172.9946,3407,
2026-03-31 18:07:00,172.885,173.0999,172.8801,173.04,202929.092658,172.9787,2637,
2026-03-31 18:08:00,173.03,173.07,172.94,172.995,200867.613026,172.9992,2327,
2026-03-31 18:09:00,172.99,173.1,172.9622,173.055,201440.577991,173.0411,2600,
2026-03-31 18:10:00,173.065,173.09,172.97,173.015,217189.004077,173.0322,2930,
2026-03-31 18:11:00,173.015,173.02,172.83,172.9125,188919.999007,172.9092,2569,
2026-03-31 18:12:00,172.92,172.945,172.83,172.86,207490.116616,172.8904,2739,
2026-03-31 18:13:00,172.86,172.91,172.775,172.87,227909.339585,172.8258,3046,
2026-03-31 18:14:00,172.87,173.0799,172.855,173.0298,278082.335451,172.995,3203,
2026-03-31 18:15:00,173.028,173.125,173.01,173.075,250458.51757,173.0653,2864,
2026-03-31 18:16:00,173.06,173.21,173.0,173.15,434914.43487,173.0914,4049,
2026-03-31 18:17:00,173.155,173.36,173.13,173.32,409658.115277,173.2442,4749,
2026-03-31 18:18:00,173.32,173.36,173.195,173.215,195058.324854,173.2899,2268,
2026-03-31 18:19:00,173.21,173.2274,173.06,173.085,283987.499667,173.1288,3532,
2026-03-31 18:20:00,173.11,173.117,173.025,173.11,243967.777132,173.0774,2889,
2026-03-31 18:21:00,173.1,173.18,173.055,173.11,240532.193696,173.1254,3056,
2026-03-31 18:22:00,173.115,173.24,173.0,173.17,345622.275403,173.1396,3946,
2026-03-31 18:23:00,173.18,173.225,173.105,173.195,191406.591811,173.1663,2347,
2026-03-31 18:24:00,173.2,173.27,173.07,173.1127,344903.223016,173.1849,3135,
2026-03-31 18:25:00,173.11,173.14,173.04,173.13,281445.391629,173.095,2686,
2026-03-31 18:26:00,173.1351,173.17,173.04,173.075,179181.191328,173.1095,2227,
2026-03-31 18:27:00,173.075,173.15,173.05,173.14,226940.549243,173.1018,2578,
2026-03-31 18:28:00,173.145,173.47,173.145,173.305,364111.57413,173.3358,4177,
2026-03-31 18:29:00,173.3,173.3,173.115,173.265,315379.782003,173.2404,3507,
2026-03-31 18:30:00,173.26,173.305,173.13,173.2,268950.41706,173.2317,3205,
2026-03-31 18:31:00,173.21,173.27,173.03,173.0499,268464.248261,173.1619,3371,
2026-03-31 18:32:00,173.045,173.25,173.02,173.25,403908.377969,173.1407,4504,
2026-03-31 18:33:00,173.26,173.26,173.04,173.18,285700.33524,173.1427,3410,
2026-03-31 18:34:00,173.18,173.2699,173.12,173.21,242413.055546,173.1878,2940,
2026-03-31 18:35:00,173.2,173.28,173.085,173.26,299999.62641,173.1769,3429,
2026-03-31 18:36:00,173.255,173.455,173.24,173.44,364584.820204,173.3722,3815,
2026-03-31 18:37:00,173.435,173.715,173.42,173.61,485842.496507,173.5858,5538,
2026-03-31 18:38:00,173.61,173.735,173.6,173.66,355102.397145,173.6563,3798,
2026-03-31 18:39:00,173.66,173.68,173.5501,173.59,271144.814269,173.6109,2878,
2026-03-31 18:40:00,173.59,173.59,173.4,173.44,369169.579983,173.4861,4137,
2026-03-31 18:41:00,173.45,173.53,173.32,173.4105,363012.100925,173.4175,4002,
2026-03-31 18:42:00,173.415,173.5078,173.385,173.5,249982.329452,173.4507,2392,
2026-03-31 18:43:00,173.4999,173.535,173.4,173.4301,210289.269384,173.4496,2370,
2026-03-31 18:44:00,173.435,173.47,173.37,173.42,283523.455224,173.4201,3034,
2026-03-31 18:45:00,173.425,173.62,173.41,173.5694,298854.172144,173.5507,3321,
2026-03-31 18:46:00,173.565,173.6699,173.51,173.64,328183.875397,173.5869,2956,
2026-03-31 18:47:00,173.6399,173.75,173.625,173.67,346426.208891,173.6962,3508,
2026-03-31 18:48:00,173.665,173.68,173.5901,173.6423,234311.07379,173.6428,2635,
2026-03-31 18:49:00,173.64,173.6597,173.5,173.55,271526.040707,173.567,2755,
2026-03-31 18:50:00,173.55,173.745,173.525,173.695,326829.119795,173.6591,3421,
2026-03-31 18:51:00,173.695,173.77,173.59,173.67,288609.395045,173.6891,3059,
2026-03-31 18:52:00,173.6601,173.71,173.58,173.615,284852.930027,173.662,2987,
2026-03-31 18:53:00,173.615,173.75,173.605,173.6801,207468.649914,173.7029,2284,
2026-03-31 18:54:00,173.6874,173.71,173.61,173.6701,254159.966367,173.6666,2716,
2026-03-31 18:55:00,173.67,173.85,173.65,173.795,365288.712242,173.7818,3306,
2026-03-31 18:56:00,173.785,173.99,173.78,173.98,675652.506427,173.8788,7124,
2026-03-31 18:57:00,173.975,174.01,173.8201,173.8201,539149.946131,173.9647,5413,
2026-03-31 18:58:00,173.825,173.87,173.74,173.825,350290.213696,173.7948,3545,
2026-03-31 18:59:00,173.82,173.82,173.71,173.715,329882.717462,173.7581,3644,
2026-03-31 19:00:00,173.71,173.92,173.665,173.895,354613.46558,173.8204,3822,
2026-03-31 19:01:00,173.895,174.15,173.895,173.99,619175.656223,174.0154,5855,
2026-03-31 19:02:00,173.9801,174.14,173.89,174.01,426877.165825,174.0518,3941,
2026-03-31 19:03:00,174.005,174.095,173.975,174.055,406138.20227,174.0256,3789,
2026-03-31 19:04:00,174.04,174.04,173.85,173.948,306319.749757,173.9189,3178,
2026-03-31 19:05:00,173.94,173.99,173.83,173.86,367113.055787,173.9074,3907,
2026-03-31 19:06:00,173.8503,173.895,173.805,173.8182,245705.635814,173.851,3024,
2026-03-31 19:07:00,173.82,173.84,173.74,173.78,316506.742807,173.7973,3761,
2026-03-31 19:08:00,173.785,173.785,173.58,173.67,411083.776628,173.678,4361,
2026-03-31 19:09:00,173.67,173.75,173.6,173.6099,323957.884545,173.6754,3641,
2026-03-31 19:10:00,173.605,174.09,173.59,173.99,473192.365881,173.8942,4835,
2026-03-31 19:11:00,174.0,174.22,173.985,174.02,485848.220498,174.1067,4617,
2026-03-31 19:12:00,174.007,174.007,173.91,173.955,298069.849488,173.9562,3030,
2026-03-31 19:13:00,173.95,174.01,173.82,173.9876,357930.95884,173.9111,3527,
2026-03-31 19:14:00,173.9899,174.02,173.8803,173.91,328683.825609,173.9664,3791,
2026-03-31 19:15:00,173.9,174.05,173.9,174.045,310045.216558,173.9912,3392,
2026-03-31 19:16:00,174.045,174.12,173.94,173.99,407395.125403,174.0235,3593,
2026-03-31 19:17:00,173.9999,174.01,173.892,173.915,295692.077107,173.9444,3104,
2026-03-31 19:18:00,173.915,174.03,173.87,173.945,403981.230237,173.9439,4461,
2026-03-31 19:19:00,173.945,174.0484,173.93,174.0101,292833.412501,174.0022,3070,
2026-03-31 19:20:00,174.02,174.0765,173.88,174.07,472811.501979,173.9812,4151,
2026-03-31 19:21:00,174.065,174.23,174.055,174.147,493576.865224,174.1565,4058,
2026-03-31 19:22:00,174.145,174.21,174.07,174.185,332641.950253,174.1556,3340,
2026-03-31 19:23:00,174.18,174.275,174.135,174.17,595815.136872,174.179,4691,
2026-03-31 19:24:00,174.1702,174.26,174.1301,174.1951,274736.80657,174.199,2855,
2026-03-31 19:25:00,174.195,174.2051,174.07,174.105,384555.486119,174.1245,3806,
2026-03-31 19:26:00,174.1011,174.165,173.9,174.0,542772.611841,174.0011,4773,
2026-03-31 19:27:00,174.005,174.07,173.9751,174.01,364974.40925,174.0165,3877,
2026-03-31 19:28:00,174.01,174.12,173.9901,174.0535,560620.910275,174.0363,3849,
2026-03-31 19:29:00,174.06,174.07,173.895,173.935,383733.736005,173.9804,3293,
2026-03-31 19:30:00,173.935,174.18,173.855,174.1,423235.185625,174.0572,4346,
2026-03-31 19:31:00,174.105,174.13,173.965,174.025,522744.108613,174.0512,4686,
2026-03-31 19:32:00,174.0201,174.11,173.985,174.045,365224.196568,174.0524,4191,
2026-03-31 19:33:00,174.05,174.115,173.945,174.115,365202.014332,174.0078,3836,
2026-03-31 19:34:00,174.1,174.19,174.015,174.025,350339.048927,174.0974,3668,
2026-03-31 19:35:00,174.025,174.26,174.0,174.185,450023.72347,174.1614,4566,
2026-03-31 19:36:00,174.195,174.37,174.16,174.301,387833.833666,174.2579,4136,
2026-03-31 19:37:00,174.315,174.42,174.315,174.34,358944.507751,174.3607,3595,
2026-03-31 19:38:00,174.335,174.4396,174.29,174.395,404589.097133,174.3612,3945,
2026-03-31 19:39:00,174.395,174.4171,174.32,174.335,355080.769239,174.3651,3415,
2026-03-31 19:40:00,174.32,174.56,174.3,174.495,701577.778236,174.4576,6218,
2026-03-31 19:41:00,174.49,174.495,174.3401,174.355,494109.681197,174.4108,4689,
2026-03-31 19:42:00,174.355,174.37,174.18,174.1999,478394.67575,174.2596,4560,
2026-03-31 19:43:00,174.19,174.31,174.17,174.18,379618.293163,174.2285,3743,
2026-03-31 19:44:00,174.185,174.34,174.15,174.21,385261.253921,174.2475,3883,
2026-03-31 19:45:00,174.215,174.37,174.14,174.285,388487.497892,174.2613,4362,
2026-03-31 19:46:00,174.285,174.44,174.25,174.395,454056.637478,174.3754,4253,
2026-03-31 19:47:00,174.405,174.44,174.2901,174.395,462971.837194,174.3472,4619,
2026-03-31 19:48:00,174.39,174.48,174.3211,174.3409,340472.188134,174.3949,3805,
2026-03-31 19:49:00,174.345,174.467,174.26,174.26,442441.0227,174.3584,4537,
2026-03-31 19:50:00,174.27,174.62,174.255,174.435,969166.178342,174.4616,11639,
2026-03-31 19:51:00,174.42,174.525,174.18,174.2199,665000.029399,174.3815,6945,
2026-03-31 19:52:00,174.21,174.4401,174.05,174.265,824974.734641,174.2241,8932,
2026-03-31 19:53:00,174.25,174.255,174.045,174.105,747370.041095,174.123,8857,
2026-03-31 19:54:00,174.11,174.36,174.085,174.215,818412.350295,174.2277,10099,
2026-03-31 19:55:00,174.22,174.32,174.06,174.065,1303808.023411,174.1924,11717,
2026-03-31 19:56:00,174.06,174.13,173.905,173.9715,937141.427128,174.0068,9828,
2026-03-31 19:57:00,173.98,174.215,173.925,174.185,932065.00611,174.04,10044,
2026-03-31 19:58:00,174.1801,174.38,174.15,174.355,1539590.023137,174.2767,14031,
2026-03-31 19:59:00,174.355,174.54,174.27,174.31,3082982.349459,174.4476,30102,
2026-03-31 20:00:00,174.35,174.48,174.06,174.46,1526755.839464,174.3986,926,
2026-03-31 20:01:00,174.46,174.46,174.3,174.3726,37635.107446,174.3768,442,
2026-03-31 20:02:00,174.39,174.42,174.36,174.4001,39333.177864,174.3897,420,
2026-03-31 20:03:00,174.4261,174.44,174.3701,174.42,593393.222868,174.3992,460,
2026-03-31 20:04:00,174.4,174.4008,174.31,174.31,38895.263394,174.3702,366,
2026-03-31 20:05:00,174.3152,174.49,174.3,174.49,145842.016281,174.3952,390,
2026-03-31 20:06:00,174.44,174.549,174.4,174.549,29295.684908,174.4659,366,
2026-03-31 20:07:00,174.53,174.64,174.5,174.6,148431.45193,174.4464,381,
2026-03-31 20:08:00,174.65,174.65,174.58,174.6,11922.029155,174.6163,262,
2026-03-31 20:09:00,174.5903,174.62,174.54,174.61,16650.686605,174.5981,271,
2026-03-31 20:10:00,174.4,174.69,174.4,174.69,38475.280037,174.5836,391,
2026-03-31 20:11:00,174.69,174.71,174.66,174.71,18811.167756,174.6862,289,
2026-03-31 20:12:00,174.71,174.72,174.63,174.63,10933.465484,174.684,168,
2026-03-31 20:13:00,174.65,174.68,174.61,174.6377,10695.531906,174.6544,188,
2026-03-31 20:14:00,174.62,174.62,174.4,174.4,14945.122564,174.5366,289,
2026-03-31 20:15:00,174.56,174.58,174.54,174.54,16452.463804,174.5585,244,
2026-03-31 20:16:00,174.54,174.56,174.53,174.54,9072.722648,174.5597,140,
2026-03-31 20:17:00,174.52,174.58,174.52,174.58,14491.431979,174.5591,180,
2026-03-31 20:18:00,174.58,174.62,174.56,174.5601,16825.442662,174.5912,219,
2026-03-31 20:19:00,174.6174,174.62,174.5896,174.6,5234.088692,174.6073,131,
2026-03-31 20:20:00,174.61,174.6596,174.6045,174.6526,8702.90069,174.6537,187,
2026-03-31 20:21:00,174.65,174.74,174.6,174.74,29658.13897,174.6765,368,
2026-03-31 20:22:00,174.7,174.72,174.67,174.67,11145.23351,174.7015,170,
2026-03-31 20:23:00,174.686,174.7,174.67,174.69,5713.251262,174.6992,147,
2026-03-31 20:24:00,174.7,174.7703,174.69,174.7599,31697.083731,174.7482,397,
2026-03-31 20:25:00,174.78,174.82,174.76,174.82,21626.045008,174.7978,377,
2026-03-31 20:26:00,174.81,174.85,174.77,174.7707,14245.030366,174.8079,218,
2026-03-31 20:27:00,174.7994,174.8,174.51,174.6947,18014.40887,174.7227,280,
2026-03-31 20:28:00,174.68,174.72,174.68,174.68,6885.684045,174.7199,171,
2026-03-31 20:29:00,174.6807,174.73,174.6807,174.71,7907.048809,174.709,139,
2026-03-31 20:30:00,174.7192,174.77,174.7,174.77,14011.666015,174.7475,231,
2026-03-31 20:31:00,174.74,174.75,174.6436,174.65,7662.138302,174.6869,152,
2026-03-31 20:32:00,174.63,174.69,174.62,174.67,5706.909227,174.6868,163,
2026-03-31 20:33:00,174.68,174.68,174.65,174.66,7286.111582,174.6663,115,
2026-03-31 20:34:00,174.66,174.66,174.56,174.61,8576.011403,174.6036,187,
2026-03-31 20:35:00,174.57,174.6297,174.57,174.6,5930.656318,174.6244,132,
2026-03-31 20:36:00,174.636,174.66,174.63,174.65,12440.773185,174.6403,189,
2026-03-31 20:37:00,174.66,174.66,174.56,174.58,7958.347984,174.5378,123,
2026-03-31 20:38:00,174.5604,174.62,174.55,174.62,6884.73002,174.6078,172,
2026-03-31 20:39:00,174.6,174.6,174.541,174.58,6353.873697,174.592,170,
2026-03-31 20:40:00,174.5835,174.5835,174.54,174.551,5686.914801,174.5812,124,
2026-03-31 20:41:00,174.5502,174.58,174.52,174.52,15763.497365,174.55,170,
2026-03-31 20:42:00,174.54,174.58,174.529,174.54,5454.66233,174.5694,158,
2026-03-31 20:43:00,174.51,174.5348,174.43,174.45,16869.452046,174.4878,277,
2026-03-31 20:44:00,174.4202,174.4202,174.36,174.39,9743.796943,174.4132,216,
2026-03-31 20:45:00,174.4,174.46,174.3591,174.46,10028.524357,174.4269,217,
2026-03-31 20:46:00,174.44,174.47,174.4,174.4,4322.208952,174.4458,120,
2026-03-31 20:47:00,174.4,174.4383,174.38,174.4378,2659.478776,174.4471,110,
2026-03-31 20:48:00,174.43,174.5,174.43,174.5,5905.216812,174.4662,120,
2026-03-31 20:49:00,174.5,174.55,174.48,174.54,9587.993962,174.5243,225,
2026-03-31 20:50:00,174.47,174.5108,174.47,174.47,3368.033141,174.4865,90,
2026-03-31 20:51:00,174.43,174.46,174.4,174.4,11607.086023,174.425,123,
2026-03-31 20:52:00,174.41,174.43,174.4,174.42,5615.594439,174.4372,84,
2026-03-31 20:53:00,174.41,174.43,174.37,174.37,43985.036861,174.4008,130,
2026-03-31 20:54:00,174.36,174.36,174.32,174.3587,4303.764648,174.3759,137,
2026-03-31 20:55:00,174.36,174.39,174.32,174.33,3265.340924,174.375,113,
2026-03-31 20:56:00,174.32,174.35,174.31,174.33,6339.937793,174.3449,127,
2026-03-31 20:57:00,174.31,174.31,174.3,174.31,3007.857851,174.3562,94,
2026-03-31 20:58:00,174.3,174.3052,174.25,174.25,14453.165648,174.2738,188,
2026-03-31 20:59:00,174.24,174.3009,174.21,174.29,9411.6795,174.2802,211,
2026-03-31 21:00:00,174.27,174.33,174.25,174.33,3910.559765,174.3215,109,
2026-03-31 21:01:00,174.3215,174.36,174.3215,174.36,8916.201077,174.3484,144,
2026-03-31 21:02:00,174.37,174.37,174.35,174.36,6027.234358,174.361,90,
2026-03-31 21:03:00,174.35,174.4,174.35,174.3999,9828.986496,174.3832,112,
2026-03-31 21:04:00,174.4,174.4,174.38,174.38,6453.708139,174.4132,101,
2026-03-31 21:05:00,174.38,174.38,174.3709,174.38,1306.405635,174.4301,95,
2026-03-31 21:06:00,174.3802,174.3802,174.3212,174.33,5056.388032,174.3641,94,
2026-03-31 21:07:00,174.32,174.34,174.31,174.34,6264.35081,174.3514,92,
2026-03-31 21:08:00,174.32,174.34,174.31,174.34,2989.150938,174.3306,73,
2026-03-31 21:09:00,174.34,174.34,174.31,174.32,4276.201629,174.3295,84,
2026-03-31 21:10:00,174.3126,174.33,174.23,174.23,7586.367277,174.3093,127,
2026-03-31 21:11:00,174.3,174.3,174.23,174.26,8604.754479,174.2934,105,
2026-03-31 21:12:00,174.24,174.24,174.12,174.1311,18146.287871,174.1627,275,
2026-03-31 21:13:00,174.15,174.16,174.13,174.15,8459.222653,174.1746,129,
2026-03-31 21:14:00,174.21,174.2494,174.16,174.22,7274.791823,174.2347,103,
2026-03-31 21:15:00,174.22,174.23,174.16,174.2,4879.200954,174.1985,83,
2026-03-31 21:16:00,174.18,174.18,174.18,174.18,953.653008,174.3097,89,
2026-03-31 21:17:00,174.18,174.21,174.18,174.18,4812.015873,174.1923,79,
2026-03-31 21:18:00,174.21,174.22,174.16,174.2,7271.741771,174.2122,73,
2026-03-31 21:19:00,174.16,174.1982,174.16,174.1948,3366.563068,174.2168,67,
2026-03-31 21:20:00,174.18,174.19,174.18,174.18,3106.176552,174.1899,70,
2026-03-31 21:21:00,174.19,174.2,174.16,174.2,11945.473347,174.1908,147,
2026-03-31 21:22:00,174.21,174.22,174.2,174.2,4493.445168,174.2248,111,
2026-03-31 21:23:00,174.22,174.23,174.2,174.23,6062.240755,174.2304,89,
2026-03-31 21:24:00,174.23,174.24,174.22,174.24,4164.116473,174.2367,89,
2026-03-31 21:25:00,174.239,174.24,174.21,174.21,1678.028489,174.2301,83,
2026-03-31 21:26:00,174.22,174.24,174.21,174.21,2124.576531,174.2673,91,
2026-03-31 21:27:00,174.21,174.23,174.2039,174.22,5336.707255,174.2398,105,
2026-03-31 21:28:00,174.22,174.22,174.21,174.2173,2907.111845,174.2229,83,
2026-03-31 21:29:00,174.21,174.22,174.21,174.21,3523.89099,174.2566,80,
2026-03-31 21:30:00,174.21,174.22,174.2,174.22,4279.154551,174.2173,55,
2026-03-31 21:31:00,174.21,174.22,174.2,174.22,5771.066138,174.2105,101,
2026-03-31 21:32:00,174.21,174.21,174.15,174.15,10761.387183,174.2032,157,
2026-03-31 21:33:00,174.15,174.17,174.15,174.1525,3403.526765,174.1834,84,
2026-03-31 21:34:00,174.16,174.17,174.05,174.07,11181.345797,174.1193,135,
2026-03-31 21:35:00,174.0619,174.09,174.05,174.09,10080.78014,174.0995,106,
2026-03-31 21:36:00,174.05,174.08,174.05,174.0699,5285.698691,174.0843,89,
2026-03-31 21:37:00,174.0608,174.1,174.06,174.07,8577.184912,174.0823,106,
2026-03-31 21:38:00,174.08,174.1,174.08,174.09,9199.112598,174.0942,96,
2026-03-31 21:39:00,174.09,174.09,174.05,174.05,6838.782981,174.0886,89,
2026-03-31 21:40:00,174.05,174.05,174.02,174.04,7989.245089,174.0511,94,
2026-03-31 21:41:00,174.04,174.04,174.0136,174.02,3344.839613,174.0662,111,
2026-03-31 21:42:00,174.03,174.06,174.01,174.05,10361.542248,174.0354,134,
2026-03-31 21:43:00,174.04,174.09,174.03,174.09,4217.544816,174.0701,69,
2026-03-31 21:44:00,174.0482,174.08,174.0482,174.08,5575.062573,174.0645,64,
2026-03-31 21:45:00,174.05,174.07,174.05,174.07,1291.25982,174.09,45,
2026-03-31 21:46:00,174.07,174.07,174.01,174.01,3624.660057,174.0723,112,
2026-03-31 21:47:00,174.0,174.02,174.0,174.0,7305.43019,174.0206,137,
2026-03-31 21:48:00,174.0073,174.03,173.94,173.94,11971.866352,174.0187,245,
2026-03-31 21:49:00,173.97,173.97,173.8,173.85,13190.80975,173.871,162,
2026-03-31 21:50:00,173.85,173.86,173.81,173.85,13923.670708,173.8452,118,
2026-03-31 21:51:00,173.83,173.83,173.75,173.81,23771.863986,173.8046,212,
2026-03-31 21:52:00,173.8048,173.86,173.7915,173.85,7328.452818,173.8234,77,
2026-03-31 21:53:00,173.86,173.86,173.8109,173.8295,8801.729994,173.8563,103,
2026-03-31 21:54:00,173.83,173.83,173.81,173.81,4297.711262,173.8482,68,
2026-03-31 21:55:00,173.8107,173.84,173.8,173.81,30214.606911,173.814,136,
2026-03-31 21:56:00,173.8394,173.85,173.82,173.84,8472.862817,173.8567,115,
2026-03-31 21:57:00,173.8592,173.88,173.8352,173.88,10091.260142,173.8674,128,
2026-03-31 21:58:00,173.88,173.91,173.87,173.89,3998.941118,173.9357,97,
2026-03-31 21:59:00,173.94,173.98,173.86,173.93,18116.114485,173.9377,146,
2026-03-31 22:00:00,173.85,173.93,173.7519,173.88,14671.826748,173.8968,236,
2026-03-31 22:01:00,173.8478,173.93,173.8478,173.93,15471.251905,173.9246,107,
2026-03-31 22:02:00,173.9104,174.01,173.91,174.01,8052.657639,173.9796,213,
2026-03-31 22:03:00,173.99,174.08,173.98,174.08,8235.836915,174.0486,389,
2026-03-31 22:04:00,174.08,174.25,174.08,174.1899,27149.196897,174.2042,530,
2026-03-31 22:05:00,174.15,174.19,174.1078,174.1678,4462.255052,174.172,132,
2026-03-31 22:06:00,174.16,174.2475,174.16,174.2,5700.638697,174.2393,111,
2026-03-31 22:07:00,174.15,174.16,174.0757,174.14,3167.517459,174.1359,127,
2026-03-31 22:08:00,174.1,174.14,174.1,174.1,3290.016614,174.1136,90,
2026-03-31 22:09:00,174.03,174.08,174.03,174.08,1773.967365,174.1418,91,
2026-03-31 22:10:00,174.03,174.0996,174.0,174.0,7387.32322,174.0274,113,
2026-03-31 22:11:00,173.99,174.03,173.95,174.03,22901.365312,173.996,122,
2026-03-31 22:12:00,174.03,174.15,174.03,174.1,10131.092773,174.0863,135,
2026-03-31 22:13:00,174.15,174.19,174.14,174.19,5196.915144,174.1946,147,
2026-03-31 22:14:00,174.25,174.4,174.25,174.35,21360.619076,174.3423,358,
2026-03-31 22:15:00,174.3,174.4,174.25,174.3785,27071.353359,174.3742,230,
2026-03-31 22:16:00,174.37,174.44,174.32,174.4,24195.426366,174.3993,247,
2026-03-31 22:17:00,174.38,174.46,174.3653,174.46,22768.136848,174.4008,258,
2026-03-31 22:18:00,174.48,174.5884,174.4452,174.54,20908.61994,174.518,289,
2026-03-31 22:19:00,174.5,174.52,174.48,174.49,10612.63406,174.4979,116,
2026-03-31 22:20:00,174.48,174.5399,174.44,174.5399,5486.189849,174.493,151,
2026-03-31 22:21:00,174.48,174.48,174.34,174.4,5357.480604,174.4204,187,
2026-03-31 22:22:00,174.33,174.53,174.33,174.445,9700.752827,174.4933,168,
2026-03-31 22:23:00,174.45,174.5,174.45,174.4988,8993.565947,174.4948,110,
2026-03-31 22:24:00,174.49,174.49,174.23,174.3089,18046.230412,174.3009,824,
2026-03-31 22:25:00,174.4,174.4,174.36,174.3652,7201.538397,174.3838,108,
2026-03-31 22:26:00,174.38,174.4,174.37,174.39,3000.96295,174.4454,107,
2026-03-31 22:27:00,174.4,174.4,174.3,174.37,7612.087322,174.3313,124,
2026-03-31 22:28:00,174.35,174.4,174.3492,174.35,4622.407012,174.3741,119,
2026-03-31 22:29:00,174.35,174.4,174.35,174.35,9256.545275,174.3764,136,
2026-03-31 22:30:00,174.33,174.39,174.31,174.35,4034.354197,174.3766,106,
2026-03-31 22:31:00,174.3909,174.3909,174.33,174.35,8505.779263,174.3741,76,
2026-03-31 22:32:00,174.35,174.38,174.28,174.28,6870.721561,174.3312,108,
2026-03-31 22:33:00,174.28,174.3,174.2104,174.287,6490.716175,174.2788,125,
2026-03-31 22:34:00,174.2,174.28,174.2,174.26,5899.364836,174.2438,89,
2026-03-31 22:35:00,174.2696,174.2696,174.23,174.23,1092.549947,174.3314,86,
2026-03-31 22:36:00,174.25,174.26,174.23,174.23,3019.356042,174.2675,107,
2026-03-31 22:37:00,174.24,174.24,174.22,174.23,2664.199369,174.2473,133,
2026-03-31 22:38:00,174.22,174.3,174.22,174.3,5224.860886,174.2941,157,
2026-03-31 22:39:00,174.3,174.36,174.2604,174.36,6725.492301,174.3254,138,
2026-03-31 22:40:00,174.32,174.4,174.3,174.4,6728.193733,174.3605,138,
2026-03-31 22:41:00,174.4,174.44,174.36,174.39,3733.770932,174.4245,158,
2026-03-31 22:42:00,174.4,174.41,174.35,174.41,5246.818031,174.4095,122,
2026-03-31 22:43:00,174.4301,174.45,174.43,174.43,2341.637303,174.4782,94,
2026-03-31 22:44:00,174.39,174.39,174.38,174.38,1442.250451,174.4256,74,
2026-03-31 22:45:00,174.4,174.4,174.35,174.3501,4090.548052,174.3953,80,
2026-03-31 22:46:00,174.37,174.4,174.35,174.35,3767.530051,174.4002,82,
2026-03-31 22:47:00,174.35,174.37,174.31,174.34,2004.869841,174.4236,83,
2026-03-31 22:48:00,174.35,174.35,174.25,174.25,6446.853256,174.3365,141,
2026-03-31 22:49:00,174.28,174.28,174.21,174.21,11232.513597,174.2288,157,
2026-03-31 22:50:00,174.2,174.2,174.08,174.1,12244.893605,174.1316,253,
2026-03-31 22:51:00,174.18,174.18,174.11,174.14,3719.543079,174.1768,83,
2026-03-31 22:52:00,174.14,174.2,174.12,174.2,5310.496634,174.1967,100,
2026-03-31 22:53:00,174.15,174.2,174.15,174.19,4058.748383,174.2214,101,
2026-03-31 22:54:00,174.1903,174.2,174.15,174.15,4983.332186,174.1846,118,
2026-03-31 22:55:00,174.15,174.15,174.13,174.15,4646.042101,174.1443,140,
2026-03-31 22:56:00,174.13,174.17,174.13,174.131,8151.582578,174.1604,122,
2026-03-31 22:57:00,174.1308,174.15,174.1,174.1,10648.109295,174.1262,171,
2026-03-31 22:58:00,174.1,174.18,174.09,174.18,7040.32294,174.1476,111,
2026-03-31 22:59:00,174.18,174.25,174.18,174.25,7384.887498,174.2424,163,
2026-03-31 23:00:00,174.26,174.27,174.17,174.2,12621.352357,174.2535,190,
2026-03-31 23:01:00,174.19,174.23,174.171,174.23,4399.336956,174.2193,83,
2026-03-31 23:02:00,174.17,174.25,174.15,174.25,3392.015585,174.1876,103,
2026-03-31 23:03:00,174.25,174.25,174.2,174.2,5047.590922,174.2443,91,
2026-03-31 23:04:00,174.2184,174.2184,174.2184,174.2184,544.259626,174.2761,37,
2026-03-31 23:05:00,174.22,174.23,174.22,174.23,2354.44813,174.2475,74,
2026-03-31 23:06:00,174.26,174.3,174.25,174.28,10252.826101,174.2813,125,
2026-03-31 23:07:00,174.32,174.35,174.29,174.3288,4649.91854,174.3517,75,
2026-03-31 23:08:00,174.31,174.35,174.31,174.3201,4166.42755,174.356,87,
2026-03-31 23:09:00,174.36,174.37,174.33,174.33,5679.075839,174.3537,89,
2026-03-31 23:10:00,174.35,174.36,174.33,174.33,1768.877619,174.4346,81,
2026-03-31 23:11:00,174.36,174.36,174.27,174.27,3828.321581,174.3251,115,
2026-03-31 23:12:00,174.26,174.36,174.26,174.36,8158.308931,174.324,95,
2026-03-31 23:13:00,174.3,174.36,174.3,174.36,3738.299039,174.3451,69,
2026-03-31 23:14:00,174.36,174.36,174.35,174.3599,2547.062242,174.3581,60,
2026-03-31 23:15:00,174.36,174.36,174.3,174.3,4626.452855,174.3356,95,
2026-03-31 23:16:00,174.34,174.35,174.33,174.3499,2264.483219,174.3718,80,
2026-03-31 23:17:00,174.35,174.39,174.35,174.3889,5285.946172,174.3981,92,
2026-03-31 23:18:00,174.3848,174.4,174.35,174.36,8653.926972,174.3782,96,
2026-03-31 23:19:00,174.35,174.35,174.29,174.3,7789.138855,174.3103,104,
2026-03-31 23:20:00,174.3,174.32,174.3,174.3,1388.83193,174.4063,74,
2026-03-31 23:21:00,174.31,174.34,174.29,174.29,2838.937092,174.3644,84,
2026-03-31 23:22:00,174.251,174.29,174.21,174.27,6692.752382,174.2716,74,
2026-03-31 23:23:00,174.251,174.251,174.18,174.2,11105.764595,174.2117,128,
2026-03-31 23:24:00,174.25,174.29,174.2207,174.27,5117.115757,174.2585,79,
2026-03-31 23:25:00,174.26,174.29,174.23,174.25,6841.233429,174.2699,81,
2026-03-31 23:26:00,174.23,174.2703,174.221,174.2703,1667.692073,174.3144,67,
2026-03-31 23:27:00,174.28,174.3,174.27,174.29,7742.593062,174.3014,88,
2026-03-31 23:28:00,174.3,174.3,174.28,174.3,3612.768604,174.3311,79,
2026-03-31 23:29:00,174.2902,174.36,174.2902,174.36,9183.593973,174.318,123,
2026-03-31 23:30:00,174.3886,174.39,174.37,174.37,6150.60195,174.3989,91,
2026-03-31 23:31:00,174.3848,174.4,174.31,174.31,4119.725258,174.3937,64,
2026-03-31 23:32:00,174.35,174.39,174.3,174.33,3324.647297,174.3832,70,
2026-03-31 23:33:00,174.36,174.37,174.31,174.36,6556.185239,174.3424,74,
2026-03-31 23:34:00,174.39,174.48,174.38,174.48,9505.032083,174.4212,215,
2026-03-31 23:35:00,174.48,174.6,174.46,174.49,37429.924052,174.5292,269,
2026-03-31 23:36:00,174.5961,174.65,174.5685,174.64,5804.20047,174.6022,166,
2026-03-31 23:37:00,174.64,174.68,174.6,174.68,8441.83914,174.6684,183,
2026-03-31 23:38:00,174.68,174.69,174.6353,174.65,11818.020968,174.6665,140,
2026-03-31 23:39:00,174.67,174.69,174.64,174.69,4947.530044,174.6779,88,
2026-03-31 23:40:00,174.69,174.7,174.6,174.69,7388.568604,174.6833,127,
2026-03-31 23:41:00,174.69,174.69,174.62,174.68,4633.540027,174.6761,101,
2026-03-31 23:42:00,174.66,174.7,174.63,174.65,5800.776959,174.6828,99,
2026-03-31 23:43:00,174.68,174.68,174.62,174.62,2787.90947,174.7057,103,
2026-03-31 23:44:00,174.65,174.7,174.6,174.6496,5598.116978,174.6544,110,
2026-03-31 23:45:00,174.66,174.69,174.66,174.69,3540.511857,174.6935,92,
2026-03-31 23:46:00,174.68,174.7,174.67,174.6994,3296.424377,174.7152,83,
2026-03-31 23:47:00,174.6996,174.7,174.61,174.6261,8691.028114,174.6629,120,
2026-03-31 23:48:00,174.63,174.65,174.6,174.65,5453.63561,174.6596,100,
2026-03-31 23:49:00,174.61,174.63,174.61,174.63,8023.170172,174.6299,95,
2026-03-31 23:50:00,174.66,174.7,174.65,174.7,5605.754335,174.6977,113,
2026-03-31 23:51:00,174.7,174.71,174.68,174.68,8704.560732,174.7041,155,
2026-03-31 23:52:00,174.67,174.73,174.66,174.72,9802.516675,174.7128,135,
2026-03-31 23:53:00,174.74,174.78,174.73,174.77,7121.62457,174.7667,141,
2026-03-31 23:54:00,174.77,174.85,174.76,174.85,19330.679983,174.8214,199,
2026-03-31 23:55:00,174.8016,174.8537,174.8,174.82,11464.300035,174.844,184,
2026-03-31 23:56:00,174.8112,174.84,174.7806,174.82,9790.855505,174.8179,119,
2026-03-31 23:57:00,174.8,174.8499,174.79,174.8474,10735.768869,174.8358,168,
2026-03-31 23:58:00,174.84,174.88,174.81,174.87,19495.795441,174.8539,256,
2026-03-31 23:59:00,174.87,174.97,174.86,174.97,21053.509391,174.9078,340,
2026-04-01 08:00:00,176.3,176.6,174.98,175.15,72942.954667,175.6853,2705,
2026-04-01 08:01:00,175.19,176.97,175.17,175.87,835894.333082,176.2862,23244,
2026-04-01 08:02:00,175.95,175.98,175.7,175.945,18440.908431,175.8562,598,
2026-04-01 08:03:00,175.85,176.025,175.8,175.975,14012.05854,175.9439,451,
2026-04-01 08:04:00,175.97,175.98,175.72,175.81,23224.903209,175.8448,556,
2026-04-01 08:05:00,175.76,175.77,175.6,175.66,19276.93688,175.6872,444,
2026-04-01 08:06:00,175.66,175.77,175.47,175.49,16854.682244,175.6325,468,
2026-04-01 08:07:00,175.5,175.63,175.4,175.545,23721.792296,175.5067,566,
2026-04-01 08:08:00,175.5318,175.74,175.49,175.68,21471.727629,175.6108,414,
2026-04-01 08:09:00,175.65,175.72,175.37,175.37,23495.474991,175.5265,478,
2026-04-01 08:10:00,175.36,175.4,175.25,175.25,16181.185245,175.3497,415,
2026-04-01 08:11:00,175.3,175.4,175.15,175.22,30766.247957,175.2658,789,
2026-04-01 08:12:00,175.27,175.35,175.01,175.09,22049.172614,175.1321,635,
2026-04-01 08:13:00,175.045,175.25,175.01,175.11,36715.413429,175.1237,771,
2026-04-01 08:14:00,175.16,175.17,175.01,175.01,21698.202297,175.0723,419,
2026-04-01 08:15:00,175.01,175.3182,175.01,175.26,20027.97676,175.1939,435,
2026-04-01 08:16:00,175.22,175.22,174.8,174.8246,43978.056961,174.9724,863,
2026-04-01 08:17:00,174.87,175.25,174.84,175.25,37406.624646,175.0006,681,
2026-04-01 08:18:00,175.26,175.47,175.22,175.47,23262.680748,175.3315,474,
2026-04-01 08:19:00,175.45,175.49,175.28,175.4181,15690.339111,175.4257,349,
2026-04-01 08:20:00,175.47,175.57,175.465,175.53,10080.174129,175.5126,296,
2026-04-01 08:21:00,175.575,175.59,175.48,175.525,13079.647788,175.538,281,
2026-04-01 08:22:00,175.485,175.68,175.485,175.68,5863.748526,175.5834,208,
2026-04-01 08:23:00,175.65,175.79,175.62,175.73,6650.986577,175.693,221,
2026-04-01 08:24:00,175.69,175.8,175.69,175.76,6767.189292,175.7539,200,
2026-04-01 08:25:00,175.76,175.94,175.76,175.91,24626.986209,175.8695,375,
2026-04-01 08:26:00,175.9,175.9,175.83,175.88,5922.631783,175.8874,207,
2026-04-01 08:27:00,175.9,175.95,175.85,175.91,19468.529848,175.8991,256,
2026-04-01 08:28:00,175.88,175.88,175.72,175.72,9635.587462,175.8041,234,
2026-04-01 08:29:00,175.72,175.8,175.72,175.7207,10534.153815,175.7548,242,
2026-04-01 08:30:00,175.72,175.8,175.66,175.79,6709.807082,175.7286,153,
2026-04-01 08:31:00,175.8,175.88,175.74,175.88,6779.021038,175.8027,167,
2026-04-01 08:32:00,175.81,175.87,175.75,175.86,6702.6225,175.8415,92,
2026-04-01 08:33:00,175.9,175.92,175.82,175.82,8775.746253,175.8692,162,
2026-04-01 08:34:00,175.81,175.9,175.7629,175.7629,2095.394521,175.8582,68,
2026-04-01 08:35:00,175.7532,175.81,175.7532,175.81,3892.0,175.7846,70,
2026-04-01 08:36:00,175.77,175.85,175.71,175.85,6390.65762,175.7972,139,
2026-04-01 08:37:00,175.84,175.84,175.75,175.79,5904.885224,175.8151,114,
2026-04-01 08:38:00,175.79,175.85,175.78,175.85,2725.382347,175.8529,97,
2026-04-01 08:39:00,175.84,175.98,175.84,175.95,6496.66942,175.9445,173,
2026-04-01 08:40:00,175.93,175.93,175.86,175.91,2255.039352,175.9114,96,
2026-04-01 08:41:00,175.9141,175.995,175.9141,175.96,5275.209126,175.9749,152,
2026-04-01 08:42:00,175.91,175.91,175.82,175.82,4415.853711,175.906,142,
2026-04-01 08:43:00,175.82,175.875,175.77,175.875,6290.939439,175.855,180,
2026-04-01 08:44:00,175.82,175.88,175.82,175.87,1035.149781,175.8773,46,
2026-04-01 08:45:00,175.88,175.88,175.82,175.87,2246.846783,175.9196,86,
2026-04-01 08:46:00,175.85,175.85,175.77,175.77,2004.108562,175.8203,73,
2026-04-01 08:47:00,175.75,175.825,175.74,175.76,3870.261251,175.7897,120,
2026-04-01 08:48:00,175.74,175.74,175.7,175.72,6993.532849,175.7416,149,
2026-04-01 08:49:00,175.8,175.82,175.76,175.82,4273.518524,175.8113,142,
2026-04-01 08:50:00,175.81,175.85,175.81,175.85,2148.416121,175.8683,72,
2026-04-01 08:51:00,175.85,175.87,175.8,175.8,2476.965188,175.8942,95,
2026-04-01 08:52:00,175.73,175.79,175.72,175.79,1933.916264,175.8428,69,
2026-04-01 08:53:00,175.79,175.91,175.79,175.91,3233.779004,175.9132,149,
2026-04-01 08:54:00,175.86,175.86,175.26,175.58,25000.871183,175.5085,748,
2026-04-01 08:55:00,175.55,175.66,175.46,175.6,5517.191424,175.5825,211,
2026-04-01 08:56:00,175.7,175.75,175.65,175.71,5678.543681,175.7062,163,
2026-04-01 08:57:00,175.65,175.725,175.65,175.71,2692.103859,175.7069,71,
2026-04-01 08:58:00,175.74,175.75,175.61,175.61,3255.270949,175.718,97,
2026-04-01 08:59:00,175.66,175.66,175.6,175.64,3235.69409,175.671,100,
2026-04-01 09:00:00,175.62,175.66,175.5,175.5,3466.846066,175.6113,79,
2026-04-01 09:01:00,175.53,175.59,175.4,175.59,2308.817126,175.5771,83,
2026-04-01 09:02:00,175.58,175.6,175.53,175.57,4594.016246,175.5846,73,
2026-04-01 09:03:00,175.6008,175.65,175.54,175.54,3385.459469,175.6007,98,
2026-04-01 09:04:00,175.5973,175.67,175.5236,175.67,2018.716284,175.6881,54,
2026-04-01 09:05:00,175.66,175.69,175.66,175.69,1530.753942,175.7626,55,
2026-04-01 09:06:00,175.7,175.7,175.6336,175.6336,5647.545984,175.699,133,
2026-04-01 09:07:00,175.66,175.66,175.52,175.59,4814.119782,175.5927,84,
2026-04-01 09:08:00,175.55,175.55,175.43,175.48,3067.86929,175.5308,99,
2026-04-01 09:09:00,175.46,175.55,175.42,175.47,5827.210969,175.4708,164,
2026-04-01 09:10:00,175.44,175.44,175.3,175.33,9339.340316,175.3484,266,
2026-04-01 09:11:00,175.28,175.31,175.28,175.31,969.576868,175.4124,134,
2026-04-01 09:12:00,175.27,175.35,175.27,175.3,5329.318783,175.3165,118,
2026-04-01 09:13:00,175.33,175.33,175.21,175.25,3528.667741,175.2953,97,
2026-04-01 09:14:00,175.25,175.25,175.15,175.15,3252.265277,175.216,141,
2026-04-01 09:15:00,175.1575,175.27,175.1575,175.2,2182.95793,175.2994,85,
2026-04-01 09:16:00,175.19,175.19,175.15,175.15,1067.241884,175.2135,60,
2026-04-01 09:17:00,175.14,175.16,175.09,175.1,15594.473452,175.1277,150,
2026-04-01 09:18:00,175.1,175.12,175.09,175.1,3748.986527,175.1524,144,
2026-04-01 09:19:00,175.115,175.17,175.1,175.12,3899.746199,175.1571,118,
2026-04-01 09:20:00,175.18,175.19,174.95,175.05,26881.807288,175.0526,493,
2026-04-01 09:21:00,175.06,175.06,175.03,175.03,3601.952191,175.1001,155,
2026-04-01 09:22:00,175.06,175.11,175.05,175.07,4296.542646,175.1061,119,
2026-04-01 09:23:00,175.14,175.14,175.01,175.11,6856.684666,175.0898,188,
2026-04-01 09:24:00,175.11,175.22,175.11,175.15,5892.923508,175.1923,146,
2026-04-01 09:25:00,175.21,175.3,175.21,175.28,11397.774849,175.2797,181,
2026-04-01 09:26:00,175.21,175.26,175.21,175.21,2346.675173,175.2722,117,
2026-04-01 09:27:00,175.25,175.26,174.8,175.15,19559.441192,175.0669,374,
2026-04-01 09:28:00,175.1632,175.29,175.1632,175.19,1752.003049,175.2143,110,
2026-04-01 09:29:00,175.15,175.2,175.09,175.18,6779.041844,175.135,145,
2026-04-01 09:30:00,175.19,175.24,175.15,175.24,2270.467058,175.2324,118,
2026-04-01 09:31:00,175.3,175.36,175.29,175.3,5055.693931,175.3437,138,
2026-04-01 09:32:00,175.33,175.35,175.33,175.33,817.252176,175.382,29,
2026-04-01 09:33:00,175.27,175.33,175.2275,175.274,2112.023762,175.2873,82,
2026-04-01 09:34:00,175.31,175.33,175.28,175.29,2162.215907,175.3252,61,
2026-04-01 09:35:00,175.335,175.35,175.32,175.32,1616.491808,175.3861,35,
2026-04-01 09:36:00,175.38,175.42,175.35,175.35,4807.256412,175.3976,138,
2026-04-01 09:37:00,175.33,175.44,175.32,175.39,2952.122646,175.3798,66,
2026-04-01 09:38:00,175.38,175.38,175.36,175.36,1379.810566,175.4705,47,
2026-04-01 09:39:00,175.4,175.43,175.39,175.41,1456.261439,175.4303,44,
2026-04-01 09:40:00,175.38,175.38,175.28,175.32,2653.050002,175.3234,88,
2026-04-01 09:41:00,175.3,175.32,175.26,175.28,1788.660372,175.354,65,
2026-04-01 09:42:00,175.2844,175.295,175.28,175.28,1641.0,175.2853,64,
2026-04-01 09:43:00,175.28,175.36,175.28,175.36,1657.0,175.321,63,
2026-04-01 09:44:00,175.36,175.36,175.27,175.33,2579.176586,175.3522,56,
2026-04-01 09:45:00,175.33,175.44,175.33,175.41,1369.27855,175.4401,69,
2026-04-01 09:46:00,175.4,175.5,175.38,175.5,5965.361672,175.4641,170,
2026-04-01 09:47:00,175.55,175.55,175.46,175.46,2155.0,175.4818,59,
2026-04-01 09:48:00,175.52,175.56,175.51,175.52,2494.542861,175.5605,86,
2026-04-01 09:49:00,175.51,175.53,175.49,175.5,1320.115693,175.5256,66,
2026-04-01 09:50:00,175.54,175.59,175.51,175.56,4627.386496,175.5756,115,
2026-04-01 09:51:00,175.58,175.59,175.43,175.45,6707.931406,175.5211,140,
2026-04-01 09:52:00,175.49,175.55,175.45,175.49,1062.412597,175.5631,54,
2026-04-01 09:53:00,175.51,175.56,175.5,175.56,2663.541155,175.5589,92,
2026-04-01 09:54:00,175.55,175.56,175.51,175.52,2671.637912,175.5859,81,
2026-04-01 09:55:00,175.52,175.52,175.44,175.49,4125.471424,175.5017,96,
2026-04-01 09:56:00,175.46,175.46,175.4121,175.46,1504.629006,175.5211,73,
2026-04-01 09:57:00,175.45,175.6,175.45,175.6,9202.334933,175.503,190,
2026-04-01 09:58:00,175.47,175.53,175.4,175.41,5835.353768,175.4631,151,
2026-04-01 09:59:00,175.4,175.43,175.4,175.43,1499.274112,175.4542,38,
2026-04-01 10:00:00,175.36,175.58,175.36,175.49,6623.47445,175.4611,119,
2026-04-01 10:01:00,175.49,175.5396,175.4,175.53,1430.260185,175.489,62,
2026-04-01 10:02:00,175.41,175.46,175.4,175.4146,1217.340756,175.4674,47,
2026-04-01 10:03:00,175.5,175.5,175.5,175.5,876.198275,175.5132,41,
2026-04-01 10:04:00,175.47,175.47,175.39,175.4,4178.454088,175.4285,112,
2026-04-01 10:05:00,175.42,175.42,175.3204,175.4,1413.555225,175.4742,71,
2026-04-01 10:06:00,175.42,175.5,175.42,175.5,1380.026932,175.4534,56,
2026-04-01 10:07:00,175.41,175.5,175.41,175.46,2126.52,175.4983,35,
2026-04-01 10:08:00,175.39,175.39,175.39,175.39,280.0,175.4048,23,
2026-04-01 10:09:00,175.42,175.49,175.35,175.3613,3524.233018,175.4326,96,
2026-04-01 10:10:00,175.36,175.41,175.36,175.41,4173.0,175.3847,41,
2026-04-01 10:11:00,175.36,175.39,175.31,175.36,3543.007411,175.3531,90,
2026-04-01 10:12:00,175.31,175.45,175.31,175.45,2891.938075,175.4296,80,
2026-04-01 10:13:00,175.41,175.45,175.38,175.4,2920.0,175.399,67,
2026-04-01 10:14:00,175.4,175.42,175.4,175.42,519.666393,175.6292,32,
2026-04-01 10:15:00,175.45,175.47,175.41,175.44,2294.38341,175.4573,62,
2026-04-01 10:16:00,175.45,175.5,175.45,175.5,3497.020119,175.4825,66,
2026-04-01 10:17:00,175.5,175.58,175.5,175.54,2710.106747,175.5471,61,
2026-04-01 10:18:00,175.54,175.55,175.51,175.55,1762.217252,175.5611,49,
2026-04-01 10:19:00,175.54,175.67,175.54,175.67,5457.011626,175.6021,116,
2026-04-01 10:20:00,175.7,175.7,175.63,175.63,6103.694016,175.6894,106,
2026-04-01 10:21:00,175.67,175.7,175.63,175.7,2820.557724,175.6916,59,
2026-04-01 10:22:00,175.7,175.7,175.6,175.62,4914.324901,175.6654,95,
2026-04-01 10:23:00,175.6,175.65,175.6,175.65,1097.0,175.6266,46,
2026-04-01 10:24:00,175.64,175.66,175.6,175.6,1646.914976,175.7411,59,
2026-04-01 10:25:00,175.62,175.62,175.55,175.585,2889.0,175.5753,67,
2026-04-01 10:26:00,175.575,175.63,175.55,175.62,7331.0,175.579,131,
2026-04-01 10:27:00,175.61,175.61,175.6,175.6,957.560521,175.7047,53,
2026-04-01 10:28:00,175.61,175.61,175.55,175.59,6777.0,175.5684,74,
2026-04-01 10:29:00,175.6,175.61,175.55,175.56,4501.160991,175.5919,85,
2026-04-01 10:30:00,175.57,175.61,175.52,175.61,3163.0,175.5822,64,
2026-04-01 10:31:00,175.58,175.58,175.53,175.5323,1167.621567,175.6477,50,
2026-04-01 10:32:00,175.56,175.63,175.56,175.58,2504.4477,175.6213,50,
2026-04-01 10:33:00,175.55,175.55,175.5,175.5,2244.165087,175.5251,122,
2026-04-01 10:34:00,175.5,175.53,175.5,175.52,1343.545328,175.5846,53,
2026-04-01 10:35:00,175.5,175.5,175.49,175.49,927.01343,175.4976,52,
2026-04-01 10:36:00,175.52,175.52,175.48,175.48,3113.632616,175.5246,44,
2026-04-01 10:37:00,175.51,175.51,175.45,175.5,2522.698462,175.5238,77,
2026-04-01 10:39:00,175.55,175.64,175.51,175.64,5092.059424,175.5725,116,
2026-04-01 10:40:00,175.65,175.72,175.65,175.69,5639.339457,175.6985,112,
2026-04-01 10:41:00,175.69,175.7,175.67,175.7,6413.134741,175.6981,110,
2026-04-01 10:42:00,175.68,175.68,175.675,175.675,1191.354533,175.729,63,
2026-04-01 10:43:00,175.65,175.65,175.6,175.62,1575.590477,175.7028,67,
2026-04-01 10:44:00,175.64,175.65,175.6,175.635,4200.705691,175.6643,75,
2026-04-01 10:45:00,175.6,175.71,175.6,175.69,2379.175564,175.6912,77,
2026-04-01 10:46:00,175.69,176.0,175.69,175.89,26237.00834,175.8933,411,
2026-04-01 10:47:00,175.91,175.99,175.895,175.96,5666.333577,175.9477,130,
2026-04-01 10:48:00,175.93,175.99,175.85,175.95,9472.838227,175.9537,226,
2026-04-01 10:49:00,175.96,176.09,175.95,176.09,17027.560926,176.0127,392,
2026-04-01 10:50:00,176.09,176.09,175.83,175.96,18984.170441,176.0011,483,
2026-04-01 10:51:00,176.01,176.01,175.89,175.92,3822.0,175.9356,121,
2026-04-01 10:52:00,175.92,175.97,175.8,175.93,8067.658569,175.8976,265,
2026-04-01 10:53:00,175.99,176.0,175.88,175.88,3783.745017,175.9706,155,
2026-04-01 10:54:00,175.88,175.91,175.83,175.87,7764.0,175.8805,215,
2026-04-01 10:55:00,175.84,175.87,175.61,175.66,9546.828047,175.7322,350,
2026-04-01 10:56:00,175.67,175.81,175.65,175.81,4636.0,175.7142,171,
2026-04-01 10:57:00,175.755,175.83,175.74,175.8,7615.098462,175.7914,185,
2026-04-01 10:58:00,175.79,175.88,175.76,175.8,10622.486918,175.8241,289,
2026-04-01 10:59:00,175.78,175.83,175.7,175.7,8772.564886,175.8043,253,
2026-04-01 11:00:00,175.68,176.09,175.65,176.0619,108547.404035,175.8351,1881,
2026-04-01 11:01:00,176.0224,176.22,176.01,176.22,37001.235841,176.1401,450,
2026-04-01 11:02:00,176.25,176.4,176.19,176.3604,49433.046186,176.268,528,
2026-04-01 11:03:00,176.4,176.5,176.3191,176.44,31391.72663,176.4433,371,
2026-04-01 11:04:00,176.4,176.69,176.4,176.69,35050.938941,176.5854,514,
2026-04-01 11:05:00,176.69,176.7869,176.65,176.7773,73594.666811,176.7364,586,
2026-04-01 11:06:00,176.7,176.74,176.565,176.63,24195.433995,176.6435,277,
2026-04-01 11:07:00,176.67,176.67,176.52,176.5536,34260.423425,176.5811,223,
2026-04-01 11:08:00,176.58,176.65,176.5693,176.61,21599.0,176.6118,245,
2026-04-01 11:09:00,176.64,176.68,176.59,176.66,16460.215091,176.6419,204,
2026-04-01 11:10:00,176.64,176.6483,176.6,176.6001,9774.398714,176.6204,158,
2026-04-01 11:11:00,176.6,176.68,176.59,176.65,12226.241851,176.6369,196,
2026-04-01 11:12:00,176.62,176.65,176.54,176.57,22034.063827,176.5993,274,
2026-04-01 11:13:00,176.58,176.58,176.41,176.5,26018.983532,176.512,274,
2026-04-01 11:14:00,176.475,176.64,176.46,176.64,19060.425269,176.5692,270,
2026-04-01 11:15:00,176.63,176.7,176.58,176.6172,30763.577091,176.6587,353,
2026-04-01 11:16:00,176.64,176.64,174.4,176.5,15004.00125,176.2618,219,
2026-04-01 11:17:00,176.5299,176.56,176.4865,176.55,16295.75221,176.5311,178,
2026-04-01 11:18:00,176.58,176.59,176.4835,176.52,9114.039571,176.5153,164,
2026-04-01 11:19:00,176.53,176.7,176.5201,176.7,22726.938872,176.6185,299,
2026-04-01 11:20:00,176.685,176.74,176.66,176.71,17522.182019,176.7136,233,
2026-04-01 11:21:00,176.7,176.82,176.65,176.8,39373.84098,176.7562,434,
2026-04-01 11:22:00,176.785,176.8,176.6,176.6989,13536.79004,176.721,242,
2026-04-01 11:23:00,176.69,176.79,176.67,176.76,11534.0,176.7346,192,
2026-04-01 11:24:00,176.8,176.9,176.775,176.888,19171.03653,176.8333,284,
2026-04-01 11:25:00,176.8843,176.92,176.86,176.92,11195.255787,176.9035,268,
2026-04-01 11:26:00,176.9295,176.93,176.82,176.92,15221.42402,176.8929,247,
2026-04-01 11:27:00,176.91,176.91,176.85,176.9,17633.626491,176.8775,232,
2026-04-01 11:28:00,176.9,176.95,176.83,176.85,31298.910708,176.8946,411,
2026-04-01 11:29:00,176.8492,176.8795,176.8133,176.85,15303.752075,176.857,201,
2026-04-01 11:30:00,176.83,176.98,176.78,176.9399,23625.640218,176.8792,404,
2026-04-01 11:31:00,176.93,176.97,176.9137,176.96,16266.037916,176.9498,217,
2026-04-01 11:32:00,176.97,177.1,176.97,177.0899,68459.917844,177.0098,1063,
2026-04-01 11:33:00,177.05,177.07,176.99,177.05,23794.212718,177.032,367,
2026-04-01 11:34:00,177.09,177.25,177.09,177.19,32076.793443,177.1936,502,
2026-04-01 11:35:00,177.2,177.3,177.07,177.155,28784.240728,177.1907,482,
2026-04-01 11:36:00,177.16,177.21,177.01,177.01,15719.315125,177.1334,250,
2026-04-01 11:37:00,177.12,177.18,177.02,177.17,16805.454239,177.1209,272,
2026-04-01 11:38:00,177.16,177.24,177.1501,177.17,25735.395582,177.1887,320,
2026-04-01 11:39:00,177.17,177.22,177.1546,177.19,23143.860695,177.1967,249,
2026-04-01 11:40:00,177.2039,177.27,177.19,177.27,30311.046773,177.2346,374,
2026-04-01 11:41:00,177.2475,177.2535,177.2,177.22,11328.250565,177.2212,203,
2026-04-01 11:42:00,177.2056,177.22,177.03,177.0523,30756.694153,177.1494,407,
2026-04-01 11:43:00,177.0567,177.11,177.01,177.05,19197.75087,177.0488,292,
2026-04-01 11:44:00,177.06,177.18,177.05,177.12,14707.263698,177.0936,263,
2026-04-01 11:45:00,177.095,177.12,177.05,177.06,12912.951419,177.0956,270,
2026-04-01 11:46:00,177.0609,177.1182,177.03,177.1182,11059.873042,177.0775,174,
2026-04-01 11:47:00,177.0652,177.1,177.03,177.1,14118.160213,177.0715,180,
2026-04-01 11:48:00,177.03,177.11,176.951,176.99,55567.051788,177.0325,586,
2026-04-01 11:49:00,176.98,177.0,176.96,176.9948,22577.142817,176.9866,293,
2026-04-01 11:50:00,176.98,177.0,176.9626,176.98,20201.873474,176.9992,294,
2026-04-01 11:51:00,176.9948,177.0,176.96,176.99,24051.977672,177.0007,242,
2026-04-01 11:52:00,177.0,177.16,176.98,177.1501,35322.553535,177.0365,534,
2026-04-01 11:53:00,177.1526,177.16,177.02,177.03,24868.490236,177.1091,287,
2026-04-01 11:54:00,177.05,177.05,176.945,176.96,35724.776183,176.9825,320,
2026-04-01 11:55:00,176.97,176.97,176.9,176.93,15928.348287,176.9341,218,
2026-04-01 11:56:00,176.94,176.94,176.85,176.875,19144.072082,176.8854,345,
2026-04-01 11:57:00,176.89,176.9,176.85,176.88,13233.196738,176.885,237,
2026-04-01 11:58:00,176.9,176.9,176.85,176.86,20471.013416,176.8808,297,
2026-04-01 11:59:00,176.87,176.88,176.84,176.87,12252.437346,176.8641,196,
2026-04-01 12:00:00,176.86,176.88,176.7064,176.8222,36990.942578,176.781,491,
2026-04-01 12:01:00,176.8315,176.88,176.75,176.84,20493.850215,176.8318,824,
2026-04-01 12:02:00,176.8347,176.84,176.79,176.84,12040.701562,176.6245,245,
2026-04-01 12:03:00,176.8,176.81,176.75,176.76,30966.040479,176.7683,311,
2026-04-01 12:04:00,176.74,176.9636,174.4,176.93,49310.645355,176.6316,465,
2026-04-01 12:05:00,176.93,177.05,176.9123,177.0401,35633.936015,176.9941,359,
2026-04-01 12:06:00,177.0401,177.1197,176.999,177.0641,37749.427329,176.7846,889,
2026-04-01 12:07:00,177.07,177.2,176.97,177.12,80210.042714,176.9205,1036,
2026-04-01 12:08:00,177.08,177.11,176.96,176.9954,18696.015408,177.0338,292,
2026-04-01 12:09:00,176.9861,177.05,174.4,176.99,15173.311349,176.7783,256,
2026-04-01 12:10:00,177.0,177.0435,176.9,176.91,24381.836748,176.9462,325,
2026-04-01 12:11:00,176.91,176.92,176.85,176.87,11677.476243,176.8847,259,
2026-04-01 12:12:00,176.845,176.87,176.8,176.8435,26989.288052,176.8341,239,
2026-04-01 12:13:00,176.8,176.813,176.72,176.7494,32446.247419,176.7728,319,
2026-04-01 12:14:00,176.75,176.92,176.75,176.81,25340.135398,176.7964,284,
2026-04-01 12:15:00,176.82,176.8999,176.77,176.8499,15794.950176,176.8301,195,
2026-04-01 12:16:00,176.7911,176.88,176.76,176.87,13774.906444,176.8485,190,
2026-04-01 12:17:00,176.85,176.865,176.81,176.82,18251.773112,176.8515,242,
2026-04-01 12:18:00,176.82,176.89,176.8,176.8552,16367.142126,176.8376,184,
2026-04-01 12:19:00,176.8583,176.86,176.77,176.7791,32063.882387,176.811,310,
2026-04-01 12:20:00,176.78,176.78,176.6304,176.66,23440.594939,176.7015,408,
2026-04-01 12:21:00,176.65,176.6647,176.48,176.52,41592.286414,176.5417,573,
2026-04-01 12:22:00,176.56,176.59,176.46,176.52,24447.297981,176.5196,341,
2026-04-01 12:23:00,176.5298,176.55,176.48,176.5139,24207.4836,176.5161,300,
2026-04-01 12:24:00,176.4905,176.4905,176.37,176.37,30758.414749,176.4379,440,
2026-04-01 12:25:00,176.37,176.45,176.35,176.35,18456.450585,176.4111,325,
2026-04-01 12:26:00,176.35,176.42,176.3,176.35,26921.861828,176.3548,346,
2026-04-01 12:27:00,176.33,176.39,176.25,176.3087,43033.983975,176.3153,426,
2026-04-01 12:28:00,176.26,176.45,176.26,176.445,32268.52045,176.3569,335,
2026-04-01 12:29:00,176.45,176.5,176.3526,176.3526,31652.931843,176.4413,286,
2026-04-01 12:30:00,176.36,176.4878,176.25,176.25,22008.436318,176.3692,281,
2026-04-01 12:31:00,176.33,176.35,176.25,176.2852,23141.572105,176.2827,264,
2026-04-01 12:32:00,176.28,176.3244,176.25,176.3,25147.892116,176.2861,304,
2026-04-01 12:33:00,176.3,176.36,176.28,176.3187,14209.48222,176.3254,270,
2026-04-01 12:34:00,176.2852,176.45,176.2852,176.4265,6865.155456,176.3693,199,
2026-04-01 12:35:00,176.4335,176.44,176.34,176.4399,16825.245198,176.4084,263,
2026-04-01 12:36:00,176.44,176.44,176.28,176.3518,21595.912708,176.3639,344,
2026-04-01 12:37:00,176.36,176.36,176.17,176.18,78955.78671,176.2109,696,
2026-04-01 12:38:00,176.18,176.2574,176.13,176.2,31508.885563,176.1818,389,
2026-04-01 12:39:00,176.22,176.24,174.4,176.12,31074.874966,176.171,362,
2026-04-01 12:40:00,176.1199,176.23,176.09,176.23,27710.294026,176.1665,320,
2026-04-01 12:41:00,176.24,176.2693,176.21,176.21,13965.254439,176.2438,209,
2026-04-01 12:42:00,176.21,176.28,176.2,176.2407,18084.181371,176.2418,267,
2026-04-01 12:43:00,176.23,176.23,176.17,176.1794,21517.103013,176.1959,229,
2026-04-01 12:44:00,176.1539,176.85,176.03,176.6131,100589.314697,176.4164,1621,
2026-04-01 12:45:00,176.69,176.77,175.98,176.51,102173.442679,176.297,1777,
2026-04-01 12:46:00,176.53,176.59,176.26,176.36,51284.528828,176.396,617,
2026-04-01 12:47:00,176.34,176.5,176.21,176.4592,30033.065229,176.3615,454,
2026-04-01 12:48:00,176.39,176.39,176.01,176.02,37257.242097,176.171,608,
2026-04-01 12:49:00,176.01,176.076,175.91,176.01,45165.701987,175.9959,607,
2026-04-01 12:50:00,176.0,176.07,175.8,175.8497,40975.736853,175.9195,496,
2026-04-01 12:51:00,175.8451,175.92,175.69,175.69,45222.694945,175.7955,703,
2026-04-01 12:52:00,175.69,175.9298,175.69,175.8101,22410.909754,175.8317,270,
2026-04-01 12:53:00,175.8509,175.8984,175.81,175.87,17993.294543,175.8529,293,
2026-04-01 12:54:00,175.83,175.8592,175.683,175.75,39632.730842,175.7817,564,
2026-04-01 12:55:00,175.8124,175.88,175.7,175.83,28756.517052,175.787,325,
2026-04-01 12:56:00,175.8,175.89,175.76,175.78,31340.02605,175.804,255,
2026-04-01 12:57:00,175.8276,175.88,175.77,175.8,17472.901066,175.8304,306,
2026-04-01 12:58:00,175.775,175.86,175.71,175.71,27264.396895,175.7576,281,
2026-04-01 12:59:00,175.7435,175.75,175.65,175.6614,27028.716345,175.6925,388,
2026-04-01 13:00:00,175.6903,175.7322,175.62,175.67,27659.259909,175.6698,320,
2026-04-01 13:01:00,175.67,175.76,175.55,175.73,31998.396813,175.6328,485,
2026-04-01 13:02:00,175.73,175.75,175.61,175.64,10652.143444,175.6764,255,
2026-04-01 13:03:00,175.6906,175.76,175.6566,175.75,17816.101316,175.7364,230,
2026-04-01 13:04:00,175.755,175.76,175.6407,175.6801,22569.488988,175.703,274,
2026-04-01 13:05:00,175.6801,175.7,175.51,175.54,36615.470981,175.5982,440,
2026-04-01 13:06:00,175.57,175.67,175.55,175.62,26893.831637,175.5805,309,
2026-04-01 13:07:00,175.65,175.7,175.5,175.5502,37332.889025,175.5573,584,
2026-04-01 13:08:00,175.5649,175.58,175.3652,175.3652,65276.719928,175.4967,773,
2026-04-01 13:09:00,175.39,175.5,175.34,175.45,53186.398832,175.4006,588,
2026-04-01 13:10:00,175.46,175.54,175.35,175.45,51916.844376,175.4739,605,
2026-04-01 13:11:00,175.417,175.56,175.4,175.56,44413.588367,175.4644,454,
2026-04-01 13:12:00,175.56,175.65,175.5,175.6415,33227.609485,175.5735,406,
2026-04-01 13:13:00,175.66,175.75,175.66,175.706,25046.097129,175.7137,419,
2026-04-01 13:14:00,175.715,175.7499,175.63,175.7,24892.052141,175.693,303,
2026-04-01 13:15:00,175.65,175.76,175.65,175.74,20251.601727,175.7225,350,
2026-04-01 13:16:00,175.7205,175.97,175.7205,175.96,41718.299643,175.8595,417,
2026-04-01 13:17:00,175.9419,175.98,175.8,175.8241,42084.905548,175.9216,564,
2026-04-01 13:18:00,175.8741,175.95,175.8,175.89,19636.408407,175.893,249,
2026-04-01 13:19:00,175.91,175.98,175.885,175.9726,12551.489164,175.9394,243,
2026-04-01 13:20:00,175.97,175.99,175.88,175.93,22209.979998,175.9432,301,
2026-04-01 13:21:00,175.97,175.97,175.72,175.82,31419.633219,175.819,468,
2026-04-01 13:22:00,175.8018,176.0,175.72,175.9883,23313.782269,175.9202,311,
2026-04-01 13:23:00,176.0,176.04,175.9,176.0,28246.452456,175.9939,394,
2026-04-01 13:24:00,175.95,175.98,175.9,175.97,20281.058074,175.9296,214,
2026-04-01 13:25:00,175.96,176.5797,175.96,176.34,109106.011435,176.3728,1326,
2026-04-01 13:26:00,176.32,176.5,176.32,176.47,31615.336111,176.4421,421,
2026-04-01 13:27:00,176.47,176.78,176.43,176.59,68316.672288,176.6002,710,
2026-04-01 13:28:00,176.51,176.54,176.01,176.11,57108.533393,176.1266,934,
2026-04-01 13:29:00,176.12,176.2,176.0,176.0,44745.143649,176.0476,403,
2026-04-01 13:30:00,176.0,176.015,174.92,174.97,3877530.16198,175.5772,39000,
2026-04-01 13:31:00,174.97,175.48,174.75,175.355,1241064.252708,175.2129,14040,
2026-04-01 13:32:00,175.37,175.985,175.3367,175.9,1211196.206349,175.6878,13116,
2026-04-01 13:33:00,175.89,176.12,175.8403,176.04,1097901.086948,175.9834,13422,
2026-04-01 13:34:00,176.02,176.32,176.0,176.27,991225.787756,176.1633,11849,
2026-04-01 13:35:00,176.28,176.39,176.01,176.145,977024.558714,176.1825,12591,
2026-04-01 13:36:00,176.14,176.35,175.95,176.06,855919.670747,176.1634,13069,
2026-04-01 13:37:00,176.0599,176.24,176.0,176.13,533362.566564,176.1292,9460,
2026-04-01 13:38:00,176.125,176.4,176.11,176.34,768391.367978,176.2812,10364,
2026-04-01 13:39:00,176.345,176.6,176.19,176.55,1018468.940636,176.4289,11968,
2026-04-01 13:40:00,176.5699,176.588,176.1601,176.165,826133.655973,176.3791,11050,
2026-04-01 13:41:00,176.185,176.46,176.1102,176.42,706641.203758,176.2697,8845,
2026-04-01 13:42:00,176.41,176.5,175.6201,175.68,1027605.666938,176.0951,15181,
2026-04-01 13:43:00,175.685,175.74,175.15,175.1901,757153.674575,175.4648,12216,
2026-04-01 13:44:00,175.2,175.6452,175.19,175.6101,625981.758791,175.4389,10257,
2026-04-01 13:45:00,175.6,175.97,175.58,175.6399,882240.513174,175.7745,12802,
2026-04-01 13:46:00,175.6351,175.88,175.55,175.755,764713.802241,175.7362,13273,
2026-04-01 13:47:00,175.755,175.85,175.62,175.73,660067.215662,175.7194,12630,
2026-04-01 13:48:00,175.73,175.85,175.695,175.775,695029.85845,175.7726,14042,
2026-04-01 13:49:00,175.775,175.8002,175.54,175.68,772825.055701,175.6633,13009,
2026-04-01 13:50:00,175.68,175.98,175.635,175.915,810373.040192,175.8245,13897,
2026-04-01 13:51:00,175.91,176.09,175.87,176.035,738700.977755,176.0057,13143,
2026-04-01 13:52:00,176.0201,176.06,175.735,175.875,493614.115028,175.8863,10550,
2026-04-01 13:53:00,175.87,176.08,175.68,175.84,534029.009886,175.8618,10782,
2026-04-01 13:54:00,175.835,175.865,175.59,175.63,412110.240493,175.6905,9749,
2026-04-01 13:55:00,175.635,175.8,175.45,175.755,568106.32041,175.6026,11073,
2026-04-01 13:56:00,175.76,175.9,175.63,175.84,387459.453593,175.7984,8855,
2026-04-01 13:57:00,175.84,176.07,175.79,175.8995,478595.747044,175.9624,9865,
2026-04-01 13:58:00,175.9099,176.13,175.89,176.01,430534.286061,176.0082,8430,
2026-04-01 13:59:00,176.0,176.03,175.82,175.89,424081.838724,175.9252,8678,
2026-04-01 14:00:00,175.9,175.93,175.66,175.77,550151.654519,175.7779,10620,
2026-04-01 14:01:00,175.77,175.85,175.595,175.63,515901.531617,175.732,11444,
2026-04-01 14:02:00,175.625,175.9,175.59,175.7601,434881.615835,175.7758,10737,
2026-04-01 14:03:00,175.76,176.04,175.65,175.905,549417.541305,175.9064,11909,
2026-04-01 14:04:00,175.9,175.9,175.72,175.875,367628.659889,175.8133,9404,
2026-04-01 14:05:00,175.875,176.09,175.82,175.89,483563.876698,175.9636,10257,
2026-04-01 14:06:00,175.89,175.96,175.63,175.7,612670.859072,175.7723,11938,
2026-04-01 14:07:00,175.69,175.91,175.685,175.75,344611.434309,175.823,8776,
2026-04-01 14:08:00,175.75,175.87,175.58,175.79,357194.372925,175.757,9755,
2026-04-01 14:09:00,175.8,175.9025,175.725,175.81,283450.711136,175.8086,8357,
2026-04-01 14:10:00,175.815,176.035,175.765,175.845,443444.44718,175.8758,9926,
2026-04-01 14:11:00,175.8197,175.82,175.54,175.63,498369.556883,175.6787,10272,
2026-04-01 14:12:00,175.635,175.98,175.63,175.97,459449.503494,175.8506,9789,
2026-04-01 14:13:00,175.96,175.98,175.8401,175.98,415536.870629,175.9164,9185,
2026-04-01 14:14:00,175.97,176.175,175.92,176.175,674859.877678,176.0485,11479,
2026-04-01 14:15:00,176.175,176.42,176.12,176.3851,608585.437461,176.3015,11422,
2026-04-01 14:16:00,176.385,176.42,176.235,176.2801,358296.733895,176.3324,8918,
2026-04-01 14:17:00,176.285,176.325,176.06,176.13,475279.26592,176.1774,9578,
2026-04-01 14:18:00,176.13,176.255,176.105,176.2,327283.74539,176.185,8534,
2026-04-01 14:19:00,176.2,176.23,175.85,176.03,493343.741436,176.0041,9669,
2026-04-01 14:20:00,176.02,176.13,175.77,175.8,482928.653873,175.9553,10346,
2026-04-01 14:21:00,175.8,176.125,175.79,176.0772,573466.969112,175.9367,10195,
2026-04-01 14:22:00,176.0751,176.245,175.965,176.2022,627245.423848,176.1253,10788,
2026-04-01 14:23:00,176.2,176.26,176.09,176.18,567695.218206,176.1779,10431,
2026-04-01 14:24:00,176.18,176.185,175.77,175.9599,577054.13407,175.9699,11370,
2026-04-01 14:25:00,175.96,176.25,175.92,176.203,491744.854341,176.0695,9647,
2026-04-01 14:26:00,176.21,176.23,176.08,176.15,394532.484757,176.1621,9604,
2026-04-01 14:27:00,176.14,176.27,176.09,176.15,315086.151776,176.1807,8453,
2026-04-01 14:28:00,176.14,176.2407,176.05,176.18,306619.595962,176.1572,8496,
2026-04-01 14:29:00,176.18,176.225,176.02,176.2,267644.674896,176.1273,7809,
2026-04-01 14:30:00,176.19,176.35,176.17,176.23,399990.540381,176.2469,9525,
2026-04-01 14:31:00,176.23,176.36,176.18,176.225,305295.09712,176.2668,8270,
2026-04-01 14:32:00,176.2351,176.29,176.09,176.16,323689.592427,176.2067,8922,
2026-04-01 14:33:00,176.16,176.17,175.72,175.805,611189.668304,175.9176,11477,
2026-04-01 14:34:00,175.805,175.8674,175.74,175.84,362067.710552,175.8065,9252,
2026-04-01 14:35:00,175.8399,175.88,175.69,175.83,445243.359408,175.8039,10044,
2026-04-01 14:36:00,175.82,175.9098,175.6401,175.705,486499.259495,175.7383,10443,
2026-04-01 14:37:00,175.7,175.77,175.505,175.62,505354.495294,175.6201,10205,
2026-04-01 14:38:00,175.62,175.8875,175.61,175.77,440982.749625,175.7986,9374,
2026-04-01 14:39:00,175.78,176.3,175.77,176.14,686752.712789,176.0747,12983,
2026-04-01 14:40:00,176.13,176.15,175.83,175.955,491541.620513,175.9838,10558,
2026-04-01 14:41:00,175.9551,176.1,175.89,176.0127,359201.737525,175.9984,8904,
2026-04-01 14:42:00,176.03,176.09,175.875,176.02,295018.560671,176.0001,8402,
2026-04-01 14:43:00,176.0,176.138,175.895,176.02,272265.461614,176.0005,8360,
2026-04-01 14:44:00,176.015,176.055,175.9,175.97,219372.713777,175.9697,7684,
2026-04-01 14:45:00,175.965,176.045,175.9,176.03,261574.998847,175.9745,8293,
2026-04-01 14:46:00,176.035,176.135,175.88,175.89,450445.342535,176.0472,9679,
2026-04-01 14:47:00,175.89,176.19,175.8,176.188,383928.630186,175.9707,8662,
2026-04-01 14:48:00,176.18,176.28,176.145,176.21,365713.073403,176.2075,8545,
2026-04-01 14:49:00,176.21,176.405,176.2,176.335,417117.763749,176.2954,8853,
2026-04-01 14:50:00,176.335,176.445,176.29,176.3894,377247.304806,176.3653,8435,
2026-04-01 14:51:00,176.385,176.435,176.24,176.33,405034.141462,176.3414,9193,
2026-04-01 14:52:00,176.3215,176.43,176.26,176.345,399347.287922,176.3427,9265,
2026-04-01 14:53:00,176.345,176.5,176.29,176.46,471489.157469,176.4152,9868,
2026-04-01 14:54:00,176.46,176.685,176.44,176.615,599677.833745,176.5955,10737,
2026-04-01 14:55:00,176.61,176.615,176.45,176.455,435782.404399,176.5219,8870,
2026-04-01 14:56:00,176.4502,176.455,176.335,176.445,336947.12817,176.4154,8044,
2026-04-01 14:57:00,176.4499,176.52,176.4,176.45,305355.089278,176.4521,8547,
2026-04-01 14:58:00,176.455,176.68,176.42,176.6,392160.264345,176.5748,8712,
2026-04-01 14:59:00,176.6,176.705,176.56,176.68,408250.068196,176.637,8952,
2026-04-01 15:00:00,176.68,176.8898,176.62,176.872,507598.312869,176.7369,9407,
2026-04-01 15:01:00,176.8779,177.0,176.81,176.95,722281.440237,176.9272,11863,
2026-04-01 15:02:00,176.96,177.04,176.945,177.0,546824.691627,176.9876,9399,
2026-04-01 15:03:00,176.99,176.99,176.825,176.845,428320.293812,176.9013,8446,
2026-04-01 15:04:00,176.85,176.97,176.82,176.9501,314630.107962,176.8888,8089,
2026-04-01 15:05:00,176.955,177.04,176.89,177.035,326184.827647,176.9767,8303,
2026-04-01 15:06:00,177.0397,177.12,176.86,176.89,476653.818055,177.0098,10161,
2026-04-01 15:07:00,176.895,176.96,176.81,176.945,363155.844246,176.8791,8193,
2026-04-01 15:08:00,176.9401,177.0,176.86,176.875,249942.202319,176.9363,7704,
2026-04-01 15:09:00,176.875,176.985,176.87,176.965,248849.572316,176.9406,7237,
2026-04-01 15:10:00,176.965,176.965,176.725,176.7551,417428.462396,176.8292,8992,
2026-04-01 15:11:00,176.755,177.02,176.725,176.955,388559.666228,176.8999,8998,
2026-04-01 15:12:00,176.95,176.955,176.7,176.78,611539.095953,176.63,8642,
2026-04-01 15:13:00,176.78,176.835,176.765,176.775,305181.00924,176.8022,7649,
2026-04-01 15:14:00,176.775,176.925,176.74,176.835,243316.536527,176.8215,7756,
2026-04-01 15:15:00,176.84,176.96,176.76,176.92,331812.568688,176.8602,8184,
2026-04-01 15:16:00,176.92,176.925,176.75,176.78,261571.256862,176.8273,6438,
2026-04-01 15:17:00,176.78,176.8,176.65,176.715,313415.396137,176.7232,8011,
2026-04-01 15:18:00,176.71,176.76,176.66,176.6899,189468.153141,176.7036,6836,
2026-04-01 15:19:00,176.68,176.8,176.6524,176.8,299392.07304,176.7064,8002,
2026-04-01 15:20:00,176.8,176.89,176.78,176.865,286092.457118,176.8375,7642,
2026-04-01 15:21:00,176.87,176.94,176.63,176.71,487305.471398,176.769,8865,
2026-04-01 15:22:00,176.705,176.885,176.7,176.8,287168.593391,176.7883,7754,
2026-04-01 15:23:00,176.81,176.91,176.8001,176.86,224347.404919,176.8588,7127,
2026-04-01 15:24:00,176.865,176.9,176.73,176.761,259853.762257,176.8327,7820,
2026-04-01 15:25:00,176.765,176.88,176.765,176.795,204387.294175,176.8241,7250,
2026-04-01 15:26:00,176.795,176.855,176.77,176.805,210783.629849,176.8193,7338,
2026-04-01 15:27:00,176.81,176.83,176.635,176.6405,279982.309392,176.7276,8010,
2026-04-01 15:28:00,176.64,176.75,176.56,176.6799,318788.413267,176.6231,8431,
2026-04-01 15:29:00,176.68,176.68,176.48,176.485,355723.03657,176.5659,8165,
2026-04-01 15:30:00,176.48,176.5311,176.4101,176.4851,378357.191703,176.472,8737,
2026-04-01 15:31:00,176.4885,176.61,176.47,176.575,269334.464013,176.5512,7836,
2026-04-01 15:32:00,176.57,176.5999,176.41,176.495,244426.748243,176.5098,7662,
2026-04-01 15:33:00,176.495,176.5,176.4,176.46,191315.003347,176.4557,7137,
2026-04-01 15:34:00,176.465,176.545,176.44,176.5,238983.048897,176.498,7453,
2026-04-01 15:35:00,176.5,176.665,176.49,176.5968,293612.896735,176.6098,8020,
2026-04-01 15:36:00,176.595,176.78,176.495,176.7222,405933.752484,176.6802,9445,
2026-04-01 15:37:00,176.72,176.79,176.67,176.72,256215.108959,176.7308,7480,
2026-04-01 15:38:00,176.725,176.76,176.65,176.685,206825.016772,176.703,7406,
2026-04-01 15:39:00,176.68,176.875,176.65,176.8704,264898.734207,176.7527,7138,
2026-04-01 15:40:00,176.87,176.88,176.65,176.69,297308.904828,176.7536,8056,
2026-04-01 15:41:00,176.6973,176.75,176.655,176.6651,186264.923558,176.7148,5183,
2026-04-01 15:42:00,176.67,176.865,176.63,176.855,241020.374713,176.7813,2926,
2026-04-01 15:43:00,176.85,176.85,176.74,176.8,257274.687328,176.7986,2770,
2026-04-01 15:44:00,176.81,176.92,176.79,176.86,206873.811532,176.873,2321,
2026-04-01 15:45:00,176.855,176.96,176.85,176.925,233070.383175,176.9172,2675,
2026-04-01 15:46:00,176.925,177.015,176.89,176.9,341985.197156,176.9543,3597,
2026-04-01 15:47:00,176.905,176.955,176.83,176.9101,238138.825094,176.8866,2809,
2026-04-01 15:48:00,176.9103,177.01,176.91,176.965,198003.760717,176.958,2419,
2026-04-01 15:49:00,176.96,176.96,176.79,176.83,253753.254077,176.8641,3031,
2026-04-01 15:50:00,176.84,176.87,176.755,176.775,182460.590278,176.8073,2529,
2026-04-01 15:51:00,176.77,176.9299,176.75,176.92,163023.969072,176.8652,2088,
2026-04-01 15:52:00,176.91,176.96,176.885,176.895,154226.441129,176.9216,2161,
2026-04-01 15:53:00,176.89,177.065,176.89,176.985,248304.664631,176.9807,2961,
2026-04-01 15:54:00,176.985,177.01,176.96,177.0,197598.612611,176.9841,2644,
2026-04-01 15:55:00,176.99,177.16,176.99,177.085,440239.237548,177.0807,4751,
2026-04-01 15:56:00,177.085,177.2,177.085,177.11,343541.289529,177.1486,4143,
2026-04-01 15:57:00,177.115,177.2251,177.1102,177.195,277891.060952,177.1684,3139,
2026-04-01 15:58:00,177.195,177.27,177.16,177.24,389504.657137,177.2163,3636,
2026-04-01 15:59:00,177.24,177.24,177.09,177.105,253584.146014,177.1564,2913,
2026-04-01 16:00:00,177.11,177.11,177.02,177.0599,208223.847904,177.0715,2628,
2026-04-01 16:01:00,177.055,177.125,176.96,177.085,341139.75154,177.0446,3815,
2026-04-01 16:02:00,177.09,177.15,177.02,177.07,199411.634503,177.0748,2629,
2026-04-01 16:03:00,177.06,177.07,176.93,176.9611,244446.334728,177.0186,2855,
2026-04-01 16:04:00,176.96,177.05,176.9,177.045,194844.043671,176.9691,2234,
2026-04-01 16:05:00,177.05,177.1,177.0,177.0394,256772.552375,177.0515,2868,
2026-04-01 16:06:00,177.04,177.1,176.995,177.045,180398.261162,177.0547,2358,
2026-04-01 16:07:00,177.05,177.078,176.945,176.965,200110.795815,177.026,2736,
2026-04-01 16:08:00,176.97,177.09,176.94,177.06,211069.723325,176.9939,2821,
2026-04-01 16:09:00,177.07,177.3389,177.0699,177.3299,384899.528466,177.2085,4560,
2026-04-01 16:10:00,177.325,177.37,177.24,177.245,315354.759748,177.3103,3312,
2026-04-01 16:11:00,177.2499,177.275,177.0,177.06,303438.027701,177.1224,4135,
2026-04-01 16:12:00,177.0697,177.14,176.94,177.12,301799.198036,177.0284,3933,
2026-04-01 16:13:00,177.12,177.2371,177.095,177.1899,265728.101632,177.1842,3259,
2026-04-01 16:14:00,177.1886,177.2,177.08,177.165,185121.600163,177.146,2703,
2026-04-01 16:15:00,177.17,177.17,177.0827,177.105,182601.915562,177.1191,2427,
2026-04-01 16:16:00,177.1,177.1,176.9,176.9501,308871.925641,176.9848,3526,
2026-04-01 16:17:00,176.95,177.11,176.9001,176.97,469032.691805,176.9993,4464,
2026-04-01 16:18:00,176.97,177.14,176.9665,177.1399,211964.898529,177.0671,2993,
2026-04-01 16:19:00,177.14,177.16,177.09,177.11,192527.012023,177.1201,3022,
2026-04-01 16:20:00,177.11,177.11,177.04,177.055,133048.167799,177.0743,2370,
2026-04-01 16:21:00,177.05,177.175,177.03,177.175,214874.160228,177.1065,2641,
2026-04-01 16:22:00,177.175,177.31,177.16,177.265,360107.654564,177.2529,3463,
2026-04-01 16:23:00,177.2699,177.34,177.23,177.25,320212.930238,177.2876,3286,
2026-04-01 16:24:00,177.25,177.28,177.21,177.23,223504.78002,177.253,2835,
2026-04-01 16:25:00,177.24,177.3,177.17,177.17,254720.087767,177.2238,3227,
2026-04-01 16:26:00,177.175,177.24,177.14,177.1801,147650.348111,177.1848,2419,
2026-04-01 16:27:00,177.19,177.29,177.14,177.285,142861.433531,177.2244,2324,
2026-04-01 16:28:00,177.285,177.37,177.235,177.265,263343.226385,177.3011,3040,
2026-04-01 16:29:00,177.265,177.265,177.08,177.1,247858.720217,177.1385,3686,
2026-04-01 16:30:00,177.1,177.105,177.01,177.0799,197207.809944,177.0643,2645,
2026-04-01 16:31:00,177.075,177.13,176.95,176.96,308475.246166,177.0453,3448,
2026-04-01 16:32:00,176.96,177.05,176.92,176.9201,335004.176601,176.9813,3520,
2026-04-01 16:33:00,176.935,177.028,176.93,176.97,236247.262109,176.98,2543,
2026-04-01 16:34:00,176.975,177.08,176.975,177.045,220964.99922,177.0756,2165,
2026-04-01 16:35:00,177.05,177.06,176.97,176.99,191259.85975,177.0095,2302,
2026-04-01 16:36:00,176.99,177.16,176.975,177.16,191513.395201,177.0645,2235,
2026-04-01 16:37:00,177.16,177.165,177.0301,177.055,171649.639474,177.1067,2033,
2026-04-01 16:38:00,177.055,177.065,177.01,177.045,105055.617166,177.0367,1561,
2026-04-01 16:39:00,177.0499,177.06,176.98,177.0001,137052.476024,177.0266,1811,
2026-04-01 16:40:00,177.0,177.045,176.95,176.965,215828.287093,176.9931,2166,
2026-04-01 16:41:00,176.9625,176.99,176.9,176.915,276480.569642,176.9375,2474,
2026-04-01 16:42:00,176.905,176.905,176.81,176.88,234828.332581,176.8513,2814,
2026-04-01 16:43:00,176.89,176.9599,176.81,176.875,282712.240258,176.8819,2869,
2026-04-01 16:44:00,176.87,176.925,176.8107,176.8507,155092.566058,176.8735,2031,
2026-04-01 16:45:00,176.855,176.89,176.755,176.76,244115.019002,176.8346,3092,
2026-04-01 16:46:00,176.7603,176.82,176.72,176.805,207077.679414,176.7729,2366,
2026-04-01 16:47:00,176.8,176.817,176.7101,176.715,147265.609871,176.7615,1656,
2026-04-01 16:48:00,176.715,176.7199,176.64,176.645,219210.609581,176.6809,2140,
2026-04-01 16:49:00,176.645,176.69,176.625,176.64,211991.011574,176.6607,2051,
2026-04-01 16:50:00,176.64,176.8,176.63,176.785,299271.338177,176.7169,2561,
2026-04-01 16:51:00,176.7897,176.83,176.755,176.775,214730.444887,176.7872,2075,
2026-04-01 16:52:00,176.775,176.8,176.74,176.745,189497.313041,176.7687,1890,
2026-04-01 16:53:00,176.745,176.82,176.68,176.72,197250.244135,176.7391,2129,
2026-04-01 16:54:00,176.715,176.74,176.69,176.715,105089.122236,176.7161,1373,
2026-04-01 16:55:00,176.715,176.72,176.61,176.68,264686.581287,176.6694,2766,
2026-04-01 16:56:00,176.685,176.77,176.67,176.71,130964.127038,176.7264,1742,
2026-04-01 16:57:00,176.71,176.73,176.695,176.7005,123786.085345,176.7115,1455,
2026-04-01 16:58:00,176.7,176.77,176.695,176.765,140710.946423,176.7393,1785,
2026-04-01 16:59:00,176.76,176.775,176.65,176.655,150387.035441,176.7013,1691,
2026-04-01 17:00:00,176.65,176.75,176.625,176.725,189086.209731,176.6806,2193,
2026-04-01 17:01:00,176.7251,176.76,176.645,176.675,164088.481598,176.697,1864,
2026-04-01 17:02:00,176.67,176.8,176.665,176.795,209636.29073,176.7471,2212,
2026-04-01 17:03:00,176.7901,176.88,176.77,176.865,273115.04768,176.819,2556,
2026-04-01 17:04:00,176.87,176.94,176.845,176.8698,215590.681781,176.8869,2126,
2026-04-01 17:05:00,176.86,177.01,176.825,176.995,298318.009316,176.9333,3446,
2026-04-01 17:06:00,176.995,177.09,176.92,176.985,585433.689833,176.9622,4154,
2026-04-01 17:07:00,176.9799,177.04,176.95,177.015,124302.489745,176.9848,1709,
2026-04-01 17:08:00,177.015,177.02,176.885,176.925,174585.304364,176.9357,1981,
2026-04-01 17:09:00,176.92,176.93,176.8,176.835,144783.750516,176.8583,1743,
2026-04-01 17:10:00,176.84,176.9,176.82,176.88,119456.051996,176.8639,1542,
2026-04-01 17:11:00,176.885,176.925,176.84,176.875,148079.164357,176.8827,1945,
2026-04-01 17:12:00,176.88,176.91,176.835,176.89,165532.323577,176.8686,2065,
2026-04-01 17:13:00,176.89,176.91,176.845,176.865,139411.814096,176.8735,1661,
2026-04-01 17:14:00,176.865,176.9,176.86,176.88,78181.528564,176.8777,1337,
2026-04-01 17:15:00,176.885,176.92,176.84,176.84,168588.628561,176.8777,2099,
2026-04-01 17:16:00,176.835,176.895,176.76,176.86,169828.531562,176.8378,2355,
2026-04-01 17:17:00,176.86,176.8701,176.8,176.835,104694.606264,176.8365,1645,
2026-04-01 17:18:00,176.835,176.86,176.7631,176.7631,141817.510369,176.8063,1809,
2026-04-01 17:19:00,176.76,176.87,176.735,176.865,222248.068686,176.8149,2262,
2026-04-01 17:20:00,176.865,176.94,176.86,176.87,176222.235183,176.8968,2083,
2026-04-01 17:21:00,176.88,176.905,176.8135,176.88,142521.469338,176.8565,1680,
2026-04-01 17:22:00,176.87,176.88,176.81,176.845,86780.131583,176.8405,1421,
2026-04-01 17:23:00,176.85,176.9,176.79,176.895,138004.423141,176.8432,1830,
2026-04-01 17:24:00,176.895,176.9,176.81,176.845,91574.909579,176.8649,1383,
2026-04-01 17:25:00,176.845,176.865,176.825,176.865,77691.611387,176.8443,1285,
2026-04-01 17:26:00,176.865,176.87,176.79,176.79,84215.705729,176.8446,1355,
2026-04-01 17:27:00,176.7999,176.805,176.72,176.775,180105.946129,176.759,1965,
2026-04-01 17:28:00,176.775,176.81,176.77,176.775,82791.243369,176.7939,1476,
2026-04-01 17:29:00,176.78,176.7897,176.665,176.665,180185.882967,176.7106,2244,
2026-04-01 17:30:00,176.665,176.7101,176.62,176.66,199931.402735,176.6652,2721,
2026-04-01 17:31:00,176.66,176.72,176.66,176.685,98321.4321,176.6888,1858,
2026-04-01 17:32:00,176.685,176.685,176.555,176.56,218258.716384,176.6096,2699,
2026-04-01 17:33:00,176.565,176.57,176.45,176.48,346368.853311,176.5097,3996,
2026-04-01 17:34:00,176.48,176.54,176.435,176.49,201167.192573,176.4902,2577,
2026-04-01 17:35:00,176.49,176.505,176.445,176.5,177090.918032,176.4801,2009,
2026-04-01 17:36:00,176.505,176.6,176.5014,176.515,224080.226449,176.5541,2532,
2026-04-01 17:37:00,176.51,176.56,176.4601,176.5,270477.107722,176.4962,3195,
2026-04-01 17:38:00,176.5,176.65,176.495,176.595,299618.135497,176.5793,3136,
2026-04-01 17:39:00,176.595,176.64,176.57,176.59,142870.919598,176.6105,1819,
2026-04-01 17:40:00,176.58,176.6,176.52,176.5201,144046.395241,176.5604,1663,
2026-04-01 17:41:00,176.525,176.58,176.4727,176.4727,156578.246397,176.5213,1909,
2026-04-01 17:42:00,176.48,176.5474,176.475,176.485,125929.061003,176.5032,2045,
2026-04-01 17:43:00,176.485,176.4965,176.41,176.435,213244.875064,176.4508,2378,
2026-04-01 17:44:00,176.43,176.47,176.39,176.43,186783.570049,176.4235,2125,
2026-04-01 17:45:00,176.435,176.47,176.36,176.385,180720.442303,176.411,1906,
2026-04-01 17:46:00,176.385,176.41,176.35,176.365,211170.726102,176.3804,2327,
2026-04-01 17:47:00,176.37,176.4899,176.365,176.481,167621.222628,176.4389,1640,
2026-04-01 17:48:00,176.485,176.58,176.48,176.5399,194517.303036,176.5434,1992,
2026-04-01 17:49:00,176.535,176.56,176.375,176.385,195621.180354,176.4473,2252,
2026-04-01 17:50:00,176.385,176.4177,176.23,176.245,299087.666002,176.3072,3046,
2026-04-01 17:51:00,176.24,176.335,176.205,176.23,286874.888376,176.2605,3265,
2026-04-01 17:52:00,176.225,176.245,176.16,176.2201,208953.707853,176.2079,2174,
2026-04-01 17:53:00,176.225,176.26,176.14,176.1401,197488.191546,176.1766,2196,
2026-04-01 17:54:00,176.15,176.23,176.135,176.205,184563.564254,176.1948,1997,
2026-04-01 17:55:00,176.205,176.24,176.16,176.22,173613.275936,176.2069,2619,
2026-04-01 17:56:00,176.225,176.23,176.11,176.1703,203139.934392,176.1666,3599,
2026-04-01 17:57:00,176.17,176.18,175.95,175.9699,443464.539723,176.0204,6804,
2026-04-01 17:58:00,175.965,175.98,175.8501,175.885,315738.370396,175.9216,4358,
2026-04-01 17:59:00,175.88,176.01,175.88,175.95,250256.556045,175.9343,3818,
2026-04-01 18:00:00,175.94,176.03,175.84,175.8499,259353.528978,175.9099,3038,
2026-04-01 18:01:00,175.85,175.935,175.75,175.775,250944.68128,175.8361,3037,
2026-04-01 18:02:00,175.78,175.81,175.55,175.62,382753.177954,175.643,4518,
2026-04-01 18:03:00,175.63,175.642,175.465,175.465,331610.695338,175.562,3949,
2026-04-01 18:04:00,175.465,175.6,175.4,175.5401,458015.697562,175.4968,4552,
2026-04-01 18:05:00,175.54,175.73,175.54,175.635,471820.510026,175.6581,4264,
2026-04-01 18:06:00,175.64,175.7,175.495,175.515,309276.382522,175.5784,3306,
2026-04-01 18:07:00,175.5104,175.555,175.4,175.46,251720.825149,175.4728,2907,
2026-04-01 18:08:00,175.46,175.5297,175.44,175.5,285945.245129,175.4908,3374,
2026-04-01 18:09:00,175.49,175.61,175.43,175.54,261487.973073,175.5271,2906,
2026-04-01 18:10:00,175.545,175.745,175.545,175.64,243853.26187,175.6618,2719,
2026-04-01 18:11:00,175.64,175.7,175.6,175.645,188887.629464,175.6522,2455,
2026-04-01 18:12:00,175.645,175.685,175.57,175.635,178328.351632,175.6214,2327,
2026-04-01 18:13:00,175.63,175.63,175.51,175.52,189407.695593,175.5521,2387,
2026-04-01 18:14:00,175.53,175.63,175.53,175.565,127259.53265,175.5882,1708,
2026-04-01 18:15:00,175.565,175.585,175.455,175.525,285740.660133,175.5243,3048,
2026-04-01 18:16:00,175.525,175.5472,175.285,175.31,334751.274245,175.3742,3676,
2026-04-01 18:17:00,175.32,175.3799,175.17,175.17,315087.226443,175.2636,3407,
2026-04-01 18:18:00,175.18,175.1999,175.12,175.145,314266.253683,175.1623,3377,
2026-04-01 18:19:00,175.15,175.26,175.05,175.25,471628.82448,175.1571,4861,
2026-04-01 18:20:00,175.24,175.34,175.115,175.145,333038.89938,175.2543,3418,
2026-04-01 18:21:00,175.14,175.16,175.0,175.11,608414.041886,175.0622,8751,
2026-04-01 18:22:00,175.12,175.29,175.1135,175.225,279536.375368,175.2152,3268,
2026-04-01 18:23:00,175.225,175.255,175.075,175.145,375612.342292,175.1728,3437,
2026-04-01 18:24:00,175.1499,175.155,174.98,175.03,464802.81082,175.0452,5328,
2026-04-01 18:25:00,175.04,175.07,174.85,175.028,475404.142179,174.9637,6023,
2026-04-01 18:26:00,175.03,175.27,175.005,175.1999,363529.864387,175.1365,3952,
2026-04-01 18:27:00,175.205,175.29,175.09,175.105,328429.981699,175.1966,3188,
2026-04-01 18:28:00,175.105,175.21,175.08,175.115,209884.381079,175.1459,2574,
2026-04-01 18:29:00,175.12,175.17,174.95,175.08,342506.130742,175.0582,3574,
2026-04-01 18:30:00,175.08,175.155,175.0,175.09,219576.880388,175.0797,2764,
2026-04-01 18:31:00,175.0967,175.135,175.015,175.1002,197784.67062,175.0813,2549,
2026-04-01 18:32:00,175.1,175.22,175.03,175.085,256610.229661,175.1246,2914,
2026-04-01 18:33:00,175.08,175.105,174.91,175.0085,369549.464787,175.0063,3572,
2026-04-01 18:34:00,175.01,175.035,174.93,175.015,207552.386474,174.9808,2305,
2026-04-01 18:35:00,175.02,175.03,174.83,174.91,329062.089142,174.9193,3649,
2026-04-01 18:36:00,174.91,174.955,174.82,174.94,220799.285531,174.8909,2685,
2026-04-01 18:37:00,174.935,175.0173,174.805,174.81,328776.390669,174.9158,3615,
2026-04-01 18:38:00,174.815,174.985,174.8101,174.95,238542.778194,174.9119,2779,
2026-04-01 18:39:00,174.95,175.29,174.945,175.215,437150.007515,175.1732,4571,
2026-04-01 18:40:00,175.215,175.525,175.21,175.4657,523688.080898,175.3809,5473,
2026-04-01 18:41:00,175.465,175.65,175.435,175.625,323991.17463,175.5714,3324,
2026-04-01 18:42:00,175.61,175.67,175.58,175.635,244335.876987,175.6231,2464,
2026-04-01 18:43:00,175.64,175.645,175.47,175.57,427056.645129,175.5434,4057,
2026-04-01 18:44:00,175.59,175.59,175.405,175.46,234076.449517,175.4873,2585,
2026-04-01 18:45:00,175.4599,175.52,175.34,175.345,224893.393494,175.4144,2842,
2026-04-01 18:46:00,175.34,175.36,175.21,175.23,288658.38368,175.2743,3352,
2026-04-01 18:47:00,175.23,175.425,175.23,175.4,229954.654515,175.3493,2422,
2026-04-01 18:48:00,175.395,175.5099,175.32,175.34,242363.234397,175.4297,2544,
2026-04-01 18:49:00,175.34,175.395,175.3,175.375,126016.469877,175.3486,1722,
2026-04-01 18:50:00,175.37,175.425,175.33,175.3801,121032.442805,175.3765,1802,
2026-04-01 18:51:00,175.38,175.39,175.29,175.385,142857.144043,175.3379,1976,
2026-04-01 18:52:00,175.385,175.415,175.31,175.375,126245.908823,175.3569,1896,
2026-04-01 18:53:00,175.375,175.5,175.325,175.44,184531.981057,175.4159,2680,
2026-04-01 18:54:00,175.45,175.54,175.44,175.49,154117.859532,175.4897,2041,
2026-04-01 18:55:00,175.49,175.51,175.37,175.425,246169.446982,175.4159,2702,
2026-04-01 18:56:00,175.425,175.62,175.385,175.555,237514.727089,175.5027,2744,
2026-04-01 18:57:00,175.55,175.6,175.4765,175.59,213507.481228,175.5292,2444,
2026-04-01 18:58:00,175.59,175.59,175.49,175.565,152097.15992,175.5453,1855,
2026-04-01 18:59:00,175.57,175.58,175.42,175.465,177617.068517,175.5005,2153,
2026-04-01 19:00:00,175.46,175.61,175.4,175.5751,202297.935915,175.5176,2665,
2026-04-01 19:01:00,175.58,175.705,175.515,175.555,255566.788927,175.62,2893,
2026-04-01 19:02:00,175.56,175.78,175.56,175.605,264403.919578,175.6754,2620,
2026-04-01 19:03:00,175.605,175.67,175.54,175.65,177294.818693,175.5977,2071,
2026-04-01 19:04:00,175.645,175.69,175.59,175.5901,153976.352878,175.6466,1832,
2026-04-01 19:05:00,175.595,175.74,175.5901,175.7251,191915.608858,175.6653,2381,
2026-04-01 19:06:00,175.72,175.8,175.695,175.76,238016.491766,175.7461,2752,
2026-04-01 19:07:00,175.765,175.84,175.75,175.8,287776.54866,175.7947,2539,
2026-04-01 19:08:00,175.79,175.825,175.73,175.7899,241158.249243,175.7865,3173,
2026-04-01 19:09:00,175.78,175.86,175.76,175.78,177526.16326,175.8097,2396,
2026-04-01 19:10:00,175.775,175.78,175.5599,175.595,335520.561945,175.6603,3517,
2026-04-01 19:11:00,175.59,175.65,175.495,175.535,287395.469522,175.5662,3519,
2026-04-01 19:12:00,175.535,175.67,175.51,175.6041,225309.056627,175.6078,2457,
2026-04-01 19:13:00,175.6001,175.845,175.6001,175.845,229776.304316,175.7336,2647,
2026-04-01 19:14:00,175.845,175.88,175.71,175.7499,239990.65286,175.8103,2619,
2026-04-01 19:15:00,175.745,175.775,175.655,175.755,300011.545018,175.7166,3376,
2026-04-01 19:16:00,175.75,175.825,175.745,175.7697,188090.783379,175.7841,2516,
2026-04-01 19:17:00,175.77,175.8073,175.705,175.75,208281.32283,175.76,2269,
2026-04-01 19:18:00,175.745,175.855,175.68,175.81,242320.840777,175.7616,2775,
2026-04-01 19:19:00,175.81,175.995,175.78,175.9401,349739.222417,175.8921,3013,
2026-04-01 19:20:00,175.945,175.985,175.9101,175.95,191318.18841,175.9452,2415,
2026-04-01 19:21:00,175.95,176.01,175.84,175.855,347894.923793,175.9392,3314,
2026-04-01 19:22:00,175.86,176.0,175.86,175.955,172512.431692,175.926,2158,
2026-04-01 19:23:00,175.95,176.03,175.91,176.028,238951.556354,175.9659,2705,
2026-04-01 19:24:00,176.02,176.05,175.96,175.97,238232.727215,176.0101,2532,
2026-04-01 19:25:00,175.975,176.2,175.975,176.1705,302615.776689,176.0921,3438,
2026-04-01 19:26:00,176.175,176.28,176.16,176.225,1940520.518438,176.0883,3552,
2026-04-01 19:27:00,176.225,176.32,176.2,176.2603,307573.232443,176.2438,3292,
2026-04-01 19:28:00,176.26,176.27,176.152,176.17,228777.227187,176.1962,2616,
2026-04-01 19:29:00,176.175,176.185,176.0,176.01,302500.886709,176.077,3348,
2026-04-01 19:30:00,176.005,176.1176,175.9,176.0999,323739.62528,176.0255,3586,
2026-04-01 19:31:00,176.095,176.2,176.07,176.145,307064.918745,176.1381,3856,
2026-04-01 19:32:00,176.145,176.18,175.91,175.91,357998.397586,176.0861,3932,
2026-04-01 19:33:00,175.91,175.98,175.83,175.89,249118.87177,175.8935,2760,
2026-04-01 19:34:00,175.8901,176.08,175.8901,176.075,250461.005633,176.0118,3085,
2026-04-01 19:35:00,176.08,176.09,175.76,175.87,351615.862097,175.8845,4080,
2026-04-01 19:36:00,175.875,176.03,175.86,176.02,292769.043608,175.9369,3499,
2026-04-01 19:37:00,176.015,176.1099,175.98,176.08,234038.550314,176.0398,2968,
2026-04-01 19:38:00,176.075,176.09,175.94,175.97,205306.388192,176.0199,2524,
2026-04-01 19:39:00,175.965,176.025,175.945,176.015,165680.622609,175.992,2262,
2026-04-01 19:40:00,176.02,176.185,175.98,176.175,338424.963903,176.1152,3429,
2026-04-01 19:41:00,176.17,176.26,176.13,176.165,320221.668342,176.1917,3803,
2026-04-01 19:42:00,176.165,176.255,176.13,176.18,209476.168289,176.1951,2423,
2026-04-01 19:43:00,176.18,176.25,176.15,176.239,206351.228266,176.2078,2176,
2026-04-01 19:44:00,176.235,176.24,176.06,176.1001,268316.096062,176.1602,3031,
2026-04-01 19:45:00,176.105,176.1897,176.04,176.075,300253.824373,176.1295,3513,
2026-04-01 19:46:00,176.0601,176.1596,176.015,176.07,202868.636031,176.0932,2349,
2026-04-01 19:47:00,176.07,176.16,176.065,176.1301,227134.060424,176.1209,2598,
2026-04-01 19:48:00,176.135,176.24,176.1,176.205,401238.075586,176.188,3893,
2026-04-01 19:49:00,176.2,176.2199,176.11,176.13,368350.817415,176.1599,4296,
2026-04-01 19:50:00,176.135,176.2,175.715,175.725,641604.749125,175.8679,9043,
2026-04-01 19:51:00,175.72,175.83,175.68,175.765,481697.159609,175.7459,5025,
2026-04-01 19:52:00,175.77,175.87,175.66,175.72,349696.537536,175.7711,4268,
2026-04-01 19:53:00,175.73,175.775,175.61,175.7101,321383.537473,175.7049,3726,
2026-04-01 19:54:00,175.71,175.84,175.68,175.805,457873.354229,175.7753,5932,
2026-04-01 19:55:00,175.8,175.8,175.5001,175.59,522582.67336,175.5984,6480,
2026-04-01 19:56:00,175.595,175.75,175.55,175.605,526681.262995,175.6282,6583,
2026-04-01 19:57:00,175.605,175.7,175.54,175.68,466282.085253,175.5934,5505,
2026-04-01 19:58:00,175.675,175.8,175.665,175.74,752188.025459,175.7389,7133,
2026-04-01 19:59:00,175.745,175.88,175.53,175.8,1738748.178641,175.751,19766,
2026-04-01 20:00:00,175.8131,175.8131,175.67,175.75,783602.587691,175.7496,427,
2026-04-01 20:01:00,175.78,175.78,175.5791,175.63,1537851.203339,175.7483,191,
2026-04-01 20:02:00,175.63,175.75,175.6,175.66,16501.10584,175.6774,220,
2026-04-01 20:03:00,175.75,175.75,175.61,175.67,21310.901317,175.6821,140,
2026-04-01 20:04:00,175.65,175.75,175.65,175.67,27137.663816,175.737,184,
2026-04-01 20:05:00,175.64,175.68,175.6,175.6,28884.601747,175.7252,122,
2026-04-01 20:06:00,175.75,175.75,175.61,175.65,243578.175026,175.7444,162,
2026-04-01 20:07:00,175.69,175.77,175.65,175.77,14176.718753,175.5298,157,
2026-04-01 20:08:00,175.76,176.1451,175.72,176.1451,7272.55103,175.9062,92,
2026-04-01 20:09:00,175.7496,175.75,175.7,175.75,9208.556146,175.7477,102,
2026-04-01 20:10:00,175.7401,175.8,175.74,175.7601,27886.093584,175.7578,138,
2026-04-01 20:11:00,175.8,175.8209,175.7,175.7,17469.407403,175.7729,195,
2026-04-01 20:12:00,175.7435,175.7986,175.71,175.7986,7242.635101,175.767,87,
2026-04-01 20:13:00,175.8,175.8,175.75,175.75,10492.874951,175.7923,71,
2026-04-01 20:14:00,175.76,175.7794,175.76,175.76,320944.970467,175.7506,32,
2026-04-01 20:15:00,175.7626,175.78,175.72,175.74,7975.53337,175.7678,135,
2026-04-01 20:16:00,175.72,175.75,175.7016,175.7016,2925.452637,175.7606,78,
2026-04-01 20:17:00,175.74,175.74,175.72,175.73,1226.851076,175.852,56,
2026-04-01 20:18:00,175.7361,175.78,175.7361,175.78,3115.916257,175.816,57,
2026-04-01 20:19:00,175.76,175.78,175.75,175.77,4061.067842,175.7756,60,
2026-04-01 20:20:00,175.77,175.77,175.7,175.7,7341.12995,175.7324,121,
2026-04-01 20:21:00,175.7,175.73,175.69,175.73,4796.47327,175.7245,127,
2026-04-01 20:22:00,175.7274,175.73,175.71,175.71,1335.833996,175.8322,44,
2026-04-01 20:23:00,175.7198,175.77,175.71,175.74,8604.136313,175.7411,111,
2026-04-01 20:24:00,175.71,175.75,175.71,175.75,3361.814398,175.7772,69,
2026-04-01 20:25:00,175.72,175.7287,175.6491,175.6491,21703.031835,175.7142,184,
2026-04-01 20:26:00,175.67,175.7,175.67,175.7,2989.538752,175.7205,72,
2026-04-01 20:27:00,175.65,175.66,175.63,175.66,5775.38099,175.6538,92,
2026-04-01 20:28:00,175.61,175.61,175.56,175.58,4964.554521,175.6121,93,
2026-04-01 20:29:00,175.58,175.59,175.56,175.59,3895.508525,175.6039,63,
2026-04-01 20:30:00,175.6,175.6,175.6,175.6,1298.078245,175.6316,65,
2026-04-01 20:31:00,175.67,175.83,175.62,175.64,18809.196897,175.685,155,
2026-04-01 20:32:00,175.6845,175.8,175.68,175.7,4420.011316,175.7196,90,
2026-04-01 20:33:00,175.73,175.7435,175.7,175.72,7999.042299,175.715,83,
2026-04-01 20:34:00,175.72,175.76,175.72,175.7448,9429.802866,175.7635,94,
2026-04-01 20:35:00,175.72,175.75,175.72,175.73,3202.824769,175.779,52,
2026-04-01 20:36:00,175.73,175.75,175.73,175.73,2438.584543,175.7773,54,
2026-04-01 20:37:00,175.75,175.75,175.71,175.74,4201.445157,175.7457,61,
2026-04-01 20:38:00,175.74,175.75,175.7301,175.75,8307.661486,175.7603,109,
2026-04-01 20:39:00,175.77,175.8099,175.77,175.8099,3591.160585,175.7867,122,
2026-04-01 20:40:00,175.8,175.83,175.8,175.8139,10896.459372,175.8227,143,
2026-04-01 20:41:00,175.83,175.84,175.8101,175.84,4575.440209,175.8498,113,
2026-04-01 20:42:00,175.8,175.83,175.8,175.83,5769.556528,175.8281,125,
2026-04-01 20:43:00,175.84,175.84,175.8,175.83,3560.333479,175.8421,77,
2026-04-01 20:44:00,175.82,175.89,175.8,175.88,9324.957219,175.863,170,
2026-04-01 20:45:00,175.82,175.8748,175.82,175.84,1957.271868,175.8667,87,
2026-04-01 20:46:00,175.84,175.85,175.81,175.81,3816.354005,175.8603,94,
2026-04-01 20:47:00,175.85,175.85,175.83,175.83,1547.506713,175.8869,62,
2026-04-01 20:48:00,175.84,175.84,175.62,175.79,8663.505492,175.7879,204,
2026-04-01 20:49:00,175.82,175.83,175.75,175.82,7133.390981,175.8044,115,
2026-04-01 20:50:00,175.79,175.82,175.78,175.82,1430.863837,175.9053,48,
2026-04-01 20:51:00,175.82,175.83,175.8,175.8017,1682.686703,175.889,75,
2026-04-01 20:52:00,175.81,175.81,175.8008,175.8008,1068.097427,175.8297,58,
2026-04-01 20:53:00,175.82,175.83,175.82,175.83,2380.280825,175.8456,82,
2026-04-01 20:54:00,175.8,175.8348,175.8,175.82,1718.81546,175.9037,62,
2026-04-01 20:55:00,175.8052,175.87,175.8,175.87,10701.194965,175.8309,129,
2026-04-01 20:56:00,175.85,175.8597,175.85,175.85,3248.11349,175.8547,73,
2026-04-01 20:57:00,175.85,175.85,175.8,175.83,1727.56594,175.8827,83,
2026-04-01 20:58:00,175.83,175.8335,175.79,175.79,3370.101784,175.8161,99,
2026-04-01 20:59:00,175.78,175.78,175.6756,175.6756,3513.48296,175.768,89,
2026-04-01 21:00:00,175.7447,175.7447,175.7447,175.7447,646.799873,175.9728,27,
2026-04-01 21:01:00,175.76,175.86,175.76,175.86,9103.960691,175.8374,117,
2026-04-01 21:02:00,175.86,175.89,175.86,175.86,6952.754692,175.8856,67,
2026-04-01 21:03:00,175.8639,175.88,175.86,175.8626,6841.116223,175.8696,78,
2026-04-01 21:04:00,175.8765,175.8861,175.86,175.8601,2807.184013,175.8776,73,
2026-04-01 21:05:00,175.87,175.87,175.86,175.8613,2182.003556,175.8613,41,
2026-04-01 21:06:00,175.88,175.89,175.87,175.8813,8541.366862,175.8966,64,
2026-04-01 21:07:00,175.89,175.89,175.88,175.88,4668.854858,175.9139,58,
2026-04-01 21:08:00,175.89,175.95,175.89,175.95,17900.234279,175.9257,143,
2026-04-01 21:09:00,175.95,175.98,175.95,175.95,3749.451415,175.9852,103,
2026-04-01 21:10:00,175.96,175.9674,175.9526,175.96,1741.809592,176.0436,64,
2026-04-01 21:11:00,175.97,175.97,175.95,175.96,5112.609649,175.9842,76,
2026-04-01 21:12:00,175.97,175.98,175.9001,175.92,12814.216218,175.9674,120,
2026-04-01 21:13:00,175.9,175.9,175.8939,175.9,3426.689104,175.9337,56,
2026-04-01 21:14:00,175.89,175.9,175.88,175.88,5218.549426,176.4479,100,
2026-04-01 21:15:00,175.8896,175.8896,175.81,175.81,3056.28649,175.8594,115,
2026-04-01 21:16:00,175.82,175.82,175.8,175.8,936.728864,175.9503,54,
2026-04-01 21:17:00,175.82,175.85,175.76,175.76,2409.39039,175.8304,56,
2026-04-01 21:18:00,175.77,175.88,175.76,175.79,23038.598749,175.8211,111,
2026-04-01 21:19:00,175.81,175.87,175.7817,175.7817,903.676283,175.9541,44,
2026-04-01 21:20:00,175.85,175.85,175.81,175.85,1454.976946,175.9529,68,
2026-04-01 21:21:00,175.82,175.83,175.77,175.82,9084.313152,175.7998,93,
2026-04-01 21:22:00,175.8,175.8,175.78,175.8,3585.906218,175.8365,40,
2026-04-01 21:23:00,175.7804,175.8,175.7804,175.8,2019.052829,175.7995,52,
2026-04-01 21:24:00,175.79,175.7996,175.78,175.7996,3607.414794,175.8171,81,
2026-04-01 21:25:00,175.78,175.82,175.78,175.78,1769.755702,175.8708,83,
2026-04-01 21:26:00,175.82,175.82,175.8,175.82,3334.544008,175.8372,63,
2026-04-01 21:27:00,175.8019,175.84,175.8019,175.84,2101.180899,175.8493,66,
2026-04-01 21:28:00,175.8176,175.88,175.8153,175.8153,3958.473172,175.8844,74,
2026-04-01 21:29:00,175.82,175.8635,175.82,175.8635,1139.00294,175.8444,46,
2026-04-01 21:30:00,175.86,175.8635,175.8265,175.8635,1221.298474,175.8845,51,
2026-04-01 21:31:00,175.8239,175.8497,175.8239,175.8497,924.794309,175.9936,50,
2026-04-01 21:32:00,175.84,175.85,175.82,175.82,1557.476793,175.8941,67,
2026-04-01 21:33:00,175.8203,175.8203,175.8203,175.8203,990.509637,175.9148,48,
2026-04-01 21:34:00,175.84,175.84,175.84,175.84,737.271531,175.8985,42,
2026-04-01 21:35:00,175.84,175.84,175.83,175.83,1797.999052,175.9305,41,
2026-04-01 21:36:00,175.8313,175.84,175.8313,175.8399,1653.857303,175.9242,48,
2026-04-01 21:37:00,175.8301,175.84,175.83,175.84,2494.759211,175.8902,67,
2026-04-01 21:38:00,175.8399,175.8399,175.8213,175.8213,3191.702938,175.8678,59,
2026-04-01 21:39:00,175.83,175.83,175.82,175.82,6012.563593,175.8447,56,
2026-04-01 21:40:00,175.8287,175.8387,175.8287,175.8387,1434.086029,175.8415,51,
2026-04-01 21:41:00,175.84,175.87,175.84,175.8439,6273.511563,175.8677,76,
2026-04-01 21:42:00,175.86,175.88,175.86,175.88,6092.751024,175.8924,48,
2026-04-01 21:43:00,175.88,175.92,175.88,175.92,4908.096008,175.9026,74,
2026-04-01 21:44:00,175.93,175.93,175.9,175.92,2225.25787,175.939,51,
2026-04-01 21:45:00,175.9261,175.9261,175.9,175.9,766.418003,176.0126,45,
2026-04-01 21:46:00,175.9,175.9299,175.9,175.91,1541.903863,176.0186,56,
2026-04-01 21:47:00,175.9013,175.9087,175.9013,175.9087,878.044706,175.9632,46,
2026-04-01 21:48:00,175.9087,175.9087,175.9013,175.9026,1682.938442,176.0034,48,
2026-04-01 21:49:00,175.9026,175.91,175.9026,175.9026,1138.623499,176.0027,56,
2026-04-01 21:50:00,175.9026,175.91,175.9,175.91,3265.233377,175.9194,55,
2026-04-01 21:51:00,175.91,175.919,175.9,175.91,1436.653923,175.9874,54,
2026-04-01 21:52:00,175.91,175.9161,175.89,175.9161,2222.336326,175.9293,101,
2026-04-01 21:53:00,175.91,175.91,175.9013,175.9013,4236.465782,175.9288,46,
2026-04-01 21:54:00,175.9087,175.9087,175.9,175.9,1523.315755,175.9391,56,
2026-04-01 21:55:00,175.89,175.9,175.87,175.87,12247.000761,175.8797,72,
2026-04-01 21:56:00,175.85,175.85,175.85,175.85,414.977159,176.2674,51,
2026-04-01 21:57:00,175.84,175.85,175.84,175.85,2056.851843,175.9185,49,
2026-04-01 21:58:00,175.8487,175.85,175.84,175.84,977.327349,175.9056,48,
2026-04-01 21:59:00,175.84,175.85,175.8399,175.85,4901.391478,175.8626,67,
2026-04-01 22:00:00,175.85,175.9,175.82,175.83,18343.903449,175.8762,88,
2026-04-01 22:01:00,175.83,175.85,175.83,175.8378,1603.938998,175.942,55,
2026-04-01 22:02:00,175.88,175.89,175.82,175.87,8134.091307,175.865,57,
2026-04-01 22:03:00,175.87,175.89,175.87,175.88,4400.28947,175.8905,65,
2026-04-01 22:04:00,175.9,175.97,175.87,175.8791,11880.887811,175.9414,151,
2026-04-01 22:05:00,175.93,175.93,175.8778,175.8778,2302.81604,175.9649,49,
2026-04-01 22:06:00,175.9,175.91,175.89,175.91,4124.085136,175.8956,69,
2026-04-01 22:07:00,175.89,175.9,175.8426,175.8431,3275.388188,175.8855,87,
2026-04-01 22:08:00,175.86,175.86,175.84,175.86,1995.275202,175.8774,49,
2026-04-01 22:09:00,175.87,175.87,175.85,175.85,399.666103,176.1578,30,
2026-04-01 22:10:00,175.86,175.88,175.8418,175.8418,4595.653873,175.8856,49,
2026-04-01 22:11:00,175.84,175.84,175.82,175.8205,5503.726236,175.8602,85,
2026-04-01 22:12:00,175.8607,175.8607,175.8,175.8,9460.083651,175.8106,122,
2026-04-01 22:13:00,175.78,175.7961,175.77,175.78,2086.575867,175.8154,152,
2026-04-01 22:14:00,175.79,176.65,175.76,176.65,124831.084339,176.1949,2174,
2026-04-01 22:15:00,176.65,176.65,176.06,176.47,11766.5416,176.5052,154,
2026-04-01 22:16:00,176.31,176.4,176.1545,176.2048,3443.530493,176.2777,81,
2026-04-01 22:17:00,176.21,176.5,176.18,176.4575,14394.62127,176.3547,177,
2026-04-01 22:18:00,176.45,176.45,176.3,176.32,6411.888165,176.3653,92,
2026-04-01 22:19:00,176.3193,176.4,176.23,176.23,10982.774366,176.3107,113,
2026-04-01 22:20:00,176.2,176.24,176.1025,176.1025,7806.819277,176.2183,92,
2026-04-01 22:21:00,176.1708,176.32,176.1708,176.32,5747.786096,176.2969,60,
2026-04-01 22:22:00,176.22,176.4,176.22,176.4,3805.09887,176.3218,68,
2026-04-01 22:23:00,176.33,176.39,176.32,176.32,2308.602728,176.4049,50,
2026-04-01 22:24:00,176.32,176.36,176.26,176.2652,1612.174515,176.318,55,
2026-04-01 22:25:00,176.3,176.3,176.26,176.2999,1502.706009,176.3595,60,
2026-04-01 22:26:00,176.2539,176.26,176.25,176.25,2443.209985,176.2702,66,
2026-04-01 22:27:00,176.25,176.4537,176.25,176.4537,17386.438242,176.391,202,
2026-04-01 22:28:00,176.4,176.46,176.39,176.42,2034.301211,176.4471,82,
2026-04-01 22:29:00,176.42,176.45,176.4,176.45,2749.928243,176.4837,68,
2026-04-01 22:30:00,176.42,176.44,176.4,176.4006,2046.02891,176.4134,47,
2026-04-01 22:31:00,176.45,176.45,176.3014,176.3014,1458.109607,176.4082,56,
2026-04-01 22:32:00,176.2989,176.37,176.2917,176.37,1878.267158,176.3416,60,
2026-04-01 22:33:00,176.31,176.31,176.29,176.29,1122.208213,176.3273,48,
2026-04-01 22:34:00,176.33,176.36,176.3,176.36,2454.686564,176.3802,62,
2026-04-01 22:35:00,176.36,176.36,176.36,176.36,726.85983,176.5773,48,
2026-04-01 22:36:00,176.3799,176.38,176.3799,176.38,837.150432,176.3984,44,
2026-04-01 22:37:00,176.34,176.35,176.33,176.33,3669.968322,176.3887,52,
2026-04-01 22:38:00,176.39,176.39,176.3,176.33,2178.214968,176.3383,39,
2026-04-01 22:39:00,176.3005,176.33,176.3,176.3,3051.061507,176.3094,54,
2026-04-01 22:40:00,176.28,176.3,176.28,176.28,1816.142488,176.2925,51,
2026-04-01 22:41:00,176.27,176.3,176.2565,176.2712,2370.009204,176.2843,50,
2026-04-01 22:42:00,176.3,176.45,176.3,176.41,8303.370899,176.4003,150,
2026-04-01 22:43:00,176.41,176.42,176.41,176.41,3727.671999,176.4391,55,
2026-04-01 22:44:00,176.4,176.42,176.4,176.4098,842.051016,176.4189,49,
2026-04-01 22:45:00,176.42,176.42,176.4,176.4,2872.632658,176.4531,62,
2026-04-01 22:46:00,176.42,176.45,176.41,176.42,3596.18107,176.4298,57,
2026-04-01 22:47:00,176.42,176.45,176.4,176.45,14722.815068,176.4563,44,
2026-04-01 22:48:00,176.4226,176.44,176.4226,176.44,1910.961578,176.5207,53,
2026-04-01 22:49:00,176.44,176.44,176.42,176.43,5423.238525,176.4396,63,
2026-04-01 22:50:00,176.42,176.43,176.4,176.4,2913.250938,176.4131,69,
2026-04-01 22:51:00,176.34,176.34,176.2,176.2,10532.546284,176.2485,148,
2026-04-01 22:52:00,176.15,176.3115,176.1,176.16,8045.329522,176.1618,114,
2026-04-01 22:53:00,176.16,176.26,176.16,176.22,1381.797831,176.3209,40,
2026-04-01 22:54:00,176.15,176.2,176.12,176.12,2128.550543,176.2163,43,
2026-04-01 22:55:00,176.19,176.19,176.17,176.17,602.099493,176.1961,37,
2026-04-01 22:56:00,176.11,176.1625,176.1,176.1,3050.010571,176.1244,88,
2026-04-01 22:57:00,176.1,176.1,176.1,176.1,652.678332,176.2856,43,
2026-04-01 22:58:00,176.11,176.18,176.11,176.18,3756.15763,176.1447,70,
2026-04-01 22:59:00,176.21,176.25,176.21,176.2218,1856.523778,176.2622,48,
2026-04-01 23:00:00,176.16,176.2122,176.16,176.16,2879.570579,176.2001,37,
2026-04-01 23:01:00,176.1999,176.2,176.16,176.2,1677.697715,176.2626,37,
2026-04-01 23:02:00,176.16,176.16,176.16,176.16,775.273827,176.2158,100,
2026-04-01 23:03:00,176.15,176.15,176.15,176.15,622.090596,176.179,24,
2026-04-01 23:04:00,176.13,176.13,176.13,176.13,1541.5796,176.1975,59,
2026-04-01 23:05:00,176.16,176.2,176.16,176.2,6700.832609,176.1984,41,
2026-04-01 23:06:00,176.19,176.2,176.15,176.16,1534.274301,176.2074,68,
2026-04-01 23:07:00,176.2,176.2,176.16,176.2,3027.102658,176.1973,60,
2026-04-01 23:08:00,176.2,176.26,176.2,176.26,2714.908012,176.3066,61,
2026-04-01 23:09:00,176.26,176.26,176.22,176.24,1514.415037,176.2893,59,
2026-04-01 23:10:00,176.24,176.26,176.21,176.24,3835.087724,176.2514,45,
2026-04-01 23:11:00,176.24,176.24,176.22,176.2252,1580.924948,176.3386,57,
2026-04-01 23:12:00,176.257,176.257,176.23,176.23,4034.391469,176.2631,43,
2026-04-01 23:13:00,176.25,176.26,176.2408,176.26,3491.658453,176.2844,42,
2026-04-01 23:14:00,176.24,176.35,176.24,176.3119,12243.625958,176.275,94,
2026-04-01 23:15:00,176.3492,176.4318,176.3492,176.4318,2789.787913,176.4379,51,
2026-04-01 23:16:00,176.4253,176.45,176.4,176.4331,4999.272985,176.438,66,
2026-04-01 23:17:00,176.36,176.4,176.2982,176.2982,1817.933269,176.433,56,
2026-04-01 23:18:00,176.2627,176.2627,176.2627,176.2627,1134.982742,176.438,34,
2026-04-01 23:19:00,176.31,176.31,176.26,176.29,1083.023861,176.295,38,
2026-04-01 23:20:00,176.2652,176.29,176.26,176.27,1109.41245,176.3342,58,
2026-04-01 23:21:00,176.27,176.27,176.25,176.2587,2546.042456,176.2679,40,
2026-04-01 23:22:00,176.26,176.28,176.26,176.2604,3045.73805,176.3064,69,
2026-04-01 23:24:00,176.29,176.3,176.26,176.27,1743.029522,176.2884,55,
2026-04-01 23:25:00,176.3299,176.3299,176.3284,176.3284,1874.785986,176.3935,50,
2026-04-01 23:26:00,176.33,176.33,176.33,176.33,820.462214,176.4257,54,
2026-04-01 23:27:00,176.3499,176.35,176.31,176.32,4468.183225,176.3453,54,
2026-04-01 23:28:00,176.33,176.3301,176.29,176.33,3028.87893,176.369,93,
2026-04-01 23:29:00,176.33,176.38,176.32,176.38,4714.593983,176.3833,72,
2026-04-01 23:30:00,176.38,176.38,176.35,176.35,2578.041883,176.3669,67,
2026-04-01 23:31:00,176.39,176.39,176.39,176.39,3975.376468,176.3971,77,
2026-04-01 23:32:00,176.35,176.35,176.3,176.3,7734.541016,176.3268,69,
2026-04-01 23:33:00,176.29,176.29,176.26,176.26,1122.731888,176.3884,53,
2026-04-01 23:34:00,176.25,176.25,176.2,176.2,3794.330338,176.2495,110,
2026-04-01 23:35:00,176.2,176.2,176.15,176.15,4562.24982,176.1997,65,
2026-04-01 23:36:00,176.14,176.17,176.14,176.1583,1723.473602,176.2019,62,
2026-04-01 23:37:00,176.17,176.17,176.14,176.14,2093.596692,176.2126,53,
2026-04-01 23:38:00,176.16,176.18,176.12,176.12,2196.036859,176.156,55,
2026-04-01 23:39:00,176.19,176.19,176.15,176.15,1187.955656,176.3032,70,
2026-04-01 23:40:00,176.18,176.18,176.18,176.18,720.15056,176.2048,65,
2026-04-01 23:41:00,176.19,176.19,176.19,176.19,1014.220958,176.2309,67,
2026-04-01 23:42:00,176.19,176.2,176.1899,176.2,4305.383689,176.2107,54,
2026-04-01 23:43:00,176.2,176.2,176.1697,176.1697,4355.312527,176.207,77,
2026-04-01 23:44:00,176.17,176.19,176.16,176.16,3114.20646,176.1778,77,
2026-04-01 23:45:00,176.18,176.19,176.17,176.17,2049.096311,176.1886,53,
2026-04-01 23:46:00,176.17,176.19,176.16,176.16,3116.922334,176.2262,45,
2026-04-01 23:47:00,176.16,176.26,176.16,176.26,5079.295755,176.2171,75,
2026-04-01 23:48:00,176.24,176.25,176.2,176.25,2644.954764,176.3028,59,
2026-04-01 23:49:00,176.21,176.25,176.21,176.25,967.56295,176.3328,40,
2026-04-01 23:50:00,176.2,176.21,176.1,176.1,4076.737294,176.2026,103,
2026-04-01 23:51:00,176.1,176.1,176.0518,176.0518,5394.259902,176.1019,77,
2026-04-01 23:52:00,176.1,176.14,176.1,176.11,1245.007016,176.1155,50,
2026-04-01 23:53:00,176.1,176.1222,176.06,176.07,2832.236132,176.112,78,
2026-04-01 23:54:00,176.1,176.14,176.0588,176.12,2783.28485,176.1242,55,
2026-04-01 23:55:00,176.05,176.14,176.05,176.14,4139.317386,176.1271,47,
2026-04-01 23:56:00,176.14,176.1494,176.0505,176.1065,5542.671125,176.1309,69,
2026-04-01 23:57:00,176.1,176.14,176.1,176.1383,2064.01715,176.1247,49,
2026-04-01 23:58:00,176.1,176.1,176.04,176.0501,5612.555302,176.088,96,
2026-04-01 23:59:00,176.08,176.08,176.04,176.07,14999.717551,176.0649,101,
2026-04-02 08:00:00,172.14,172.75,171.78,172.11,25296.935152,172.1391,2185,
2026-04-02 08:01:00,172.24,172.24,171.0,172.03,87906.634159,171.6846,2250,
2026-04-02 08:02:00,172.01,172.21,170.9,171.8,779666.78548,171.5363,19868,
2026-04-02 08:03:00,171.815,172.01,171.815,171.96,9485.417417,171.9384,255,
2026-04-02 08:04:00,172.0,172.0,171.8452,171.95,7817.54795,171.9249,217,
2026-04-02 08:05:00,171.93,171.93,171.74,171.74,11845.116618,171.8137,268,
2026-04-02 08:06:00,171.76,171.9,171.71,171.87,13279.310826,171.8013,228,
2026-04-02 08:07:00,171.85,171.89,171.72,171.78,6086.89653,171.7964,114,
2026-04-02 08:08:00,171.71,171.71,171.6,171.64,6925.41332,171.6888,167,
2026-04-02 08:09:00,171.68,171.78,171.6347,171.72,4463.517961,171.7148,119,
2026-04-02 08:10:00,171.72,171.8,171.6,171.79,9968.976166,171.7302,202,
2026-04-02 08:11:00,171.7104,171.79,171.7,171.7,1977.125885,171.742,93,
2026-04-02 08:12:00,171.7939,171.85,171.69,171.85,9414.195086,171.7948,149,
2026-04-02 08:13:00,171.92,172.0,171.92,172.0,4020.10446,171.976,102,
2026-04-02 08:14:00,171.87,171.87,171.85,171.85,914.272782,171.9205,52,
2026-04-02 08:15:00,171.79,171.81,171.79,171.81,1826.993098,171.9024,99,
2026-04-02 08:16:00,171.81,171.9,171.75,171.9,2847.705956,171.918,83,
2026-04-02 08:17:00,171.88,171.89,171.82,171.82,2066.007343,171.8651,74,
2026-04-02 08:18:00,171.81,171.81,171.79,171.79,1266.721885,171.9002,71,
2026-04-02 08:19:00,171.8,171.8282,171.76,171.76,2544.712166,171.8192,137,
2026-04-02 08:20:00,171.76,171.8,171.75,171.78,3222.740225,171.8149,131,
2026-04-02 08:21:00,171.71,171.71,171.6,171.6,5861.319513,171.6703,177,
2026-04-02 08:22:00,171.67,171.67,171.6,171.6,2770.658114,171.6794,101,
2026-04-02 08:23:00,171.69,171.71,171.63,171.69,2710.324075,171.695,110,
2026-04-02 08:24:00,171.62,171.62,171.6,171.6,3691.029991,171.6218,131,
2026-04-02 08:25:00,171.64,171.64,171.64,171.64,1142.65997,171.7638,104,
2026-04-02 08:27:00,171.69,171.69,171.65,171.65,1248.159962,171.6946,73,
2026-04-02 08:28:00,171.64,171.71,171.64,171.71,2280.662571,171.7205,133,
2026-04-02 08:29:00,171.74,171.74,171.68,171.71,5953.364783,171.7134,143,
2026-04-02 08:30:00,171.8,171.95,171.745,171.92,9026.174901,171.8515,171,
2026-04-02 08:31:00,171.9034,172.0,171.9,171.94,7524.719595,171.9716,137,
2026-04-02 08:32:00,171.94,171.94,171.92,171.92,1757.203801,171.9542,88,
2026-04-02 08:33:00,171.92,171.92,171.9,171.9,2476.802158,171.9711,95,
2026-04-02 08:34:00,171.91,171.92,171.82,171.87,2140.579912,171.9469,81,
2026-04-02 08:35:00,171.956,171.956,171.956,171.956,1315.460734,171.9429,73,
2026-04-02 08:36:00,171.89,171.9,171.82,171.82,2364.794616,171.913,91,
2026-04-02 08:37:00,171.85,171.85,171.85,171.85,1019.054308,171.8252,48,
2026-04-02 08:38:00,171.85,171.85,171.85,171.85,916.546594,171.9522,59,
2026-04-02 08:39:00,171.85,171.92,171.845,171.92,3714.124378,171.8951,79,
2026-04-02 08:40:00,171.91,171.91,171.89,171.9,2427.601482,171.9381,52,
2026-04-02 08:41:00,171.89,171.9,171.84,171.84,4716.005816,171.8913,90,
2026-04-02 08:42:00,171.9,172.0,171.9,171.99,5663.010392,171.9492,82,
2026-04-02 08:43:00,171.99,172.04,171.92,172.0,18490.853303,172.0109,220,
2026-04-02 08:44:00,171.975,171.98,171.84,171.85,4850.781355,171.9348,117,
2026-04-02 08:45:00,171.89,171.9,171.89,171.89,1841.948259,171.9783,46,
2026-04-02 08:46:00,171.89,171.9,171.86,171.86,4772.229481,171.8862,53,
2026-04-02 08:47:00,171.83,171.83,171.7669,171.7669,4329.890074,171.844,97,
2026-04-02 08:48:00,171.8,171.83,171.75,171.8,9805.719972,171.8239,80,
2026-04-02 08:49:00,171.77,171.8,171.77,171.8,1325.374458,171.8429,39,
2026-04-02 08:50:00,171.75,171.8456,171.7,171.8456,4209.876634,171.7878,95,
2026-04-02 08:51:00,171.8,171.8,171.75,171.75,6176.0,171.7903,72,
2026-04-02 08:52:00,171.7,171.7448,171.7,171.7448,2024.778545,171.7722,79,
2026-04-02 08:53:00,171.7,171.76,171.7,171.75,5477.106125,171.7369,129,
2026-04-02 08:54:00,171.75,171.75,171.75,171.75,1930.365914,171.782,58,
2026-04-02 08:55:00,171.75,171.75,171.75,171.75,2069.690647,171.8083,71,
2026-04-02 08:56:00,171.7,171.7,171.625,171.66,4167.869565,171.705,133,
2026-04-02 08:57:00,171.63,171.63,171.6,171.61,1598.605152,171.6925,48,
2026-04-02 08:58:00,171.61,171.67,171.61,171.64,3795.623077,171.657,83,
2026-04-02 08:59:00,171.67,171.67,171.655,171.655,1715.124042,171.6638,70,
2026-04-02 09:00:00,171.69,171.7,171.69,171.7,2684.202214,171.7168,54,
2026-04-02 09:01:00,171.78,171.84,171.78,171.8,3592.402139,171.8134,87,
2026-04-02 09:02:00,171.79,171.79,171.74,171.74,843.450195,171.8466,51,
2026-04-02 09:03:00,171.69,171.71,171.67,171.67,1755.837341,171.7743,59,
2026-04-02 09:04:00,171.65,171.65,171.64,171.64,2156.474949,171.686,80,
2026-04-02 09:05:00,171.67,171.6833,171.61,171.61,2400.627275,171.6721,57,
2026-04-02 09:06:00,171.6762,171.6762,171.61,171.65,3271.160103,171.6382,51,
2026-04-02 09:07:00,171.67,171.67,171.61,171.62,1481.38375,171.6898,33,
2026-04-02 09:08:00,171.63,171.68,171.63,171.63,974.0,171.6421,24,
2026-04-02 09:09:00,171.63,171.63,171.6,171.6,2376.644009,171.655,92,
2026-04-02 09:10:00,171.58,171.58,171.58,171.58,1271.241005,171.6207,75,
2026-04-02 09:11:00,171.57,171.58,171.57,171.58,1403.450625,171.6328,62,
2026-04-02 09:12:00,171.55,171.55,171.55,171.55,1914.260738,171.5748,73,
2026-04-02 09:13:00,171.57,171.57,171.55,171.55,1692.232511,171.588,50,
2026-04-02 09:14:00,171.6,171.7,171.6,171.7,3063.0,171.6308,51,
2026-04-02 09:15:00,171.6,171.6454,171.6,171.6,1800.091748,171.6195,45,
2026-04-02 09:16:00,171.6,171.6,171.565,171.565,4074.380201,171.5988,67,
2026-04-02 09:17:00,171.5781,171.62,171.56,171.62,2502.411561,171.6144,93,
2026-04-02 09:18:00,171.6,171.6,171.58,171.58,1159.893424,171.7337,49,
2026-04-02 09:19:00,171.61,171.68,171.61,171.62,1339.0,171.6444,35,
2026-04-02 09:20:00,171.62,171.68,171.6,171.66,3004.454529,171.6577,75,
2026-04-02 09:21:00,171.69,171.79,171.69,171.77,4088.248276,171.7514,128,
2026-04-02 09:22:00,171.75,171.77,171.73,171.7482,2894.470573,171.777,50,
2026-04-02 09:23:00,171.69,171.7,171.69,171.7,739.249582,171.7548,36,
2026-04-02 09:24:00,171.76,171.78,171.75,171.78,1797.0,171.7549,42,
2026-04-02 09:25:00,171.78,171.85,171.78,171.81,3558.387486,171.8381,73,
2026-04-02 09:26:00,171.83,171.95,171.81,171.81,16275.856172,171.8831,166,
2026-04-02 09:27:00,171.8,171.85,171.78,171.78,1655.217441,171.8311,59,
2026-04-02 09:28:00,171.72,171.76,171.72,171.75,1877.7624,171.8253,46,
2026-04-02 09:29:00,171.76,171.79,171.76,171.79,1750.272478,171.8052,32,
2026-04-02 09:30:00,171.84,171.84,171.75,171.75,1059.617254,171.8864,46,
2026-04-02 09:31:00,171.82,171.83,171.75,171.75,4400.083083,171.817,66,
2026-04-02 09:32:00,171.75,171.81,171.75,171.78,3098.472221,171.8238,56,
2026-04-02 09:33:00,171.78,171.8,171.75,171.8,1287.0,171.7684,41,
2026-04-02 09:34:00,171.77,171.77,171.75,171.75,657.058207,171.7732,25,
2026-04-02 09:35:00,171.775,171.79,171.75,171.78,6225.263963,171.7679,90,
2026-04-02 09:36:00,171.75,171.75,171.66,171.72,6395.888745,171.7456,117,
2026-04-02 09:37:00,171.7,171.7,171.65,171.7,2001.005994,171.6811,48,
2026-04-02 09:38:00,171.725,171.75,171.725,171.75,1305.0,171.7365,59,
2026-04-02 09:39:00,171.78,171.78,171.77,171.77,1159.171411,171.7922,40,
2026-04-02 09:40:00,171.7,171.77,171.7,171.77,1417.815476,171.8171,15,
2026-04-02 09:41:00,171.71,171.7572,171.7,171.71,2604.22368,171.7389,46,
2026-04-02 09:42:00,171.725,171.75,171.72,171.75,1487.33178,171.7822,30,
2026-04-02 09:43:00,171.77,171.77,171.735,171.735,1842.89961,171.8407,70,
2026-04-02 09:44:00,171.72,171.74,171.72,171.74,1461.0,171.7365,41,
2026-04-02 09:45:00,171.73,171.74,171.7,171.71,5845.0,171.7133,91,
2026-04-02 09:46:00,171.71,171.71,171.69,171.69,2070.421655,171.735,61,
2026-04-02 09:47:00,171.73,171.73,171.66,171.69,1990.357215,171.7249,39,
2026-04-02 09:48:00,171.65,171.71,171.65,171.71,1122.0,171.6823,42,
2026-04-02 09:49:00,171.74,171.74,171.71,171.71,1615.699986,171.7939,60,
2026-04-02 09:50:00,171.7,171.74,171.7,171.74,3488.233191,171.7328,61,
2026-04-02 09:51:00,171.74,171.82,171.74,171.79,9392.527796,171.7978,124,
2026-04-02 09:52:00,171.82,171.82,171.82,171.82,383.0,171.8061,35,
2026-04-02 09:54:00,171.8,171.82,171.78,171.81,3188.099943,171.8045,43,
2026-04-02 09:55:00,171.81,171.9,171.81,171.85,2819.181515,171.8628,100,
2026-04-02 09:56:00,171.86,171.88,171.79,171.8,3647.303752,171.8517,79,
2026-04-02 09:57:00,171.77,171.77,171.69,171.72,4291.637013,171.7581,63,
2026-04-02 09:58:00,171.71,171.72,171.68,171.68,3129.927861,171.7536,65,
2026-04-02 09:59:00,171.74,171.78,171.73,171.77,3835.561797,171.7818,71,
2026-04-02 10:00:00,171.7,171.7,171.6,171.6,9310.256073,171.6441,136,
2026-04-02 10:01:00,171.72,171.72,171.66,171.7,1916.282058,171.7149,58,
2026-04-02 10:02:00,171.7,171.75,171.7,171.7,4157.671491,171.7448,82,
2026-04-02 10:03:00,171.66,171.73,171.66,171.67,5594.094729,171.7168,108,
2026-04-02 10:04:00,171.68,171.68,171.6,171.6,7771.338198,171.6556,90,
2026-04-02 10:05:00,171.61,171.73,171.61,171.66,6279.713616,171.7128,124,
2026-04-02 10:06:00,171.64,171.64,171.55,171.55,3777.636493,171.6016,158,
2026-04-02 10:07:00,171.55,171.62,171.55,171.62,3281.7232,171.6148,88,
2026-04-02 10:08:00,171.59,171.59,171.55,171.56,1372.562875,171.6349,84,
2026-04-02 10:09:00,171.58,171.62,171.58,171.61,1751.446067,171.6475,97,
2026-04-02 10:10:00,171.6,171.61,171.57,171.58,2478.262881,171.6058,84,
2026-04-02 10:11:00,171.56,171.56,171.5,171.5,13424.896461,171.5215,278,
2026-04-02 10:12:00,171.5,171.57,171.5,171.57,3443.579205,171.5768,118,
2026-04-02 10:13:00,171.56,171.56,171.5,171.5,3254.520275,171.5468,119,
2026-04-02 10:14:00,171.52,171.52,171.24,171.32,40634.660135,171.3322,810,
2026-04-02 10:15:00,171.3,171.3,171.3,171.3,1551.184515,171.3584,108,
2026-04-02 10:16:00,171.29,171.33,171.28,171.31,6939.094976,171.3009,235,
2026-04-02 10:17:00,171.34,171.35,171.34,171.35,2716.666872,171.3404,167,
2026-04-02 10:18:00,171.33,171.36,171.3,171.35,3183.686974,171.3762,125,
2026-04-02 10:19:00,171.4,171.42,171.3,171.3,4792.928192,171.4077,105,
2026-04-02 10:20:00,171.27,171.27,171.27,171.27,1401.062297,171.2937,90,
2026-04-02 10:21:00,171.26,171.3,171.23,171.27,6432.584473,171.2844,129,
2026-04-02 10:23:00,171.3,171.36,171.3,171.36,2864.17298,171.3094,95,
2026-04-02 10:24:00,171.3,171.35,171.29,171.326,3637.80903,171.3642,127,
2026-04-02 10:25:00,171.39,171.4,171.3,171.3,3162.201891,171.3907,148,
2026-04-02 10:26:00,171.36,171.36,171.36,171.36,600.576704,171.5061,76,
2026-04-02 10:27:00,171.29,171.29,171.29,171.29,764.664876,171.4436,78,
2026-04-02 10:28:00,171.25,171.25,171.23,171.23,1602.020473,171.2473,72,
2026-04-02 10:30:00,171.24,171.24,171.21,171.21,1755.71908,171.3055,70,
2026-04-02 10:31:00,171.22,171.22,171.1,171.12,9378.279196,171.1657,260,
2026-04-02 10:32:00,171.15,171.35,171.15,171.35,5770.288851,171.2237,190,
2026-04-02 10:33:00,171.35,171.38,171.35,171.35,2582.455159,171.3947,181,
2026-04-02 10:34:00,171.35,171.58,171.35,171.56,10765.839337,171.4859,360,
2026-04-02 10:35:00,171.57,171.7,171.48,171.64,15914.030111,171.606,435,
2026-04-02 10:36:00,171.57,171.57,171.54,171.56,3870.304215,171.5912,178,
2026-04-02 10:37:00,171.55,171.61,171.55,171.55,3570.42662,171.585,194,
2026-04-02 10:38:00,171.55,171.55,171.49,171.49,2111.272744,171.5564,160,
2026-04-02 10:39:00,171.5,171.62,171.47,171.47,5849.182802,171.5679,209,
2026-04-02 10:40:00,171.465,171.48,171.36,171.44,7461.624664,171.4298,206,
2026-04-02 10:41:00,171.41,171.45,171.3,171.3,5064.226176,171.3834,217,
2026-04-02 10:42:00,171.33,171.62,171.33,171.62,21146.831103,171.445,259,
2026-04-02 10:43:00,171.64,171.64,171.56,171.56,6649.476543,171.6247,166,
2026-04-02 10:44:00,171.5,171.5,171.5,171.5,2105.837511,171.5954,155,
2026-04-02 10:45:00,171.55,171.55,171.55,171.55,1675.693966,171.6001,131,
2026-04-02 10:46:00,171.56,171.56,171.5,171.51,4836.634418,171.5527,223,
2026-04-02 10:47:00,171.56,171.65,171.526,171.526,6127.207087,171.5894,193,
2026-04-02 10:48:00,171.575,171.575,171.51,171.51,2411.50718,171.6158,145,
2026-04-02 10:49:00,171.59,171.65,171.59,171.65,3212.935666,171.647,180,
2026-04-02 10:50:00,171.53,171.53,171.49,171.5,4260.126022,171.5042,214,
2026-04-02 10:51:00,171.45,171.45,171.4,171.4,3574.32158,171.4517,206,
2026-04-02 10:52:00,171.45,171.49,171.45,171.47,2097.218905,171.4841,155,
2026-04-02 10:53:00,171.49,171.51,171.46,171.5,5880.843457,171.5101,222,
2026-04-02 10:54:00,171.46,171.59,171.46,171.48,12112.430173,171.5341,276,
2026-04-02 10:55:00,171.455,171.58,171.4,171.57,8408.12395,171.4915,299,
2026-04-02 10:56:00,171.62,171.67,171.6,171.67,9055.229264,171.6381,219,
2026-04-02 10:57:00,171.68,171.7,171.64,171.7,4149.079904,171.6766,185,
2026-04-02 10:58:00,171.7,171.75,171.65,171.75,13146.299521,171.7261,254,
2026-04-02 10:59:00,171.7,171.76,171.7,171.75,5836.46975,171.742,191,
2026-04-02 11:00:00,171.78,171.95,171.72,171.7929,88274.773484,171.8184,1253,
2026-04-02 11:01:00,171.86,171.96,171.73,171.75,24848.519396,171.8527,333,
2026-04-02 11:02:00,171.7987,171.81,171.71,171.8002,13733.665573,171.77,158,
2026-04-02 11:03:00,171.85,171.95,171.83,171.93,22762.440907,171.875,198,
2026-04-02 11:04:00,171.9,171.9,171.8,171.8,48874.245473,171.8605,241,
2026-04-02 11:05:00,171.7692,171.7692,171.5186,171.56,25836.215787,171.6293,329,
2026-04-02 11:06:00,171.59,171.5999,171.45,171.45,18794.993576,171.5476,273,
2026-04-02 11:07:00,171.45,171.54,171.36,171.39,14291.869173,171.4678,298,
2026-04-02 11:08:00,171.38,171.4,171.31,171.4,15811.099363,171.3676,203,
2026-04-02 11:09:00,171.3961,171.4499,171.37,171.38,13808.475941,171.4005,135,
2026-04-02 11:10:00,171.4287,171.4287,171.31,171.33,13469.429434,171.3466,250,
2026-04-02 11:11:00,171.3177,171.3899,171.26,171.2607,18047.368748,171.3008,168,
2026-04-02 11:12:00,171.25,171.34,171.25,171.3,16190.0,171.2818,190,
2026-04-02 11:13:00,171.2954,171.3149,171.23,171.23,11447.805932,171.278,166,
2026-04-02 11:14:00,171.2297,171.2896,171.2101,171.2178,15002.178081,171.2522,132,
2026-04-02 11:15:00,171.21,171.22,171.04,171.1324,26996.048547,171.1335,439,
2026-04-02 11:16:00,171.13,171.13,170.95,170.95,37191.251275,171.0205,841,
2026-04-02 11:17:00,170.9316,171.06,170.89,170.93,37212.751001,170.9717,513,
2026-04-02 11:18:00,170.94,170.97,170.8309,170.8891,45540.498733,170.8878,413,
2026-04-02 11:19:00,170.9,170.98,170.86,170.98,27781.94025,170.9177,188,
2026-04-02 11:20:00,171.0,171.02,170.9078,170.96,17034.559381,170.9891,252,
2026-04-02 11:21:00,170.95,171.09,170.95,171.0522,14007.028094,171.0386,200,
2026-04-02 11:22:00,171.01,171.01,170.92,170.92,14814.983401,170.9879,259,
2026-04-02 11:23:00,170.9376,170.9567,170.8,170.8,13375.727359,170.8819,256,
2026-04-02 11:24:00,170.85,170.92,170.74,170.89,32038.746238,170.8159,355,
2026-04-02 11:25:00,170.9,170.9022,170.76,170.79,26490.517267,170.8401,240,
2026-04-02 11:26:00,170.76,170.89,170.76,170.85,9946.151878,170.8211,197,
2026-04-02 11:27:00,170.8117,170.84,170.79,170.81,10935.449807,170.8242,182,
2026-04-02 11:28:00,170.83,170.83,170.7,170.77,11563.659756,170.7744,243,
2026-04-02 11:29:00,170.76,170.78,170.6604,170.6708,12801.048917,170.7132,264,
2026-04-02 11:30:00,170.67,170.75,170.63,170.75,18703.285496,170.7064,246,
2026-04-02 11:31:00,170.75,170.87,170.75,170.85,20198.115138,170.8288,221,
2026-04-02 11:32:00,170.86,170.91,170.815,170.9,12793.523331,170.8788,191,
2026-04-02 11:33:00,170.85,170.89,170.7575,170.76,35473.990177,170.8375,185,
2026-04-02 11:34:00,170.8286,170.8286,170.76,170.76,8002.001932,170.7776,139,
2026-04-02 11:35:00,170.7994,170.8,170.7,170.7,27934.496748,170.7633,456,
2026-04-02 11:36:00,170.7,170.731,170.65,170.65,14334.860293,170.6991,556,
2026-04-02 11:37:00,170.62,170.6335,170.59,170.61,7795.901369,170.6324,511,
2026-04-02 11:38:00,170.6,170.6999,170.57,170.65,20011.00322,170.6293,350,
2026-04-02 11:39:00,170.65,170.65,170.53,170.55,12180.529072,170.6012,279,
2026-04-02 11:40:00,170.5337,170.57,170.45,170.52,39007.860068,170.5154,551,
2026-04-02 11:41:00,170.51,170.5964,170.51,170.53,8246.531408,170.5656,125,
2026-04-02 11:42:00,170.53,170.55,170.43,170.55,21298.252729,170.4828,294,
2026-04-02 11:43:00,170.505,170.6,170.49,170.6,11592.06834,170.5309,188,
2026-04-02 11:44:00,170.56,170.7399,170.56,170.66,21556.287132,170.6696,285,
2026-04-02 11:45:00,170.6681,170.6681,170.5,170.5736,19420.562953,170.5896,279,
2026-04-02 11:46:00,170.547,170.65,170.54,170.54,13900.161038,170.5897,239,
2026-04-02 11:47:00,170.523,170.6,170.5,170.6,19589.280515,170.5704,325,
2026-04-02 11:48:00,170.6101,170.68,170.61,170.66,6684.500462,170.6673,163,
2026-04-02 11:49:00,170.66,170.71,170.5633,170.6,18209.035841,170.6539,301,
2026-04-02 11:50:00,170.5999,170.5999,170.4618,170.47,17630.586524,170.5323,270,
2026-04-02 11:51:00,170.47,170.67,170.43,170.6607,44159.993444,170.5698,494,
2026-04-02 11:52:00,170.65,170.7,170.65,170.65,9989.589596,170.6845,222,
2026-04-02 11:53:00,170.7,170.75,170.6,170.62,10035.913885,170.7104,244,
2026-04-02 11:54:00,170.7096,170.79,170.66,170.703,17940.615659,170.7324,242,
2026-04-02 11:55:00,170.7077,170.77,170.69,170.7,11322.158039,170.7296,181,
2026-04-02 11:56:00,170.7,170.74,170.6119,170.6197,11303.278576,170.6632,212,
2026-04-02 11:57:00,170.65,170.65,170.51,170.51,9901.564174,170.5657,265,
2026-04-02 11:58:00,170.55,170.55,170.4114,170.5,15786.110135,170.4912,301,
2026-04-02 11:59:00,170.49,170.5,170.33,170.33,34458.16884,170.3699,527,
2026-04-02 12:00:00,170.3682,170.4,170.26,170.34,31232.347471,170.58,462,
2026-04-02 12:01:00,170.3473,170.35,170.26,170.3203,18646.938618,170.3292,707,
2026-04-02 12:02:00,170.35,170.35,170.21,170.28,20806.960572,170.5943,447,
2026-04-02 12:03:00,170.2796,170.49,170.2631,170.45,16988.932054,170.3785,203,
2026-04-02 12:04:00,170.4422,170.45,170.3,170.37,17607.615255,170.376,280,
2026-04-02 12:05:00,170.3999,170.44,170.3326,170.44,13173.531201,170.4013,213,
2026-04-02 12:06:00,170.4487,170.55,170.43,170.55,11658.635921,170.4928,251,
2026-04-02 12:07:00,170.5,170.6,170.5,170.59,19297.896886,170.5822,331,
2026-04-02 12:08:00,170.6,170.69,170.56,170.66,31794.274678,170.6185,467,
2026-04-02 12:09:00,170.7,170.74,170.59,170.675,65799.455378,170.8694,1170,
2026-04-02 12:10:00,170.6894,170.69,170.36,170.45,48255.452009,170.7225,847,
2026-04-02 12:11:00,170.5,170.59,170.43,170.43,12271.68237,170.497,226,
2026-04-02 12:12:00,170.4,170.575,170.35,170.5,15553.163242,170.4827,289,
2026-04-02 12:13:00,170.52,170.5991,170.52,170.52,27574.965508,170.561,231,
2026-04-02 12:14:00,170.5486,170.59,170.52,170.55,22776.601397,170.5605,248,
2026-04-02 12:15:00,170.56,170.5996,170.5,170.54,15281.1903,170.5493,203,
2026-04-02 12:16:00,170.54,170.55,170.33,170.49,105209.511279,170.4696,537,
2026-04-02 12:17:00,170.51,170.58,170.42,170.55,20073.62654,170.5331,236,
2026-04-02 12:18:00,170.58,170.71,170.58,170.69,24507.666592,170.6655,365,
2026-04-02 12:19:00,170.69,170.7764,170.65,170.76,29126.312005,170.7192,293,
2026-04-02 12:20:00,170.76,170.8,170.75,170.78,16745.821458,170.7773,313,
2026-04-02 12:21:00,170.76,170.81,170.745,170.75,19403.886945,170.7787,285,
2026-04-02 12:22:00,170.7774,170.94,170.76,170.9,27229.249211,170.8343,384,
2026-04-02 12:23:00,170.94,171.03,170.92,170.94,46116.860413,170.9763,415,
2026-04-02 12:24:00,170.92,171.0,170.92,170.98,15399.902054,170.9844,234,
2026-04-02 12:25:00,170.96,171.12,170.95,171.09,24036.046404,171.0222,445,
2026-04-02 12:26:00,171.0401,171.0474,170.72,170.84,36646.564333,170.8972,457,
2026-04-02 12:27:00,170.82,170.9,170.77,170.85,11315.842508,171.1199,168,
2026-04-02 12:28:00,170.8,170.85,170.7,170.79,12053.798452,170.7978,199,
2026-04-02 12:29:00,170.7611,170.85,170.75,170.77,12168.789139,170.7966,193,
2026-04-02 12:30:00,170.79,170.98,170.78,170.875,21483.818918,170.8634,214,
2026-04-02 12:31:00,170.8,170.98,170.75,170.95,23116.92291,170.8936,291,
2026-04-02 12:32:00,170.98,170.9999,170.95,170.98,7110.176945,170.972,202,
2026-04-02 12:33:00,170.9987,171.09,170.95,171.05,26457.041688,171.0107,326,
2026-04-02 12:34:00,171.0,171.0805,170.9,171.0,19507.697768,170.9845,265,
2026-04-02 12:35:00,170.99,171.0,170.9151,171.0,6491.649016,170.9871,163,
2026-04-02 12:36:00,170.96,171.06,170.85,170.85,12820.374051,170.9593,231,
2026-04-02 12:37:00,170.87,170.9583,170.8399,170.84,4067.250909,170.8904,114,
2026-04-02 12:38:00,170.89,170.95,170.86,170.95,5070.643946,170.9209,116,
2026-04-02 12:39:00,170.92,171.07,170.88,171.04,11123.390037,170.9912,233,
2026-04-02 12:40:00,171.0411,171.05,170.985,171.0243,9316.335319,171.0248,150,
2026-04-02 12:41:00,170.97,171.0337,170.95,170.95,8907.220951,170.9999,144,
2026-04-02 12:42:00,170.9898,171.0,170.88,170.94,8305.121121,170.9583,178,
2026-04-02 12:43:00,170.93,170.99,170.89,170.95,16547.349759,170.974,170,
2026-04-02 12:44:00,170.92,171.0,170.89,170.94,13135.496502,170.948,270,
2026-04-02 12:45:00,170.94,171.0,170.92,170.9399,1880.806782,171.0185,110,
2026-04-02 12:46:00,170.96,171.14,170.95,171.06,16672.009826,171.0493,327,
2026-04-02 12:47:00,170.9948,171.1222,170.91,170.9917,20029.154068,170.9995,327,
2026-04-02 12:48:00,171.09,171.1809,171.0205,171.1809,13175.044858,171.1253,238,
2026-04-02 12:49:00,171.1644,171.3,171.15,171.25,31134.339985,171.2122,295,
2026-04-02 12:50:00,171.21,171.3,171.1846,171.2413,20869.510622,171.2571,265,
2026-04-02 12:51:00,171.3,171.33,171.2,171.2,29719.763522,171.2894,279,
2026-04-02 12:52:00,171.2184,171.22,171.1739,171.1739,10922.131799,171.206,154,
2026-04-02 12:53:00,171.18,171.2309,171.15,171.18,11729.170346,171.1902,177,
2026-04-02 12:54:00,171.16,171.31,171.14,171.2729,22771.31658,171.1924,225,
2026-04-02 12:55:00,171.29,171.34,171.18,171.2,15324.761895,171.2706,319,
2026-04-02 12:56:00,171.16,171.2346,171.12,171.2177,10776.840188,171.1927,172,
2026-04-02 12:57:00,171.19,171.2099,171.06,171.1497,12706.915967,171.1614,298,
2026-04-02 12:58:00,171.06,171.1,170.91,171.0,34500.292807,170.9755,438,
2026-04-02 12:59:00,171.0052,171.09,170.92,170.9488,11592.907517,171.0164,198,
2026-04-02 13:00:00,170.98,171.0598,170.9,170.99,15454.684463,170.9825,287,
2026-04-02 13:01:00,171.0459,171.11,170.96,171.1,20102.721091,171.0305,249,
2026-04-02 13:02:00,171.0182,171.1,170.9,170.91,13541.122755,171.0018,236,
2026-04-02 13:03:00,170.9,171.01,170.88,171.0,14955.207697,170.933,226,
2026-04-02 13:04:00,171.0,171.02,170.91,170.9494,12323.654732,170.9942,206,
2026-04-02 13:05:00,170.969,170.99,170.9,170.97,16404.099119,170.9463,273,
2026-04-02 13:06:00,170.94,171.2,170.9391,171.08,33143.313262,171.055,355,
2026-04-02 13:07:00,171.07,171.13,171.07,171.11,6165.913029,171.1373,154,
2026-04-02 13:08:00,171.12,171.13,171.05,171.06,12377.677518,171.0947,189,
2026-04-02 13:09:00,171.09,171.16,171.0,171.0859,12571.397667,171.0974,274,
2026-04-02 13:10:00,171.04,171.05,170.85,170.92,31242.630161,170.9338,578,
2026-04-02 13:11:00,170.975,171.0,170.87,170.87,16805.979336,170.9201,183,
2026-04-02 13:12:00,170.9222,170.9222,170.8,170.8,460553.615701,175.3359,319,
2026-04-02 13:13:00,170.84,170.84,170.64,170.7,33626.701653,170.7503,655,
2026-04-02 13:14:00,170.7,170.7609,170.68,170.69,27391.96067,170.7079,313,
2026-04-02 13:15:00,170.7,170.91,170.66,170.9088,37276.355614,170.7801,320,
2026-04-02 13:16:00,170.8996,170.9414,170.86,170.86,7142.683243,170.9047,161,
2026-04-02 13:17:00,170.87,170.9,170.79,170.8,11945.147792,170.8188,277,
2026-04-02 13:18:00,170.8622,170.87,170.75,170.7848,9428.169475,170.8141,199,
2026-04-02 13:19:00,170.77,170.7856,170.65,170.73,20583.709059,170.7257,280,
2026-04-02 13:20:00,170.72,170.9,170.7,170.81,18733.496335,170.7797,245,
2026-04-02 13:21:00,170.8318,170.84,170.7,170.75,11058.509019,170.7857,198,
2026-04-02 13:22:00,170.83,170.98,170.82,170.88,15884.148434,170.8942,341,
2026-04-02 13:23:00,170.84,170.94,170.78,170.8761,19254.338607,170.8531,264,
2026-04-02 13:24:00,170.75,170.7924,170.7,170.72,17925.937,170.7479,303,
2026-04-02 13:25:00,170.8,170.8,170.5,170.61,35720.876241,170.6026,977,
2026-04-02 13:26:00,170.5614,170.83,170.56,170.75,34932.403661,170.7268,291,
2026-04-02 13:27:00,170.79,171.4,170.77,171.37,57213.199046,171.1344,866,
2026-04-02 13:28:00,171.42,171.84,171.42,171.75,100506.619341,171.6605,1026,
2026-04-02 13:29:00,171.75,172.34,171.73,172.18,274471.767193,172.1077,2166,
2026-04-02 13:30:00,172.18,173.16,171.92,172.98,3197624.955022,172.5841,33401,
2026-04-02 13:31:00,172.96,173.57,172.63,173.53,1089313.369801,173.1505,12857,
2026-04-02 13:32:00,173.52,173.75,173.35,173.66,1237649.17546,173.5694,14080,
2026-04-02 13:33:00,173.66,173.66,173.33,173.36,711272.38184,173.4945,10476,
2026-04-02 13:34:00,173.35,173.66,173.29,173.47,804450.145391,173.4544,9740,
2026-04-02 13:35:00,173.47,173.48,172.43,172.46,1524882.449778,172.8697,16447,
2026-04-02 13:36:00,172.46,172.78,172.28,172.42,939986.20778,172.5104,10057,
2026-04-02 13:37:00,172.43,172.57,172.2,172.385,725194.454543,172.3547,10405,
2026-04-02 13:38:00,172.37,172.48,172.08,172.1,642448.992116,172.2585,8533,
2026-04-02 13:39:00,172.1,172.11,171.48,171.54,1080263.185643,171.743,12746,
2026-04-02 13:40:00,171.54,171.63,171.41,171.6,764832.955986,171.5154,8755,
2026-04-02 13:41:00,171.57,171.99,171.37,171.98,803646.223764,171.6503,9133,
2026-04-02 13:42:00,171.97,171.9796,171.53,171.77,586941.612711,171.7936,11121,
2026-04-02 13:43:00,171.77,171.85,171.7,171.7796,372686.063614,171.7608,8602,
2026-04-02 13:44:00,171.77,172.07,171.75,172.04,564737.102563,171.9569,12649,
2026-04-02 13:45:00,172.05,172.48,171.83,172.4601,853786.570772,172.1024,14482,
2026-04-02 13:46:00,172.46,172.71,172.408,172.69,922026.594581,172.5179,13435,
2026-04-02 13:47:00,172.695,172.84,172.61,172.745,630967.920188,172.7434,11156,
2026-04-02 13:48:00,172.745,172.8,172.53,172.59,592304.439429,172.6464,11367,
2026-04-02 13:49:00,172.6,172.72,172.47,172.555,499232.139202,172.6011,10648,
2026-04-02 13:50:00,172.56,172.755,172.48,172.59,630014.632409,172.6121,11709,
2026-04-02 13:51:00,172.588,172.835,172.505,172.7,569517.439763,172.7007,12830,
2026-04-02 13:52:00,172.7,172.89,172.56,172.83,638730.427152,172.7343,11843,
2026-04-02 13:53:00,172.83,173.44,172.82,173.345,828843.284509,173.2023,12933,
2026-04-02 13:54:00,173.34,173.55,173.2,173.35,614204.040243,173.3582,11781,
2026-04-02 13:55:00,173.35,173.39,173.2,173.21,563492.100537,173.3099,10678,
2026-04-02 13:56:00,173.215,173.35,173.077,173.155,492136.264236,173.2099,9724,
2026-04-02 13:57:00,173.155,173.4899,173.1203,173.4426,410860.880403,173.2677,9750,
2026-04-02 13:58:00,173.44,174.0,173.39,173.955,785434.661829,173.7888,12388,
2026-04-02 13:59:00,173.95,174.18,173.94,174.07,753228.998819,174.0663,12093,
2026-04-02 14:00:00,174.08,174.205,173.94,174.04,640314.215351,174.0709,12125,
2026-04-02 14:01:00,174.04,174.125,173.87,173.905,478261.606187,173.9725,10095,
2026-04-02 14:02:00,173.9,173.91,173.62,173.67,614676.553737,173.7863,11359,
2026-04-02 14:03:00,173.68,173.84,173.63,173.8,321756.41861,173.7195,8573,
2026-04-02 14:04:00,173.8,173.92,173.75,173.855,232992.053849,173.8327,7885,
2026-04-02 14:05:00,173.86,174.09,173.6801,174.0799,491094.841416,173.9017,10250,
2026-04-02 14:06:00,174.08,174.59,173.94,174.59,795159.798305,174.2614,13385,
2026-04-02 14:07:00,174.59,174.61,174.1601,174.235,559841.687036,174.4103,10562,
2026-04-02 14:08:00,174.225,174.475,174.135,174.355,516359.933965,174.3256,9823,
2026-04-02 14:09:00,174.355,174.3597,174.13,174.2099,291121.059398,174.2503,8512,
2026-04-02 14:10:00,174.18,174.2,173.96,174.1001,416678.868437,174.0618,8727,
2026-04-02 14:11:00,174.09,174.57,174.06,174.36,471942.89889,174.3768,9410,
2026-04-02 14:12:00,174.365,174.43,174.27,174.345,346528.951262,174.3375,9137,
2026-04-02 14:13:00,174.345,174.42,174.19,174.285,329877.406393,174.3013,8288,
2026-04-02 14:14:00,174.28,174.34,174.165,174.25,246878.645144,174.2432,7365,
2026-04-02 14:15:00,174.26,174.4551,174.1857,174.42,286243.118206,174.3124,7773,
2026-04-02 14:16:00,174.41,174.98,174.39,174.6103,680708.812382,174.6949,11153,
2026-04-02 14:17:00,174.61,174.8799,174.54,174.86,394730.726223,174.7019,8546,
2026-04-02 14:18:00,174.855,175.0599,174.7789,174.9885,606282.171291,174.9517,10453,
2026-04-02 14:19:00,174.99,175.055,174.89,175.015,376902.353556,174.988,9181,
2026-04-02 14:20:00,175.015,175.1,174.8201,174.83,498995.560906,174.9707,10156,
2026-04-02 14:21:00,174.83,175.06,174.81,175.01,315592.610309,174.9122,8205,
2026-04-02 14:22:00,175.005,175.01,174.78,174.84,318990.890382,174.8591,8065,
2026-04-02 14:23:00,174.84,174.8898,174.66,174.69,416412.356693,174.7885,8955,
2026-04-02 14:24:00,174.69,174.87,174.59,174.81,355132.63562,174.6941,8461,
2026-04-02 14:25:00,174.81,174.85,174.29,174.37,2510388.697189,174.6893,9777,
2026-04-02 14:26:00,174.36,174.53,174.16,174.17,398166.324997,174.3526,8838,
2026-04-02 14:27:00,174.155,174.275,174.05,174.09,379450.007751,174.153,8529,
2026-04-02 14:28:00,174.085,174.36,174.085,174.29,324548.268408,174.2244,7967,
2026-04-02 14:29:00,174.27,174.305,174.0,174.045,366840.293575,174.125,8333,
2026-04-02 14:30:00,174.03,174.15,173.92,174.125,295211.47629,174.04,9214,
2026-04-02 14:31:00,174.1392,174.32,174.1392,174.23,303543.048393,174.2413,8294,
2026-04-02 14:32:00,174.235,174.41,174.06,174.25,327467.407817,174.2128,8401,
2026-04-02 14:33:00,174.235,174.83,174.235,174.795,479874.828243,174.5907,9969,
2026-04-02 14:34:00,174.795,174.86,174.69,174.785,369858.199752,174.7457,8807,
2026-04-02 14:35:00,174.79,175.4,174.75,175.34,575929.78375,175.0331,11574,
2026-04-02 14:36:00,175.34,176.41,175.24,176.208,1265806.992268,175.928,19886,
2026-04-02 14:37:00,176.207,176.7,176.0,176.26,988876.440588,176.3899,19199,
2026-04-02 14:38:00,176.27,176.49,175.7501,175.89,907766.212659,175.9848,16624,
2026-04-02 14:39:00,175.89,176.6,175.7,176.42,648816.002601,176.2038,12541,
2026-04-02 14:40:00,176.42,176.615,176.075,176.085,460529.907729,176.3172,11174,
2026-04-02 14:41:00,176.1,176.14,175.5601,175.61,481001.389859,175.8363,10509,
2026-04-02 14:42:00,175.62,176.02,175.6,175.78,404793.988715,175.8528,9330,
2026-04-02 14:43:00,175.775,176.37,175.75,176.15,503740.434375,176.0942,10543,
2026-04-02 14:44:00,176.13,176.43,176.06,176.3601,386128.14102,176.2238,9388,
2026-04-02 14:45:00,176.36,176.5499,176.3,176.38,478059.634149,176.4175,9839,
2026-04-02 14:46:00,176.38,176.38,176.07,176.09,400386.477687,176.1906,9759,
2026-04-02 14:47:00,176.1,176.165,175.875,176.1051,357359.733792,176.0307,9424,
2026-04-02 14:48:00,176.1,176.17,175.84,175.9399,353419.696677,176.0048,8391,
2026-04-02 14:49:00,175.935,175.99,175.55,175.585,341458.337222,175.779,9120,
2026-04-02 14:50:00,175.59,175.6,175.13,175.29,582548.19469,175.3603,10911,
2026-04-02 14:51:00,175.28,175.4499,175.22,175.445,286405.620582,175.3343,7360,
2026-04-02 14:52:00,175.45,175.99,175.36,175.9899,346866.493933,175.6075,8894,
2026-04-02 14:53:00,175.9701,176.0599,175.634,175.6994,590796.831812,175.8676,10694,
2026-04-02 14:54:00,175.695,175.9899,175.695,175.94,310186.914552,175.8505,8353,
2026-04-02 14:55:00,175.93,176.24,175.9175,176.2,414567.506468,176.0811,8722,
2026-04-02 14:56:00,176.19,176.34,176.12,176.22,417200.785551,176.2365,8889,
2026-04-02 14:57:00,176.22,176.41,176.08,176.3501,457198.193784,176.2035,9065,
2026-04-02 14:58:00,176.35,176.51,176.28,176.48,464147.521499,176.4214,9145,
2026-04-02 14:59:00,176.485,176.495,176.2601,176.3301,278694.246293,176.3599,7922,
2026-04-02 15:00:00,176.35,176.4,175.88,175.925,440483.409434,176.1575,9396,
2026-04-02 15:01:00,175.9099,176.04,175.82,175.8478,278125.13704,175.9102,8328,
2026-04-02 15:02:00,175.8409,175.97,175.765,175.82,260714.018942,175.86,8189,
2026-04-02 15:03:00,175.81,176.2,175.8,176.17,285670.253063,175.995,7959,
2026-04-02 15:04:00,176.16,176.45,176.15,176.43,473190.522918,176.2935,9264,
2026-04-02 15:05:00,176.41,176.48,176.16,176.215,253475.209516,176.3023,7935,
2026-04-02 15:06:00,176.2101,176.374,176.17,176.21,280427.160816,176.2746,7155,
2026-04-02 15:07:00,176.17,176.24,176.05,176.0701,272170.852297,176.1566,7668,
2026-04-02 15:08:00,176.08,176.4,176.0701,176.3064,198067.534951,176.2739,7270,
2026-04-02 15:09:00,176.31,176.54,176.28,176.53,326025.362025,176.4032,8028,
2026-04-02 15:10:00,176.53,176.875,176.48,176.83,506752.223798,176.6451,9684,
2026-04-02 15:11:00,176.832,177.05,176.76,176.99,628032.291156,176.9591,11986,
2026-04-02 15:12:00,176.99,177.15,176.9601,177.0699,462286.043594,177.0483,9095,
2026-04-02 15:13:00,177.06,177.09,176.88,176.885,320857.108948,176.9598,7890,
2026-04-02 15:14:00,176.8851,176.91,176.68,176.7506,377005.968617,176.7692,8786,
2026-04-02 15:15:00,176.76,176.81,176.675,176.69,319232.396479,176.6527,7693,
2026-04-02 15:16:00,176.68,176.86,176.5801,176.79,269144.600672,176.7328,7531,
2026-04-02 15:17:00,176.79,176.91,176.58,176.58,297923.190261,176.7552,7749,
2026-04-02 15:18:00,176.56,176.68,176.4406,176.66,316643.254632,176.5488,8091,
2026-04-02 15:19:00,176.66,176.76,176.59,176.66,219174.464358,176.6836,7033,
2026-04-02 15:20:00,176.6701,176.6994,176.3,176.4924,360790.649352,176.4876,7971,
2026-04-02 15:21:00,176.49,176.55,176.2101,176.33,309433.147662,176.348,8105,
2026-04-02 15:22:00,176.33,176.4599,176.21,176.25,212158.301611,176.325,7145,
2026-04-02 15:23:00,176.27,176.43,176.2674,176.36,320372.183584,176.3577,8261,
2026-04-02 15:24:00,176.37,176.6994,176.36,176.61,315946.084287,176.5571,7959,
2026-04-02 15:25:00,176.61,176.62,176.29,176.41,269173.007891,176.4207,7249,
2026-04-02 15:26:00,176.41,176.72,176.41,176.6584,347045.684163,176.6112,8331,
2026-04-02 15:27:00,176.65,176.845,176.52,176.845,335548.533346,176.6825,7841,
2026-04-02 15:28:00,176.845,176.97,176.81,176.87,386247.928058,176.8718,8895,
2026-04-02 15:29:00,176.875,176.875,176.635,176.69,261490.815175,176.72,7132,
2026-04-02 15:30:00,176.7,176.77,176.53,176.625,249615.417322,176.6251,7442,
2026-04-02 15:31:00,176.6388,176.6388,176.45,176.55,281056.606326,176.5305,7388,
2026-04-02 15:32:00,176.55,176.5803,176.45,176.565,207258.14241,176.4931,7166,
2026-04-02 15:33:00,176.555,176.58,176.31,176.365,242326.963014,176.4042,7228,
2026-04-02 15:34:00,176.3501,176.5599,176.24,176.55,252089.711551,176.3655,7339,
2026-04-02 15:35:00,176.5215,176.7099,176.49,176.67,252490.374747,176.5918,7539,
2026-04-02 15:36:00,176.6663,176.89,176.6501,176.87,281455.070472,176.7798,7268,
2026-04-02 15:37:00,176.865,177.02,176.825,176.9976,444677.041715,176.952,8702,
2026-04-02 15:38:00,176.995,176.995,176.74,176.81,260822.022811,176.8368,7266,
2026-04-02 15:39:00,176.815,176.86,176.642,176.75,278299.866224,176.7258,3296,
2026-04-02 15:40:00,176.76,176.93,176.7,176.78,288450.297643,176.8168,3040,
2026-04-02 15:41:00,176.79,176.8499,176.61,176.73,316684.215546,176.7102,3184,
2026-04-02 15:42:00,176.7301,176.77,176.55,176.61,239410.055812,176.6475,2693,
2026-04-02 15:43:00,176.62,176.76,176.6,176.74,235916.538663,176.6779,2446,
2026-04-02 15:44:00,176.74,177.02,176.73,176.955,346639.137358,176.936,3401,
2026-04-02 15:45:00,176.955,176.97,176.7,176.74,307947.96461,176.8015,3115,
2026-04-02 15:46:00,176.73,176.84,176.68,176.75,241517.064442,176.742,2588,
2026-04-02 15:47:00,176.74,176.82,176.63,176.79,196556.318831,176.7109,2274,
2026-04-02 15:48:00,176.79,176.83,176.55,176.63,251902.561884,176.6785,2528,
2026-04-02 15:49:00,176.6237,176.7299,176.55,176.6,196459.602834,176.6241,2258,
2026-04-02 15:50:00,176.5901,176.62,176.27,176.2975,412597.362094,176.4148,4050,
2026-04-02 15:51:00,176.2901,176.41,176.08,176.14,319983.999263,176.2278,3463,
2026-04-02 15:52:00,176.14,176.4899,176.12,176.4701,327982.624226,176.2865,3364,
2026-04-02 15:53:00,176.47,176.52,176.23,176.29,317126.95193,176.35,3456,
2026-04-02 15:54:00,176.29,176.61,176.26,176.5801,215698.089814,176.5038,2589,
2026-04-02 15:55:00,176.59,176.5983,176.42,176.56,189171.144932,176.4922,2262,
2026-04-02 15:56:00,176.5599,176.63,176.47,176.5178,212274.724503,176.5488,2420,
2026-04-02 15:57:00,176.51,176.54,176.3,176.39,167113.505593,176.3935,2102,
2026-04-02 15:58:00,176.36,176.46,176.32,176.4,129181.074556,176.3838,1938,
2026-04-02 15:59:00,176.39,176.6,176.371,176.51,243392.197114,176.5164,3044,
2026-04-02 16:00:00,176.5101,176.61,176.44,176.4498,186542.089506,176.533,2615,
2026-04-02 16:01:00,176.445,176.76,176.445,176.68,252723.701839,176.6596,2643,
2026-04-02 16:02:00,176.68,176.68,176.411,176.52,230733.8011,176.5534,2185,
2026-04-02 16:03:00,176.52,176.54,176.41,176.42,131442.217726,176.4755,1777,
2026-04-02 16:04:00,176.425,176.43,176.16,176.27,268958.634959,176.2878,2821,
2026-04-02 16:05:00,176.2507,176.35,176.2501,176.285,187382.840452,176.3023,2221,
2026-04-02 16:06:00,176.28,176.29,176.16,176.22,178108.087596,176.2231,2146,
2026-04-02 16:07:00,176.2173,176.22,176.1007,176.125,201585.576385,176.168,2410,
2026-04-02 16:08:00,176.13,176.18,175.9,175.93,397046.871701,176.0367,4301,
2026-04-02 16:09:00,175.93,176.21,175.93,176.12,280092.917786,176.078,2775,
2026-04-02 16:10:00,176.12,176.1596,176.0,176.01,189737.212517,176.0526,2317,
2026-04-02 16:11:00,176.0201,176.06,175.92,176.01,213804.64546,175.994,2855,
2026-04-02 16:12:00,176.01,176.14,175.9875,176.1201,186868.261313,176.0587,2411,
2026-04-02 16:13:00,176.125,176.2899,176.09,176.24,233704.238786,176.212,2693,
2026-04-02 16:14:00,176.21,176.2799,176.13,176.1401,195198.801701,176.1942,2077,
2026-04-02 16:15:00,176.13,176.17,176.06,176.145,160978.328289,176.1094,2123,
2026-04-02 16:16:00,176.145,176.32,176.14,176.17,197605.642465,176.248,2423,
2026-04-02 16:17:00,176.18,176.22,176.065,176.16,147566.876322,176.1385,2371,
2026-04-02 16:18:00,176.16,176.23,176.07,176.13,147474.978466,176.1521,2155,
2026-04-02 16:19:00,176.14,176.15,175.78,175.81,310715.189356,175.9542,4098,
2026-04-02 16:20:00,175.815,175.92,175.72,175.86,266494.992461,175.8302,2953,
2026-04-02 16:21:00,175.86,176.04,175.85,175.965,177506.447475,175.945,2772,
2026-04-02 16:22:00,175.96,176.07,175.94,176.04,107725.285531,175.9993,1923,
2026-04-02 16:23:00,176.03,176.0999,175.9,175.96,189076.077254,175.9867,2575,
2026-04-02 16:24:00,175.97,176.0298,175.87,175.87,131300.241897,175.9743,1836,
2026-04-02 16:25:00,175.88,175.9699,175.84,175.8901,141151.94423,175.908,1989,
2026-04-02 16:26:00,175.89,176.14,175.88,176.08,319310.104519,176.0444,3235,
2026-04-02 16:27:00,176.075,176.23,176.05,176.18,212993.865856,176.1395,2303,
2026-04-02 16:28:00,176.18,176.34,176.16,176.26,206653.217094,176.2605,2358,
2026-04-02 16:29:00,176.26,176.26,176.11,176.125,163710.95585,176.1772,1921,
2026-04-02 16:30:00,176.12,176.16,175.97,176.0,216986.842257,176.0539,2072,
2026-04-02 16:31:00,175.985,176.195,175.97,176.15,203946.430752,176.0917,1739,
2026-04-02 16:32:00,176.15,176.4099,176.14,176.38,198820.072901,176.3202,2307,
2026-04-02 16:33:00,176.34,176.48,176.31,176.405,189952.839843,176.4064,2065,
2026-04-02 16:34:00,176.41,176.42,176.32,176.39,145304.91732,176.3753,1845,
2026-04-02 16:35:00,176.4,176.5,176.28,176.34,198631.51086,176.3991,2009,
2026-04-02 16:36:00,176.33,176.365,175.77,176.11,431694.666323,176.0327,5656,
2026-04-02 16:37:00,176.115,176.15,175.89,176.0001,180405.563585,176.0161,1745,
2026-04-02 16:38:00,176.01,176.09,175.77,176.08,311829.888106,175.9475,2924,
2026-04-02 16:39:00,176.09,176.25,176.07,176.21,165951.382657,176.1768,1616,
2026-04-02 16:40:00,176.19,176.85,176.16,176.55,509848.649907,176.5578,8527,
2026-04-02 16:41:00,176.525,176.54,176.32,176.43,225983.770106,176.4273,2519,
2026-04-02 16:42:00,176.4103,176.4685,176.37,176.425,121134.572753,176.4226,1725,
2026-04-02 16:43:00,176.4291,176.44,176.36,176.42,136600.333905,176.4028,1786,
2026-04-02 16:44:00,176.42,176.62,176.41,176.4801,175871.58314,176.523,2071,
2026-04-02 16:45:00,176.5,176.63,176.46,176.6099,196007.794581,176.5639,2229,
2026-04-02 16:46:00,176.59,176.61,176.51,176.55,97360.734991,176.5583,1403,
2026-04-02 16:47:00,176.555,176.555,176.4,176.5,119075.507282,176.4674,1861,
2026-04-02 16:48:00,176.485,176.49,176.35,176.38,104472.864088,176.4048,1587,
2026-04-02 16:49:00,176.38,176.5,176.38,176.47,102632.27241,176.448,1476,
2026-04-02 16:50:00,176.4601,176.55,176.43,176.51,117337.321371,176.4973,1409,
2026-04-02 16:51:00,176.505,176.51,176.34,176.4605,99296.354902,176.4067,1378,
2026-04-02 16:52:00,176.48,176.5248,176.39,176.39,118349.261263,176.4765,1450,
2026-04-02 16:53:00,176.39,176.51,176.36,176.49,102809.533652,176.4398,1540,
2026-04-02 16:54:00,176.495,176.63,176.475,176.57,173359.35669,176.5793,1964,
2026-04-02 16:55:00,176.575,176.58,176.49,176.55,106051.752285,176.532,1433,
2026-04-02 16:56:00,176.5401,176.5401,176.44,176.49,102207.700389,176.4896,1378,
2026-04-02 16:57:00,176.4811,176.56,176.46,176.48,118041.92019,176.5127,1454,
2026-04-02 16:58:00,176.47,176.55,176.38,176.485,149474.758739,176.4607,1652,
2026-04-02 16:59:00,176.485,176.54,176.38,176.4,149874.14309,176.472,1862,
2026-04-02 17:00:00,176.4,176.4,176.236,176.25,217977.414257,176.3161,2317,
2026-04-02 17:01:00,176.26,176.43,176.2,176.2932,129495.304373,176.308,1651,
2026-04-02 17:02:00,176.3,176.3301,176.26,176.2836,107424.674819,176.3002,1488,
2026-04-02 17:03:00,176.29,176.46,176.29,176.45,146922.297013,176.3784,1784,
2026-04-02 17:04:00,176.46,176.47,176.3903,176.41,117209.753516,176.4327,1301,
2026-04-02 17:05:00,176.41,176.53,176.33,176.47,135349.574373,176.4247,1854,
2026-04-02 17:06:00,176.47,176.49,176.38,176.44,160112.124572,176.4313,1792,
2026-04-02 17:07:00,176.45,176.5,176.42,176.458,122961.656585,176.4586,1331,
2026-04-02 17:08:00,176.45,176.45,176.28,176.33,166854.885831,176.3589,1788,
2026-04-02 17:09:00,176.32,176.47,176.3199,176.45,75458.758229,176.3862,1154,
2026-04-02 17:10:00,176.45,176.5,176.34,176.3567,101551.786395,176.4298,1367,
2026-04-02 17:11:00,176.367,176.435,176.33,176.4,105797.768071,176.3944,1417,
2026-04-02 17:12:00,176.39,176.5,176.3501,176.48,104485.169375,176.433,1528,
2026-04-02 17:13:00,176.475,176.67,176.44,176.6601,184641.21121,176.5478,2017,
2026-04-02 17:14:00,176.665,176.78,176.64,176.695,244427.031891,176.7086,2190,
2026-04-02 17:15:00,176.69,176.79,176.655,176.7051,175228.148985,176.7256,1904,
2026-04-02 17:16:00,176.7,176.92,176.69,176.75,210521.936518,176.7878,2465,
2026-04-02 17:17:00,176.74,176.76,176.62,176.675,135389.910189,176.6979,1700,
2026-04-02 17:18:00,176.6715,176.72,176.625,176.68,125441.601973,176.6794,1738,
2026-04-02 17:19:00,176.67,176.74,176.65,176.725,119076.926438,176.6983,1630,
2026-04-02 17:20:00,176.72,176.76,176.6601,176.71,109307.124461,176.7207,1349,
2026-04-02 17:21:00,176.71,176.78,176.66,176.735,93180.613676,176.7124,1415,
2026-04-02 17:22:00,176.735,176.7397,176.6,176.67,124077.572012,176.6606,1712,
2026-04-02 17:23:00,176.67,176.78,176.65,176.75,117835.652061,176.7135,1394,
2026-04-02 17:24:00,176.76,176.79,176.69,176.725,114292.596524,176.7433,1403,
2026-04-02 17:25:00,176.7299,176.805,176.71,176.765,123777.153067,176.7672,1603,
2026-04-02 17:26:00,176.7601,176.82,176.746,176.75,126705.443087,176.7829,1381,
2026-04-02 17:27:00,176.755,176.8,176.7301,176.7899,90858.414415,176.7663,1233,
2026-04-02 17:28:00,176.78,176.83,176.718,176.81,101510.845636,176.7832,1446,
2026-04-02 17:29:00,176.81,176.81,176.74,176.78,86120.696604,176.7847,1000,
2026-04-02 17:30:00,176.79,176.801,176.685,176.74,101471.146575,176.7425,1745,
2026-04-02 17:31:00,176.745,176.83,176.71,176.75,128946.168019,176.7768,2242,
2026-04-02 17:32:00,176.765,176.785,176.71,176.715,83394.219118,176.7494,1549,
2026-04-02 17:33:00,176.7101,176.75,176.6722,176.73,162144.614905,176.7117,2096,
2026-04-02 17:34:00,176.725,176.85,176.72,176.76,119799.193331,176.7946,1618,
2026-04-02 17:35:00,176.75,176.7707,176.565,176.6,206506.667133,176.6672,2525,
2026-04-02 17:36:00,176.595,176.68,176.5901,176.65,95018.888681,176.644,1509,
2026-04-02 17:37:00,176.64,176.66,176.5501,176.575,112431.705886,176.6101,1611,
2026-04-02 17:38:00,176.59,176.7,176.57,176.64,142821.278248,176.6395,1690,
2026-04-02 17:39:00,176.64,176.82,176.64,176.81,136854.210361,176.7501,1993,
2026-04-02 17:40:00,176.805,176.88,176.78,176.785,130026.234495,176.8209,1820,
2026-04-02 17:41:00,176.7889,176.84,176.74,176.7689,119781.212725,176.7962,1511,
2026-04-02 17:42:00,176.765,176.78,176.7,176.7401,137926.120136,176.7351,1677,
2026-04-02 17:43:00,176.758,176.78,176.695,176.705,104325.640087,176.7438,1413,
2026-04-02 17:44:00,176.705,176.74,176.635,176.73,137619.406729,176.6951,1736,
2026-04-02 17:45:00,176.725,176.795,176.645,176.655,148780.694318,176.7165,1770,
2026-04-02 17:46:00,176.65,176.68,176.52,176.5973,177649.653599,176.5861,2262,
2026-04-02 17:47:00,176.59,176.6,176.3501,176.4,222977.927413,176.4602,2651,
2026-04-02 17:48:00,176.405,176.47,176.2801,176.31,345017.081508,176.3742,2569,
2026-04-02 17:49:00,176.32,176.36,176.25,176.28,166852.207482,176.3047,1935,
2026-04-02 17:50:00,176.273,176.38,176.26,176.31,145792.910642,176.3392,1864,
2026-04-02 17:51:00,176.311,176.4,176.2,176.21,156769.370743,176.2937,1822,
2026-04-02 17:52:00,176.2,176.25,176.1101,176.23,169923.718945,176.1798,2163,
2026-04-02 17:53:00,176.23,176.4185,176.21,176.38,242361.465685,176.3383,2559,
2026-04-02 17:54:00,176.38,176.4731,176.33,176.44,167900.47919,176.4125,2749,
2026-04-02 17:55:00,176.4401,176.6,176.4401,176.58,245410.227703,176.5109,4331,
2026-04-02 17:56:00,176.58,176.62,176.46,176.461,181309.745093,176.5407,1833,
2026-04-02 17:57:00,176.46,176.46,176.34,176.34,134952.591397,176.4003,1914,
2026-04-02 17:58:00,176.35,176.4,176.3,176.34,161179.443391,176.3572,1630,
2026-04-02 17:59:00,176.34,176.44,176.32,176.385,103574.883064,176.3777,1554,
2026-04-02 18:00:00,176.385,176.65,176.385,176.6,180567.376114,176.5532,2594,
2026-04-02 18:01:00,176.605,176.75,176.6,176.71,240334.201429,176.682,2461,
2026-04-02 18:02:00,176.71,176.72,176.61,176.64,126920.748583,176.6645,1795,
2026-04-02 18:03:00,176.65,176.6799,176.5609,176.61,164044.289649,176.6239,1801,
2026-04-02 18:04:00,176.61,176.7299,176.55,176.7298,115323.895189,176.629,1441,
2026-04-02 18:05:00,176.73,176.905,176.69,176.87,253427.944403,176.819,3032,
2026-04-02 18:06:00,176.8607,176.9399,176.81,176.9,208600.171093,176.87,2328,
2026-04-02 18:07:00,176.91,176.91,176.7401,176.76,164467.530568,176.8312,1615,
2026-04-02 18:08:00,176.755,176.865,176.755,176.8489,116699.507893,176.8094,1545,
2026-04-02 18:09:00,176.85,176.91,176.84,176.85,147073.657665,176.8665,1509,
2026-04-02 18:10:00,176.85,177.05,176.835,176.985,529853.720381,176.9754,5305,
2026-04-02 18:11:00,176.98,177.005,176.85,176.85,230029.781165,176.9472,2654,
2026-04-02 18:12:00,176.8599,176.86,176.72,176.76,147891.792457,176.7719,2016,
2026-04-02 18:13:00,176.75,176.85,176.74,176.85,150855.017886,176.7996,2164,
2026-04-02 18:14:00,176.85,176.89,176.74,176.7801,137260.531893,176.8195,1720,
2026-04-02 18:15:00,176.785,176.82,176.6,176.6701,144247.184244,176.7061,1862,
2026-04-02 18:16:00,176.68,176.81,176.66,176.7901,140658.329931,176.72,1576,
2026-04-02 18:17:00,176.795,176.89,176.78,176.815,135303.737969,176.8422,1685,
2026-04-02 18:18:00,176.82,176.86,176.73,176.75,110414.809713,176.797,1505,
2026-04-02 18:19:00,176.75,176.82,176.72,176.75,149748.696358,176.7644,1681,
2026-04-02 18:20:00,176.75,176.82,176.75,176.78,82299.42314,176.7913,1324,
2026-04-02 18:21:00,176.772,176.85,176.745,176.8,202638.780653,176.8634,1193,
2026-04-02 18:22:00,176.8,176.81,176.745,176.81,118687.41775,176.7838,1359,
2026-04-02 18:23:00,176.82,176.83,176.75,176.76,131111.230415,176.7837,1600,
2026-04-02 18:24:00,176.76,176.85,176.75,176.755,129760.853824,176.8034,1585,
2026-04-02 18:25:00,176.75,176.79,176.62,176.675,200242.9858,176.6969,2523,
2026-04-02 18:26:00,176.6799,176.7,176.535,176.56,159118.101508,176.6253,1891,
2026-04-02 18:27:00,176.55,176.64,176.52,176.59,142524.362238,176.5844,1741,
2026-04-02 18:28:00,176.61,176.7,176.58,176.62,121673.231877,176.6382,1536,
2026-04-02 18:29:00,176.63,176.635,176.51,176.54,165103.605751,176.5814,1887,
2026-04-02 18:30:00,176.55,176.62,176.52,176.62,95324.668471,176.573,1270,
2026-04-02 18:31:00,176.63,176.7,176.5801,176.6535,173856.461699,176.6425,2246,
2026-04-02 18:32:00,176.65,176.695,176.55,176.59,132605.734295,176.6071,1577,
2026-04-02 18:33:00,176.595,176.7096,176.55,176.69,144501.783285,176.6383,1819,
2026-04-02 18:34:00,176.69,176.82,176.645,176.745,185226.189077,176.7464,2385,
2026-04-02 18:35:00,176.745,176.79,176.675,176.78,169265.064505,176.7387,2585,
2026-04-02 18:36:00,176.79,176.8,176.69,176.715,149805.603736,176.7254,1843,
2026-04-02 18:37:00,176.71,176.78,176.68,176.78,136005.585214,176.7244,1404,
2026-04-02 18:38:00,176.78,176.78,176.68,176.695,110175.375273,176.7064,1383,
2026-04-02 18:39:00,176.695,176.75,176.65,176.73,118934.471838,176.7074,1556,
2026-04-02 18:40:00,176.73,176.91,176.71,176.8801,214631.641818,176.8188,2058,
2026-04-02 18:41:00,176.88,177.15,176.83,177.04,402708.998798,177.0282,4313,
2026-04-02 18:42:00,177.04,177.05,176.96,177.0,171440.076957,176.9953,1750,
2026-04-02 18:43:00,176.99,176.99,176.885,176.9,152774.960578,176.9203,1846,
2026-04-02 18:44:00,176.89,177.06,176.89,177.0301,198832.018867,176.99,1957,
2026-04-02 18:45:00,177.03,177.0499,176.96,177.01,136996.299646,176.9952,1558,
2026-04-02 18:46:00,177.0011,177.05,176.94,177.03,200626.839092,176.9953,2031,
2026-04-02 18:47:00,177.025,177.06,176.94,176.94,194103.83887,176.9139,1691,
2026-04-02 18:48:00,176.945,177.045,176.93,176.945,179782.996267,176.9792,1708,
2026-04-02 18:49:00,176.945,177.0,176.93,176.95,67555.015389,176.9656,1067,
2026-04-02 18:50:00,176.95,176.985,176.91,176.9607,96824.746046,176.9555,1295,
2026-04-02 18:51:00,176.965,177.0399,176.945,177.005,146268.84454,176.9911,1581,
2026-04-02 18:52:00,177.005,177.01,176.925,176.95,158576.014223,176.9578,1696,
2026-04-02 18:53:00,176.95,177.07,176.935,177.03,171885.707217,176.9944,2036,
2026-04-02 18:54:00,177.025,177.03,176.88,176.915,189228.38816,176.9614,1844,
2026-04-02 18:55:00,176.92,176.945,176.85,176.9,126788.622015,176.9013,1640,
2026-04-02 18:56:00,176.9,177.01,176.89,176.9634,177698.595158,176.9639,1896,
2026-04-02 18:57:00,176.9699,176.97,176.86,176.89,126912.377785,176.9119,1516,
2026-04-02 18:58:00,176.89,176.91,176.86,176.865,135177.739173,176.8823,1453,
2026-04-02 18:59:00,176.865,176.89,176.74,176.845,271179.591265,176.8308,3665,
2026-04-02 19:00:00,176.84,176.971,176.84,176.97,227595.095824,176.9114,2973,
2026-04-02 19:01:00,176.96,177.02,176.88,176.95,231626.578763,176.9566,2559,
2026-04-02 19:02:00,176.945,177.0499,176.93,177.015,174274.71331,176.9974,2056,
2026-04-02 19:03:00,177.015,177.0194,176.93,176.9301,147551.606339,176.9741,1727,
2026-04-02 19:04:00,176.9301,176.965,176.88,176.95,153227.479803,176.9201,1869,
2026-04-02 19:05:00,176.945,177.01,176.9203,176.945,1176802.689284,176.9307,2167,
2026-04-02 19:06:00,176.94,176.97,176.9,176.965,136720.269364,176.9259,1839,
2026-04-02 19:07:00,176.95,177.08,176.93,177.055,170524.552533,177.0148,1891,
2026-04-02 19:08:00,177.055,177.13,176.96,177.12,294515.331538,177.0645,3072,
2026-04-02 19:09:00,177.12,177.12,177.045,177.095,125661.446002,177.0873,1739,
2026-04-02 19:10:00,177.1,177.38,177.095,177.355,489328.619487,177.2642,4911,
2026-04-02 19:11:00,177.35,177.47,177.335,177.375,301292.576761,177.4183,3041,
2026-04-02 19:12:00,177.38,177.38,177.265,177.315,263275.192749,177.3166,2270,
2026-04-02 19:13:00,177.315,177.345,177.24,177.27,206271.48577,177.2846,2105,
2026-04-02 19:14:00,177.27,177.3,177.22,177.295,204614.411661,177.264,2214,
2026-04-02 19:15:00,177.295,177.38,177.26,177.32,237451.907183,177.3266,2463,
2026-04-02 19:16:00,177.315,177.335,177.2,177.305,230647.039651,177.2582,2395,
2026-04-02 19:17:00,177.305,177.315,177.0683,177.07,201179.29557,177.1992,2382,
2026-04-02 19:18:00,177.06,177.16,177.0405,177.075,147618.45831,177.0933,1749,
2026-04-02 19:19:00,177.075,177.21,177.06,177.145,176327.815818,177.1661,2069,
2026-04-02 19:20:00,177.145,177.15,177.015,177.015,206999.672102,177.0813,2194,
2026-04-02 19:21:00,177.015,177.06,176.965,177.02,306992.870286,177.0113,2711,
2026-04-02 19:22:00,177.02,177.14,176.99,177.12,254779.880485,177.0435,2920,
2026-04-02 19:23:00,177.115,177.238,177.035,177.2,185811.252807,177.131,2200,
2026-04-02 19:24:00,177.2,177.22,177.1,177.115,213563.155422,177.1655,1953,
2026-04-02 19:25:00,177.11,177.12,176.985,177.01,208393.136012,177.0362,2244,
2026-04-02 19:26:00,177.01,177.127,176.97,177.09,203241.032364,177.0362,2374,
2026-04-02 19:27:00,177.09,177.16,177.04,177.06,142892.529689,177.1071,1733,
2026-04-02 19:28:00,177.05,177.055,176.915,176.93,301588.690769,176.9994,3162,
2026-04-02 19:29:00,176.94,176.955,176.88,176.905,216859.526197,176.913,2219,
2026-04-02 19:30:00,176.9,177.0,176.86,176.98,246822.883901,176.9337,2199,
2026-04-02 19:31:00,176.98,177.07,176.91,177.04,198580.94639,177.0069,2278,
2026-04-02 19:32:00,177.035,177.06,176.98,177.015,151585.493147,177.0118,1718,
2026-04-02 19:33:00,177.03,177.05,176.985,177.03,166714.287112,177.0143,2089,
2026-04-02 19:34:00,177.01,177.05,176.96,177.025,165591.216286,177.0136,1753,
2026-04-02 19:35:00,177.02,177.12,176.9901,177.04,193034.827657,177.0562,2067,
2026-04-02 19:36:00,177.04,177.18,177.04,177.13,184870.427631,177.1253,1920,
2026-04-02 19:37:00,177.135,177.14,176.91,176.94,223206.840765,177.0204,2179,
2026-04-02 19:38:00,176.9399,177.14,176.9301,177.11,187904.490789,177.0468,2139,
2026-04-02 19:39:00,177.105,177.155,177.08,177.125,173747.813874,177.1168,2117,
2026-04-02 19:40:00,177.13,177.135,177.03,177.07,210509.374226,177.091,2426,
2026-04-02 19:41:00,177.09,177.17,177.02,177.12,255226.650401,177.1036,2332,
2026-04-02 19:42:00,177.12,177.16,177.05,177.0799,501621.192288,177.0586,2742,
2026-04-02 19:43:00,177.06,177.1,177.0001,177.01,140691.344689,177.0501,1561,
2026-04-02 19:44:00,177.01,177.04,176.95,176.9799,217382.546835,177.0005,2037,
2026-04-02 19:45:00,176.98,177.0299,176.89,176.96,227252.314967,176.9563,2035,
2026-04-02 19:46:00,176.955,177.03,176.92,177.0201,159443.122994,176.9763,1988,
2026-04-02 19:47:00,177.03,177.105,176.99,177.1,164702.812803,177.0383,2014,
2026-04-02 19:48:00,177.095,177.1,176.9,176.93,218816.300871,176.9874,2469,
2026-04-02 19:49:00,176.925,177.0,176.91,176.9862,192172.139496,176.9599,1941,
2026-04-02 19:50:00,176.99,177.45,176.989,177.25,778195.713405,177.2911,8956,
2026-04-02 19:51:00,177.255,177.26,177.08,177.225,388125.369341,177.1681,4033,
2026-04-02 19:52:00,177.225,177.36,177.205,177.28,331233.897509,177.2758,3793,
2026-04-02 19:53:00,177.28,177.39,177.24,177.255,362968.578304,177.294,3834,
2026-04-02 19:54:00,177.25,177.33,177.15,177.2999,330701.025536,177.2253,4331,
2026-04-02 19:55:00,177.29,177.49,177.1701,177.43,630803.714238,177.3748,6985,
2026-04-02 19:56:00,177.425,177.428,177.3101,177.335,413195.975925,177.3631,4519,
2026-04-02 19:57:00,177.335,177.35,177.22,177.32,424477.807333,177.2919,4859,
2026-04-02 19:58:00,177.315,177.365,177.27,177.285,1768421.041424,177.3161,6662,
2026-04-02 19:59:00,177.29,177.47,177.26,177.4,1473459.930512,177.3493,14491,
2026-04-02 20:00:00,177.39,177.41,177.03,177.3782,2147599.988046,177.385,765,
2026-04-02 20:01:00,177.38,177.4,177.28,177.35,21898.388282,177.3613,225,
2026-04-02 20:02:00,177.36,177.36,177.27,177.3,20067.415148,177.3508,172,
2026-04-02 20:03:00,177.32,177.4,177.3083,177.3997,310031.331625,177.3067,150,
2026-04-02 20:04:00,177.3999,177.41,177.39,177.39,15880.102631,177.4014,203,
2026-04-02 20:05:00,177.38,177.49,177.3523,177.3664,59397.947509,177.3969,196,
2026-04-02 20:06:00,177.37,177.39,177.35,177.3511,7030.474822,177.3775,104,
2026-04-02 20:07:00,177.3508,177.3699,177.32,177.32,7334.008803,177.3339,137,
2026-04-02 20:08:00,177.35,177.37,177.3,177.3,26049.811434,177.3715,146,
2026-04-02 20:09:00,177.305,177.3077,177.2734,177.2801,3518.466736,177.3115,87,
2026-04-02 20:10:00,177.28,177.3235,177.28,177.2887,11152.190677,177.2993,180,
2026-04-02 20:11:00,177.29,177.32,177.28,177.29,14820.052337,177.2943,126,
2026-04-02 20:12:00,177.2813,177.29,177.28,177.285,2402.706057,177.3359,90,
2026-04-02 20:13:00,177.285,177.29,177.27,177.28,13120.101654,177.2849,139,
2026-04-02 20:14:00,177.29,177.29,177.05,177.15,82628.460419,177.1421,518,
2026-04-02 20:15:00,177.135,177.15,177.08,177.12,10099.771984,177.134,140,
2026-04-02 20:16:00,177.12,177.14,177.11,177.14,6228.26366,177.1292,85,
2026-04-02 20:17:00,177.11,177.12,177.05,177.08,10516.907232,177.0994,99,
2026-04-02 20:18:00,177.0826,177.13,177.06,177.13,9819.166484,177.0858,104,
2026-04-02 20:19:00,177.1,177.2,177.1,177.2,12825.404543,177.1624,159,
2026-04-02 20:20:00,177.19,177.2,177.13,177.13,3784.486388,177.2051,83,
2026-04-02 20:21:00,177.15,177.25,177.15,177.22,8012.306144,177.2143,174,
2026-04-02 20:22:00,177.2212,177.2442,177.2,177.205,2652.709616,177.2586,60,
2026-04-02 20:23:00,177.2,177.2,177.18,177.18,11190.848015,177.1941,96,
2026-04-02 20:24:00,177.19,177.22,177.19,177.22,1223.89617,177.3303,83,
2026-04-02 20:25:00,177.2197,177.22,177.17,177.17,6368.331615,177.219,124,
2026-04-02 20:26:00,177.17,177.17,177.17,177.17,548.385777,177.3039,74,
2026-04-02 20:27:00,177.1804,177.2069,177.18,177.2,3309.637917,177.2227,112,
2026-04-02 20:28:00,177.19,177.2,177.18,177.2,3889.231373,177.1942,108,
2026-04-02 20:29:00,177.22,177.25,177.18,177.2,22014.223874,177.2136,260,
2026-04-02 20:30:00,177.2,177.25,177.2,177.24,7191.116211,177.2458,125,
2026-04-02 20:31:00,177.22,177.22,177.1803,177.21,2689.245939,177.2186,73,
2026-04-02 20:32:00,177.2,177.2,177.18,177.18,3681.385606,177.2099,91,
2026-04-02 20:33:00,177.18,177.2,177.18,177.19,3967.906627,177.2285,98,
2026-04-02 20:34:00,177.1924,177.2,177.1291,177.1291,13838.456938,177.1791,108,
2026-04-02 20:35:00,177.16,177.17,177.12,177.15,2674.484996,177.1802,64,
2026-04-02 20:36:00,177.1265,177.1635,177.12,177.12,3917.828424,177.1665,94,
2026-04-02 20:37:00,177.12,177.16,177.12,177.15,2826.748636,177.1816,99,
2026-04-02 20:38:00,177.15,177.15,177.13,177.13,2108.349634,177.1621,77,
2026-04-02 20:39:00,177.1401,177.1401,177.14,177.14,1524.865817,177.2408,59,
2026-04-02 20:40:00,177.13,177.13,177.13,177.13,4090.242826,177.1409,101,
2026-04-02 20:41:00,177.13,177.13,177.12,177.13,4863.438762,177.5247,61,
2026-04-02 20:42:00,177.1,177.1014,177.1,177.1,6091.395155,177.1118,78,
2026-04-02 20:43:00,177.1,177.1149,177.08,177.1145,4653.125699,177.1065,77,
2026-04-02 20:44:00,177.12,177.12,177.08,177.08,5733.173253,177.1161,72,
2026-04-02 20:45:00,177.1,177.1,177.08,177.1,2742.155904,177.1057,120,
2026-04-02 20:46:00,177.09,177.11,177.09,177.11,2452.103948,177.1098,70,
2026-04-02 20:47:00,177.11,177.14,177.11,177.13,3675.296953,177.1468,115,
2026-04-02 20:48:00,177.13,177.1398,177.09,177.09,5950.508507,177.1363,80,
2026-04-02 20:49:00,177.13,177.13,177.1,177.1,931.667412,177.2421,56,
2026-04-02 20:50:00,177.1,177.1,177.05,177.09,4464.855906,177.1251,121,
2026-04-02 20:51:00,177.08,177.08,177.06,177.0605,1128.824383,177.1956,57,
2026-04-02 20:52:00,177.06,177.08,177.05,177.05,5074.54107,177.0855,80,
2026-04-02 20:53:00,177.06,177.1,177.0546,177.0546,3623.649082,177.107,74,
2026-04-02 20:54:00,177.08,177.08,177.0402,177.0402,5921.146054,177.0581,85,
2026-04-02 20:55:00,177.04,177.05,177.01,177.01,7375.982562,177.0486,116,
2026-04-02 20:56:00,177.01,177.08,176.99,177.08,18294.677628,177.0481,232,
2026-04-02 20:57:00,177.08,177.08,177.0,177.0,4047.689519,177.0855,95,
2026-04-02 20:58:00,177.01,177.01,177.01,177.01,1238.743473,177.122,69,
2026-04-02 20:59:00,177.03,177.05,177.0,177.05,6864.859288,177.0305,119,
2026-04-02 21:00:00,177.01,177.04,177.01,177.04,835.423702,177.1154,72,
2026-04-02 21:01:00,177.02,177.04,177.0,177.01,2004.251595,177.0388,64,
2026-04-02 21:02:00,177.04,177.04,177.02,177.02,845.310947,177.0964,48,
2026-04-02 21:03:00,177.02,177.03,177.0,177.03,4513.906134,177.0486,74,
2026-04-02 21:04:00,177.0,177.0026,176.99,176.99,3023.263259,177.0066,68,
2026-04-02 21:05:00,176.95,176.96,176.9302,176.95,4363.652496,176.9727,83,
2026-04-02 21:06:00,176.9698,176.97,176.9692,176.97,9647.121251,176.9721,53,
2026-04-02 21:07:00,176.9896,176.99,176.98,176.98,2885.500356,177.0161,56,
2026-04-02 21:08:00,177.0,177.0,176.97,176.97,1723.467873,177.0354,37,
2026-04-02 21:09:00,176.9735,177.0,176.9735,177.0,1283.491251,177.0628,50,
2026-04-02 21:10:00,176.97,176.9703,176.97,176.9703,1204.090944,176.9845,46,
2026-04-02 21:11:00,176.97,176.9701,176.95,176.96,3491.5659,176.9914,62,
2026-04-02 21:12:00,176.9594,176.96,176.79,176.91,7016.138301,176.9134,145,
2026-04-02 21:13:00,176.92,176.96,176.82,176.9323,10465.655062,176.9086,149,
2026-04-02 21:14:00,176.93,176.9582,176.75,176.85,25302.902334,176.8592,353,
2026-04-02 21:15:00,176.89,176.9,176.8,176.9,13600.296543,176.8579,190,
2026-04-02 21:16:00,176.8615,176.92,176.8502,176.92,3638.801934,176.9186,78,
2026-04-02 21:17:00,176.97,176.97,176.87,176.87,3221.53065,176.9319,76,
2026-04-02 21:18:00,176.91,176.91,176.87,176.88,1196.288924,176.9272,51,
2026-04-02 21:19:00,176.87,176.9,176.87,176.9,1844.271272,176.9128,64,
2026-04-02 21:20:00,176.9,176.95,176.9,176.9006,1846.581899,176.969,67,
2026-04-02 21:21:00,176.9,176.94,176.88,176.88,2445.685301,176.9518,60,
2026-04-02 21:22:00,176.8961,176.8961,176.87,176.8726,2027.092898,176.8844,45,
2026-04-02 21:23:00,176.87,176.9,176.87,176.87,1113.729046,176.9927,79,
2026-04-02 21:24:00,176.8961,176.8961,176.87,176.87,708.02978,176.8865,48,
2026-04-02 21:25:00,176.89,177.39,176.89,177.39,1039.281638,177.1389,48,
2026-04-02 21:26:00,176.8702,176.8702,176.87,176.87,1427.357544,176.9151,76,
2026-04-02 21:27:00,176.8534,176.88,176.8534,176.88,3986.8691,176.9113,60,
2026-04-02 21:28:00,176.86,176.87,176.85,176.85,4199.381929,176.8685,50,
2026-04-02 21:29:00,176.85,176.86,176.84,176.86,5007.24818,176.8635,101,
2026-04-02 21:30:00,176.85,176.86,176.85,176.85,4071.092809,176.8568,74,
2026-04-02 21:31:00,176.8587,176.8587,176.8513,176.8513,2002.395619,176.8889,44,
2026-04-02 21:32:00,176.85,176.8597,176.85,176.8597,1405.275461,176.8861,53,
2026-04-02 21:33:00,176.86,176.86,176.8,176.8,4677.4635,176.8393,86,
2026-04-02 21:34:00,176.81,176.81,176.8,176.81,6261.388543,176.8145,97,
2026-04-02 21:35:00,176.8,176.81,176.78,176.78,8882.191133,176.8043,111,
2026-04-02 21:36:00,176.79,176.81,176.79,176.81,2058.229982,176.8202,63,
2026-04-02 21:37:00,176.82,176.82,176.79,176.8,1251.260496,176.8407,63,
2026-04-02 21:38:00,176.82,176.83,176.81,176.8199,15847.781785,176.8281,111,
2026-04-02 21:39:00,176.8187,176.82,176.8105,176.8199,5188.034958,176.8205,82,
2026-04-02 21:40:00,176.815,176.82,176.81,176.8101,5994.959496,176.8394,51,
2026-04-02 21:41:00,176.82,176.85,176.8199,176.85,7140.336242,176.8424,97,
2026-04-02 21:42:00,176.85,176.89,176.84,176.84,17838.281982,176.8571,86,
2026-04-02 21:43:00,176.8574,176.86,176.84,176.86,3871.382585,176.8726,50,
2026-04-02 21:44:00,176.84,176.95,176.84,176.9,9833.905217,176.8883,144,
2026-04-02 21:45:00,176.9382,176.9382,176.86,176.86,6318.586726,176.9034,90,
2026-04-02 21:46:00,176.85,176.88,176.85,176.86,5771.713228,176.8879,56,
2026-04-02 21:47:00,176.86,176.86,176.855,176.86,1210.271048,176.8978,40,
2026-04-02 21:48:00,176.8697,176.8699,176.82,176.8311,1533.560902,176.911,70,
2026-04-02 21:49:00,176.8499,176.92,176.8499,176.91,3517.794719,176.926,108,
2026-04-02 21:50:00,176.91,176.91,176.91,176.91,2217.025841,176.9081,72,
2026-04-02 21:51:00,176.9,176.9,176.8775,176.8775,1698.816074,176.9729,66,
2026-04-02 21:52:00,176.89,176.89,176.8798,176.8798,1007.416072,176.9549,64,
2026-04-02 21:53:00,176.89,176.89,176.87,176.8715,7791.241615,176.8828,66,
2026-04-02 21:54:00,176.9,176.9,176.88,176.88,2484.455812,176.922,75,
2026-04-02 21:55:00,176.88,176.9,176.87,176.87,1711.787644,176.9611,43,
2026-04-02 21:56:00,176.88,176.9,176.88,176.9,1049.899293,177.043,58,
2026-04-02 21:57:00,176.9,176.9,176.88,176.8992,7010.125995,176.8907,90,
2026-04-02 21:58:00,176.9,176.9,176.89,176.9,863.918876,177.0835,87,
2026-04-02 21:59:00,176.9,176.9,176.8999,176.9,1480.597903,176.9719,55,
2026-04-02 22:00:00,176.94,176.94,176.87,176.87,8700.119423,176.9004,84,
2026-04-02 22:01:00,176.87,176.89,176.87,176.89,4539.889351,176.9083,39,
2026-04-02 22:02:00,176.88,176.93,176.87,176.9,3281.510602,176.9147,57,
2026-04-02 22:03:00,176.91,176.92,176.88,176.88,2339.83365,176.971,66,
2026-04-02 22:04:00,176.9,176.91,176.9,176.9,816.074442,176.9207,53,
2026-04-02 22:05:00,176.88,176.88,176.87,176.87,1185.400065,176.9363,38,
2026-04-02 22:06:00,176.89,176.89,176.88,176.88,776.05353,176.896,44,
2026-04-02 22:07:00,176.89,176.9,176.87,176.9,1461.663117,176.969,73,
2026-04-02 22:08:00,176.88,176.88,176.87,176.8702,3828.863842,176.9107,41,
2026-04-02 22:09:00,176.87,176.8793,176.86,176.8793,11645.748332,176.8805,87,
2026-04-02 22:10:00,176.84,176.9,176.84,176.9,2509.935042,176.943,104,
2026-04-02 22:11:00,176.89,176.89,176.89,176.89,1328.022138,176.8901,56,
2026-04-02 22:12:00,176.8721,176.8721,176.86,176.86,1309.023045,176.8733,67,
2026-04-02 22:13:00,176.86,176.89,176.86,176.86,3874.366064,176.9009,69,
2026-04-02 22:14:00,176.87,176.87,176.87,176.87,986.766313,177.0091,48,
2026-04-02 22:15:00,176.88,176.92,176.86,176.92,4913.920563,176.9318,122,
2026-04-02 22:16:00,176.91,176.94,176.9,176.92,9417.507021,176.9121,42,
2026-04-02 22:17:00,176.9348,176.9348,176.9,176.9,8792.047933,176.9048,52,
2026-04-02 22:18:00,176.9,176.9,176.9,176.9,5033.934919,176.9327,46,
2026-04-02 22:19:00,176.93,177.0,176.93,176.98,12992.129293,176.9601,156,
2026-04-02 22:20:00,176.91,176.91,176.85,176.852,4493.77884,176.9152,73,
2026-04-02 22:21:00,176.87,176.87,176.87,176.87,2004.629679,176.9238,56,
2026-04-02 22:22:00,176.8565,176.8565,176.85,176.85,902.722366,177.0001,52,
2026-04-02 22:23:00,176.83,176.85,176.83,176.85,3464.940123,176.8938,80,
2026-04-02 22:24:00,176.85,176.85,176.8485,176.8485,1120.897958,176.9859,45,
2026-04-02 22:25:00,176.8298,176.83,176.8208,176.83,1466.373473,176.8713,55,
2026-04-02 22:26:00,176.83,176.9,176.8203,176.9,21640.616064,176.8556,111,
2026-04-02 22:27:00,176.91,176.91,176.8601,176.9,6127.01163,176.9053,85,
2026-04-02 22:28:00,176.8665,176.91,176.8665,176.91,1054.419163,176.9711,40,
2026-04-02 22:30:00,176.8541,176.8541,176.8541,176.8541,817.254816,176.9178,45,
2026-04-02 22:31:00,176.89,176.89,176.8,176.83,4741.330684,176.8545,90,
2026-04-02 22:32:00,176.85,176.87,176.82,176.87,2333.814606,176.9164,74,
2026-04-02 22:33:00,176.86,176.87,176.86,176.87,275.280903,177.0403,24,
2026-04-02 22:34:00,176.86,176.86,176.86,176.86,1134.441808,176.9219,67,
2026-04-02 22:35:00,176.84,176.84,176.84,176.84,828.503334,176.949,34,
2026-04-02 22:36:00,176.87,176.87,176.83,176.83,2743.466129,176.8658,35,
2026-04-02 22:37:00,176.83,176.85,176.83,176.83,2384.754699,176.8939,64,
2026-04-02 22:38:00,176.84,176.84,176.8139,176.84,1650.532664,176.8846,48,
2026-04-02 22:39:00,176.8399,176.84,176.82,176.82,4455.80982,176.8585,68,
2026-04-02 22:40:00,176.86,176.86,176.86,176.86,1799.819934,176.9384,48,
2026-04-02 22:41:00,176.85,176.85,176.85,176.85,299.244472,176.9938,25,
2026-04-02 22:42:00,176.82,176.85,176.82,176.8495,1972.285393,176.8655,48,
2026-04-02 22:44:00,176.81,176.83,176.81,176.81,3229.320434,176.8391,68,
2026-04-02 22:45:00,176.82,176.82,176.8,176.82,6110.293909,176.8185,71,
2026-04-02 22:46:00,176.82,176.8374,176.82,176.8201,1527.444587,176.8746,38,
2026-04-02 22:47:00,176.82,176.82,176.82,176.82,661.006425,176.8239,41,
2026-04-02 22:48:00,176.83,176.84,176.83,176.84,885.004636,176.8341,52,
2026-04-02 22:49:00,176.84,176.84,176.8101,176.84,2418.950997,176.8967,57,
2026-04-02 22:50:00,176.84,176.84,176.84,176.84,1853.195936,176.8583,44,
2026-04-02 22:51:00,176.81,176.8101,176.81,176.8101,1010.157688,176.8415,48,
2026-04-02 22:52:00,176.8126,176.8126,176.801,176.801,1246.518739,176.8824,57,
2026-04-02 22:53:00,176.8039,176.85,176.8,176.8,4469.781786,176.8378,56,
2026-04-02 22:54:00,176.801,176.801,176.8,176.8,1126.040078,176.8084,46,
2026-04-02 22:55:00,176.8,176.8,176.8,176.8,1583.371995,176.8427,54,
2026-04-02 22:56:00,176.8,176.8,176.75,176.75,6643.221744,176.7847,93,
2026-04-02 22:57:00,176.75,176.75,176.71,176.71,2414.000232,176.7323,74,
2026-04-02 22:58:00,176.71,176.71,176.7,176.71,2808.537729,176.7374,56,
2026-04-02 22:59:00,176.7013,176.73,176.7,176.73,1476.679679,176.7864,53,
2026-04-02 23:00:00,176.74,176.74,176.72,176.72,843.551069,176.8499,37,
2026-04-02 23:01:00,176.7298,176.79,176.7298,176.78,2404.708734,176.8048,64,
2026-04-02 23:02:00,176.7278,176.7278,176.72,176.72,523.865102,177.0158,41,
2026-04-02 23:03:00,176.72,176.72,176.7,176.7,4880.227404,176.725,50,
2026-04-02 23:04:00,176.75,176.75,176.74,176.74,1919.713217,176.8111,46,
2026-04-02 23:05:00,176.7535,176.76,176.7399,176.76,2039.934361,176.8289,58,
2026-04-02 23:06:00,176.72,176.75,176.72,176.75,460.221718,176.8192,26,
2026-04-02 23:07:00,176.73,176.73,176.7,176.7,3431.330994,176.7225,71,
2026-04-02 23:08:00,176.7,176.7,176.68,176.68,1880.051678,176.6979,30,
2026-04-02 23:09:00,176.68,176.7,176.67,176.6754,2054.224833,176.7003,48,
2026-04-02 23:10:00,176.69,176.69,176.68,176.68,666.228347,176.751,33,
2026-04-02 23:11:00,176.6951,176.73,176.69,176.69,1654.551872,176.7583,69,
2026-04-02 23:12:00,176.71,176.71,176.71,176.71,495.315614,176.8168,44,
2026-04-02 23:14:00,176.7299,176.73,176.7299,176.73,539.116745,176.7666,29,
2026-04-02 23:15:00,176.7287,176.75,176.72,176.75,2706.522255,176.7652,54,
2026-04-02 23:16:00,176.75,176.75,176.7226,176.7374,670.01731,176.7382,39,
2026-04-02 23:17:00,176.74,176.74,176.6991,176.6991,2314.618712,176.7689,52,
2026-04-02 23:18:00,176.72,176.72,176.69,176.69,2143.493008,176.7394,35,
2026-04-02 23:19:00,176.77,176.77,176.7034,176.7034,1454.12869,176.7548,37,
2026-04-02 23:20:00,176.7014,176.76,176.7,176.76,2028.921497,176.7874,51,
2026-04-02 23:21:00,176.73,176.75,176.73,176.75,1018.883888,176.8948,47,
2026-04-02 23:22:00,176.75,176.76,176.73,176.76,3585.703928,176.7913,32,
2026-04-02 23:23:00,176.76,176.76,176.74,176.74,978.492928,176.8375,55,
2026-04-02 23:24:00,176.74,176.74,176.74,176.74,1096.807037,176.8712,43,
2026-04-02 23:25:00,176.74,176.7401,176.74,176.7401,1378.833946,176.8471,50,
2026-04-02 23:26:00,176.74,176.75,176.73,176.75,1848.813063,176.8193,44,
2026-04-02 23:27:00,176.73,176.75,176.73,176.75,9292.085834,176.7484,89,
2026-04-02 23:28:00,176.75,176.75,176.73,176.7496,7454.845227,176.7677,68,
2026-04-02 23:29:00,176.7493,176.75,176.7399,176.7499,4683.676083,176.7697,57,
2026-04-02 23:30:00,176.7487,176.7487,176.73,176.7398,2353.281195,176.7614,43,
2026-04-02 23:31:00,176.74,176.75,176.74,176.75,33230.009624,176.7495,152,
2026-04-02 23:32:00,176.73,176.73,176.72,176.72,1320.913978,176.8532,82,
2026-04-02 23:33:00,176.72,176.7395,176.72,176.72,2512.931299,176.7877,65,
2026-04-02 23:34:00,176.72,176.7374,176.72,176.72,2273.837255,176.7953,64,
2026-04-02 23:35:00,176.74,176.75,176.74,176.75,4848.873889,176.7803,67,
2026-04-02 23:36:00,176.75,176.75,176.75,176.75,2142.568779,176.7956,76,
2026-04-02 23:37:00,176.7498,176.75,176.7402,176.75,665.18043,176.7934,35,
2026-04-02 23:38:00,176.75,176.75,176.74,176.7413,2447.516766,176.7831,50,
2026-04-02 23:39:00,176.75,176.81,176.75,176.8008,17493.070684,176.76,112,
2026-04-02 23:40:00,176.8,176.83,176.79,176.8139,2753.552047,176.8411,59,
2026-04-02 23:41:00,176.84,176.85,176.84,176.85,12998.677847,176.8531,83,
2026-04-02 23:42:00,176.84,176.84,176.8,176.83,3592.323352,176.8466,52,
2026-04-02 23:43:00,176.82,176.82,176.8052,176.8052,3115.541301,176.8398,46,
2026-04-02 23:44:00,176.75,176.79,176.75,176.79,1089.807507,176.9129,58,
2026-04-02 23:45:00,176.79,176.79,176.7539,176.7539,2218.543394,176.8268,60,
2026-04-02 23:46:00,176.78,176.78,176.77,176.77,1148.923222,176.9106,75,
2026-04-02 23:47:00,176.7774,176.78,176.76,176.76,4676.412469,176.7884,93,
2026-04-02 23:48:00,176.76,176.77,176.76,176.7603,5206.002049,176.7664,153,
2026-04-02 23:49:00,176.7699,176.77,176.75,176.75,9268.097104,176.7561,134,
2026-04-02 23:50:00,176.74,176.76,176.7204,176.76,2601.975993,176.8117,132,
2026-04-02 23:51:00,176.7513,176.76,176.73,176.7497,6964.033942,176.7578,129,
2026-04-02 23:52:00,176.75,176.76,176.73,176.76,17865.047075,176.7353,114,
2026-04-02 23:53:00,176.74,176.76,176.7252,176.73,4452.306539,176.7606,137,
2026-04-02 23:54:00,176.7461,176.75,176.72,176.72,4940.767153,176.7583,125,
2026-04-02 23:55:00,176.72,176.72,176.65,176.6761,9220.560617,176.6903,209,
2026-04-02 23:56:00,176.6652,176.7,176.65,176.68,6152.461391,176.7009,147,
2026-04-02 23:57:00,176.68,176.69,176.66,176.68,12115.20824,176.6769,121,
2026-04-02 23:58:00,176.699,176.7,176.66,176.66,14931.409749,176.6801,129,
2026-04-02 23:59:00,176.66,176.7,176.63,176.6999,14314.600308,176.674,133,
2026-04-06 08:00:00,177.8,177.98,177.14,177.91,29687.847477,177.7177,1602,
2026-04-06 08:01:00,178.24,178.27,177.04,177.95,282610.029213,177.5259,8955,
2026-04-06 08:02:00,177.98,178.17,177.98,178.17,24915.278786,178.0605,370,
2026-04-06 08:03:00,178.2,178.39,178.2,178.31,19235.837944,178.3096,556,
2026-04-06 08:04:00,178.33,178.35,178.28,178.35,7233.644548,178.316,248,
2026-04-06 08:05:00,178.36,178.44,178.22,178.26,16593.086871,178.3189,382,
2026-04-06 08:06:00,178.25,178.31,178.1,178.14,7790.147531,178.1912,142,
2026-04-06 08:07:00,178.14,178.2,178.11,178.2,3555.026782,178.1391,120,
2026-04-06 08:08:00,178.1,178.25,178.1,178.25,4632.090754,178.175,143,
2026-04-06 08:09:00,178.22,178.35,178.22,178.35,2050.405934,178.2941,97,
2026-04-06 08:10:00,178.35,178.35,178.27,178.28,7937.075695,178.3064,171,
2026-04-06 08:11:00,178.21,178.26,178.2,178.25,2416.739175,178.2299,83,
2026-04-06 08:12:00,178.28,178.28,178.15,178.17,3628.132679,178.2038,117,
2026-04-06 08:13:00,178.21,178.27,178.2,178.22,3954.0,178.2257,156,
2026-04-06 08:14:00,178.2,178.23,178.16,178.19,3124.522329,178.1944,93,
2026-04-06 08:15:00,178.16,178.37,178.16,178.355,8658.403153,178.2735,197,
2026-04-06 08:16:00,178.31,178.39,178.27,178.39,5446.421662,178.3281,146,
2026-04-06 08:17:00,178.39,178.4,178.34,178.34,2941.443238,178.383,129,
2026-04-06 08:18:00,178.34,178.36,178.25,178.29,9027.016311,178.2915,164,
2026-04-06 08:19:00,178.31,178.31,178.26,178.26,2138.105966,178.2798,64,
2026-04-06 08:20:00,178.29,178.32,178.26,178.32,3204.0,178.2841,90,
2026-04-06 08:21:00,178.38,178.38,178.32,178.32,560.486346,178.3385,33,
2026-04-06 08:22:00,178.3,178.38,178.3,178.34,3192.368123,178.3459,72,
2026-04-06 08:23:00,178.4,178.41,178.35,178.35,3065.298662,178.3926,82,
2026-04-06 08:24:00,178.34,178.52,178.34,178.52,4712.923665,178.4636,199,
2026-04-06 08:25:00,178.55,178.64,178.55,178.64,3157.652601,178.577,173,
2026-04-06 08:26:00,178.64,178.64,178.595,178.63,6914.615655,178.6177,108,
2026-04-06 08:27:00,178.635,178.635,178.6,178.61,2586.06853,178.6131,87,
2026-04-06 08:28:00,178.61,178.61,178.52,178.6,4394.060562,178.5763,149,
2026-04-06 08:29:00,178.6,178.7,178.6,178.67,5948.14047,178.666,163,
2026-04-06 08:30:00,178.65,178.72,178.65,178.65,5180.044048,178.682,117,
2026-04-06 08:31:00,178.64,178.72,178.64,178.71,4526.335394,178.6913,121,
2026-04-06 08:32:00,178.72,178.76,178.7,178.7,2747.561701,178.7206,125,
2026-04-06 08:33:00,178.72,178.81,178.7,178.81,17509.195973,178.7396,212,
2026-04-06 08:34:00,178.82,178.96,178.82,178.905,13648.431155,178.9003,267,
2026-04-06 08:35:00,178.945,179.0,178.94,178.99,13588.902272,178.9795,355,
2026-04-06 08:36:00,179.0,179.14,178.97,179.05,23195.033707,179.0416,453,
2026-04-06 08:37:00,179.065,179.09,179.0,179.0,7419.35311,179.0366,166,
2026-04-06 08:38:00,179.01,179.08,178.99,179.05,3441.20316,179.037,125,
2026-04-06 08:39:00,179.055,179.055,178.97,178.97,7455.574708,179.0,171,
2026-04-06 08:40:00,179.0,179.0,178.78,179.0,17743.971726,178.9363,250,
2026-04-06 08:41:00,178.97,179.12,178.97,179.1,6610.884096,179.0213,160,
2026-04-06 08:42:00,179.13,179.15,179.05,179.05,4079.836549,179.0993,136,
2026-04-06 08:43:00,179.05,179.05,179.0,179.035,3367.632926,179.03,98,
2026-04-06 08:44:00,179.06,179.06,178.94,178.98,5063.889,179.019,142,
2026-04-06 08:45:00,178.97,178.97,178.9,178.9,3780.907658,178.9199,104,
2026-04-06 08:46:00,178.9204,178.95,178.91,178.92,4667.646271,178.9328,94,
2026-04-06 08:47:00,178.95,178.95,178.85,178.85,6789.466862,178.9171,177,
2026-04-06 08:48:00,178.85,178.88,178.85,178.85,1699.78229,178.8729,64,
2026-04-06 08:49:00,178.93,178.93,178.85,178.9,4795.675098,178.9013,135,
2026-04-06 08:50:00,178.85,178.85,178.83,178.85,2529.108426,178.8476,95,
2026-04-06 08:51:00,178.85,178.88,178.85,178.86,7127.7,178.8581,83,
2026-04-06 08:52:00,178.85,178.87,178.85,178.87,2281.819449,178.8561,66,
2026-04-06 08:53:00,178.89,178.89,178.85,178.8801,1852.092726,178.869,54,
2026-04-06 08:54:00,178.87,178.89,178.73,178.78,8014.354622,178.8137,190,
2026-04-06 08:55:00,178.79,178.79,178.79,178.79,899.0,178.7713,39,
2026-04-06 08:56:00,178.81,178.81,178.81,178.81,820.769694,178.7769,53,
2026-04-06 08:58:00,178.9636,178.9636,178.82,178.82,2467.072051,178.8813,77,
2026-04-06 08:59:00,178.87,178.87,178.87,178.87,612.319525,178.8049,37,
2026-04-06 09:00:00,178.76,178.76,178.73,178.73,2872.409675,178.7501,101,
2026-04-06 09:01:00,178.74,178.76,178.64,178.76,8298.208555,178.7095,142,
2026-04-06 09:02:00,178.73,178.8,178.7114,178.8,4768.850282,178.7406,80,
2026-04-06 09:03:00,178.91,178.94,178.8904,178.91,1940.282552,178.9064,76,
2026-04-06 09:04:00,178.92,178.92,178.9,178.92,2045.670117,178.9201,88,
2026-04-06 09:05:00,178.94,179.0,178.94,178.95,2786.870214,178.9542,149,
2026-04-06 09:06:00,178.95,178.95,178.95,178.95,1046.147809,178.9395,76,
2026-04-06 09:07:00,178.94,178.94,178.86,178.9,4524.002311,178.9127,119,
2026-04-06 09:08:00,178.9,178.95,178.9,178.95,633.905492,178.9292,44,
2026-04-06 09:09:00,178.95,178.95,178.9,178.91,1463.155244,178.9281,62,
2026-04-06 09:10:00,178.93,178.95,178.93,178.95,583.873567,178.9162,54,
2026-04-06 09:11:00,178.83,178.84,178.8,178.84,1872.0,178.8267,75,
2026-04-06 09:12:00,178.81,178.81,178.75,178.8,3042.178144,178.7922,94,
2026-04-06 09:13:00,178.76,178.76,178.72,178.75,2789.0,178.7445,78,
2026-04-06 09:14:00,178.79,178.79,178.79,178.79,464.400543,178.7555,36,
2026-04-06 09:15:00,178.74,178.74,178.71,178.71,910.109015,178.7386,61,
2026-04-06 09:16:00,178.74,178.74,178.69,178.69,1184.055869,178.7013,62,
2026-04-06 09:17:00,178.7,178.72,178.68,178.72,2980.362238,178.7017,49,
2026-04-06 09:18:00,178.72,178.778,178.72,178.778,1799.02024,178.7492,70,
2026-04-06 09:19:00,178.8,178.84,178.8,178.82,1237.092395,178.8098,59,
2026-04-06 09:20:00,178.81,178.829,178.8,178.829,1378.654384,178.8032,58,
2026-04-06 09:21:00,178.81,178.89,178.8,178.87,2089.872497,178.8465,50,
2026-04-06 09:22:00,178.885,178.95,178.885,178.91,2753.037709,178.9312,59,
2026-04-06 09:23:00,178.92,178.95,178.9,178.95,1501.133498,178.9188,65,
2026-04-06 09:24:00,178.94,178.94,178.82,178.86,3030.648104,178.8989,87,
2026-04-06 09:25:00,178.87,178.87,178.83,178.86,1771.273031,178.8505,61,
2026-04-06 09:26:00,178.86,178.86,178.86,178.86,2335.0,178.8637,42,
2026-04-06 09:27:00,178.88,178.93,178.87,178.93,1091.206175,178.8967,61,
2026-04-06 09:28:00,178.93,178.95,178.91,178.95,4076.855833,178.9311,87,
2026-04-06 09:29:00,178.93,178.98,178.93,178.93,2085.18123,178.9504,74,
2026-04-06 09:30:00,178.91,178.91,178.91,178.91,1184.402749,178.9121,54,
2026-04-06 09:31:00,178.92,178.9496,178.9,178.9496,2148.065048,178.9132,67,
2026-04-06 09:32:00,178.91,178.91,178.8,178.842,8233.303746,178.8802,125,
2026-04-06 09:34:00,178.82,178.88,178.82,178.88,2222.255507,178.8606,58,
2026-04-06 09:35:00,178.89,178.9,178.86,178.86,636.278678,178.8718,35,
2026-04-06 09:36:00,178.82,178.83,178.81,178.83,1963.485932,178.8205,69,
2026-04-06 09:37:00,178.8,178.8,178.75,178.78,2454.672687,178.788,99,
2026-04-06 09:38:00,178.79,178.84,178.79,178.81,801.239402,178.801,56,
2026-04-06 09:39:00,178.78,178.78,178.75,178.76,1854.674513,178.7651,52,
2026-04-06 09:40:00,178.75,178.75,178.73,178.73,1415.173528,178.7371,53,
2026-04-06 09:41:00,178.76,178.76,178.76,178.76,845.05175,178.7703,44,
2026-04-06 09:43:00,178.76,178.76,178.76,178.76,257.703624,178.7805,18,
2026-04-06 09:44:00,178.77,178.81,178.76,178.81,1313.0,178.7744,55,
2026-04-06 09:45:00,178.8,178.8,178.79,178.79,877.615085,178.7962,44,
2026-04-06 09:46:00,178.8,178.8,178.76,178.76,1631.052101,178.778,73,
2026-04-06 09:47:00,178.75,178.75,178.75,178.75,407.685296,178.7575,42,
2026-04-06 09:48:00,178.75,178.75,178.72,178.72,1683.804619,178.7378,59,
2026-04-06 09:49:00,178.72,178.72,178.6,178.61,8213.325461,178.6577,183,
2026-04-06 09:50:00,178.62,178.62,178.52,178.56,2937.21543,178.5646,130,
2026-04-06 09:51:00,178.59,178.59,178.56,178.59,2889.0,178.5828,98,
2026-04-06 09:52:00,178.6,178.6,178.6,178.6,1498.216049,178.5975,41,
2026-04-06 09:53:00,178.53,178.6,178.53,178.56,2037.355795,178.5603,87,
2026-04-06 09:54:00,178.52,178.52,178.3,178.41,11729.115973,178.4217,292,
2026-04-06 09:55:00,178.445,178.49,178.445,178.49,917.972397,178.4494,38,
2026-04-06 09:56:00,178.45,178.45,178.3,178.3,3426.57418,178.3752,109,
2026-04-06 09:57:00,178.3,178.3,178.27,178.27,2986.300822,178.2834,81,
2026-04-06 09:58:00,178.22,178.27,178.22,178.27,2167.924723,178.2656,96,
2026-04-06 09:59:00,178.2336,178.325,178.2336,178.325,5704.883231,178.303,85,
2026-04-06 10:00:00,178.3,178.3,178.2,178.24,3148.583623,178.2587,97,
2026-04-06 10:01:00,178.18,178.18,178.17,178.17,3458.026306,178.1894,89,
2026-04-06 10:02:00,178.14,178.18,178.08,178.1,6422.909189,178.1472,135,
2026-04-06 10:03:00,178.1,178.1,178.01,178.06,5903.744852,178.0608,129,
2026-04-06 10:04:00,178.1,178.18,178.1,178.17,8101.628121,178.129,68,
2026-04-06 10:05:00,178.18,178.18,178.1,178.17,2715.036494,178.1426,87,
2026-04-06 10:06:00,178.18,178.21,178.15,178.17,10196.387369,178.1794,174,
2026-04-06 10:07:00,178.255,178.3,178.255,178.3,697.429977,178.2698,32,
2026-04-06 10:08:00,178.28,178.28,178.21,178.21,2336.543272,178.2449,53,
2026-04-06 10:09:00,178.3,178.3,178.24,178.26,2202.170834,178.2788,58,
2026-04-06 10:10:00,178.27,178.3,178.27,178.29,1832.374412,178.2907,54,
2026-04-06 10:11:00,178.28,178.3,178.27,178.3,2193.367991,178.2842,89,
2026-04-06 10:12:00,178.27,178.27,178.21,178.24,7699.005609,178.2512,94,
2026-04-06 10:14:00,178.26,178.32,178.26,178.32,14513.874088,178.3125,97,
2026-04-06 10:15:00,178.27,178.31,178.27,178.3,1223.280427,178.2893,46,
2026-04-06 10:16:00,178.31,178.32,178.31,178.31,849.1815,178.3223,46,
2026-04-06 10:17:00,178.3,178.4,178.27,178.4,9057.880988,178.3246,116,
2026-04-06 10:18:00,178.35,178.35,178.0,178.19,8663.724423,178.2274,282,
2026-04-06 10:19:00,178.24,178.24,178.2,178.2,1552.061242,178.2297,58,
2026-04-06 10:20:00,178.14,178.18,178.14,178.18,1148.130131,178.1672,66,
2026-04-06 10:21:00,178.18,178.22,178.16,178.22,1044.084278,178.1836,29,
2026-04-06 10:22:00,178.19,178.22,178.19,178.19,1800.278329,178.1989,52,
2026-04-06 10:23:00,178.33,178.33,178.33,178.33,471.08447,178.3007,22,
2026-04-06 10:24:00,178.26,178.33,178.25,178.25,1306.548754,178.2679,55,
2026-04-06 10:25:00,178.2,178.23,178.2,178.23,3750.726067,178.2048,66,
2026-04-06 10:26:00,178.17,178.2,178.1,178.15,6548.612825,178.1702,143,
2026-04-06 10:27:00,178.16,178.16,178.16,178.16,1208.0,178.1527,41,
2026-04-06 10:28:00,178.27,178.3,178.27,178.3,2004.817269,178.2572,61,
2026-04-06 10:29:00,178.3,178.4,178.3,178.34,1429.702265,178.3339,49,
2026-04-06 10:30:00,178.35,178.35,178.22,178.22,1623.16113,178.2922,60,
2026-04-06 10:31:00,178.23,178.23,178.18,178.19,11467.171717,178.192,75,
2026-04-06 10:34:00,178.2,178.21,178.2,178.2,1307.938508,178.2308,53,
2026-04-06 10:36:00,178.21,178.21,178.21,178.21,523.03669,178.2293,55,
2026-04-06 10:37:00,178.22,178.22,178.22,178.22,808.768088,178.234,40,
2026-04-06 10:38:00,178.27,178.3,178.24,178.24,1687.337105,178.2783,53,
2026-04-06 10:39:00,178.29,178.29,178.21,178.21,2106.074575,178.2487,52,
2026-04-06 10:41:00,178.24,178.24,178.19,178.19,1148.964329,178.2307,63,
2026-04-06 10:42:00,178.21,178.25,178.21,178.25,1473.320761,178.2426,43,
2026-04-06 10:43:00,178.25,178.25,178.11,178.13,5013.221388,178.1878,137,
2026-04-06 10:44:00,178.13,178.16,178.08,178.16,6472.030518,178.0916,86,
2026-04-06 10:45:00,178.11,178.16,178.1,178.16,832.271572,178.1303,35,
2026-04-06 10:46:00,178.07,178.07,177.41,177.665,25895.009686,177.7207,929,
2026-04-06 10:47:00,177.8,177.8,177.72,177.75,3696.879898,177.7746,110,
2026-04-06 10:48:00,177.9,177.93,177.75,177.93,6219.068227,177.8731,159,
2026-04-06 10:49:00,177.94,178.04,177.92,178.03,10508.699657,177.9802,206,
2026-04-06 10:50:00,177.97,177.97,177.91,177.93,2731.046646,177.934,91,
2026-04-06 10:51:00,177.89,177.89,177.8,177.85,3893.167972,177.8428,145,
2026-04-06 10:52:00,177.87,177.91,177.85,177.91,1973.0,177.8859,70,
2026-04-06 10:53:00,177.93,177.93,177.85,177.85,771.0,177.9055,46,
2026-04-06 10:54:00,177.85,177.86,177.75,177.75,4452.80716,177.8209,117,
2026-04-06 10:55:00,177.81,177.81,177.75,177.81,1174.022324,177.7758,40,
2026-04-06 10:56:00,177.8,177.83,177.75,177.75,4043.0,177.8162,71,
2026-04-06 10:57:00,177.79,177.8,177.7,177.72,4150.469866,177.7488,110,
2026-04-06 10:58:00,177.71,177.78,177.7,177.75,4335.090377,177.7381,86,
2026-04-06 10:59:00,177.66,177.78,177.66,177.78,2505.33003,177.7298,72,
2026-04-06 11:00:00,177.73,177.9,177.5,177.8495,65965.691744,177.7519,1126,
2026-04-06 11:01:00,177.8,177.82,177.74,177.82,10017.801769,177.7846,130,
2026-04-06 11:02:00,177.83,177.92,177.8,177.9,8352.897217,177.8556,147,
2026-04-06 11:03:00,177.89,177.92,177.72,177.7965,19685.161869,177.8228,187,
2026-04-06 11:04:00,177.8,177.8993,177.8,177.8993,11007.037668,177.8597,117,
2026-04-06 11:05:00,177.88,177.9224,177.85,177.88,14228.118931,177.8873,137,
2026-04-06 11:06:00,177.9,177.95,177.9,177.93,5671.498817,177.9323,115,
2026-04-06 11:07:00,177.91,177.9215,177.83,177.83,8532.778484,177.8624,138,
2026-04-06 11:08:00,177.83,177.8699,177.79,177.79,22045.881537,177.825,205,
2026-04-06 11:09:00,177.82,177.85,177.77,177.8001,11987.9,177.8056,103,
2026-04-06 11:10:00,177.81,177.83,177.7,177.7,13393.562567,177.7751,185,
2026-04-06 11:11:00,177.72,177.7499,177.63,177.64,7993.330105,177.7032,142,
2026-04-06 11:12:00,177.66,177.7,177.65,177.68,7443.341956,177.6753,114,
2026-04-06 11:13:00,177.6723,177.7196,177.6723,177.69,2824.66193,177.6907,79,
2026-04-06 11:14:00,177.72,177.72,177.63,177.63,7880.956302,177.6654,130,
2026-04-06 11:15:00,177.64,177.75,177.6,177.75,10883.905828,177.6555,151,
2026-04-06 11:16:00,177.71,177.75,177.6953,177.6953,6299.917122,177.7344,82,
2026-04-06 11:17:00,177.75,177.75,177.72,177.74,12419.0,177.7399,100,
2026-04-06 11:18:00,177.75,177.7808,177.7,177.73,6824.222177,177.746,119,
2026-04-06 11:19:00,177.71,177.79,177.7008,177.78,9279.396647,177.7484,76,
2026-04-06 11:20:00,177.78,177.78,177.71,177.73,6202.469972,177.7466,114,
2026-04-06 11:21:00,177.74,177.77,177.74,177.75,4348.032414,177.7509,72,
2026-04-06 11:22:00,177.7519,177.7519,177.57,177.61,10558.397788,177.6639,136,
2026-04-06 11:23:00,177.6999,177.7,177.66,177.7,2622.0,177.6783,42,
2026-04-06 11:24:00,177.7,177.71,177.6618,177.7,7394.146353,177.6982,76,
2026-04-06 11:25:00,177.71,177.75,177.71,177.75,1308.154051,177.7261,47,
2026-04-06 11:26:00,177.7001,177.8,177.7001,177.74,8786.544558,177.7365,129,
2026-04-06 11:27:00,177.7201,177.76,177.7201,177.76,1557.0,177.7316,54,
2026-04-06 11:28:00,177.7526,177.83,177.7526,177.815,8387.19124,177.8018,78,
2026-04-06 11:29:00,177.8,177.8461,177.8,177.8461,3253.1763,177.8212,91,
2026-04-06 11:30:00,177.82,177.85,177.8154,177.8448,13381.536433,177.8424,131,
2026-04-06 11:31:00,177.81,177.88,177.81,177.88,3104.007144,177.832,71,
2026-04-06 11:32:00,177.8999,177.91,177.85,177.91,8935.386873,177.8909,119,
2026-04-06 11:33:00,177.8821,177.93,177.8821,177.93,3594.513011,177.9083,83,
2026-04-06 11:34:00,177.9248,177.95,177.9248,177.94,4788.673951,177.9397,80,
2026-04-06 11:35:00,177.95,178.0,177.92,177.9527,11413.514156,177.9594,177,
2026-04-06 11:36:00,177.95,178.0,177.93,177.99,6418.27199,177.9753,136,
2026-04-06 11:37:00,178.0,178.11,178.0,178.0501,15474.731401,178.022,327,
2026-04-06 11:38:00,178.09,178.1274,178.0805,178.1274,5975.07368,178.1085,138,
2026-04-06 11:39:00,178.14,178.14,178.1,178.14,16059.045022,178.1205,262,
2026-04-06 11:40:00,178.12,178.14,178.08,178.11,9742.389142,178.1049,118,
2026-04-06 11:41:00,178.1,178.1,178.06,178.06,2050.0,178.0838,80,
2026-04-06 11:42:00,178.0622,178.08,178.0259,178.0405,7312.086234,178.0492,98,
2026-04-06 11:43:00,178.05,178.06,178.01,178.01,4646.743507,178.046,82,
2026-04-06 11:44:00,178.0274,178.05,178.0,178.0104,7122.200061,178.0099,88,
2026-04-06 11:45:00,178.03,178.08,178.0183,178.03,2630.72197,178.0414,59,
2026-04-06 11:46:00,178.0439,178.07,178.035,178.0405,5945.21153,178.0506,81,
2026-04-06 11:47:00,178.06,178.06,178.0,178.0,8254.58867,178.009,82,
2026-04-06 11:48:00,178.01,178.08,178.0,178.04,6571.360563,178.0371,94,
2026-04-06 11:49:00,178.04,178.08,178.01,178.02,8644.670112,178.0363,59,
2026-04-06 11:50:00,178.02,178.08,178.02,178.08,2147.86132,178.0416,64,
2026-04-06 11:51:00,178.08,178.1,178.08,178.1,6613.07085,178.0885,116,
2026-04-06 11:52:00,178.0891,178.12,178.08,178.0968,7034.496266,178.0965,91,
2026-04-06 11:53:00,178.08,178.09,178.08,178.0801,3267.956111,178.0841,74,
2026-04-06 11:54:00,178.1,178.12,178.1,178.1,1565.139827,178.103,63,
2026-04-06 11:55:00,178.12,178.12,178.09,178.09,7198.571544,178.1124,83,
2026-04-06 11:56:00,178.08,178.11,178.08,178.1,3883.641735,178.0873,119,
2026-04-06 11:57:00,178.0881,178.12,178.0881,178.12,1383.234524,178.1106,40,
2026-04-06 11:58:00,178.1101,178.1295,178.11,178.11,2852.009,178.116,50,
2026-04-06 11:59:00,178.1287,178.1287,178.07,178.07,3490.279,178.0933,107,
2026-04-06 12:00:00,178.08,178.1,178.05,178.08,12423.400329,178.1385,131,
2026-04-06 12:01:00,178.08,178.08,178.01,178.01,8418.993307,178.0349,536,
2026-04-06 12:02:00,178.035,178.035,177.9,177.96,73450.660784,178.01,395,
2026-04-06 12:03:00,177.95,177.97,177.9221,177.9586,2306.719813,177.9509,64,
2026-04-06 12:04:00,177.98,177.9893,177.9517,177.9893,3498.780857,177.9667,95,
2026-04-06 12:05:00,177.99,178.05,177.99,178.0,18800.403025,177.6635,505,
2026-04-06 12:06:00,178.0,178.03,177.99,178.03,5056.729539,178.0044,99,
2026-04-06 12:07:00,178.04,178.0838,178.04,178.0603,5437.148056,178.0616,99,
2026-04-06 12:08:00,178.06,178.06,178.05,178.06,1595.527364,178.0579,77,
2026-04-06 12:09:00,178.06,178.11,178.0,178.0,14436.998269,178.0655,137,
2026-04-06 12:10:00,178.03,178.03,178.0,178.0,5976.961005,178.0149,79,
2026-04-06 12:11:00,178.0014,178.0601,178.0,178.0601,4884.240394,178.0221,124,
2026-04-06 12:12:00,178.06,178.1014,178.02,178.1,7636.976037,178.0617,118,
2026-04-06 12:13:00,178.0899,178.0899,178.0,178.0291,8008.026561,178.0127,151,
2026-04-06 12:14:00,178.05,178.0548,178.04,178.04,2879.627453,178.0439,59,
2026-04-06 12:15:00,178.0227,178.07,178.0001,178.02,1639.474518,178.04,60,
2026-04-06 12:16:00,178.1,178.1,178.05,178.0683,3902.572619,178.0863,114,
2026-04-06 12:17:00,178.0543,178.06,178.05,178.06,1524.255291,178.0493,78,
2026-04-06 12:18:00,178.05,178.055,178.0239,178.04,2263.361578,178.0448,93,
2026-04-06 12:19:00,178.05,178.06,177.97,178.0035,11737.245039,178.0114,169,
2026-04-06 12:20:00,177.95,177.9522,177.85,177.85,14432.014463,177.8871,231,
2026-04-06 12:21:00,177.88,177.96,177.88,177.9,11157.42871,177.9389,90,
2026-04-06 12:22:00,177.91,177.91,177.88,177.8995,13773.439768,177.8835,101,
2026-04-06 12:23:00,177.9,177.93,177.87,177.93,12316.613853,177.9001,120,
2026-04-06 12:24:00,177.8917,177.9568,177.8917,177.95,1794.806184,177.9372,72,
2026-04-06 12:25:00,177.97,177.97,177.92,177.925,2216.827798,177.9347,73,
2026-04-06 12:26:00,177.9301,177.95,177.92,177.92,3623.603595,177.9323,79,
2026-04-06 12:27:00,177.93,177.9541,177.9,177.9,2583.168608,177.9257,93,
2026-04-06 12:28:00,177.9086,178.0,177.9086,177.98,11895.778005,177.9723,167,
2026-04-06 12:29:00,177.9801,177.9998,177.96,177.97,3528.158902,177.9775,76,
2026-04-06 12:30:00,177.97,177.97,177.9,177.9,3566.262656,177.9359,61,
2026-04-06 12:31:00,177.91,177.9185,177.86,177.9185,7372.03506,177.8851,130,
2026-04-06 12:32:00,177.93,177.93,177.85,177.85,1521.127109,177.8862,54,
2026-04-06 12:33:00,177.88,177.94,177.85,177.93,7121.943797,177.8921,120,
2026-04-06 12:34:00,177.94,178.02,177.92,178.0,11303.715291,177.9865,176,
2026-04-06 12:35:00,177.945,177.95,177.945,177.95,1425.904164,177.9429,63,
2026-04-06 12:36:00,177.91,177.93,177.86,177.9,3863.064665,177.8931,133,
2026-04-06 12:37:00,177.9,177.95,177.9,177.9,4985.198693,177.91,93,
2026-04-06 12:38:00,177.86,177.92,177.86,177.88,3880.029139,177.8982,102,
2026-04-06 12:39:00,177.91,177.91,177.88,177.88,6876.822613,177.8966,82,
2026-04-06 12:40:00,177.9,177.9,177.84,177.84,6887.405607,177.8711,191,
2026-04-06 12:41:00,177.82,177.84,177.7708,177.7708,18268.463882,177.806,221,
2026-04-06 12:42:00,177.76,177.84,177.76,177.8,3921.050464,177.8145,112,
2026-04-06 12:43:00,177.79,177.81,177.7663,177.79,4544.128437,177.7885,115,
2026-04-06 12:44:00,177.7713,177.7713,177.75,177.75,2715.104909,177.7619,123,
2026-04-06 12:45:00,177.74,177.88,177.7363,177.8065,8358.730301,177.7962,157,
2026-04-06 12:46:00,177.84,177.9,177.83,177.87,6990.626212,177.868,149,
2026-04-06 12:47:00,177.8986,177.9,177.82,177.85,13500.650722,177.8677,151,
2026-04-06 12:48:00,177.85,177.8611,177.77,177.7999,4055.793746,177.8164,101,
2026-04-06 12:49:00,177.79,177.8,177.74,177.781,4494.928821,177.7674,112,
2026-04-06 12:50:00,177.75,177.7835,177.75,177.76,6489.250189,177.7673,117,
2026-04-06 12:51:00,177.74,177.775,177.7,177.7,10027.527527,177.7354,235,
2026-04-06 12:52:00,177.7696,177.78,177.64,177.69,5974.799343,177.6963,184,
2026-04-06 12:53:00,177.64,177.68,177.6,177.65,7503.883343,177.6293,165,
2026-04-06 12:54:00,177.68,177.68,177.65,177.65,2091.846431,177.6622,74,
2026-04-06 12:55:00,177.6561,177.704,177.65,177.68,8459.418435,177.6772,117,
2026-04-06 12:56:00,177.74,177.74,177.62,177.62,7160.263976,177.6766,129,
2026-04-06 12:57:00,177.62,177.66,177.6,177.604,8844.397904,177.6138,171,
2026-04-06 12:58:00,177.6,177.6555,177.6,177.64,4962.955238,177.6345,80,
2026-04-06 12:59:00,177.64,177.7216,177.61,177.612,18700.955324,177.6794,193,
2026-04-06 13:00:00,177.665,177.6963,177.61,177.62,4168.411943,177.6527,147,
2026-04-06 13:01:00,177.61,177.61,177.53,177.54,9834.441769,177.5661,247,
2026-04-06 13:02:00,177.53,177.56,177.51,177.55,10907.389035,177.5395,152,
2026-04-06 13:03:00,177.55,177.59,177.51,177.56,5506.481115,177.5491,150,
2026-04-06 13:04:00,177.5418,177.605,177.52,177.5381,13275.242604,177.5432,144,
2026-04-06 13:05:00,177.5154,177.55,177.51,177.51,14488.619098,177.5323,174,
2026-04-06 13:06:00,177.5,177.51,177.43,177.48,24295.208875,177.4754,451,
2026-04-06 13:07:00,177.48,177.56,177.48,177.55,10545.620014,177.52,199,
2026-04-06 13:08:00,177.57,177.57,177.52,177.54,3597.061476,177.5432,119,
2026-04-06 13:09:00,177.56,177.59,177.5,177.59,7077.342901,177.5404,196,
2026-04-06 13:10:00,177.57,177.6,177.5,177.51,6890.221428,177.5552,191,
2026-04-06 13:11:00,177.54,177.65,177.54,177.65,8003.197732,177.6013,210,
2026-04-06 13:12:00,177.67,177.67,177.65,177.6681,6397.908306,177.6599,143,
2026-04-06 13:13:00,177.655,177.71,177.6336,177.66,5096.803155,177.6761,178,
2026-04-06 13:14:00,177.6794,177.6794,177.59,177.6283,10101.476381,177.6447,148,
2026-04-06 13:15:00,177.63,177.65,177.5891,177.61,10333.249031,177.6228,122,
2026-04-06 13:16:00,177.6,177.63,177.55,177.63,6406.949871,177.6,165,
2026-04-06 13:17:00,177.6108,177.72,177.6108,177.71,9203.047958,177.6601,142,
2026-04-06 13:18:00,177.75,177.76,177.67,177.74,11409.242822,177.7138,206,
2026-04-06 13:19:00,177.74,177.78,177.65,177.65,15916.632312,177.6896,247,
2026-04-06 13:20:00,177.64,177.69,177.56,177.56,6128.896806,177.6157,169,
2026-04-06 13:21:00,177.56,177.62,177.51,177.51,9766.646411,177.5856,202,
2026-04-06 13:22:00,177.525,177.57,177.45,177.5,24180.449981,177.4936,306,
2026-04-06 13:23:00,177.57,177.69,177.5,177.6535,13753.629613,177.6092,147,
2026-04-06 13:24:00,177.6322,177.65,177.6005,177.63,2913.194551,177.6304,103,
2026-04-06 13:25:00,177.56,177.6,177.38,177.5,21149.93002,177.4861,470,
2026-04-06 13:26:00,177.5,177.53,177.43,177.43,9428.837331,177.4845,161,
2026-04-06 13:27:00,177.43,177.46,177.22,177.22,28204.844235,177.3513,520,
2026-04-06 13:28:00,177.1,177.2,177.06,177.12,33287.390255,177.1323,553,
2026-04-06 13:29:00,177.1,177.2,177.06,177.13,32453.886669,177.1214,304,
2026-04-06 13:30:00,177.155,177.79,177.05,177.08,1787689.556745,177.281,48426,
2026-04-06 13:31:00,177.08,177.14,176.73,177.055,722425.063722,176.9255,9351,
2026-04-06 13:32:00,177.055,177.37,177.05,177.1101,814769.989242,177.2167,9153,
2026-04-06 13:33:00,177.1255,177.41,176.97,177.37,664750.109713,177.2327,9889,
2026-04-06 13:34:00,177.37,177.39,177.15,177.2399,555478.003605,177.2653,8579,
2026-04-06 13:35:00,177.23,177.24,176.51,176.52,770945.64218,176.8486,12299,
2026-04-06 13:36:00,176.52,176.525,175.83,175.89,919085.404674,176.0991,12489,
2026-04-06 13:37:00,175.83,176.31,175.76,176.27,801450.725324,176.0308,10448,
2026-04-06 13:38:00,176.25,176.36,176.005,176.31,653335.608007,176.1573,10435,
2026-04-06 13:39:00,176.32,176.67,176.285,176.62,607815.32938,176.4936,7114,
2026-04-06 13:40:00,176.615,176.63,176.31,176.4998,527369.3398,176.4612,7376,
2026-04-06 13:41:00,176.49,176.715,176.38,176.595,457978.893107,176.5121,6439,
2026-04-06 13:42:00,176.59,176.665,176.46,176.49,435558.935159,176.5725,6759,
2026-04-06 13:43:00,176.48,176.6698,176.42,176.505,360913.2946,176.5111,8355,
2026-04-06 13:44:00,176.505,176.84,176.48,176.7095,666659.484137,176.7018,10423,
2026-04-06 13:45:00,176.71,177.04,176.675,176.94,592722.037704,176.8465,10259,
2026-04-06 13:46:00,176.94,177.12,176.85,176.97,598614.325137,177.0019,9462,
2026-04-06 13:47:00,176.9794,177.46,176.85,177.3101,677026.980323,177.1796,10703,
2026-04-06 13:48:00,177.31,177.39,177.14,177.375,495455.085168,177.1917,8950,
2026-04-06 13:49:00,177.37,177.45,177.12,177.175,508114.26141,177.2963,9009,
2026-04-06 13:50:00,177.17,177.375,177.07,177.36,574425.03881,177.185,9852,
2026-04-06 13:51:00,177.38,177.4499,177.18,177.27,480338.246347,177.2624,8521,
2026-04-06 13:52:00,177.27,177.31,176.98,177.035,460917.546518,177.1573,9374,
2026-04-06 13:53:00,177.035,177.18,176.85,177.155,445185.612094,177.0221,8451,
2026-04-06 13:54:00,177.15,177.29,177.0301,177.04,370373.872967,177.1622,7565,
2026-04-06 13:55:00,177.04,177.12,176.77,176.805,397577.796475,176.9888,8611,
2026-04-06 13:56:00,176.81,177.01,176.705,176.985,360039.559498,176.8461,7578,
2026-04-06 13:57:00,176.995,177.2093,176.95,177.1,323300.272436,177.0931,7223,
2026-04-06 13:58:00,177.105,177.14,176.94,177.085,292591.763749,177.0377,7199,
2026-04-06 13:59:00,177.07,177.1,176.88,177.04,292049.483584,176.9509,7925,
2026-04-06 14:00:00,177.02,177.35,176.76,176.92,622576.390657,176.9997,12084,
2026-04-06 14:01:00,176.92,176.95,176.61,176.63,666396.809481,176.7662,10362,
2026-04-06 14:02:00,176.615,176.645,176.46,176.5,412196.988593,176.5462,9139,
2026-04-06 14:03:00,176.485,176.595,176.355,176.365,392844.469019,176.4672,9064,
2026-04-06 14:04:00,176.3603,176.4299,176.07,176.0801,507960.546072,176.2538,9866,
2026-04-06 14:05:00,176.08,176.2793,176.05,176.09,442332.657065,176.1677,9719,
2026-04-06 14:06:00,176.095,176.2,175.99,176.18,503467.892547,176.0886,10621,
2026-04-06 14:07:00,176.17,176.28,176.1274,176.18,468639.294243,176.1945,9580,
2026-04-06 14:08:00,176.18,176.23,176.035,176.1401,458125.926734,176.1399,9314,
2026-04-06 14:09:00,176.15,176.34,176.095,176.33,352361.296898,176.2234,8309,
2026-04-06 14:10:00,176.33,176.42,176.07,176.12,495361.909063,176.1925,9148,
2026-04-06 14:11:00,176.13,176.615,176.06,176.575,667308.078311,176.3514,10626,
2026-04-06 14:12:00,176.575,176.74,176.48,176.5101,540194.657024,176.63,10656,
2026-04-06 14:13:00,176.51,176.565,176.265,176.4372,365292.570245,176.388,8937,
2026-04-06 14:14:00,176.43,176.57,176.325,176.51,292199.059545,176.4709,7879,
2026-04-06 14:15:00,176.51,176.755,176.475,176.715,360915.251754,176.6286,8319,
2026-04-06 14:16:00,176.72,177.02,176.6893,177.02,520909.80813,176.8471,9311,
2026-04-06 14:17:00,177.01,177.01,176.825,176.86,284332.534987,176.9034,7485,
2026-04-06 14:18:00,176.85,176.91,176.79,176.8801,285352.460329,176.8487,7690,
2026-04-06 14:19:00,176.88,177.07,176.87,176.9551,433072.544411,176.9852,8507,
2026-04-06 14:20:00,176.96,177.07,176.94,177.015,218214.06249,177.0181,6812,
2026-04-06 14:21:00,177.0106,177.06,176.91,176.99,246820.532182,176.9853,7255,
2026-04-06 14:22:00,176.9799,177.1,176.955,176.97,285370.972529,177.0382,7356,
2026-04-06 14:23:00,176.97,177.0799,176.945,176.98,218659.93161,177.0082,7010,
2026-04-06 14:24:00,176.98,177.06,176.91,176.995,247373.933324,176.969,6535,
2026-04-06 14:25:00,177.0,177.02,176.725,176.8,333536.967505,176.8565,7865,
2026-04-06 14:26:00,176.8001,176.8499,176.63,176.805,294402.030118,176.7447,7456,
2026-04-06 14:27:00,176.8,177.0075,176.775,176.855,374829.310894,176.8932,7841,
2026-04-06 14:28:00,176.855,176.9,176.67,176.875,366743.826611,176.7851,8476,
2026-04-06 14:29:00,176.875,176.9,176.735,176.78,206695.565321,176.7906,7269,
2026-04-06 14:30:00,176.78,176.95,176.755,176.84,215097.172645,176.8436,6992,
2026-04-06 14:31:00,176.845,176.94,176.75,176.89,279677.655013,176.8615,7880,
2026-04-06 14:32:00,176.895,176.92,176.5601,176.76,317915.020883,176.7203,8156,
2026-04-06 14:33:00,176.78,176.795,176.615,176.6399,265449.235603,176.6922,7270,
2026-04-06 14:34:00,176.635,176.84,176.63,176.81,284873.552959,176.7423,7743,
2026-04-06 14:35:00,176.815,176.95,176.72,176.79,328797.151547,176.8198,8118,
2026-04-06 14:36:00,176.8,176.81,176.65,176.695,253717.188774,176.7349,7529,
2026-04-06 14:37:00,176.7,176.79,176.635,176.7,253867.841594,176.7147,7280,
2026-04-06 14:38:00,176.7,176.96,176.38,176.385,790657.897224,176.6842,13804,
2026-04-06 14:39:00,176.38,176.55,176.285,176.463633,312998.702231,176.4143,8375,
2026-04-06 14:40:00,176.46,176.82,176.445,176.775,397404.349382,176.6633,8901,
2026-04-06 14:41:00,176.765,176.785,176.5201,176.64,420091.333664,176.7558,8540,
2026-04-06 14:42:00,176.64,176.71,176.5475,176.56,197750.572544,176.6425,7020,
2026-04-06 14:43:00,176.555,176.59,176.45,176.5301,255939.291157,176.5066,7548,
2026-04-06 14:44:00,176.54,176.62,176.34,176.4,263704.512903,176.4718,7603,
2026-04-06 14:45:00,176.39,176.405,176.26,176.4,226270.79336,176.3264,7476,
2026-04-06 14:46:00,176.38,176.47,176.2087,176.4699,337066.033231,176.3299,8338,
2026-04-06 14:47:00,176.465,176.59,176.33,176.55,279208.503915,176.438,7957,
2026-04-06 14:48:00,176.57,176.58,176.25,176.255,273552.399049,176.3647,7183,
2026-04-06 14:49:00,176.255,176.31,176.175,176.245,204757.150786,176.2347,7066,
2026-04-06 14:50:00,176.25,176.3,176.2,176.26,251939.274048,176.2538,7949,
2026-04-06 14:51:00,176.25,176.4612,176.24,176.39,343881.815011,176.3553,7796,
2026-04-06 14:52:00,176.38,176.43,176.31,176.38,263474.283928,176.3618,6939,
2026-04-06 14:53:00,176.375,176.455,176.3512,176.36,217642.370619,176.4095,7361,
2026-04-06 14:54:00,176.355,176.575,176.29,176.57,331549.703863,176.3789,7685,
2026-04-06 14:55:00,176.57,176.6382,176.445,176.63,410103.333882,176.5499,8660,
2026-04-06 14:56:00,176.64,176.735,176.601,176.68,272544.468598,176.6503,7389,
2026-04-06 14:57:00,176.6801,176.83,176.67,176.7267,241942.93492,176.7291,7162,
2026-04-06 14:58:00,176.735,176.74,176.595,176.7201,255276.819517,176.6605,7607,
2026-04-06 14:59:00,176.7203,176.74,176.5101,176.5801,245638.195105,176.622,7260,
2026-04-06 15:00:00,176.59,176.7,176.53,176.695,215465.300767,176.6004,6699,
2026-04-06 15:01:00,176.7,176.94,176.66,176.9298,331505.337612,176.7981,7863,
2026-04-06 15:02:00,176.915,176.955,176.8,176.81,238666.998127,176.8965,6986,
2026-04-06 15:03:00,176.81,176.85,176.69,176.739479,146788.346475,176.7574,6624,
2026-04-06 15:04:00,176.73,176.87,176.7,176.8407,148517.198062,176.7708,6311,
2026-04-06 15:05:00,176.84,176.89,176.79,176.8,150293.177889,176.8387,6254,
2026-04-06 15:06:00,176.81,176.815,176.62,176.645,150744.213735,176.7074,6432,
2026-04-06 15:07:00,176.64,176.86,176.56,176.85,182838.394234,176.7316,6657,
2026-04-06 15:08:00,176.85,176.9,176.76,176.9,266662.397553,176.8404,6544,
2026-04-06 15:09:00,176.88,176.95,176.79,176.9,168578.711201,176.8808,6687,
2026-04-06 15:10:00,176.9,176.9,176.64,176.69,214480.791798,176.781,7446,
2026-04-06 15:11:00,176.6804,176.815,176.64,176.77,160990.4783,176.739,7034,
2026-04-06 15:12:00,176.76,176.79,176.68,176.725,124814.647678,176.7239,6363,
2026-04-06 15:13:00,176.71,176.8513,176.665,176.69,147533.987041,176.7596,6519,
2026-04-06 15:14:00,176.67,176.68,176.53,176.64,227212.109203,176.6059,6917,
2026-04-06 15:15:00,176.64,176.74,176.61,176.62,134650.117656,176.6691,6087,
2026-04-06 15:16:00,176.6301,176.71,176.58,176.63,148208.105854,176.6448,6269,
2026-04-06 15:17:00,176.63,176.75,176.595,176.69,109562.945055,176.6806,5978,
2026-04-06 15:18:00,176.69,176.915,176.67,176.7399,216826.63795,176.8015,7044,
2026-04-06 15:19:00,176.74,176.755,176.66,176.71,116920.562875,176.7052,6060,
2026-04-06 15:20:00,176.72,176.8399,176.705,176.73,159445.761321,176.7624,6587,
2026-04-06 15:21:00,176.721,176.765,176.66,176.74,138421.7783,176.707,6406,
2026-04-06 15:22:00,176.745,176.83,176.73,176.8099,153755.239765,176.7846,6414,
2026-04-06 15:23:00,176.81,176.865,176.63,176.703,158029.226138,176.7593,6720,
2026-04-06 15:24:00,176.7099,176.72,176.61,176.6101,131430.07708,176.6514,6257,
2026-04-06 15:25:00,176.61,176.62,176.415,176.4901,247537.935323,176.5062,7347,
2026-04-06 15:26:00,176.5,176.61,176.47,176.555,141468.213443,176.5376,6138,
2026-04-06 15:27:00,176.555,176.745,176.545,176.66,218069.234042,176.6558,7009,
2026-04-06 15:28:00,176.6696,176.675,176.5201,176.625,203879.125902,176.5946,6635,
2026-04-06 15:29:00,176.63,176.63,176.46,176.4861,276707.294491,176.5605,7394,
2026-04-06 15:30:00,176.485,176.6,176.48,176.53,201773.679183,176.5551,7038,
2026-04-06 15:31:00,176.52,176.66,176.5,176.5002,165244.455279,176.5741,6381,
2026-04-06 15:32:00,176.52,176.585,176.5,176.575,132243.304863,176.5495,6240,
2026-04-06 15:33:00,176.58,176.725,176.45,176.68,246456.584288,176.5903,7270,
2026-04-06 15:34:00,176.685,176.7401,176.6603,176.7401,130748.63826,176.6983,6335,
2026-04-06 15:35:00,176.748547,176.87,176.685,176.8199,206407.012319,176.7781,7046,
2026-04-06 15:36:00,176.82,176.825,176.6509,176.725,196661.15072,176.6798,6545,
2026-04-06 15:37:00,176.74,176.82,176.71,176.81,159452.482837,176.7431,6407,
2026-04-06 15:38:00,176.805,176.86,176.7599,176.82,139207.999249,176.8176,6316,
2026-04-06 15:39:00,176.81,177.06,176.81,176.94,368316.53522,176.9561,8413,
2026-04-06 15:40:00,176.935,177.0657,176.8404,176.9699,224464.921943,176.9616,6913,
2026-04-06 15:41:00,176.965,177.03,176.87,176.98,178045.563671,176.956,6482,
2026-04-06 15:42:00,176.965,177.09,176.965,177.04,183676.676264,177.0258,6270,
2026-04-06 15:43:00,177.03,177.035,176.95,177.0009,137956.713074,177.0001,5975,
2026-04-06 15:44:00,177.015,177.04,176.9404,177.025,122017.642408,176.9916,5984,
2026-04-06 15:45:00,177.0201,177.05,176.97,177.0,105198.981542,177.0089,5616,
2026-04-06 15:46:00,177.01,177.12,177.0001,177.105,163285.430122,177.056,6319,
2026-04-06 15:47:00,177.1,177.2579,177.0901,177.21,260712.721157,177.195,7075,
2026-04-06 15:48:00,177.21,177.32,177.1727,177.185,260047.985541,177.246,6679,
2026-04-06 15:49:00,177.18,177.24,177.1103,177.24,157788.088338,177.1644,6236,
2026-04-06 15:50:00,177.24,177.4,177.1855,177.385,340154.605061,177.3154,7443,
2026-04-06 15:51:00,177.385,177.449,177.355,177.43,225663.972426,177.4059,6702,
2026-04-06 15:52:00,177.425,177.53,177.41,177.5099,352219.031634,177.4731,7567,
2026-04-06 15:53:00,177.505,177.6,177.485,177.565,297463.255148,177.5607,6772,
2026-04-06 15:54:00,177.565,177.61,177.46,177.48,243788.064087,177.5396,6647,
2026-04-06 15:55:00,177.49,177.54,177.44,177.455,217795.773314,177.4955,6344,
2026-04-06 15:56:00,177.47,177.52,177.39,177.395,200871.504322,177.4502,4500,
2026-04-06 15:57:00,177.4,177.4,177.325,177.355,182632.83702,177.3711,1884,
2026-04-06 15:58:00,177.36,177.42,177.33,177.3878,139443.867201,177.3795,1456,
2026-04-06 15:59:00,177.38,177.45,177.35,177.4401,147143.824594,177.3906,1516,
2026-04-06 16:00:00,177.45,177.485,177.37,177.4101,242358.894204,177.4362,2097,
2026-04-06 16:01:00,177.42,177.44,177.3823,177.405,110535.751185,177.4143,1442,
2026-04-06 16:02:00,177.405,177.425,177.16,177.18,277556.433133,177.2749,2481,
2026-04-06 16:03:00,177.2,177.24,177.175,177.19,198135.114478,177.2111,1843,
2026-04-06 16:04:00,177.19,177.24,177.1301,177.1599,245189.132839,177.185,2256,
2026-04-06 16:05:00,177.15,177.24,177.14,177.1999,114113.688806,177.2068,1360,
2026-04-06 16:06:00,177.2,177.23,177.13,177.145,116262.139476,177.1769,1365,
2026-04-06 16:07:00,177.145,177.185,177.08,177.125,143956.073648,177.1298,1519,
2026-04-06 16:08:00,177.125,177.15,176.98,177.0505,226294.396148,177.0391,2336,
2026-04-06 16:09:00,177.06,177.11,177.02,177.025,132945.145486,177.0708,1514,
2026-04-06 16:10:00,177.025,177.11,177.01,177.07,154218.93017,177.0613,1717,
2026-04-06 16:11:00,177.085,177.09,176.96,177.0,133484.940139,177.0124,1623,
2026-04-06 16:12:00,177.009,177.05,176.94,176.99,111471.974628,176.993,1544,
2026-04-06 16:13:00,176.99,177.09,176.98,177.05,209110.225513,177.0339,2208,
2026-04-06 16:14:00,177.05,177.18,177.03,177.16,147685.268306,177.1022,1679,
2026-04-06 16:15:00,177.17,177.27,177.1201,177.155,213171.974869,177.1862,2268,
2026-04-06 16:16:00,177.15,177.19,177.09,177.155,135509.123886,177.1278,1545,
2026-04-06 16:17:00,177.1592,177.19,177.135,177.185,89198.898611,177.1615,1456,
2026-04-06 16:18:00,177.18,177.22,177.14,177.175,103394.197456,177.1749,1517,
2026-04-06 16:19:00,177.175,177.245,177.13,177.195,107480.336747,177.1919,1643,
2026-04-06 16:20:00,177.19,177.2651,177.13,177.265,103673.34139,177.2032,1513,
2026-04-06 16:21:00,177.26,177.34,177.2224,177.228,189488.214567,177.2834,2081,
2026-04-06 16:22:00,177.2274,177.2274,177.08,177.08,171882.378719,177.1595,1839,
2026-04-06 16:23:00,177.0899,177.17,177.04,177.15,205531.623083,177.09,2060,
2026-04-06 16:24:00,177.155,177.19,177.1201,177.15,124999.201482,177.1564,1465,
2026-04-06 16:25:00,177.145,177.215,177.1401,177.215,107180.889628,177.1618,1360,
2026-04-06 16:26:00,177.2101,177.2599,177.19,177.195,115911.773694,177.2258,1499,
2026-04-06 16:27:00,177.19,177.217,177.1402,177.2,179411.753037,177.1856,1856,
2026-04-06 16:28:00,177.2,177.3,177.19,177.28,148445.482029,177.2451,1705,
2026-04-06 16:29:00,177.275,177.28,177.12,177.155,131898.913506,177.2215,1754,
2026-04-06 16:30:00,177.1501,177.1899,177.06,177.065,120867.184579,177.1186,1878,
2026-04-06 16:31:00,177.065,177.095,176.99,177.06,202616.141909,177.0398,2158,
2026-04-06 16:32:00,177.069,177.13,177.01,177.115,161403.605391,177.0753,2009,
2026-04-06 16:33:00,177.11,177.13,177.015,177.034,175941.202415,177.0861,1738,
2026-04-06 16:34:00,177.035,177.16,177.02,177.1401,114473.917558,177.0834,1553,
2026-04-06 16:35:00,177.15,177.38,177.15,177.365,195941.094705,177.2423,2287,
2026-04-06 16:36:00,177.375,177.385,177.29,177.335,169465.976566,177.3329,2231,
2026-04-06 16:37:00,177.335,177.4384,177.31,177.4,153336.752422,177.3838,1977,
2026-04-06 16:38:00,177.4,177.44,177.3,177.3,152141.30328,177.3776,2061,
2026-04-06 16:39:00,177.31,177.3199,177.22,177.26,130340.81407,177.2707,1607,
2026-04-06 16:40:00,177.255,177.2712,177.18,177.27,115050.307851,177.2329,1546,
2026-04-06 16:41:00,177.265,177.32,177.2,177.295,95994.104498,177.2573,1598,
2026-04-06 16:42:00,177.29,177.33,177.22,177.2288,110638.771714,177.2644,1661,
2026-04-06 16:43:00,177.215,177.25,177.19,177.2497,93634.652241,177.2305,1561,
2026-04-06 16:44:00,177.25,177.27,177.195,177.1999,88607.634837,177.2321,1586,
2026-04-06 16:45:00,177.195,177.255,177.1,177.17,117582.375456,177.2,2064,
2026-04-06 16:46:00,177.17,177.27,177.16,177.27,103248.444699,177.2199,1770,
2026-04-06 16:47:00,177.27,177.3,177.18,177.1899,122873.413514,177.2617,1600,
2026-04-06 16:48:00,177.19,177.24,177.18,177.215,64130.64766,177.2192,1396,
2026-04-06 16:49:00,177.21,177.24,177.18,177.235,77611.998623,177.2064,1586,
2026-04-06 16:50:00,177.235,177.27,177.15,177.225,136421.788984,177.2121,2024,
2026-04-06 16:51:00,177.225,177.24,177.125,177.135,125489.688263,177.1672,1692,
2026-04-06 16:52:00,177.14,177.145,177.02,177.06,165216.312641,177.0721,1839,
2026-04-06 16:53:00,177.06,177.09,177.03,177.09,95008.337537,177.0614,1153,
2026-04-06 16:54:00,177.08,177.13,176.92,177.0777,327139.965889,177.0396,3541,
2026-04-06 16:55:00,177.0706,177.12,176.99,177.085,164721.920682,177.0561,1968,
2026-04-06 16:56:00,177.09,177.095,176.955,177.025,164086.113836,177.0175,2034,
2026-04-06 16:57:00,177.0299,177.09,176.98,176.98,73520.099039,177.0437,1023,
2026-04-06 16:58:00,176.9896,177.06,176.865,177.02,350646.433113,176.9674,2507,
2026-04-06 16:59:00,177.0194,177.02,176.97,177.0,105396.033134,176.9963,1193,
2026-04-06 17:00:00,177.0,177.03,176.88,176.8901,167548.62795,176.944,1919,
2026-04-06 17:01:00,176.9,176.96,176.74,176.75,199600.815679,176.8552,1933,
2026-04-06 17:02:00,176.75,176.75,176.5399,176.56,296630.893122,176.641,2804,
2026-04-06 17:03:00,176.57,176.61,176.48,176.565,328594.163328,176.5484,3124,
2026-04-06 17:04:00,176.57,176.71,176.55,176.6885,269895.875447,176.6507,2239,
2026-04-06 17:05:00,176.685,176.78,176.64,176.75,223691.662606,176.7033,2263,
2026-04-06 17:06:00,176.75,176.813,176.7001,176.74,165172.50196,176.7661,1747,
2026-04-06 17:07:00,176.74,176.88,176.715,176.805,236121.551841,176.8047,2062,
2026-04-06 17:08:00,176.8,176.92,176.8,176.83,123828.982171,176.8801,1328,
2026-04-06 17:09:00,176.83,176.88,176.71,176.77,147483.821149,176.7993,1477,
2026-04-06 17:10:00,176.765,176.8199,176.57,176.66,187135.171967,176.7163,2209,
2026-04-06 17:11:00,176.665,176.69,176.6,176.655,159573.56156,176.6431,1556,
2026-04-06 17:12:00,176.655,176.675,176.2437,176.28,313908.948474,176.4527,3816,
2026-04-06 17:13:00,176.29,176.3425,176.045,176.1299,356161.519917,176.2123,4372,
2026-04-06 17:14:00,176.135,176.335,176.1,176.27,260666.446768,176.2196,2770,
2026-04-06 17:15:00,176.27,176.38,176.21,176.245,193178.307411,176.2943,2311,
2026-04-06 17:16:00,176.26,176.37,176.2201,176.325,136722.218309,176.2988,1589,
2026-04-06 17:17:00,176.32,176.57,176.32,176.5,241230.34527,176.4739,2521,
2026-04-06 17:18:00,176.506,176.5199,176.4,176.4901,145296.411965,176.4701,1768,
2026-04-06 17:19:00,176.495,176.63,176.4695,176.615,155090.473799,176.5528,1846,
2026-04-06 17:20:00,176.615,176.615,176.42,176.42,150774.209894,176.5365,1724,
2026-04-06 17:21:00,176.43,176.62,176.41,176.5801,150625.557128,176.5228,1891,
2026-04-06 17:22:00,176.58,176.83,176.53,176.7901,184637.553159,176.6894,2000,
2026-04-06 17:23:00,176.79,176.93,176.77,176.855,219518.802981,176.8649,2214,
2026-04-06 17:24:00,176.855,176.9451,176.8201,176.91,119985.004636,176.8801,1295,
2026-04-06 17:25:00,176.9005,176.99,176.84,176.985,151142.395523,176.9239,1679,
2026-04-06 17:26:00,176.985,176.99,176.8601,176.92,116764.913165,176.915,1274,
2026-04-06 17:27:00,176.91,177.0201,176.88,176.96,143695.354158,176.97,1665,
2026-04-06 17:28:00,176.96,177.04,176.94,177.025,95361.357736,176.9924,1102,
2026-04-06 17:29:00,177.03,177.03,176.91,176.935,129923.417554,176.9738,1490,
2026-04-06 17:30:00,176.932,176.95,176.86,176.9018,79381.010929,176.9116,1428,
2026-04-06 17:31:00,176.91,177.0999,176.895,177.065,130461.593578,177.0036,1809,
2026-04-06 17:32:00,177.0625,177.08,176.98,176.99,92169.183884,177.0322,1532,
2026-04-06 17:33:00,176.985,176.9989,176.91,176.98,1230138.443631,176.8107,1273,
2026-04-06 17:34:00,176.97,177.14,176.89,176.998,249691.37224,177.0216,3352,
2026-04-06 17:35:00,176.99,177.05,176.9794,177.005,107680.550853,177.0058,1454,
2026-04-06 17:36:00,177.005,177.0999,177.005,177.05,114873.466789,177.0539,1470,
2026-04-06 17:37:00,177.04,177.04,176.91,176.9199,140843.745823,176.9661,1686,
2026-04-06 17:38:00,176.92,176.94,176.84,176.905,141786.557882,176.8939,1619,
2026-04-06 17:39:00,176.91,176.93,176.805,176.865,159191.196067,176.8599,1626,
2026-04-06 17:40:00,176.86,176.88,176.765,176.795,145870.096797,176.8182,1609,
2026-04-06 17:41:00,176.79,176.81,176.68,176.7299,137358.90117,176.7552,1519,
2026-04-06 17:42:00,176.73,176.76,176.67,176.71,126088.974998,176.7107,1380,
2026-04-06 17:43:00,176.7,176.75,176.64,176.74,102301.841419,176.692,1288,
2026-04-06 17:44:00,176.73,176.82,176.71,176.74,130692.443493,176.7615,1330,
2026-04-06 17:45:00,176.735,176.775,176.655,176.705,154846.758557,176.7091,1785,
2026-04-06 17:46:00,176.7,176.765,176.62,176.67,155432.570621,176.6962,1690,
2026-04-06 17:47:00,176.665,176.68,176.59,176.62,110874.354173,176.6298,1306,
2026-04-06 17:48:00,176.62,176.65,176.6013,176.625,96493.433437,176.6267,1229,
2026-04-06 17:49:00,176.635,176.7399,176.62,176.715,140237.340487,176.6804,1369,
2026-04-06 17:50:00,176.72,176.75,176.63,176.645,121167.757322,176.6815,1426,
2026-04-06 17:51:00,176.642,176.72,176.63,176.695,82641.26103,176.6737,1125,
2026-04-06 17:52:00,176.7,176.745,176.69,176.71,109026.195945,176.7204,1350,
2026-04-06 17:53:00,176.705,176.725,176.565,176.605,187894.852209,176.6299,1992,
2026-04-06 17:54:00,176.61,176.66,176.55,176.655,135298.506652,176.6072,8531,
2026-04-06 17:55:00,176.66,176.715,176.61,176.68,133390.21136,176.6707,4008,
2026-04-06 17:56:00,176.6899,176.7,176.635,176.685,94630.174255,176.6683,1196,
2026-04-06 17:57:00,176.69,176.7,176.59,176.61,134952.194827,176.6449,1317,
2026-04-06 17:58:00,176.59,176.635,176.57,176.59,111135.268003,176.5983,1244,
2026-04-06 17:59:00,176.585,176.65,176.58,176.595,95572.19507,176.606,1113,
2026-04-06 18:00:00,176.6,176.61,176.53,176.56,128460.724132,176.5695,1638,
2026-04-06 18:01:00,176.5699,176.6,176.5,176.56,133362.857955,176.5469,1606,
2026-04-06 18:02:00,176.56,176.62,176.52,176.555,149533.743079,176.5636,1492,
2026-04-06 18:03:00,176.56,176.595,176.5,176.502,106087.840247,176.5369,1230,
2026-04-06 18:04:00,176.505,176.57,176.445,176.475,199640.773008,176.4995,2386,
2026-04-06 18:05:00,176.48,176.59,176.46,176.53,169161.909464,176.5214,1696,
2026-04-06 18:06:00,176.53,176.6,176.5,176.55,97534.299197,176.5425,1314,
2026-04-06 18:07:00,176.56,176.675,176.5531,176.667,144821.003497,176.6338,1614,
2026-04-06 18:08:00,176.67,176.685,176.53,176.6295,139536.977374,176.6161,1649,
2026-04-06 18:09:00,176.63,176.775,176.63,176.755,146866.418158,176.7075,1943,
2026-04-06 18:10:00,176.75,176.95,176.745,176.9,312203.445263,176.8512,2646,
2026-04-06 18:11:00,176.9068,177.02,176.83,176.9201,517879.667344,176.9184,5812,
2026-04-06 18:12:00,176.915,176.985,176.89,176.95,160318.735678,176.9339,1573,
2026-04-06 18:13:00,176.95,176.96,176.81,176.895,168171.372989,176.8752,1845,
2026-04-06 18:14:00,176.88,176.9,176.78,176.8599,137789.500261,176.8281,1692,
2026-04-06 18:15:00,176.86,176.985,176.855,176.95,122250.493955,176.9184,1543,
2026-04-06 18:16:00,176.942,176.99,176.87,176.96,141558.317791,176.9236,1690,
2026-04-06 18:17:00,176.95,177.01,176.92,176.96,170327.08949,176.9705,1846,
2026-04-06 18:18:00,176.955,177.05,176.935,176.98,227188.210591,176.9901,2645,
2026-04-06 18:19:00,176.97,177.05,176.93,176.995,256310.458716,176.9897,2336,
2026-04-06 18:20:00,176.99,177.01,176.89,176.91,145081.054813,176.9527,1734,
2026-04-06 18:21:00,176.905,177.01,176.875,176.99,127258.561585,176.9413,1278,
2026-04-06 18:22:00,176.99,177.005,176.95,176.98,138129.680917,176.9793,1393,
2026-04-06 18:23:00,176.96,177.005,176.94,176.985,152753.137096,176.9755,1473,
2026-04-06 18:24:00,176.99,177.225,176.98,177.135,293993.681,177.0963,2391,
2026-04-06 18:25:00,177.14,177.14,177.0601,177.1199,156181.770007,177.1001,1942,
2026-04-06 18:26:00,177.115,177.1395,177.0511,177.06,122936.087546,177.0935,1935,
2026-04-06 18:27:00,177.06,177.28,177.03,177.245,242414.196153,177.1789,2368,
2026-04-06 18:28:00,177.24,177.3,177.14,177.1598,184287.751941,177.2168,1857,
2026-04-06 18:29:00,177.15,177.15,176.95,176.98,228134.750844,177.0289,2211,
2026-04-06 18:30:00,176.975,177.095,176.975,177.006326,126162.709077,177.0477,1537,
2026-04-06 18:31:00,177.005,177.035,176.96,176.995,124278.229716,176.9975,1188,
2026-04-06 18:32:00,176.9908,177.01,176.8201,176.96,224283.920096,176.9086,2423,
2026-04-06 18:33:00,176.95,176.9699,176.83,176.84,98404.043742,176.895,1263,
2026-04-06 18:34:00,176.84,176.88,176.75,176.86,145888.712301,176.7983,1669,
2026-04-06 18:35:00,176.86,177.0,176.855,176.975,151749.905217,176.9341,1486,
2026-04-06 18:36:00,176.97,176.99,176.93,176.95,69704.649497,176.9512,971,
2026-04-06 18:37:00,176.945,177.0077,176.915,176.985,101038.987492,176.9758,1091,
2026-04-06 18:38:00,176.985,177.08,176.98,177.05,105214.987579,177.035,1226,
2026-04-06 18:39:00,177.05,177.0699,176.985,176.993,100957.02561,177.0303,1109,
2026-04-06 18:40:00,177.0,177.03,176.95,176.965,109569.825868,176.9883,1319,
2026-04-06 18:41:00,176.96,177.03,176.935,177.03,137312.799008,176.9926,1549,
2026-04-06 18:42:00,177.03,177.08,176.985,177.02,108281.255757,177.037,1331,
2026-04-06 18:43:00,177.0275,177.08,176.99,177.04,157836.724499,177.0373,1936,
2026-04-06 18:44:00,177.0403,177.12,177.0,177.085,130879.028789,177.078,1471,
2026-04-06 18:45:00,177.09,177.225,177.09,177.125,160780.181409,177.1735,1549,
2026-04-06 18:46:00,177.1221,177.177,177.1,177.16,96894.872077,177.1479,1135,
2026-04-06 18:47:00,177.1501,177.195,177.135,177.135,79474.313638,177.1707,1146,
2026-04-06 18:48:00,177.1308,177.175,177.06,177.155,98397.500215,177.1158,1320,
2026-04-06 18:49:00,177.155,177.18,177.13,177.175,99803.343313,177.1556,1061,
2026-04-06 18:50:00,177.1799,177.195,177.15,177.1672,99484.813914,177.1693,1020,
2026-04-06 18:51:00,177.18,177.215,177.15,177.1601,138113.180729,177.1889,1370,
2026-04-06 18:52:00,177.17,177.22,177.165,177.215,99183.257057,177.1993,922,
2026-04-06 18:53:00,177.2101,177.26,177.205,177.245,136962.957151,177.2374,1292,
2026-04-06 18:54:00,177.249,177.32,177.24,177.252,166048.531032,177.2714,1561,
2026-04-06 18:55:00,177.25,177.29,177.2301,177.245,127062.360095,177.2609,1346,
2026-04-06 18:56:00,177.245,177.32,177.23,177.28,133167.817047,177.2774,1340,
2026-04-06 18:57:00,177.285,177.2898,177.19,177.21,109347.234607,177.2495,1431,
2026-04-06 18:58:00,177.2071,177.26,177.19,177.2,136634.375692,177.2237,1465,
2026-04-06 18:59:00,177.195,177.2099,177.16,177.17,122829.44183,177.1823,1248,
2026-04-06 19:00:00,177.17,177.215,177.12,177.2,143213.414561,177.1725,1543,
2026-04-06 19:01:00,177.21,177.25,177.16,177.2201,167129.967904,177.2098,1434,
2026-04-06 19:02:00,177.225,177.275,177.2,177.275,120855.480297,177.2383,1419,
2026-04-06 19:03:00,177.275,177.276336,177.16,177.22,131004.126027,177.2074,1456,
2026-04-06 19:04:00,177.215,177.24,177.17,177.23,73361.639677,177.2066,897,
2026-04-06 19:05:00,177.24,177.24,177.15,177.195,195946.833758,177.2168,1393,
2026-04-06 19:06:00,177.19,177.21,177.13,177.1501,92767.754427,177.1653,1445,
2026-04-06 19:07:00,177.155,177.175,177.12,177.1323,99443.280333,177.1421,1511,
2026-04-06 19:08:00,177.14,177.17,177.065,177.1099,143247.02315,177.1167,1876,
2026-04-06 19:09:00,177.1,177.12,177.035,177.0997,146647.517192,177.0879,1726,
2026-04-06 19:10:00,177.095,177.1099,177.045,177.06,163479.352539,177.0779,2201,
2026-04-06 19:11:00,177.07,177.12,177.03,177.105,128916.098262,177.0771,1657,
2026-04-06 19:12:00,177.1,177.18,177.07,177.16,181116.343247,177.1229,1971,
2026-04-06 19:13:00,177.1507,177.265,177.1507,177.245,197798.062193,177.2297,1737,
2026-04-06 19:14:00,177.25,177.279,177.21,177.26,152873.330935,177.2447,1299,
2026-04-06 19:15:00,177.265,177.335,177.235,177.331,163525.726676,177.28,1638,
2026-04-06 19:16:00,177.335,177.345,177.24,177.2801,209353.849625,177.3046,2109,
2026-04-06 19:17:00,177.28,177.32,177.26,177.3,118157.097153,177.2924,1213,
2026-04-06 19:18:00,177.3,177.33,177.25,177.32,214580.637097,177.2825,1768,
2026-04-06 19:19:00,177.32,177.34,177.305,177.335,192794.900654,177.3137,1391,
2026-04-06 19:20:00,177.335,177.38,177.33,177.3602,206383.811263,177.3532,1736,
2026-04-06 19:21:00,177.365,177.38,177.31,177.345,145367.217878,177.3523,1496,
2026-04-06 19:22:00,177.345,177.345,177.26,177.315,151889.47797,177.3001,1441,
2026-04-06 19:23:00,177.32,177.3386,177.27,177.3087,121273.980388,177.3089,1234,
2026-04-06 19:24:00,177.3,177.36,177.29,177.351,177901.118244,177.3138,1438,
2026-04-06 19:25:00,177.35,177.38,177.33,177.375,113299.996582,177.3573,1151,
2026-04-06 19:26:00,177.37,177.42,177.355,177.4001,224880.90772,177.3848,1805,
2026-04-06 19:27:00,177.4,177.42,177.3101,177.32,132309.546125,177.3777,1426,
2026-04-06 19:28:00,177.315,177.3499,177.28,177.3404,128512.043425,177.3149,1196,
2026-04-06 19:29:00,177.34,177.34,177.21,177.2201,248680.593798,177.2596,2350,
2026-04-06 19:30:00,177.22,177.32,177.2,177.3199,233541.141923,177.2428,2389,
2026-04-06 19:31:00,177.3178,177.355,177.24,177.25,294088.83412,177.3012,2713,
2026-04-06 19:32:00,177.24,177.28,177.19,177.27,115419.880504,177.2388,1256,
2026-04-06 19:33:00,177.28,177.41,177.27,177.41,186132.173506,177.3598,1696,
2026-04-06 19:34:00,177.41,177.44,177.37,177.3772,185792.688353,177.4073,1750,
2026-04-06 19:35:00,177.375,177.3999,177.34,177.345,148570.329458,177.3632,1676,
2026-04-06 19:36:00,177.35,177.38,177.31,177.32,161573.848147,177.3465,1713,
2026-04-06 19:37:00,177.32,177.335,177.3,177.305,84093.213623,177.3155,1110,
2026-04-06 19:38:00,177.305,177.305,177.22,177.275,195064.331892,177.2678,1779,
2026-04-06 19:39:00,177.275,177.3199,177.27,177.29,119133.868811,177.2907,1361,
2026-04-06 19:40:00,177.29,177.315,177.26,177.29,149809.828815,177.2925,1620,
2026-04-06 19:41:00,177.285,177.305,177.165,177.185,215369.827811,177.2258,1972,
2026-04-06 19:42:00,177.185,177.205,177.15,177.2,157828.992645,177.1704,1835,
2026-04-06 19:43:00,177.205,177.225,177.17,177.17,145675.637084,177.1933,1471,
2026-04-06 19:44:00,177.1703,177.28,177.17,177.25,208680.722476,177.2346,2163,
2026-04-06 19:45:00,177.24,177.25,177.125,177.2,177362.452003,177.1792,1971,
2026-04-06 19:46:00,177.195,177.195,177.11,177.16,143254.988017,177.1463,1574,
2026-04-06 19:47:00,177.1605,177.24,177.16,177.18,157576.396528,177.2011,2008,
2026-04-06 19:48:00,177.18,177.189,177.075,177.185,241203.546179,177.1323,2224,
2026-04-06 19:49:00,177.18,177.3,177.1599,177.2901,212593.092143,177.2271,2286,
2026-04-06 19:50:00,177.3,177.55,177.2307,177.305,533086.05778,177.3799,5229,
2026-04-06 19:51:00,177.3,177.34,177.25,177.28,184980.703558,177.2892,2341,
2026-04-06 19:52:00,177.275,177.2999,177.17,177.185,187866.768758,177.2268,2450,
2026-04-06 19:53:00,177.185,177.28,177.1708,177.2701,217668.066436,177.2313,2492,
2026-04-06 19:54:00,177.27,177.3,177.11,177.22,425851.382522,177.1812,5899,
2026-04-06 19:55:00,177.23,177.4599,177.21,177.415,582959.552474,177.379,5764,
2026-04-06 19:56:00,177.415,177.485,177.38,177.405,372217.125711,177.4267,3184,
2026-04-06 19:57:00,177.41,177.51,177.395,177.51,414577.592828,177.4472,3681,
2026-04-06 19:58:00,177.51,177.56,177.47,177.5515,573111.55834,177.5145,5079,
2026-04-06 19:59:00,177.56,177.68,177.465,177.64,1307815.149133,177.5712,11460,
2026-04-06 20:00:00,177.64,177.64,177.33,177.5,527912.161287,177.6272,474,
2026-04-06 20:01:00,177.5,177.6,177.5,177.576,16208.822147,177.5606,185,
2026-04-06 20:02:00,177.58,177.58,177.5,177.54,15396.07454,177.5365,171,
2026-04-06 20:03:00,177.55,177.59,177.5045,177.56,20423.95419,177.5681,193,
2026-04-06 20:04:00,177.56,177.59,177.51,177.52,13106.453908,177.5547,165,
2026-04-06 20:05:00,177.51,177.56,177.49,177.5322,12584.3772,177.5092,137,
2026-04-06 20:06:00,177.55,177.55,177.49,177.49,16764.26447,177.5386,100,
2026-04-06 20:07:00,177.5,177.51,177.49,177.5,8191.89673,177.4935,87,
2026-04-06 20:08:00,177.5,177.5,177.48,177.5,14521.967315,177.5703,83,
2026-04-06 20:09:00,177.4801,177.52,177.48,177.52,6528.031461,177.4971,111,
2026-04-06 20:10:00,177.52,177.53,177.5,177.5002,16039.772076,177.5148,88,
2026-04-06 20:11:00,177.51,177.5262,177.48,177.5,3111.754915,177.5056,70,
2026-04-06 20:12:00,177.4801,177.51,177.48,177.49,5281.982872,177.4865,78,
2026-04-06 20:13:00,177.48,177.51,177.48,177.5,9225.806658,177.4976,86,
2026-04-06 20:14:00,177.48,177.4803,177.48,177.48,3178.780842,177.4806,53,
2026-04-06 20:15:00,177.48,177.4991,177.48,177.4805,1527.355199,177.4835,47,
2026-04-06 20:16:00,177.48,177.5,177.48,177.4999,3283.370502,177.4902,70,
2026-04-06 20:17:00,177.5,177.5001,177.48,177.49,17330.591409,177.4955,85,
2026-04-06 20:18:00,177.49,177.49,177.48,177.489,7005.880411,177.4838,73,
2026-04-06 20:19:00,177.49,177.5,177.48,177.48,2293.150463,177.4973,67,
2026-04-06 20:20:00,177.51,177.51,177.49,177.5,2215.574685,177.5036,46,
2026-04-06 20:21:00,177.49,177.54,177.4801,177.4801,9212.315208,177.5122,109,
2026-04-06 20:22:00,177.49,177.49,177.481,177.481,2810.042086,177.4888,43,
2026-04-06 20:23:00,177.4901,177.5,177.48,177.48,3569.587078,177.4907,78,
2026-04-06 20:24:00,177.4901,177.5,177.49,177.49,3298.026545,177.4927,72,
2026-04-06 20:25:00,177.49,177.49,177.48,177.48,3171.753051,177.4823,71,
2026-04-06 20:26:00,177.49,177.4913,177.49,177.49,4097.248459,177.4911,57,
2026-04-06 20:27:00,177.5,177.5,177.48,177.48,2077.539442,177.4948,54,
2026-04-06 20:28:00,177.4899,177.5,177.48,177.48,1864.851644,177.4891,44,
2026-04-06 20:29:00,177.49,177.5,177.48,177.48,2759.935698,177.4929,52,
2026-04-06 20:30:00,177.5,177.5,177.4826,177.49,2271.024197,177.4936,70,
2026-04-06 20:31:00,177.49,177.49,177.48,177.48,2956.952814,177.4844,64,
2026-04-06 20:32:00,177.4826,177.49,177.48,177.48,3711.925683,177.4816,64,
2026-04-06 20:33:00,177.4899,177.49,177.47,177.48,4284.182762,177.4767,72,
2026-04-06 20:34:00,177.48,177.5,177.39,177.4601,16912.892353,177.4621,170,
2026-04-06 20:35:00,177.48,177.49,177.47,177.4874,2927.600275,177.4763,63,
2026-04-06 20:36:00,177.49,177.5,177.48,177.5,3207.035088,177.4865,74,
2026-04-06 20:37:00,177.5,177.51,177.49,177.49,5006.95964,177.5,80,
2026-04-06 20:38:00,177.49,177.51,177.49,177.51,1574.895882,177.5056,38,
2026-04-06 20:39:00,177.51,177.51,177.48,177.48,1681.937719,177.4908,42,
2026-04-06 20:40:00,177.48,177.49,177.48,177.48,1870.86399,177.4861,49,
2026-04-06 20:41:00,177.48,177.49,177.48,177.49,850.201004,177.4856,48,
2026-04-06 20:42:00,177.48,177.4805,177.48,177.4805,539.721814,177.4835,42,
2026-04-06 20:43:00,177.48,177.48,177.48,177.48,2728.813133,177.4801,49,
2026-04-06 20:44:00,177.49,177.5,177.46,177.49,12636.477938,177.4804,151,
2026-04-06 20:45:00,177.45,177.48,177.45,177.48,3276.754307,177.4769,61,
2026-04-06 20:46:00,177.48,177.48,177.4506,177.479,2396.013613,177.4655,62,
2026-04-06 20:47:00,177.46,177.48,177.46,177.48,1499.916963,177.4771,50,
2026-04-06 20:48:00,177.4601,177.4601,177.46,177.46,907.119713,177.462,38,
2026-04-06 20:49:00,177.48,177.5,177.48,177.49,1759.24348,177.4807,75,
2026-04-06 20:50:00,177.47,177.48,177.47,177.47,3262.496645,177.4714,52,
2026-04-06 20:51:00,177.48,177.487,177.47,177.47,5183.729929,177.4712,41,
2026-04-06 20:52:00,177.48,177.48,177.47,177.47,2811.647519,177.4755,54,
2026-04-06 20:53:00,177.47,177.48,177.47,177.48,10474.8605,177.4706,47,
2026-04-06 20:54:00,177.47,177.48,177.46,177.47,6432.636422,177.4726,49,
2026-04-06 20:55:00,177.4799,177.4799,177.47,177.47,2071.571408,177.5358,51,
2026-04-06 20:56:00,177.47,177.48,177.47,177.48,1269.039944,177.4789,48,
2026-04-06 20:57:00,177.4813,177.49,177.48,177.48,990.119412,177.4817,36,
2026-04-06 20:58:00,177.4726,177.49,177.4726,177.49,1156.432413,177.481,49,
2026-04-06 20:59:00,177.49,177.49,177.48,177.48,3174.038799,178.1312,42,
2026-04-06 21:00:00,177.49,177.5,177.48,177.48,2123.025721,177.4922,51,
2026-04-06 21:01:00,177.48,177.48,177.4703,177.48,1308.095554,177.4792,37,
2026-04-06 21:02:00,177.48,177.48,177.48,177.48,722.914401,177.4843,41,
2026-04-06 21:03:00,177.48,177.49,177.48,177.48,1866.686136,177.4818,58,
2026-04-06 21:04:00,177.48,177.49,177.48,177.48,2267.584221,177.4831,67,
2026-04-06 21:05:00,177.48,177.49,177.48,177.49,10335.052205,177.4804,52,
2026-04-06 21:06:00,177.47,177.4707,177.47,177.4707,613.120767,177.4703,32,
2026-04-06 21:07:00,177.49,177.49,177.49,177.49,2406.254608,177.4894,71,
2026-04-06 21:08:00,177.4961,177.4961,177.47,177.49,2562.070571,177.4816,67,
2026-04-06 21:09:00,177.48,177.5,177.48,177.49,2038.952053,177.486,70,
2026-04-06 21:10:00,177.49,177.49,177.4801,177.4801,1264.532338,177.4822,22,
2026-04-06 21:11:00,177.4801,177.49,177.4801,177.49,1133.473962,177.4836,43,
2026-04-06 21:12:00,177.49,177.5,177.49,177.5,699.053165,177.4935,43,
2026-04-06 21:13:00,177.5,177.5,177.49,177.49,2084.203113,177.4964,45,
2026-04-06 21:14:00,177.4987,177.5,177.4913,177.5,528.161735,177.4963,32,
2026-04-06 21:16:00,177.49,177.5,177.49,177.49,1261.626986,177.4981,53,
2026-04-06 21:17:00,177.5,177.5,177.49,177.49,562.754637,177.4973,39,
2026-04-06 21:18:00,177.5,177.51,177.5,177.51,5512.242056,177.5057,81,
2026-04-06 21:19:00,177.519,177.519,177.5,177.5,1188.230103,177.5098,43,
2026-04-06 21:20:00,177.51,177.519,177.5,177.51,6256.492572,177.5086,52,
2026-04-06 21:21:00,177.52,177.52,177.51,177.5187,2197.194914,177.5174,48,
2026-04-06 21:22:00,177.51,177.57,177.51,177.56,9714.93878,177.5355,171,
2026-04-06 21:23:00,177.57,177.6,177.44,177.55,49432.88797,177.538,372,
2026-04-06 21:24:00,177.54,177.56,177.21,177.26,37750.266975,177.3613,352,
2026-04-06 21:25:00,177.36,177.36,177.07,177.3,24632.16418,177.1929,322,
2026-04-06 21:26:00,177.3,177.35,177.2557,177.35,6381.907436,177.3117,41,
2026-04-06 21:27:00,177.32,177.37,177.28,177.28,9589.742776,177.326,108,
2026-04-06 21:28:00,177.37,177.37,177.03,177.2784,5597.175754,177.2323,92,
2026-04-06 21:29:00,177.3,177.3,177.27,177.3,2321.408771,177.2992,68,
2026-04-06 21:30:00,177.35,177.38,177.31,177.31,3836.52651,177.357,86,
2026-04-06 21:31:00,177.38,177.39,177.37,177.39,2049.248614,177.3715,53,
2026-04-06 21:32:00,177.38,177.39,177.25,177.32,15621.34595,177.2706,78,
2026-04-06 21:33:00,177.23,177.26,177.23,177.26,565.413342,177.2566,26,
2026-04-06 21:34:00,177.26,177.3061,177.26,177.3061,1839.375838,177.277,41,
2026-04-06 21:35:00,177.28,177.3209,177.28,177.3209,1986.921963,177.2997,62,
2026-04-06 21:36:00,177.32,177.39,177.32,177.367,5599.921685,177.3532,62,
2026-04-06 21:37:00,177.33,177.33,177.31,177.31,1758.40824,177.325,37,
2026-04-06 21:38:00,177.3,177.32,177.3,177.32,3322.032504,177.3014,36,
2026-04-06 21:40:00,177.33,177.33,177.28,177.29,1587.757502,177.2868,62,
2026-04-06 21:41:00,177.26,177.2701,177.26,177.27,1880.37795,177.2656,34,
2026-04-06 21:42:00,177.27,177.3,177.26,177.28,3150.228727,177.2927,67,
2026-04-06 21:43:00,177.28,177.3,177.27,177.3,1735.375918,177.2842,47,
2026-04-06 21:44:00,177.3,177.3,177.29,177.29,740.664391,177.2908,38,
2026-04-06 21:45:00,177.29,177.29,177.29,177.29,1252.697302,177.2878,43,
2026-04-06 21:46:00,177.2716,177.3,177.2716,177.29,628.997548,177.2905,26,
2026-04-06 21:47:00,177.29,177.29,177.27,177.27,2338.281406,177.2761,39,
2026-04-06 21:48:00,177.28,177.3,177.27,177.28,4142.478953,177.2823,61,
2026-04-06 21:49:00,177.27,177.27,177.27,177.27,475.985881,177.2762,52,
2026-04-06 21:50:00,177.27,177.27,177.26,177.26,1254.119364,177.2658,60,
2026-04-06 21:51:00,177.27,177.27,177.26,177.26,2178.633137,177.2649,57,
2026-04-06 21:52:00,177.27,177.29,177.26,177.29,4055.340336,177.2821,79,
2026-04-06 21:53:00,177.27,177.3,177.27,177.3,1381.948767,177.2841,55,
2026-04-06 21:54:00,177.28,177.31,177.27,177.31,3276.848729,177.2971,61,
2026-04-06 21:55:00,177.31,177.31,177.27,177.31,2858.722795,177.3051,43,
2026-04-06 21:56:00,177.29,177.29,177.29,177.29,316.83068,177.2918,31,
2026-04-06 21:57:00,177.27,177.28,177.26,177.27,1949.503378,177.2709,46,
2026-04-06 21:58:00,177.27,177.27,177.27,177.27,269.166558,177.2656,29,
2026-04-06 22:00:00,177.24,177.25,177.04,177.0401,7386.033279,177.1681,140,
2026-04-06 22:01:00,177.07,177.1543,177.07,177.1543,3695.359033,177.1373,45,
2026-04-06 22:02:00,177.2499,177.3,177.2,177.2879,9048.187284,177.2504,99,
2026-04-06 22:03:00,177.2,177.28,177.2,177.22,743.004224,177.2301,39,
2026-04-06 22:04:00,177.22,177.27,177.21,177.27,2311.544921,177.2437,89,
2026-04-06 22:05:00,177.27,177.3509,177.27,177.35,4992.938549,177.3074,86,
2026-04-06 22:06:00,177.3,177.3,177.29,177.29,635.490088,177.3046,36,
2026-04-06 22:07:00,177.31,177.31,177.29,177.29,618.891788,177.2987,37,
2026-04-06 22:08:00,177.28,177.31,177.28,177.31,2911.859411,177.2894,36,
2026-04-06 22:09:00,177.28,177.28,177.27,177.27,1064.415723,177.2827,50,
2026-04-06 22:10:00,177.25,177.25,177.22,177.22,800.628221,177.2359,45,
2026-04-06 22:11:00,177.25,177.25,177.25,177.25,592.404185,177.2413,38,
2026-04-06 22:12:00,177.2,177.2,177.2,177.2,258.429431,177.2076,25,
2026-04-06 22:13:00,177.24,177.24,177.2,177.2,1534.726968,177.2112,47,
2026-04-06 22:14:00,177.19,177.2,177.19,177.2,1718.209933,177.1955,57,
2026-04-06 22:15:00,177.24,177.24,177.2,177.2,1412.531735,177.2304,36,
2026-04-06 22:16:00,177.18,177.18,177.16,177.16,1244.851559,177.1754,39,
2026-04-06 22:17:00,177.2,177.2,177.18,177.18,574.088474,177.1959,42,
2026-04-06 22:18:00,177.22,177.22,177.22,177.22,1113.479037,177.2181,32,
2026-04-06 22:19:00,177.24,177.24,177.24,177.24,802.777269,177.2304,54,
2026-04-06 22:20:00,177.22,177.24,177.22,177.2399,3115.426753,177.2341,51,
2026-04-06 22:21:00,177.2374,177.2374,177.1,177.1,13284.750271,177.1762,131,
2026-04-06 22:22:00,177.09,177.1,177.05,177.05,2939.594777,177.087,78,
2026-04-06 22:23:00,177.08,177.09,176.98,176.98,30359.192725,177.0087,378,
2026-04-06 22:24:00,176.92,177.0,176.85,176.8999,7022.968895,176.9032,118,
2026-04-06 22:25:00,176.83,176.8783,176.8,176.86,7489.164601,176.8292,115,
2026-04-06 22:26:00,176.81,177.0,176.79,177.0,8103.971121,176.8604,85,
2026-04-06 22:27:00,176.92,176.98,176.92,176.98,2031.343722,176.9358,45,
2026-04-06 22:28:00,176.92,176.92,176.9,176.9,740.34491,176.9159,33,
2026-04-06 22:29:00,176.92,176.92,176.91,176.92,1452.765992,176.9249,48,
2026-04-06 22:30:00,176.9435,176.99,176.9435,176.98,1993.205842,176.9794,52,
2026-04-06 22:31:00,176.9899,177.08,176.97,177.02,4726.238472,177.0106,86,
2026-04-06 22:32:00,176.96,177.08,176.95,176.9601,1030.81594,176.9871,58,
2026-04-06 22:33:00,176.95,177.0,176.94,176.94,33821.055983,176.9641,69,
2026-04-06 22:34:00,176.94,176.94,176.92,176.94,1409.354112,176.9368,43,
2026-04-06 22:35:00,176.9809,176.9809,176.9154,176.9226,4510.265688,176.9362,61,
2026-04-06 22:36:00,176.9201,176.95,176.9201,176.9214,831.460609,176.9298,37,
2026-04-06 22:37:00,176.92,176.95,176.9104,176.92,4219.436582,176.9343,61,
2026-04-06 22:38:00,176.92,176.94,176.92,176.94,342.928651,176.9385,30,
2026-04-06 22:39:00,176.9257,176.95,176.9191,176.9196,1576.326388,176.94,25,
2026-04-06 22:40:00,176.94,176.94,176.94,176.94,392.899214,176.9406,33,
2026-04-06 22:41:00,176.9301,176.9301,176.9301,176.9301,2500.299814,176.9332,42,
2026-04-06 22:42:00,176.95,176.95,176.95,176.95,476.230326,176.9484,53,
2026-04-06 22:43:00,176.97,176.97,176.9302,176.95,2550.085621,176.9576,44,
2026-04-06 22:44:00,176.96,176.9735,176.96,176.9735,1734.861472,176.9691,48,
2026-04-06 22:45:00,176.93,176.95,176.9102,176.9102,2686.626158,176.9165,42,
2026-04-06 22:46:00,176.95,176.95,176.95,176.95,428.601357,176.9427,37,
2026-04-06 22:47:00,176.93,176.96,176.93,176.96,467.320864,176.9382,33,
2026-04-06 22:48:00,176.94,176.94,176.94,176.94,791.020525,176.9503,44,
2026-04-06 22:49:00,176.9506,176.98,176.9506,176.9602,1519.473108,176.9641,50,
2026-04-06 22:50:00,176.97,176.98,176.96,176.98,1783.320303,176.9683,55,
2026-04-06 22:51:00,176.96,176.96,176.93,176.93,4028.253957,176.9407,49,
2026-04-06 22:52:00,176.92,176.92,176.9,176.91,2384.396184,176.9115,75,
2026-04-06 22:53:00,176.91,176.92,176.88,176.89,5603.181901,176.897,109,
2026-04-06 22:54:00,176.83,176.9,176.83,176.9,2545.636849,176.8392,29,
2026-04-06 22:56:00,176.8561,176.8561,176.83,176.83,1308.8308,176.8375,73,
2026-04-06 22:57:00,176.89,176.89,176.83,176.8499,5953.568173,176.8463,72,
2026-04-06 22:58:00,176.86,176.9001,176.86,176.9001,1172.098053,176.8837,54,
2026-04-06 22:59:00,176.84,176.84,176.83,176.83,1420.75629,176.8336,62,
2026-04-06 23:00:00,176.82,176.83,176.81,176.83,1849.930787,176.8242,74,
2026-04-06 23:01:00,176.8497,176.8497,176.81,176.8211,3951.651692,176.8205,73,
2026-04-06 23:02:00,176.8207,176.85,176.8,176.8,7907.081576,176.8256,71,
2026-04-06 23:03:00,176.7652,176.8196,176.7652,176.7939,3253.455652,176.7852,59,
2026-04-06 23:04:00,176.8,176.81,176.79,176.79,1519.941448,176.8005,39,
2026-04-06 23:05:00,176.7906,176.85,176.7906,176.8,5366.533806,176.8129,38,
2026-04-06 23:06:00,176.83,176.8301,176.83,176.8301,1871.322902,176.8305,25,
2026-04-06 23:07:00,176.82,176.86,176.82,176.86,3995.291297,176.8417,52,
2026-04-06 23:08:00,176.83,176.86,176.82,176.82,657.923294,176.8352,26,
2026-04-06 23:09:00,176.86,176.86,176.86,176.86,520.20452,176.8548,37,
2026-04-06 23:10:00,176.87,177.0,176.87,177.0,5406.584894,176.9653,98,
2026-04-06 23:11:00,177.0,177.0,176.97,176.97,2273.220347,176.9897,39,
2026-04-06 23:12:00,176.9694,176.9694,176.89,176.9683,847.469332,176.9415,47,
2026-04-06 23:13:00,176.96,176.96,176.92,176.92,839.933501,176.942,37,
2026-04-06 23:14:00,176.97,176.97,176.95,176.95,559.807594,176.9548,27,
2026-04-06 23:15:00,176.95,176.95,176.93,176.93,471.677585,176.9469,41,
2026-04-06 23:17:00,176.95,176.95,176.95,176.95,551.850088,176.9405,46,
2026-04-06 23:18:00,176.92,176.92,176.92,176.92,861.54712,176.9239,30,
2026-04-06 23:19:00,176.92,176.94,176.9,176.9001,1746.739623,176.9211,51,
2026-04-06 23:20:00,176.92,176.92,176.92,176.92,1042.440015,176.9134,40,
2026-04-06 23:21:00,176.85,176.87,176.8,176.86,4783.759067,176.8396,70,
2026-04-06 23:22:00,176.81,176.81,176.81,176.81,374.275317,176.819,28,
2026-04-06 23:23:00,176.8374,176.8374,176.811,176.82,2557.705619,176.8202,57,
2026-04-06 23:24:00,176.82,176.82,176.81,176.81,1235.877709,176.8192,48,
2026-04-06 23:25:00,176.81,176.81,176.81,176.81,479.37582,176.8151,35,
2026-04-06 23:26:00,176.83,176.84,176.83,176.8399,626.813643,176.8367,23,
2026-04-06 23:27:00,176.8303,176.84,176.8301,176.8387,1560.493851,176.8373,43,
2026-04-06 23:28:00,176.8303,176.85,176.83,176.85,3816.776404,176.8392,44,
2026-04-06 23:29:00,176.8497,176.8497,176.83,176.83,3536.31407,176.8363,45,
2026-04-06 23:30:00,176.82,176.82,176.81,176.81,4533.234035,176.8139,52,
2026-04-06 23:31:00,176.82,176.82,176.81,176.82,2470.437339,176.8137,40,
2026-04-06 23:32:00,176.81,176.81,176.8,176.8001,3895.76118,176.805,47,
2026-04-06 23:33:00,176.81,176.82,176.81,176.82,2411.994395,176.8191,27,
2026-04-06 23:34:00,176.8004,176.83,176.8004,176.83,2851.799558,176.8194,53,
2026-04-06 23:35:00,176.83,176.83,176.81,176.81,2130.702656,176.8214,45,
2026-04-06 23:36:00,176.81,176.82,176.8099,176.82,2131.89422,176.8139,39,
2026-04-06 23:38:00,176.8197,176.8197,176.8102,176.8102,852.836347,176.819,35,
2026-04-06 23:39:00,176.83,176.83,176.8201,176.83,658.369628,176.8264,29,
2026-04-06 23:40:00,176.8299,176.84,176.82,176.82,3578.352755,176.8342,44,
2026-04-06 23:41:00,176.8396,176.8397,176.82,176.82,1277.9036,176.8277,39,
2026-04-06 23:42:00,176.81,176.82,176.81,176.82,322.570641,176.8159,27,
2026-04-06 23:43:00,176.83,176.83,176.8,176.81,3455.183983,176.8068,55,
2026-04-06 23:44:00,176.8087,176.8087,176.77,176.77,3927.524065,176.7886,81,
2026-04-06 23:45:00,176.7699,176.8,176.76,176.8,2433.306931,176.7746,58,
2026-04-06 23:46:00,176.8102,176.82,176.81,176.8126,5255.463234,176.8124,51,
2026-04-06 23:47:00,176.81,176.81,176.81,176.81,5532.166982,176.8101,43,
2026-04-06 23:48:00,176.81,176.81,176.77,176.7913,2844.245963,176.7977,52,
2026-04-06 23:49:00,176.8,176.8,176.75,176.75,5346.364566,176.7808,68,
2026-04-06 23:50:00,176.75,176.75,176.7301,176.75,4537.538653,176.7396,37,
2026-04-06 23:51:00,176.73,176.78,176.73,176.74,8727.74009,176.7353,41,
2026-04-06 23:52:00,176.78,176.78,176.76,176.76,2213.527619,176.7707,38,
2026-04-06 23:53:00,176.7539,176.78,176.7539,176.7703,2322.063019,176.7655,36,
2026-04-06 23:54:00,176.79,176.8,176.79,176.79,2654.399776,176.7969,33,
2026-04-06 23:55:00,176.8003,176.81,176.8003,176.8026,1440.88317,176.806,27,
2026-04-06 23:56:00,176.82,176.82,176.8013,176.8013,4353.892624,176.8101,47,
2026-04-06 23:57:00,176.81,176.82,176.78,176.81,4338.074637,176.8009,72,
2026-04-06 23:58:00,176.78,176.8,176.75,176.7713,5346.173045,176.7775,87,
2026-04-06 23:59:00,176.77,176.78,176.73,176.73,7670.795379,176.7525,109,
