timestamp,open,high,low,close,volume,bar_vwap,transactions,otc
2026-03-24 08:00:00,589.48,590.21,589.48,590.17,2946.0,589.8573,106,
2026-03-24 08:01:00,590.15,590.26,589.65,589.65,5374.0,589.8964,116,
2026-03-24 08:02:00,589.72,589.96,589.65,589.95,2084.0,589.7902,51,
2026-03-24 08:03:00,590.0,590.04,589.78,589.8,2870.0,589.8754,72,
2026-03-24 08:04:00,589.87,590.02,589.84,589.95,1496.0,589.9463,39,
2026-03-24 08:05:00,590.08,590.37,590.06,590.36,1237.0,590.2192,64,
2026-03-24 08:06:00,590.34,590.4,590.28,590.39,2371.0,590.3405,45,
2026-03-24 08:07:00,590.37,590.37,590.26,590.34,2860.0,590.3577,38,
2026-03-24 08:08:00,590.19,590.19,589.97,590.01,1342.0,590.0603,38,
2026-03-24 08:09:00,589.96,590.27,589.84,590.21,3384.0,590.0962,71,
2026-03-24 08:10:00,590.06,590.07,589.85,589.92,4063.0,589.9476,60,
2026-03-24 08:11:00,589.97,589.97,589.8,589.93,2590.0,589.8936,43,
2026-03-24 08:12:00,589.97,590.14,589.95,590.08,2235.0,590.067,52,
2026-03-24 08:13:00,590.0,590.15,590.0,590.15,2430.0,590.1194,27,
2026-03-24 08:15:00,590.09,590.27,590.03,590.22,7835.0,590.1456,135,
2026-03-24 08:16:00,590.18,590.4,590.14,590.31,1834.0,590.3402,39,
2026-03-24 08:17:00,590.17,590.23,589.95,589.98,2936.0,590.0677,62,
2026-03-24 08:18:00,589.87,589.89,589.35,589.35,3777.0,589.7296,80,
2026-03-24 08:19:00,589.31,589.39,588.73,588.74,28006.0,589.1359,216,
2026-03-24 08:20:00,588.86,588.87,588.6,588.63,9873.0,588.7437,130,
2026-03-24 08:21:00,588.67,588.85,588.62,588.81,6031.0,588.6885,100,
2026-03-24 08:22:00,588.91,589.02,588.845,588.99,1527.0,588.9251,38,
2026-03-24 08:23:00,589.0,589.12,588.95,588.95,1014.0,588.9947,28,
2026-03-24 08:24:00,588.95,588.96,588.57,588.66,2570.0,588.725,61,
2026-03-24 08:25:00,588.5,588.5,588.28,588.41,20666.0,588.375,185,
2026-03-24 08:26:00,588.44,588.67,588.35,588.35,4701.0,588.4561,56,
2026-03-24 08:27:00,588.36,588.4,588.16,588.34,7865.0,588.3176,73,
2026-03-24 08:28:00,588.41,588.41,588.16,588.31,2157.0,588.3051,35,
2026-03-24 08:29:00,588.39,588.51,588.2,588.2,2281.0,588.3738,36,
2026-03-24 08:30:00,588.0,588.29,587.98,588.16,1497.0,588.0925,60,
2026-03-24 08:31:00,588.13,588.4,588.11,588.24,3091.0,588.2624,53,
2026-03-24 08:32:00,588.46,588.5,588.24,588.25,1853.0,588.4027,26,
2026-03-24 08:33:00,588.43,588.43,588.03,588.03,2333.0,588.2928,34,
2026-03-24 08:34:00,588.23,588.23,588.19,588.2,1147.0,588.1948,15,
2026-03-24 08:35:00,588.23,588.61,588.17,588.61,1748.0,588.4076,36,
2026-03-24 08:36:00,588.61,588.8,588.61,588.8,6716.0,588.737,50,
2026-03-24 08:37:00,588.83,588.83,588.54,588.74,1235.0,588.6378,22,
2026-03-24 08:38:00,588.6,588.64,588.34,588.34,5388.0,588.5605,55,
2026-03-24 08:39:00,588.27,588.36,588.27,588.36,525.0,588.2973,11,
2026-03-24 08:40:00,588.49,588.85,588.48,588.83,2324.0,588.7338,33,
2026-03-24 08:41:00,588.66,588.67,588.6,588.63,1221.0,588.6364,24,
2026-03-24 08:42:00,588.7,588.71,588.2,588.22,2599.0,588.4774,59,
2026-03-24 08:43:00,588.24,588.24,588.01,588.06,1203.0,588.1011,36,
2026-03-24 08:44:00,588.03,588.25,588.03,588.21,1246.0,588.157,30,
2026-03-24 08:45:00,588.35,588.39,588.22,588.32,749.0,588.3309,14,
2026-03-24 08:46:00,588.55,588.77,588.53,588.53,5871.0,588.6829,36,
2026-03-24 08:47:00,588.57,588.82,588.37,588.82,2196.0,588.5693,26,
2026-03-24 08:48:00,588.63,588.73,588.56,588.56,2978.0,588.64,37,
2026-03-24 08:49:00,588.6,588.6,588.45,588.45,341.0,588.535,11,
2026-03-24 08:50:00,588.38,588.77,588.0,588.0,15567.0,588.4881,184,
2026-03-24 08:51:00,587.72,587.97,587.62,587.63,6617.0,587.7745,93,
2026-03-24 08:52:00,587.83,588.23,587.83,588.22,4522.0,587.9821,52,
2026-03-24 08:53:00,588.22,588.22,588.2,588.21,1082.0,588.2106,24,
2026-03-24 08:54:00,588.01,588.24,588.01,588.17,3905.0,588.1987,41,
2026-03-24 08:55:00,588.07,588.2,587.97,588.09,1692.0,588.1204,29,
2026-03-24 08:56:00,588.09,588.09,587.43,587.44,1678.0,587.5763,52,
2026-03-24 08:57:00,587.5,587.66,587.46,587.48,4021.0,587.5604,52,
2026-03-24 08:58:00,587.5,587.92,587.41,587.83,1568.0,587.6838,32,
2026-03-24 08:59:00,587.78,587.99,587.7,587.77,2822.0,587.7689,39,
2026-03-24 09:00:00,587.69,587.82,587.5,587.72,1512.0,587.6739,24,
2026-03-24 09:01:00,587.67,587.99,587.65,587.76,6963.0,587.9741,30,
2026-03-24 09:02:00,587.63,587.85,587.59,587.85,1989.0,587.6623,21,
2026-03-24 09:03:00,587.92,588.03,587.92,587.92,680.0,587.9589,12,
2026-03-24 09:04:00,588.14,588.29,588.1,588.2,1297.0,588.1645,23,
2026-03-24 09:05:00,588.16,588.23,587.86,587.86,756.0,588.0681,12,
2026-03-24 09:06:00,587.7,587.7,587.52,587.55,1134.0,587.6098,28,
2026-03-24 09:07:00,587.63,587.63,587.3,587.3,7448.0,587.4103,92,
2026-03-24 09:08:00,587.41,587.42,587.15,587.15,1813.0,587.265,38,
2026-03-24 09:09:00,587.22,587.23,587.0,587.01,2341.0,587.0922,51,
2026-03-24 09:10:00,587.04,587.22,586.95,587.22,3512.0,587.0857,74,
2026-03-24 09:11:00,587.26,587.26,586.84,586.84,1842.0,586.9951,25,
2026-03-24 09:12:00,586.77,586.78,586.65,586.67,1579.0,586.7257,33,
2026-03-24 09:13:00,586.5,586.96,586.47,586.76,3713.0,586.6675,76,
2026-03-24 09:14:00,586.49,586.49,586.05,586.06,4627.0,586.2057,105,
2026-03-24 09:15:00,586.01,586.39,586.01,586.2,2541.0,586.2888,59,
2026-03-24 09:16:00,586.2,587.09,586.13,586.56,6333.0,586.5406,110,
2026-03-24 09:17:00,586.59,586.94,586.59,586.94,1521.0,586.7901,38,
2026-03-24 09:18:00,586.84,586.88,586.8,586.85,1858.0,586.8275,28,
2026-03-24 09:19:00,586.91,586.92,586.82,586.92,1743.0,586.8626,33,
2026-03-24 09:20:00,586.74,586.8,586.69,586.69,337.0,586.7387,19,
2026-03-24 09:21:00,586.66,586.69,586.5,586.5,571.0,586.6187,25,
2026-03-24 09:22:00,586.44,586.44,586.26,586.37,2975.0,586.3736,55,
2026-03-24 09:23:00,586.45,586.71,586.45,586.7,449.0,586.638,14,
2026-03-24 09:24:00,586.57,586.84,586.57,586.84,507.0,586.6867,16,
2026-03-24 09:25:00,586.82,587.04,586.82,586.88,3200.0,586.8887,52,
2026-03-24 09:26:00,586.9,587.03,586.76,586.83,2106.0,586.9096,31,
2026-03-24 09:27:00,586.91,587.04,586.91,587.03,589.0,586.9897,11,
2026-03-24 09:28:00,587.18,587.33,587.17,587.33,452.0,587.2595,29,
2026-03-24 09:29:00,587.4,587.5,587.38,587.4,2453.0,587.4251,56,
2026-03-24 09:30:00,587.28,587.41,587.16,587.3,3392.0,587.2849,59,
2026-03-24 09:31:00,587.38,587.39,587.0,587.15,2082.0,587.1379,40,
2026-03-24 09:32:00,587.33,587.5,587.32,587.4,1787.0,587.4081,35,
2026-03-24 09:33:00,587.55,587.55,587.5,587.5,706.0,587.5084,20,
2026-03-24 09:34:00,587.29,587.45,587.2,587.28,1831.0,587.3097,32,
2026-03-24 09:35:00,587.37,587.43,587.37,587.4,911.0,587.3983,31,
2026-03-24 09:36:00,587.51,587.54,587.34,587.37,1236.0,587.4435,30,
2026-03-24 09:37:00,587.46,587.53,587.42,587.42,765.0,587.4485,23,
2026-03-24 09:38:00,587.41,587.52,587.28,587.29,2013.0,587.3778,41,
2026-03-24 09:39:00,587.31,587.41,587.3,587.41,709.0,587.3358,18,
2026-03-24 09:40:00,587.62,588.1,587.62,588.1,1108.0,587.9043,42,
2026-03-24 09:41:00,587.94,588.0,587.82,587.98,2430.0,587.9082,49,
2026-03-24 09:42:00,587.98,588.01,587.97,587.98,513.0,587.9999,15,
2026-03-24 09:43:00,587.98,587.98,587.98,587.98,590.0,588.0038,18,
2026-03-24 09:44:00,588.05,588.05,588.05,588.05,333.0,588.0401,13,
2026-03-24 09:45:00,588.06,588.14,588.04,588.11,853.0,588.0762,15,
2026-03-24 09:47:00,587.66,587.85,587.6,587.85,1483.0,587.7508,30,
2026-03-24 09:48:00,588.06,588.07,588.06,588.07,334.0,588.029,12,
2026-03-24 09:49:00,587.96,588.01,587.87,587.87,1973.0,587.9747,25,
2026-03-24 09:50:00,587.8,587.93,587.71,587.75,1910.0,587.7861,20,
2026-03-24 09:51:00,587.83,587.83,587.51,587.55,984.0,587.647,25,
2026-03-24 09:52:00,587.58,587.58,587.49,587.49,2607.0,587.5233,31,
2026-03-24 09:53:00,587.71,588.04,587.71,588.04,2493.0,587.7935,27,
2026-03-24 09:54:00,588.17,588.29,588.12,588.29,6202.0,588.22,18,
2026-03-24 09:55:00,588.3,588.55,588.3,588.48,4859.0,588.4074,62,
2026-03-24 09:56:00,588.55,588.86,588.53,588.54,6507.0,588.7462,111,
2026-03-24 09:57:00,588.49,588.85,588.49,588.85,10974.0,588.7856,42,
2026-03-24 09:58:00,588.91,589.0,588.87,589.0,2829.0,588.9774,56,
2026-03-24 09:59:00,588.94,588.95,588.78,588.81,7685.0,588.8354,100,
2026-03-24 10:00:00,588.76,588.76,588.6,588.7,3808.0,588.6713,48,
2026-03-24 10:01:00,588.41,588.47,588.07,588.07,2716.0,588.2998,39,
2026-03-24 10:02:00,588.03,588.03,587.7,587.92,3892.0,587.8734,94,
2026-03-24 10:03:00,587.85,588.01,587.83,588.0,3133.0,587.9125,72,
2026-03-24 10:04:00,587.99,588.36,587.99,588.36,3178.0,588.2352,43,
2026-03-24 10:05:00,588.46,588.57,588.33,588.5,867.0,588.44,20,
2026-03-24 10:06:00,588.57,588.67,588.57,588.67,1025.0,588.6115,70,
2026-03-24 10:07:00,588.55,588.88,588.55,588.83,4309.0,588.6786,99,
2026-03-24 10:08:00,588.98,589.06,588.82,588.82,3265.0,588.9035,54,
2026-03-24 10:09:00,588.74,588.99,588.74,588.98,1922.0,588.8519,85,
2026-03-24 10:10:00,588.98,589.03,588.89,588.89,2819.0,589.001,35,
2026-03-24 10:11:00,588.89,588.96,588.86,588.86,747.0,588.9153,18,
2026-03-24 10:12:00,588.81,588.84,588.69,588.84,2185.0,588.7576,43,
2026-03-24 10:13:00,588.92,588.98,588.9,588.94,1491.0,588.9475,52,
2026-03-24 10:14:00,588.96,589.06,588.85,588.9,1732.0,588.9089,36,
2026-03-24 10:15:00,588.85,588.85,588.76,588.76,357.0,588.8273,9,
2026-03-24 10:16:00,588.89,588.92,588.89,588.91,987.0,588.9086,14,
2026-03-24 10:18:00,588.87,588.98,588.87,588.98,705.0,588.8564,22,
2026-03-24 10:19:00,588.89,588.89,588.81,588.89,834.0,588.8666,24,
2026-03-24 10:20:00,588.54,588.81,588.54,588.81,449.0,588.6565,24,
2026-03-24 10:21:00,588.8,588.88,588.7,588.88,2997.0,588.7928,45,
2026-03-24 10:22:00,588.87,588.87,588.74,588.78,477.0,588.8055,18,
2026-03-24 10:23:00,588.89,588.89,588.89,588.89,135.0,588.893,11,
2026-03-24 10:24:00,588.77,588.77,588.54,588.54,421.0,588.7153,30,
2026-03-24 10:25:00,588.64,588.69,588.53,588.56,2789.0,588.5863,39,
2026-03-24 10:26:00,588.55,588.63,588.55,588.57,599.0,588.5711,26,
2026-03-24 10:27:00,588.55,588.6,588.53,588.6,869.0,588.5428,20,
2026-03-24 10:28:00,588.5,588.5,588.1,588.11,1068.0,588.3724,39,
2026-03-24 10:29:00,588.0,588.06,587.93,588.06,2027.0,588.0068,45,
2026-03-24 10:30:00,587.87,588.15,587.84,588.09,1510.0,588.0066,25,
2026-03-24 10:31:00,588.18,588.27,588.14,588.14,1956.0,588.2171,44,
2026-03-24 10:32:00,588.24,588.32,588.24,588.3,710.0,588.29,16,
2026-03-24 10:33:00,587.92,588.02,587.87,588.02,1651.0,587.9292,74,
2026-03-24 10:34:00,587.9,587.9,587.56,587.68,7642.0,587.7635,72,
2026-03-24 10:35:00,587.7,588.01,587.69,588.01,1419.0,587.7618,22,
2026-03-24 10:36:00,587.98,588.07,587.86,588.07,4610.0,587.9617,72,
2026-03-24 10:37:00,587.89,588.37,587.89,588.34,1052.0,588.1752,33,
2026-03-24 10:38:00,588.24,588.32,588.24,588.25,1220.0,588.2754,25,
2026-03-24 10:39:00,588.24,588.5,588.24,588.5,533.0,588.407,26,
2026-03-24 10:40:00,588.78,588.78,588.49,588.49,959.0,588.6687,35,
2026-03-24 10:41:00,588.47,588.64,588.47,588.64,670.0,588.5253,17,
2026-03-24 10:42:00,588.47,588.47,588.32,588.32,3901.0,588.3633,91,
2026-03-24 10:43:00,588.41,588.78,588.41,588.68,2997.0,588.6806,72,
2026-03-24 10:44:00,588.67,588.98,588.56,588.67,4306.0,588.7819,82,
2026-03-24 10:45:00,588.67,588.95,588.67,588.95,876.0,588.7259,19,
2026-03-24 10:46:00,588.9,588.94,588.56,588.56,1216.0,588.7663,30,
2026-03-24 10:47:00,588.51,588.59,588.36,588.36,2202.0,588.4972,63,
2026-03-24 10:48:00,588.24,588.25,587.89,587.9,1552.0,588.1105,47,
2026-03-24 10:49:00,587.96,588.09,587.93,587.94,541.0,587.9836,15,
2026-03-24 10:50:00,588.1,588.36,588.06,588.36,1013.0,588.1597,33,
2026-03-24 10:51:00,588.39,588.48,588.39,588.48,404.0,588.4618,30,
2026-03-24 10:52:00,588.49,588.49,588.41,588.41,1635.0,588.4412,53,
2026-03-24 10:53:00,588.4,588.43,588.4,588.43,511.0,588.4181,11,
2026-03-24 10:54:00,588.33,588.33,588.33,588.33,216.0,588.33,2,
2026-03-24 10:55:00,588.27,588.27,588.19,588.24,567.0,588.2368,17,
2026-03-24 10:57:00,588.44,588.44,588.31,588.35,887.0,588.3432,20,
2026-03-24 10:58:00,588.31,588.31,588.23,588.29,916.0,588.2741,26,
2026-03-24 10:59:00,588.4,588.4,588.4,588.4,199.0,588.3802,14,
2026-03-24 11:00:00,588.47,588.58,588.31,588.54,6335.0,588.4762,108,
2026-03-24 11:01:00,588.58,588.58,587.87,587.89,6030.0,588.0515,165,
2026-03-24 11:02:00,587.88,588.01,587.74,587.74,4549.0,587.9406,82,
2026-03-24 11:03:00,588.05,588.2,588.05,588.18,1639.0,588.1644,32,
2026-03-24 11:04:00,588.32,588.33,588.11,588.24,1582.0,588.2318,37,
2026-03-24 11:05:00,588.37,588.37,588.3,588.3,609.0,588.3715,27,
2026-03-24 11:06:00,588.42,588.42,588.31,588.31,1525.0,588.3499,33,
2026-03-24 11:07:00,588.47,588.75,588.42,588.75,2034.0,588.4983,46,
2026-03-24 11:08:00,588.79,588.8,588.62,588.72,1033.0,588.7326,28,
2026-03-24 11:09:00,588.59,588.7,588.57,588.62,9381.0,588.6796,100,
2026-03-24 11:10:00,588.6,588.8,588.6,588.79,1820.0,588.7239,38,
2026-03-24 11:11:00,588.77,588.85,588.71,588.85,5563.0,588.7929,88,
2026-03-24 11:12:00,588.8,588.8,588.67,588.69,3507.0,588.7923,27,
2026-03-24 11:13:00,588.72,588.72,588.55,588.55,1306.0,588.6077,25,
2026-03-24 11:14:00,588.6,588.66,588.58,588.64,2335.0,588.6146,30,
2026-03-24 11:15:00,588.39,588.39,588.0,588.03,763.0,588.1835,42,
2026-03-24 11:16:00,588.03,588.09,587.79,587.8,6313.0,587.9643,83,
2026-03-24 11:17:00,587.8,587.82,587.54,587.54,7857.0,587.609,75,
2026-03-24 11:18:00,587.62,587.9,587.62,587.89,2353.0,587.8225,34,
2026-03-24 11:19:00,587.93,588.31,587.93,588.3,4359.0,588.0831,63,
2026-03-24 11:20:00,588.32,588.32,588.08,588.08,3201.0,588.2101,46,
2026-03-24 11:21:00,587.95,588.0,587.95,588.0,1511.0,587.9857,17,
2026-03-24 11:22:00,587.97,588.19,587.93,588.08,772.0,588.018,17,
2026-03-24 11:23:00,588.1,588.1,588.1,588.1,477.0,588.0914,12,
2026-03-24 11:24:00,588.1,588.1,588.1,588.1,345.0,588.1001,8,
2026-03-24 11:25:00,587.87,587.88,587.63,587.63,2039.0,587.7438,42,
2026-03-24 11:26:00,587.77,587.88,587.77,587.87,1409.0,587.8513,26,
2026-03-24 11:27:00,587.82,587.98,587.77,587.98,2613.0,587.9228,40,
2026-03-24 11:28:00,588.01,588.13,588.01,588.13,4388.0,588.0951,59,
2026-03-24 11:29:00,588.1,588.22,588.0,588.0,1602.0,588.0982,40,
2026-03-24 11:30:00,587.89,587.89,587.62,587.62,1385.0,587.7933,31,
2026-03-24 11:31:00,587.63,587.68,587.56,587.63,9446.0,587.621,65,
2026-03-24 11:32:00,587.61,587.76,587.53,587.71,7120.0,587.6589,84,
2026-03-24 11:33:00,587.7,587.77,587.58,587.67,6160.0,587.654,66,
2026-03-24 11:34:00,587.79,587.89,587.67,587.89,1275.0,587.7584,24,
2026-03-24 11:35:00,587.96,587.96,587.84,587.87,7995.0,587.8915,104,
2026-03-24 11:36:00,587.64,587.86,587.64,587.7,2710.0,587.7055,48,
2026-03-24 11:37:00,587.7,587.97,587.7,587.85,1895.0,587.8112,38,
2026-03-24 11:38:00,587.87,588.04,587.81,588.04,1410.0,587.8822,37,
2026-03-24 11:39:00,588.04,588.1,587.9,588.0,2365.0,588.0141,43,
2026-03-24 11:40:00,588.01,588.01,587.92,587.95,1833.0,587.948,35,
2026-03-24 11:41:00,587.89,587.89,587.7,587.74,1304.0,587.7933,41,
2026-03-24 11:42:00,587.75,587.86,587.7,587.86,2963.0,587.7674,36,
2026-03-24 11:43:00,587.68,587.68,587.5,587.5,1749.0,587.5562,42,
2026-03-24 11:44:00,587.56,587.79,587.5,587.64,10054.0,587.6053,117,
2026-03-24 11:45:00,587.66,587.97,587.65,587.8,10229.0,587.7966,81,
2026-03-24 11:46:00,587.96,588.19,587.96,588.18,12747.0,588.1002,134,
2026-03-24 11:47:00,588.18,588.53,588.14,588.51,6788.0,588.402,116,
2026-03-24 11:48:00,588.46,588.65,588.44,588.52,2750.0,588.5732,49,
2026-03-24 11:49:00,588.61,588.68,588.36,588.42,3702.0,588.5905,70,
2026-03-24 11:50:00,588.27,588.28,588.16,588.28,570.0,588.2333,21,
2026-03-24 11:51:00,588.16,588.16,587.6,587.6,1482.0,587.9485,58,
2026-03-24 11:52:00,587.63,587.63,586.91,586.91,4762.0,587.2063,180,
2026-03-24 11:53:00,586.87,586.9,585.86,586.1,45836.0,586.3482,685,
2026-03-24 11:54:00,586.17,586.94,586.08,586.76,27998.0,586.658,333,
2026-03-24 11:55:00,586.81,587.08,586.79,587.07,4146.0,586.9973,88,
2026-03-24 11:56:00,586.99,587.12,586.84,587.04,5756.0,586.9402,110,
2026-03-24 11:57:00,587.13,587.28,587.11,587.28,2556.0,587.1774,70,
2026-03-24 11:58:00,587.26,587.4,587.14,587.24,18595.0,587.2387,242,
2026-03-24 11:59:00,587.3,587.96,587.3,587.94,10546.0,587.7485,164,
2026-03-24 12:00:00,587.94,590.81,583.4,588.1095,271668.413318,587.4406,6766,
2026-03-24 12:01:00,588.07,590.52,583.43,587.78,28626.184848,587.1849,973,
2026-03-24 12:02:00,589.3403,589.95,586.1003,587.81,4642.070603,588.4882,376,
2026-03-24 12:03:00,587.78,587.7978,587.66,587.77,2003.038603,587.7448,170,
2026-03-24 12:04:00,587.5087,590.51,583.99,587.2489,5791.256569,587.451,226,
2026-03-24 12:05:00,587.19,587.19,586.89,586.89,5200.574938,587.1155,154,
2026-03-24 12:06:00,586.98,587.14,586.88,587.1074,5731.431862,587.0041,81,
2026-03-24 12:07:00,587.07,587.11,586.98,586.98,1602.735887,587.3235,53,
2026-03-24 12:08:00,586.9,586.94,586.6004,586.74,9823.818397,586.8371,200,
2026-03-24 12:09:00,586.7778,586.89,586.7778,586.79,1971.586,587.0047,52,
2026-03-24 12:10:00,586.87,586.9,586.68,586.68,3235.150655,586.8518,99,
2026-03-24 12:11:00,586.68,586.73,586.4,586.4997,9738.494695,586.6002,193,
2026-03-24 12:12:00,586.66,586.71,586.58,586.71,1934.269083,586.7452,64,
2026-03-24 12:13:00,586.7,587.24,586.7,587.23,11038.625831,587.0504,177,
2026-03-24 12:14:00,587.13,587.14,586.87,586.87,2650.000095,587.0527,50,
2026-03-24 12:15:00,586.86,586.92,586.7205,586.73,5784.341874,586.8982,99,
2026-03-24 12:16:00,586.8,586.8,586.6,586.6549,1373.316442,586.8305,65,
2026-03-24 12:17:00,586.71,586.76,586.6,586.67,2419.769011,586.8862,65,
2026-03-24 12:18:00,586.61,586.954,586.61,586.9,4395.463009,586.86,89,
2026-03-24 12:19:00,586.89,586.89,586.7,586.7513,4784.293561,586.7956,62,
2026-03-24 12:20:00,586.73,586.8,586.67,586.73,7913.396431,586.8067,56,
2026-03-24 12:21:00,586.71,586.77,586.6,586.6913,3671.269166,586.7636,79,
2026-03-24 12:22:00,586.78,586.8,586.59,586.6,5235.181039,586.7637,86,
2026-03-24 12:23:00,586.6,586.8,586.6,586.7,2948.694189,586.8496,71,
2026-03-24 12:24:00,586.73,587.1,586.72,586.92,3500.237184,586.9707,113,
2026-03-24 12:25:00,586.96,587.12,586.88,587.12,3611.240276,587.0388,71,
2026-03-24 12:26:00,587.1198,587.4995,587.1,587.46,15686.236763,587.3174,183,
2026-03-24 12:27:00,587.4804,587.66,587.47,587.57,7978.85416,587.6461,126,
2026-03-24 12:28:00,587.5501,587.5501,587.4,587.49,2738.812276,587.6682,57,
2026-03-24 12:29:00,587.4209,587.4209,587.1,587.24,9493.208437,587.2185,151,
2026-03-24 12:30:00,587.27,587.2831,586.91,586.9992,4161.372376,587.1455,97,
2026-03-24 12:31:00,586.92,586.92,586.521,586.77,11077.258917,586.7063,194,
2026-03-24 12:32:00,586.8,586.81,586.32,586.32,10207.68206,586.6223,196,
2026-03-24 12:33:00,586.3216,586.3216,585.82,585.82,11452.334879,586.1171,293,
2026-03-24 12:34:00,585.83,586.06,585.7,586.0,20214.217027,585.8654,295,
2026-03-24 12:35:00,586.07,586.11,585.7,585.83,18076.131307,585.8609,224,
2026-03-24 12:36:00,585.84,586.09,585.83,585.85,8289.064701,585.9749,138,
2026-03-24 12:37:00,585.79,585.8143,585.31,585.37,32459.633816,585.5685,452,
2026-03-24 12:38:00,585.32,585.49,585.15,585.43,15877.734894,585.3209,277,
2026-03-24 12:39:00,585.37,585.51,585.23,585.37,10060.179988,585.3947,159,
2026-03-24 12:40:00,585.38,585.63,585.36,585.62,11341.998095,585.5629,163,
2026-03-24 12:41:00,585.5726,585.84,585.56,585.62,10227.266553,585.7009,178,
2026-03-24 12:42:00,585.63,585.7997,585.55,585.55,4876.159134,585.7341,76,
2026-03-24 12:43:00,585.55,585.68,585.1,585.2,20196.305253,585.3043,297,
2026-03-24 12:44:00,585.17,585.5,585.12,585.185,13206.642044,585.4057,194,
2026-03-24 12:45:00,585.21,585.39,585.21,585.26,4137.714281,585.4171,97,
2026-03-24 12:46:00,585.32,585.55,585.26,585.27,4981.523371,585.4772,116,
2026-03-24 12:47:00,585.3,585.4199,585.18,585.3598,14113.310567,585.299,154,
2026-03-24 12:48:00,585.38,585.38,585.09,585.38,7900.90436,585.2352,177,
2026-03-24 12:49:00,585.35,585.35,585.11,585.22,11851.166848,585.2166,129,
2026-03-24 12:50:00,585.23,585.47,585.23,585.29,20532.33159,585.4293,219,
2026-03-24 12:51:00,585.26,585.47,585.22,585.2421,14558.688545,585.43,124,
2026-03-24 12:52:00,585.32,586.0,585.32,585.98,61425.417628,585.5853,550,
2026-03-24 12:53:00,585.97,586.01,585.63,585.7519,17386.455621,585.9434,166,
2026-03-24 12:54:00,585.82,585.9,585.66,585.8749,7360.40949,585.8205,108,
2026-03-24 12:55:00,585.83,585.83,585.59,585.62,8832.725201,585.7358,121,
2026-03-24 12:56:00,585.62,585.71,585.39,585.42,6260.141521,585.5414,123,
2026-03-24 12:57:00,585.5125,585.52,585.35,585.42,6084.870766,585.5039,110,
2026-03-24 12:58:00,585.43,585.43,585.3002,585.41,2292.367226,585.4509,66,
2026-03-24 12:59:00,585.36,585.45,585.21,585.37,7629.275286,585.3702,108,
2026-03-24 13:00:00,585.35,585.35,585.1932,585.27,3216.200885,585.3008,73,
2026-03-24 13:01:00,585.25,585.48,585.25,585.42,3213.5917,585.4396,75,
2026-03-24 13:02:00,585.39,585.78,585.23,585.6896,4978.414937,585.6422,121,
2026-03-24 13:03:00,585.69,585.75,585.53,585.55,4611.510948,585.6727,71,
2026-03-24 13:04:00,585.59,585.59,585.23,585.3,5865.337678,585.3634,102,
2026-03-24 13:05:00,585.3,585.38,585.2209,585.33,4703.494252,585.3812,63,
2026-03-24 13:06:00,585.32,585.48,585.11,585.11,4286.746698,585.3528,116,
2026-03-24 13:07:00,585.14,585.28,584.55,584.83,27829.692867,584.9953,655,
2026-03-24 13:08:00,584.9,585.04,584.41,584.49,20002.770563,584.8008,384,
2026-03-24 13:09:00,584.4,584.4423,583.68,584.27,43437.71509,584.1853,662,
2026-03-24 13:10:00,584.29,584.55,584.1,584.49,14150.692086,584.3156,233,
2026-03-24 13:11:00,584.45,584.88,584.45,584.88,6813.616774,584.7674,138,
2026-03-24 13:12:00,584.88,585.0,584.78,584.8099,11635.442871,584.9213,150,
2026-03-24 13:13:00,584.77,585.0515,584.77,584.8,6519.016192,584.9198,143,
2026-03-24 13:14:00,584.8089,584.87,584.6178,584.87,6179.427295,584.7796,127,
2026-03-24 13:15:00,584.9,585.2,584.87,584.8701,3673.210708,585.0373,143,
2026-03-24 13:16:00,584.79,585.0,584.79,584.89,5149.77509,585.0151,116,
2026-03-24 13:17:00,584.87,584.9,584.59,584.66,9776.260575,584.7368,160,
2026-03-24 13:18:00,584.71,584.73,584.48,584.4999,3672.978395,584.7141,123,
2026-03-24 13:19:00,584.4638,584.65,584.4,584.55,7569.399429,584.5346,123,
2026-03-24 13:20:00,584.53,584.57,584.39,584.43,6642.389998,584.5027,115,
2026-03-24 13:21:00,584.43,584.54,584.32,584.53,4075.234397,584.5226,101,
2026-03-24 13:22:00,584.57,584.755,584.44,584.7,11562.356325,584.6056,188,
2026-03-24 13:23:00,584.68,584.99,584.56,584.86,4351.172491,584.7092,113,
2026-03-24 13:24:00,584.92,584.95,584.68,584.7,11425.624517,584.8788,159,
2026-03-24 13:25:00,584.72,585.2,584.72,585.2,15375.569453,584.9839,256,
2026-03-24 13:26:00,584.82,584.93,584.76,584.77,6644.918025,584.9271,120,
2026-03-24 13:27:00,584.78,584.86,584.3,584.3,11569.57841,584.5531,247,
2026-03-24 13:28:00,584.29,584.47,584.13,584.45,43453.535346,584.2567,380,
2026-03-24 13:29:00,584.45,585.09,584.42,584.76,36863.000501,584.7784,481,
2026-03-24 13:30:00,584.81,585.53,584.15,585.03,779493.601496,584.8347,13865,
2026-03-24 13:31:00,585.01,586.28,584.49,586.17,408164.213555,585.5244,6907,
2026-03-24 13:32:00,586.16,586.2,585.5299,585.63,211722.873581,585.8453,3835,
2026-03-24 13:33:00,585.64,585.88,585.23,585.56,309189.69741,585.5877,5310,
2026-03-24 13:34:00,585.56,586.01,585.38,585.971,175896.124308,585.7105,3076,
2026-03-24 13:35:00,585.9799,586.19,584.85,585.2099,376068.731072,585.3468,5852,
2026-03-24 13:36:00,585.19,585.478,584.39,584.6,289510.010811,584.8737,5004,
2026-03-24 13:37:00,584.6,585.06,584.18,584.38,197221.9984,584.7231,3468,
2026-03-24 13:38:00,584.3701,584.91,584.3568,584.65,131162.679858,584.6544,2696,
2026-03-24 13:39:00,584.63,584.71,583.57,583.7,203220.93632,584.0498,3885,
2026-03-24 13:40:00,583.6901,583.76,582.86,582.97,287812.822882,583.361,5076,
2026-03-24 13:41:00,583.0,583.06,582.05,582.08,319812.947435,582.7059,4729,
2026-03-24 13:42:00,582.1,583.62,582.1,583.43,341072.825173,582.9284,5904,
2026-03-24 13:43:00,583.41,583.41,582.75,582.86,153143.278373,583.0866,3411,
2026-03-24 13:44:00,582.84,583.07,582.72,582.92,195485.642905,582.8645,3855,
2026-03-24 13:45:00,582.9267,583.51,582.68,583.27,225799.936903,583.165,4606,
2026-03-24 13:46:00,583.23,584.18,583.17,584.07,195712.48915,583.6732,4689,
2026-03-24 13:47:00,584.05,584.07,583.55,583.65,154241.10319,583.8391,3795,
2026-03-24 13:48:00,583.65,583.92,582.6217,582.86,155203.629786,583.1676,4071,
2026-03-24 13:49:00,582.83,582.99,582.38,582.45,140858.337917,582.8846,3301,
2026-03-24 13:50:00,582.43,582.88,582.17,582.19,221824.380314,582.5209,4403,
2026-03-24 13:51:00,582.23,582.69,581.97,582.16,153540.359827,582.2562,4036,
2026-03-24 13:52:00,582.13,583.13,581.93,582.9501,206316.787703,582.5001,4161,
2026-03-24 13:53:00,582.98,583.27,582.85,583.15,112073.472481,583.0887,3189,
2026-03-24 13:54:00,583.13,583.2,582.5,582.67,88976.857424,582.9494,2940,
2026-03-24 13:55:00,582.71,583.03,582.55,582.89,96974.003266,582.8362,3107,
2026-03-24 13:56:00,582.885,583.39,582.88,583.15,106628.907416,583.1745,3378,
2026-03-24 13:57:00,583.15,583.995,583.09,583.61,188770.659053,583.6684,4624,
2026-03-24 13:58:00,583.67,583.76,583.0203,583.72,105267.740348,583.3679,3234,
2026-03-24 13:59:00,583.71,583.92,583.465,583.88,80326.204097,583.748,2770,
2026-03-24 14:00:00,583.86,584.83,583.69,584.53,285050.071171,584.3663,5926,
2026-03-24 14:01:00,584.51,584.62,584.07,584.07,238020.59947,584.4211,3706,
2026-03-24 14:02:00,584.09,584.38,583.5,584.22,172784.017741,583.9147,4360,
2026-03-24 14:03:00,584.24,584.43,583.86,583.95,93125.757057,584.1279,3058,
2026-03-24 14:04:00,583.96,584.4262,583.915,584.3401,158092.557407,584.1595,4019,
2026-03-24 14:05:00,584.35,584.52,583.68,583.76,283030.651889,584.0616,5349,
2026-03-24 14:06:00,583.77,584.33,583.58,584.28,165053.381271,584.0548,4032,
2026-03-24 14:07:00,584.24,585.43,584.2,585.06,303134.564226,584.8061,5844,
2026-03-24 14:08:00,585.07,585.07,584.6,584.925,122660.982292,584.8068,3065,
2026-03-24 14:09:00,584.94,585.32,584.75,585.31,162012.40911,584.979,3588,
2026-03-24 14:10:00,585.31,585.45,584.89,584.93,131124.547259,585.2439,3254,
2026-03-24 14:11:00,584.92,585.0,584.49,584.56,148869.687844,584.686,3222,
2026-03-24 14:12:00,584.56,584.632,583.88,583.99,152188.321344,584.2445,3768,
2026-03-24 14:13:00,583.98,584.07,582.93,583.29,234434.162734,583.3413,5078,
2026-03-24 14:14:00,583.34,584.16,583.275,584.05,171749.893234,583.717,3521,
2026-03-24 14:15:00,584.04,584.2,583.76,583.8299,123746.234598,584.0004,3237,
2026-03-24 14:16:00,583.83,583.94,583.24,583.335,104817.100811,583.6035,3316,
2026-03-24 14:17:00,583.33,583.92,583.33,583.8202,407455.938162,583.1806,3008,
2026-03-24 14:18:00,583.81,584.31,583.51,584.055,107200.978422,583.9683,3286,
2026-03-24 14:19:00,584.08,584.36,584.042,584.15,87064.343721,584.1731,2769,
2026-03-24 14:20:00,584.15,584.37,583.92,584.13,92719.292803,584.1292,3090,
2026-03-24 14:21:00,584.11,584.51,583.9922,584.2,102565.914096,584.3189,3080,
2026-03-24 14:22:00,584.21,584.45,583.13,583.19,153784.290267,583.7899,3668,
2026-03-24 14:23:00,583.2,583.7001,583.2,583.49,88236.006339,583.4812,2552,
2026-03-24 14:24:00,583.44,583.78,583.43,583.58,63557.340577,583.6094,2423,
2026-03-24 14:25:00,583.57,583.6,583.06,583.13,122704.8479,583.2622,2997,
2026-03-24 14:26:00,583.19,583.895,583.155,583.63,123410.592851,583.5484,4414,
2026-03-24 14:27:00,583.63,584.65,583.54,584.39,204261.167911,584.0241,4748,
2026-03-24 14:28:00,584.38,584.625,584.2,584.33,133055.857364,584.4165,3160,
2026-03-24 14:29:00,584.33,584.35,583.43,583.63,120801.762521,583.8832,3549,
2026-03-24 14:30:00,583.62,583.98,583.43,583.76,105683.252299,583.7394,3277,
2026-03-24 14:31:00,583.75,584.05,583.62,583.89,97898.238869,583.8511,3188,
2026-03-24 14:32:00,583.8613,583.93,583.39,583.93,92974.253694,583.688,3313,
2026-03-24 14:33:00,583.93,584.34,583.77,584.17,95163.680365,584.1639,3007,
2026-03-24 14:34:00,584.16,584.38,584.03,584.25,105504.34013,584.2012,2850,
2026-03-24 14:35:00,584.27,584.43,584.0,584.0918,184713.329318,584.2322,3687,
2026-03-24 14:36:00,584.11,584.11,583.33,583.455,194182.209398,583.6673,3718,
2026-03-24 14:37:00,583.46,583.93,583.29,583.42,95969.671928,583.6255,3190,
2026-03-24 14:38:00,583.43,583.6453,583.1,583.53,94538.334679,583.3648,3022,
2026-03-24 14:39:00,583.4709,583.78,583.3699,583.6201,81167.74446,583.6059,2749,
2026-03-24 14:40:00,583.62,584.18,583.39,584.11,89447.533432,583.7595,2866,
2026-03-24 14:41:00,584.1,584.48,583.94,584.14,124446.694052,584.1804,3097,
2026-03-24 14:42:00,584.09,584.57,584.07,584.455,125825.953187,584.2551,3329,
2026-03-24 14:43:00,584.46,584.62,584.03,584.2,103795.688335,584.441,3245,
2026-03-24 14:44:00,584.18,584.73,584.095,584.7,74921.611337,584.5107,2553,
2026-03-24 14:45:00,584.69,584.69,583.76,583.8,148564.317209,584.2701,3892,
2026-03-24 14:46:00,583.79,585.23,583.78,585.085,254148.81775,584.5041,4472,
2026-03-24 14:47:00,585.0601,585.21,584.46,584.63,153654.791668,584.7972,3850,
2026-03-24 14:48:00,584.66,584.9,584.52,584.81,134267.404138,584.7409,3259,
2026-03-24 14:49:00,584.75,584.78,583.98,583.99,190490.899588,584.4058,3864,
2026-03-24 14:50:00,583.99,584.03,583.33,583.42,224509.258878,583.6308,4316,
2026-03-24 14:51:00,583.44,585.84,583.44,585.65,396823.323284,584.6313,7119,
2026-03-24 14:52:00,585.63,586.95,585.51,585.78,836063.837655,586.4491,13021,
2026-03-24 14:53:00,585.82,586.23,585.09,586.19,228650.842146,585.4392,5009,
2026-03-24 14:54:00,586.18,586.41,585.26,585.45,206426.692015,585.9218,4833,
2026-03-24 14:55:00,585.43,586.15,585.11,585.92,306017.541043,585.6038,6124,
2026-03-24 14:56:00,585.91,586.67,585.67,586.4,159958.751962,586.3619,3988,
2026-03-24 14:57:00,586.37,586.46,585.98,586.33,222640.360721,586.2851,3894,
2026-03-24 14:58:00,586.32,586.32,585.1,585.35,203880.752466,585.635,4639,
2026-03-24 14:59:00,585.38,585.41,583.1,584.52,491661.617305,584.1596,9683,
2026-03-24 15:00:00,584.54,586.1499,584.47,585.726,230606.319233,585.6941,5178,
2026-03-24 15:01:00,585.71,586.05,585.53,585.94,161690.563556,585.7712,3475,
2026-03-24 15:02:00,585.94,586.02,585.35,585.86,172458.156536,585.7453,4183,
2026-03-24 15:03:00,585.83,586.03,585.55,585.97,126383.532356,585.8533,3316,
2026-03-24 15:04:00,585.96,586.0,585.4801,585.685,113682.004858,585.7531,3350,
2026-03-24 15:05:00,585.65,585.8,585.4,585.66,120428.371604,585.6083,3106,
2026-03-24 15:06:00,585.66,585.87,585.48,585.77,71924.332461,585.6839,2527,
2026-03-24 15:07:00,585.78,586.04,585.67,585.99,77853.413309,585.8463,2455,
2026-03-24 15:08:00,585.96,586.1,585.5,585.74,111382.812903,585.8645,2989,
2026-03-24 15:09:00,585.74,585.935,585.6,585.7757,54703.956394,585.807,2287,
2026-03-24 15:10:00,585.75,585.7899,585.25,585.7,88065.111672,585.4674,2716,
2026-03-24 15:11:00,585.7,586.36,585.67,586.09,160164.175019,586.0905,3534,
2026-03-24 15:12:00,586.09,586.2799,585.94,586.09,47699.072107,586.0977,2146,
2026-03-24 15:13:00,586.09,586.17,585.76,585.85,112398.366909,585.9439,2553,
2026-03-24 15:14:00,585.869,586.205,585.73,586.1699,71258.974803,585.8534,2305,
2026-03-24 15:15:00,586.19,586.58,586.05,586.52,114607.994401,586.2787,2862,
2026-03-24 15:16:00,586.5,586.969,586.38,586.89,143571.217699,586.6634,3233,
2026-03-24 15:17:00,586.89,586.93,586.13,586.225,72473.880314,586.508,2626,
2026-03-24 15:18:00,586.27,586.82,586.27,586.72,126234.128344,586.67,3166,
2026-03-24 15:19:00,586.7199,586.87,586.5577,586.71,200752.425367,586.7287,3642,
2026-03-24 15:20:00,586.698,586.76,586.2,586.6599,122313.446066,586.5681,3347,
2026-03-24 15:21:00,586.64,587.05,586.54,586.93,122291.980171,586.8461,3624,
2026-03-24 15:22:00,586.93,587.21,586.8,587.19,79984.7871,587.0236,2635,
2026-03-24 15:23:00,587.14,587.18,586.72,586.99,86535.206004,586.9228,2595,
2026-03-24 15:24:00,586.99,587.56,586.98,587.47,169164.959667,587.3149,3781,
2026-03-24 15:25:00,587.5,587.93,587.33,587.89,162103.250897,587.6133,3249,
2026-03-24 15:26:00,587.87,587.91,587.56,587.6,105211.967628,587.7573,2803,
2026-03-24 15:27:00,587.62,587.62,587.05,587.111,185577.239301,587.2943,3866,
2026-03-24 15:28:00,587.14,587.27,586.93,586.98,106578.862788,587.0838,2615,
2026-03-24 15:29:00,586.98,586.99,586.67,586.8674,59708.706281,586.8092,2519,
2026-03-24 15:30:00,586.86,587.2,586.76,586.77,94910.29709,586.989,2677,
2026-03-24 15:31:00,586.79,587.22,586.49,586.51,84370.210691,586.8356,2858,
2026-03-24 15:32:00,586.54,586.57,585.9943,586.1895,112480.990496,586.3038,2929,
2026-03-24 15:33:00,586.2,586.25,585.92,586.04,80420.042751,586.0945,2527,
2026-03-24 15:34:00,586.055,586.62,586.04,586.5,82319.931448,586.3651,2311,
2026-03-24 15:35:00,586.5,586.77,586.42,586.62,78709.824194,586.639,2515,
2026-03-24 15:36:00,586.605,586.92,586.59,586.85,50777.134653,586.8071,2043,
2026-03-24 15:37:00,586.86,587.1695,586.74,587.07,52690.235262,586.9195,2003,
2026-03-24 15:38:00,587.05,587.19,586.98,587.111,43269.781233,587.0884,1948,
2026-03-24 15:39:00,587.14,587.41,587.03,587.05,78366.849696,587.2005,2486,
2026-03-24 15:40:00,587.03,587.3,587.03,587.18,76532.420723,587.2023,2385,
2026-03-24 15:41:00,587.16,587.18,586.77,587.0001,72796.020949,586.9427,2380,
2026-03-24 15:42:00,587.04,587.16,586.71,586.7894,76416.48947,586.905,2387,
2026-03-24 15:43:00,586.79,586.9198,586.67,586.83,192369.39637,586.7462,1650,
2026-03-24 15:44:00,586.83,587.0,586.71,586.93,60477.186446,586.918,664,
2026-03-24 15:45:00,586.89,587.01,586.71,586.91,63114.270015,586.8917,984,
2026-03-24 15:46:00,586.92,587.1,586.87,586.98,67861.69123,586.9885,1248,
2026-03-24 15:47:00,586.96,587.05,586.78,586.88,39734.422924,586.9227,816,
2026-03-24 15:48:00,586.835,587.12,586.74,587.08,72296.590499,586.9892,1104,
2026-03-24 15:49:00,587.08,587.24,586.93,587.12,104300.76583,587.1046,1602,
2026-03-24 15:50:00,587.13,587.54,587.13,587.27,117417.389533,587.2999,1805,
2026-03-24 15:51:00,587.288,587.74,587.27,587.67,75475.788485,587.5546,1161,
2026-03-24 15:52:00,587.66,587.66,587.39,587.55,81382.506019,587.5198,1134,
2026-03-24 15:53:00,587.55,587.56,587.04,587.14,88153.419616,587.366,1333,
2026-03-24 15:54:00,587.1346,587.26,587.07,587.0997,53467.464878,587.1836,692,
2026-03-24 15:55:00,587.1,587.12,586.52,586.55,205179.980901,586.742,2335,
2026-03-24 15:56:00,586.53,586.69,585.64,585.78,206596.612949,586.1875,2893,
2026-03-24 15:57:00,585.79,586.138,585.55,585.72,157277.221325,585.8712,2193,
2026-03-24 15:58:00,585.71,586.21,585.68,585.99,150066.67761,586.1478,1639,
2026-03-24 15:59:00,585.97,586.23,585.75,585.77,89579.098711,586.04,1356,
2026-03-24 16:00:00,585.74,586.06,585.63,586.02,135069.345868,585.8611,1663,
2026-03-24 16:01:00,586.005,586.18,585.57,585.57,103389.97763,585.9459,1323,
2026-03-24 16:02:00,585.58,585.78,585.39,585.57,142788.617742,585.5992,1761,
2026-03-24 16:03:00,585.58,585.81,585.52,585.56,98176.006599,585.6832,1088,
2026-03-24 16:04:00,585.59,585.88,585.43,585.4901,98618.391739,585.7624,1299,
2026-03-24 16:05:00,585.51,585.67,585.24,585.3053,84730.411751,585.4791,1220,
2026-03-24 16:06:00,585.29,585.4,585.09,585.35,75551.894133,585.2419,1182,
2026-03-24 16:07:00,585.35,585.68,585.31,585.5,97537.840705,585.53,1320,
2026-03-24 16:08:00,585.5,585.54,585.28,585.43,39899.29117,585.3871,753,
2026-03-24 16:09:00,585.46,585.92,585.44,585.9,80435.973157,585.7677,1316,
2026-03-24 16:10:00,585.88,585.98,585.69,585.87,65731.31249,585.8489,1007,
2026-03-24 16:11:00,585.85,585.94,585.45,585.5,80663.401577,585.6403,1086,
2026-03-24 16:12:00,585.49,585.7956,585.3,585.55,78446.981282,585.5646,1120,
2026-03-24 16:13:00,585.56,585.59,585.34,585.5,125346.065129,585.4949,1163,
2026-03-24 16:14:00,585.43,585.75,585.3,585.62,88326.438227,585.509,1167,
2026-03-24 16:15:00,585.61,585.98,585.56,585.92,44244.611027,585.7487,811,
2026-03-24 16:16:00,585.92,586.58,585.89,586.55,158167.788879,586.3178,2350,
2026-03-24 16:17:00,586.52,586.79,586.42,586.69,162982.762072,586.6516,2401,
2026-03-24 16:18:00,586.71,586.7199,586.32,586.48,76603.95635,586.5342,1057,
2026-03-24 16:19:00,586.5,586.67,586.41,586.65,41906.351389,586.5937,682,
2026-03-24 16:20:00,586.61,586.62,586.4,586.545,50046.648545,586.4327,835,
2026-03-24 16:21:00,586.54,586.63,586.22,586.5,49499.393905,586.4348,878,
2026-03-24 16:22:00,586.49,586.99,586.48,586.91,95599.770345,586.7517,1599,
2026-03-24 16:23:00,586.86,586.96,586.72,586.9,59859.485781,586.8437,1041,
2026-03-24 16:24:00,586.9,586.9,586.64,586.81,32925.912736,586.7514,693,
2026-03-24 16:25:00,586.81,586.83,586.37,586.4,82105.584463,586.5972,1454,
2026-03-24 16:26:00,586.405,586.65,586.35,586.42,47044.438494,586.5131,865,
2026-03-24 16:27:00,586.44,586.71,586.29,586.69,86685.317453,586.4386,1294,
2026-03-24 16:28:00,586.68,586.78,586.45,586.62,47740.486386,586.6315,878,
2026-03-24 16:29:00,586.619,586.7263,586.46,586.64,21194.576358,586.6322,591,
2026-03-24 16:30:00,586.63,586.79,586.3248,586.36,51764.536388,586.5913,940,
2026-03-24 16:31:00,586.41,586.68,586.36,586.6,30338.495541,586.5948,604,
2026-03-24 16:32:00,586.64,586.6905,586.39,586.645,39206.995878,586.5559,609,
2026-03-24 16:33:00,586.64,586.658,586.22,586.24,42372.238015,586.4382,827,
2026-03-24 16:34:00,586.25,586.37,586.06,586.085,38877.500456,586.2407,752,
2026-03-24 16:35:00,586.11,586.1499,585.24,585.45,95121.068565,585.5715,1319,
2026-03-24 16:36:00,585.44,585.66,585.37,585.42,117445.905964,585.4865,1803,
2026-03-24 16:37:00,585.42,585.58,584.98,585.01,81245.581296,585.2873,1809,
2026-03-24 16:38:00,585.02,585.17,584.7,585.04,167345.160687,584.931,2405,
2026-03-24 16:39:00,585.05,585.05,584.63,584.67,72396.016203,584.8217,1113,
2026-03-24 16:40:00,584.7,584.92,584.58,584.69,93967.648772,584.7735,1101,
2026-03-24 16:41:00,584.74,585.0,584.665,584.92,79618.783451,584.8457,914,
2026-03-24 16:42:00,584.92,585.17,584.87,585.1,55430.092452,585.0307,939,
2026-03-24 16:43:00,585.13,585.54,585.0,585.47,120068.958906,585.2096,1776,
2026-03-24 16:44:00,585.45,585.64,585.32,585.64,80155.684276,585.4688,1007,
2026-03-24 16:45:00,585.64,586.23,585.56,586.15,181469.815932,585.9086,2325,
2026-03-24 16:46:00,586.145,586.27,585.93,585.99,88256.441088,586.1197,1102,
2026-03-24 16:47:00,585.96,586.09,585.84,585.97,49358.974843,585.9513,734,
2026-03-24 16:48:00,585.985,585.985,585.54,585.55,51964.68629,585.7934,883,
2026-03-24 16:49:00,585.57,585.75,585.52,585.6999,25912.975069,585.6464,568,
2026-03-24 16:50:00,585.66,585.95,585.5651,585.87,46087.226233,585.8516,633,
2026-03-24 16:51:00,585.8601,586.06,585.85,585.91,69975.954268,585.9801,945,
2026-03-24 16:52:00,585.9549,586.18,585.95,586.13,30601.916826,586.0828,602,
2026-03-24 16:53:00,586.13,586.13,585.74,585.88,81457.837338,585.9083,1234,
2026-03-24 16:54:00,585.86,585.87,585.55,585.58,31986.040558,585.7625,609,
2026-03-24 16:55:00,585.59,585.68,584.86,585.09,155270.831293,585.216,2230,
2026-03-24 16:56:00,585.1,585.752,585.06,585.65,72444.44616,585.5017,1183,
2026-03-24 16:57:00,585.66,585.79,585.22,585.22,94398.441672,585.4213,1212,
2026-03-24 16:58:00,585.236,585.52,585.236,585.4,61846.169944,585.4142,749,
2026-03-24 16:59:00,585.41,585.49,585.3,585.47,27944.973039,585.42,515,
2026-03-24 17:00:00,585.45,585.78,585.45,585.7301,42084.778975,585.6665,679,
2026-03-24 17:01:00,585.745,585.7799,585.61,585.68,82210.08295,585.5702,592,
2026-03-24 17:02:00,585.67,585.69,585.01,585.19,62847.747386,585.3104,1226,
2026-03-24 17:03:00,585.21,585.27,584.38,584.45,149374.397292,584.7633,2229,
2026-03-24 17:04:00,584.45,584.56,583.98,584.02,149187.415523,584.2135,2150,
2026-03-24 17:05:00,584.02,584.03,583.12,583.32,354764.973083,583.5221,5113,
2026-03-24 17:06:00,583.32,584.07,583.27,583.8,179768.217398,583.7904,2558,
2026-03-24 17:07:00,583.8,584.08,583.55,583.81,97329.194537,583.8488,1484,
2026-03-24 17:08:00,583.83,584.0,583.59,583.63,61056.471036,583.8016,1208,
2026-03-24 17:09:00,583.6,583.8191,583.25,583.32,82914.733355,583.5658,1349,
2026-03-24 17:10:00,583.38,583.41,582.94,583.25,118467.141604,583.1793,2611,
2026-03-24 17:11:00,583.28,583.69,583.26,583.43,109826.079603,583.4859,1747,
2026-03-24 17:12:00,583.44,583.55,582.81,582.87,96581.163717,583.2255,1498,
2026-03-24 17:13:00,582.87,583.35,582.775,583.27,193485.295862,583.1124,2423,
2026-03-24 17:14:00,583.26,583.36,582.96,583.24,119005.38435,583.1596,1660,
2026-03-24 17:15:00,583.21,583.44,583.125,583.135,124144.162128,583.2822,1630,
2026-03-24 17:16:00,583.14,583.2,582.72,582.94,158296.784618,582.9208,1985,
2026-03-24 17:17:00,582.9201,583.22,582.71,582.71,95125.962765,582.975,1291,
2026-03-24 17:18:00,582.74,583.12,582.7,582.7747,72905.070116,582.9086,1175,
2026-03-24 17:19:00,582.83,583.1456,582.75,582.88,56675.772463,582.9366,988,
2026-03-24 17:20:00,582.83,583.3,582.73,583.18,89733.114433,583.0489,1476,
2026-03-24 17:21:00,583.16,583.4,583.115,583.19,95004.167893,583.3211,1615,
2026-03-24 17:22:00,583.1814,583.32,582.98,583.1,93009.852793,583.108,1435,
2026-03-24 17:23:00,583.08,583.4,583.08,583.27,178506.066346,586.2233,1223,
2026-03-24 17:24:00,583.28,583.39,583.06,583.12,74428.436469,583.2216,1318,
2026-03-24 17:25:00,583.12,583.17,582.92,583.02,61670.005237,583.0443,952,
2026-03-24 17:26:00,583.03,583.22,582.85,583.01,101667.843551,583.1842,1144,
2026-03-24 17:27:00,582.97,583.35,582.97,583.09,262503.086818,583.1387,1039,
2026-03-24 17:28:00,583.1,583.55,583.0904,583.53,65841.848456,583.3802,1265,
2026-03-24 17:29:00,583.54,583.62,583.35,583.51,67431.54693,583.5147,1345,
2026-03-24 17:30:00,583.48,584.17,583.47,583.98,151261.399569,583.8359,2801,
2026-03-24 17:31:00,583.97,584.14,583.83,584.09,80699.955827,583.996,1412,
2026-03-24 17:32:00,584.11,584.12,583.67,583.76,62743.675204,583.8682,1295,
2026-03-24 17:33:00,583.73,583.76,583.08,583.18,102888.185828,583.4033,1781,
2026-03-24 17:34:00,583.19,583.34,583.02,583.0901,110569.206413,583.1489,1598,
2026-03-24 17:35:00,583.07,583.21,582.84,583.07,76815.324827,583.0685,1628,
2026-03-24 17:36:00,583.07,583.27,582.99,583.11,78858.13397,583.1501,1381,
2026-03-24 17:37:00,583.1,583.57,583.01,583.53,123107.940136,583.2556,1985,
2026-03-24 17:38:00,583.56,583.7,583.25,583.28,95521.129286,583.4522,1572,
2026-03-24 17:39:00,583.28,583.54,583.26,583.52,95856.905935,583.4319,1118,
2026-03-24 17:40:00,583.53,583.79,583.421,583.48,104929.062227,583.616,1843,
2026-03-24 17:41:00,583.48,583.49,583.0849,583.355,65769.793858,583.2897,1209,
2026-03-24 17:42:00,583.355,583.355,582.59,582.89,97083.710579,582.9538,1692,
2026-03-24 17:43:00,582.86,583.05,582.84,582.85,64734.944117,582.944,988,
2026-03-24 17:44:00,582.85,582.92,582.64,582.77,456478.120928,582.6807,897,
2026-03-24 17:45:00,582.775,582.88,582.6,582.8,54455.879371,582.769,1185,
2026-03-24 17:46:00,582.7811,583.0,582.75,582.91,73702.422896,582.8679,1586,
2026-03-24 17:47:00,582.9,583.02,582.85,582.985,62584.252644,582.9409,1255,
2026-03-24 17:48:00,582.985,583.208,582.86,583.16,53883.981982,583.0193,938,
2026-03-24 17:49:00,583.1,583.33,583.06,583.07,80480.846213,583.1845,1383,
2026-03-24 17:50:00,583.06,583.11,582.92,583.08,47066.98817,583.0234,840,
2026-03-24 17:51:00,583.1,583.2299,583.05,583.09,39905.558819,583.1561,758,
2026-03-24 17:52:00,583.09,584.1,583.04,583.27,252059.724213,583.5163,3942,
2026-03-24 17:53:00,583.26,583.3,583.01,583.27,54410.972851,583.1739,1119,
2026-03-24 17:54:00,583.27,583.6794,583.11,583.5101,89034.896941,583.4195,2102,
2026-03-24 17:55:00,583.51,584.8,583.32,584.06,398110.922755,584.1549,7604,
2026-03-24 17:56:00,584.08,584.665,584.01,584.2,330173.174496,585.6365,4142,
2026-03-24 17:57:00,584.2,584.49,583.86,584.2,102830.77983,584.2505,2999,
2026-03-24 17:58:00,584.21,584.66,584.1,584.57,151402.379257,584.4543,3726,
2026-03-24 17:59:00,584.56,584.56,584.11,584.55,309944.38714,584.2231,1116,
2026-03-24 18:00:00,584.555,585.3,584.45,584.91,237207.187573,584.9184,2602,
2026-03-24 18:01:00,584.9,584.94,584.38,584.61,134997.174701,584.6561,1821,
2026-03-24 18:02:00,584.6,584.75,584.29,584.72,115784.371207,584.4594,1555,
2026-03-24 18:03:00,584.72,584.7701,584.39,584.628,43113.530902,584.5497,870,
2026-03-24 18:04:00,584.6,584.81,584.42,584.71,63436.657582,584.5668,913,
2026-03-24 18:05:00,584.68,584.77,584.54,584.7,39908.489757,584.6495,739,
2026-03-24 18:06:00,584.67,584.78,584.53,584.64,73912.047802,584.6548,1183,
2026-03-24 18:07:00,584.64,584.7,584.3,584.68,68151.588942,584.5267,1426,
2026-03-24 18:08:00,584.7,584.74,584.17,584.39,134495.309641,584.4125,1933,
2026-03-24 18:09:00,584.4,584.48,584.23,584.2808,57770.538746,584.3757,1010,
2026-03-24 18:10:00,584.3,584.46,584.16,584.2,49771.72081,584.3111,777,
2026-03-24 18:11:00,584.19,584.62,584.09,584.6001,89330.530208,584.3254,1147,
2026-03-24 18:12:00,584.61,584.64,584.43,584.5,33663.188686,584.5494,829,
2026-03-24 18:13:00,584.49,584.55,584.25,584.32,49312.802781,584.4239,1058,
2026-03-24 18:14:00,584.32,584.59,584.26,584.425,51545.709802,584.4181,974,
2026-03-24 18:15:00,584.44,584.467,584.08,584.22,61874.723359,584.2697,1167,
2026-03-24 18:16:00,584.22,584.22,583.94,584.21,78137.775625,584.1444,970,
2026-03-24 18:17:00,584.16,584.32,583.86,583.98,66257.600979,584.0571,1107,
2026-03-24 18:18:00,583.99,583.99,583.73,583.98,77141.999837,583.8715,1063,
2026-03-24 18:19:00,584.0,584.76,583.97,584.55,210249.813583,584.366,3286,
2026-03-24 18:20:00,584.5474,584.9,584.36,584.54,119870.716999,584.5725,1792,
2026-03-24 18:21:00,584.54,584.66,584.34,584.59,59971.524682,584.4808,956,
2026-03-24 18:22:00,584.54,584.58,584.18,584.26,45518.284404,584.3149,918,
2026-03-24 18:23:00,584.27,584.54,584.2409,584.31,34898.31619,584.3955,702,
2026-03-24 18:24:00,584.3,584.55,584.29,584.51,43007.998754,584.4437,687,
2026-03-24 18:25:00,584.54,584.85,584.4107,584.76,52333.863159,584.6494,953,
2026-03-24 18:26:00,584.72,584.82,584.67,584.79,172572.396222,584.7676,2882,
2026-03-24 18:27:00,584.79,585.3,584.69,585.27,126869.304392,584.97,2006,
2026-03-24 18:28:00,585.25,585.28,584.65,584.8,159122.563555,584.8551,2457,
2026-03-24 18:29:00,584.81,585.13,584.61,584.9495,132548.711775,584.862,2025,
2026-03-24 18:30:00,584.94,585.01,584.65,584.8,154392.29219,584.8522,2169,
2026-03-24 18:31:00,584.81,585.5601,584.69,585.56,113528.56607,585.0719,2030,
2026-03-24 18:32:00,585.55,585.98,585.49,585.72,145927.108368,585.7487,2199,
2026-03-24 18:33:00,585.72,585.72,585.3,585.49,205111.211055,585.4392,2961,
2026-03-24 18:34:00,585.49,585.65,585.38,585.45,92204.399551,585.5428,1400,
2026-03-24 18:35:00,585.42,585.87,585.41,585.84,63494.598771,585.58,1046,
2026-03-24 18:36:00,585.82,585.83,585.56,585.83,44116.954784,585.7199,710,
2026-03-24 18:37:00,585.825,586.01,585.75,585.9,170911.091013,585.8543,2415,
2026-03-24 18:38:00,585.9,586.57,585.83,586.54,271011.447443,586.1048,3367,
2026-03-24 18:39:00,586.54,587.038,586.26,586.97,349052.357424,586.6388,4893,
2026-03-24 18:40:00,586.96,586.98,586.71,586.93,165912.419617,586.8104,2317,
2026-03-24 18:41:00,586.93,586.93,585.67,585.87,212291.591043,586.2783,2976,
2026-03-24 18:42:00,585.865,585.96,585.255,585.69,219417.722108,585.6139,3177,
2026-03-24 18:43:00,585.69,585.83,585.42,585.67,98495.647221,585.6549,1560,
2026-03-24 18:44:00,585.67,585.93,585.6549,585.83,50907.587078,585.8079,902,
2026-03-24 18:45:00,585.83,585.92,585.56,585.67,47920.616491,585.7576,948,
2026-03-24 18:46:00,585.68,585.705,585.4,585.625,75805.62181,585.5715,1178,
2026-03-24 18:47:00,585.62,585.7,585.28,585.38,81828.246505,585.4433,1326,
2026-03-24 18:48:00,585.37,585.601,585.28,585.33,77550.807583,585.3999,1271,
2026-03-24 18:49:00,585.32,585.47,585.19,585.41,44010.383064,585.3777,969,
2026-03-24 18:50:00,585.4,585.55,585.38,585.43,52928.564755,585.4754,1052,
2026-03-24 18:51:00,585.42,585.63,585.35,585.56,49663.342763,585.4984,969,
2026-03-24 18:52:00,585.58,585.79,585.44,585.7501,42572.860414,585.6198,744,
2026-03-24 18:53:00,585.7631,586.18,585.6242,585.66,102035.681876,585.9073,1852,
2026-03-24 18:54:00,585.63,585.7299,585.42,585.7099,57858.033099,585.5561,947,
2026-03-24 18:55:00,585.71,585.71,585.37,585.4,68478.478187,585.5068,1076,
2026-03-24 18:56:00,585.41,585.42,584.89,585.18,75130.123111,585.1392,1346,
2026-03-24 18:57:00,585.18,585.28,585.02,585.1501,36147.351847,585.1841,610,
2026-03-24 18:58:00,585.12,585.49,585.1,585.256,41835.725896,585.3371,719,
2026-03-24 18:59:00,585.27,585.42,585.21,585.32,76232.710854,585.3013,1160,
2026-03-24 19:00:00,585.29,585.94,585.29,585.93,138309.483106,585.6468,2132,
2026-03-24 19:01:00,585.9,586.14,585.84,585.84,141837.681775,586.0332,2044,
2026-03-24 19:02:00,585.83,585.94,585.67,585.7099,57656.310658,585.8296,933,
2026-03-24 19:03:00,585.69,585.905,585.66,585.77,44337.54513,585.8073,669,
2026-03-24 19:04:00,585.77,585.87,585.64,585.69,47053.337228,585.7704,612,
2026-03-24 19:05:00,585.67,585.75,585.47,585.73,44427.392774,585.594,969,
2026-03-24 19:06:00,585.73,585.8199,585.57,585.78,46997.831427,585.705,712,
2026-03-24 19:07:00,585.81,585.85,585.6489,585.6489,50887.918724,585.7311,780,
2026-03-24 19:08:00,585.62,585.72,585.46,585.7,65808.259382,585.6048,857,
2026-03-24 19:09:00,585.69,585.98,585.68,585.88,49807.131814,585.8704,956,
2026-03-24 19:10:00,585.88,585.97,585.77,585.81,69093.630245,585.844,982,
2026-03-24 19:11:00,585.81,586.11,585.8099,585.91,66697.367886,585.9894,915,
2026-03-24 19:12:00,585.91,586.03,585.88,585.97,59060.974736,585.9483,807,
2026-03-24 19:13:00,585.99,586.09,585.93,586.09,29166.378995,586.0189,699,
2026-03-24 19:14:00,586.08,586.29,585.9788,586.265,97811.247192,586.1315,1303,
2026-03-24 19:15:00,586.27,586.36,586.1901,586.25,97031.719076,586.2842,1443,
2026-03-24 19:16:00,586.22,586.22,585.9636,586.15,102868.339003,586.0917,1416,
2026-03-24 19:17:00,586.13,586.18,585.9501,585.99,72317.159297,586.0501,1172,
2026-03-24 19:18:00,586.0,586.12,585.82,585.91,55222.961877,585.9843,923,
2026-03-24 19:19:00,585.93,586.18,585.92,586.065,49398.648524,586.0514,881,
2026-03-24 19:20:00,586.08,586.15,585.84,585.97,83997.422,585.9972,1293,
2026-03-24 19:21:00,585.96,585.98,585.665,585.84,89225.695109,585.8592,1323,
2026-03-24 19:22:00,585.83,585.9699,585.75,585.8,29646.75269,585.8792,587,
2026-03-24 19:23:00,585.8,585.8099,585.55,585.73,107229.898961,585.6804,1616,
2026-03-24 19:24:00,585.73,585.95,585.57,585.86,83246.51217,585.7923,1172,
2026-03-24 19:25:00,585.83,585.99,585.77,585.81,92923.705102,585.8617,1067,
2026-03-24 19:26:00,585.84,585.915,585.49,585.62,52653.104122,585.6647,912,
2026-03-24 19:27:00,585.6,585.71,585.41,585.4399,45676.368926,585.6138,722,
2026-03-24 19:28:00,585.42,585.47,585.07,585.1599,65345.916211,585.3047,1038,
2026-03-24 19:29:00,585.15,585.25,585.05,585.09,72494.598875,585.1902,1057,
2026-03-24 19:30:00,585.08,585.11,584.54,585.07,218164.301999,584.8537,3238,
2026-03-24 19:31:00,585.08,585.45,585.0,585.11,132251.000497,585.1924,1872,
2026-03-24 19:32:00,585.13,585.3,584.815,584.875,85646.637748,585.0062,1414,
2026-03-24 19:33:00,584.87,584.9,584.695,584.8749,136859.122119,584.8251,1504,
2026-03-24 19:34:00,584.87,584.88,584.56,584.62,73703.590818,584.689,1291,
2026-03-24 19:35:00,584.62,584.64,584.0899,584.26,182974.507042,584.4391,2269,
2026-03-24 19:36:00,584.25,584.73,584.16,584.57,146775.416473,584.4895,1816,
2026-03-24 19:37:00,584.6,584.78,584.51,584.72,59110.072162,584.5961,1099,
2026-03-24 19:38:00,584.72,584.8,584.59,584.59,60475.918719,584.6994,1074,
2026-03-24 19:39:00,584.59,584.63,584.44,584.6,83296.57815,584.5417,1436,
2026-03-24 19:40:00,584.62,584.6827,584.56,584.6195,54773.454702,584.6277,920,
2026-03-24 19:41:00,584.61,584.8,584.5,584.635,100773.733504,584.6585,1597,
2026-03-24 19:42:00,584.62,584.908,584.55,584.87,90158.416429,584.7566,1380,
2026-03-24 19:43:00,584.89,584.9799,584.62,584.63,71823.089725,584.7653,1227,
2026-03-24 19:44:00,584.63,584.699,584.43,584.47,72995.258329,584.5655,1102,
2026-03-24 19:45:00,584.46,584.47,584.14,584.17,146351.645837,584.2855,1839,
2026-03-24 19:46:00,584.16,584.21,583.7701,583.91,182705.04467,583.9984,2640,
2026-03-24 19:47:00,583.9,584.15,583.9,583.975,84587.737392,584.0327,1588,
2026-03-24 19:48:00,584.0,584.08,583.91,584.02,86934.988282,583.9919,1549,
2026-03-24 19:49:00,584.03,584.2,583.99,584.17,85408.176412,584.0999,1518,
2026-03-24 19:50:00,584.17,584.32,583.79,584.0,159241.976706,584.0083,3478,
2026-03-24 19:51:00,584.02,584.22,583.65,583.81,194485.891994,583.8998,2732,
2026-03-24 19:52:00,583.81,583.84,583.57,583.6495,169935.258536,583.7189,3038,
2026-03-24 19:53:00,583.635,583.785,583.5699,583.5899,136863.650153,583.6629,2607,
2026-03-24 19:54:00,583.57,583.65,583.51,583.58,245060.431028,583.5711,3316,
2026-03-24 19:55:00,583.59,583.81,583.355,583.5,277275.671641,583.552,3974,
2026-03-24 19:56:00,583.51,583.59,583.42,583.56,238918.049544,585.6031,2034,
2026-03-24 19:57:00,583.57,583.5799,583.25,583.36,232955.586093,583.3746,3780,
2026-03-24 19:58:00,583.38,583.56,583.36,583.495,223273.715583,583.4474,3066,
2026-03-24 19:59:00,583.5,583.95,583.38,583.93,627005.719925,583.6859,6887,
2026-03-24 20:00:00,583.92,584.15,583.78,584.0537,82473.165943,583.9572,475,
2026-03-24 20:01:00,584.0,584.1,583.88,584.1,29945.113008,584.02,159,
2026-03-24 20:02:00,584.0509,584.17,584.0509,584.12,14641.512807,584.1153,122,
2026-03-24 20:03:00,584.05,584.12,583.91,584.12,29577.534392,584.0599,279,
2026-03-24 20:04:00,584.08,584.12,584.0,584.11,18854.905968,584.1247,202,
2026-03-24 20:05:00,584.1,584.27,584.07,584.1,36008.08512,584.1711,348,
2026-03-24 20:06:00,584.06,584.09,583.98,583.98,33759.39553,584.0344,250,
2026-03-24 20:07:00,584.06,584.15,583.98,584.06,35353.768173,584.0899,250,
2026-03-24 20:08:00,584.0591,584.08,583.98,584.07,4695.681741,584.1117,64,
2026-03-24 20:09:00,584.03,584.06,583.97,584.06,22889.895073,584.0211,204,
2026-03-24 20:10:00,584.06,584.08,583.99,584.06,11817.103389,584.0279,158,
2026-03-24 20:11:00,584.0,584.17,583.95,584.11,57845.638793,584.0606,318,
2026-03-24 20:12:00,584.15,584.2,584.12,584.18,762987.686509,583.8143,161,
2026-03-24 20:13:00,584.2,584.29,584.17,584.29,6657.422665,584.272,93,
2026-03-24 20:14:00,584.29,584.39,584.25,584.34,18008.899035,584.2102,146,
2026-03-24 20:15:00,584.39,584.39,584.32,584.32,7886.951691,584.4253,102,
2026-03-24 20:16:00,584.32,584.32,584.15,584.15,8780.373309,584.1093,83,
2026-03-24 20:17:00,584.16,584.28,584.16,584.27,3554.710825,584.3399,46,
2026-03-24 20:18:00,584.27,584.28,584.21,584.22,11649.174327,584.2236,59,
2026-03-24 20:19:00,584.18,584.82,584.0918,584.82,21951.791242,584.5183,273,
2026-03-24 20:20:00,584.85,587.8,584.85,587.64,318915.275481,587.1263,1808,
2026-03-24 20:21:00,587.66,588.27,587.08,587.3457,228414.932304,587.9708,1288,
2026-03-24 20:22:00,587.47,590.02,587.28,589.55,417024.175185,588.7218,2243,
2026-03-24 20:23:00,589.61,589.94,588.92,589.441,78573.469507,589.4144,810,
2026-03-24 20:24:00,589.45,590.5,589.11,590.4281,178062.193864,589.7048,1384,
2026-03-24 20:25:00,590.4,591.12,590.11,590.38,112155.485275,590.6356,1147,
2026-03-24 20:26:00,590.35,591.77,590.35,591.5985,138644.425539,591.0559,1655,
2026-03-24 20:27:00,591.54,591.82,589.94,590.22,134637.889187,590.7965,1305,
2026-03-24 20:28:00,590.39,590.39,588.87,588.98,81709.901818,589.3348,855,
2026-03-24 20:29:00,589.029,589.22,588.3,588.7615,91744.290425,588.834,950,
2026-03-24 20:30:00,588.9,589.13,588.42,588.42,29379.049169,588.8557,336,
2026-03-24 20:31:00,588.4201,588.86,588.33,588.42,35031.047244,588.6313,383,
2026-03-24 20:32:00,588.33,588.86,588.22,588.7,42207.369406,588.6606,352,
2026-03-24 20:33:00,588.75,589.17,588.72,588.9986,82861.886388,588.9553,803,
2026-03-24 20:34:00,588.94,589.3,588.83,589.03,50723.494691,589.0569,502,
2026-03-24 20:35:00,589.12,589.71,589.09,589.62,39869.940164,589.375,404,
2026-03-24 20:36:00,589.55,590.41,589.44,590.2968,103221.534192,590.1002,1045,
2026-03-24 20:37:00,590.32,590.35,589.97,590.16,38142.87027,590.118,386,
2026-03-24 20:38:00,590.25,590.44,590.05,590.29,78576.378841,590.2939,639,
2026-03-24 20:39:00,590.3299,591.55,589.8,591.15,257569.516338,590.7396,1869,
2026-03-24 20:40:00,591.2,591.2891,589.69,589.9,57986.92805,590.0909,671,
2026-03-24 20:41:00,589.98,589.98,589.18,589.51,40332.111147,589.585,543,
2026-03-24 20:42:00,589.4,589.48,588.69,589.08,54933.384725,589.0869,548,
2026-03-24 20:43:00,589.03,589.03,588.1717,588.49,175480.320045,588.4286,773,
2026-03-24 20:44:00,588.43,589.0,588.38,588.9988,32969.12834,588.7173,370,
2026-03-24 20:45:00,588.97,589.4,583.8079,589.14,144543.657867,585.81,524,
2026-03-24 20:46:00,589.0697,589.07,587.88,588.12,41313.88073,588.3087,612,
2026-03-24 20:47:00,588.05,588.17,587.6811,588.12,41245.478499,587.8741,465,
2026-03-24 20:48:00,588.18,588.64,588.17,588.59,37257.015633,588.4302,408,
2026-03-24 20:49:00,588.51,588.97,588.51,588.74,14482.136241,588.6881,217,
2026-03-24 20:50:00,588.8,588.8,588.3835,588.42,41253.452982,588.703,176,
2026-03-24 20:51:00,588.5,588.89,588.5,588.72,28310.563093,588.721,244,
2026-03-24 20:52:00,588.73,588.86,588.6,588.62,16637.393999,588.8031,96,
2026-03-24 20:53:00,588.58,588.61,588.3,588.51,27485.474719,588.4787,252,
2026-03-24 20:54:00,588.4896,588.5991,587.95,588.08,10183.116528,588.3374,195,
2026-03-24 20:55:00,588.15,588.65,588.118,588.5081,67056.164875,588.4749,439,
2026-03-24 20:56:00,588.44,588.51,588.39,588.39,6588.012,588.4562,68,
2026-03-24 20:57:00,588.62,588.6781,588.535,588.65,47880.952109,588.6339,391,
2026-03-24 20:58:00,588.59,588.74,588.42,588.43,68491.730933,588.4848,450,
2026-03-24 20:59:00,588.43,588.57,588.16,588.23,31474.16224,588.4218,253,
2026-03-24 21:00:00,588.58,588.58,588.363,588.363,4721.497649,588.4283,49,
2026-03-24 21:01:00,588.39,588.39,588.0003,588.01,18328.080602,588.1465,176,
2026-03-24 21:02:00,588.0001,588.29,587.9633,588.0,18250.472878,588.0308,151,
2026-03-24 21:03:00,588.05,588.19,588.0,588.19,8087.5612,588.0831,75,
2026-03-24 21:04:00,588.06,588.09,587.98,588.0,4093.516749,588.0977,72,
2026-03-24 21:05:00,587.99,587.99,587.78,587.78,21013.217749,587.8746,216,
2026-03-24 21:06:00,587.78,587.8727,587.6,587.65,25712.73973,587.6996,289,
2026-03-24 21:07:00,587.75,587.75,587.56,587.67,17232.311826,587.6373,200,
2026-03-24 21:08:00,587.74,587.85,587.7,587.85,6324.366147,587.7648,88,
2026-03-24 21:09:00,587.9,588.02,587.8,588.0,8303.407032,587.9446,127,
2026-03-24 21:10:00,588.05,588.16,587.99,588.1,32971.157087,588.0698,129,
2026-03-24 21:11:00,588.1,588.15,588.1,588.15,11305.104291,588.1126,70,
2026-03-24 21:12:00,588.14,588.17,588.14,588.16,10348.092366,588.1665,63,
2026-03-24 21:13:00,588.1508,588.28,588.15,588.28,12357.206287,588.1204,43,
2026-03-24 21:14:00,588.15,588.24,588.15,588.237,15324.078288,588.0268,76,
2026-03-24 21:15:00,588.2,588.39,588.163,588.27,8499.180372,588.3562,133,
2026-03-24 21:16:00,588.35,588.39,588.35,588.38,3477.374698,588.4252,35,
2026-03-24 21:17:00,588.3775,588.48,588.35,588.46,5828.351021,588.4453,79,
2026-03-24 21:18:00,588.48,588.5,588.46,588.46,20618.046822,588.4643,94,
2026-03-24 21:19:00,588.46,588.48,588.46,588.46,13831.0,588.4663,62,
2026-03-24 21:20:00,588.48,588.62,588.46,588.55,7705.153238,588.5462,112,
2026-03-24 21:21:00,588.6,588.65,588.52,588.59,5537.367918,588.6272,49,
2026-03-24 21:22:00,588.5117,588.68,588.5117,588.66,6752.238682,588.6079,48,
2026-03-24 21:23:00,588.591,588.6,588.59,588.59,10416.0258,588.5918,24,
2026-03-24 21:24:00,588.6004,588.68,588.59,588.59,8018.139293,588.607,60,
2026-03-24 21:25:00,588.59,588.6,588.4,588.45,17571.033986,588.4812,87,
2026-03-24 21:26:00,588.5608,588.5608,588.3558,588.49,11628.220922,588.4382,70,
2026-03-24 21:27:00,588.34,588.46,588.34,588.4,2471.76933,588.6,19,
2026-03-24 21:28:00,588.39,588.4,588.26,588.32,13178.272322,588.3558,66,
2026-03-24 21:29:00,588.33,588.4,588.3,588.3001,8578.342273,588.3405,50,
2026-03-24 21:30:00,588.32,588.42,588.32,588.42,1500.382199,588.5136,33,
2026-03-24 21:31:00,588.42,588.46,588.31,588.31,7377.493627,588.493,23,
2026-03-24 21:32:00,588.3893,588.5,588.36,588.36,8026.677543,588.4947,49,
2026-03-24 21:33:00,588.4,588.4,588.36,588.36,2396.016996,588.379,25,
2026-03-24 21:34:00,588.36,588.4288,588.3289,588.3303,1501.373347,588.5095,21,
2026-03-24 21:35:00,588.33,588.4079,588.31,588.36,4404.084981,588.368,31,
2026-03-24 21:36:00,588.36,588.36,588.2673,588.27,336.699103,589.5254,18,
2026-03-24 21:37:00,588.3,588.3,588.3,588.3,103.20934,589.4995,16,
2026-03-24 21:38:00,588.32,588.32,588.25,588.26,2331.35321,588.3478,26,
2026-03-24 21:39:00,588.27,588.39,588.27,588.38,11469.824489,588.361,55,
2026-03-24 21:40:00,588.3842,588.4,588.38,588.3806,834.009953,588.3923,20,
2026-03-24 21:41:00,588.4,588.48,588.4,588.48,888.042486,588.4578,25,
2026-03-24 21:42:00,588.48,588.5,588.48,588.49,1468.929508,588.8651,31,
2026-03-24 21:43:00,588.5,588.5,588.5,588.5,953.050979,588.5288,15,
2026-03-24 21:44:00,588.5,588.5,588.4709,588.4709,614.754895,589.2069,24,
2026-03-24 21:45:00,588.4961,588.52,588.42,588.42,2704.590377,588.5932,39,
2026-03-24 21:46:00,588.4603,588.4603,588.4603,588.4603,124.027189,585.8456,10,
2026-03-24 21:47:00,588.46,588.57,588.46,588.56,1976.067023,588.375,17,
2026-03-24 21:48:00,588.64,589.24,588.64,588.95,20373.421893,588.9805,247,
2026-03-24 21:49:00,588.89,588.95,588.85,588.95,2814.022837,588.905,51,
2026-03-24 21:50:00,588.91,588.95,588.89,588.9,1740.177579,588.9645,43,
2026-03-24 21:51:00,588.9,588.9509,588.89,588.9509,4505.603999,588.982,42,
2026-03-24 21:52:00,588.9647,589.0,588.89,588.93,3374.618812,589.0324,48,
2026-03-24 21:53:00,588.92,588.92,588.8965,588.8965,404.118974,589.0786,16,
2026-03-24 21:54:00,588.89,588.94,588.88,588.9231,2602.058731,588.9206,30,
2026-03-24 21:55:00,588.87,588.92,588.87,588.92,1495.0,588.9134,17,
2026-03-24 21:56:00,588.83,588.94,588.83,588.88,581.00849,588.9231,12,
2026-03-24 21:57:00,588.84,588.88,588.84,588.88,309.033113,588.9329,12,
2026-03-24 21:58:00,588.85,588.8817,588.71,588.82,4515.088694,588.8379,39,
2026-03-24 21:59:00,588.77,588.81,588.6804,588.7614,5290.721072,588.8165,61,
2026-03-24 22:00:00,588.87,589.68,588.87,589.05,38306.959815,589.2298,355,
2026-03-24 22:01:00,588.9,589.2,588.9,588.97,11629.069772,589.079,139,
2026-03-24 22:02:00,589.02,589.2682,588.96,589.03,4439.852464,589.1403,55,
2026-03-24 22:03:00,589.11,589.12,588.94,588.94,3714.76583,589.1553,26,
2026-03-24 22:04:00,588.92,589.2899,588.92,589.2332,8803.299412,589.1784,73,
2026-03-24 22:05:00,589.28,589.37,589.19,589.37,25360.741616,589.2985,180,
2026-03-24 22:06:00,589.37,589.43,589.32,589.43,19226.386033,589.3894,103,
2026-03-24 22:07:00,589.47,589.64,589.44,589.48,9769.330469,589.5345,80,
2026-03-24 22:08:00,589.3,589.6395,589.3,589.49,1930.545751,589.6992,69,
2026-03-24 22:09:00,589.49,589.49,589.27,589.27,548.23817,589.6753,30,
2026-03-24 22:10:00,589.35,589.55,589.34,589.47,1817.407181,589.5886,33,
2026-03-24 22:11:00,589.33,589.33,589.09,589.22,5640.103691,589.2782,60,
2026-03-24 22:12:00,589.1402,589.2058,589.02,589.02,9152.433104,589.1327,33,
2026-03-24 22:13:00,589.11,589.23,589.1,589.11,8075.084877,589.1278,48,
2026-03-24 22:14:00,589.1079,589.1079,588.99,588.99,7584.204791,589.061,82,
2026-03-24 22:15:00,588.99,588.99,588.54,588.54,9825.246404,588.8073,109,
2026-03-24 22:16:00,588.5633,588.84,588.5633,588.7104,1601.059841,588.7067,28,
2026-03-24 22:17:00,588.6342,588.6342,588.25,588.54,8309.643909,588.5472,108,
2026-03-24 22:18:00,588.59,588.63,588.5,588.5,7117.243425,588.5473,33,
2026-03-24 22:19:00,588.5144,588.8042,588.5144,588.79,2786.073903,588.763,39,
2026-03-24 22:20:00,588.61,588.7,588.57,588.7,18317.052802,588.6961,220,
2026-03-24 22:21:00,588.67,588.79,588.54,588.61,3487.543659,588.8341,24,
2026-03-24 22:22:00,588.61,588.65,588.42,588.42,1972.107715,588.5682,54,
2026-03-24 22:23:00,588.3532,588.48,588.3532,588.48,4608.881623,588.499,28,
2026-03-24 22:24:00,588.32,588.36,588.26,588.3,2083.098838,588.3223,39,
2026-03-24 22:25:00,588.28,588.3,587.9,588.18,26180.083517,588.0447,201,
2026-03-24 22:26:00,587.97,588.18,587.9552,588.18,3949.144989,588.0583,39,
2026-03-24 22:27:00,588.18,588.35,588.16,588.34,6444.069613,588.2515,52,
2026-03-24 22:28:00,588.4,588.49,588.18,588.18,4213.148442,588.3956,67,
2026-03-24 22:29:00,588.2,588.2,588.17,588.17,1610.736792,588.4387,42,
2026-03-24 22:30:00,588.3,588.5,588.3,588.48,13507.095375,588.4846,57,
2026-03-24 22:31:00,588.5016,588.5016,588.5,588.5,2185.170066,588.5473,24,
2026-03-24 22:32:00,588.4567,588.48,588.4567,588.48,1409.242982,588.5772,19,
2026-03-24 22:33:00,588.54,588.64,588.52,588.64,10526.172029,588.5608,45,
2026-03-24 22:34:00,588.54,588.6,588.49,588.49,827.095142,588.5884,18,
2026-03-24 22:35:00,588.5126,588.59,588.5126,588.59,1979.018043,588.5751,19,
2026-03-24 22:36:00,588.59,588.59,588.57,588.57,346.276977,589.0507,17,
2026-03-24 22:37:00,588.58,588.91,588.58,588.72,6778.206874,588.8287,72,
2026-03-24 22:38:00,588.8,588.8,588.66,588.66,2030.438491,588.823,14,
2026-03-24 22:39:00,588.6799,588.6799,588.45,588.45,650.086552,588.6709,37,
2026-03-24 22:40:00,588.42,588.5187,588.42,588.5187,166.203022,589.202,8,
2026-03-24 22:41:00,588.47,588.47,588.4,588.4,881.126711,588.5226,27,
2026-03-24 22:42:00,588.5025,588.56,588.5025,588.56,1807.074045,588.5474,19,
2026-03-24 22:43:00,588.51,588.6319,588.51,588.6319,463.017436,588.6291,24,
2026-03-24 22:44:00,588.72,588.87,588.72,588.87,2384.277955,588.908,41,
2026-03-24 22:45:00,588.88,589.0,588.86,588.92,8750.551341,588.9818,65,
2026-03-24 22:46:00,588.92,588.92,588.71,588.72,5527.115954,588.8543,42,
2026-03-24 22:47:00,588.83,588.83,588.76,588.76,1141.836381,589.2566,34,
2026-03-24 22:48:00,588.73,588.73,588.6,588.63,2062.096681,588.6702,30,
2026-03-24 22:49:00,588.63,588.63,588.63,588.63,1135.120897,588.696,18,
2026-03-24 22:50:00,588.699,588.72,588.699,588.72,142.2548,589.7647,6,
2026-03-24 22:51:00,588.7,588.7,588.6684,588.6684,2293.037931,588.682,19,
2026-03-24 22:52:00,588.62,588.62,588.5261,588.5261,1973.171818,588.6467,42,
2026-03-24 22:53:00,588.52,588.5599,588.51,588.5599,3971.012833,588.5426,20,
2026-03-24 22:54:00,588.68,588.74,588.67,588.67,421.130795,588.8742,21,
2026-03-24 22:55:00,588.64,588.71,588.64,588.71,255.028417,588.7515,20,
2026-03-24 22:56:00,588.69,588.75,588.5764,588.5764,655.261974,588.9141,21,
2026-03-24 22:57:00,588.62,588.64,588.55,588.64,2386.177729,588.6452,25,
2026-03-24 22:58:00,588.74,588.94,588.74,588.85,1493.441328,589.0138,35,
2026-03-24 22:59:00,588.83,588.91,588.83,588.9,424.06597,588.9829,25,
2026-03-24 23:00:00,588.94,589.0,588.91,588.91,6799.204401,589.0055,59,
2026-03-24 23:01:00,588.9,588.9,588.66,588.66,2041.017339,588.7262,26,
2026-03-24 23:02:00,588.65,588.65,588.44,588.52,3611.238882,588.5935,70,
2026-03-24 23:03:00,588.43,588.51,588.4,588.4,4458.092765,588.4462,37,
2026-03-24 23:04:00,588.41,588.4125,588.36,588.4,1331.081135,588.4244,22,
2026-03-24 23:05:00,588.5,588.53,588.5,588.52,1059.177456,588.6227,16,
2026-03-24 23:06:00,588.689,588.69,588.67,588.6726,318.938102,590.4133,23,
2026-03-24 23:07:00,588.6014,588.6014,588.47,588.5,5308.170961,588.5308,34,
2026-03-24 23:08:00,588.52,588.56,588.4506,588.51,7486.72514,588.5866,37,
2026-03-24 23:09:00,588.58,588.58,588.5365,588.5365,883.001699,588.572,16,
2026-03-24 23:10:00,588.85,588.85,588.85,588.85,191.777654,591.1763,36,
2026-03-24 23:11:00,588.8295,588.841,588.8295,588.841,644.0,588.8316,14,
2026-03-24 23:12:00,588.8,588.8,588.7,588.7,862.054752,588.8187,15,
2026-03-24 23:13:00,588.6823,588.71,588.63,588.6999,1915.401734,588.8205,24,
2026-03-24 23:14:00,588.7386,588.7386,588.72,588.72,2112.142037,588.7772,10,
2026-03-24 23:15:00,588.8,588.82,588.7989,588.82,863.572488,589.1986,17,
2026-03-24 23:16:00,588.8,588.97,588.8,588.97,2027.18007,588.9019,25,
2026-03-24 23:17:00,588.9761,588.99,588.89,588.99,1452.052219,588.9302,30,
2026-03-24 23:18:00,588.98,589.0,588.9,588.9,886.044327,589.0042,27,
2026-03-24 23:19:00,588.96,589.0,588.95,589.0,1917.578618,589.1691,25,
2026-03-24 23:20:00,588.99,589.0567,588.9858,588.9858,6029.01468,589.0053,44,
2026-03-24 23:21:00,589.04,589.14,588.93,589.14,1352.164922,589.0998,58,
2026-03-24 23:22:00,589.15,589.21,589.02,589.02,1236.550921,589.3978,41,
2026-03-24 23:23:00,589.0753,589.18,589.04,589.18,1076.540939,589.404,26,
2026-03-24 23:24:00,589.17,589.17,589.16,589.16,474.0,589.169,18,
2026-03-24 23:25:00,589.21,589.2605,589.21,589.25,2714.06862,589.2573,34,
2026-03-24 23:26:00,589.27,589.29,589.25,589.29,963.0,589.2712,23,
2026-03-24 23:27:00,589.23,589.281,589.22,589.281,501.735393,590.1069,18,
2026-03-24 23:28:00,589.269,589.269,589.2383,589.2383,308.030456,589.3193,10,
2026-03-24 23:29:00,589.18,589.18,589.03,589.03,504.182956,589.2767,17,
2026-03-24 23:30:00,589.04,589.1,589.04,589.1,691.674594,589.6642,13,
2026-03-24 23:31:00,589.06,589.0781,589.06,589.0781,1190.016977,589.069,15,
2026-03-24 23:32:00,589.0883,589.1284,589.0883,589.0916,674.059597,589.1443,17,
2026-03-24 23:33:00,589.02,589.09,588.9195,589.09,2699.043643,589.048,32,
2026-03-24 23:34:00,589.0829,589.0896,588.95,589.01,1818.358259,589.1407,19,
2026-03-24 23:35:00,588.96,588.9828,588.8505,588.9828,3841.125994,588.9504,30,
2026-03-24 23:36:00,588.9711,589.06,588.9711,588.99,2156.093666,589.0314,20,
2026-03-24 23:37:00,589.0248,589.09,589.0248,589.09,1485.375066,589.1947,18,
2026-03-24 23:38:00,589.21,589.22,589.01,589.01,1925.716726,589.3296,40,
2026-03-24 23:39:00,589.04,589.04,589.04,589.04,334.522742,589.963,8,
2026-03-24 23:40:00,589.0019,589.0019,588.96,588.9601,1073.653651,589.355,17,
2026-03-24 23:41:00,588.96,588.96,588.66,588.79,7662.243442,588.8027,77,
2026-03-24 23:42:00,588.79,588.79,588.65,588.75,8265.314421,588.7104,43,
2026-03-24 23:43:00,588.73,588.73,588.61,588.72,3380.835341,588.8012,35,
2026-03-24 23:44:00,588.74,588.77,588.66,588.68,2533.679326,588.8884,18,
2026-03-24 23:45:00,588.67,588.69,588.55,588.55,4532.833059,588.7462,45,
2026-03-24 23:46:00,588.64,588.64,588.579,588.58,4406.923402,588.7075,16,
2026-03-24 23:47:00,588.58,588.6,588.54,588.599,4527.636978,588.6571,27,
2026-03-24 23:48:00,588.61,588.69,588.61,588.68,3834.002089,588.6465,23,
2026-03-24 23:49:00,588.659,588.68,588.6,588.68,6192.0,588.6462,41,
2026-03-24 23:50:00,588.71,588.71,588.63,588.67,2851.870732,588.8336,29,
2026-03-24 23:51:00,588.6465,588.73,588.6465,588.7,4085.094386,588.725,38,
2026-03-24 23:52:00,588.62,588.66,588.59,588.6,7150.453147,588.6496,45,
2026-03-24 23:53:00,588.55,588.77,588.53,588.77,4911.713531,588.7443,29,
2026-03-24 23:54:00,588.85,588.85,588.63,588.63,3939.095368,588.7287,29,
2026-03-24 23:55:00,588.71,588.71,588.67,588.68,5768.36999,588.736,17,
2026-03-24 23:56:00,588.6578,588.71,588.6578,588.71,478.495655,589.2695,23,
2026-03-24 23:57:00,588.7,588.73,588.67,588.7,2845.110417,588.7178,20,
2026-03-24 23:58:00,588.67,588.7,588.649,588.67,5208.263974,588.6871,36,
2026-03-24 23:59:00,588.63,588.67,588.59,588.67,5934.05247,588.6146,39,
2026-03-25 08:00:00,588.6,588.9,588.57,588.79,12891.0,588.7321,218,
2026-03-25 08:01:00,588.79,588.99,588.72,588.93,2548.0,588.8409,74,
2026-03-25 08:02:00,588.94,589.25,588.8,589.12,2334.0,589.0469,54,
2026-03-25 08:03:00,589.06,589.58,589.04,589.58,10283.0,589.2967,190,
2026-03-25 08:04:00,589.57,589.86,589.57,589.67,4800.0,589.7213,103,
2026-03-25 08:05:00,589.72,590.19,589.69,590.12,5516.0,589.8644,121,
2026-03-25 08:06:00,590.16,590.77,590.03,590.53,15590.0,590.3934,183,
2026-03-25 08:07:00,590.54,590.76,590.27,590.7,16728.0,590.4631,172,
2026-03-25 08:08:00,590.7,590.7,590.36,590.44,7814.0,590.4784,102,
2026-03-25 08:09:00,590.31,590.31,590.06,590.25,5132.0,590.162,92,
2026-03-25 08:10:00,590.28,590.41,590.27,590.41,2071.0,590.3512,36,
2026-03-25 08:11:00,590.33,590.47,590.27,590.47,5730.0,590.3095,42,
2026-03-25 08:12:00,590.53,590.53,590.39,590.51,2771.0,590.4663,34,
2026-03-25 08:13:00,590.53,590.68,590.45,590.66,3541.0,590.6032,45,
2026-03-25 08:14:00,590.52,590.68,590.51,590.65,3230.0,590.5984,68,
2026-03-25 08:15:00,590.75,591.25,590.67,591.2,16426.0,590.9814,169,
2026-03-25 08:16:00,591.1,591.3,591.1,591.21,1501.0,591.2149,52,
2026-03-25 08:17:00,591.18,591.29,591.08,591.11,4739.0,591.2036,79,
2026-03-25 08:18:00,591.01,591.2,591.01,591.19,1925.0,591.1218,56,
2026-03-25 08:19:00,591.31,591.4,591.22,591.4,1099.0,591.2859,36,
2026-03-25 08:20:00,591.42,591.43,591.36,591.39,3030.0,591.3963,53,
2026-03-25 08:21:00,591.41,591.6,591.38,591.45,5188.0,591.4869,102,
2026-03-25 08:22:00,591.42,591.55,591.08,591.08,9454.0,591.336,144,
2026-03-25 08:23:00,591.08,591.26,591.03,591.05,4371.0,591.1552,86,
2026-03-25 08:24:00,590.97,591.16,590.94,591.16,4419.0,591.0925,84,
2026-03-25 08:25:00,591.12,591.2,590.99,590.99,3561.0,591.1418,76,
2026-03-25 08:26:00,591.06,591.13,591.02,591.06,6138.0,591.0599,148,
2026-03-25 08:27:00,591.08,591.23,591.07,591.13,9946.0,591.1337,144,
2026-03-25 08:28:00,591.2,591.33,591.0,591.0,5181.0,591.1778,123,
2026-03-25 08:29:00,591.02,591.15,590.9,590.9,7204.0,591.0285,142,
2026-03-25 08:30:00,590.9,591.05,590.83,590.95,5018.0,590.9563,86,
2026-03-25 08:31:00,590.94,591.27,590.87,591.27,2683.0,590.946,63,
2026-03-25 08:32:00,591.24,591.34,591.2,591.34,3397.0,591.2434,64,
2026-03-25 08:33:00,591.35,591.37,591.24,591.37,2526.0,591.3139,57,
2026-03-25 08:34:00,591.34,591.34,591.24,591.32,816.0,591.305,15,
2026-03-25 08:35:00,591.29,591.29,591.13,591.13,1673.0,591.2409,38,
2026-03-25 08:36:00,591.3,591.31,590.14,590.45,18906.0,590.4992,291,
2026-03-25 08:37:00,590.35,590.75,590.3,590.47,6878.0,590.5779,116,
2026-03-25 08:38:00,590.55,591.03,590.44,590.83,9625.0,590.7196,163,
2026-03-25 08:39:00,590.72,590.83,590.57,590.69,7401.0,590.7058,141,
2026-03-25 08:40:00,590.74,591.0,590.72,590.94,4985.0,590.9166,111,
2026-03-25 08:41:00,590.91,590.91,590.69,590.7,1687.0,590.8108,46,
2026-03-25 08:42:00,590.85,591.01,590.72,590.72,7064.0,590.864,149,
2026-03-25 08:43:00,590.78,590.78,590.6,590.7,2957.0,590.6764,64,
2026-03-25 08:44:00,590.73,590.79,590.6,590.6,3082.0,590.7471,62,
2026-03-25 08:45:00,590.56,590.64,590.4,590.57,3700.0,590.5506,59,
2026-03-25 08:46:00,590.51,590.74,590.5,590.74,3207.0,590.6849,35,
2026-03-25 08:47:00,590.79,590.81,590.53,590.56,4199.0,590.6824,76,
2026-03-25 08:48:00,590.55,590.65,590.36,590.36,4198.0,590.4747,66,
2026-03-25 08:49:00,590.39,590.49,590.39,590.44,4467.0,590.448,67,
2026-03-25 08:50:00,590.44,590.58,590.34,590.34,5915.0,590.4719,93,
2026-03-25 08:51:00,590.36,590.41,590.2,590.2,4513.0,590.3032,73,
2026-03-25 08:52:00,590.23,590.28,589.88,589.88,10496.0,590.0797,182,
2026-03-25 08:53:00,589.9,589.9,589.74,589.74,10426.0,589.8342,166,
2026-03-25 08:54:00,589.76,589.77,589.25,589.25,9533.0,589.453,186,
2026-03-25 08:55:00,589.29,589.43,589.12,589.43,16508.0,589.2589,215,
2026-03-25 08:56:00,589.44,589.48,589.21,589.21,8894.0,589.3447,143,
2026-03-25 08:57:00,589.25,589.25,589.03,589.17,8497.0,589.1332,107,
2026-03-25 08:58:00,589.24,589.44,589.18,589.44,3293.0,589.2678,62,
2026-03-25 08:59:00,589.4,589.47,589.29,589.4,5621.0,589.3938,77,
2026-03-25 09:00:00,589.53,589.54,589.19,589.26,8302.0,589.377,138,
2026-03-25 09:01:00,589.28,589.41,589.0,589.41,8279.0,589.1,127,
2026-03-25 09:02:00,589.42,589.7,589.41,589.65,2832.0,589.6219,48,
2026-03-25 09:03:00,589.6,589.68,589.58,589.64,4709.0,589.6272,62,
2026-03-25 09:04:00,589.56,589.68,589.46,589.62,3539.0,589.5498,54,
2026-03-25 09:05:00,589.71,590.0,589.68,589.95,6786.0,589.8673,92,
2026-03-25 09:06:00,590.0,590.22,590.0,590.0,9828.0,590.0603,130,
2026-03-25 09:07:00,590.03,590.03,589.97,590.0,1543.0,590.0001,30,
2026-03-25 09:08:00,590.08,590.11,589.83,589.86,3689.0,589.9747,63,
2026-03-25 09:09:00,589.86,589.86,589.76,589.77,1586.0,589.8217,29,
2026-03-25 09:10:00,590.12,590.25,590.08,590.25,2182.0,590.1648,43,
2026-03-25 09:11:00,590.29,590.3,590.14,590.14,879.0,590.1975,24,
2026-03-25 09:12:00,590.19,590.32,590.19,590.31,991.0,590.2829,36,
2026-03-25 09:13:00,590.33,590.35,590.3,590.3,1149.0,590.3392,25,
2026-03-25 09:14:00,590.24,590.3,590.15,590.25,1346.0,590.2432,28,
2026-03-25 09:15:00,590.15,590.21,590.15,590.21,471.0,590.2118,20,
2026-03-25 09:16:00,590.3,590.3,590.13,590.14,583.0,590.1834,19,
2026-03-25 09:17:00,590.2,590.2,590.05,590.08,2404.0,590.0984,34,
2026-03-25 09:18:00,590.09,590.13,590.09,590.1,876.0,590.1063,18,
2026-03-25 09:19:00,590.11,590.15,590.11,590.15,763.0,590.1264,10,
2026-03-25 09:20:00,590.18,590.2,590.16,590.2,644.0,590.1776,14,
2026-03-25 09:21:00,590.16,590.18,590.11,590.11,601.0,590.1661,9,
2026-03-25 09:22:00,590.06,590.11,590.02,590.05,1750.0,590.0667,31,
2026-03-25 09:23:00,590.12,590.15,589.82,589.87,3512.0,589.954,60,
2026-03-25 09:24:00,589.9,589.91,589.59,589.69,1319.0,589.7038,31,
2026-03-25 09:25:00,589.64,589.65,589.49,589.55,2930.0,589.5566,53,
2026-03-25 09:26:00,589.5,589.5,589.35,589.35,245.0,589.4251,15,
2026-03-25 09:27:00,589.44,589.6,589.44,589.58,1810.0,589.5796,36,
2026-03-25 09:28:00,589.73,589.73,589.63,589.63,1764.0,589.7053,30,
2026-03-25 09:29:00,589.56,589.62,589.54,589.57,1469.0,589.5791,38,
2026-03-25 09:30:00,589.67,589.74,589.62,589.74,2528.0,589.6804,40,
2026-03-25 09:31:00,589.79,590.0,589.79,590.0,761.0,589.867,29,
2026-03-25 09:32:00,589.92,589.94,589.86,589.94,4044.0,589.8775,65,
2026-03-25 09:33:00,589.83,589.88,589.73,589.83,1688.0,589.7799,38,
2026-03-25 09:34:00,589.78,589.81,589.66,589.66,5420.0,589.7736,53,
2026-03-25 09:35:00,589.64,589.93,589.63,589.91,9376.0,589.8066,48,
2026-03-25 09:36:00,589.94,589.96,589.78,589.78,531.0,589.8999,11,
2026-03-25 09:37:00,589.8,589.84,589.64,589.7,1246.0,589.6935,39,
2026-03-25 09:38:00,589.77,589.77,589.49,589.49,942.0,589.6985,24,
2026-03-25 09:39:00,589.57,589.71,589.57,589.65,1530.0,589.6474,25,
2026-03-25 09:40:00,589.64,589.73,589.59,589.63,1674.0,589.6159,32,
2026-03-25 09:41:00,589.59,589.6,589.59,589.6,620.0,589.597,11,
2026-03-25 09:42:00,589.58,589.58,589.44,589.44,522.0,589.5284,17,
2026-03-25 09:43:00,589.5,589.51,589.41,589.41,10312.0,589.4978,34,
2026-03-25 09:44:00,589.43,589.43,589.38,589.38,229.0,589.4087,7,
2026-03-25 09:45:00,589.39,589.4,589.22,589.22,3224.0,589.3288,49,
2026-03-25 09:46:00,589.28,589.33,589.11,589.15,4568.0,589.1752,59,
2026-03-25 09:47:00,589.15,589.24,588.93,588.93,2099.0,589.0392,39,
2026-03-25 09:48:00,588.93,588.96,588.76,588.96,4749.0,588.819,69,
2026-03-25 09:49:00,588.93,589.0,588.86,588.98,4482.0,588.966,55,
2026-03-25 09:50:00,588.98,589.16,588.96,589.15,3219.0,589.1148,50,
2026-03-25 09:51:00,589.22,589.24,589.09,589.24,3832.0,589.1579,35,
2026-03-25 09:52:00,589.2,589.21,589.2,589.21,677.0,589.2093,21,
2026-03-25 09:53:00,589.0,589.04,589.0,589.04,632.0,589.043,16,
2026-03-25 09:54:00,589.05,589.23,589.05,589.11,1741.0,589.1445,34,
2026-03-25 09:55:00,589.15,589.19,589.11,589.11,2403.0,589.1446,44,
2026-03-25 09:56:00,589.24,589.25,589.19,589.22,1243.0,589.2132,26,
2026-03-25 09:57:00,589.2,589.31,589.2,589.24,2692.0,589.2831,38,
2026-03-25 09:58:00,589.29,590.0,589.23,589.76,49367.0,589.6369,523,
2026-03-25 09:59:00,589.52,590.28,589.47,589.68,18648.0,589.7746,192,
2026-03-25 10:00:00,589.79,590.29,589.78,590.29,4914.0,590.0348,63,
2026-03-25 10:01:00,590.18,590.35,589.94,590.03,4658.0,590.1781,81,
2026-03-25 10:02:00,590.24,590.51,590.23,590.29,2436.0,590.3978,48,
2026-03-25 10:03:00,590.31,590.43,590.23,590.28,2006.0,590.3024,31,
2026-03-25 10:04:00,590.21,590.21,590.07,590.12,1649.0,590.1344,36,
2026-03-25 10:05:00,590.17,590.17,589.93,589.99,3734.0,590.0608,54,
2026-03-25 10:06:00,590.04,590.04,589.76,589.89,1990.0,589.8741,26,
2026-03-25 10:07:00,589.86,589.87,589.79,589.85,909.0,589.8417,14,
2026-03-25 10:08:00,589.94,589.95,589.82,589.83,1289.0,589.8734,35,
2026-03-25 10:09:00,589.8,589.86,589.78,589.78,1594.0,589.8154,15,
2026-03-25 10:10:00,589.82,589.86,589.69,589.77,3091.0,589.7727,53,
2026-03-25 10:11:00,589.91,589.91,589.84,589.87,1170.0,589.8588,28,
2026-03-25 10:12:00,589.83,589.83,589.82,589.82,1418.0,589.8229,31,
2026-03-25 10:13:00,589.76,589.91,589.75,589.78,6275.0,589.8059,62,
2026-03-25 10:14:00,589.69,589.84,589.69,589.84,1675.0,589.7313,34,
2026-03-25 10:15:00,589.89,589.89,589.76,589.76,1738.0,589.7957,32,
2026-03-25 10:16:00,589.93,590.18,589.91,590.09,4012.0,590.0593,44,
2026-03-25 10:17:00,590.14,590.16,590.0,590.06,1608.0,590.0755,22,
2026-03-25 10:18:00,590.03,590.04,589.96,590.0,4036.0,590.0077,50,
2026-03-25 10:19:00,589.91,590.0,589.88,590.0,2447.0,589.9138,25,
2026-03-25 10:20:00,589.94,590.05,589.94,590.0,623.0,589.9959,21,
2026-03-25 10:21:00,590.01,590.04,589.875,590.0,2905.0,589.9665,41,
2026-03-25 10:22:00,590.0,590.0,589.69,589.69,1855.0,589.8099,38,
2026-03-25 10:23:00,589.62,589.73,589.62,589.73,1226.0,589.6659,26,
2026-03-25 10:24:00,589.62,589.76,589.62,589.76,2584.0,589.6885,31,
2026-03-25 10:25:00,589.76,589.76,589.5,589.5,2018.0,589.6369,53,
2026-03-25 10:26:00,589.58,589.64,589.56,589.6,532.0,589.5999,13,
2026-03-25 10:27:00,589.55,589.55,589.55,589.55,340.0,589.5508,16,
2026-03-25 10:28:00,589.65,589.67,589.56,589.56,2262.0,589.6329,33,
2026-03-25 10:29:00,589.62,589.62,589.46,589.47,1337.0,589.5255,46,
2026-03-25 10:30:00,589.41,589.47,589.36,589.36,2606.0,589.4128,51,
2026-03-25 10:31:00,589.34,589.55,589.29,589.5,19325.0,589.4235,273,
2026-03-25 10:32:00,589.47,589.53,589.47,589.51,1030.0,589.5048,24,
2026-03-25 10:33:00,589.46,589.51,589.41,589.42,4475.0,589.4486,78,
2026-03-25 10:34:00,589.51,589.53,589.41,589.42,2446.0,589.4802,48,
2026-03-25 10:35:00,589.47,589.58,589.47,589.54,3906.0,589.5271,47,
2026-03-25 10:36:00,589.46,589.46,589.45,589.45,589.0,589.4556,23,
2026-03-25 10:37:00,589.5,589.64,589.49,589.64,5392.0,589.5788,73,
2026-03-25 10:38:00,589.61,589.8,589.61,589.65,1627.0,589.6664,36,
2026-03-25 10:39:00,589.72,589.77,589.62,589.62,3419.0,589.7054,66,
2026-03-25 10:40:00,589.6,589.66,589.51,589.51,1205.0,589.5786,28,
2026-03-25 10:41:00,589.63,589.73,589.62,589.69,3744.0,589.6996,75,
2026-03-25 10:42:00,589.49,589.5,589.41,589.41,893.0,589.4555,35,
2026-03-25 10:43:00,589.23,589.27,589.2,589.27,2629.0,589.2251,43,
2026-03-25 10:44:00,589.23,589.24,589.14,589.14,1558.0,589.1934,36,
2026-03-25 10:45:00,589.1,589.17,589.1,589.17,912.0,589.1138,29,
2026-03-25 10:46:00,589.28,589.33,589.27,589.3,2661.0,589.2886,49,
2026-03-25 10:47:00,589.28,589.39,589.28,589.39,307.0,589.3523,8,
2026-03-25 10:48:00,589.36,589.66,589.29,589.66,3815.0,589.3629,51,
2026-03-25 10:49:00,589.77,589.78,589.46,589.46,3018.0,589.6115,57,
2026-03-25 10:50:00,589.48,589.71,589.46,589.71,321.0,589.5796,17,
2026-03-25 10:51:00,589.78,589.79,589.75,589.75,1353.0,589.7696,46,
2026-03-25 10:52:00,589.6,589.67,589.56,589.67,3136.0,589.5977,40,
2026-03-25 10:53:00,589.64,589.8,589.64,589.77,1433.0,589.7094,42,
2026-03-25 10:54:00,589.79,589.83,589.79,589.83,767.0,589.8202,23,
2026-03-25 10:55:00,589.78,589.92,589.78,589.92,2218.0,589.8577,42,
2026-03-25 10:56:00,589.89,589.89,589.65,589.74,3227.0,589.73,61,
2026-03-25 10:57:00,589.68,589.7,589.63,589.63,1112.0,589.6667,20,
2026-03-25 10:58:00,589.7,589.7,589.58,589.58,5750.0,589.6334,99,
2026-03-25 10:59:00,589.67,589.67,589.61,589.62,1166.0,589.6436,22,
2026-03-25 11:00:00,589.61,589.9,589.55,589.9,5377.0,589.7234,101,
2026-03-25 11:01:00,589.91,590.14,589.84,589.94,4942.0,589.9811,92,
2026-03-25 11:02:00,589.96,590.01,589.84,590.01,4037.0,589.9252,60,
2026-03-25 11:03:00,590.02,590.05,589.85,589.96,5473.0,589.9665,95,
2026-03-25 11:04:00,589.99,590.2,589.97,590.18,2863.0,590.1319,47,
2026-03-25 11:05:00,590.29,590.38,590.29,590.29,1127.0,590.3044,40,
2026-03-25 11:06:00,590.21,590.27,590.02,590.11,8452.0,590.1645,84,
2026-03-25 11:07:00,590.11,590.27,590.1,590.25,1822.0,590.176,34,
2026-03-25 11:08:00,590.24,590.4,590.24,590.4,4889.0,590.2947,56,
2026-03-25 11:09:00,590.37,590.43,590.22,590.24,3130.0,590.3332,61,
2026-03-25 11:10:00,590.28,590.28,590.1,590.15,1418.0,590.2141,39,
2026-03-25 11:11:00,590.15,590.19,589.98,589.99,4895.0,590.0942,84,
2026-03-25 11:12:00,590.07,590.07,590.05,590.06,184.0,590.0549,11,
2026-03-25 11:13:00,590.1,590.2,590.04,590.2,780.0,590.0986,22,
2026-03-25 11:14:00,590.2,590.32,590.18,590.18,2274.0,590.2646,40,
2026-03-25 11:15:00,590.22,590.22,590.17,590.2,483.0,590.1917,18,
2026-03-25 11:17:00,590.18,590.2,590.05,590.09,1580.0,590.1384,23,
2026-03-25 11:18:00,590.2,590.2,590.13,590.13,1738.0,590.1521,16,
2026-03-25 11:19:00,590.09,590.11,590.08,590.11,764.0,590.1006,17,
2026-03-25 11:20:00,590.16,590.23,590.0,590.2,3398.0,590.1377,59,
2026-03-25 11:21:00,590.2,590.24,590.15,590.24,1780.0,590.2016,49,
2026-03-25 11:22:00,590.27,590.44,590.27,590.39,3081.0,590.3801,59,
2026-03-25 11:23:00,590.48,590.65,590.48,590.65,4800.0,590.562,78,
2026-03-25 11:24:00,590.7,590.8,590.66,590.66,6329.0,590.7359,94,
2026-03-25 11:25:00,590.69,590.76,590.55,590.73,7801.0,590.6701,114,
2026-03-25 11:26:00,590.74,590.74,590.64,590.71,608.0,590.6802,24,
2026-03-25 11:27:00,590.51,590.51,590.37,590.4,7251.0,590.4398,91,
2026-03-25 11:28:00,590.4,590.44,590.32,590.32,2791.0,590.4009,70,
2026-03-25 11:29:00,590.42,590.5,590.38,590.49,4365.0,590.4383,54,
2026-03-25 11:30:00,590.5,590.7,590.5,590.68,3568.0,590.6551,75,
2026-03-25 11:31:00,590.66,590.71,590.66,590.69,1633.0,590.69,62,
2026-03-25 11:32:00,590.69,590.78,590.57,590.62,5109.0,590.6871,104,
2026-03-25 11:33:00,590.68,590.68,590.5,590.5,1970.0,590.5448,31,
2026-03-25 11:34:00,590.56,590.63,590.51,590.54,3944.0,590.5685,60,
2026-03-25 11:35:00,590.561,590.86,590.561,590.86,3709.0,590.7543,74,
2026-03-25 11:36:00,590.81,590.98,590.75,590.92,14146.0,590.8468,185,
2026-03-25 11:37:00,590.92,591.04,590.9,591.02,2231.0,590.9926,71,
2026-03-25 11:38:00,591.06,591.3,591.06,591.25,14051.0,591.1649,200,
2026-03-25 11:39:00,591.21,591.25,591.13,591.15,4217.0,591.2011,75,
2026-03-25 11:40:00,591.14,591.18,590.75,590.8,3022.0,590.9133,72,
2026-03-25 11:41:00,590.84,590.94,590.84,590.93,6306.0,590.9033,105,
2026-03-25 11:42:00,590.93,590.99,590.84,590.99,2270.0,590.8935,28,
2026-03-25 11:43:00,591.03,591.1,591.01,591.02,1375.0,591.0445,33,
2026-03-25 11:44:00,591.0,591.09,591.0,591.09,2497.0,591.0558,60,
2026-03-25 11:45:00,591.08,591.1,590.96,590.96,10828.0,591.073,156,
2026-03-25 11:46:00,590.94,590.99,590.9,590.94,6241.0,590.9338,108,
2026-03-25 11:47:00,590.93,590.98,589.42,589.55,54467.0,590.1513,634,
2026-03-25 11:48:00,589.67,590.2,589.48,589.56,16284.0,589.8404,199,
2026-03-25 11:49:00,589.71,590.1,589.68,589.93,3572.0,589.8522,78,
2026-03-25 11:50:00,589.96,590.48,589.6,589.76,13385.0,590.0809,274,
2026-03-25 11:51:00,589.82,590.2,589.82,590.2,5692.0,590.0347,121,
2026-03-25 11:52:00,590.14,590.3,590.02,590.02,2716.0,590.1833,61,
2026-03-25 11:53:00,590.25,590.25,590.17,590.18,2521.0,590.2278,56,
2026-03-25 11:54:00,590.17,590.21,590.17,590.21,675.0,590.1899,19,
2026-03-25 11:55:00,590.29,590.29,590.09,590.19,3876.0,590.1817,57,
2026-03-25 11:56:00,590.18,590.3,590.18,590.26,867.0,590.2475,22,
2026-03-25 11:57:00,590.16,590.2,590.09,590.12,7929.0,590.1465,67,
2026-03-25 11:58:00,590.18,590.43,590.11,590.43,9339.0,590.2778,57,
2026-03-25 11:59:00,590.42,590.73,590.34,590.69,18480.0,590.5277,176,
2026-03-25 12:00:00,590.68,591.46,586.69,591.0,288682.989062,589.3376,7773,
2026-03-25 12:01:00,588.54,591.04,586.84,590.92,21627.104733,589.348,644,
2026-03-25 12:02:00,590.4103,591.5,584.417,584.417,9083.402773,590.3351,192,
2026-03-25 12:03:00,590.96,591.05,590.87,590.95,8109.371965,590.9555,101,
2026-03-25 12:04:00,590.94,590.94,586.94,590.8787,5817.070359,589.1795,140,
2026-03-25 12:05:00,590.87,591.05,590.82,591.05,3944.076254,590.8879,119,
2026-03-25 12:06:00,591.06,591.5,591.06,591.43,22315.554707,591.2972,276,
2026-03-25 12:07:00,591.5,591.7,591.361,591.6404,12741.819266,591.5775,188,
2026-03-25 12:08:00,591.7172,591.74,591.46,591.46,6089.375726,591.6465,118,
2026-03-25 12:09:00,591.37,591.49,591.37,591.4161,5374.044858,591.4305,74,
2026-03-25 12:10:00,591.38,591.4522,591.2514,591.3499,10535.606219,591.3603,155,
2026-03-25 12:11:00,591.2904,591.57,591.2904,591.56,30121.524264,591.4197,175,
2026-03-25 12:12:00,591.6,591.61,591.44,591.48,16102.409007,591.555,143,
2026-03-25 12:13:00,591.45,591.53,591.11,591.2,13004.377935,591.3684,187,
2026-03-25 12:14:00,591.24,591.45,591.17,591.35,7392.987744,591.3872,127,
2026-03-25 12:15:00,591.39,591.4183,590.77,590.77,16535.637231,591.0522,252,
2026-03-25 12:16:00,590.82,590.83,589.55,589.64,30875.3017,590.0704,593,
2026-03-25 12:17:00,589.74,589.89,589.29,589.29,50317.394741,589.6085,613,
2026-03-25 12:18:00,589.2,589.605,589.05,589.15,36770.73468,589.3683,432,
2026-03-25 12:19:00,589.129,589.65,589.129,589.36,26308.327916,589.4453,264,
2026-03-25 12:20:00,589.27,589.63,589.05,589.63,21064.011216,589.3667,269,
2026-03-25 12:21:00,589.63,589.89,589.57,589.8,17397.694045,589.7077,192,
2026-03-25 12:22:00,589.82,589.98,589.64,589.75,21025.721866,589.8218,192,
2026-03-25 12:23:00,589.7738,589.8,588.21,589.5,77547.039578,588.9417,1194,
2026-03-25 12:24:00,589.5337,589.5337,588.98,589.37,23917.011505,589.2465,300,
2026-03-25 12:25:00,589.27,589.94,589.27,589.7501,20663.416264,589.6973,302,
2026-03-25 12:26:00,589.75,589.75,589.43,589.6,7562.100379,589.595,150,
2026-03-25 12:27:00,589.47,589.53,589.18,589.18,10722.132793,589.3599,190,
2026-03-25 12:28:00,589.16,589.26,588.8,588.96,23858.534795,589.0105,404,
2026-03-25 12:29:00,589.0,589.2,588.79,589.19,27585.166593,588.9173,309,
2026-03-25 12:30:00,589.2,589.2,588.39,588.41,28692.71437,588.6068,366,
2026-03-25 12:31:00,588.5,588.5114,587.94,588.05,30997.318411,588.1756,525,
2026-03-25 12:32:00,588.03,588.16,587.8,588.1,64386.773049,588.0244,526,
2026-03-25 12:33:00,588.1,588.42,588.03,588.22,35013.575916,588.2186,318,
2026-03-25 12:34:00,588.2,588.59,588.2,588.51,18643.25751,588.4672,324,
2026-03-25 12:35:00,588.58,588.93,588.51,588.82,22092.500223,588.6821,265,
2026-03-25 12:36:00,588.89,589.16,588.79,589.16,8650.237067,589.016,221,
2026-03-25 12:37:00,589.2,589.35,589.1378,589.32,18930.500933,589.2445,246,
2026-03-25 12:38:00,589.33,589.61,589.33,589.41,16819.187204,589.528,235,
2026-03-25 12:39:00,589.33,589.63,589.3,589.63,17749.377354,589.4799,207,
2026-03-25 12:40:00,589.7,589.7,589.2,589.2,9246.379697,589.4507,165,
2026-03-25 12:41:00,589.14,589.2693,589.05,589.23,11771.221225,589.1915,183,
2026-03-25 12:42:00,589.3,589.46,589.23,589.41,15324.58509,589.3871,152,
2026-03-25 12:43:00,589.37,589.4,589.2,589.2,7316.542633,589.3722,102,
2026-03-25 12:44:00,589.21,589.26,589.0,589.02,23029.646805,589.1447,225,
2026-03-25 12:45:00,589.02,589.02,588.65,588.76,18433.259186,588.7791,294,
2026-03-25 12:46:00,588.86,589.17,588.81,588.99,15334.847812,589.0277,205,
2026-03-25 12:47:00,589.04,589.35,589.04,589.34,9436.027607,589.2312,114,
2026-03-25 12:48:00,589.38,589.43,589.2199,589.27,6317.121451,589.3224,126,
2026-03-25 12:49:00,589.26,589.29,589.11,589.18,5221.967716,589.3276,79,
2026-03-25 12:50:00,589.13,589.21,589.0792,589.1416,4614.912503,589.2365,102,
2026-03-25 12:51:00,589.15,589.3,589.0,589.2,6808.948399,589.232,129,
2026-03-25 12:52:00,589.23,589.4,589.2,589.4,4237.760061,589.3923,110,
2026-03-25 12:53:00,589.35,589.4043,589.26,589.29,4898.866318,589.428,103,
2026-03-25 12:54:00,589.31,589.63,589.25,589.62,15436.101895,589.3701,154,
2026-03-25 12:55:00,589.63,590.16,589.58,590.09,24067.027641,589.8815,406,
2026-03-25 12:56:00,590.12,590.19,589.8,589.8604,23514.480075,589.9989,246,
2026-03-25 12:57:00,589.93,589.949,589.71,589.71,4403.491383,589.9351,97,
2026-03-25 12:58:00,589.74,589.78,589.55,589.6299,7968.310091,589.7114,166,
2026-03-25 12:59:00,589.6,589.8,589.59,589.66,3514.299965,589.7405,78,
2026-03-25 13:00:00,589.56,589.99,588.87,589.91,44115.637447,589.4424,615,
2026-03-25 13:01:00,589.87,589.92,589.73,589.9,9869.469112,589.8597,143,
2026-03-25 13:02:00,589.87,589.97,589.79,589.89,6666.920992,589.9395,132,
2026-03-25 13:03:00,589.97,590.24,589.89,590.19,10973.902227,590.0694,175,
2026-03-25 13:04:00,590.21,590.2522,590.05,590.1,12399.899982,590.218,194,
2026-03-25 13:05:00,590.11,590.2284,590.0,590.19,9072.286104,590.1066,136,
2026-03-25 13:06:00,590.15,590.18,590.01,590.09,21278.5796,590.1269,166,
2026-03-25 13:07:00,590.19,590.43,590.15,590.2104,13962.585604,590.293,168,
2026-03-25 13:08:00,590.19,590.2417,589.96,589.99,4824.687055,590.1826,107,
2026-03-25 13:09:00,589.99,589.99,589.77,589.81,8620.469399,589.8462,151,
2026-03-25 13:10:00,589.81,590.04,589.81,589.97,9895.314857,589.995,115,
2026-03-25 13:11:00,590.01,590.2,589.99,589.99,4908.775175,590.1984,100,
2026-03-25 13:12:00,589.99,589.99,589.66,589.69,12108.535228,589.8099,121,
2026-03-25 13:13:00,589.6174,589.6174,589.3805,589.47,9759.741336,589.5083,183,
2026-03-25 13:14:00,589.4678,589.65,589.4,589.56,10317.964269,589.5678,134,
2026-03-25 13:15:00,589.56,589.57,589.42,589.48,6447.86803,589.5768,120,
2026-03-25 13:16:00,589.4,589.48,589.3,589.4,3748.67759,589.4727,95,
2026-03-25 13:17:00,589.43,589.62,589.3608,589.44,3099.555281,589.6143,74,
2026-03-25 13:18:00,589.45,589.55,589.31,589.47,3492.336091,589.5027,80,
2026-03-25 13:19:00,589.47,589.69,589.37,589.69,21611.31354,589.4872,292,
2026-03-25 13:20:00,589.64,589.64,589.4,589.42,5812.484635,589.5246,76,
2026-03-25 13:21:00,589.4,589.42,589.22,589.32,5293.922643,589.4391,126,
2026-03-25 13:22:00,589.32,589.32,589.0,589.0,12302.129515,589.1179,198,
2026-03-25 13:23:00,589.07,589.27,589.07,589.25,15385.558263,589.122,113,
2026-03-25 13:24:00,589.33,589.5,589.29,589.29,8649.164666,589.4349,143,
2026-03-25 13:25:00,589.35,589.44,589.16,589.1635,10112.061359,589.2994,112,
2026-03-25 13:26:00,589.21,589.42,589.21,589.39,6407.376224,589.3216,72,
2026-03-25 13:27:00,589.3822,589.53,589.36,589.51,18843.769902,589.4694,259,
2026-03-25 13:28:00,589.49,589.5,589.18,589.18,14871.450756,589.3024,228,
2026-03-25 13:29:00,589.11,589.23,589.01,589.11,8161.281975,589.1231,94,
2026-03-25 13:30:00,589.14,590.08,589.0,589.695,673266.054489,589.5197,11648,
2026-03-25 13:31:00,589.68,590.2399,589.55,589.855,252444.190955,589.8714,5289,
2026-03-25 13:32:00,589.86,590.16,589.56,589.77,175628.307718,589.8824,3287,
2026-03-25 13:33:00,589.81,589.96,589.15,589.28,143606.372331,589.5461,3328,
2026-03-25 13:34:00,589.3,590.02,589.26,589.9301,160531.421156,589.5758,3534,
2026-03-25 13:35:00,589.94,590.339,589.85,590.27,287064.316888,590.1385,5063,
2026-03-25 13:36:00,590.29,591.18,589.74,591.12,319300.236783,590.4042,5362,
2026-03-25 13:37:00,591.12,591.31,590.85,591.175,288261.335022,591.0972,4780,
2026-03-25 13:38:00,591.17,591.37,590.795,590.855,205015.295215,591.1235,3720,
2026-03-25 13:39:00,590.84,591.06,590.17,590.3387,245204.693171,590.5956,4680,
2026-03-25 13:40:00,590.34,591.14,590.278,590.985,219826.923333,590.7154,3858,
2026-03-25 13:41:00,591.0,591.2591,590.83,591.03,289312.663032,588.4159,3225,
2026-03-25 13:42:00,591.03,591.22,590.64,590.73,159965.877175,590.9554,3952,
2026-03-25 13:43:00,590.75,590.75,589.98,590.12,192887.398494,590.3195,4086,
2026-03-25 13:44:00,590.13,590.16,589.39,589.5999,185320.105393,589.7002,4283,
2026-03-25 13:45:00,589.6,589.97,589.54,589.73,228404.412583,589.7459,4950,
2026-03-25 13:46:00,589.73,589.76,589.36,589.4301,128510.26017,589.5841,3603,
2026-03-25 13:47:00,589.44,589.67,589.22,589.375,147497.8619,589.4029,3841,
2026-03-25 13:48:00,589.39,589.67,589.23,589.34,179590.657325,589.5054,4721,
2026-03-25 13:49:00,589.34,589.3735,588.74,588.86,505589.419935,589.1663,5699,
2026-03-25 13:50:00,588.83,588.85,587.75,587.9,351582.417542,588.2018,8102,
2026-03-25 13:51:00,587.89,588.43,587.82,587.825,270682.084924,588.3951,4989,
2026-03-25 13:52:00,587.83,588.07,587.5999,588.01,184760.941968,587.856,4482,
2026-03-25 13:53:00,588.03,588.51,587.84,587.95,211025.67366,588.2109,4378,
2026-03-25 13:54:00,587.96,587.97,587.53,587.64,156917.112837,587.6827,3848,
2026-03-25 13:55:00,587.62,588.06,587.44,588.02,188864.273616,587.8139,4482,
2026-03-25 13:56:00,587.96,588.42,587.94,588.18,153580.844298,588.204,4091,
2026-03-25 13:57:00,588.24,588.325,588.01,588.23,136135.41004,588.2131,3469,
2026-03-25 13:58:00,588.22,588.63,587.96,588.13,214701.104195,588.2779,4985,
2026-03-25 13:59:00,588.13,588.18,587.51,587.62,222697.319314,587.6707,5134,
2026-03-25 14:00:00,587.63,587.86,586.68,587.0099,314230.13963,587.207,6987,
2026-03-25 14:01:00,587.0,588.02,587.0,587.77,304238.427934,587.4901,6376,
2026-03-25 14:02:00,587.78,588.27,587.65,587.9701,166601.629637,587.8677,4588,
2026-03-25 14:03:00,587.97,588.16,587.66,587.94,173320.796304,587.8917,4391,
2026-03-25 14:04:00,587.93,588.7475,587.91,588.285,238438.352061,588.4084,5658,
2026-03-25 14:05:00,588.29,588.47,588.05,588.36,189206.868401,588.2075,4556,
2026-03-25 14:06:00,588.39,589.0799,588.355,588.7,282510.644544,588.7341,6059,
2026-03-25 14:07:00,588.72,588.89,588.1,588.19,376060.564111,588.4559,7636,
2026-03-25 14:08:00,588.19,588.75,588.13,588.47,422539.806623,588.4172,6768,
2026-03-25 14:09:00,588.46,589.0,588.37,588.83,252153.502846,588.6577,5240,
2026-03-25 14:10:00,588.84,588.8698,588.24,588.49,323943.614848,588.4866,6702,
2026-03-25 14:11:00,588.51,588.9,588.41,588.71,324730.895568,588.5535,6731,
2026-03-25 14:12:00,588.7,589.3,588.7,589.27,336977.96865,589.1588,6514,
2026-03-25 14:13:00,589.28,589.57,588.94,589.04,289004.719004,589.1809,5886,
2026-03-25 14:14:00,589.02,589.81,588.93,589.725,254359.646908,589.3498,5611,
2026-03-25 14:15:00,589.7215,589.82,589.325,589.605,153718.097762,589.5413,4298,
2026-03-25 14:16:00,589.605,589.9298,589.4,589.8,203742.863933,589.5933,4873,
2026-03-25 14:17:00,589.78,589.81,589.46,589.56,168957.589063,589.5891,3925,
2026-03-25 14:18:00,589.57,589.84,589.5563,589.675,307764.813603,589.7221,5976,
2026-03-25 14:19:00,589.69,589.79,589.32,589.48,285670.093761,589.555,5617,
2026-03-25 14:20:00,589.48,590.29,589.43,590.23,315954.030753,589.9481,5719,
2026-03-25 14:21:00,590.23,590.42,589.98,590.36,154810.488493,590.1755,3778,
2026-03-25 14:22:00,590.36,590.62,590.19,590.57,244129.59482,590.3542,5136,
2026-03-25 14:23:00,590.58,590.62,590.15,590.29,203543.318612,590.3108,4570,
2026-03-25 14:24:00,590.3,590.3,589.36,589.58,218924.115019,589.8582,5032,
2026-03-25 14:25:00,589.6,590.92,589.42,590.37,374293.845424,590.2989,7643,
2026-03-25 14:26:00,590.37,590.39,589.56,589.99,163391.513499,589.9711,4417,
2026-03-25 14:27:00,589.98,590.7607,589.86,590.62,262988.058253,590.3671,5525,
2026-03-25 14:28:00,590.62,590.64,590.03,590.17,557508.40131,590.3799,4655,
2026-03-25 14:29:00,590.18,590.25,589.95,590.25,110686.444217,590.1209,3011,
2026-03-25 14:30:00,590.26,590.52,589.7,590.17,280700.93879,590.0867,5596,
2026-03-25 14:31:00,590.16,590.43,590.0,590.2682,161798.25928,590.2456,3822,
2026-03-25 14:32:00,590.26,590.62,590.26,590.54,200590.90584,590.4718,4329,
2026-03-25 14:33:00,590.54,590.7,590.3,590.583,142714.327125,590.4953,3813,
2026-03-25 14:34:00,590.59,590.66,590.24,590.65,100248.204227,590.4677,3161,
2026-03-25 14:35:00,590.65,590.93,590.365,590.5325,146099.298101,590.5879,3909,
2026-03-25 14:36:00,590.55,590.58,589.96,590.17,136926.649428,590.2528,3944,
2026-03-25 14:37:00,590.17,590.405,590.01,590.18,149731.548888,590.2046,3792,
2026-03-25 14:38:00,590.18,590.49,590.16,590.22,94446.975212,590.3382,3012,
2026-03-25 14:39:00,590.22,590.25,589.95,590.22,181473.369892,590.0864,4460,
2026-03-25 14:40:00,590.21,590.32,589.9,590.1101,132416.068982,590.0902,3694,
2026-03-25 14:41:00,590.12,590.85,590.07,590.555,189707.468713,590.54,4289,
2026-03-25 14:42:00,590.54,591.06,590.34,590.85,197542.866552,590.8489,4382,
2026-03-25 14:43:00,590.82,590.87,590.29,590.71,137956.267839,590.5154,3531,
2026-03-25 14:44:00,590.71,590.84,590.54,590.54,117229.789142,590.7191,3337,
2026-03-25 14:45:00,590.56,590.87,590.51,590.8,93935.712424,590.6992,2856,
2026-03-25 14:46:00,590.8,590.835,590.48,590.7,118804.844231,590.6641,3037,
2026-03-25 14:47:00,590.69,590.815,590.51,590.75,73062.324562,590.6793,2359,
2026-03-25 14:48:00,590.745,591.11,590.66,591.0901,104051.120035,590.9146,3041,
2026-03-25 14:49:00,591.07,591.1,590.71,590.855,92131.264725,590.8994,3107,
2026-03-25 14:50:00,590.84,591.12,590.65,591.01,93160.250115,590.8742,3032,
2026-03-25 14:51:00,591.0,591.085,590.8599,590.8999,80841.262695,590.9576,2777,
2026-03-25 14:52:00,590.88,591.2,590.69,590.755,115979.577148,590.9538,3335,
2026-03-25 14:53:00,590.78,590.93,590.71,590.72,82974.305287,590.8102,2794,
2026-03-25 14:54:00,590.73,590.89,590.47,590.58,109333.130677,590.7211,3230,
2026-03-25 14:55:00,590.59,590.7598,590.43,590.58,65660.601688,590.5856,2505,
2026-03-25 14:56:00,590.5701,590.75,590.55,590.7,71891.715285,590.6515,2604,
2026-03-25 14:57:00,590.71,590.86,590.4,590.77,102451.552182,590.641,3324,
2026-03-25 14:58:00,590.75,590.75,590.53,590.69,62122.83809,590.6382,2423,
2026-03-25 14:59:00,590.72,590.74,590.16,590.36,115718.661107,590.3808,3442,
2026-03-25 15:00:00,590.36,590.53,590.06,590.15,142520.331815,590.3085,3276,
2026-03-25 15:01:00,590.14,590.38,589.93,590.2,126232.788905,590.1376,3276,
2026-03-25 15:02:00,590.23,590.4,590.0,590.01,109714.113379,590.2297,3316,
2026-03-25 15:03:00,590.04,590.59,589.99,590.42,84460.164288,590.3667,2879,
2026-03-25 15:04:00,590.39,590.495,590.255,590.31,80037.249788,590.3594,2812,
2026-03-25 15:05:00,590.32,590.47,589.99,590.05,86926.441057,590.2035,3066,
2026-03-25 15:06:00,590.06,590.12,589.75,589.78,138271.671081,589.949,3438,
2026-03-25 15:07:00,589.79,589.88,589.22,589.23,217691.948285,589.5142,4489,
2026-03-25 15:08:00,589.2,589.66,589.19,589.4,165804.676251,589.4509,3957,
2026-03-25 15:09:00,589.4,589.4,588.74,588.845,246845.262483,589.0491,5328,
2026-03-25 15:10:00,588.86,589.21,588.66,588.7401,173916.505697,588.9543,4367,
2026-03-25 15:11:00,588.73,589.195,588.6,588.65,189358.407377,588.8858,4512,
2026-03-25 15:12:00,588.62,588.683,588.12,588.21,310443.905298,588.3075,5552,
2026-03-25 15:13:00,588.21,588.5,588.13,588.24,295388.615214,588.3179,5383,
2026-03-25 15:14:00,588.245,588.29,588.03,588.05,134007.310267,588.1394,3502,
2026-03-25 15:15:00,588.05,588.3,587.93,587.94,193534.900705,588.1164,4747,
2026-03-25 15:16:00,587.93,588.1,586.22,586.22,834589.371449,586.2352,11271,
2026-03-25 15:17:00,586.22,586.41,585.7,585.75,783170.475058,585.4624,9750,
2026-03-25 15:18:00,585.79,586.62,585.69,586.27,426311.996637,586.1881,7145,
2026-03-25 15:19:00,586.26,586.66,586.03,586.4,279892.019054,586.3399,5790,
2026-03-25 15:20:00,586.41,587.04,586.3104,586.91,714953.404522,585.0376,5722,
2026-03-25 15:21:00,586.9,587.38,586.84,587.07,677936.008522,585.0909,5074,
2026-03-25 15:22:00,587.09,587.55,587.09,587.405,164235.07531,587.3241,3590,
2026-03-25 15:23:00,587.41,587.79,587.34,587.7,174333.71559,587.6024,3829,
2026-03-25 15:24:00,587.7,588.61,587.67,588.24,292667.929203,588.3055,4937,
2026-03-25 15:25:00,588.25,588.54,588.05,588.39,225786.213908,588.2822,4853,
2026-03-25 15:26:00,588.4,588.4,587.93,588.195,159161.39289,588.1006,3868,
2026-03-25 15:27:00,588.21,588.2136,587.87,588.13,157124.041714,588.0251,3406,
2026-03-25 15:28:00,588.095,588.68,588.06,588.44,234954.818193,588.3169,4354,
2026-03-25 15:29:00,588.44,589.0443,588.44,588.99,213374.825696,588.7462,4477,
2026-03-25 15:30:00,589.0,589.225,588.73,589.22,221008.549485,588.9233,4491,
2026-03-25 15:31:00,589.21,589.4,588.9201,589.3699,113782.428688,589.139,3268,
2026-03-25 15:32:00,589.36,589.385,589.115,589.18,114935.868311,589.2652,3055,
2026-03-25 15:33:00,589.2,589.43,588.89,589.32,166391.056334,589.1796,4178,
2026-03-25 15:34:00,589.32,589.37,589.04,589.06,227274.758305,589.1871,4853,
2026-03-25 15:35:00,589.09,589.1,588.64,588.86,447824.442167,588.8519,7848,
2026-03-25 15:36:00,588.86,589.02,588.7,588.74,130320.563094,588.8292,3527,
2026-03-25 15:37:00,588.745,588.765,588.29,588.39,138232.274027,588.5021,3375,
2026-03-25 15:38:00,588.39,588.4,587.74,587.83,143693.178914,587.9879,3439,
2026-03-25 15:39:00,587.82,588.0899,587.71,587.88,144068.048596,587.9099,3479,
2026-03-25 15:40:00,587.87,588.14,587.81,587.87,109314.272895,587.9824,3021,
2026-03-25 15:41:00,587.89,587.97,587.3904,587.425,161420.127348,587.6489,3716,
2026-03-25 15:42:00,587.46,587.675,587.09,587.175,122355.815686,587.4465,3211,
2026-03-25 15:43:00,587.18,587.24,587.0,587.12,137286.093506,587.1469,3265,
2026-03-25 15:44:00,587.12,587.77,587.09,587.64,151337.015417,587.4987,3564,
2026-03-25 15:45:00,587.66,587.82,587.31,587.3501,127418.415599,587.6009,3296,
2026-03-25 15:46:00,587.35,587.54,587.2101,587.26,111906.600412,587.4034,2682,
2026-03-25 15:47:00,587.27,587.47,587.13,587.32,261330.184514,587.2633,2500,
2026-03-25 15:48:00,587.32,587.62,587.11,587.425,112759.163543,587.4025,3077,
2026-03-25 15:49:00,587.42,587.6001,587.3799,587.49,79538.382042,587.4894,2460,
2026-03-25 15:50:00,587.48,587.94,587.48,587.79,114786.347132,587.776,1820,
2026-03-25 15:51:00,587.8,587.94,587.64,587.85,67818.265572,587.8008,1373,
2026-03-25 15:52:00,587.88,587.88,587.28,587.4,114187.669701,587.5316,1872,
2026-03-25 15:53:00,587.37,587.8,587.3,587.4,80439.227181,587.5205,1721,
2026-03-25 15:54:00,587.42,587.6,587.31,587.53,76187.748273,587.4326,1398,
2026-03-25 15:55:00,587.55,588.0099,587.21,587.73,203182.998675,587.6151,3515,
2026-03-25 15:56:00,587.72,588.08,587.62,588.07,80228.743683,587.8577,1623,
2026-03-25 15:57:00,588.06,588.18,587.69,587.78,85135.636012,587.9925,1769,
2026-03-25 15:58:00,587.78,588.09,587.67,587.8999,98247.332086,587.9211,1101,
2026-03-25 15:59:00,587.91,588.02,587.72,587.86,65043.976253,587.8955,1305,
2026-03-25 16:00:00,587.84,587.95,587.59,587.63,139453.069912,587.7737,1788,
2026-03-25 16:01:00,587.66,588.02,587.47,587.73,191256.31071,587.7102,2833,
2026-03-25 16:02:00,587.75,588.06,587.4107,587.56,189993.225366,587.6409,2816,
2026-03-25 16:03:00,587.56,587.56,587.32,587.41,76859.198384,587.4231,1588,
2026-03-25 16:04:00,587.38,587.56,587.18,587.24,86663.478394,587.3411,1625,
2026-03-25 16:05:00,587.245,587.36,586.71,587.07,149908.437577,587.0097,2708,
2026-03-25 16:06:00,587.09,587.36,586.93,587.061,72885.287621,587.1519,1425,
2026-03-25 16:07:00,587.08,587.58,587.08,587.31,111461.954244,587.3389,1921,
2026-03-25 16:08:00,587.29,587.38,587.04,587.38,88350.835437,587.1887,1596,
2026-03-25 16:09:00,587.39,587.63,587.25,587.43,91969.153496,587.4265,1673,
2026-03-25 16:10:00,587.43,587.45,586.94,587.12,80427.613207,587.1539,1480,
2026-03-25 16:11:00,587.15,587.38,586.99,587.35,56368.008623,587.1432,1027,
2026-03-25 16:12:00,587.34,587.54,587.19,587.31,117269.155195,587.3452,1427,
2026-03-25 16:13:00,587.33,587.34,587.12,587.2499,30243.195803,587.2642,749,
2026-03-25 16:14:00,587.23,587.59,587.23,587.4,63764.949802,587.4332,1163,
2026-03-25 16:15:00,587.38,587.56,587.08,587.195,63104.588673,587.3018,1267,
2026-03-25 16:16:00,587.21,587.43,587.13,587.28,89568.273871,587.2339,1621,
2026-03-25 16:17:00,587.28,587.41,587.03,587.3,88711.190091,587.2383,1819,
2026-03-25 16:18:00,587.28,587.32,587.11,587.26,67867.788833,587.2472,1521,
2026-03-25 16:19:00,587.2309,587.44,587.18,587.34,70870.652766,587.3119,1269,
2026-03-25 16:20:00,587.36,587.65,587.31,587.44,622483.197785,586.9699,2344,
2026-03-25 16:21:00,587.43,587.68,587.28,587.335,59470.646166,587.5087,1429,
2026-03-25 16:22:00,587.34,587.615,587.19,587.58,70064.868564,587.4362,1548,
2026-03-25 16:23:00,587.59,588.29,587.58,587.83,237770.782453,588.0054,3633,
2026-03-25 16:24:00,587.84,588.83,587.81,588.81,116522.777816,588.184,2312,
2026-03-25 16:25:00,588.83,589.29,588.55,589.0,391172.694806,588.8429,6261,
2026-03-25 16:26:00,589.01,589.04,588.5,588.995,145950.86885,588.7188,2761,
2026-03-25 16:27:00,588.98,589.0,588.52,588.76,99239.583534,588.7611,1930,
2026-03-25 16:28:00,588.75,588.77,588.48,588.69,102800.74762,588.6135,1741,
2026-03-25 16:29:00,588.66,588.69,588.47,588.68,64543.331731,588.5659,1484,
2026-03-25 16:30:00,588.65,588.8,588.24,588.75,154420.174349,588.5652,2681,
2026-03-25 16:31:00,588.74,589.26,588.67,589.22,108311.752642,588.9704,2206,
2026-03-25 16:32:00,589.19,589.23,588.95,589.19,91023.369254,589.0673,1819,
2026-03-25 16:33:00,589.19,589.525,589.081,589.49,116774.071402,589.2702,2193,
2026-03-25 16:34:00,589.49,589.57,589.135,589.29,134073.959647,589.3685,2386,
2026-03-25 16:35:00,589.29,589.525,589.11,589.34,122198.123946,589.3614,2292,
2026-03-25 16:36:00,589.355,589.52,589.185,589.38,74670.708208,589.3448,1558,
2026-03-25 16:37:00,589.35,589.44,589.22,589.395,186171.478187,586.2388,1509,
2026-03-25 16:38:00,589.39,589.4,588.97,589.19,108732.301095,589.1501,2145,
2026-03-25 16:39:00,589.2,589.4,589.1901,589.35,88848.002392,589.2891,1446,
2026-03-25 16:40:00,589.35,589.43,589.06,589.21,100413.84447,589.2492,1690,
2026-03-25 16:41:00,589.2,589.22,589.0,589.17,69415.424048,589.1314,1448,
2026-03-25 16:42:00,589.18,589.35,588.99,588.99,59844.476507,589.2115,1242,
2026-03-25 16:43:00,589.0,589.37,588.9,589.355,66729.769505,589.1239,1351,
2026-03-25 16:44:00,589.36,589.38,589.19,589.24,45782.45469,589.3141,810,
2026-03-25 16:45:00,589.26,589.37,589.15,589.32,62884.087692,589.2467,1195,
2026-03-25 16:46:00,589.27,589.3099,589.02,589.2099,49672.152012,589.1583,1023,
2026-03-25 16:47:00,589.2,589.2,588.73,588.815,101721.275256,588.8938,1904,
2026-03-25 16:48:00,588.83,589.13,588.72,588.7656,90844.833733,588.9319,1624,
2026-03-25 16:49:00,588.77,588.86,588.71,588.83,33605.656297,588.8125,693,
2026-03-25 16:50:00,588.82,588.88,588.4,588.54,85502.643143,588.6303,1506,
2026-03-25 16:51:00,588.54,588.91,588.43,588.47,222466.419051,588.6253,3758,
2026-03-25 16:52:00,588.47,588.96,588.24,588.8,151158.393952,588.5551,2376,
2026-03-25 16:53:00,588.83,589.04,588.7501,589.03,45327.253141,588.8957,860,
2026-03-25 16:54:00,589.04,589.36,588.98,589.255,82054.001522,589.1703,1372,
2026-03-25 16:55:00,589.26,589.34,588.97,589.165,61311.296985,589.1811,1032,
2026-03-25 16:56:00,589.16,589.18,588.95,589.0699,43758.044762,589.0797,879,
2026-03-25 16:57:00,589.04,589.06,588.85,588.85,33313.753423,588.9758,658,
2026-03-25 16:58:00,588.86,588.91,588.66,588.8101,28654.361221,588.7939,655,
2026-03-25 16:59:00,588.8233,589.06,588.82,588.86,34071.722823,588.9458,731,
2026-03-25 17:00:00,588.86,589.14,588.84,588.96,60189.1426,588.9737,1017,
2026-03-25 17:01:00,588.95,589.27,588.9,589.24,46625.167124,589.099,831,
2026-03-25 17:02:00,589.24,589.38,588.32,588.91,266006.08011,588.8038,5126,
2026-03-25 17:03:00,588.93,588.95,588.47,588.48,71369.411128,588.7631,1555,
2026-03-25 17:04:00,588.51,588.66,588.32,588.51,65806.882399,588.4874,1257,
2026-03-25 17:05:00,588.52,588.57,587.94,588.109,107598.314673,588.1709,2097,
2026-03-25 17:06:00,588.11,588.475,588.0,588.38,74034.88042,588.222,1400,
2026-03-25 17:07:00,588.35,588.58,588.22,588.24,61200.790102,588.4219,1058,
2026-03-25 17:08:00,588.25,588.29,588.04,588.19,64323.017694,588.1555,1176,
2026-03-25 17:09:00,588.18,588.2899,587.91,587.92,66675.597422,588.0576,1043,
2026-03-25 17:10:00,587.928,588.23,587.85,588.08,97763.505323,588.043,1656,
2026-03-25 17:11:00,588.08,588.25,587.99,588.16,48898.948115,588.1336,1187,
2026-03-25 17:12:00,588.2,588.64,588.1,588.5535,96019.212556,588.3183,1587,
2026-03-25 17:13:00,588.59,588.85,588.46,588.78,69358.437934,588.6505,1574,
2026-03-25 17:14:00,588.78,588.92,588.67,588.71,58594.746084,588.7711,1197,
2026-03-25 17:15:00,588.71,588.74,588.33,588.38,82100.248115,588.5266,1552,
2026-03-25 17:16:00,588.38,588.52,588.05,588.12,52296.168081,588.2667,1125,
2026-03-25 17:17:00,588.12,588.35,588.08,588.26,57471.276586,588.2111,1018,
2026-03-25 17:18:00,588.26,588.5,588.08,588.12,58199.509504,588.3058,1092,
2026-03-25 17:19:00,588.13,588.63,587.97,588.3399,114688.303617,588.3105,1885,
2026-03-25 17:20:00,588.33,588.47,588.23,588.38,43506.317136,588.3553,826,
2026-03-25 17:21:00,588.38,588.6699,588.38,588.65,44656.587197,588.5372,903,
2026-03-25 17:22:00,588.65,588.91,588.55,588.6035,67168.034163,588.729,1335,
2026-03-25 17:23:00,588.67,589.05,588.62,588.76,61642.39505,588.8138,1175,
2026-03-25 17:24:00,588.75,588.78,588.53,588.725,68097.530803,588.6598,1186,
2026-03-25 17:25:00,588.71,588.9,588.67,588.86,51412.429036,588.8308,1083,
2026-03-25 17:26:00,588.87,589.2014,588.87,589.16,108697.292938,589.0748,1810,
2026-03-25 17:27:00,589.15,589.45,589.0904,589.42,66837.089394,589.2292,1311,
2026-03-25 17:28:00,589.4,589.42,589.1411,589.36,94445.752308,589.1908,1126,
2026-03-25 17:29:00,589.34,589.34,589.09,589.095,46150.00925,589.2021,907,
2026-03-25 17:30:00,589.1,589.13,588.82,588.96,103240.314962,588.9937,2037,
2026-03-25 17:31:00,588.98,589.03,588.66,588.68,101325.707584,588.9229,1866,
2026-03-25 17:32:00,588.66,588.96,588.59,588.91,66439.538486,588.7501,1360,
2026-03-25 17:33:00,588.89,589.085,588.83,589.05,55386.617443,588.977,1228,
2026-03-25 17:34:00,589.02,589.32,588.99,589.24,116141.73927,589.1697,1897,
2026-03-25 17:35:00,589.25,589.45,589.19,589.31,51848.946634,589.3543,1133,
2026-03-25 17:36:00,589.313,589.39,589.2193,589.29,45034.739093,589.3104,1020,
2026-03-25 17:37:00,589.24,589.45,589.17,589.4399,53494.050481,589.3013,930,
2026-03-25 17:38:00,589.44,589.53,589.25,589.53,43738.564413,589.4183,977,
2026-03-25 17:39:00,589.52,589.79,589.38,589.69,92827.961527,589.6515,1791,
2026-03-25 17:40:00,589.68,589.76,589.62,589.75,45528.097822,589.6715,910,
2026-03-25 17:41:00,589.75,589.87,589.58,589.65,111958.748764,589.717,1988,
2026-03-25 17:42:00,589.67,589.82,589.4999,589.53,81321.235416,589.6352,1518,
2026-03-25 17:43:00,589.54,590.57,589.535,590.13,274598.607573,590.196,4371,
2026-03-25 17:44:00,590.12,590.22,589.83,589.97,193473.082523,590.0469,2751,
2026-03-25 17:45:00,589.97,590.0,589.54,589.62,107196.418222,589.7422,2007,
2026-03-25 17:46:00,589.64,589.85,589.52,589.79,76507.936488,589.69,1507,
2026-03-25 17:47:00,589.78,589.805,589.34,589.49,76011.16842,589.5808,1346,
2026-03-25 17:48:00,589.51,589.64,589.18,589.33,101546.39063,589.3333,1757,
2026-03-25 17:49:00,589.33,589.49,589.16,589.175,148814.221137,589.333,2452,
2026-03-25 17:50:00,589.17,589.2,588.92,589.105,129097.678081,589.0586,2074,
2026-03-25 17:51:00,589.09,589.11,588.85,589.1,118860.282522,588.9311,1694,
2026-03-25 17:52:00,589.09,589.84,588.8,588.85,215631.659444,589.1741,3585,
2026-03-25 17:53:00,588.85,588.9,588.45,588.805,160911.927231,588.6748,2478,
2026-03-25 17:54:00,588.78,588.965,588.5,588.56,136730.174967,588.7129,2222,
2026-03-25 17:55:00,588.57,588.8,588.43,588.7492,161989.100791,588.5564,2444,
2026-03-25 17:56:00,588.75,588.94,588.49,588.91,112183.578508,588.6987,1964,
2026-03-25 17:57:00,588.91,589.19,588.87,589.12,76226.952603,589.0348,1370,
2026-03-25 17:58:00,589.13,589.84,588.94,589.13,338312.9938,589.2996,9763,
2026-03-25 17:59:00,589.13,589.13,588.86,588.99,108312.650003,589.0097,1737,
2026-03-25 18:00:00,588.98,589.0999,588.78,588.89,176061.609445,588.9058,2312,
2026-03-25 18:01:00,588.88,589.06,588.73,588.8692,97174.398131,588.9145,1688,
2026-03-25 18:02:00,588.87,589.01,588.75,588.92,72951.027614,588.887,1108,
2026-03-25 18:03:00,588.92,589.11,588.59,588.745,93834.669032,588.821,1399,
2026-03-25 18:04:00,588.73,588.9232,588.725,588.88,47967.970588,588.8366,947,
2026-03-25 18:05:00,588.89,589.3,588.87,589.245,79293.49131,589.1047,1190,
2026-03-25 18:06:00,589.25,589.27,589.08,589.13,75720.848881,589.2032,1083,
2026-03-25 18:07:00,589.1,589.17,588.79,588.899,61450.017762,589.0071,1045,
2026-03-25 18:08:00,588.91,588.91,588.52,588.64,68431.731377,588.6577,1215,
2026-03-25 18:09:00,588.65,588.9,588.61,588.83,41069.770139,588.7724,872,
2026-03-25 18:10:00,588.85,589.01,588.76,588.88,57916.180601,588.8551,1008,
2026-03-25 18:11:00,588.89,589.24,588.86,589.1,96761.309548,589.0854,1340,
2026-03-25 18:12:00,589.1,589.15,588.94,589.11,46996.16226,589.0673,850,
2026-03-25 18:13:00,589.0999,589.0999,588.95,589.01,64554.773895,589.0157,1123,
2026-03-25 18:14:00,588.98,589.12,588.94,589.07,66457.810384,589.0318,1101,
2026-03-25 18:15:00,589.08,589.15,589.03,589.05,63820.305248,589.0869,970,
2026-03-25 18:16:00,589.04,589.31,589.04,589.25,50675.071651,589.2205,822,
2026-03-25 18:17:00,589.26,589.64,589.08,589.48,155667.679656,589.3334,2217,
2026-03-25 18:18:00,589.49,589.5,589.13,589.34,151065.327291,589.3236,2132,
2026-03-25 18:19:00,589.31,589.3599,589.05,589.1,55593.756514,589.1532,944,
2026-03-25 18:20:00,589.1,589.4,589.09,589.39,25421.963811,589.2595,629,
2026-03-25 18:21:00,589.37,589.5,589.25,589.4474,34490.859132,589.3789,760,
2026-03-25 18:22:00,589.44,589.51,589.42,589.42,46149.985679,589.4763,756,
2026-03-25 18:23:00,589.42,589.46,589.23,589.27,41264.705818,589.3644,752,
2026-03-25 18:24:00,589.27,589.34,589.17,589.34,29527.717732,589.2611,625,
2026-03-25 18:25:00,589.35,589.4,589.22,589.29,36654.839988,589.3218,590,
2026-03-25 18:26:00,589.3,589.3,588.98,589.045,70951.047224,589.0539,1240,
2026-03-25 18:27:00,589.04,589.1279,588.96,588.96,61488.255468,589.0447,1129,
2026-03-25 18:28:00,588.95,589.06,588.65,588.83,75208.063958,588.823,1634,
2026-03-25 18:29:00,588.83,588.87,588.6541,588.68,57315.919262,588.7813,853,
2026-03-25 18:30:00,588.66,588.9,588.66,588.755,63019.869744,588.811,1145,
2026-03-25 18:31:00,588.76,588.79,588.48,588.585,66773.64246,588.6146,1310,
2026-03-25 18:32:00,588.58,588.8,588.58,588.7297,80014.767849,588.7237,1484,
2026-03-25 18:33:00,588.74,588.86,588.65,588.81,60573.12374,588.7422,1050,
2026-03-25 18:34:00,588.8,588.825,588.71,588.79,22959.988611,588.7929,654,
2026-03-25 18:35:00,588.78,588.81,588.67,588.79,30533.778811,588.7546,733,
2026-03-25 18:36:00,588.77,588.78,588.54,588.63,34714.709062,588.6427,922,
2026-03-25 18:37:00,588.62,588.66,588.45,588.5,40833.291042,588.5365,1011,
2026-03-25 18:38:00,588.49,588.61,588.41,588.57,42062.42685,588.5122,892,
2026-03-25 18:39:00,588.54,588.66,588.51,588.58,35457.331688,588.595,816,
2026-03-25 18:40:00,588.585,588.6358,588.22,588.29,72739.562681,588.403,1380,
2026-03-25 18:41:00,588.29,588.43,588.18,588.26,62381.727999,588.2794,1132,
2026-03-25 18:42:00,588.25,588.3899,588.07,588.1,53583.450435,588.2064,1193,
2026-03-25 18:43:00,588.1,588.24,588.05,588.22,64181.955314,588.1385,1127,
2026-03-25 18:44:00,588.22,588.43,588.2,588.31,53970.959958,588.3597,1041,
2026-03-25 18:45:00,588.305,588.305,588.1,588.218,82027.249421,588.2408,1421,
2026-03-25 18:46:00,588.24,588.44,588.21,588.34,57812.957849,588.3252,1201,
2026-03-25 18:47:00,588.34,588.44,588.29,588.31,36832.842587,588.3769,988,
2026-03-25 18:48:00,588.32,588.39,588.09,588.28,102889.615793,588.285,1912,
2026-03-25 18:49:00,588.29,588.32,588.14,588.2,40603.941135,588.2361,886,
2026-03-25 18:50:00,588.19,588.27,588.0,588.18,68749.933777,588.1409,1563,
2026-03-25 18:51:00,588.17,588.205,588.02,588.08,54813.236107,588.1231,1191,
2026-03-25 18:52:00,588.078,588.16,588.01,588.135,31642.234641,588.0866,781,
2026-03-25 18:53:00,588.16,588.18,588.01,588.035,36960.108733,588.1169,846,
2026-03-25 18:54:00,588.04,588.11,587.96,588.06,29254.851088,588.0724,610,
2026-03-25 18:55:00,588.07,588.0785,586.53,586.58,356052.386444,587.3277,5974,
2026-03-25 18:56:00,586.59,587.13,586.49,586.72,274166.830963,586.8943,4470,
2026-03-25 18:57:00,586.75,587.24,586.7499,587.075,426376.065364,588.1761,3405,
2026-03-25 18:58:00,587.08,587.505,587.01,587.34,124657.043781,587.3294,2171,
2026-03-25 18:59:00,587.32,587.44,587.175,587.27,71072.142433,587.4292,1257,
2026-03-25 19:00:00,587.26,587.28,586.51,586.687,199391.613904,586.8397,3354,
2026-03-25 19:01:00,586.67,586.96,586.45,586.7,374461.857867,586.867,2883,
2026-03-25 19:02:00,586.69,586.8,586.535,586.63,82569.219346,586.6272,1476,
2026-03-25 19:03:00,586.63,586.74,586.26,586.335,167839.972922,586.4993,2687,
2026-03-25 19:04:00,586.335,586.83,586.3299,586.78,126026.049631,586.6696,2008,
2026-03-25 19:05:00,586.77,586.95,586.6817,586.8,130043.417831,586.8462,2223,
2026-03-25 19:06:00,586.81,586.86,586.575,586.63,79182.198672,586.6698,1497,
2026-03-25 19:07:00,586.65,586.92,586.65,586.79,105020.471382,586.8287,1579,
2026-03-25 19:08:00,586.74,586.87,586.55,586.74,86224.592318,586.7496,1365,
2026-03-25 19:09:00,586.755,586.7799,586.6,586.77,90101.893627,586.6934,1288,
2026-03-25 19:10:00,586.77,586.845,586.66,586.69,135721.273022,586.769,1782,
2026-03-25 19:11:00,586.71,586.8907,586.58,586.62,282009.83902,586.6228,1324,
2026-03-25 19:12:00,586.615,586.74,586.585,586.7,61437.673353,586.6781,1164,
2026-03-25 19:13:00,586.69,587.11,586.58,587.04,156205.088646,586.8911,2655,
2026-03-25 19:14:00,587.05,587.28,586.85,587.22,118943.621934,587.0166,1921,
2026-03-25 19:15:00,587.22,587.6,587.15,587.6,125870.381011,587.3896,2083,
2026-03-25 19:16:00,587.57,587.7,587.36,587.44,97716.999358,587.5403,1560,
2026-03-25 19:17:00,587.42,587.45,587.29,587.37,59160.937326,587.3696,1053,
2026-03-25 19:18:00,587.36,587.52,587.25,587.33,128907.795724,587.3639,1924,
2026-03-25 19:19:00,587.335,587.74,587.29,587.68,134990.965424,587.5864,2043,
2026-03-25 19:20:00,587.69,588.21,587.58,588.08,196082.319688,587.8509,2933,
2026-03-25 19:21:00,588.06,588.09,587.84,587.99,288695.493924,587.7447,1621,
2026-03-25 19:22:00,587.9899,588.005,587.81,587.9,51717.736054,587.9051,1197,
2026-03-25 19:23:00,587.89,587.9024,587.77,587.85,81530.597935,587.828,1277,
2026-03-25 19:24:00,587.84,587.89,587.73,587.8316,42359.656235,587.8259,839,
2026-03-25 19:25:00,587.83,587.91,587.46,587.48,91951.390594,587.6778,1560,
2026-03-25 19:26:00,587.485,587.55,587.24,587.29,118950.785457,587.4408,1691,
2026-03-25 19:27:00,587.285,587.52,587.21,587.31,64542.716297,587.3484,1231,
2026-03-25 19:28:00,587.3,587.48,587.25,587.44,43390.396966,587.412,846,
2026-03-25 19:29:00,587.45,587.51,587.23,587.26,81020.088967,587.3458,1167,
2026-03-25 19:30:00,587.2599,587.33,587.04,587.13,89256.771448,587.2121,1493,
2026-03-25 19:31:00,587.12,587.22,587.01,587.13,77492.235234,587.1152,1288,
2026-03-25 19:32:00,587.13,587.18,586.83,587.02,80756.592059,587.0042,1594,
2026-03-25 19:33:00,587.02,587.06,586.87,586.975,56672.754656,586.9938,994,
2026-03-25 19:34:00,586.965,587.0299,586.84,587.0082,64025.385721,586.9625,1085,
2026-03-25 19:35:00,586.98,587.14,586.825,586.84,73390.780043,587.0108,1185,
2026-03-25 19:36:00,586.83,586.935,586.61,586.65,80804.525076,586.7356,1411,
2026-03-25 19:37:00,586.65,586.75,586.58,586.7,53668.941101,586.7343,1090,
2026-03-25 19:38:00,586.71,586.833,586.6,586.755,65164.794712,586.7332,1217,
2026-03-25 19:39:00,586.76,586.99,586.74,586.86,179972.246303,586.9042,2375,
2026-03-25 19:40:00,586.87,587.1,586.76,587.07,74518.713092,586.946,1453,
2026-03-25 19:41:00,587.06,587.24,586.97,587.15,89259.358196,587.1292,1659,
2026-03-25 19:42:00,587.155,587.285,587.1213,587.255,90312.328825,587.2038,1474,
2026-03-25 19:43:00,587.26,587.42,587.2,587.255,96546.31164,587.2859,1532,
2026-03-25 19:44:00,587.26,587.29,586.87,586.9603,139550.643317,587.0956,2230,
2026-03-25 19:45:00,586.96,587.04,586.79,586.98,63340.465438,586.9005,1351,
2026-03-25 19:46:00,586.98,587.12,586.81,586.93,104773.4341,586.9255,1418,
2026-03-25 19:47:00,586.93,587.0,586.81,586.96,111130.34773,586.9056,1756,
2026-03-25 19:48:00,586.95,587.06,586.8801,586.93,65914.544446,586.9717,1445,
2026-03-25 19:49:00,586.92,587.15,586.92,587.02,128832.564576,587.0598,1923,
2026-03-25 19:50:00,587.03,587.81,587.0275,587.77,218051.915154,587.476,3824,
2026-03-25 19:51:00,587.77,587.79,587.3,587.3101,177189.569459,587.4908,2578,
2026-03-25 19:52:00,587.32,587.52,587.26,587.47,99261.527589,587.4132,2068,
2026-03-25 19:53:00,587.5,587.76,587.46,587.725,113656.079054,587.5894,2271,
2026-03-25 19:54:00,587.73,587.82,587.38,587.56,232104.005921,587.5738,3665,
2026-03-25 19:55:00,587.58,588.12,587.56,587.59,302755.298999,587.8302,4601,
2026-03-25 19:56:00,587.595,587.63,587.28,587.4798,155901.039631,587.4045,2487,
2026-03-25 19:57:00,587.48,587.59,587.4,587.49,126472.49384,587.5021,2412,
2026-03-25 19:58:00,587.48,587.535,587.365,587.49,198444.117164,587.4413,3599,
2026-03-25 19:59:00,587.5,587.83,587.43,587.74,659271.953142,587.5703,9859,
2026-03-25 20:00:00,587.72,588.06,587.64,588.06,73569.917015,587.8687,481,
2026-03-25 20:01:00,588.09,588.1,587.9308,588.0113,33619.443127,588.0519,192,
2026-03-25 20:02:00,588.02,588.1751,588.0,588.04,14974.202672,588.0601,188,
2026-03-25 20:03:00,588.09,588.09,587.9,587.95,15343.820698,588.0403,157,
2026-03-25 20:04:00,587.9461,588.06,587.9,587.93,34145.475119,587.9878,285,
2026-03-25 20:05:00,587.91,587.9601,587.79,587.9,12122.256512,587.9106,171,
2026-03-25 20:06:00,587.9,587.9,587.67,587.7,9935.945962,587.8173,133,
2026-03-25 20:07:00,587.7,587.75,587.63,587.7028,26868.722282,587.7156,185,
2026-03-25 20:08:00,587.76,587.8,587.7,587.8,25045.253305,587.7444,156,
2026-03-25 20:09:00,587.68,587.71,587.67,587.7,14805.961477,587.771,67,
2026-03-25 20:10:00,587.7,587.73,587.64,587.67,7093.433285,587.7258,69,
2026-03-25 20:11:00,587.638,587.64,587.61,587.64,2593.308288,587.6932,48,
2026-03-25 20:12:00,587.67,587.68,587.6,587.65,5878.373814,587.6769,85,
2026-03-25 20:13:00,587.66,587.76,587.64,587.7373,713730.680762,587.7061,49,
2026-03-25 20:14:00,587.74,587.76,587.67,587.72,26882.15602,587.7064,144,
2026-03-25 20:15:00,587.71,587.72,587.6306,587.68,4284.208181,587.7278,44,
2026-03-25 20:16:00,587.72,587.82,587.72,587.82,1801.117012,587.7749,35,
2026-03-25 20:17:00,587.82,587.89,587.82,587.89,3791.085057,587.8516,54,
2026-03-25 20:18:00,587.88,587.91,587.81,587.83,28804.074345,587.8642,239,
2026-03-25 20:19:00,587.82,587.9,587.82,587.9,1112.0,587.8803,17,
2026-03-25 20:20:00,587.87,587.87,587.77,587.7805,3574.578445,587.9095,92,
2026-03-25 20:21:00,587.8137,587.86,587.8,587.86,4259.0,587.8277,49,
2026-03-25 20:22:00,587.87,587.88,587.85,587.85,687.034023,587.8938,34,
2026-03-25 20:23:00,587.81,587.87,587.79,587.87,441.448703,588.4321,26,
2026-03-25 20:24:00,587.79,587.8,587.68,587.69,4024.110533,587.7237,71,
2026-03-25 20:25:00,587.66,587.67,587.5,587.52,6989.240595,587.5658,125,
2026-03-25 20:26:00,587.58,587.58,587.43,587.47,30356.827799,587.5579,152,
2026-03-25 20:27:00,587.36,587.36,587.25,587.25,9148.847618,587.3691,128,
2026-03-25 20:28:00,587.25,587.2948,587.2288,587.25,8933.575149,587.2927,61,
2026-03-25 20:29:00,587.27,587.27,587.2,587.24,6116.319851,587.2839,57,
2026-03-25 20:30:00,587.23,587.25,587.2142,587.22,5705.790886,587.3024,52,
2026-03-25 20:31:00,587.23,587.25,587.2,587.22,2759.017028,587.2202,47,
2026-03-25 20:32:00,587.27,587.37,587.27,587.33,981.507581,587.5914,38,
2026-03-25 20:33:00,587.35,587.35,587.32,587.33,6408.052779,587.3517,67,
2026-03-25 20:34:00,587.35,587.4,587.35,587.39,8803.054649,587.3858,112,
2026-03-25 20:35:00,587.37,587.49,587.37,587.461,7283.077094,587.409,70,
2026-03-25 20:36:00,587.46,587.54,587.46,587.4804,5087.95329,587.6203,46,
2026-03-25 20:37:00,587.5,587.52,587.43,587.4861,5570.172012,587.4982,52,
2026-03-25 20:38:00,587.44,587.5,587.43,587.46,4356.186653,587.4765,38,
2026-03-25 20:39:00,587.49,587.52,587.4804,587.52,1472.254471,587.587,20,
2026-03-25 20:40:00,587.46,587.47,587.45,587.47,1310.02132,587.473,21,
2026-03-25 20:41:00,587.46,587.48,587.46,587.48,681.025532,582.2093,19,
2026-03-25 20:42:00,587.44,587.45,587.43,587.45,307.949869,589.2599,17,
2026-03-25 20:43:00,587.45,587.5,587.44,587.45,1629.753308,587.7329,38,
2026-03-25 20:44:00,587.45,587.49,587.45,587.47,6032.044427,587.4714,61,
2026-03-25 20:45:00,587.5,587.51,587.5,587.51,1920.17872,587.4029,22,
2026-03-25 20:46:00,587.49,587.49,587.45,587.45,1070.416516,587.7054,18,
2026-03-25 20:47:00,587.49,587.55,587.46,587.46,6795.585908,587.5692,54,
2026-03-25 20:48:00,587.45,587.4779,587.44,587.4779,1353.059578,587.4916,16,
2026-03-25 20:49:00,587.44,587.48,587.41,587.44,7888.205123,586.9019,64,
2026-03-25 20:50:00,587.4714,587.5099,587.4714,587.5099,5178.651665,587.5273,21,
2026-03-25 20:51:00,587.46,587.46,587.45,587.45,2094.245124,587.1007,56,
2026-03-25 20:52:00,587.49,587.5,587.48,587.48,4616.544689,587.4181,41,
2026-03-25 20:53:00,587.47,587.5,587.46,587.5,1113.25483,585.6918,22,
2026-03-25 20:54:00,587.52,587.54,587.43,587.46,9443.866265,587.5633,65,
2026-03-25 20:55:00,587.43,587.46,587.41,587.41,3866.106006,587.4574,45,
2026-03-25 20:56:00,587.42,587.46,587.42,587.46,1653.30308,581.4821,52,
2026-03-25 20:57:00,587.48,587.51,587.48,587.5,1040.340425,587.6838,27,
2026-03-25 20:58:00,587.5,587.57,587.5,587.56,336.879006,586.3478,34,
2026-03-25 21:01:00,587.42,587.65,587.42,587.65,428.054468,587.6194,21,
2026-03-25 21:03:00,587.62,587.62,587.62,587.62,260.689284,586.5381,10,
2026-03-25 21:05:00,587.51,587.51,587.51,587.51,80.187214,588.8961,8,
2026-03-25 21:06:00,587.5116,587.61,587.51,587.51,2346.460709,587.3072,23,
2026-03-25 21:08:00,587.56,587.56,587.56,587.56,169.178721,588.1851,16,
2026-03-25 21:10:00,587.5773,587.5773,587.51,587.51,638.017021,587.5441,26,
2026-03-25 21:11:00,587.51,587.5128,587.51,587.5128,886.076594,588.1698,11,
2026-03-25 21:12:00,587.5,587.5,587.5,587.5,130.712324,590.7193,14,
2026-03-25 21:13:00,587.49,587.49,587.49,587.49,827.6733,587.969,20,
2026-03-25 21:14:00,587.53,587.53,587.53,587.53,370.127654,587.7297,10,
2026-03-25 21:15:00,587.49,587.49,587.49,587.49,1712.696053,587.7278,47,
2026-03-25 21:17:00,587.3055,587.3055,587.3055,587.3055,741.24078,587.5381,78,
2026-03-25 21:18:00,587.3,587.43,587.3,587.43,397.068878,587.4957,12,
2026-03-25 21:19:00,587.53,587.53,587.53,587.53,283.028034,587.5855,7,
2026-03-25 21:20:00,587.53,587.53,587.53,587.53,363.0,587.5258,18,
2026-03-25 21:23:00,587.46,587.46,587.45,587.45,187.549015,589.1905,15,
2026-03-25 21:24:00,587.49,587.49,587.49,587.49,777.852765,588.1334,19,
2026-03-25 21:25:00,587.48,587.48,587.48,587.48,1075.20793,587.5961,22,
2026-03-25 21:26:00,587.48,587.49,587.48,587.49,250.472909,588.5989,13,
2026-03-25 21:28:00,587.53,587.6,587.53,587.6,11050.163453,587.6001,56,
2026-03-25 21:29:00,587.6,587.6285,587.6,587.6004,1049.0,587.6067,22,
2026-03-25 21:30:00,587.6399,587.6399,587.6399,587.6399,1039.034034,587.6583,34,
2026-03-25 21:32:00,587.6399,587.64,587.62,587.63,908.034032,587.656,94,
2026-03-25 21:33:00,587.6201,587.6683,587.62,587.6213,387.382485,588.212,14,
2026-03-25 21:34:00,587.69,587.71,587.67,587.71,1119.034033,587.7092,32,
2026-03-25 21:35:00,587.7,587.7,587.69,587.7,8445.657764,587.7448,49,
2026-03-25 21:36:00,587.72,587.75,587.7,587.7,11682.276247,587.757,87,
2026-03-25 21:37:00,587.71,587.76,587.71,587.75,8598.202813,587.7624,59,
2026-03-25 21:39:00,587.73,587.73,587.7,587.7,203.615544,589.5039,15,
2026-03-25 21:43:00,587.7,587.7,587.7,587.7,1002.541509,588.0194,14,
2026-03-25 21:45:00,587.6,587.604,587.6,587.604,1206.221423,587.7087,22,
2026-03-25 21:46:00,587.63,587.63,587.6,587.6,2657.15381,587.6491,31,
2026-03-25 21:47:00,587.6,587.6,587.6,587.6,604.021272,587.6211,17,
2026-03-25 21:48:00,587.6,587.6,587.6,587.6,744.588479,588.065,20,
2026-03-25 21:49:00,587.6,587.6,587.6,587.6,88.0426,587.884,6,
2026-03-25 21:50:00,587.5,587.5,587.5,587.5,113.202289,588.5616,13,
2026-03-25 21:57:00,587.58,587.59,587.53,587.53,6132.002,587.5375,35,
2026-03-25 21:58:00,587.5292,587.53,587.5292,587.53,617.437561,587.9465,11,
2026-03-25 21:59:00,587.5296,587.53,587.49,587.53,2049.170206,587.5694,32,
2026-03-25 22:00:00,587.53,587.53,587.22,587.4,29722.86019,587.3418,171,
2026-03-25 22:01:00,587.45,587.46,587.26,587.26,3582.237836,587.4157,36,
2026-03-25 22:02:00,587.25,587.26,587.13,587.15,6702.090332,587.1761,58,
2026-03-25 22:03:00,587.15,587.15,587.03,587.03,3920.294703,587.1367,75,
2026-03-25 22:04:00,587.2,587.2,587.2,587.2,1777.466153,587.352,26,
2026-03-25 22:05:00,587.2,587.28,587.1472,587.24,5623.144534,587.2444,34,
2026-03-25 22:06:00,587.26,587.26,587.17,587.21,2325.065569,587.2409,37,
2026-03-25 22:07:00,587.11,587.11,587.1022,587.1022,129.044059,587.3142,14,
2026-03-25 22:08:00,587.08,587.09,587.0,587.01,7800.018959,587.0501,68,
2026-03-25 22:09:00,587.01,587.01,586.85,586.86,2090.310919,587.0506,59,
2026-03-25 22:10:00,586.92,587.09,586.92,587.09,2970.08004,586.9539,29,
2026-03-25 22:11:00,587.0218,587.03,587.0218,587.03,182.881929,589.8562,16,
2026-03-25 22:12:00,586.97,586.98,586.8966,586.98,10664.658095,586.9951,27,
2026-03-25 22:13:00,586.94,586.95,586.94,586.95,13120.168746,586.9536,29,
2026-03-25 22:14:00,587.0,587.0,586.94,586.94,812.05,587.0229,20,
2026-03-25 22:15:00,586.8782,586.8782,586.8782,586.8782,103.511129,589.806,10,
2026-03-25 22:16:00,586.88,586.88,586.61,586.7,832.304634,586.9575,67,
2026-03-25 22:17:00,586.79,586.79,586.79,586.79,201.602485,588.5433,14,
2026-03-25 22:18:00,586.7,586.7175,586.6,586.7175,971.438803,586.9113,40,
2026-03-25 22:19:00,586.6751,586.82,586.6751,586.74,3296.811547,586.8812,31,
2026-03-25 22:20:00,586.74,586.77,586.71,586.73,3896.599232,586.842,30,
2026-03-25 22:21:00,586.7,586.81,586.69,586.81,2942.399539,586.8687,32,
2026-03-25 22:22:00,586.79,586.8128,586.79,586.81,2603.410216,586.9022,11,
2026-03-25 22:23:00,586.73,586.77,586.73,586.74,859.568261,587.1425,23,
2026-03-25 22:24:00,586.7,586.7031,586.56,586.57,1202.418246,586.7951,31,
2026-03-25 22:25:00,586.69,586.69,586.6838,586.6838,153.434621,588.3543,7,
2026-03-25 22:26:00,586.6635,586.6635,586.6016,586.6016,2563.173896,586.655,26,
2026-03-25 22:28:00,586.64,586.64,586.59,586.59,1115.252954,586.7239,29,
2026-03-25 22:29:00,586.55,586.56,586.55,586.56,394.362456,587.0927,20,
2026-03-25 22:30:00,586.6,586.6,586.55,586.55,490.08664,586.6725,12,
2026-03-25 22:31:00,586.57,586.58,586.56,586.56,451.246087,586.8901,10,
2026-03-25 22:32:00,586.6,586.78,586.6,586.75,2080.657581,586.9393,25,
2026-03-25 22:33:00,586.7226,586.79,586.7226,586.79,370.204521,587.0762,17,
2026-03-25 22:34:00,586.8,586.8,586.77,586.77,237.404226,587.7856,15,
2026-03-25 22:35:00,586.8,586.8,586.8,586.8,101.548302,589.9828,9,
2026-03-25 22:36:00,586.81,586.81,586.81,586.81,80.955694,593.817,7,
2026-03-25 22:37:00,586.8,586.85,586.79,586.85,898.97103,587.4505,22,
2026-03-25 22:38:00,586.8046,586.8046,586.8046,586.8046,77.511241,590.7019,10,
2026-03-25 22:39:00,586.8,586.8,586.78,586.78,694.99608,587.6313,21,
2026-03-25 22:40:00,586.7925,586.82,586.7925,586.82,1322.169905,586.8888,21,
2026-03-25 22:41:00,586.79,586.794,586.75,586.75,406.033027,586.8249,22,
2026-03-25 22:43:00,586.71,586.71,586.71,586.71,826.288022,586.9168,14,
2026-03-25 22:44:00,586.9,586.9,586.9,586.9,113.714,590.6047,12,
2026-03-25 22:45:00,586.93,586.93,586.93,586.93,615.008878,586.9382,7,
2026-03-25 22:47:00,586.94,587.029,586.94,586.9937,317.060306,587.0918,22,
2026-03-25 22:48:00,587.0,587.0577,587.0,587.0577,830.138524,587.1032,18,
2026-03-25 22:49:00,587.08,587.08,586.97,586.97,1185.022157,587.0629,31,
2026-03-25 22:50:00,586.98,586.98,586.98,586.98,297.066344,587.1092,10,
2026-03-25 22:51:00,586.9,586.9,586.8,586.8,384.010509,586.8832,17,
2026-03-25 22:52:00,586.84,586.84,586.59,586.6,1111.887647,587.1365,67,
2026-03-25 22:53:00,586.5,586.61,586.3885,586.3885,2814.787757,586.6702,84,
2026-03-25 22:54:00,586.44,586.44,586.44,586.44,291.042978,586.5115,17,
2026-03-25 22:55:00,586.41,586.44,586.38,586.44,527.740702,587.2365,27,
2026-03-25 22:56:00,586.5,586.5441,586.5,586.5441,295.068169,586.6497,17,
2026-03-25 22:57:00,586.5,586.529,586.5,586.5,1164.034071,586.5224,17,
2026-03-25 22:58:00,586.5024,586.55,586.46,586.46,405.381782,587.0457,26,
2026-03-25 22:59:00,586.36,586.36,586.3,586.32,1634.402796,586.456,47,
2026-03-25 23:00:00,586.3,586.68,586.3,586.68,2620.055129,586.5127,33,
2026-03-25 23:01:00,586.61,586.63,586.5222,586.5222,2685.151279,586.5991,20,
2026-03-25 23:02:00,586.56,586.62,586.55,586.56,1144.110204,586.6153,12,
2026-03-25 23:03:00,586.62,586.7084,586.62,586.7084,247.284091,587.3252,13,
2026-03-25 23:04:00,586.69,586.69,586.6,586.6,3422.263652,586.7116,26,
2026-03-25 23:05:00,586.55,586.55,586.4,586.4599,2085.122091,586.5,21,
2026-03-25 23:06:00,586.44,586.45,586.41,586.41,1063.206339,586.5394,19,
2026-03-25 23:07:00,586.5,586.58,586.5,586.52,1307.017051,586.5617,14,
2026-03-25 23:08:00,586.54,586.5623,586.5372,586.54,2661.33135,586.6175,16,
2026-03-25 23:09:00,586.43,586.44,586.4,586.4,820.037204,586.4564,17,
2026-03-25 23:10:00,586.45,586.51,586.45,586.51,492.042629,586.5077,14,
2026-03-25 23:11:00,586.4,586.423,586.4,586.4205,1830.050717,586.4252,22,
2026-03-25 23:12:00,586.4201,586.4201,586.36,586.36,1371.263318,586.4978,20,
2026-03-25 23:13:00,586.42,586.47,586.42,586.47,3752.513158,586.5128,24,
2026-03-25 23:14:00,586.42,586.42,586.25,586.25,2574.128116,586.3718,41,
2026-03-25 23:15:00,586.32,586.32,586.32,586.32,124.386152,588.1405,9,
2026-03-25 23:16:00,586.27,586.28,586.16,586.16,4258.096235,586.2268,71,
2026-03-25 23:17:00,586.1,586.1,585.86,585.914,2591.006807,585.9785,177,
2026-03-25 23:18:00,585.9368,586.01,585.92,586.01,4477.234822,585.9847,35,
2026-03-25 23:19:00,586.01,586.09,586.0071,586.04,845.064555,586.0604,17,
2026-03-25 23:20:00,586.0,586.03,586.0,586.03,376.443655,586.7046,12,
2026-03-25 23:21:00,586.08,586.08,586.08,586.08,243.351229,586.9396,8,
2026-03-25 23:22:00,586.15,586.15,585.98,586.07,716.034129,586.0749,14,
2026-03-25 23:23:00,586.12,586.18,586.12,586.13,4295.723859,586.2399,24,
2026-03-25 23:24:00,586.16,586.16,586.12,586.12,669.155713,586.2834,14,
2026-03-25 23:25:00,586.18,586.18,586.17,586.171,354.065558,586.285,9,
2026-03-25 23:26:00,586.19,586.22,586.19,586.22,236.022244,586.2644,14,
2026-03-25 23:27:00,586.26,586.29,586.2,586.29,745.441529,586.5652,20,
2026-03-25 23:28:00,586.36,586.36,586.25,586.2811,1730.388775,586.4594,32,
2026-03-25 23:29:00,586.23,586.23,586.2,586.2,267.233682,586.744,16,
2026-03-25 23:30:00,586.17,586.2114,586.17,586.2,945.23414,586.349,20,
2026-03-25 23:31:00,586.21,586.22,586.2,586.2,631.047062,586.2566,18,
2026-03-25 23:32:00,586.4,586.4,586.13,586.13,1549.131337,586.331,26,
2026-03-25 23:33:00,586.07,586.08,586.07,586.07,1547.309522,586.1937,22,
2026-03-25 23:35:00,586.16,586.2,586.16,586.19,2050.615894,586.3539,31,
2026-03-25 23:36:00,586.169,586.2,586.169,586.2,622.205563,586.3823,14,
2026-03-25 23:37:00,586.16,586.18,586.15,586.15,1414.211543,586.2525,17,
2026-03-25 23:39:00,586.1395,586.2,586.1395,586.2,176.353028,587.3312,12,
2026-03-25 23:40:00,586.2,586.2,586.2,586.2,226.268917,586.8979,13,
2026-03-25 23:41:00,586.3,586.3,586.3,586.3,170.047456,586.4472,17,
2026-03-25 23:42:00,586.15,586.1525,586.15,586.1525,179.0,586.1614,15,
2026-03-25 23:43:00,586.15,586.18,586.15,586.18,373.467762,586.8899,16,
2026-03-25 23:44:00,586.09,586.09,585.89,585.9,749.679213,586.5293,51,
2026-03-25 23:45:00,585.86,585.86,585.65,585.71,6835.04052,585.7326,109,
2026-03-25 23:46:00,585.8197,585.88,585.8197,585.87,893.190597,585.98,25,
2026-03-25 23:47:00,586.06,586.28,586.06,586.28,3218.138084,586.1541,63,
2026-03-25 23:48:00,586.27,586.36,586.22,586.36,1871.551711,586.4567,39,
2026-03-25 23:49:00,586.29,586.3025,586.24,586.24,861.076746,586.3385,11,
2026-03-25 23:50:00,586.22,586.22,586.22,586.22,233.687927,587.952,9,
2026-03-25 23:51:00,586.1701,586.1701,586.1701,586.1701,184.170591,586.7166,11,
2026-03-25 23:52:00,586.34,586.43,586.3335,586.43,701.120507,586.4782,20,
2026-03-25 23:53:00,586.4686,586.4686,586.39,586.45,2578.025172,586.4528,21,
2026-03-25 23:54:00,586.47,586.5,586.42,586.5,3459.811385,586.6199,40,
2026-03-25 23:55:00,586.3701,586.39,586.37,586.38,2152.424668,586.4883,16,
2026-03-25 23:56:00,586.4313,586.79,586.4313,586.75,7408.125511,586.6636,80,
2026-03-25 23:57:00,586.68,586.73,586.63,586.68,11833.000017,586.6546,44,
2026-03-25 23:58:00,586.635,586.68,586.51,586.54,9895.0,586.6115,49,
2026-03-25 23:59:00,586.55,586.58,586.5312,586.56,2771.106772,586.5795,35,
2026-03-26 08:00:00,585.8,585.8,585.09,585.36,2271.0,585.3888,95,
2026-03-26 08:01:00,585.3,585.49,585.23,585.42,1355.0,585.3308,64,
2026-03-26 08:02:00,585.07,585.24,585.07,585.24,2252.0,585.0942,61,
2026-03-26 08:03:00,585.19,585.23,585.09,585.23,1498.0,585.1409,37,
2026-03-26 08:04:00,585.21,585.28,585.21,585.28,707.0,585.2438,20,
2026-03-26 08:05:00,585.3,585.3,585.11,585.16,1474.0,585.2291,32,
2026-03-26 08:06:00,585.14,585.68,585.13,585.55,2015.0,585.5272,42,
2026-03-26 08:07:00,585.48,585.48,585.48,585.48,417.0,585.5195,34,
2026-03-26 08:08:00,585.58,585.58,585.46,585.49,1056.0,585.5134,23,
2026-03-26 08:09:00,585.47,585.47,585.07,585.1,1652.0,585.2608,35,
2026-03-26 08:10:00,585.1,585.14,584.93,585.03,2007.0,585.0282,78,
2026-03-26 08:11:00,585.0,585.0,584.8,584.8,1532.0,584.928,39,
2026-03-26 08:12:00,584.97,584.97,584.73,584.73,855.0,584.8765,25,
2026-03-26 08:13:00,584.69,584.7,584.13,584.13,2881.0,584.4599,83,
2026-03-26 08:14:00,584.0,584.01,583.8,583.86,4628.0,583.911,127,
2026-03-26 08:15:00,584.02,584.1,583.98,584.02,6802.0,584.0464,116,
2026-03-26 08:16:00,584.0,584.15,584.0,584.11,1576.0,584.078,33,
2026-03-26 08:17:00,584.23,584.38,584.2,584.27,992.0,584.231,30,
2026-03-26 08:18:00,584.02,584.08,583.84,584.05,5735.0,583.994,110,
2026-03-26 08:19:00,584.02,584.02,583.58,583.63,2997.0,583.7099,68,
2026-03-26 08:20:00,583.8,584.09,583.8,584.09,3103.0,583.8981,70,
2026-03-26 08:21:00,584.0,584.01,583.81,583.85,2877.0,583.9162,45,
2026-03-26 08:22:00,583.93,583.94,583.67,583.75,1595.0,583.8755,23,
2026-03-26 08:23:00,583.88,584.13,583.88,583.96,2593.0,584.0297,26,
2026-03-26 08:24:00,583.94,583.94,583.81,583.86,2573.0,583.8643,61,
2026-03-26 08:25:00,583.84,583.84,583.77,583.77,979.0,583.816,25,
2026-03-26 08:26:00,583.92,584.08,583.92,584.05,3426.0,584.0238,39,
2026-03-26 08:27:00,583.96,583.99,583.87,583.99,1485.0,583.9169,36,
2026-03-26 08:28:00,584.01,584.01,583.76,583.76,1160.0,583.9099,30,
2026-03-26 08:29:00,583.53,583.67,583.43,583.54,2612.0,583.5452,88,
2026-03-26 08:30:00,583.47,583.6,583.36,583.57,2252.0,583.4513,36,
2026-03-26 08:31:00,583.53,583.77,583.51,583.71,3409.0,583.604,59,
2026-03-26 08:32:00,583.76,583.93,583.76,583.93,775.0,583.8544,26,
2026-03-26 08:33:00,583.94,583.95,583.85,583.85,736.0,583.8823,23,
2026-03-26 08:34:00,583.98,583.98,583.8,583.82,1379.0,583.8664,48,
2026-03-26 08:35:00,583.89,584.05,583.89,584.03,453.0,584.0075,17,
2026-03-26 08:36:00,583.85,583.85,583.79,583.79,553.0,583.8317,14,
2026-03-26 08:37:00,583.79,583.81,583.36,583.36,3374.0,583.5255,79,
2026-03-26 08:38:00,583.36,583.5,583.36,583.43,672.0,583.4202,21,
2026-03-26 08:39:00,583.62,583.62,583.53,583.55,1081.0,583.5825,24,
2026-03-26 08:40:00,583.53,583.84,583.51,583.84,1046.0,583.7069,25,
2026-03-26 08:41:00,583.9,583.91,583.8,583.8,1422.0,583.8694,39,
2026-03-26 08:42:00,583.67,583.79,583.67,583.78,341.0,583.7472,9,
2026-03-26 08:43:00,583.67,583.67,583.29,583.29,3330.0,583.4167,79,
2026-03-26 08:44:00,583.26,583.27,583.0,583.03,8778.0,583.2006,159,
2026-03-26 08:45:00,583.03,583.05,583.0,583.01,7231.0,583.0278,121,
2026-03-26 08:46:00,583.03,583.28,583.03,583.25,10815.0,583.1459,94,
2026-03-26 08:47:00,583.25,583.46,583.09,583.09,2795.0,583.2985,62,
2026-03-26 08:48:00,583.03,583.03,582.61,582.73,4420.0,582.7786,134,
2026-03-26 08:49:00,582.71,582.82,582.71,582.79,2052.0,582.7492,42,
2026-03-26 08:50:00,582.89,583.11,582.89,583.11,1314.0,582.9699,25,
2026-03-26 08:51:00,583.24,583.29,583.08,583.08,4830.0,583.1731,55,
2026-03-26 08:52:00,583.14,583.14,583.0,583.0,854.0,583.1017,17,
2026-03-26 08:53:00,583.12,583.3,583.12,583.3,2852.0,583.1787,30,
2026-03-26 08:54:00,583.35,583.38,583.35,583.38,663.0,583.3569,22,
2026-03-26 08:55:00,583.21,583.47,583.21,583.47,1409.0,583.3776,31,
2026-03-26 08:56:00,583.57,583.72,583.55,583.7,1754.0,583.6371,34,
2026-03-26 08:57:00,583.64,583.68,583.6,583.64,2297.0,583.6358,46,
2026-03-26 08:58:00,583.6,583.68,583.54,583.54,3230.0,583.6232,63,
2026-03-26 08:59:00,583.54,583.59,583.5,583.52,9059.0,583.5412,109,
2026-03-26 09:00:00,583.46,583.46,582.95,582.95,7191.0,583.3346,106,
2026-03-26 09:01:00,582.91,583.02,582.8,582.87,3932.0,582.8951,71,
2026-03-26 09:02:00,583.0,583.05,582.98,582.98,939.0,582.995,33,
2026-03-26 09:03:00,582.9,582.97,582.67,582.79,6569.0,582.785,116,
2026-03-26 09:04:00,582.84,583.12,582.84,583.06,2142.0,583.0261,45,
2026-03-26 09:05:00,583.47,583.47,583.34,583.45,1520.0,583.4043,43,
2026-03-26 09:06:00,583.39,583.39,583.22,583.34,2389.0,583.3114,47,
2026-03-26 09:07:00,583.42,583.42,583.3,583.35,1017.0,583.3472,28,
2026-03-26 09:08:00,583.42,583.42,582.91,582.95,2298.0,583.0359,62,
2026-03-26 09:09:00,582.94,583.1,582.85,583.1,1240.0,582.9396,41,
2026-03-26 09:10:00,583.15,583.34,583.13,583.34,1461.0,583.1704,28,
2026-03-26 09:11:00,583.42,583.55,583.24,583.24,6431.0,583.4421,77,
2026-03-26 09:12:00,583.19,583.2,582.97,582.97,583.0,583.1059,21,
2026-03-26 09:13:00,583.17,583.17,582.91,583.05,1413.0,583.0536,30,
2026-03-26 09:14:00,583.18,583.18,582.92,582.94,1504.0,583.0766,35,
2026-03-26 09:15:00,582.95,582.95,582.87,582.89,510.0,582.9312,13,
2026-03-26 09:16:00,582.93,582.94,582.85,582.85,476.0,582.8999,13,
2026-03-26 09:17:00,582.8,582.91,582.8,582.9,1171.0,582.8668,31,
2026-03-26 09:18:00,582.8,582.8,582.63,582.64,2030.0,582.7632,53,
2026-03-26 09:19:00,582.75,582.79,582.67,582.71,1208.0,582.7255,30,
2026-03-26 09:20:00,582.8,582.87,582.8,582.85,1652.0,582.8563,35,
2026-03-26 09:21:00,582.83,582.97,582.8,582.8,1230.0,582.8439,24,
2026-03-26 09:22:00,582.89,582.97,582.88,582.97,2356.0,582.896,49,
2026-03-26 09:23:00,582.97,582.98,582.55,582.55,3710.0,582.6715,69,
2026-03-26 09:24:00,582.78,582.78,582.6,582.6,5491.0,582.7348,52,
2026-03-26 09:25:00,582.6,582.71,582.59,582.65,860.0,582.6506,20,
2026-03-26 09:26:00,582.64,582.66,582.54,582.65,2357.0,582.6166,52,
2026-03-26 09:27:00,582.71,582.84,582.66,582.84,2835.0,582.728,38,
2026-03-26 09:28:00,582.75,582.83,582.68,582.75,2987.0,582.7929,54,
2026-03-26 09:29:00,582.56,582.57,582.39,582.55,5290.0,582.4993,118,
2026-03-26 09:30:00,582.36,582.36,581.63,581.77,8984.0,581.8893,304,
2026-03-26 09:31:00,581.6,581.77,581.55,581.77,3588.0,581.6376,89,
2026-03-26 09:32:00,581.85,581.88,581.55,581.58,29079.0,581.7814,217,
2026-03-26 09:33:00,581.81,581.91,581.71,581.8,3418.0,581.8106,71,
2026-03-26 09:34:00,581.9,582.06,581.9,581.97,2120.0,581.9802,37,
2026-03-26 09:35:00,581.85,582.04,581.83,581.91,2606.0,581.9121,59,
2026-03-26 09:36:00,582.02,582.03,581.9,582.0,2567.0,581.9534,52,
2026-03-26 09:37:00,582.24,582.27,582.01,582.02,3681.0,582.1069,66,
2026-03-26 09:38:00,582.08,582.1,582.0,582.0,3756.0,582.0518,55,
2026-03-26 09:39:00,581.95,582.12,581.95,582.1,2790.0,582.0283,45,
2026-03-26 09:40:00,582.17,582.33,582.05,582.18,4295.0,582.1807,65,
2026-03-26 09:41:00,582.13,582.2,582.07,582.2,5732.0,582.1023,67,
2026-03-26 09:42:00,582.11,582.3,582.11,582.23,1157.0,582.216,33,
2026-03-26 09:43:00,582.37,582.47,582.18,582.18,1588.0,582.3072,36,
2026-03-26 09:44:00,582.21,582.43,582.21,582.3,7570.0,582.2913,93,
2026-03-26 09:45:00,582.34,582.38,582.08,582.17,5246.0,582.3177,72,
2026-03-26 09:46:00,582.25,582.25,582.01,582.07,349.0,582.0781,19,
2026-03-26 09:47:00,582.45,582.5,582.23,582.28,3450.0,582.3543,40,
2026-03-26 09:48:00,582.2,582.32,582.07,582.22,3004.0,582.1876,54,
2026-03-26 09:49:00,582.18,582.19,582.14,582.14,400.0,582.164,14,
2026-03-26 09:50:00,582.12,582.51,582.12,582.43,2047.0,582.4045,30,
2026-03-26 09:51:00,582.5,582.69,582.5,582.64,3306.0,582.61,65,
2026-03-26 09:52:00,582.64,582.71,582.6,582.7,1543.0,582.6488,43,
2026-03-26 09:53:00,582.55,582.6,582.44,582.46,3816.0,582.5325,63,
2026-03-26 09:54:00,582.42,582.56,582.42,582.56,789.0,582.4585,20,
2026-03-26 09:55:00,582.66,582.84,582.66,582.8,1167.0,582.7571,35,
2026-03-26 09:56:00,582.76,582.8,582.72,582.8,1868.0,582.7725,33,
2026-03-26 09:57:00,582.72,582.81,582.72,582.81,437.0,582.7687,14,
2026-03-26 09:58:00,582.86,582.86,582.77,582.77,334.0,582.842,10,
2026-03-26 09:59:00,582.69,582.71,582.62,582.62,1787.0,582.6763,29,
2026-03-26 10:00:00,582.57,582.64,582.36,582.36,2126.0,582.4269,48,
2026-03-26 10:01:00,582.42,582.42,582.26,582.26,1434.0,582.2825,42,
2026-03-26 10:02:00,582.37,582.52,582.37,582.46,2485.0,582.477,41,
2026-03-26 10:03:00,582.51,582.57,582.51,582.57,11507.0,582.5666,58,
2026-03-26 10:04:00,582.59,582.87,582.58,582.87,6665.0,582.7875,80,
2026-03-26 10:05:00,582.9,583.6,582.84,583.42,9617.0,583.1702,111,
2026-03-26 10:06:00,583.24,583.25,583.09,583.09,3051.0,583.1697,65,
2026-03-26 10:07:00,583.1,583.1,582.99,583.02,2591.0,583.0142,37,
2026-03-26 10:08:00,583.12,583.12,583.01,583.01,1734.0,583.1033,38,
2026-03-26 10:09:00,583.05,583.19,583.04,583.19,1727.0,583.12,18,
2026-03-26 10:10:00,583.12,583.15,583.09,583.15,3513.0,583.1123,48,
2026-03-26 10:11:00,583.25,583.28,583.19,583.28,13977.0,583.2659,81,
2026-03-26 10:12:00,583.25,583.25,583.17,583.2,2710.0,583.2076,33,
2026-03-26 10:13:00,583.23,583.3,583.22,583.3,2777.0,583.2378,26,
2026-03-26 10:14:00,583.27,583.35,583.2,583.35,3859.0,583.2912,42,
2026-03-26 10:15:00,583.4,583.47,583.34,583.38,6551.0,583.4384,74,
2026-03-26 10:16:00,583.52,583.6,583.38,583.6,3718.0,583.5059,69,
2026-03-26 10:17:00,583.53,583.53,583.51,583.51,1027.0,583.4939,15,
2026-03-26 10:18:00,583.15,583.18,583.1,583.17,2576.0,583.1588,58,
2026-03-26 10:19:00,583.18,583.25,583.18,583.23,680.0,583.1993,14,
2026-03-26 10:20:00,583.1,583.18,583.05,583.18,1750.0,583.1039,33,
2026-03-26 10:21:00,583.22,583.4,583.22,583.4,1790.0,583.3043,32,
2026-03-26 10:22:00,583.41,583.44,583.33,583.38,2187.0,583.3892,34,
2026-03-26 10:23:00,583.35,583.35,583.27,583.29,706.0,583.3373,21,
2026-03-26 10:24:00,583.32,583.32,583.32,583.32,836.0,583.3192,12,
2026-03-26 10:25:00,583.33,583.47,583.28,583.47,2337.0,583.344,34,
2026-03-26 10:26:00,583.47,583.47,583.37,583.47,954.0,583.4213,23,
2026-03-26 10:27:00,583.45,583.52,583.45,583.52,597.0,583.4872,13,
2026-03-26 10:28:00,583.47,583.66,583.47,583.66,3020.0,583.6112,41,
2026-03-26 10:29:00,583.7,583.72,583.64,583.66,4787.0,583.6681,83,
2026-03-26 10:30:00,583.58,583.58,583.45,583.45,110.0,583.4974,6,
2026-03-26 10:31:00,583.51,583.61,583.51,583.52,788.0,583.5535,19,
2026-03-26 10:32:00,583.56,583.74,583.56,583.74,1297.0,583.6308,28,
2026-03-26 10:33:00,583.65,583.73,583.61,583.73,1659.0,583.6471,34,
2026-03-26 10:34:00,583.63,583.63,583.55,583.59,642.0,583.5827,21,
2026-03-26 10:35:00,583.5,583.54,583.5,583.54,704.0,583.5209,19,
2026-03-26 10:36:00,583.52,583.53,583.52,583.53,442.0,583.5213,14,
2026-03-26 10:37:00,583.54,583.54,583.41,583.51,1130.0,583.4683,40,
2026-03-26 10:38:00,583.47,583.54,583.41,583.44,7770.0,583.4579,87,
2026-03-26 10:39:00,583.43,583.43,582.7,582.81,16168.0,583.0151,273,
2026-03-26 10:40:00,582.7,583.08,582.54,582.96,5749.0,582.8734,90,
2026-03-26 10:41:00,583.02,583.04,582.93,582.97,1721.0,583.0145,37,
2026-03-26 10:42:00,582.89,582.89,582.75,582.75,811.0,582.808,24,
2026-03-26 10:43:00,582.71,582.87,582.65,582.7,11674.0,582.8484,68,
2026-03-26 10:44:00,582.8,582.88,582.79,582.79,12969.0,582.824,68,
2026-03-26 10:45:00,582.78,583.03,582.76,583.03,3074.0,582.9264,36,
2026-03-26 10:46:00,583.01,583.04,582.8,582.94,3237.0,582.9654,67,
2026-03-26 10:47:00,582.91,583.0,582.91,583.0,793.0,582.9643,16,
2026-03-26 10:48:00,582.88,582.88,582.84,582.84,468.0,582.8588,14,
2026-03-26 10:49:00,582.94,582.98,582.9,582.9,1421.0,582.9494,20,
2026-03-26 10:50:00,583.03,583.03,582.89,582.91,971.0,582.9715,24,
2026-03-26 10:51:00,583.02,583.05,582.96,583.05,1446.0,583.01,26,
2026-03-26 10:52:00,583.0,583.28,582.98,583.21,3311.0,583.1526,54,
2026-03-26 10:53:00,583.1,583.1,583.1,583.1,330.0,583.1097,12,
2026-03-26 10:54:00,583.11,583.11,583.01,583.01,407.0,583.0571,15,
2026-03-26 10:55:00,583.07,583.07,583.07,583.07,274.0,583.0712,12,
2026-03-26 10:56:00,583.14,583.14,583.09,583.09,546.0,583.1125,8,
2026-03-26 10:57:00,583.05,583.14,583.05,583.05,3197.0,583.0848,39,
2026-03-26 10:58:00,583.14,583.14,583.1,583.1,717.0,583.115,14,
2026-03-26 10:59:00,583.15,583.2,583.09,583.11,3307.0,583.1479,42,
2026-03-26 11:00:00,583.16,583.32,582.95,583.1,9410.0,583.1285,229,
2026-03-26 11:01:00,583.0,583.0,582.77,582.8,2572.0,582.9242,62,
2026-03-26 11:02:00,582.84,583.05,582.8,583.0,1987.0,582.972,63,
2026-03-26 11:03:00,583.0,583.18,582.95,583.14,2678.0,583.0821,68,
2026-03-26 11:04:00,583.16,583.28,583.1,583.26,8738.0,583.1824,171,
2026-03-26 11:05:00,583.08,583.41,583.08,583.41,10509.0,583.256,230,
2026-03-26 11:06:00,583.39,583.39,582.85,582.88,3851.0,583.1717,95,
2026-03-26 11:07:00,582.99,583.11,582.98,583.09,3939.0,583.0075,49,
2026-03-26 11:08:00,583.12,583.26,583.12,583.25,953.0,583.2137,39,
2026-03-26 11:09:00,583.32,583.38,583.27,583.32,1213.0,583.3389,25,
2026-03-26 11:10:00,583.25,583.32,583.25,583.32,621.0,583.2983,13,
2026-03-26 11:11:00,583.05,583.05,582.8,582.9,3243.0,582.9011,75,
2026-03-26 11:12:00,583.03,583.14,582.98,582.98,2599.0,583.077,47,
2026-03-26 11:13:00,583.03,583.05,582.89,582.97,595.0,582.9583,20,
2026-03-26 11:14:00,582.9,582.9,582.86,582.88,839.0,582.888,24,
2026-03-26 11:15:00,582.85,583.08,582.85,582.99,3141.0,582.9477,61,
2026-03-26 11:16:00,582.91,582.91,582.79,582.79,4276.0,582.8534,70,
2026-03-26 11:17:00,582.84,582.9,582.84,582.88,715.0,582.8651,16,
2026-03-26 11:18:00,582.87,582.95,582.861,582.94,2235.0,582.8994,18,
2026-03-26 11:19:00,583.03,583.08,582.95,582.95,1503.0,583.0531,32,
2026-03-26 11:20:00,582.97,582.97,582.65,582.66,2910.0,582.8649,72,
2026-03-26 11:21:00,582.7,582.95,582.7,582.95,857.0,582.8043,31,
2026-03-26 11:22:00,582.82,582.89,582.68,582.68,3260.0,582.7857,38,
2026-03-26 11:23:00,582.6,582.6,582.58,582.58,2334.0,582.5934,48,
2026-03-26 11:24:00,582.56,582.69,582.53,582.69,1431.0,582.5775,19,
2026-03-26 11:25:00,582.52,582.57,582.37,582.39,4848.0,582.4904,91,
2026-03-26 11:26:00,582.51,582.51,582.0,582.0,12321.0,582.1893,325,
2026-03-26 11:27:00,581.98,582.34,581.92,582.26,5243.0,582.0173,99,
2026-03-26 11:28:00,582.27,582.43,582.27,582.34,2798.0,582.3373,66,
2026-03-26 11:29:00,582.3,582.4,582.3,582.36,6032.0,582.352,74,
2026-03-26 11:30:00,582.47,582.51,582.26,582.39,6786.0,582.4391,100,
2026-03-26 11:31:00,582.39,582.39,582.0,582.09,12575.0,582.1235,117,
2026-03-26 11:32:00,582.1,582.37,582.07,582.299,8228.0,582.2617,68,
2026-03-26 11:33:00,582.3,582.3,582.25,582.25,3810.0,582.2971,34,
2026-03-26 11:34:00,582.4,582.4,582.34,582.34,548.0,582.3582,18,
2026-03-26 11:35:00,582.39,582.42,582.24,582.27,6043.0,582.3325,105,
2026-03-26 11:36:00,582.2,582.21,582.03,582.07,1514.0,582.1222,53,
2026-03-26 11:37:00,582.18,582.24,582.02,582.02,4009.0,582.1847,60,
2026-03-26 11:38:00,582.17,582.25,582.13,582.13,998.0,582.1821,25,
2026-03-26 11:39:00,582.11,582.29,582.11,582.27,8604.0,582.1975,118,
2026-03-26 11:40:00,582.27,582.31,582.23,582.31,3562.0,582.2695,54,
2026-03-26 11:41:00,582.34,582.34,582.12,582.12,3547.0,582.2616,67,
2026-03-26 11:42:00,582.14,582.14,581.99,582.0,2255.0,582.0391,79,
2026-03-26 11:43:00,581.97,581.97,581.74,581.82,8274.0,581.7931,163,
2026-03-26 11:44:00,581.85,581.9,581.8,581.9,2403.0,581.8451,62,
2026-03-26 11:45:00,581.93,582.08,581.88,582.06,1155.0,581.9879,32,
2026-03-26 11:46:00,582.06,582.06,581.84,581.84,2138.0,581.9428,48,
2026-03-26 11:47:00,581.84,582.0,581.84,581.93,1168.0,581.9199,37,
2026-03-26 11:48:00,581.91,582.05,581.88,582.0,3778.0,581.9632,64,
2026-03-26 11:49:00,581.95,581.95,581.66,581.66,6517.0,581.7944,161,
2026-03-26 11:50:00,581.67,581.71,581.57,581.66,15802.0,581.6594,160,
2026-03-26 11:51:00,581.63,581.86,581.59,581.82,8863.0,581.7224,93,
2026-03-26 11:52:00,581.79,581.82,581.66,581.69,3734.0,581.7177,63,
2026-03-26 11:53:00,581.76,581.85,581.68,581.81,2173.0,581.8062,49,
2026-03-26 11:54:00,581.81,582.11,581.81,581.95,13367.0,581.9691,167,
2026-03-26 11:55:00,581.9,581.9,581.78,581.79,1933.0,581.8339,46,
2026-03-26 11:56:00,581.81,581.83,581.51,581.52,9394.0,581.6922,139,
2026-03-26 11:57:00,581.62,581.67,581.48,581.62,4344.0,581.5516,91,
2026-03-26 11:58:00,581.58,581.58,581.33,581.45,5580.0,581.4792,107,
2026-03-26 11:59:00,581.42,581.42,581.24,581.34,9819.0,581.3172,179,
2026-03-26 12:00:00,583.25,588.1,581.14,581.172,353972.461969,583.4808,8184,
2026-03-26 12:01:00,581.17,587.73,581.02,581.1137,38337.251677,583.3508,1055,
2026-03-26 12:02:00,583.1597,584.19,580.96,581.09,12936.57371,581.5045,493,
2026-03-26 12:03:00,581.04,581.06,580.81,581.06,13861.119355,580.9744,234,
2026-03-26 12:04:00,581.03,587.38,581.03,581.26,7275.33054,581.2966,144,
2026-03-26 12:05:00,581.2,581.42,581.19,581.31,20028.379914,581.3612,350,
2026-03-26 12:06:00,581.3,587.57,581.3,581.52,12484.464101,583.1323,251,
2026-03-26 12:07:00,581.53,581.75,581.51,581.73,12291.505864,581.66,197,
2026-03-26 12:08:00,581.69,581.96,581.6583,581.87,18199.296875,581.8598,253,
2026-03-26 12:09:00,581.84,581.9261,581.84,581.8915,14311.256773,581.901,130,
2026-03-26 12:10:00,581.85,582.09,581.81,581.9913,11802.161578,581.9404,166,
2026-03-26 12:11:00,582.0,582.2295,582.0,582.2,6503.439895,582.1673,103,
2026-03-26 12:12:00,582.21,582.25,582.16,582.19,7571.019878,582.234,130,
2026-03-26 12:13:00,582.11,582.28,582.07,582.25,10498.114263,582.1966,108,
2026-03-26 12:14:00,582.2594,582.31,582.16,582.16,5644.686821,582.3205,130,
2026-03-26 12:15:00,582.19,582.33,582.16,582.32,1717.216103,582.3142,83,
2026-03-26 12:16:00,582.325,582.35,582.25,582.32,6772.970915,582.3985,160,
2026-03-26 12:17:00,582.29,582.4,582.2533,582.34,4101.725216,582.4596,120,
2026-03-26 12:18:00,582.3,582.33,582.15,582.16,3099.40358,582.3566,111,
2026-03-26 12:19:00,582.17,582.21,581.99,582.09,17445.605663,582.1366,234,
2026-03-26 12:20:00,582.03,582.18,581.94,582.16,3653.109198,582.1186,95,
2026-03-26 12:21:00,582.1537,582.2,582.05,582.08,3453.769136,582.2525,71,
2026-03-26 12:22:00,582.1348,582.3,582.1348,582.26,2500.644723,582.3854,53,
2026-03-26 12:23:00,582.23,582.31,582.16,582.2705,15645.166435,582.2666,161,
2026-03-26 12:24:00,582.2,582.2581,581.9805,581.9805,4531.007725,582.0863,107,
2026-03-26 12:25:00,582.13,582.16,582.04,582.04,2332.817292,582.3303,65,
2026-03-26 12:26:00,582.03,582.14,582.03,582.14,8104.714363,582.1286,98,
2026-03-26 12:27:00,582.14,582.14,581.96,582.03,12081.10757,582.0335,103,
2026-03-26 12:28:00,582.04,582.08,582.03,582.07,5348.945665,582.1577,65,
2026-03-26 12:29:00,582.11,582.2,582.0094,582.0094,6067.322183,582.1468,107,
2026-03-26 12:30:00,582.02,582.02,581.5695,581.67,17163.287539,581.7141,204,
2026-03-26 12:31:00,581.65,581.78,581.54,581.73,9139.994709,581.6637,149,
2026-03-26 12:32:00,581.63,581.63,581.41,581.59,8187.167005,581.5267,217,
2026-03-26 12:33:00,581.6,581.63,581.135,581.24,9697.567291,581.4082,257,
2026-03-26 12:34:00,581.21,581.28,581.18,581.18,4120.233982,581.2683,140,
2026-03-26 12:35:00,581.11,581.11,580.59,580.77,29098.381083,580.937,616,
2026-03-26 12:36:00,580.79,581.12,580.7799,581.12,24441.179488,580.9846,389,
2026-03-26 12:37:00,581.0939,581.2216,580.87,581.18,10813.478353,581.082,247,
2026-03-26 12:38:00,581.1848,581.29,581.09,581.29,17438.344012,581.2048,316,
2026-03-26 12:39:00,581.33,581.33,581.12,581.26,27632.391574,581.2537,169,
2026-03-26 12:40:00,581.34,581.46,581.21,581.21,5241.584148,581.4328,123,
2026-03-26 12:41:00,581.23,581.3,581.0,581.02,6561.248226,581.2038,139,
2026-03-26 12:42:00,581.0,581.2095,581.0,581.2095,16336.610911,581.1139,151,
2026-03-26 12:43:00,581.24,581.3199,581.1599,581.26,4559.726795,581.3433,112,
2026-03-26 12:44:00,581.24,581.27,581.06,581.165,9532.977365,581.214,141,
2026-03-26 12:45:00,581.3,581.49,581.17,581.49,7348.291772,581.6959,186,
2026-03-26 12:46:00,581.41,581.72,581.41,581.6344,9866.811854,581.691,202,
2026-03-26 12:47:00,581.6,581.71,581.48,581.5159,5543.619702,581.7183,124,
2026-03-26 12:48:00,581.41,581.53,581.4,581.45,5124.429539,581.5256,111,
2026-03-26 12:49:00,581.42,581.48,581.18,581.36,7073.223035,581.3318,188,
2026-03-26 12:50:00,581.31,581.54,581.26,581.54,3680.802442,581.4641,91,
2026-03-26 12:51:00,581.54,581.68,581.3982,581.46,11453.289384,581.6176,185,
2026-03-26 12:52:00,581.4763,581.62,581.4763,581.52,6307.223547,581.5839,119,
2026-03-26 12:53:00,581.45,581.48,581.2448,581.2448,4377.532421,581.4624,132,
2026-03-26 12:54:00,581.24,581.36,581.14,581.34,7628.332098,581.2453,171,
2026-03-26 12:55:00,581.35,581.67,581.33,581.66,2141.311722,581.6283,122,
2026-03-26 12:56:00,581.59,581.59,581.44,581.46,2107.001315,581.5228,89,
2026-03-26 12:57:00,581.49,581.75,581.48,581.67,5177.855557,581.7721,130,
2026-03-26 12:58:00,581.64,581.67,581.55,581.67,4351.913375,581.7097,96,
2026-03-26 12:59:00,581.64,581.79,581.64,581.71,12741.418114,581.7371,123,
2026-03-26 13:00:00,581.74,582.07,581.7004,582.02,34094.755173,581.903,433,
2026-03-26 13:01:00,582.03,582.13,581.96,581.99,10757.763117,582.1165,216,
2026-03-26 13:02:00,582.06,582.0886,581.69,581.7,4933.682556,581.997,141,
2026-03-26 13:03:00,581.6412,581.9195,581.6412,581.9195,3519.301927,581.7763,91,
2026-03-26 13:04:00,581.9,582.03,581.86,581.86,6965.124248,581.989,147,
2026-03-26 13:05:00,581.84,581.8695,581.72,581.82,5963.184768,581.7862,96,
2026-03-26 13:06:00,581.82,581.82,581.58,581.66,8580.579317,581.7725,166,
2026-03-26 13:07:00,581.6,581.77,581.56,581.65,9597.15197,581.6261,128,
2026-03-26 13:08:00,581.73,581.85,581.63,581.85,10427.056056,581.7371,137,
2026-03-26 13:09:00,581.79,581.9,581.76,581.8695,5609.204178,581.8706,90,
2026-03-26 13:10:00,581.82,581.82,581.65,581.73,3691.918176,581.8687,103,
2026-03-26 13:11:00,581.75,581.83,581.7,581.83,4339.710748,581.8508,78,
2026-03-26 13:12:00,581.8,581.96,581.8,581.9,29281.190278,581.8757,262,
2026-03-26 13:13:00,581.93,582.39,581.93,582.34,30463.7509,582.1632,353,
2026-03-26 13:14:00,582.34,582.3621,582.05,582.1095,13834.499529,582.1946,233,
2026-03-26 13:15:00,582.06,582.25,581.9,582.23,15381.904312,582.0761,191,
2026-03-26 13:16:00,582.22,582.33,582.19,582.27,7621.191038,582.2766,122,
2026-03-26 13:17:00,582.32,582.66,582.312,582.58,17297.201869,582.4655,270,
2026-03-26 13:18:00,582.55,582.5982,582.41,582.58,7544.110635,582.5267,134,
2026-03-26 13:19:00,582.47,582.47,582.36,582.4,6649.545629,582.4696,138,
2026-03-26 13:20:00,582.49,582.59,582.39,582.39,4683.85376,582.5996,96,
2026-03-26 13:21:00,582.37,582.37,582.2419,582.32,2648.600667,582.4414,115,
2026-03-26 13:22:00,582.3395,582.37,582.22,582.24,2915.012784,582.2899,103,
2026-03-26 13:23:00,582.22,582.35,582.22,582.31,2570.068698,582.3135,59,
2026-03-26 13:24:00,582.37,582.37,582.15,582.18,7836.130036,582.2345,116,
2026-03-26 13:25:00,582.12,582.41,582.04,582.41,17433.192202,582.2119,272,
2026-03-26 13:26:00,582.44,582.46,582.12,582.12,4841.549436,582.3682,112,
2026-03-26 13:27:00,582.1,582.25,582.06,582.12,46534.143153,582.1422,439,
2026-03-26 13:28:00,582.14,582.29,582.14,582.28,28440.760556,582.2356,378,
2026-03-26 13:29:00,582.3,582.67,582.25,582.61,28794.579643,582.5401,245,
2026-03-26 13:30:00,582.6,582.62,581.11,581.42,837821.865063,581.8479,12433,
2026-03-26 13:31:00,581.44,581.65,581.18,581.47,316991.609966,581.469,5608,
2026-03-26 13:32:00,581.48,582.0113,581.0,581.34,320964.108814,581.4224,5107,
2026-03-26 13:33:00,581.32,581.44,581.02,581.3,209559.89505,581.2054,3611,
2026-03-26 13:34:00,581.32,581.82,581.29,581.805,165758.819427,581.5373,2767,
2026-03-26 13:35:00,581.79,581.89,581.16,581.1694,234176.809188,581.5307,3753,
2026-03-26 13:36:00,581.19,581.53,581.11,581.34,206857.174024,581.281,3710,
2026-03-26 13:37:00,581.33,581.92,581.314,581.78,232520.099648,581.6808,3961,
2026-03-26 13:38:00,581.76,581.76,580.95,581.06,240153.87489,581.364,4516,
2026-03-26 13:39:00,581.05,581.4001,580.45,580.52,224525.556914,580.9791,4333,
2026-03-26 13:40:00,580.48,581.31,580.46,580.82,278524.789317,580.8514,4460,
2026-03-26 13:41:00,580.81,581.35,580.74,581.07,287671.465374,581.0684,4799,
2026-03-26 13:42:00,581.07,581.55,580.95,581.405,321260.827648,583.3276,4591,
2026-03-26 13:43:00,581.41,582.16,581.31,582.02,238061.937264,581.7988,4971,
2026-03-26 13:44:00,582.025,582.635,581.86,582.5999,294703.572755,582.2192,5072,
2026-03-26 13:45:00,582.6,583.45,582.5,582.96,445359.863846,582.9823,8014,
2026-03-26 13:46:00,582.99,583.0,582.45,582.56,323934.603674,582.7103,6532,
2026-03-26 13:47:00,582.56,583.47,582.31,583.31,349316.20111,582.7787,7145,
2026-03-26 13:48:00,583.31,583.5,582.95,583.1599,272417.823252,583.2376,5867,
2026-03-26 13:49:00,583.14,583.2,582.65,582.835,202515.172549,582.8068,4191,
2026-03-26 13:50:00,582.84,583.15,582.74,583.07,218216.305975,582.9759,4504,
2026-03-26 13:51:00,583.06,583.7699,582.98,583.67,200427.084882,583.425,4623,
2026-03-26 13:52:00,583.66,584.04,583.3,583.52,353504.554381,583.6634,6694,
2026-03-26 13:53:00,583.52,584.28,583.25,584.1893,232429.897526,583.7189,5148,
2026-03-26 13:54:00,584.16,584.41,583.94,584.36,326457.867082,584.1653,6687,
2026-03-26 13:55:00,584.37,584.38,583.65,583.82,277623.596634,583.9504,5874,
2026-03-26 13:56:00,583.81,583.97,583.51,583.93,237961.887437,583.7168,5765,
2026-03-26 13:57:00,583.94,584.04,583.14,583.35,337521.621314,583.6218,7561,
2026-03-26 13:58:00,583.34,583.44,582.57,582.6,274496.74254,583.0158,6179,
2026-03-26 13:59:00,582.609,584.11,582.19,583.99,472403.078495,583.2771,10169,
2026-03-26 14:00:00,584.01,584.28,583.71,583.92,261958.430573,583.9555,6230,
2026-03-26 14:01:00,583.88,584.13,583.55,584.11,180930.74152,583.8043,4454,
2026-03-26 14:02:00,584.11,584.11,583.69,583.84,164013.612934,583.8381,3913,
2026-03-26 14:03:00,583.83,584.14,583.5444,584.03,181228.250029,583.8614,4823,
2026-03-26 14:04:00,584.02,584.15,583.32,583.63,171665.074345,583.8004,4078,
2026-03-26 14:05:00,583.6,583.89,583.14,583.75,237060.382149,583.4611,4736,
2026-03-26 14:06:00,583.74,584.21,583.62,584.17,190851.620171,583.9475,4525,
2026-03-26 14:07:00,584.15,584.63,583.845,584.05,254669.772854,584.2246,5437,
2026-03-26 14:08:00,584.06,584.16,583.09,583.13,298207.537029,583.6282,7024,
2026-03-26 14:09:00,583.15,583.45,583.1,583.33,149672.410109,583.2714,4125,
2026-03-26 14:10:00,583.3,583.49,583.07,583.32,141552.376711,583.328,3584,
2026-03-26 14:11:00,583.31,583.31,582.89,583.0,358679.165807,585.7578,3989,
2026-03-26 14:12:00,582.96,583.71,582.95,583.57,802152.113554,584.6371,11420,
2026-03-26 14:13:00,583.58,583.76,583.24,583.72,622768.979797,585.6336,6779,
2026-03-26 14:14:00,583.71,583.97,583.51,583.95,134158.91107,583.7415,3886,
2026-03-26 14:15:00,583.96,584.38,583.64,584.22,312084.704099,585.229,4660,
2026-03-26 14:16:00,584.22,584.37,583.96,584.01,168929.985232,584.1315,4153,
2026-03-26 14:17:00,584.0,584.05,583.78,583.965,119881.542072,583.9417,3458,
2026-03-26 14:18:00,583.95,584.16,583.82,583.83,160992.706944,583.9764,4008,
2026-03-26 14:19:00,583.82,583.875,583.27,583.41,157326.642429,583.607,4370,
2026-03-26 14:20:00,583.41,583.74,583.141,583.59,198786.388369,583.5046,4647,
2026-03-26 14:21:00,583.595,583.75,583.411,583.56,190910.372601,583.6211,4407,
2026-03-26 14:22:00,583.56,584.33,583.51,584.27,163751.693804,583.9092,3884,
2026-03-26 14:23:00,584.25,584.25,583.8698,583.96,109023.456922,584.0052,2939,
2026-03-26 14:24:00,584.0,584.09,583.76,583.79,168880.278864,583.8976,3798,
2026-03-26 14:25:00,583.79,583.88,583.57,583.8399,181545.332274,583.7128,3926,
2026-03-26 14:26:00,583.83,584.0,583.68,583.68,135537.255152,583.8735,3543,
2026-03-26 14:27:00,583.68,583.76,583.3201,583.44,117154.319241,583.5367,3397,
2026-03-26 14:28:00,583.43,583.54,583.3,583.41,105317.622376,583.3979,2970,
2026-03-26 14:29:00,583.42,583.47,582.93,582.97,170468.437762,583.1466,4034,
2026-03-26 14:30:00,582.96,583.3774,582.93,583.3,253573.977637,583.2597,5077,
2026-03-26 14:31:00,583.31,583.72,583.31,583.56,229297.436142,583.5143,4846,
2026-03-26 14:32:00,583.59,583.68,583.25,583.43,136227.80533,583.446,3502,
2026-03-26 14:33:00,583.43,583.53,582.93,583.19,365801.178011,585.7537,3909,
2026-03-26 14:34:00,583.18,583.54,583.07,583.44,181681.969136,583.4509,3506,
2026-03-26 14:35:00,583.44,583.51,583.089,583.15,216765.729822,583.349,5075,
2026-03-26 14:36:00,583.15,583.56,583.04,583.1478,144424.38392,583.3135,3716,
2026-03-26 14:37:00,583.15,583.23,582.63,582.83,203391.786649,582.8859,4437,
2026-03-26 14:38:00,582.83,583.0,582.67,582.8,164432.858092,582.8501,3913,
2026-03-26 14:39:00,582.81,583.28,582.77,583.06,167310.340022,583.036,3963,
2026-03-26 14:40:00,583.06,584.2625,582.99,583.18,427462.579064,583.6462,8230,
2026-03-26 14:41:00,583.19,583.31,582.25,583.04,402768.930128,582.7136,7956,
2026-03-26 14:42:00,583.05,583.09,582.33,582.56,215061.878352,582.7149,4855,
2026-03-26 14:43:00,582.59,582.73,581.97,582.21,336882.78399,582.3297,7063,
2026-03-26 14:44:00,582.23,582.38,581.67,581.83,309816.569802,581.9449,6217,
2026-03-26 14:45:00,581.84,582.145,581.69,581.73,408973.390272,581.8776,7648,
2026-03-26 14:46:00,581.73,581.9,581.3,581.44,445381.344452,581.5902,8332,
2026-03-26 14:47:00,581.44,582.23,581.3,581.655,307301.647495,581.7838,6157,
2026-03-26 14:48:00,581.651,582.13,581.52,581.63,211416.073624,581.7893,5014,
2026-03-26 14:49:00,581.64,581.64,581.14,581.52,313090.997856,583.4839,5047,
2026-03-26 14:50:00,581.54,581.84,581.38,581.64,260731.839616,581.6488,5372,
2026-03-26 14:51:00,581.65,581.88,581.45,581.5799,284550.271358,581.6561,5866,
2026-03-26 14:52:00,581.57,581.7,581.09,581.2781,364847.572118,583.2313,5418,
2026-03-26 14:53:00,581.29,581.44,580.75,580.81,308207.927285,581.1196,6376,
2026-03-26 14:54:00,580.81,580.96,580.52,580.54,505235.919527,580.7668,7836,
2026-03-26 14:55:00,580.55,580.67,579.65,580.54,665696.563295,580.1935,13915,
2026-03-26 14:56:00,580.545,581.43,580.34,581.1,399402.172682,580.9362,7315,
2026-03-26 14:57:00,581.1,581.48,581.05,581.21,176775.7679,581.2586,4594,
2026-03-26 14:58:00,581.26,581.41,581.0,581.29,144942.482871,581.2074,3857,
2026-03-26 14:59:00,581.3,581.6,581.0646,581.35,142721.998887,581.3322,4016,
2026-03-26 15:00:00,581.36,581.99,581.34,581.655,296958.016795,581.6944,5764,
2026-03-26 15:01:00,581.65,581.72,581.31,581.69,134877.458768,581.5543,3727,
2026-03-26 15:02:00,581.69,581.95,581.65,581.71,134170.371114,581.7997,3606,
2026-03-26 15:03:00,581.7199,581.9,581.46,581.67,116322.575593,581.671,3290,
2026-03-26 15:04:00,581.67,581.7,581.1,581.14,96071.973258,581.322,2999,
2026-03-26 15:05:00,581.12,581.96,581.06,581.58,349818.900432,581.5028,7115,
2026-03-26 15:06:00,581.57,581.57,581.13,581.5,146178.30614,581.386,4061,
2026-03-26 15:07:00,581.54,581.58,581.02,581.11,122290.214453,581.2381,3664,
2026-03-26 15:08:00,581.1,581.31,580.87,581.03,113417.960789,581.1094,3322,
2026-03-26 15:09:00,581.02,581.27,580.9,581.15,92893.455596,581.115,3052,
2026-03-26 15:10:00,581.16,581.44,581.16,581.37,102085.619488,581.3727,3083,
2026-03-26 15:11:00,581.37,581.53,581.2,581.34,92249.820171,581.3481,3026,
2026-03-26 15:12:00,581.34,581.78,581.27,581.31,142985.81507,581.4733,3992,
2026-03-26 15:13:00,581.3,581.61,581.2,581.33,70751.047014,581.4213,2620,
2026-03-26 15:14:00,581.32,581.51,581.13,581.14,84902.084969,581.3127,2929,
2026-03-26 15:15:00,581.14,581.28,581.01,581.125,127271.995354,581.1339,3188,
2026-03-26 15:16:00,581.13,581.24,580.68,580.81,159053.429731,580.945,3765,
2026-03-26 15:17:00,580.82,580.9,580.56,580.67,159531.259402,580.7491,3950,
2026-03-26 15:18:00,580.68,580.75,580.5,580.65,127588.646976,580.6415,3439,
2026-03-26 15:19:00,580.63,580.87,580.61,580.78,167989.221387,580.8097,3805,
2026-03-26 15:20:00,580.76,581.02,580.62,580.9378,125030.977523,580.8411,3600,
2026-03-26 15:21:00,580.93,581.22,580.91,581.17,165371.217507,581.0753,4044,
2026-03-26 15:22:00,581.18,581.27,580.96,580.9809,131349.744477,581.1145,3506,
2026-03-26 15:23:00,580.98,581.1,580.8,581.03,116151.629204,580.9765,3158,
2026-03-26 15:24:00,581.04,581.16,580.93,581.04,129001.284795,581.0512,3577,
2026-03-26 15:25:00,581.04,581.19,580.83,580.85,147271.087147,581.0385,3866,
2026-03-26 15:26:00,580.86,581.03,580.81,580.895,111721.694215,580.8999,3281,
2026-03-26 15:27:00,580.92,581.04,580.78,580.95,93515.287927,580.8979,2881,
2026-03-26 15:28:00,580.93,581.29,580.86,581.09,119959.386047,581.0984,3275,
2026-03-26 15:29:00,581.09,581.22,580.78,580.88,114806.937437,580.9907,3519,
2026-03-26 15:30:00,580.87,580.87,580.62,580.78,131978.709797,580.7313,3410,
2026-03-26 15:31:00,580.782,580.82,580.119,580.21,168742.960323,580.4845,4115,
2026-03-26 15:32:00,580.21,580.43,580.18,580.34,141618.443574,580.2998,3267,
2026-03-26 15:33:00,580.33,580.52,580.1,580.22,119515.305744,580.3318,3194,
2026-03-26 15:34:00,580.22,580.39,580.16,580.39,103463.022259,580.271,2695,
2026-03-26 15:35:00,580.4,580.74,580.3,580.58,146587.550514,580.5214,3751,
2026-03-26 15:36:00,580.58,580.76,580.51,580.53,123758.991347,580.6534,2979,
2026-03-26 15:37:00,580.53,580.72,580.37,580.64,108640.577859,580.5306,2744,
2026-03-26 15:38:00,580.64,580.93,580.6,580.8,117679.925185,580.7607,2851,
2026-03-26 15:39:00,580.81,580.85,580.61,580.83,74571.372796,580.76,2296,
2026-03-26 15:40:00,580.83,581.01,580.71,580.96,110410.264189,580.8743,2756,
2026-03-26 15:41:00,580.975,581.09,580.57,580.71,141151.155205,580.8739,3405,
2026-03-26 15:42:00,580.69,580.94,580.64,580.9,113927.042657,580.7696,2097,
2026-03-26 15:43:00,580.89,580.98,580.7301,580.75,55015.027001,580.874,1063,
2026-03-26 15:44:00,580.76,580.825,580.68,580.82,50377.600826,580.759,973,
2026-03-26 15:45:00,580.83,581.03,580.76,580.78,82086.300774,580.9145,1552,
2026-03-26 15:46:00,580.77,581.91,580.61,581.5096,365694.113391,581.3544,5890,
2026-03-26 15:47:00,581.48,581.58,580.96,581.19,180713.862397,581.3332,2831,
2026-03-26 15:48:00,581.17,581.36,580.99,581.27,85494.759154,581.1648,1530,
2026-03-26 15:49:00,581.24,581.4,581.12,581.21,59235.135649,581.2478,1015,
2026-03-26 15:50:00,581.2,581.5,581.06,581.23,136233.940005,581.3237,1955,
2026-03-26 15:51:00,581.21,581.58,581.18,581.5,97778.524168,581.3883,1655,
2026-03-26 15:52:00,581.51,581.81,581.39,581.79,105027.745994,581.6003,1741,
2026-03-26 15:53:00,581.78,581.78,581.5903,581.66,97146.323038,581.6907,1515,
2026-03-26 15:54:00,581.64,581.725,581.32,581.48,108897.668179,581.5645,1764,
2026-03-26 15:55:00,581.49,581.56,581.17,581.25,118642.062082,581.3319,1894,
2026-03-26 15:56:00,581.22,581.23,580.88,580.98,119831.768566,581.0523,1949,
2026-03-26 15:57:00,580.975,581.1,580.9495,581.03,79467.57204,581.0297,1387,
2026-03-26 15:58:00,581.04,581.22,580.97,581.02,70062.752095,581.1211,1237,
2026-03-26 15:59:00,581.03,581.1501,580.82,581.07,108715.144677,581.0087,1862,
2026-03-26 16:00:00,581.06,581.29,580.91,581.05,105212.32124,581.0805,1756,
2026-03-26 16:01:00,581.06,581.16,580.99,581.03,48419.270527,581.0822,904,
2026-03-26 16:02:00,581.03,581.17,580.77,580.895,141891.252997,580.9969,1689,
2026-03-26 16:03:00,580.91,580.95,580.65,580.76,94781.894306,580.7915,1299,
2026-03-26 16:04:00,580.76,580.88,580.7,580.785,58843.068123,580.7981,1113,
2026-03-26 16:05:00,580.78,580.93,580.61,580.71,123724.03936,580.7644,2312,
2026-03-26 16:06:00,580.7,580.9794,580.66,580.89,100431.857163,580.794,2028,
2026-03-26 16:07:00,580.88,581.11,580.78,580.81,137155.768379,580.9237,2593,
2026-03-26 16:08:00,580.8,581.13,580.8,581.03,120023.670215,580.9827,2042,
2026-03-26 16:09:00,581.01,581.08,580.85,580.9,78850.951452,580.9896,1544,
2026-03-26 16:10:00,580.88,581.03,580.69,580.7,63801.250494,580.8351,1333,
2026-03-26 16:11:00,580.72,580.8,580.2,580.25,142065.441516,580.5174,2390,
2026-03-26 16:12:00,580.28,580.65,580.28,580.64,81145.704801,580.4811,1448,
2026-03-26 16:13:00,580.63,580.66,580.45,580.53,73920.561086,580.5517,1358,
2026-03-26 16:14:00,580.53,580.96,580.515,580.85,123197.585211,580.8287,2273,
2026-03-26 16:15:00,580.84,580.84,580.53,580.5331,75626.331085,580.698,1457,
2026-03-26 16:16:00,580.52,580.53,579.9405,579.99,235119.523514,580.1585,5000,
2026-03-26 16:17:00,579.99,580.12,579.26,579.71,361542.236631,579.6748,5684,
2026-03-26 16:18:00,579.72,580.555,579.68,580.36,291577.152617,580.1782,5289,
2026-03-26 16:19:00,580.365,580.48,580.3,580.4,142483.395457,580.3878,2722,
2026-03-26 16:20:00,580.42,580.43,579.99,580.065,92202.893453,580.187,1767,
2026-03-26 16:21:00,580.06,580.18,579.83,579.88,110941.617757,580.0266,1650,
2026-03-26 16:22:00,579.88,579.96,579.43,579.45,133652.740652,579.6472,2513,
2026-03-26 16:23:00,579.45,579.76,579.41,579.71,208258.395318,579.6064,2668,
2026-03-26 16:24:00,579.7,579.99,579.64,579.96,144977.648875,579.7913,2610,
2026-03-26 16:25:00,579.96,580.05,579.44,579.52,142252.942024,579.7149,2699,
2026-03-26 16:26:00,579.52,579.55,579.14,579.31,180461.684222,579.3155,2837,
2026-03-26 16:27:00,579.33,579.37,579.04,579.26,154979.02463,579.1927,2443,
2026-03-26 16:28:00,579.27,579.32,578.91,578.97,187471.560083,579.1184,4091,
2026-03-26 16:29:00,578.97,579.1201,578.9,579.04,163438.893829,579.0465,2799,
2026-03-26 16:30:00,579.07,579.13,578.86,578.97,234776.95938,579.0428,3658,
2026-03-26 16:31:00,578.97,579.065,578.64,578.87,229855.145595,578.9586,4082,
2026-03-26 16:32:00,578.87,578.88,578.41,578.6,186429.847592,578.5763,3531,
2026-03-26 16:33:00,578.6,578.72,578.535,578.61,197990.987824,578.6245,2946,
2026-03-26 16:34:00,578.61,578.985,578.4801,578.901,203304.534802,578.7821,3635,
2026-03-26 16:35:00,578.92,579.23,578.825,579.05,196174.418441,579.0347,3666,
2026-03-26 16:36:00,579.06,579.23,578.79,579.18,115430.216837,579.0333,2397,
2026-03-26 16:37:00,579.17,579.23,579.09,579.205,129327.528363,579.1755,1979,
2026-03-26 16:38:00,579.18,579.185,578.8301,578.85,121930.522901,579.0146,1923,
2026-03-26 16:39:00,578.84,578.9351,578.57,578.6258,143097.262251,578.721,2123,
2026-03-26 16:40:00,578.61,578.72,578.52,578.72,144827.107138,578.624,2361,
2026-03-26 16:41:00,578.71,578.97,578.61,578.78,248337.847283,578.777,3885,
2026-03-26 16:42:00,578.785,578.8,578.58,578.65,125362.524081,578.7057,2217,
2026-03-26 16:43:00,578.65,578.75,578.59,578.69,87298.593281,578.6712,1686,
2026-03-26 16:44:00,578.69,578.995,578.63,578.82,179227.549909,578.8384,2590,
2026-03-26 16:45:00,578.82,579.04,578.7302,578.8635,141647.83762,578.8819,2411,
2026-03-26 16:46:00,578.86,578.87,578.53,578.6,116996.85515,578.6677,1940,
2026-03-26 16:47:00,578.6,578.735,578.54,578.65,107918.290055,578.6527,1838,
2026-03-26 16:48:00,578.67,578.7,578.44,578.46,161909.086994,578.5322,2749,
2026-03-26 16:49:00,578.45,578.47,578.17,578.43,215039.562962,578.3285,3203,
2026-03-26 16:50:00,578.44,578.48,578.19,578.26,104692.623871,578.3476,1623,
2026-03-26 16:51:00,578.24,578.6,578.24,578.5385,224603.829137,582.7469,2045,
2026-03-26 16:52:00,578.54,578.83,578.52,578.68,156823.382817,578.7167,2457,
2026-03-26 16:53:00,578.69,578.861,578.61,578.7,121009.039963,578.7516,1818,
2026-03-26 16:54:00,578.74,578.77,578.653,578.76,58994.541204,578.7219,990,
2026-03-26 16:55:00,578.77,578.81,578.61,578.64,109233.570322,578.672,1415,
2026-03-26 16:56:00,578.64,578.8,578.55,578.7632,105938.508285,578.6641,1798,
2026-03-26 16:57:00,578.775,578.9,578.72,578.83,110146.138589,578.8401,1728,
2026-03-26 16:58:00,578.82,578.82,578.605,578.78,71774.333493,578.7197,1172,
2026-03-26 16:59:00,578.79,578.87,578.605,578.82,106264.181579,578.7402,1686,
2026-03-26 17:00:00,578.83,579.26,578.69,579.19,191849.488233,578.9897,2788,
2026-03-26 17:01:00,579.18,579.29,578.97,579.06,129868.658814,579.1415,1882,
2026-03-26 17:02:00,579.06,579.06,578.73,578.96,109920.857591,578.8889,2029,
2026-03-26 17:03:00,578.96,578.98,578.69,578.79,76555.359995,578.8658,1481,
2026-03-26 17:04:00,578.78,578.87,578.47,578.545,135205.294848,578.6173,1858,
2026-03-26 17:05:00,578.54,578.81,578.54,578.74,86598.112,578.6974,1236,
2026-03-26 17:06:00,578.75,578.89,578.62,578.675,84308.714436,578.747,1410,
2026-03-26 17:07:00,578.675,578.72,578.45,578.525,67282.033443,578.6122,894,
2026-03-26 17:08:00,578.53,578.6199,578.485,578.6199,57863.124919,578.5288,957,
2026-03-26 17:09:00,578.62,578.6899,578.5299,578.625,49439.003761,578.616,874,
2026-03-26 17:10:00,578.62,578.62,578.2802,578.44,102268.735334,578.4428,1588,
2026-03-26 17:11:00,578.41,578.41,578.26,578.31,67309.880942,578.3459,1053,
2026-03-26 17:12:00,578.31,578.47,578.18,578.39,77371.84909,578.3065,1448,
2026-03-26 17:13:00,578.4,578.42,578.185,578.26,41040.78917,578.3104,846,
2026-03-26 17:14:00,578.26,578.375,578.04,578.09,118807.166475,578.453,1844,
2026-03-26 17:15:00,578.085,578.22,578.04,578.12,108792.768413,578.1313,1281,
2026-03-26 17:16:00,578.12,578.38,578.12,578.35,85598.853034,578.2836,1240,
2026-03-26 17:17:00,578.35,578.46,578.31,578.43,74374.3777,578.3826,1078,
2026-03-26 17:18:00,578.43,578.48,578.09,578.14,125413.740343,578.2901,1826,
2026-03-26 17:19:00,578.13,578.33,578.05,578.31,86615.832766,578.1781,1581,
2026-03-26 17:20:00,578.315,578.32,577.84,577.93,165667.670461,578.0242,4176,
2026-03-26 17:21:00,577.92,578.05,577.64,577.72,122660.269776,577.8227,2057,
2026-03-26 17:22:00,577.72,577.87,577.58,577.67,149086.974961,577.8259,1763,
2026-03-26 17:23:00,577.66,577.74,577.59,577.66,74379.026379,577.679,1380,
2026-03-26 17:24:00,577.65,577.69,577.45,577.48,164848.960531,577.5483,2500,
2026-03-26 17:25:00,577.48,577.54,577.32,577.38,229016.00839,577.4568,2751,
2026-03-26 17:26:00,577.39,577.595,577.39,577.485,145993.909125,577.5114,2283,
2026-03-26 17:27:00,577.5,577.51,577.27,577.43,113407.703855,577.3678,1861,
2026-03-26 17:28:00,577.42,577.63,577.4,577.57,99163.576806,577.5023,1570,
2026-03-26 17:29:00,577.58,577.82,577.54,577.805,174866.706322,577.6935,2553,
2026-03-26 17:30:00,577.78,578.045,577.73,577.8,126760.30568,577.9217,2008,
2026-03-26 17:31:00,577.79,577.79,577.42,577.46,92100.770818,577.5739,1735,
2026-03-26 17:32:00,577.46,577.8,577.3586,577.765,124597.238467,577.6054,1855,
2026-03-26 17:33:00,577.76,578.111,577.76,578.08,165262.917761,577.9448,2431,
2026-03-26 17:34:00,578.08,578.185,578.05,578.17,79596.066429,578.1356,1428,
2026-03-26 17:35:00,578.17,578.23,577.815,577.955,124771.570603,578.0622,2066,
2026-03-26 17:36:00,577.95,578.1,577.88,577.94,73947.567564,578.0023,1488,
2026-03-26 17:37:00,577.94,577.94,577.64,577.715,64943.160709,577.7485,1172,
2026-03-26 17:38:00,577.72,578.0,577.7,577.77,78747.6353,577.8648,1370,
2026-03-26 17:39:00,577.7707,577.775,577.54,577.58,58230.039156,577.6655,1165,
2026-03-26 17:40:00,577.5811,577.5811,577.3701,577.515,127917.314177,577.4623,1895,
2026-03-26 17:41:00,577.52,577.55,577.355,577.39,105672.207805,577.4319,1533,
2026-03-26 17:42:00,577.4,577.53,577.16,577.261,167423.370312,577.3524,2377,
2026-03-26 17:43:00,577.27,577.3,576.89,577.0,157745.405165,577.0936,3352,
2026-03-26 17:44:00,577.0,577.08,576.98,576.98,102079.92857,577.0268,1544,
2026-03-26 17:45:00,576.99,577.13,576.86,576.97,176490.369612,576.991,2456,
2026-03-26 17:46:00,576.97,577.01,576.815,576.88,99682.673851,576.9215,1621,
2026-03-26 17:47:00,576.88,576.92,576.58,576.88,215366.547673,576.7932,3095,
2026-03-26 17:48:00,576.88,577.01,576.68,576.71,172903.921361,576.8533,2100,
2026-03-26 17:49:00,576.71,576.76,576.44,576.46,150841.729017,576.6046,2150,
2026-03-26 17:50:00,576.45,576.47,576.05,576.21,249769.852608,576.2064,3644,
2026-03-26 17:51:00,576.21,576.31,576.11,576.17,128422.833523,576.2182,5939,
2026-03-26 17:52:00,576.17,576.37,576.16,576.215,178177.058253,576.2891,2739,
2026-03-26 17:53:00,576.21,576.225,575.995,576.03,140315.470407,576.0653,2666,
2026-03-26 17:54:00,576.03,576.05,575.8,575.86,137289.880071,575.9111,2215,
2026-03-26 17:55:00,575.87,575.99,575.8,575.83,168259.851644,575.9141,2548,
2026-03-26 17:56:00,575.81,575.95,575.75,575.8,133624.358185,575.8386,2126,
2026-03-26 17:57:00,575.81,575.9101,575.72,575.885,146652.616531,575.8358,2305,
2026-03-26 17:58:00,575.88,575.895,575.55,575.55,181088.338066,575.7444,3006,
2026-03-26 17:59:00,575.54,575.57,575.31,575.531,265969.527477,575.4476,3989,
2026-03-26 18:00:00,575.53,576.065,575.51,576.02,212317.087078,575.8048,3305,
2026-03-26 18:01:00,576.03,576.3499,576.0,576.27,205313.272026,576.1786,2801,
2026-03-26 18:02:00,576.28,576.42,576.1651,576.235,139139.764636,576.2939,2463,
2026-03-26 18:03:00,576.23,576.49,575.92,576.0099,126591.94784,576.1888,2224,
2026-03-26 18:04:00,576.0,576.08,575.87,575.99,127346.379909,575.9779,1857,
2026-03-26 18:05:00,575.995,576.2,575.95,576.02,198280.942201,582.1744,1616,
2026-03-26 18:06:00,576.02,576.138,575.62,575.96,241265.252676,575.9294,3796,
2026-03-26 18:07:00,575.99,576.24,575.96,576.08,98647.271459,576.1247,1896,
2026-03-26 18:08:00,576.09,576.26,576.03,576.19,84325.281256,576.1349,1518,
2026-03-26 18:09:00,576.2,576.3,576.1,576.1999,82790.042944,576.1989,1495,
2026-03-26 18:10:00,576.21,576.2999,575.78,575.88,130528.620555,576.03,2208,
2026-03-26 18:11:00,575.88,576.025,575.75,575.9166,96935.841154,575.8868,1702,
2026-03-26 18:12:00,575.915,576.04,575.86,576.01,148575.934796,575.932,1755,
2026-03-26 18:13:00,576.02,576.1,575.85,576.06,119296.921485,576.0103,1813,
2026-03-26 18:14:00,576.07,576.07,575.85,575.91,102360.942587,575.9467,1640,
2026-03-26 18:15:00,575.92,575.95,575.76,575.79,91270.559788,575.8806,1736,
2026-03-26 18:16:00,575.785,575.989,575.58,575.9201,234726.442449,581.0313,1823,
2026-03-26 18:17:00,575.95,575.96,575.66,575.69,73750.635032,575.8026,1320,
2026-03-26 18:18:00,575.705,575.9099,575.64,575.82,70944.592295,575.7746,1299,
2026-03-26 18:19:00,575.81,575.96,575.7111,575.76,84825.92976,575.8601,1534,
2026-03-26 18:20:00,575.75,575.75,575.5,575.62,79960.668838,575.6344,1541,
2026-03-26 18:21:00,575.62,575.85,575.6,575.85,104129.081728,575.7406,1681,
2026-03-26 18:22:00,575.85,575.96,575.75,575.8765,75148.552625,575.868,1412,
2026-03-26 18:23:00,575.88,576.08,575.83,576.0197,120223.636072,575.9987,1977,
2026-03-26 18:24:00,576.01,576.16,575.94,576.0593,89086.365829,576.0192,1638,
2026-03-26 18:25:00,576.06,576.18,575.95,575.99,124185.724474,576.105,2143,
2026-03-26 18:26:00,575.99,575.99,575.64,575.74,123506.6937,575.7766,2250,
2026-03-26 18:27:00,575.73,575.775,575.38,575.38,131454.033859,575.5469,2397,
2026-03-26 18:28:00,575.38,575.43,575.17,575.2399,223819.703988,575.2982,3764,
2026-03-26 18:29:00,575.23,575.325,575.19,575.235,176531.900163,575.2845,2299,
2026-03-26 18:30:00,575.235,575.545,575.22,575.46,152656.613821,575.3904,2823,
2026-03-26 18:31:00,575.455,575.635,575.39,575.62,123079.105122,575.5072,2128,
2026-03-26 18:32:00,575.61,575.84,575.5,575.73,102148.444639,575.6627,1820,
2026-03-26 18:33:00,575.74,575.77,575.65,575.695,73570.292182,575.7162,1419,
2026-03-26 18:34:00,575.705,575.79,575.6101,575.72,163495.617854,575.6857,2265,
2026-03-26 18:35:00,575.72,575.76,575.5,575.685,118154.918016,575.6433,2077,
2026-03-26 18:36:00,575.69,575.77,575.545,575.68,220210.12342,575.69,1840,
2026-03-26 18:37:00,575.67,575.675,575.45,575.51,102893.961561,575.5678,1757,
2026-03-26 18:38:00,575.51,575.88,575.51,575.845,101450.570259,575.6983,1648,
2026-03-26 18:39:00,575.84,575.94,575.7701,575.9,129950.721952,575.8629,1850,
2026-03-26 18:40:00,575.91,576.03,575.75,575.87,189203.102827,575.9059,2697,
2026-03-26 18:41:00,575.86,575.87,575.62,575.71,103688.581693,575.7988,1778,
2026-03-26 18:42:00,575.72,575.765,575.45,575.47,126543.432451,575.6266,2048,
2026-03-26 18:43:00,575.48,575.55,575.25,575.3602,112950.582488,575.4226,2011,
2026-03-26 18:44:00,575.363,575.59,575.36,575.54,116669.64175,575.538,1896,
2026-03-26 18:45:00,575.53,575.5499,575.32,575.35,98210.911903,575.4412,1840,
2026-03-26 18:46:00,575.36,575.58,575.32,575.54,91115.980993,575.4626,1573,
2026-03-26 18:47:00,575.555,575.78,575.555,575.75,119328.4336,575.7181,1890,
2026-03-26 18:48:00,575.74,575.885,575.67,575.7499,170868.093354,575.795,2491,
2026-03-26 18:49:00,575.74,576.025,575.73,575.98,117161.608753,575.9282,1873,
2026-03-26 18:50:00,575.97,576.15,575.79,576.0899,292861.503064,576.0217,3947,
2026-03-26 18:51:00,576.08,576.22,575.96,576.12,190127.385503,576.1315,3047,
2026-03-26 18:52:00,576.13,576.2599,576.07,576.11,128401.792943,576.1647,2299,
2026-03-26 18:53:00,576.1,576.17,575.97,576.13,252320.650774,576.0546,3869,
2026-03-26 18:54:00,576.1298,576.25,576.1,576.19,112810.480502,576.1764,2015,
2026-03-26 18:55:00,576.18,576.18,575.93,576.05,224881.508264,581.4153,2108,
2026-03-26 18:56:00,576.05,576.05,575.61,575.83,167989.333248,575.7603,2572,
2026-03-26 18:57:00,575.84,575.92,575.709,575.75,138498.830044,575.8199,1967,
2026-03-26 18:58:00,575.75,575.98,575.725,575.9699,106720.120346,575.7618,1516,
2026-03-26 18:59:00,575.96,576.085,575.86,576.07,138605.399112,575.9995,2254,
2026-03-26 19:00:00,576.08,576.16,575.94,575.955,116923.851158,576.0485,1973,
2026-03-26 19:01:00,575.96,576.02,575.86,575.96,92759.805037,575.9538,1312,
2026-03-26 19:02:00,575.955,576.0,575.82,575.91,116431.901723,575.898,1712,
2026-03-26 19:03:00,575.9,575.92,575.45,575.575,231167.567686,575.623,3058,
2026-03-26 19:04:00,575.58,575.6435,575.52,575.6,96198.655925,575.5797,1379,
2026-03-26 19:05:00,575.61,575.65,575.44,575.46,94470.024847,575.5124,1482,
2026-03-26 19:06:00,575.48,575.55,575.1913,575.2801,160982.491912,575.3682,2638,
2026-03-26 19:07:00,575.28,575.4699,575.1,575.1,206002.708862,575.2864,3227,
2026-03-26 19:08:00,575.11,575.14,574.71,574.96,363005.901064,574.9782,8527,
2026-03-26 19:09:00,574.96,575.06,574.92,574.96,129992.075984,574.9872,1993,
2026-03-26 19:10:00,574.96,575.065,574.68,574.8001,223178.614199,574.8702,3118,
2026-03-26 19:11:00,574.8,574.92,574.66,574.81,278851.450256,579.6118,2789,
2026-03-26 19:12:00,574.81,574.98,574.71,574.86,194330.210039,574.8557,2727,
2026-03-26 19:13:00,574.86,574.87,574.67,574.75,123842.813133,574.7322,1966,
2026-03-26 19:14:00,574.74,575.04,574.72,574.9997,202534.68194,574.8732,2850,
2026-03-26 19:15:00,575.0,575.48,574.965,575.42,461535.669151,580.8545,3613,
2026-03-26 19:16:00,575.41,575.45,575.18,575.325,231236.868948,575.3555,3725,
2026-03-26 19:17:00,575.33,575.48,575.22,575.41,165184.368078,575.3406,2745,
2026-03-26 19:18:00,575.38,575.49,575.21,575.38,165406.519981,575.3465,2686,
2026-03-26 19:19:00,575.39,575.46,575.35,575.4,93921.052426,575.4011,1751,
2026-03-26 19:20:00,575.39,575.41,575.12,575.2,114840.9692,575.2982,1967,
2026-03-26 19:21:00,575.221,575.25,575.068,575.23,145469.842976,575.144,2216,
2026-03-26 19:22:00,575.21,575.2165,575.05,575.16,123907.871984,575.1204,1871,
2026-03-26 19:23:00,575.17,575.25,575.09,575.1,94981.881186,575.1724,1657,
2026-03-26 19:24:00,575.105,575.1299,574.96,575.0165,134255.161134,575.0384,1817,
2026-03-26 19:25:00,575.0,575.07,574.61,574.63,222727.037794,574.8221,3188,
2026-03-26 19:26:00,574.64,574.7901,574.64,574.75,192435.221352,574.7295,2723,
2026-03-26 19:27:00,574.745,574.86,574.73,574.82,163818.204209,574.7807,2323,
2026-03-26 19:28:00,574.83,574.9,574.7,574.77,137370.024422,574.8246,2103,
2026-03-26 19:29:00,574.76,575.11,574.73,575.1,206065.889978,575.1172,2664,
2026-03-26 19:30:00,575.11,575.195,574.97,575.09,270388.269243,575.1307,3589,
2026-03-26 19:31:00,575.1,575.1,574.37,574.505,322225.67749,574.6142,4440,
2026-03-26 19:32:00,574.51,574.63,574.39,574.505,239658.619184,574.5165,2627,
2026-03-26 19:33:00,574.5,574.51,574.371,574.43,190910.262522,574.4436,2531,
2026-03-26 19:34:00,574.44,574.6198,574.37,574.6,161902.047166,574.4779,2582,
2026-03-26 19:35:00,574.6,574.94,574.5,574.89,232561.916311,574.7308,3343,
2026-03-26 19:36:00,574.89,574.9898,574.86,574.93,255477.369529,574.907,3587,
2026-03-26 19:37:00,574.92,575.0,574.815,574.85,108602.120316,574.8899,2105,
2026-03-26 19:38:00,574.86,574.93,574.73,574.73,262039.333425,574.8194,4125,
2026-03-26 19:39:00,574.74,574.76,574.6,574.69,146482.133712,574.6759,2458,
2026-03-26 19:40:00,574.6715,574.8799,574.51,574.835,422263.323278,577.8615,4314,
2026-03-26 19:41:00,574.84,574.9,574.65,574.7199,137448.164466,574.7378,2457,
2026-03-26 19:42:00,574.72,574.758,574.61,574.695,353405.066639,582.3453,2317,
2026-03-26 19:43:00,574.7,574.7199,574.49,574.51,536854.759916,582.2138,3249,
2026-03-26 19:44:00,574.53,574.54,574.25,574.385,247840.687975,574.3639,4246,
2026-03-26 19:45:00,574.38,574.39,574.12,574.22,435712.123537,577.4447,4290,
2026-03-26 19:46:00,574.205,574.3,574.15,574.19,285269.81958,579.1312,2810,
2026-03-26 19:47:00,574.2,574.205,574.07,574.12,168633.861446,574.1404,2804,
2026-03-26 19:48:00,574.12,574.39,574.11,574.37,214401.32733,574.245,3264,
2026-03-26 19:49:00,574.39,574.5,574.26,574.47,259299.299519,574.3929,3579,
2026-03-26 19:50:00,574.46,574.58,574.19,574.295,353323.624503,574.3859,5430,
2026-03-26 19:51:00,574.31,574.445,574.125,574.2,219848.059392,574.2469,3698,
2026-03-26 19:52:00,574.2,574.24,574.085,574.12,277857.341172,574.1729,3689,
2026-03-26 19:53:00,574.12,574.16,573.87,573.92,340670.481531,574.0314,5923,
2026-03-26 19:54:00,573.91,573.965,573.52,573.61,443743.809693,573.7365,6115,
2026-03-26 19:55:00,573.6,573.925,573.5,573.895,552023.199559,573.7179,6450,
2026-03-26 19:56:00,573.89,574.03,573.765,574.03,450306.745763,573.9231,4697,
2026-03-26 19:57:00,574.025,574.14,573.9,573.955,500073.841093,573.9942,5665,
2026-03-26 19:58:00,573.955,573.96,573.675,573.715,881278.328575,573.7787,8531,
2026-03-26 19:59:00,573.715,574.08,573.43,573.69,1730162.264105,573.7412,15383,
2026-03-26 20:00:00,573.7,573.93,573.5,573.87,205122.985408,580.8319,559,
2026-03-26 20:01:00,573.83,573.9455,573.58,573.58,60442.552627,573.8047,491,
2026-03-26 20:02:00,573.6,573.71,573.35,573.5,49278.456097,573.4996,533,
2026-03-26 20:03:00,573.5452,573.56,573.14,573.33,220955.454583,580.3042,577,
2026-03-26 20:04:00,573.3,573.5,573.3,573.48,49400.237089,573.3748,360,
2026-03-26 20:05:00,573.56,573.78,573.5,573.74,34816.089184,573.6241,381,
2026-03-26 20:06:00,573.77,573.77,573.63,573.7101,28138.699685,573.6617,241,
2026-03-26 20:07:00,573.706,573.74,573.58,573.58,83087.766317,573.8474,325,
2026-03-26 20:08:00,573.59,573.78,573.59,573.76,21556.461991,573.7152,188,
2026-03-26 20:09:00,573.75,573.94,573.72,573.87,21608.828028,573.8672,236,
2026-03-26 20:10:00,573.92,574.0,573.8,573.97,28043.170905,573.9389,256,
2026-03-26 20:11:00,573.99,579.0,573.85,578.8,1467105.089586,574.3617,3627,
2026-03-26 20:12:00,578.85,579.8,575.9,577.08,345764.512741,580.7553,1873,
2026-03-26 20:13:00,577.09,577.13,575.81,576.86,259897.369724,576.5392,1414,
2026-03-26 20:14:00,576.8,577.23,576.07,576.5,215422.530601,576.7463,1060,
2026-03-26 20:15:00,576.5,576.6,575.44,576.46,164142.940269,576.1224,1747,
2026-03-26 20:16:00,576.47,577.02,576.0,576.36,270712.693632,576.5787,1747,
2026-03-26 20:17:00,576.43,576.5,576.0153,576.31,58648.708866,576.3048,599,
2026-03-26 20:18:00,576.22,576.27,575.607,576.2,59953.136051,575.9933,585,
2026-03-26 20:19:00,576.19,576.22,575.71,575.75,190817.534403,575.9574,1598,
2026-03-26 20:20:00,575.76,576.0,575.56,575.73,53711.689529,575.7867,339,
2026-03-26 20:21:00,575.74,576.1,575.74,576.04,31530.751088,575.9915,290,
2026-03-26 20:22:00,576.09,576.2188,575.8,575.92,27401.07754,575.9693,279,
2026-03-26 20:23:00,575.93,576.12,575.88,576.05,56942.237284,576.004,423,
2026-03-26 20:24:00,576.07,576.07,575.32,575.49,58883.692373,575.652,514,
2026-03-26 20:25:00,575.61,575.71,574.5,574.84,90559.79508,575.132,732,
2026-03-26 20:26:00,574.81,575.18,574.59,575.0532,40852.751015,574.8288,538,
2026-03-26 20:27:00,575.08,576.0,575.06,575.26,48373.200395,575.437,504,
2026-03-26 20:28:00,575.39,575.4,574.9643,575.35,15857.806806,575.2146,299,
2026-03-26 20:29:00,575.28,575.65,575.28,575.6001,21636.680914,575.5064,226,
2026-03-26 20:30:00,575.67,575.67,575.43,575.62,10273.971706,575.6323,166,
2026-03-26 20:31:00,575.6696,576.08,575.64,575.9123,19012.947383,575.9732,273,
2026-03-26 20:32:00,575.9,576.1,575.76,576.08,58401.298122,575.9147,506,
2026-03-26 20:33:00,576.07,576.16,575.91,575.91,56529.077918,576.0237,566,
2026-03-26 20:34:00,575.74,575.75,575.5407,575.62,48745.685908,575.6591,500,
2026-03-26 20:35:00,575.71,575.89,575.71,575.89,4408.522203,575.8742,103,
2026-03-26 20:36:00,575.89,576.2,575.89,576.1175,34974.012188,576.0216,394,
2026-03-26 20:37:00,576.0808,576.35,576.0808,576.19,36002.553571,576.2363,345,
2026-03-26 20:38:00,576.2,576.33,576.12,576.3,28341.377765,576.2979,239,
2026-03-26 20:39:00,576.31,576.4895,576.3,576.33,50038.263945,576.4058,418,
2026-03-26 20:40:00,576.3,576.3,576.05,576.2031,18759.601053,576.2009,284,
2026-03-26 20:41:00,576.25,576.2891,575.76,575.89,56715.515344,575.9687,438,
2026-03-26 20:42:00,575.8119,575.97,575.81,575.9,61181.834825,575.9075,435,
2026-03-26 20:43:00,575.9,576.0,575.85,575.95,35237.857131,575.9348,317,
2026-03-26 20:44:00,575.95,575.96,575.8,575.96,34626.066364,575.8843,202,
2026-03-26 20:45:00,575.99,576.07,575.83,575.88,42459.535431,575.9383,220,
2026-03-26 20:46:00,575.91,576.0,575.91,576.0,7869.952963,576.0443,99,
2026-03-26 20:47:00,576.01,576.09,575.88,576.03,7385.759065,576.0108,100,
2026-03-26 20:48:00,576.0,576.07,575.88,575.92,9062.260426,575.9692,105,
2026-03-26 20:49:00,575.95,576.01,575.93,576.01,16276.237804,575.9821,125,
2026-03-26 20:50:00,575.95,575.95,575.77,575.85,5192.008681,575.8366,88,
2026-03-26 20:51:00,575.86,575.86,575.76,575.7711,13968.019183,575.775,95,
2026-03-26 20:52:00,575.78,575.78,575.66,575.75,8161.715391,575.7616,106,
2026-03-26 20:53:00,575.68,575.77,575.37,575.37,26043.850248,575.6597,346,
2026-03-26 20:54:00,575.37,575.5214,575.25,575.26,11515.394104,575.408,136,
2026-03-26 20:55:00,575.28,575.41,575.24,575.39,13055.40447,575.3248,156,
2026-03-26 20:56:00,575.37,575.37,575.18,575.26,6312.925581,575.3675,125,
2026-03-26 20:57:00,575.28,575.28,574.86,574.87,14828.433828,575.0257,278,
2026-03-26 20:58:00,574.9,574.9,574.42,574.6,136842.310149,574.6213,796,
2026-03-26 20:59:00,574.61,574.78,574.6,574.6,12482.705481,574.6963,190,
2026-03-26 21:00:00,574.5562,574.99,574.5373,574.99,4590.920263,574.8917,111,
2026-03-26 21:01:00,574.99,575.01,574.87,574.9811,6684.664668,575.0074,111,
2026-03-26 21:02:00,575.0,575.0,574.91,574.98,2983.576811,575.0938,106,
2026-03-26 21:03:00,574.98,574.98,574.9334,574.9793,2895.055801,574.9742,68,
2026-03-26 21:04:00,574.97,574.98,574.93,574.93,801.339799,575.211,43,
2026-03-26 21:05:00,574.9521,574.98,574.93,574.98,1125.415838,575.1692,48,
2026-03-26 21:06:00,574.98,575.0,574.9799,575.0,2031.652405,572.6789,87,
2026-03-26 21:07:00,575.05,575.18,575.0,575.14,1665.270101,575.1917,82,
2026-03-26 21:08:00,575.08,575.2,575.03,575.0783,15836.420123,575.1261,84,
2026-03-26 21:09:00,575.05,575.05,575.0,575.0104,700.396334,575.3583,32,
2026-03-26 21:10:00,575.02,575.05,575.02,575.05,1911.13763,575.0085,27,
2026-03-26 21:11:00,575.1,575.2794,575.1,575.2794,14169.346199,575.2583,341,
2026-03-26 21:12:00,575.28,576.0,575.2657,575.72,15255.142313,575.579,310,
2026-03-26 21:13:00,575.69,575.69,575.381,575.65,13386.018514,575.6202,108,
2026-03-26 21:14:00,575.69,575.69,575.5,575.65,7449.524537,575.6574,138,
2026-03-26 21:15:00,575.66,575.8241,575.66,575.77,30093.344285,575.7536,326,
2026-03-26 21:16:00,575.72,575.76,575.59,575.677,6173.5211,575.7349,94,
2026-03-26 21:17:00,575.59,575.6889,575.52,575.52,4834.2572,575.6009,77,
2026-03-26 21:18:00,575.47,575.4869,575.35,575.35,4761.011162,575.4394,115,
2026-03-26 21:19:00,575.31,575.4699,575.31,575.4699,1698.761654,575.6796,40,
2026-03-26 21:20:00,575.35,575.47,575.31,575.45,19791.634621,575.4285,114,
2026-03-26 21:21:00,575.42,575.5,575.42,575.5,5403.318649,575.5195,50,
2026-03-26 21:22:00,575.5,575.5,575.3817,575.45,20624.241488,575.4569,48,
2026-03-26 21:23:00,575.32,575.44,575.32,575.41,5712.009953,575.4251,73,
2026-03-26 21:24:00,575.32,575.43,575.31,575.43,2394.786851,575.5538,87,
2026-03-26 21:25:00,575.36,575.43,575.32,575.32,1351.372708,575.5231,43,
2026-03-26 21:26:00,575.33,575.41,575.33,575.41,1398.745337,575.7107,33,
2026-03-26 21:27:00,575.42,575.45,575.29,575.34,8827.565013,575.4276,73,
2026-03-26 21:28:00,575.34,575.35,575.19,575.26,10628.597498,575.2733,101,
2026-03-26 21:29:00,575.24,575.3006,575.16,575.3,2914.180726,575.2993,51,
2026-03-26 21:30:00,575.26,575.44,575.26,575.3256,3675.690815,575.5081,43,
2026-03-26 21:31:00,575.43,575.44,575.42,575.44,1027.597845,575.7704,38,
2026-03-26 21:32:00,575.43,575.44,575.43,575.4303,9920.790704,575.4843,53,
2026-03-26 21:33:00,575.44,575.44,575.43,575.43,552.041707,575.4779,28,
2026-03-26 21:34:00,575.44,575.44,575.44,575.44,480.11836,575.5811,39,
2026-03-26 21:35:00,575.43,575.45,575.42,575.45,6421.257535,575.455,55,
2026-03-26 21:36:00,575.4935,575.5,575.4935,575.5,1276.6123,575.7732,34,
2026-03-26 21:37:00,575.55,575.55,575.5,575.5,7139.434385,575.536,40,
2026-03-26 21:38:00,575.5,575.54,575.49,575.54,616.051609,575.5541,26,
2026-03-26 21:39:00,575.54,575.54,575.5015,575.5015,3179.331346,575.5632,23,
2026-03-26 21:40:00,575.54,575.57,575.54,575.56,1205.128272,575.6222,41,
2026-03-26 21:41:00,575.51,575.51,575.49,575.49,1804.1988,575.571,42,
2026-03-26 21:42:00,575.44,575.44,575.4,575.4,313.227786,575.8476,40,
2026-03-26 21:43:00,575.4601,575.4601,575.23,575.23,7031.344752,575.3117,223,
2026-03-26 21:44:00,575.4,575.4,575.4,575.4,125.227126,576.4549,20,
2026-03-26 21:45:00,575.35,575.39,575.2,575.39,2852.160726,575.2597,52,
2026-03-26 21:46:00,575.39,575.4,575.38,575.4,1903.697084,575.6004,36,
2026-03-26 21:47:00,575.29,575.39,575.29,575.35,1767.547223,575.5551,51,
2026-03-26 21:48:00,575.26,575.3,575.26,575.3,587.016541,575.2937,88,
2026-03-26 21:49:00,575.26,575.4,575.25,575.4,3480.539945,575.3612,118,
2026-03-26 21:50:00,575.4,575.45,575.2608,575.45,2078.330359,575.4936,35,
2026-03-26 21:51:00,575.47,575.48,575.47,575.48,1715.22882,575.5534,40,
2026-03-26 21:52:00,575.4,575.48,575.4,575.48,1193.374396,575.6346,33,
2026-03-26 21:53:00,575.37,575.49,575.37,575.41,7058.335382,575.4765,59,
2026-03-26 21:54:00,575.41,575.44,575.41,575.44,3390.068913,575.4458,50,
2026-03-26 21:55:00,575.4209,575.44,575.42,575.44,3420.550909,575.5249,39,
2026-03-26 21:56:00,575.43,575.44,575.42,575.4381,1407.517192,575.6404,35,
2026-03-26 21:57:00,575.42,575.44,575.41,575.4382,2437.530797,575.5502,45,
2026-03-26 21:58:00,575.44,575.44,575.3936,575.44,1105.379228,575.6341,32,
2026-03-26 21:59:00,575.41,575.44,575.36,575.37,2514.356976,575.4879,56,
2026-03-26 22:00:00,575.07,575.44,574.91,575.25,17407.791994,575.229,349,
2026-03-26 22:01:00,575.16,575.27,574.83,575.13,11593.773913,575.0437,170,
2026-03-26 22:02:00,575.13,575.24,574.98,574.98,18333.556618,575.1258,117,
2026-03-26 22:03:00,574.98,575.09,574.81,575.09,8346.953217,574.9887,82,
2026-03-26 22:04:00,575.2,575.55,575.2,575.37,27821.465817,575.4987,136,
2026-03-26 22:05:00,575.28,575.4,575.11,575.3849,2248.065067,575.2566,62,
2026-03-26 22:06:00,575.44,575.5003,575.44,575.48,25363.111127,575.4837,114,
2026-03-26 22:07:00,575.17,575.17,574.91,575.0,12405.887852,575.1494,103,
2026-03-26 22:08:00,575.0,575.17,575.0,575.12,7524.597823,575.1589,52,
2026-03-26 22:09:00,574.9808,575.0997,574.9,575.0997,4145.940074,575.0787,45,
2026-03-26 22:10:00,575.17,575.26,575.11,575.26,1499.235659,575.2716,33,
2026-03-26 22:11:00,575.2699,575.45,575.2534,575.45,2550.133067,575.414,62,
2026-03-26 22:12:00,575.4207,576.0,575.4207,575.7809,28739.736377,575.6789,135,
2026-03-26 22:13:00,575.72,575.82,575.6291,575.82,2142.445134,575.8935,43,
2026-03-26 22:14:00,575.65,575.82,575.65,575.78,2110.28095,575.8393,46,
2026-03-26 22:15:00,575.82,575.96,575.82,575.94,23970.254614,575.867,81,
2026-03-26 22:16:00,575.83,575.99,575.83,575.9844,4261.384488,575.9963,54,
2026-03-26 22:17:00,575.92,576.01,575.92,575.98,13983.299338,575.9938,82,
2026-03-26 22:18:00,575.967,575.967,575.6485,575.7398,1289.422545,575.9818,72,
2026-03-26 22:20:00,575.65,575.84,575.65,575.84,1234.532645,575.9962,37,
2026-03-26 22:21:00,575.84,576.0,575.84,575.99,3008.289491,575.951,45,
2026-03-26 22:22:00,575.88,575.9794,575.87,575.93,1733.77097,576.1551,39,
2026-03-26 22:23:00,575.8,575.84,575.8,575.82,2392.196614,575.8839,46,
2026-03-26 22:24:00,575.67,575.9961,575.67,575.9961,3499.253758,575.8665,39,
2026-03-26 22:25:00,575.87,575.87,575.8,575.8,8028.412602,575.8515,58,
2026-03-26 22:26:00,575.63,575.63,574.99,575.15,39520.380679,575.3844,255,
2026-03-26 22:27:00,575.15,575.3,575.15,575.28,8614.7029,575.2884,50,
2026-03-26 22:28:00,575.29,575.51,575.23,575.44,11337.002205,575.3592,110,
2026-03-26 22:29:00,575.47,575.61,575.35,575.57,12054.31688,575.5074,72,
2026-03-26 22:30:00,575.37,575.7,575.36,575.6774,6981.34452,575.551,72,
2026-03-26 22:31:00,575.55,575.56,575.31,575.31,36069.254487,575.549,140,
2026-03-26 22:32:00,575.3,575.3,575.21,575.21,1449.387072,575.4179,54,
2026-03-26 22:33:00,575.31,575.7,575.31,575.7,1921.373833,575.6021,55,
2026-03-26 22:34:00,575.74,575.74,575.53,575.53,1071.75,576.0496,22,
2026-03-26 22:35:00,575.51,575.51,575.3041,575.3041,1814.068072,575.4475,47,
2026-03-26 22:36:00,575.3272,575.35,575.3,575.3,804.155404,575.4465,41,
2026-03-26 22:37:00,575.34,575.5999,575.34,575.5818,2532.068168,575.5248,21,
2026-03-26 22:38:00,575.6,575.8935,575.6,575.8935,1211.26325,575.9243,58,
2026-03-26 22:39:00,575.82,575.83,575.74,575.83,1221.01775,575.7878,26,
2026-03-26 22:40:00,575.8101,576.05,575.8101,576.05,1815.214013,576.0399,69,
2026-03-26 22:41:00,576.056,576.19,576.02,576.02,23887.041796,576.1378,80,
2026-03-26 22:42:00,576.02,576.0709,575.7348,575.7348,1347.689665,576.3177,57,
2026-03-26 22:43:00,575.7065,575.74,575.44,575.4718,6795.992188,575.7423,70,
2026-03-26 22:44:00,575.59,575.71,575.51,575.58,2486.861981,575.7838,45,
2026-03-26 22:45:00,575.53,575.53,575.53,575.53,126.338465,577.1148,19,
2026-03-26 22:46:00,575.63,575.63,575.63,575.63,171.183521,576.2606,16,
2026-03-26 22:47:00,575.64,575.64,575.41,575.451,1747.203088,575.5655,69,
2026-03-26 22:48:00,575.44,575.46,575.43,575.46,1541.400944,575.6024,32,
2026-03-26 22:49:00,575.55,575.56,575.55,575.56,1237.551014,575.8131,18,
2026-03-26 22:50:00,575.69,575.81,575.69,575.81,2075.706415,575.9404,60,
2026-03-26 22:51:00,575.86,575.9105,575.86,575.9105,1744.228709,575.9487,24,
2026-03-26 22:52:00,575.89,576.03,575.89,575.9108,1174.226351,576.0763,41,
2026-03-26 22:53:00,575.7075,575.7075,575.7075,575.7075,295.833901,577.43,36,
2026-03-26 22:54:00,575.9229,575.99,575.9229,575.99,1226.692535,576.2779,33,
2026-03-26 22:55:00,575.95,575.95,575.73,575.75,1544.096897,575.9045,35,
2026-03-26 22:56:00,575.88,576.09,575.88,575.91,1956.688874,576.1742,53,
2026-03-26 22:57:00,575.94,575.94,575.8997,575.9,683.894741,576.6598,44,
2026-03-26 22:58:00,575.7512,575.8,575.6319,575.6319,1669.908541,576.0258,75,
2026-03-26 22:59:00,575.62,575.62,575.54,575.5711,1979.220676,575.6364,56,
2026-03-26 23:00:00,575.8384,575.92,575.7993,575.92,2658.185404,575.889,37,
2026-03-26 23:01:00,575.93,575.93,575.75,575.75,805.660656,576.2879,33,
2026-03-26 23:02:00,575.6802,575.8215,575.67,575.8215,1476.620262,575.9953,32,
2026-03-26 23:03:00,575.86,575.9,575.85,575.85,1590.335278,575.988,26,
2026-03-26 23:04:00,575.9,575.9,575.9,575.9,408.471259,576.5562,26,
2026-03-26 23:05:00,575.87,575.88,575.7,575.7,1221.260418,575.9631,33,
2026-03-26 23:06:00,575.71,575.72,575.5913,575.6,3177.003523,575.6778,45,
2026-03-26 23:07:00,575.66,575.66,575.52,575.6,1414.382594,575.7257,30,
2026-03-26 23:08:00,575.67,575.67,575.67,575.67,1033.226782,575.7886,20,
2026-03-26 23:09:00,575.5996,575.5996,575.49,575.49,645.120122,575.6339,37,
2026-03-26 23:10:00,575.46,575.47,575.35,575.4501,3869.584107,575.5014,70,
2026-03-26 23:11:00,575.44,575.5,575.3874,575.3874,1716.769356,575.6865,42,
2026-03-26 23:12:00,575.37,575.5,575.37,575.5,745.501737,575.8259,19,
2026-03-26 23:14:00,575.47,575.47,575.47,575.47,651.947993,576.3099,16,
2026-03-26 23:15:00,575.35,575.35,575.2446,575.2446,1395.060661,575.3092,49,
2026-03-26 23:16:00,575.3595,575.46,575.3595,575.46,498.145991,575.5809,24,
2026-03-26 23:17:00,575.5,575.53,575.483,575.53,452.667456,576.3441,29,
2026-03-26 23:18:00,575.5,575.65,575.5,575.63,1438.945775,575.9976,43,
2026-03-26 23:19:00,575.63,575.7,575.63,575.7,1513.837924,575.9772,31,
2026-03-26 23:20:00,575.7,575.75,575.49,575.49,1375.035053,575.7023,42,
2026-03-26 23:21:00,575.5478,575.5478,575.3365,575.39,1957.546139,575.5565,49,
2026-03-26 23:22:00,575.41,575.41,575.21,575.21,3336.854178,575.52,60,
2026-03-26 23:23:00,575.2,575.24,575.14,575.2034,4465.093833,575.2032,66,
2026-03-26 23:24:00,575.24,575.24,575.1882,575.1882,2352.786921,575.4034,41,
2026-03-26 23:25:00,575.11,575.12,575.09,575.12,1008.478825,575.3788,42,
2026-03-26 23:26:00,575.24,575.24,575.1407,575.1407,3195.000173,575.2363,20,
2026-03-26 23:27:00,575.17,575.3,575.16,575.16,1785.095537,575.2358,35,
2026-03-26 23:28:00,575.14,575.17,575.12,575.12,1137.371218,575.3334,26,
2026-03-26 23:29:00,575.18,575.21,575.18,575.21,1866.016587,575.1867,14,
2026-03-26 23:30:00,575.27,575.27,575.26,575.26,383.086909,575.396,14,
2026-03-26 23:31:00,575.35,575.6122,575.34,575.6122,3933.735551,575.5405,75,
2026-03-26 23:32:00,575.55,575.55,575.5479,575.5479,560.798185,576.3772,28,
2026-03-26 23:33:00,575.5574,575.5883,575.5574,575.56,490.927141,576.6559,28,
2026-03-26 23:34:00,575.55,575.66,575.55,575.66,899.408611,575.8782,40,
2026-03-26 23:35:00,575.6401,575.77,575.6401,575.7072,1124.200495,575.7956,53,
2026-03-26 23:36:00,575.7258,575.8135,575.7258,575.8135,650.08684,575.8357,24,
2026-03-26 23:37:00,575.79,576.01,575.79,576.01,2832.411973,575.9864,76,
2026-03-26 23:38:00,576.01,576.01,575.92,575.945,1507.427388,576.0997,41,
2026-03-26 23:39:00,575.9,575.9,575.77,575.77,727.180677,575.9696,24,
2026-03-26 23:40:00,575.8,575.83,575.78,575.78,714.174708,575.9529,27,
2026-03-26 23:41:00,575.83,575.96,575.83,575.96,1740.031992,575.8928,25,
2026-03-26 23:42:00,576.0,576.01,575.83,575.83,2436.94831,576.1347,34,
2026-03-26 23:43:00,575.83,575.8309,575.7513,575.7513,10791.955143,575.8272,48,
2026-03-26 23:44:00,575.81,575.9,575.78,575.88,2184.475352,575.9684,24,
2026-03-26 23:45:00,575.84,575.8615,575.84,575.8615,405.578075,576.6683,21,
2026-03-26 23:46:00,575.83,576.01,575.83,576.0,2927.824672,576.1378,58,
2026-03-26 23:47:00,576.0113,576.0226,575.96,575.9744,1477.855972,576.3271,31,
2026-03-26 23:48:00,575.98,576.0,575.98,576.0,395.173877,576.2273,27,
2026-03-26 23:49:00,575.96,575.96,575.96,575.96,197.535816,577.5353,21,
2026-03-26 23:50:00,576.0,576.2,576.0,576.13,11016.783313,576.2058,88,
2026-03-26 23:51:00,576.04,576.04,575.96,576.0,7425.403238,576.0141,72,
2026-03-26 23:52:00,576.1,576.17,576.08,576.17,4407.992892,576.2414,22,
2026-03-26 23:53:00,576.11,576.11,575.96,575.96,686.346351,576.3395,34,
2026-03-26 23:54:00,576.0,576.0265,575.951,576.0,3021.753515,576.1263,30,
2026-03-26 23:55:00,576.02,576.02,575.92,575.92,753.21943,576.1209,30,
2026-03-26 23:56:00,575.92,575.92,575.8652,575.8854,6688.074028,575.9021,150,
2026-03-26 23:57:00,575.86,575.86,575.62,575.7,12467.461693,575.6997,129,
2026-03-26 23:58:00,575.76,575.83,575.73,575.73,1815.67168,575.9876,40,
2026-03-26 23:59:00,575.7899,575.84,575.78,575.79,1506.040511,575.8085,33,
2026-03-27 08:00:00,575.19,576.1,575.19,576.03,17650.0,575.9295,296,
2026-03-27 08:01:00,576.04,576.56,575.9,575.98,14904.0,576.1388,238,
2026-03-27 08:02:00,575.96,576.02,575.56,575.64,9827.0,575.827,171,
2026-03-27 08:03:00,575.55,575.91,575.33,575.9,19049.0,575.5499,211,
2026-03-27 08:04:00,575.88,576.02,575.71,575.75,3215.0,575.8974,68,
2026-03-27 08:05:00,575.68,575.68,575.17,575.29,7968.0,575.3361,145,
2026-03-27 08:06:00,575.32,575.59,575.32,575.59,3492.0,575.4501,51,
2026-03-27 08:07:00,575.41,575.41,575.13,575.16,3213.0,575.2099,67,
2026-03-27 08:08:00,575.18,575.21,574.9,575.05,7255.0,574.9979,240,
2026-03-27 08:09:00,574.83,575.04,574.77,575.03,2069.0,574.9194,66,
2026-03-27 08:10:00,574.99,575.19,574.88,574.88,7825.0,575.0921,92,
2026-03-27 08:11:00,574.96,575.19,574.95,575.14,5306.0,575.0675,89,
2026-03-27 08:12:00,575.09,575.15,575.07,575.15,1705.0,575.1044,35,
2026-03-27 08:13:00,575.21,575.39,575.2,575.21,4471.0,575.2985,81,
2026-03-27 08:14:00,575.2,575.22,575.06,575.18,12976.0,575.1193,88,
2026-03-27 08:15:00,575.24,575.38,575.05,575.38,19350.0,575.1545,135,
2026-03-27 08:16:00,575.33,575.33,575.0,575.03,811.0,575.1669,18,
2026-03-27 08:17:00,575.2,575.2,574.63,574.63,2599.0,574.892,78,
2026-03-27 08:18:00,574.59,574.85,574.55,574.66,4165.0,574.667,59,
2026-03-27 08:19:00,574.64,574.76,574.59,574.59,4808.0,574.6564,70,
2026-03-27 08:20:00,574.6,574.67,574.4,574.44,4539.0,574.5633,84,
2026-03-27 08:21:00,574.45,575.12,574.45,575.05,20098.0,574.8279,195,
2026-03-27 08:22:00,574.94,574.95,574.64,574.68,3578.0,574.8023,55,
2026-03-27 08:23:00,574.69,574.69,574.69,574.69,295.0,574.7119,19,
2026-03-27 08:24:00,574.62,574.63,574.47,574.53,2346.0,574.5737,36,
2026-03-27 08:25:00,574.48,574.69,574.37,574.47,2849.0,574.5225,55,
2026-03-27 08:26:00,574.6,574.6,574.38,574.53,704.0,574.4968,19,
2026-03-27 08:27:00,574.41,574.47,574.31,574.42,2403.0,574.3593,52,
2026-03-27 08:28:00,574.3,574.31,574.15,574.18,14160.0,574.2157,139,
2026-03-27 08:29:00,574.25,574.25,574.15,574.19,4012.0,574.1918,87,
2026-03-27 08:30:00,574.38,574.65,574.38,574.41,8190.0,574.5182,143,
2026-03-27 08:31:00,574.4,574.56,574.33,574.42,1217.0,574.4571,39,
2026-03-27 08:32:00,574.42,574.69,574.41,574.69,3497.0,574.5448,51,
2026-03-27 08:33:00,574.8,574.8,574.63,574.63,2104.0,574.7609,53,
2026-03-27 08:34:00,574.6,574.62,574.39,574.39,3203.0,574.5499,53,
2026-03-27 08:35:00,574.46,574.55,574.0,574.02,17554.0,574.1609,193,
2026-03-27 08:36:00,574.03,574.14,573.74,574.09,31005.0,573.8007,290,
2026-03-27 08:37:00,573.98,574.07,573.97,574.01,1024.0,574.022,24,
2026-03-27 08:38:00,574.02,574.19,574.01,574.07,2296.0,574.0926,45,
2026-03-27 08:39:00,574.03,574.03,573.83,573.85,1022.0,573.9498,37,
2026-03-27 08:40:00,573.87,573.93,573.8,573.8,1198.0,573.8191,26,
2026-03-27 08:41:00,573.9,574.17,573.9,574.17,2524.0,574.0039,54,
2026-03-27 08:42:00,574.2,574.25,574.03,574.19,2125.0,574.1791,48,
2026-03-27 08:43:00,574.15,574.24,574.03,574.03,2788.0,574.1085,72,
2026-03-27 08:44:00,574.04,574.22,574.0,574.22,1930.0,574.0955,44,
2026-03-27 08:45:00,574.2,574.44,574.17,574.36,6475.0,574.3986,88,
2026-03-27 08:46:00,574.29,574.29,574.15,574.22,559.0,574.1886,19,
2026-03-27 08:47:00,574.05,574.14,574.0,574.0,1453.0,574.09,48,
2026-03-27 08:48:00,574.0,574.08,573.93,574.08,4771.0,574.0019,63,
2026-03-27 08:49:00,574.09,574.14,574.0,574.0,1436.0,574.086,47,
2026-03-27 08:50:00,574.09,574.29,574.09,574.22,951.0,574.2281,26,
2026-03-27 08:51:00,574.31,574.31,574.19,574.19,2105.0,574.2342,60,
2026-03-27 08:52:00,574.04,574.04,573.8,573.8,2874.0,573.9496,74,
2026-03-27 08:53:00,573.77,573.82,573.65,573.82,2467.0,573.7552,67,
2026-03-27 08:54:00,573.73,573.85,573.69,573.85,2356.0,573.7548,55,
2026-03-27 08:55:00,573.92,573.92,573.66,573.69,3717.0,573.7979,67,
2026-03-27 08:56:00,573.75,573.77,573.65,573.65,5375.0,573.7345,75,
2026-03-27 08:57:00,573.6,573.95,573.6,573.93,1483.0,573.7794,46,
2026-03-27 08:58:00,573.88,573.89,573.78,573.88,6361.0,573.8446,108,
2026-03-27 08:59:00,573.89,574.01,573.87,573.91,5720.0,573.9049,90,
2026-03-27 09:00:00,573.91,573.91,573.75,573.83,12053.0,573.795,108,
2026-03-27 09:01:00,573.89,574.02,573.5,573.51,4433.0,573.7163,105,
2026-03-27 09:02:00,573.53,573.82,573.5,573.79,3653.0,573.6625,87,
2026-03-27 09:03:00,573.73,573.8,573.72,573.72,1421.0,573.7419,39,
2026-03-27 09:04:00,573.65,573.7,573.22,573.24,6063.0,573.4282,132,
2026-03-27 09:05:00,573.27,573.33,573.01,573.15,6428.0,573.2171,145,
2026-03-27 09:06:00,573.17,573.18,572.78,572.8,14930.0,572.9127,291,
2026-03-27 09:07:00,572.83,572.97,572.82,572.82,2869.0,572.8967,64,
2026-03-27 09:08:00,572.87,572.93,572.63,572.65,2226.0,572.7887,72,
2026-03-27 09:09:00,572.69,572.69,572.42,572.48,5640.0,572.4957,141,
2026-03-27 09:10:00,572.45,572.63,572.23,572.23,4873.0,572.4845,103,
2026-03-27 09:11:00,572.29,572.51,572.16,572.51,5456.0,572.2934,112,
2026-03-27 09:12:00,572.56,573.0,572.56,573.0,11309.0,572.8934,185,
2026-03-27 09:13:00,572.95,573.26,572.86,573.07,6913.0,573.077,114,
2026-03-27 09:14:00,573.16,573.2,572.84,572.84,2019.0,573.037,49,
2026-03-27 09:15:00,572.85,573.2,572.8,573.2,2711.0,572.9907,57,
2026-03-27 09:16:00,573.17,573.17,572.97,573.1,6185.0,573.0741,107,
2026-03-27 09:17:00,573.12,573.21,572.93,573.07,4067.0,573.0681,78,
2026-03-27 09:18:00,572.96,573.23,572.87,573.23,8015.0,573.0686,88,
2026-03-27 09:19:00,573.33,573.64,573.23,573.54,6654.0,573.4768,139,
2026-03-27 09:20:00,573.51,573.63,573.39,573.39,4298.0,573.4453,56,
2026-03-27 09:21:00,573.45,573.66,573.45,573.47,4850.0,573.5494,68,
2026-03-27 09:22:00,573.42,573.53,573.34,573.51,3831.0,573.4428,49,
2026-03-27 09:23:00,573.31,573.31,573.18,573.21,2448.0,573.2084,44,
2026-03-27 09:24:00,573.39,573.45,573.39,573.45,475.0,573.4212,16,
2026-03-27 09:25:00,573.43,573.92,573.43,573.92,2999.0,573.6511,56,
2026-03-27 09:26:00,573.96,574.26,573.83,574.26,3906.0,573.9746,77,
2026-03-27 09:27:00,574.2,574.24,574.15,574.18,3825.0,574.1813,68,
2026-03-27 09:28:00,574.0,574.0,573.85,573.88,1312.0,573.942,30,
2026-03-27 09:29:00,573.91,574.12,573.91,574.04,1093.0,574.0532,20,
2026-03-27 09:30:00,574.1,574.1,573.83,573.83,12370.0,573.9417,88,
2026-03-27 09:31:00,573.83,574.03,573.8,574.03,1740.0,573.8974,34,
2026-03-27 09:32:00,574.04,574.6,574.04,574.52,2662.0,574.3802,56,
2026-03-27 09:33:00,574.45,574.45,574.39,574.45,817.0,574.4371,26,
2026-03-27 09:34:00,574.24,574.28,574.24,574.25,2202.0,574.245,34,
2026-03-27 09:35:00,574.26,574.28,574.0,574.0,3351.0,574.1263,53,
2026-03-27 09:36:00,574.04,574.11,574.03,574.03,573.0,574.0554,17,
2026-03-27 09:37:00,574.02,574.03,573.82,573.88,3595.0,573.9036,53,
2026-03-27 09:38:00,573.95,574.01,573.95,574.0,2612.0,573.9877,32,
2026-03-27 09:39:00,573.85,573.95,573.77,573.95,637.0,573.8823,18,
2026-03-27 09:40:00,573.73,573.74,573.73,573.74,341.0,573.7345,16,
2026-03-27 09:41:00,573.58,573.69,573.58,573.64,1399.0,573.6388,29,
2026-03-27 09:42:00,573.73,573.8,573.73,573.8,200.0,573.765,4,
2026-03-27 09:43:00,573.74,573.9,573.62,573.9,759.0,573.7146,20,
2026-03-27 09:45:00,573.87,573.87,573.4,573.48,2408.0,573.5034,59,
2026-03-27 09:46:00,573.48,573.54,573.3,573.54,3367.0,573.432,58,
2026-03-27 09:47:00,573.55,573.55,573.34,573.43,2487.0,573.3931,31,
2026-03-27 09:48:00,573.39,573.39,573.1,573.19,1201.0,573.2563,44,
2026-03-27 09:49:00,573.2,573.22,572.88,573.01,7920.0,573.0562,71,
2026-03-27 09:50:00,573.12,573.23,572.95,573.23,13161.0,573.0324,178,
2026-03-27 09:51:00,573.14,573.15,573.04,573.09,1000.0,573.0923,24,
2026-03-27 09:52:00,573.07,573.07,573.0,573.0,420.0,573.0204,17,
2026-03-27 09:53:00,573.02,573.02,572.89,572.89,9855.0,572.9419,101,
2026-03-27 09:54:00,572.92,573.08,572.92,572.96,2348.0,572.9666,25,
2026-03-27 09:55:00,572.93,573.03,572.88,572.93,3248.0,572.9399,46,
2026-03-27 09:56:00,573.02,573.02,572.98,572.98,120.0,572.9923,8,
2026-03-27 09:57:00,573.1,573.12,573.01,573.01,1877.0,573.0755,26,
2026-03-27 09:58:00,573.07,573.07,572.95,572.95,7581.0,573.0348,32,
2026-03-27 09:59:00,572.95,572.95,572.66,572.76,4166.0,572.7205,79,
2026-03-27 10:00:00,572.84,572.84,572.5,572.68,11288.0,572.609,193,
2026-03-27 10:01:00,572.69,572.71,572.58,572.71,8840.0,572.6586,76,
2026-03-27 10:02:00,572.68,573.0,572.54,573.0,11692.0,572.6049,99,
2026-03-27 10:03:00,573.01,573.01,572.77,572.91,6789.0,572.8872,71,
2026-03-27 10:04:00,572.9,572.94,572.76,572.78,2231.0,572.8471,30,
2026-03-27 10:05:00,572.86,572.91,572.86,572.89,2186.0,572.8812,28,
2026-03-27 10:06:00,572.98,573.17,572.91,572.95,4085.0,573.007,54,
2026-03-27 10:07:00,573.12,573.35,573.11,573.35,4398.0,573.2614,64,
2026-03-27 10:08:00,573.3,573.47,573.3,573.33,10577.0,573.3396,138,
2026-03-27 10:09:00,573.24,573.24,573.05,573.18,3086.0,573.1406,53,
2026-03-27 10:10:00,573.04,573.05,572.88,572.96,2152.0,573.007,36,
2026-03-27 10:11:00,572.89,572.89,572.71,572.89,3956.0,572.7753,61,
2026-03-27 10:12:00,572.82,572.85,572.73,572.81,1125.0,572.7917,24,
2026-03-27 10:13:00,572.82,572.87,572.57,572.57,2362.0,572.761,51,
2026-03-27 10:14:00,572.53,572.65,572.52,572.64,2995.0,572.6197,55,
2026-03-27 10:15:00,572.68,572.68,572.62,572.67,735.0,572.6354,11,
2026-03-27 10:16:00,572.68,572.7,572.64,572.64,982.0,572.6872,19,
2026-03-27 10:17:00,572.85,572.97,572.85,572.91,1434.0,572.9213,18,
2026-03-27 10:18:00,572.85,572.85,572.77,572.77,390.0,572.814,21,
2026-03-27 10:19:00,572.78,572.83,572.75,572.83,1279.0,572.7941,15,
2026-03-27 10:20:00,572.76,572.76,572.58,572.58,2801.0,572.6239,40,
2026-03-27 10:21:00,572.61,572.65,572.57,572.63,1734.0,572.6088,41,
2026-03-27 10:22:00,572.51,572.51,572.43,572.5,1127.0,572.4892,32,
2026-03-27 10:23:00,572.59,572.63,572.57,572.59,1822.0,572.5931,39,
2026-03-27 10:24:00,572.55,572.82,572.55,572.7,25999.0,572.7163,200,
2026-03-27 10:25:00,572.7,572.72,572.6,572.62,903.0,572.6775,26,
2026-03-27 10:26:00,572.57,573.0,572.5,573.0,3722.0,572.7819,61,
2026-03-27 10:27:00,573.0,573.0,572.75,572.76,1963.0,572.8291,24,
2026-03-27 10:28:00,572.66,572.69,572.62,572.66,1984.0,572.6559,47,
2026-03-27 10:29:00,572.69,572.75,572.61,572.63,1925.0,572.6974,31,
2026-03-27 10:30:00,572.64,572.85,572.64,572.85,3745.0,572.7305,60,
2026-03-27 10:31:00,572.78,572.81,572.68,572.7,2161.0,572.7078,48,
2026-03-27 10:32:00,572.77,572.77,572.41,572.41,1830.0,572.486,51,
2026-03-27 10:33:00,572.41,572.41,572.24,572.24,3506.0,572.3102,75,
2026-03-27 10:34:00,572.3,572.51,572.25,572.41,3063.0,572.4007,56,
2026-03-27 10:35:00,572.41,572.41,571.86,571.99,17433.0,572.0703,350,
2026-03-27 10:36:00,572.16,572.16,572.0,572.0,5627.0,572.0227,93,
2026-03-27 10:37:00,571.95,572.02,571.89,571.95,1771.0,571.9378,42,
2026-03-27 10:38:00,571.94,571.94,571.67,571.75,3427.0,571.8345,69,
2026-03-27 10:39:00,571.82,571.9,571.5,571.58,12485.0,571.7233,203,
2026-03-27 10:40:00,571.62,571.64,571.51,571.6,7609.0,571.5648,120,
2026-03-27 10:41:00,571.6,571.6,571.43,571.44,7325.0,571.4973,76,
2026-03-27 10:42:00,571.34,571.8,571.31,571.79,14022.0,571.497,160,
2026-03-27 10:43:00,571.74,571.76,571.71,571.75,792.0,571.7249,24,
2026-03-27 10:44:00,571.7,571.73,571.66,571.69,1534.0,571.6929,39,
2026-03-27 10:45:00,571.5,571.5,571.35,571.48,3385.0,571.4036,48,
2026-03-27 10:46:00,571.42,571.66,571.38,571.63,3872.0,571.4363,75,
2026-03-27 10:47:00,571.63,571.63,571.45,571.5,913.0,571.5289,31,
2026-03-27 10:48:00,571.56,571.56,571.19,571.23,1993.0,571.3323,71,
2026-03-27 10:49:00,571.36,571.38,571.35,571.36,1144.0,571.3602,35,
2026-03-27 10:50:00,571.3,571.35,571.15,571.15,2687.0,571.2295,63,
2026-03-27 10:51:00,571.22,571.28,571.0,571.21,10720.0,571.2197,151,
2026-03-27 10:52:00,571.21,571.26,571.15,571.16,6207.0,571.2177,98,
2026-03-27 10:53:00,571.19,571.28,571.15,571.15,4304.0,571.2258,73,
2026-03-27 10:54:00,571.23,571.23,571.15,571.22,926.0,571.2146,25,
2026-03-27 10:55:00,571.14,571.14,570.65,570.73,9888.0,570.8467,293,
2026-03-27 10:56:00,570.68,570.75,570.61,570.75,4405.0,570.6709,93,
2026-03-27 10:57:00,570.72,570.72,570.42,570.53,21166.0,570.5205,258,
2026-03-27 10:58:00,570.47,570.47,570.27,570.4,8783.0,570.3745,134,
2026-03-27 10:59:00,570.44,570.65,570.44,570.65,10568.0,570.5448,164,
2026-03-27 11:00:00,570.65,570.88,570.18,570.19,30708.0,570.6198,636,
2026-03-27 11:01:00,570.26,570.28,570.04,570.09,14645.0,570.1066,215,
2026-03-27 11:02:00,570.09,570.41,570.07,570.33,5543.0,570.2932,103,
2026-03-27 11:03:00,570.28,570.49,570.23,570.35,7973.0,570.3132,142,
2026-03-27 11:04:00,570.3,570.38,570.2,570.2,3971.0,570.3103,82,
2026-03-27 11:05:00,570.28,570.45,570.1,570.1,6508.0,570.2555,121,
2026-03-27 11:06:00,570.13,570.17,570.02,570.1,5858.0,570.1067,116,
2026-03-27 11:07:00,570.11,570.11,569.939,569.94,12319.0,570.0005,958,
2026-03-27 11:08:00,569.92,570.14,569.72,570.12,8967.0,569.9463,191,
2026-03-27 11:09:00,570.13,570.34,570.05,570.18,17874.0,570.2193,214,
2026-03-27 11:10:00,570.23,570.47,570.15,570.43,4457.0,570.3045,109,
2026-03-27 11:11:00,570.31,570.31,570.17,570.21,4053.0,570.2379,79,
2026-03-27 11:12:00,570.2,570.2,570.0,570.11,12058.0,570.0369,122,
2026-03-27 11:13:00,570.16,570.45,570.16,570.44,4747.0,570.396,91,
2026-03-27 11:14:00,570.37,570.39,570.23,570.28,1419.0,570.3074,40,
2026-03-27 11:15:00,570.34,570.6,570.33,570.51,5563.0,570.4575,100,
2026-03-27 11:16:00,570.54,570.65,570.46,570.61,13849.0,570.5391,172,
2026-03-27 11:17:00,570.61,570.66,570.47,570.49,6162.0,570.5905,117,
2026-03-27 11:18:00,570.46,570.63,570.29,570.63,9181.0,570.4386,165,
2026-03-27 11:19:00,570.57,570.57,570.43,570.57,7359.0,570.4824,100,
2026-03-27 11:20:00,570.58,570.78,570.58,570.59,13088.0,570.6231,167,
2026-03-27 11:21:00,570.6,570.75,570.57,570.75,1105.0,570.6849,30,
2026-03-27 11:22:00,570.57,570.61,570.45,570.56,9226.0,570.4992,105,
2026-03-27 11:23:00,570.55,570.55,570.48,570.48,2658.0,570.5191,49,
2026-03-27 11:24:00,570.45,570.65,570.41,570.55,4490.0,570.4746,77,
2026-03-27 11:25:00,570.47,570.47,570.33,570.33,1704.0,570.3908,58,
2026-03-27 11:26:00,570.48,570.72,570.42,570.55,2360.0,570.6247,41,
2026-03-27 11:27:00,570.61,570.82,570.6,570.66,1507.0,570.6774,61,
2026-03-27 11:28:00,570.64,570.64,570.57,570.61,1408.0,570.5939,35,
2026-03-27 11:29:00,570.74,570.75,570.68,570.71,1498.0,570.7314,39,
2026-03-27 11:30:00,570.8,570.9,570.7,570.82,4387.0,570.7892,97,
2026-03-27 11:31:00,570.76,570.77,570.53,570.53,1009.0,570.7158,42,
2026-03-27 11:32:00,570.52,570.72,570.52,570.7,1781.0,570.5981,31,
2026-03-27 11:33:00,570.59,570.72,570.55,570.57,3494.0,570.6061,54,
2026-03-27 11:34:00,570.58,570.64,570.5,570.63,1561.0,570.5551,57,
2026-03-27 11:35:00,570.71,570.84,570.52,570.52,917.0,570.7043,33,
2026-03-27 11:36:00,570.5,570.7,570.41,570.7,3102.0,570.5502,64,
2026-03-27 11:37:00,570.75,570.77,570.65,570.73,2626.0,570.7137,75,
2026-03-27 11:38:00,570.65,570.71,570.56,570.66,1927.0,570.6223,35,
2026-03-27 11:39:00,570.66,570.73,570.64,570.72,1233.0,570.6927,33,
2026-03-27 11:40:00,570.57,570.69,570.57,570.63,1768.0,570.6249,36,
2026-03-27 11:41:00,570.68,570.8,570.66,570.78,1152.0,570.7313,40,
2026-03-27 11:42:00,570.72,570.76,570.61,570.65,2696.0,570.6666,41,
2026-03-27 11:43:00,570.59,570.88,570.58,570.8,3018.0,570.7315,56,
2026-03-27 11:44:00,570.9,570.95,570.75,570.81,3196.0,570.875,55,
2026-03-27 11:45:00,570.82,570.88,570.77,570.83,2134.0,570.8508,41,
2026-03-27 11:46:00,570.93,571.15,570.93,571.06,12888.0,571.0489,149,
2026-03-27 11:47:00,571.03,571.19,571.02,571.17,2714.0,571.1373,52,
2026-03-27 11:48:00,571.18,571.35,571.18,571.35,7251.0,571.2745,142,
2026-03-27 11:49:00,571.31,571.31,571.14,571.28,5899.0,571.2398,87,
2026-03-27 11:50:00,571.3,571.41,571.25,571.25,3776.0,571.3351,64,
2026-03-27 11:51:00,571.22,571.28,571.12,571.14,7207.0,571.191,102,
2026-03-27 11:52:00,571.1,571.22,571.06,571.07,5679.0,571.1299,86,
2026-03-27 11:53:00,571.09,571.09,570.9,570.95,6699.0,571.0105,111,
2026-03-27 11:54:00,570.95,571.43,570.94,571.43,4402.0,571.2215,76,
2026-03-27 11:55:00,571.44,571.599,571.44,571.51,7329.0,571.5398,101,
2026-03-27 11:56:00,571.51,571.51,571.22,571.22,4090.0,571.3522,81,
2026-03-27 11:57:00,571.2,571.31,571.15,571.15,971.0,571.1968,39,
2026-03-27 11:58:00,571.17,571.18,570.97,571.01,7991.0,571.083,143,
2026-03-27 11:59:00,570.95,571.01,570.88,571.01,7718.0,570.9322,112,
2026-03-27 12:00:00,570.44,578.4,569.85,570.8917,377630.160271,573.6929,9497,
2026-03-27 12:01:00,576.01,578.35,570.73,570.75,30921.790533,576.524,914,
2026-03-27 12:02:00,571.9503,576.17,570.5897,570.78,28019.202562,571.3397,341,
2026-03-27 12:03:00,570.77,578.36,570.525,570.66,8344.944314,571.4335,269,
2026-03-27 12:04:00,570.7,570.71,570.4,570.53,7767.008001,570.518,205,
2026-03-27 12:05:00,570.45,570.49,570.17,570.2,10839.06357,570.3058,246,
2026-03-27 12:06:00,570.28,570.28,570.0,570.07,27427.0518,570.0705,542,
2026-03-27 12:07:00,570.09,570.3,570.06,570.21,5242.393199,570.1915,125,
2026-03-27 12:08:00,570.18,570.22,569.88,569.9317,13603.195012,570.0286,234,
2026-03-27 12:09:00,569.94,569.99,569.83,569.98,5195.885013,570.0129,132,
2026-03-27 12:10:00,569.95,569.99,569.75,569.77,12839.69742,569.8796,238,
2026-03-27 12:11:00,569.7705,570.18,569.77,570.13,21716.137312,570.0555,305,
2026-03-27 12:12:00,570.14,570.34,570.11,570.3035,20667.422204,570.2248,225,
2026-03-27 12:13:00,570.31,570.4,570.23,570.37,17655.168806,570.2915,266,
2026-03-27 12:14:00,570.33,570.39,570.15,570.15,4372.672619,570.3976,75,
2026-03-27 12:15:00,570.24,570.37,570.11,570.37,17677.662462,570.2294,199,
2026-03-27 12:16:00,570.3155,570.59,570.25,570.51,18294.302084,570.483,260,
2026-03-27 12:17:00,570.5,570.65,570.33,570.65,6214.579671,570.5303,142,
2026-03-27 12:18:00,570.712,570.86,570.68,570.76,13722.862158,570.8257,245,
2026-03-27 12:19:00,570.71,570.81,570.58,570.58,6770.505126,570.7621,118,
2026-03-27 12:20:00,570.5,577.62,570.17,570.17,12925.69226,573.7952,209,
2026-03-27 12:21:00,570.23,570.35,570.21,570.2761,5861.217697,570.2732,96,
2026-03-27 12:22:00,570.35,570.44,570.23,570.4193,9494.24049,570.3054,105,
2026-03-27 12:23:00,570.44,570.55,570.36,570.4,7578.133278,570.4732,149,
2026-03-27 12:24:00,570.38,570.67,570.35,570.61,15633.99545,570.5264,222,
2026-03-27 12:25:00,570.65,570.83,570.6,570.61,8760.680941,570.7438,142,
2026-03-27 12:26:00,570.59,570.59,570.38,570.5,6855.693447,570.5013,150,
2026-03-27 12:27:00,570.44,570.62,570.43,570.58,3673.164683,570.5637,94,
2026-03-27 12:28:00,570.62,570.66,570.44,570.54,14851.855596,570.637,167,
2026-03-27 12:29:00,570.53,570.7,570.48,570.7,16030.024814,570.5503,254,
2026-03-27 12:30:00,570.71,570.8,570.58,570.6,3210.339098,570.7688,91,
2026-03-27 12:31:00,570.64,570.65,570.38,570.49,9102.597763,570.5317,162,
2026-03-27 12:32:00,570.48,570.57,570.45,570.52,7713.576078,570.5773,87,
2026-03-27 12:33:00,570.49,570.4983,570.4,570.44,4321.979791,570.6029,94,
2026-03-27 12:34:00,570.4,570.5,570.0,570.11,14970.576114,570.2417,288,
2026-03-27 12:35:00,570.1302,570.19,569.77,569.91,20708.356719,569.9798,312,
2026-03-27 12:36:00,569.87,570.1,569.86,569.9,6438.111094,569.9827,160,
2026-03-27 12:37:00,569.91,570.0,569.9,569.9985,7390.763585,570.0023,136,
2026-03-27 12:38:00,569.98,569.98,569.82,569.8506,2382.884833,570.1097,81,
2026-03-27 12:39:00,570.07,570.33,570.06,570.33,5405.915529,570.241,160,
2026-03-27 12:40:00,570.2701,570.4,570.27,570.37,4285.681074,570.4037,122,
2026-03-27 12:41:00,570.32,570.54,570.26,570.39,8579.13134,570.455,143,
2026-03-27 12:42:00,570.4,570.44,570.15,570.17,13514.605779,570.2639,184,
2026-03-27 12:43:00,570.15,570.21,570.1,570.1,9879.104303,570.1781,165,
2026-03-27 12:44:00,570.06,570.26,569.9,570.26,6968.539042,570.1079,184,
2026-03-27 12:45:00,570.33,570.49,570.29,570.3298,12927.060717,570.3834,175,
2026-03-27 12:46:00,570.28,570.46,570.25,570.26,8993.006533,570.3731,175,
2026-03-27 12:47:00,570.22,570.22,569.88,570.09,19397.511599,570.0312,294,
2026-03-27 12:48:00,570.06,570.06,569.59,569.63,26375.870037,569.8419,406,
2026-03-27 12:49:00,569.65,569.76,569.44,569.59,30242.721436,569.5976,367,
2026-03-27 12:50:00,569.52,569.6,569.44,569.56,10690.336903,569.555,195,
2026-03-27 12:51:00,569.65,570.05,569.65,570.05,10517.042842,569.8991,202,
2026-03-27 12:52:00,569.9804,570.0155,569.84,569.98,11270.267645,569.9766,112,
2026-03-27 12:53:00,569.98,570.27,569.98,570.12,24521.707324,570.1225,296,
2026-03-27 12:54:00,570.04,570.18,570.01,570.02,16828.588028,570.089,169,
2026-03-27 12:55:00,570.04,570.08,569.99,570.02,5245.068642,570.0331,117,
2026-03-27 12:56:00,570.07,570.07,569.63,569.66,9591.036912,569.8456,216,
2026-03-27 12:57:00,569.66,569.75,569.61,569.72,16284.472713,569.7087,208,
2026-03-27 12:58:00,569.7173,569.94,569.7,569.86,6448.804248,569.8585,94,
2026-03-27 12:59:00,569.89,569.92,569.79,569.83,3008.302283,569.8902,85,
2026-03-27 13:00:00,569.82,569.9,569.42,569.51,23138.512668,569.6378,380,
2026-03-27 13:01:00,569.52,569.74,569.52,569.63,26044.26084,569.6189,287,
2026-03-27 13:02:00,569.5719,569.71,569.47,569.56,11780.245023,569.5892,193,
2026-03-27 13:03:00,569.5,569.5,569.11,569.32,24319.601371,569.2821,476,
2026-03-27 13:04:00,569.32,569.68,569.32,569.55,12534.870908,569.5563,229,
2026-03-27 13:05:00,569.61,569.61,569.37,569.39,2965.699059,569.5839,98,
2026-03-27 13:06:00,569.4,569.48,569.15,569.39,10945.567321,569.3033,262,
2026-03-27 13:07:00,569.36,569.46,569.17,569.38,13798.673293,569.3539,200,
2026-03-27 13:08:00,569.38,569.59,569.3401,569.58,9587.585928,569.4985,151,
2026-03-27 13:09:00,569.45,569.47,569.06,569.27,13420.83044,569.2423,254,
2026-03-27 13:10:00,569.33,569.36,568.9,569.11,13765.715399,569.0739,421,
2026-03-27 13:11:00,569.1,569.17,568.88,569.1,14462.387172,569.0541,210,
2026-03-27 13:12:00,569.1,569.34,568.95,569.14,13606.971264,569.1504,199,
2026-03-27 13:13:00,569.1211,569.3239,568.93,569.32,9390.512627,569.1801,163,
2026-03-27 13:14:00,569.31,569.35,569.1047,569.23,6816.168282,569.2522,127,
2026-03-27 13:15:00,569.25,569.58,569.18,569.49,26107.152227,569.3383,371,
2026-03-27 13:16:00,569.5078,569.76,569.5078,569.65,20559.104852,569.6696,303,
2026-03-27 13:17:00,569.54,569.8,569.5254,569.75,9370.549893,569.6457,133,
2026-03-27 13:18:00,569.71,569.8,569.59,569.8,8249.563811,569.7203,179,
2026-03-27 13:19:00,569.8,569.91,569.73,569.79,6491.678169,569.8787,146,
2026-03-27 13:20:00,569.82,570.3,569.8137,570.3,20035.086265,570.1194,284,
2026-03-27 13:21:00,570.3161,570.4,570.15,570.25,23248.543361,570.2811,300,
2026-03-27 13:22:00,570.27,570.3,570.03,570.1896,10081.825204,570.2521,218,
2026-03-27 13:23:00,570.1,570.18,570.0,570.0564,6278.270284,570.1046,179,
2026-03-27 13:24:00,570.09,570.5,570.08,570.45,13594.069377,570.3295,221,
2026-03-27 13:25:00,570.37,570.81,570.35,570.46,29617.309249,570.5417,438,
2026-03-27 13:26:00,570.46,570.67,570.44,570.63,13926.199701,570.5391,198,
2026-03-27 13:27:00,570.66,570.67,570.31,570.49,27057.730983,570.5216,337,
2026-03-27 13:28:00,570.47,570.84,570.4,570.76,65020.308688,570.6931,519,
2026-03-27 13:29:00,570.76,571.02,570.66,570.82,55940.861447,570.8616,460,
2026-03-27 13:30:00,570.81,571.02,570.21,570.58,1099207.187915,570.6297,16720,
2026-03-27 13:31:00,570.56,570.65,569.77,569.81,618724.701241,570.2482,11409,
2026-03-27 13:32:00,569.81,569.86,569.16,569.65,380083.636929,569.5426,7825,
2026-03-27 13:33:00,569.65,569.69,569.02,569.02,306340.072705,569.3937,6667,
2026-03-27 13:34:00,569.02,569.23,568.46,568.635,419970.868752,568.7589,6975,
2026-03-27 13:35:00,568.64,568.77,568.08,568.385,526498.158056,568.3743,9877,
2026-03-27 13:36:00,568.37,568.795,567.9,568.22,601544.208321,568.3849,9058,
2026-03-27 13:37:00,568.23,569.39,568.21,569.2,501838.663563,568.8795,8335,
2026-03-27 13:38:00,569.19,569.63,569.03,569.46,379613.010814,569.3204,7227,
2026-03-27 13:39:00,569.445,569.845,569.28,569.37,286230.88709,569.5746,5202,
2026-03-27 13:40:00,569.38,569.88,569.13,569.64,333755.521974,569.5153,5607,
2026-03-27 13:41:00,569.65,570.04,569.01,569.38,312309.118271,569.4387,5322,
2026-03-27 13:42:00,569.37,569.42,568.95,569.11,288062.538399,569.1561,6006,
2026-03-27 13:43:00,569.13,569.495,568.8188,569.297,248648.580444,569.0971,5436,
2026-03-27 13:44:00,569.27,569.645,569.23,569.2825,307351.887583,569.4764,5915,
2026-03-27 13:45:00,569.28,570.22,569.24,569.975,343900.937273,569.8121,6209,
2026-03-27 13:46:00,569.98,570.47,569.86,570.335,282730.207937,570.2046,6483,
2026-03-27 13:47:00,570.32,570.5001,570.14,570.33,272161.835622,570.2868,5402,
2026-03-27 13:48:00,570.31,570.615,570.07,570.4601,221825.931965,570.349,5174,
2026-03-27 13:49:00,570.44,570.555,569.73,569.875,260495.100063,570.1806,6048,
2026-03-27 13:50:00,569.88,570.12,568.74,568.78,290918.289261,569.4135,7308,
2026-03-27 13:51:00,568.79,569.0999,568.23,568.24,285330.949354,568.6252,7042,
2026-03-27 13:52:00,568.24,568.51,568.05,568.145,295802.858521,568.2297,7740,
2026-03-27 13:53:00,568.16,568.4,567.58,567.925,305931.514096,567.9215,7491,
2026-03-27 13:54:00,567.93,568.06,567.68,567.69,259215.580314,567.8717,5267,
2026-03-27 13:55:00,567.71,567.74,567.08,567.26,324656.059609,567.3122,7394,
2026-03-27 13:56:00,567.28,567.3,566.66,566.96,356131.524487,566.9977,7660,
2026-03-27 13:57:00,566.99,567.03,566.65,566.6905,252950.743356,566.8202,5806,
2026-03-27 13:58:00,566.7,566.89,566.4,566.46,209611.666425,566.626,5496,
2026-03-27 13:59:00,566.49,567.15,566.46,566.71,243288.679739,566.846,5828,
2026-03-27 14:00:00,566.71,567.38,566.15,567.27,501784.053852,566.6922,9315,
2026-03-27 14:01:00,567.25,567.47,566.55,566.8275,250589.368067,567.0211,6151,
2026-03-27 14:02:00,566.84,567.45,566.69,567.42,381207.209721,566.9784,7249,
2026-03-27 14:03:00,567.44,567.56,566.89,567.05,379117.577215,567.2678,7692,
2026-03-27 14:04:00,567.05,567.44,567.025,567.31,211163.27834,567.2609,4752,
2026-03-27 14:05:00,567.33,567.52,566.96,567.34,241660.056213,567.2336,6320,
2026-03-27 14:06:00,567.3475,567.41,566.98,567.1,182500.028578,567.2146,5178,
2026-03-27 14:07:00,567.14,567.37,566.73,567.2414,278317.595136,567.0318,6318,
2026-03-27 14:08:00,567.27,567.36,566.65,566.73,201893.573627,566.9571,5651,
2026-03-27 14:09:00,566.74,566.945,566.63,566.69,256367.137205,566.8076,5865,
2026-03-27 14:10:00,566.7,567.28,566.66,566.97,199662.539767,566.9956,5489,
2026-03-27 14:11:00,566.99,567.65,566.89,567.52,278607.047931,567.2832,6911,
2026-03-27 14:12:00,567.52,568.07,567.52,567.83,416826.418881,567.846,8237,
2026-03-27 14:13:00,567.83,567.94,567.12,567.1201,181066.819487,567.5959,4548,
2026-03-27 14:14:00,567.13,567.82,567.08,567.64,225265.209837,567.4139,4529,
2026-03-27 14:15:00,567.63,568.04,567.45,568.0,232882.590692,567.7581,4987,
2026-03-27 14:16:00,567.99,568.43,567.845,568.22,265248.774457,568.1337,6210,
2026-03-27 14:17:00,568.26,568.46,568.03,568.46,148994.472399,568.224,4266,
2026-03-27 14:18:00,568.45,568.47,567.77,567.995,165864.698104,568.0893,4884,
2026-03-27 14:19:00,568.02,568.26,567.89,568.1,155260.330884,568.0793,4077,
2026-03-27 14:20:00,568.08,568.43,568.06,568.4007,205873.039331,568.0962,5174,
2026-03-27 14:21:00,568.39,568.44,567.74,567.9,188888.704734,568.0686,5663,
2026-03-27 14:22:00,567.91,567.975,566.85,567.05,253331.734472,567.4522,6990,
2026-03-27 14:23:00,567.05,567.39,566.87,566.8701,199851.578392,567.0994,5229,
2026-03-27 14:24:00,566.89,567.34,566.82,567.21,223803.23031,567.1295,5021,
2026-03-27 14:25:00,567.23,567.72,567.185,567.32,163296.018387,567.4443,4881,
2026-03-27 14:26:00,567.32,567.4,566.72,566.83,181693.33134,567.0333,6005,
2026-03-27 14:27:00,566.84,566.98,566.62,566.74,150357.479523,566.7864,5262,
2026-03-27 14:28:00,566.74,566.94,566.59,566.67,148720.249955,566.7398,4719,
2026-03-27 14:29:00,566.68,566.77,566.49,566.53,198069.354344,566.618,5735,
2026-03-27 14:30:00,566.52,566.86,566.45,566.665,144810.693537,566.7263,4890,
2026-03-27 14:31:00,566.664,567.25,566.615,567.2,226479.592456,566.9885,5806,
2026-03-27 14:32:00,567.18,567.18,566.56,566.72,152386.505281,566.802,4676,
2026-03-27 14:33:00,566.725,567.06,566.63,566.86,137912.202426,566.7969,4290,
2026-03-27 14:34:00,566.88,567.14,566.78,566.99,175974.418196,566.9451,4802,
2026-03-27 14:35:00,567.0,567.12,566.52,566.79,131033.840884,566.8605,4382,
2026-03-27 14:36:00,566.8,566.96,566.58,566.73,112881.583035,566.7886,4107,
2026-03-27 14:37:00,566.74,566.78,566.5657,566.58,108390.885504,566.6796,4289,
2026-03-27 14:38:00,566.6,566.64,565.83,566.1275,330944.930151,566.1751,9416,
2026-03-27 14:39:00,566.12,566.355,565.96,566.05,162673.133657,566.1781,4533,
2026-03-27 14:40:00,566.05,566.58,565.96,566.44,205544.10436,566.2441,5562,
2026-03-27 14:41:00,566.43,566.44,566.02,566.13,118813.506833,566.2032,3882,
2026-03-27 14:42:00,566.14,566.47,566.05,566.34,146384.22275,566.3293,4322,
2026-03-27 14:43:00,566.33,566.36,565.97,566.01,149892.666206,566.1339,4610,
2026-03-27 14:44:00,566.02,566.3,566.0,566.3,142296.492834,566.1171,3934,
2026-03-27 14:45:00,566.32,566.68,566.1,566.14,220419.230994,566.4336,5464,
2026-03-27 14:46:00,566.145,566.28,565.66,566.16,241785.50943,566.0027,6018,
2026-03-27 14:47:00,566.17,566.84,566.14,566.7696,196937.347048,566.4562,5030,
2026-03-27 14:48:00,566.765,567.0,566.59,566.9697,295337.489879,566.8648,6280,
2026-03-27 14:49:00,566.96,567.59,566.85,567.56,242238.686207,567.1479,5744,
2026-03-27 14:50:00,567.56,567.92,567.32,567.88,212980.618266,567.5766,5221,
2026-03-27 14:51:00,567.86,567.985,567.4,567.405,154571.317328,567.6917,4207,
2026-03-27 14:52:00,567.38,567.8,567.32,567.66,168509.432995,567.5619,4283,
2026-03-27 14:53:00,567.66,567.69,567.11,567.22,141314.149913,567.3835,4136,
2026-03-27 14:54:00,567.22,567.39,566.74,566.85,176853.353975,567.0328,4583,
2026-03-27 14:55:00,566.86,567.23,566.83,567.1,181482.743452,567.0703,4333,
2026-03-27 14:56:00,567.09,567.34,567.05,567.23,135218.116675,567.1901,3644,
2026-03-27 14:57:00,567.23,567.26,567.01,567.26,131209.974883,567.1209,3530,
2026-03-27 14:58:00,567.26,567.49,567.11,567.2299,97861.475061,567.3001,3319,
2026-03-27 14:59:00,567.23,567.48,567.23,567.36,81270.658666,567.3674,3204,
2026-03-27 15:00:00,567.35,567.77,567.18,567.38,169589.692386,567.4807,4584,
2026-03-27 15:01:00,567.38,567.495,567.21,567.34,130097.613402,567.3673,4378,
2026-03-27 15:02:00,567.35,567.77,567.32,567.62,115003.515974,567.5728,3734,
2026-03-27 15:03:00,567.62,567.95,567.43,567.9,107977.587272,567.6851,3856,
2026-03-27 15:04:00,567.89,568.075,567.805,567.89,239480.281321,567.9494,5067,
2026-03-27 15:05:00,567.9,568.05,567.67,567.97,182666.682115,567.841,4626,
2026-03-27 15:06:00,567.97,568.41,567.55,567.58,323325.948846,567.9695,6628,
2026-03-27 15:07:00,567.59,567.75,567.31,567.32,169165.02838,567.5151,4580,
2026-03-27 15:08:00,567.31,567.72,567.2,567.66,169553.76003,567.4743,4607,
2026-03-27 15:09:00,567.63,567.67,567.2901,567.44,191063.062503,567.4899,4783,
2026-03-27 15:10:00,567.47,567.63,567.26,567.3568,156147.800268,567.415,4333,
2026-03-27 15:11:00,567.38,567.66,567.1,567.23,132380.090833,567.3553,4007,
2026-03-27 15:12:00,567.22,567.25,566.94,567.15,118106.890573,567.1032,4145,
2026-03-27 15:13:00,567.15,567.23,566.96,567.16,99514.084041,567.108,3528,
2026-03-27 15:14:00,567.15,567.56,566.945,566.965,138538.411327,567.2653,4521,
2026-03-27 15:15:00,566.97,567.05,566.58,566.7499,135666.235417,566.8216,4398,
2026-03-27 15:16:00,566.75,566.94,566.58,566.745,156289.635944,566.7782,4143,
2026-03-27 15:17:00,566.74,566.92,566.18,566.2822,204276.168026,566.4963,5682,
2026-03-27 15:18:00,566.3,566.59,566.3,566.48,187861.779267,566.5101,3901,
2026-03-27 15:19:00,566.47,566.605,566.41,566.52,97751.206551,566.5013,3325,
2026-03-27 15:20:00,566.53,566.585,566.15,566.2,148254.355883,566.3546,4454,
2026-03-27 15:21:00,566.21,566.41,566.09,566.405,100664.541196,566.2317,3578,
2026-03-27 15:22:00,566.41,566.775,566.33,566.58,119374.356661,566.5528,3969,
2026-03-27 15:23:00,566.58,568.69,566.58,568.5,743980.569866,567.7068,12861,
2026-03-27 15:24:00,568.47,568.52,567.43,567.53,392097.580905,567.9655,7953,
2026-03-27 15:25:00,567.53,567.78,567.33,567.655,126844.553405,567.544,4025,
2026-03-27 15:26:00,567.65,568.09,567.6,568.0,144596.628569,567.855,3955,
2026-03-27 15:27:00,568.05,568.41,567.7401,568.375,331594.572102,568.1571,6231,
2026-03-27 15:28:00,568.39,568.5,568.17,568.41,406807.923631,568.3372,8078,
2026-03-27 15:29:00,568.42,568.45,567.95,568.45,168043.771161,568.1463,4479,
2026-03-27 15:30:00,568.46,569.01,568.16,568.9,216110.54905,568.587,5303,
2026-03-27 15:31:00,568.89,569.5,568.71,569.27,344564.312967,569.2066,7345,
2026-03-27 15:32:00,569.28,569.62,569.03,569.425,214024.298351,569.2905,5742,
2026-03-27 15:33:00,569.41,569.69,569.315,569.62,357428.262494,569.4971,8020,
2026-03-27 15:34:00,569.6,569.68,569.26,569.42,240303.657026,569.4744,6062,
2026-03-27 15:35:00,569.42,569.575,569.27,569.42,157385.746882,569.44,4332,
2026-03-27 15:36:00,569.42,569.47,568.955,569.39,214389.0067,569.188,5133,
2026-03-27 15:37:00,569.38,569.71,568.97,569.23,335073.822574,569.404,6485,
2026-03-27 15:38:00,569.22,569.25,568.7001,568.89,186861.638892,568.9587,4729,
2026-03-27 15:39:00,568.89,568.94,568.45,568.6,171493.251622,568.7331,4448,
2026-03-27 15:40:00,568.6,568.63,567.85,568.05,323092.987822,568.2482,6711,
2026-03-27 15:41:00,568.06,568.185,567.56,567.74,201701.673048,567.8438,5075,
2026-03-27 15:42:00,567.75,568.06,567.6,567.96,151462.280937,567.8659,3853,
2026-03-27 15:43:00,567.95,568.24,567.9001,568.13,136072.972455,568.0983,3577,
2026-03-27 15:44:00,568.15,568.37,568.08,568.11,233991.781727,568.202,5306,
2026-03-27 15:45:00,568.11,568.46,568.07,568.3,126384.830885,568.2508,3477,
2026-03-27 15:46:00,568.28,568.355,568.01,568.355,172438.003632,568.1269,4171,
2026-03-27 15:47:00,568.35,568.645,568.25,568.38,171560.281347,568.4208,4269,
2026-03-27 15:48:00,568.39,568.62,568.34,568.465,88745.358273,568.4891,2855,
2026-03-27 15:49:00,568.48,568.62,568.39,568.52,227252.276296,568.5215,3679,
2026-03-27 15:50:00,568.52,568.84,568.41,568.74,192935.866488,568.669,3500,
2026-03-27 15:51:00,568.73,568.95,568.53,568.75,107162.42782,568.729,2155,
2026-03-27 15:52:00,568.74,568.85,568.39,568.42,200537.563523,568.634,3704,
2026-03-27 15:53:00,568.43,568.64,568.38,568.47,163912.155022,568.4743,2947,
2026-03-27 15:54:00,568.47,568.72,568.37,568.56,224342.078374,568.5086,2549,
2026-03-27 15:55:00,568.585,568.7,568.46,568.53,82491.273928,568.555,1720,
2026-03-27 15:56:00,568.57,568.74,568.4,568.44,97352.805342,568.5426,2379,
2026-03-27 15:57:00,568.41,568.54,568.3,568.48,151803.860021,568.4044,3132,
2026-03-27 15:58:00,568.48,568.69,568.31,568.33,124787.918234,568.5026,2531,
2026-03-27 15:59:00,568.32,568.4,568.17,568.2934,167558.728562,568.2867,3567,
2026-03-27 16:00:00,568.3,568.46,567.99,568.04,163651.421417,568.247,2940,
2026-03-27 16:01:00,568.05,568.08,567.7,567.8,180291.73624,567.9123,2973,
2026-03-27 16:02:00,567.79,568.21,567.78,568.14,186235.946626,568.4637,2527,
2026-03-27 16:03:00,568.15,568.41,568.04,568.07,86286.121615,568.2158,1884,
2026-03-27 16:04:00,568.08,568.21,567.965,568.04,115046.906065,568.0621,2271,
2026-03-27 16:05:00,568.05,568.105,567.96,567.97,226944.178236,568.1147,1718,
2026-03-27 16:06:00,567.97,568.0,567.79,567.9188,181851.030467,567.8846,3339,
2026-03-27 16:07:00,567.92,568.02,567.66,567.73,170393.298496,567.8478,3138,
2026-03-27 16:08:00,567.74,567.76,567.27,567.345,197184.901433,567.4853,4020,
2026-03-27 16:09:00,567.35,567.545,567.2,567.21,77865.567207,567.432,1788,
2026-03-27 16:10:00,567.22,567.285,567.06,567.1403,102735.929573,567.1722,2337,
2026-03-27 16:11:00,567.15,567.17,566.88,566.92,241102.432395,566.9969,4654,
2026-03-27 16:12:00,566.95,567.25,566.92,567.05,224403.27929,567.0678,3670,
2026-03-27 16:13:00,567.08,567.44,567.05,567.27,129756.867729,567.3384,2594,
2026-03-27 16:14:00,567.28,567.47,567.18,567.47,64824.535095,567.3297,1404,
2026-03-27 16:15:00,567.48,567.53,567.04,567.07,166498.224917,567.1455,3028,
2026-03-27 16:16:00,567.07,567.2,566.92,566.9999,184906.531164,567.0574,3342,
2026-03-27 16:17:00,566.97,567.105,566.86,567.1,237529.651455,566.9628,4315,
2026-03-27 16:18:00,567.1,567.23,566.99,567.08,184947.951603,567.09,2921,
2026-03-27 16:19:00,567.08,567.11,566.9601,567.06,80591.024668,567.0453,1667,
2026-03-27 16:20:00,567.07,567.33,566.97,567.2901,153913.548219,567.1686,2953,
2026-03-27 16:21:00,567.3,567.42,567.05,567.105,82008.538129,567.2829,2103,
2026-03-27 16:22:00,567.11,567.2,567.01,567.07,107778.503971,567.0816,2255,
2026-03-27 16:23:00,567.07,567.34,567.06,567.2,97367.376748,567.2497,1971,
2026-03-27 16:24:00,567.2,567.2,566.91,566.94,181848.005161,566.9842,3413,
2026-03-27 16:25:00,566.94,566.97,566.58,566.75,247424.640649,566.8539,4059,
2026-03-27 16:26:00,566.76,566.83,566.49,566.615,119928.220973,566.6275,2596,
2026-03-27 16:27:00,566.62,566.81,566.57,566.78,133198.731527,566.7025,2326,
2026-03-27 16:28:00,566.77,566.785,566.47,566.595,117182.242311,566.6449,2534,
2026-03-27 16:29:00,566.6,566.69,566.475,566.67,91791.592999,566.5775,1981,
2026-03-27 16:30:00,566.67,566.85,566.65,566.78,131502.638059,566.7763,2568,
2026-03-27 16:31:00,566.78,566.85,566.605,566.67,96801.027001,566.7178,1891,
2026-03-27 16:32:00,566.67,566.7,566.51,566.55,100705.031147,566.5973,2409,
2026-03-27 16:33:00,566.55,566.7,566.49,566.65,98868.286972,566.6021,2385,
2026-03-27 16:34:00,566.64,566.66,566.485,566.56,80264.698504,566.5644,2050,
2026-03-27 16:35:00,566.56,566.6499,566.475,566.5601,95977.487683,566.5574,2335,
2026-03-27 16:36:00,566.58,566.64,566.395,566.46,155990.627456,566.5057,3313,
2026-03-27 16:37:00,566.44,566.45,565.93,566.11,198111.289185,566.1441,5361,
2026-03-27 16:38:00,566.11,566.28,565.91,565.975,133116.898748,566.0681,3137,
2026-03-27 16:39:00,565.98,566.13,565.94,565.98,96229.381645,566.0576,2080,
2026-03-27 16:40:00,565.975,566.01,565.74,565.91,145608.735576,565.9,3327,
2026-03-27 16:41:00,565.91,566.38,565.91,566.3,141262.445898,566.191,2901,
2026-03-27 16:42:00,566.31,566.59,566.2,566.24,144843.646939,566.4154,2967,
2026-03-27 16:43:00,566.225,566.66,566.14,566.48,171847.28149,566.4409,2820,
2026-03-27 16:44:00,566.45,566.57,566.32,566.47,99653.748544,566.4427,2255,
2026-03-27 16:45:00,566.465,566.64,566.3,566.545,103556.220318,566.4856,2436,
2026-03-27 16:46:00,566.55,567.06,566.55,566.95,184947.716146,566.8554,3676,
2026-03-27 16:47:00,566.95,567.17,566.85,567.08,165204.019597,567.0136,3142,
2026-03-27 16:48:00,567.08,567.3,566.92,567.22,126463.268721,567.1132,2570,
2026-03-27 16:49:00,567.22,567.38,567.19,567.2879,115986.810438,567.278,2416,
2026-03-27 16:50:00,567.27,567.415,566.87,567.05,125499.244393,567.1545,3073,
2026-03-27 16:51:00,567.04,567.25,566.78,566.88,95711.206907,567.0246,2343,
2026-03-27 16:52:00,566.89,566.89,566.51,566.555,102250.664652,566.699,2470,
2026-03-27 16:53:00,566.55,566.655,566.47,566.6399,82305.895238,566.6106,1781,
2026-03-27 16:54:00,566.65,566.82,566.57,566.62,77872.402917,566.7081,1637,
2026-03-27 16:55:00,566.635,566.66,566.45,566.47,106536.497432,566.4535,1993,
2026-03-27 16:56:00,566.48,566.55,566.38,566.53,63469.793131,566.4805,1502,
2026-03-27 16:57:00,566.55,566.57,566.39,566.461,63517.350745,566.515,1652,
2026-03-27 16:58:00,566.48,566.56,566.39,566.47,51721.024725,566.4584,1276,
2026-03-27 16:59:00,566.44,566.5299,566.4,566.45,48472.469295,566.4532,1344,
2026-03-27 17:00:00,566.45,566.6,566.03,566.0799,148205.327263,566.3059,2979,
2026-03-27 17:01:00,566.08,566.21,565.79,565.99,208392.597244,565.9618,3896,
2026-03-27 17:02:00,565.99,566.02,565.87,565.92,109227.142787,566.1575,1764,
2026-03-27 17:03:00,565.93,566.08,565.91,565.99,96905.911013,565.9948,1982,
2026-03-27 17:04:00,566.0,566.26,565.965,566.14,89488.224167,566.0948,2033,
2026-03-27 17:05:00,566.15,566.26,565.85,565.945,148696.065313,566.1218,2276,
2026-03-27 17:06:00,565.91,567.29,565.84,567.27,250857.44841,566.4983,4951,
2026-03-27 17:07:00,567.27,567.76,566.4297,566.72,551604.553157,567.1108,9932,
2026-03-27 17:08:00,566.71,566.9,566.4,566.52,184148.810198,566.6181,3043,
2026-03-27 17:09:00,566.54,566.94,566.53,566.765,95143.144807,566.6916,1970,
2026-03-27 17:10:00,566.73,566.83,566.4,566.4234,120833.891703,566.624,2716,
2026-03-27 17:11:00,566.42,566.55,566.23,566.34,116843.358696,566.3389,2793,
2026-03-27 17:12:00,566.33,566.4,566.15,566.21,104960.828865,566.2721,2525,
2026-03-27 17:13:00,566.2,566.33,565.9802,566.095,69578.990192,566.1588,2230,
2026-03-27 17:14:00,566.06,566.34,566.01,566.265,74252.743581,566.1823,1949,
2026-03-27 17:15:00,566.28,566.32,566.03,566.0801,65671.262567,566.167,1636,
2026-03-27 17:16:00,566.09,566.11,565.9,566.02,75964.602752,566.0199,1973,
2026-03-27 17:17:00,566.02,566.05,565.51,565.65,154489.852329,565.7554,3537,
2026-03-27 17:18:00,565.67,565.77,565.535,565.57,165372.220366,565.6313,2927,
2026-03-27 17:19:00,565.58,565.59,565.435,565.54,118068.957475,565.5083,2488,
2026-03-27 17:20:00,565.54,565.55,565.04,565.23,234169.531839,565.2211,4393,
2026-03-27 17:21:00,565.245,565.35,565.04,565.06,90116.969345,565.2057,2276,
2026-03-27 17:22:00,565.06,565.27,564.99,565.24,238033.931773,565.1018,7422,
2026-03-27 17:23:00,565.24,565.24,565.08,565.2,53745.634401,565.1783,1234,
2026-03-27 17:24:00,565.2,565.36,565.165,565.22,93119.3297,565.2503,1973,
2026-03-27 17:25:00,565.23,565.23,564.9,564.93,126855.679395,565.0534,2608,
2026-03-27 17:26:00,564.93,564.96,564.72,564.74,237706.475929,564.8492,4215,
2026-03-27 17:27:00,564.74,564.77,564.34,564.405,187221.480893,564.5546,4150,
2026-03-27 17:28:00,564.41,564.53,564.21,564.35,156114.201487,564.388,3102,
2026-03-27 17:29:00,564.345,564.3501,564.15,564.19,180640.540144,564.2431,3089,
2026-03-27 17:30:00,564.17,564.5,564.15,564.36,167472.677097,564.3754,3792,
2026-03-27 17:31:00,564.35,564.535,564.32,564.395,100012.019675,564.402,2405,
2026-03-27 17:32:00,564.39,564.57,564.32,564.535,182493.436171,564.409,3651,
2026-03-27 17:33:00,564.54,564.71,564.48,564.63,184974.223076,564.5863,3403,
2026-03-27 17:34:00,564.63,564.83,564.62,564.73,152063.077948,564.7076,3207,
2026-03-27 17:35:00,564.74,564.915,564.655,564.84,146734.779117,564.762,2983,
2026-03-27 17:36:00,564.855,564.855,564.62,564.71,102712.221461,564.7212,2597,
2026-03-27 17:37:00,564.72,564.72,564.48,564.61,203341.004981,564.6075,4351,
2026-03-27 17:38:00,564.62,564.67,564.395,564.53,97886.43035,564.5547,2218,
2026-03-27 17:39:00,564.5246,564.545,564.41,564.435,55300.625423,564.4685,1637,
2026-03-27 17:40:00,564.4325,564.46,564.2487,564.26,122406.841835,564.5321,2124,
2026-03-27 17:41:00,564.28,564.28,564.03,564.08,90436.643272,564.148,2552,
2026-03-27 17:42:00,564.08,564.11,563.955,564.075,206117.866611,564.0225,4674,
2026-03-27 17:43:00,564.08,564.155,563.8,563.8535,100992.38828,563.962,2606,
2026-03-27 17:44:00,563.89,563.92,563.78,563.91,139013.45045,563.8492,3014,
2026-03-27 17:45:00,563.885,564.23,563.85,563.89,230292.535602,563.9932,4532,
2026-03-27 17:46:00,563.89,563.92,563.81,563.9,153810.415995,563.8602,3381,
2026-03-27 17:47:00,563.9,564.05,563.78,563.96,105174.172725,563.9337,2500,
2026-03-27 17:48:00,563.97,564.015,563.75,563.85,129754.121475,563.8438,2836,
2026-03-27 17:49:00,563.86,564.05,563.77,563.81,155558.937747,563.889,3111,
2026-03-27 17:50:00,563.79,563.9799,563.72,563.82,175204.248626,563.8557,3592,
2026-03-27 17:51:00,563.82,563.985,563.82,563.96,116692.435211,563.9241,2274,
2026-03-27 17:52:00,563.97,564.07,563.82,563.93,141314.358611,564.0121,2042,
2026-03-27 17:53:00,563.92,564.0,563.83,563.865,141959.994415,563.931,2544,
2026-03-27 17:54:00,563.85,563.89,563.7,563.88,307228.661455,563.8026,4539,
2026-03-27 17:55:00,563.88,563.975,563.8,563.825,138021.109682,563.8965,2569,
2026-03-27 17:56:00,563.82,563.9199,563.53,563.58,140826.911243,563.7053,3431,
2026-03-27 17:57:00,563.59,563.77,563.36,563.71,221918.320519,563.5337,4849,
2026-03-27 17:58:00,563.7,563.82,563.59,563.74,154775.3707,563.7194,2524,
2026-03-27 17:59:00,563.75,563.885,563.69,563.69,131180.638507,563.7852,2492,
2026-03-27 18:00:00,563.69,563.82,563.62,563.72,148319.696564,563.7178,2201,
2026-03-27 18:01:00,563.725,563.815,563.67,563.741,84542.86362,563.7374,1919,
2026-03-27 18:02:00,563.745,563.745,563.52,563.58,209201.634982,563.6589,3541,
2026-03-27 18:03:00,563.57,563.7,563.53,563.565,105329.569738,563.6176,4589,
2026-03-27 18:04:00,563.58,563.63,563.5,563.565,151364.565689,563.5977,8482,
2026-03-27 18:05:00,563.57,563.79,563.47,563.5,149022.403771,563.6404,2499,
2026-03-27 18:06:00,563.5,563.54,563.37,563.4001,117848.697041,563.4537,2563,
2026-03-27 18:07:00,563.4,563.49,563.14,563.28,275471.281246,563.2753,4874,
2026-03-27 18:08:00,563.29,563.43,563.205,563.25,128415.451382,563.3102,2925,
2026-03-27 18:09:00,563.25,563.31,563.085,563.12,154298.341566,563.1898,3469,
2026-03-27 18:10:00,563.12,563.205,562.92,563.16,266913.619803,563.0513,5766,
2026-03-27 18:11:00,563.16,563.33,563.16,563.245,187793.937159,563.2558,3626,
2026-03-27 18:12:00,563.24,563.27,563.02,563.12,109632.342036,563.113,2754,
2026-03-27 18:13:00,563.12,563.255,563.01,563.0799,126964.399337,563.1192,2551,
2026-03-27 18:14:00,563.07,563.47,563.05,563.37,181383.167898,563.2748,3560,
2026-03-27 18:15:00,563.37,563.57,563.29,563.46,186408.753318,563.4544,3591,
2026-03-27 18:16:00,563.45,563.52,563.16,563.42,262270.555021,567.4788,3322,
2026-03-27 18:17:00,563.43,563.69,563.38,563.55,170466.628393,563.5515,2991,
2026-03-27 18:18:00,563.55,563.97,563.55,563.78,216451.121977,563.7918,4344,
2026-03-27 18:19:00,563.77,563.98,563.73,563.92,133043.48309,563.8248,2785,
2026-03-27 18:20:00,563.925,564.12,563.82,563.93,167222.075697,563.9605,3255,
2026-03-27 18:21:00,563.93,564.06,563.79,563.9299,181474.700998,563.9244,3591,
2026-03-27 18:22:00,563.93,564.01,563.69,563.83,161501.570851,563.8629,3063,
2026-03-27 18:23:00,563.84,563.84,563.61,563.65,146817.710221,563.7029,3124,
2026-03-27 18:24:00,563.65,563.66,563.35,563.49,163567.738914,563.5166,3511,
2026-03-27 18:25:00,563.52,563.595,563.39,563.54,129930.455584,563.4926,2425,
2026-03-27 18:26:00,563.54,563.64,563.44,563.63,62824.255169,563.5542,1710,
2026-03-27 18:27:00,563.61,563.89,563.54,563.7,143347.922526,563.668,3028,
2026-03-27 18:28:00,563.71,563.855,563.61,563.8,85896.36065,563.7351,2038,
2026-03-27 18:29:00,563.805,563.92,563.71,563.75,77148.683831,563.8138,1969,
2026-03-27 18:30:00,563.73,563.94,563.62,563.8899,92282.003751,563.7696,2407,
2026-03-27 18:31:00,563.89,563.92,563.72,563.76,139164.233367,563.792,2737,
2026-03-27 18:32:00,563.77,563.87,563.655,563.79,96126.256118,563.7738,2539,
2026-03-27 18:33:00,563.79,563.79,563.57,563.7399,129793.213681,563.6769,2865,
2026-03-27 18:34:00,563.73,563.97,563.67,563.8734,154375.221202,563.815,3321,
2026-03-27 18:35:00,563.88,563.9,563.51,563.651,105722.368611,563.6662,2666,
2026-03-27 18:36:00,563.66,563.76,563.6,563.65,87066.788607,563.6676,2116,
2026-03-27 18:37:00,563.66,563.95,563.65,563.7639,126284.286402,563.8164,2622,
2026-03-27 18:38:00,563.76,563.775,563.55,563.565,85922.017746,563.6921,1917,
2026-03-27 18:39:00,563.565,563.71,563.485,563.705,98059.501381,563.6129,2367,
2026-03-27 18:40:00,563.71,563.78,563.54,563.64,129741.060123,563.6425,2744,
2026-03-27 18:41:00,563.65,563.88,563.61,563.81,113250.966004,563.7614,2718,
2026-03-27 18:42:00,563.82,563.9,563.35,563.88,189257.528943,563.6577,4264,
2026-03-27 18:43:00,563.9,564.56,563.8,563.96,387316.205444,564.0941,6918,
2026-03-27 18:44:00,563.96,563.98,563.74,563.83,142714.259347,563.8601,3089,
2026-03-27 18:45:00,563.83,563.87,563.6799,563.7956,105765.638304,563.7801,2043,
2026-03-27 18:46:00,563.8,563.91,563.43,563.615,138507.453989,563.6648,3235,
2026-03-27 18:47:00,563.6,563.645,563.39,563.4899,92680.921086,563.5305,2573,
2026-03-27 18:48:00,563.46,563.6,563.37,563.5,87791.062633,563.472,2047,
2026-03-27 18:49:00,563.48,563.64,563.42,563.43,84436.429153,563.5137,2045,
2026-03-27 18:50:00,563.445,563.58,563.385,563.5113,69508.535159,563.5034,1762,
2026-03-27 18:51:00,563.49,563.59,563.41,563.45,79808.704044,563.5185,1787,
2026-03-27 18:52:00,563.46,563.51,563.37,563.43,304729.014525,563.4316,2296,
2026-03-27 18:53:00,563.44,563.45,562.91,563.13,242897.432052,563.1021,4851,
2026-03-27 18:54:00,563.13,563.28,563.07,563.105,135160.001897,563.1917,2611,
2026-03-27 18:55:00,563.1,563.195,562.96,563.15,211088.571331,563.0917,3815,
2026-03-27 18:56:00,563.15,563.26,563.08,563.16,110784.888384,563.1796,2553,
2026-03-27 18:57:00,563.15,563.325,563.12,563.27,100283.300927,563.2208,2333,
2026-03-27 18:58:00,563.2799,563.29,563.09,563.15,114278.231461,563.1588,2340,
2026-03-27 18:59:00,563.15,563.27,563.13,563.2299,140741.922792,563.2874,1900,
2026-03-27 19:00:00,563.22,563.54,563.18,563.23,172817.263058,563.4155,3040,
2026-03-27 19:01:00,563.22,563.2803,563.0,563.09,200970.150216,563.1272,4035,
2026-03-27 19:02:00,563.08,563.18,562.96,563.01,141152.880335,563.0498,2464,
2026-03-27 19:03:00,563.0,563.06,562.82,562.94,190281.91157,562.9243,3513,
2026-03-27 19:04:00,562.9498,562.96,562.71,562.805,165945.817752,562.8003,2919,
2026-03-27 19:05:00,562.8,562.91,562.74,562.7899,90806.472775,562.8322,2124,
2026-03-27 19:06:00,562.78,562.88,562.68,562.8001,115314.321886,562.7906,2486,
2026-03-27 19:07:00,562.805,563.05,562.71,563.04,299867.570763,566.6396,3874,
2026-03-27 19:08:00,563.04,563.08,562.675,562.68,186818.883975,562.8479,3851,
2026-03-27 19:09:00,562.69,562.78,562.56,562.73,167953.475979,562.652,3609,
2026-03-27 19:10:00,562.72,562.73,562.515,562.6,157328.71376,562.6134,3378,
2026-03-27 19:11:00,562.5993,562.76,562.54,562.67,156579.562505,562.6406,3068,
2026-03-27 19:12:00,562.68,563.12,562.675,563.01,150305.840001,562.9526,3146,
2026-03-27 19:13:00,563.015,563.19,562.86,563.02,172358.999797,563.0415,3637,
2026-03-27 19:14:00,563.01,563.15,562.94,563.105,80312.103944,563.0358,2264,
2026-03-27 19:15:00,563.11,563.22,563.04,563.11,160766.183582,563.1251,3175,
2026-03-27 19:16:00,563.12,563.29,563.11,563.23,112609.292232,563.1795,2600,
2026-03-27 19:17:00,563.23,563.51,563.145,563.471,147447.154146,563.2747,3328,
2026-03-27 19:18:00,563.47,563.725,563.4,563.48,140101.481687,563.5419,2849,
2026-03-27 19:19:00,563.48,563.6,563.39,563.58,117662.711393,563.4824,2495,
2026-03-27 19:20:00,563.57,563.57,563.235,563.385,176850.120954,563.3963,3485,
2026-03-27 19:21:00,563.385,563.41,562.93,563.03,131760.198985,563.1817,3447,
2026-03-27 19:22:00,563.02,563.41,563.02,563.26,127768.455838,563.2576,2425,
2026-03-27 19:23:00,563.27,563.5,563.13,563.21,127564.690723,563.3303,2585,
2026-03-27 19:24:00,563.23,563.505,563.2205,563.44,260527.187495,563.3549,2443,
2026-03-27 19:25:00,563.43,563.4351,563.06,563.11,162209.372262,563.2125,2922,
2026-03-27 19:26:00,563.11,563.15,563.01,563.12,84465.539045,563.0941,1928,
2026-03-27 19:27:00,563.125,563.13,562.885,563.0,135665.417258,563.0193,2651,
2026-03-27 19:28:00,563.01,563.15,562.86,563.12,125231.719219,562.9977,2734,
2026-03-27 19:29:00,563.12,563.12,562.97,563.02,189312.25517,563.0434,2470,
2026-03-27 19:30:00,563.04,563.39,563.04,563.185,217220.736307,563.2317,3829,
2026-03-27 19:31:00,563.185,563.31,563.06,563.24,141732.370539,563.1934,2941,
2026-03-27 19:32:00,563.24,563.3,562.91,563.04,300347.407039,563.0608,4494,
2026-03-27 19:33:00,563.04,563.165,562.91,563.16,175098.996027,563.027,3541,
2026-03-27 19:34:00,563.16,563.45,563.14,563.43,239563.026802,563.1906,3207,
2026-03-27 19:35:00,563.43,563.475,563.11,563.31,275824.18157,563.2404,3502,
2026-03-27 19:36:00,563.3,563.355,563.0,563.13,229216.723017,563.1526,3596,
2026-03-27 19:37:00,563.135,563.265,563.1,563.12,149591.500296,563.1847,2820,
2026-03-27 19:38:00,563.11,563.2,563.05,563.2,109524.060015,563.122,2623,
2026-03-27 19:39:00,563.2,563.2,562.97,562.99,173237.313195,563.1348,2609,
2026-03-27 19:40:00,562.99,563.045,562.6,562.65,236507.041822,562.8407,5053,
2026-03-27 19:41:00,562.65,562.7,562.35,562.455,285131.892881,562.4672,5177,
2026-03-27 19:42:00,562.46,562.62,562.39,562.56,277942.677847,562.4631,4777,
2026-03-27 19:43:00,562.57,562.83,562.5,562.545,294286.556077,562.6692,5365,
2026-03-27 19:44:00,562.56,562.665,562.51,562.595,149170.679127,562.5736,3157,
2026-03-27 19:45:00,562.59,562.67,562.03,562.05,363586.324769,562.3993,7073,
2026-03-27 19:46:00,562.045,562.23,561.8088,561.86,372670.574046,562.0035,7185,
2026-03-27 19:47:00,561.88,562.465,561.8658,562.25,449296.023849,564.8244,5847,
2026-03-27 19:48:00,562.275,562.42,562.21,562.2931,183105.804355,562.3125,3722,
2026-03-27 19:49:00,562.31,562.435,562.185,562.325,211709.395062,562.3326,3874,
2026-03-27 19:50:00,562.31,562.31,561.78,561.93,374595.126812,561.958,7017,
2026-03-27 19:51:00,561.93,562.05,561.64,561.76,394941.767112,561.8092,6565,
2026-03-27 19:52:00,561.755,561.9,561.57,561.83,292902.369303,561.7238,5987,
2026-03-27 19:53:00,561.85,562.8699,561.8,562.84,457908.061833,562.3847,8198,
2026-03-27 19:54:00,562.84,562.84,562.32,562.4801,565315.125495,562.5755,8214,
2026-03-27 19:55:00,562.5,563.4,562.49,563.1,568548.804599,563.0705,9740,
2026-03-27 19:56:00,563.09,563.095,562.57,562.815,367983.747635,562.8105,6928,
2026-03-27 19:57:00,562.825,562.92,562.66,562.77,347818.898151,562.7722,6331,
2026-03-27 19:58:00,562.78,563.14,562.775,563.1,529768.038604,562.9954,8481,
2026-03-27 19:59:00,563.1,563.475,562.39,562.5,1326777.662861,563.0987,18891,
2026-03-27 20:00:00,562.51,562.64,562.02,562.14,146273.555515,562.3731,959,
2026-03-27 20:01:00,562.11,563.03,561.9,562.33,90652.67718,562.374,908,
2026-03-27 20:02:00,562.31,562.44,562.04,562.06,55284.185131,562.1929,489,
2026-03-27 20:03:00,562.1,562.28,562.03,562.25,38277.017317,562.1594,354,
2026-03-27 20:04:00,562.27,562.27,562.01,562.08,32286.189792,562.1436,345,
2026-03-27 20:05:00,562.05,562.23,561.95,562.07,36367.158373,562.1012,419,
2026-03-27 20:06:00,562.07,562.22,562.04,562.1136,98955.439849,562.3886,263,
2026-03-27 20:07:00,562.15,562.3,562.12,562.17,32088.952614,562.2318,274,
2026-03-27 20:08:00,562.16,562.18,561.97,562.01,26986.027568,562.0936,344,
2026-03-27 20:09:00,561.99,562.1,561.97,562.0036,36266.486094,562.0336,246,
2026-03-27 20:10:00,562.04,562.18,562.0217,562.08,13329.973441,562.2891,118,
2026-03-27 20:11:00,562.0753,562.08,561.85,561.9501,17056.730633,561.9823,251,
2026-03-27 20:12:00,562.0,562.01,561.9,561.9,2028343.324467,562.6645,265,
2026-03-27 20:13:00,561.89,561.95,561.84,561.89,60896.763467,561.8654,310,
2026-03-27 20:14:00,561.88,561.88,561.7,561.8,123350.860987,561.8103,762,
2026-03-27 20:15:00,561.86,561.91,561.72,561.86,12209.486943,561.8447,149,
2026-03-27 20:16:00,561.84,561.9153,561.8,561.9153,16415.357887,561.8908,116,
2026-03-27 20:17:00,561.8792,561.8792,561.3,561.41,55245.193001,561.4787,574,
2026-03-27 20:18:00,561.44,561.64,561.44,561.5117,19111.381436,561.5802,189,
2026-03-27 20:19:00,561.569,561.659,561.4507,561.4507,15635.255317,561.5572,132,
2026-03-27 20:20:00,561.47,561.47,560.74,561.0954,70417.868511,561.1591,980,
2026-03-27 20:21:00,561.08,561.08,560.78,561.0135,36398.478769,560.9987,370,
2026-03-27 20:22:00,561.01,561.01,560.81,560.95,17972.342843,560.9247,193,
2026-03-27 20:23:00,560.95,561.1582,560.95,561.03,26218.856748,561.057,325,
2026-03-27 20:24:00,560.98,561.34,560.96,561.3299,12696.078567,561.1845,227,
2026-03-27 20:25:00,561.2996,561.35,561.19,561.33,124863.837272,571.6268,204,
2026-03-27 20:26:00,561.32,561.439,561.21,561.299,18872.902284,561.368,210,
2026-03-27 20:27:00,561.288,561.29,561.2,561.2501,12645.521627,561.2632,149,
2026-03-27 20:28:00,561.21,561.28,561.0,561.28,11578.519082,561.1667,183,
2026-03-27 20:29:00,561.25,561.37,561.23,561.35,13427.138049,561.325,206,
2026-03-27 20:30:00,561.35,561.46,561.3401,561.35,107989.563437,573.2433,101,
2026-03-27 20:31:00,561.35,561.39,561.29,561.35,5141.657836,561.4196,114,
2026-03-27 20:32:00,561.29,561.29,561.19,561.19,7500.621891,561.2931,115,
2026-03-27 20:33:00,561.17,561.17,561.0,561.13,8422.30591,561.1383,122,
2026-03-27 20:34:00,561.17,561.3,561.13,561.15,20988.854589,561.192,144,
2026-03-27 20:35:00,561.2,561.21,561.17,561.19,19941.086224,561.1947,211,
2026-03-27 20:36:00,561.2,561.31,561.19,561.3,17258.896692,561.2347,126,
2026-03-27 20:37:00,561.32,561.38,561.32,561.36,5681.779105,561.4258,95,
2026-03-27 20:38:00,561.38,561.52,561.38,561.52,5525.829541,561.5471,111,
2026-03-27 20:39:00,561.52,561.57,561.39,561.46,10964.782604,561.5043,120,
2026-03-27 20:40:00,561.45,561.76,561.3495,561.6,13111.121802,561.495,150,
2026-03-27 20:41:00,561.5983,561.64,561.5,561.55,14485.095521,561.5908,117,
2026-03-27 20:42:00,561.55,561.72,561.36,561.6107,11874.720779,561.5869,146,
2026-03-27 20:43:00,561.55,561.63,561.43,561.52,9844.721489,561.6114,104,
2026-03-27 20:44:00,561.54,561.54,561.2,561.35,5429.277841,561.3772,128,
2026-03-27 20:45:00,561.28,561.39,561.2506,561.33,9480.979821,561.3375,79,
2026-03-27 20:46:00,561.36,561.51,561.36,561.4,5868.723875,561.11,112,
2026-03-27 20:47:00,561.45,561.46,561.39,561.45,5764.289734,561.4515,72,
2026-03-27 20:48:00,561.4352,561.49,561.41,561.47,3426.776896,561.6044,67,
2026-03-27 20:49:00,561.45,561.46,561.4,561.4,3365.813645,561.471,66,
2026-03-27 20:50:00,561.45,561.49,561.4416,561.49,3683.189219,561.4836,67,
2026-03-27 20:51:00,561.44,561.58,561.42,561.5,5492.528229,561.5388,75,
2026-03-27 20:52:00,561.451,561.6,561.45,561.6,5615.98455,561.6562,63,
2026-03-27 20:53:00,561.58,561.6,561.4,561.4,21495.874814,561.6153,141,
2026-03-27 20:54:00,561.38,561.72,561.3521,561.7105,15532.37296,561.5149,190,
2026-03-27 20:55:00,561.78,561.8,561.6,561.6,13364.122344,561.7387,94,
2026-03-27 20:56:00,561.6,561.61,561.5699,561.5699,1820.656455,561.7934,60,
2026-03-27 20:57:00,561.54,561.57,561.54,561.56,3411.91365,561.3692,63,
2026-03-27 20:58:00,561.43,561.53,561.43,561.49,19356.851844,561.4499,120,
2026-03-27 20:59:00,561.47,561.48,561.2,561.2,9202.922795,561.4028,181,
2026-03-27 21:00:00,561.25,561.4,561.1432,561.4,1776.742692,561.2045,75,
2026-03-27 21:01:00,561.43,561.45,561.37,561.41,1726.683802,561.6445,132,
2026-03-27 21:02:00,561.43,561.43,561.34,561.34,602.915033,562.2484,53,
2026-03-27 21:03:00,561.38,561.38,561.34,561.35,1631.467352,561.5209,69,
2026-03-27 21:04:00,561.37,561.4,561.343,561.343,4146.341511,561.4348,65,
2026-03-27 21:05:00,561.4,561.46,561.4,561.4537,7225.093629,561.4483,79,
2026-03-27 21:06:00,561.4597,561.4674,561.45,561.4674,4916.220501,561.4841,45,
2026-03-27 21:07:00,561.47,561.47,561.4506,561.47,710.801477,562.0957,35,
2026-03-27 21:08:00,561.47,561.47,561.45,561.45,1497.753575,561.7459,67,
2026-03-27 21:09:00,561.47,561.47,561.45,561.47,2093.713728,559.836,38,
2026-03-27 21:10:00,561.47,561.57,561.47,561.5,2379.347255,561.5753,63,
2026-03-27 21:11:00,561.6,561.6,561.5,561.57,3311.188809,561.6003,57,
2026-03-27 21:12:00,561.57,561.64,561.55,561.55,870.410368,561.8485,46,
2026-03-27 21:13:00,561.6,561.6418,561.5565,561.5565,890.995662,562.2247,61,
2026-03-27 21:14:00,561.57,561.57,561.53,561.54,5798.344743,561.5787,125,
2026-03-27 21:15:00,561.57,561.57,561.57,561.57,467.559467,562.2386,37,
2026-03-27 21:16:00,561.6,561.65,561.6,561.65,5779.632404,561.6896,76,
2026-03-27 21:17:00,561.65,561.75,561.64,561.74,2172.085901,561.7004,56,
2026-03-27 21:18:00,561.64,561.74,561.64,561.7,733.892834,562.3832,38,
2026-03-27 21:19:00,561.72,561.72,561.6552,561.6552,3180.372336,561.7619,47,
2026-03-27 21:20:00,561.651,561.671,561.65,561.67,914.399443,561.9134,33,
2026-03-27 21:21:00,561.68,561.6885,561.65,561.6885,1392.918684,562.0376,62,
2026-03-27 21:22:00,561.66,561.66,561.6,561.6,1963.549137,561.7997,64,
2026-03-27 21:23:00,561.62,561.62,561.6026,561.6026,504.920166,562.64,30,
2026-03-27 21:24:00,561.601,561.601,561.5,561.5,2797.732559,561.708,103,
2026-03-27 21:25:00,561.5299,561.5299,561.5,561.51,4514.822987,561.6058,48,
2026-03-27 21:26:00,561.5,561.51,561.5,561.51,2769.335545,561.5688,54,
2026-03-27 21:27:00,561.48,561.53,561.48,561.49,7422.622225,561.5471,58,
2026-03-27 21:28:00,561.61,561.61,561.55,561.579,4291.659511,561.6387,40,
2026-03-27 21:29:00,561.58,561.58,561.58,561.58,646.117808,561.6784,25,
2026-03-27 21:30:00,561.58,561.58,561.5,561.5,398.569498,562.3286,43,
2026-03-27 21:31:00,561.5,561.5,561.45,561.45,10791.791775,561.4933,93,
2026-03-27 21:32:00,561.4761,561.4761,561.45,561.45,2329.267104,561.5254,34,
2026-03-27 21:33:00,561.46,561.46,561.46,561.46,499.168371,561.6533,50,
2026-03-27 21:34:00,561.47,561.48,561.47,561.48,457.695255,562.3299,39,
2026-03-27 21:35:00,561.48,561.48,561.48,561.48,492.537797,562.0924,49,
2026-03-27 21:36:00,561.4713,561.48,561.4713,561.48,890.655122,561.8927,36,
2026-03-27 21:37:00,561.61,561.63,561.61,561.63,804.989444,562.3097,49,
2026-03-27 21:38:00,561.62,561.63,561.6,561.605,3076.480661,561.7052,71,
2026-03-27 21:39:00,561.6001,561.62,561.6,561.62,692.13959,561.7233,41,
2026-03-27 21:40:00,561.6299,561.6913,561.6299,561.6913,1180.178155,561.7236,52,
2026-03-27 21:41:00,561.69,561.7,561.69,561.7,1255.560598,561.9424,32,
2026-03-27 21:42:00,561.71,561.71,561.67,561.68,1285.151465,561.7542,72,
2026-03-27 21:43:00,561.6798,561.69,561.66,561.66,1184.238755,561.7898,46,
2026-03-27 21:44:00,561.69,561.9,561.69,561.9,11540.570661,561.8933,84,
2026-03-27 21:45:00,561.88,561.88,561.85,561.85,715.025117,561.8739,28,
2026-03-27 21:46:00,561.81,561.85,561.78,561.78,698.943764,562.5842,59,
2026-03-27 21:47:00,561.88,562.03,561.88,562.0,4006.228626,562.0112,88,
2026-03-27 21:48:00,562.0117,562.15,562.0,562.0,4342.066794,562.098,83,
2026-03-27 21:49:00,562.01,562.01,562.0,562.0,342.485989,562.8176,30,
2026-03-27 21:50:00,562.08,562.08,562.0,562.0,468.304256,562.3707,45,
2026-03-27 21:51:00,561.91,561.91,561.8109,561.91,1780.7233,562.0935,77,
2026-03-27 21:52:00,561.91,561.92,561.855,561.92,1511.384741,562.0518,47,
2026-03-27 21:53:00,561.83,561.91,561.83,561.8501,830.900743,562.4676,35,
2026-03-27 21:54:00,561.88,561.89,561.88,561.88,1211.300401,562.0231,82,
2026-03-27 21:55:00,561.88,561.9174,561.85,561.85,1094.074266,561.9129,55,
2026-03-27 21:56:00,561.9,561.9,561.88,561.88,539.312375,562.2192,41,
2026-03-27 21:57:00,561.9,561.9,561.8,561.8894,1627.069768,561.8756,83,
2026-03-27 21:58:00,561.8014,561.81,561.75,561.78,2425.15214,561.8253,189,
2026-03-27 21:59:00,561.7447,561.75,561.57,561.7,1873.754503,561.8942,133,
2026-03-27 22:00:00,561.71,561.71,561.61,561.61,3376.089014,561.6881,52,
2026-03-27 22:01:00,561.6,561.6,561.57,561.59,1141.450505,561.8063,39,
2026-03-27 22:02:00,561.62,561.66,561.62,561.62,2666.606498,561.7617,48,
2026-03-27 22:03:00,561.67,561.68,561.65,561.65,889.67202,562.0948,68,
2026-03-27 22:04:00,561.595,561.5997,561.59,561.59,595.820073,562.3636,47,
2026-03-27 22:05:00,561.52,561.58,561.48,561.5,3631.356226,561.5669,174,
2026-03-27 22:06:00,561.5,561.57,561.46,561.4853,3058.789663,561.6424,183,
2026-03-27 22:07:00,561.46,561.58,561.46,561.503,1453.110866,561.5644,67,
2026-03-27 22:08:00,561.49,561.5,561.49,561.49,1813.503349,561.6471,34,
2026-03-27 22:09:00,561.5,561.5,561.45,561.4501,1298.262708,561.593,88,
2026-03-27 22:10:00,561.45,561.45,561.35,561.3901,2162.885056,561.6328,91,
2026-03-27 22:11:00,561.3462,561.39,561.25,561.33,4148.465094,561.3807,141,
2026-03-27 22:12:00,561.22,561.3,561.22,561.3,1933.534129,561.4152,77,
2026-03-27 22:13:00,561.27,561.27,561.17,561.18,2401.325945,561.2949,108,
2026-03-27 22:14:00,561.14,561.17,561.1161,561.12,1559.246606,561.2231,101,
2026-03-27 22:15:00,561.21,561.22,561.18,561.18,1391.43201,561.3751,54,
2026-03-27 22:16:00,561.3,561.3,561.3,561.3,417.051035,561.3616,36,
2026-03-27 22:17:00,561.2519,561.27,561.22,561.2219,4058.999915,561.3695,38,
2026-03-27 22:18:00,561.2981,561.3,561.2,561.3,313.627396,562.3916,31,
2026-03-27 22:19:00,561.25,561.3,561.25,561.3,308.911065,562.9315,45,
2026-03-27 22:20:00,561.2197,561.22,561.2,561.2074,748.16519,561.3328,60,
2026-03-27 22:21:00,561.0608,561.1798,561.0608,561.1798,498.193603,561.3453,40,
2026-03-27 22:22:00,561.18,561.18,561.18,561.18,196.909471,563.7912,32,
2026-03-27 22:23:00,561.2,561.2,561.15,561.18,631.651923,561.7536,44,
2026-03-27 22:24:00,561.17,561.19,561.15,561.18,1112.463617,561.4043,53,
2026-03-27 22:25:00,561.25,561.25,561.25,561.25,234.242337,561.8071,24,
2026-03-27 22:26:00,561.29,561.29,561.12,561.12,1466.634009,561.4974,44,
2026-03-27 22:27:00,561.12,561.12,561.12,561.12,460.12475,561.2778,51,
2026-03-27 22:28:00,561.2028,561.2028,561.2028,561.2028,139.30011,562.3767,33,
2026-03-27 22:29:00,561.17,561.2,561.17,561.2,999.441098,561.4342,31,
2026-03-27 22:31:00,561.11,561.1615,561.11,561.1615,288.133654,561.4036,35,
2026-03-27 22:32:00,561.18,561.189,561.18,561.189,258.204947,561.6046,37,
2026-03-27 22:33:00,561.12,561.135,561.11,561.11,751.82407,569.5566,38,
2026-03-27 22:34:00,561.1,561.1,561.1,561.1,233.342017,561.9257,21,
2026-03-27 22:35:00,561.11,561.11,561.1,561.11,375.274318,561.5203,30,
2026-03-27 22:36:00,561.11,561.11,561.11,561.11,162.580367,563.1262,25,
2026-03-27 22:38:00,561.11,561.11,561.1,561.1099,811.139146,561.2035,46,
2026-03-27 22:39:00,561.1099,561.11,561.06,561.06,1176.653787,561.4015,75,
2026-03-27 22:40:00,561.05,561.06,561.0,561.0,4200.828921,561.1247,248,
2026-03-27 22:41:00,560.94,560.9999,560.94,560.9999,572.551147,561.4971,61,
2026-03-27 22:42:00,560.99,561.0,560.95,560.95,1509.579056,561.1846,42,
2026-03-27 22:43:00,560.95,560.95,560.9354,560.94,935.315556,561.13,51,
2026-03-27 22:44:00,560.93,560.93,560.85,560.9,3548.59507,560.9889,78,
2026-03-27 22:45:00,560.89,560.89,560.74,560.74,2657.97005,561.0387,114,
2026-03-27 22:46:00,560.74,560.76,560.74,560.74,2062.248183,560.8182,85,
2026-03-27 22:47:00,560.73,560.73,560.7,560.7,2456.434359,560.8068,115,
2026-03-27 22:48:00,560.69,560.71,560.65,560.7,4438.675995,560.775,112,
2026-03-27 22:49:00,560.7,560.7,560.7,560.7,2640.782099,560.8658,46,
2026-03-27 22:50:00,560.66,560.69,560.66,560.69,613.476253,561.1147,54,
2026-03-27 22:51:00,560.7,560.7,560.6,560.6,1787.552636,560.844,132,
2026-03-27 22:52:00,560.6,560.6,560.52,560.579,1590.954362,560.8995,96,
2026-03-27 22:53:00,560.5774,560.62,560.35,560.46,5427.451493,560.5667,211,
2026-03-27 22:54:00,560.46,560.48,560.41,560.42,7366.854615,560.4864,138,
2026-03-27 22:55:00,560.5,560.5366,560.42,560.42,2073.573965,560.6167,40,
2026-03-27 22:56:00,560.4499,560.55,560.4499,560.53,2166.380109,560.6187,50,
2026-03-27 22:57:00,560.55,560.58,560.55,560.5798,549.77326,561.363,28,
2026-03-27 22:58:00,560.57,560.6,560.5102,560.5487,5767.31231,560.6108,63,
2026-03-27 22:59:00,560.55,560.6,560.5,560.5,1908.680304,560.7324,86,
2026-03-27 23:00:00,560.5593,560.56,560.5,560.56,1004.062,560.5828,49,
2026-03-27 23:01:00,560.52,560.5597,560.52,560.5597,1417.171602,560.5988,50,
2026-03-27 23:02:00,560.53,560.53,560.44,560.44,1310.504824,560.6959,75,
2026-03-27 23:03:00,560.42,560.44,560.31,560.31,4104.658642,560.4773,108,
2026-03-27 23:04:00,560.4096,560.4101,560.32,560.37,3002.07138,560.4085,53,
2026-03-27 23:05:00,560.35,560.35,560.33,560.35,1653.4606,560.5031,96,
2026-03-27 23:06:00,560.33,560.33,560.21,560.21,2414.716112,560.4701,98,
2026-03-27 23:07:00,560.26,560.32,560.26,560.32,2481.483925,560.3936,55,
2026-03-27 23:08:00,560.31,560.31,560.3,560.31,697.021758,560.3229,39,
2026-03-27 23:09:00,560.3,560.3,560.26,560.26,2905.2231,560.3256,74,
2026-03-27 23:10:00,560.3,560.31,560.3,560.3,1273.075725,560.3336,51,
2026-03-27 23:11:00,560.3,560.3,560.28,560.3,1115.080874,560.3275,35,
2026-03-27 23:12:00,560.31,560.37,560.29,560.3352,1237.42394,560.5276,35,
2026-03-27 23:13:00,560.35,560.35,560.3,560.35,2765.450838,560.4265,52,
2026-03-27 23:14:00,560.33,560.35,560.32,560.35,730.792893,560.9498,50,
2026-03-27 23:15:00,560.35,560.35,560.32,560.32,409.448658,560.9566,43,
2026-03-27 23:16:00,560.31,560.31,560.23,560.23,482.485355,560.8482,57,
2026-03-27 23:17:00,560.3,560.3113,560.29,560.31,1942.743782,560.5185,39,
2026-03-27 23:18:00,560.299,560.3,560.299,560.3,452.736739,561.2084,37,
2026-03-27 23:19:00,560.25,560.2976,560.25,560.25,2870.797626,560.4243,53,
2026-03-27 23:20:00,560.26,560.29,560.25,560.25,5494.704854,560.3231,74,
2026-03-27 23:21:00,560.28,560.3,560.25,560.25,4681.785265,560.355,59,
2026-03-27 23:22:00,560.25,560.28,560.25,560.28,1413.350743,560.4007,47,
2026-03-27 23:23:00,560.3,560.3,560.26,560.27,1073.039085,560.3051,39,
2026-03-27 23:24:00,560.2781,560.28,560.25,560.28,1316.461438,560.472,33,
2026-03-27 23:25:00,560.23,560.23,560.2295,560.23,2201.535492,560.3668,48,
2026-03-27 23:26:00,560.26,560.28,560.251,560.28,2754.188176,560.2987,30,
2026-03-27 23:27:00,560.2799,560.28,560.27,560.27,2572.290907,560.3354,56,
2026-03-27 23:28:00,560.28,560.2801,560.27,560.27,1149.202576,560.3788,59,
2026-03-27 23:29:00,560.27,560.28,560.27,560.28,552.323465,560.6072,30,
2026-03-27 23:30:00,560.28,560.37,560.28,560.3695,1853.903577,560.6093,33,
2026-03-27 23:31:00,560.5,560.5,560.44,560.44,759.252597,560.633,38,
2026-03-27 23:32:00,560.42,560.44,560.42,560.44,859.166129,560.5387,39,
2026-03-27 23:33:00,560.4398,560.44,560.42,560.42,729.816172,561.0586,34,
2026-03-27 23:34:00,560.43,560.44,560.4226,560.44,1132.47285,560.6688,38,
2026-03-27 23:35:00,560.43,560.43,560.43,560.43,411.259972,560.7853,33,
2026-03-27 23:36:00,560.44,560.44,560.39,560.4,742.153873,560.527,66,
2026-03-27 23:37:00,560.31,560.39,560.31,560.39,521.529416,560.9257,40,
2026-03-27 23:38:00,560.34,560.34,560.33,560.34,737.044393,560.3749,42,
2026-03-27 23:39:00,560.33,560.33,560.28,560.29,1116.11114,560.3628,65,
2026-03-27 23:40:00,560.28,560.31,560.25,560.31,1968.251906,560.3565,234,
2026-03-27 23:41:00,560.3609,560.3609,560.3,560.32,519.04223,560.3622,104,
2026-03-27 23:42:00,560.2606,560.2606,560.26,560.26,464.358534,560.7026,45,
2026-03-27 23:43:00,560.28,560.28,560.275,560.275,356.656177,561.3115,33,
2026-03-27 23:44:00,560.2799,560.28,560.24,560.27,3201.651645,560.3849,68,
2026-03-27 23:45:00,560.27,560.3,560.2,560.2,2405.593448,560.4034,83,
2026-03-27 23:46:00,560.3,560.3,560.22,560.25,1052.35882,560.4522,48,
2026-03-27 23:47:00,560.29,560.29,560.28,560.28,375.791477,561.4678,33,
2026-03-27 23:48:00,560.28,560.28,560.2799,560.2799,1385.171392,560.3483,46,
2026-03-27 23:49:00,560.28,560.28,560.25,560.2701,2382.099516,560.2946,58,
2026-03-27 23:50:00,560.28,560.28,560.2699,560.2742,1526.856713,560.5869,32,
2026-03-27 23:51:00,560.25,560.2691,560.2,560.2,3742.722864,560.3557,77,
2026-03-27 23:52:00,560.2,560.23,560.2,560.23,1516.267849,560.317,35,
2026-03-27 23:53:00,560.22,560.23,560.2,560.205,2769.028741,560.2116,77,
2026-03-27 23:54:00,560.2034,560.21,560.2,560.2,2594.035701,560.2093,67,
2026-03-27 23:55:00,560.2,560.21,560.2,560.2,6441.230706,560.2229,71,
2026-03-27 23:56:00,560.2003,560.21,560.2,560.2077,9170.11024,560.2091,103,
2026-03-27 23:57:00,560.2,560.25,560.2,560.24,7642.720669,560.2585,85,
2026-03-27 23:58:00,560.24,560.24,560.01,560.01,11294.683797,560.1763,211,
2026-03-27 23:59:00,560.01,560.26,560.0,560.13,6605.0,560.03,85,
2026-03-30 08:00:00,564.21,565.01,562.29,564.72,162317.766273,563.884,3818,
2026-03-30 08:01:00,564.5,564.65,562.43,564.3,12821.425703,563.7928,368,
2026-03-30 08:02:00,564.32,564.4,564.17,564.17,14542.318338,563.9086,257,
2026-03-30 08:03:00,564.18,564.4,564.16,564.39,6507.472243,564.3059,229,
2026-03-30 08:04:00,564.45,564.6,564.4,564.6,2810.490923,564.5991,185,
2026-03-30 08:05:00,564.82,565.14,564.76,564.96,16937.446338,564.9208,303,
2026-03-30 08:06:00,565.08,565.11,564.77,564.77,6014.259678,565.0025,146,
2026-03-30 08:07:00,564.77,564.77,564.5,564.63,2568.106377,564.611,83,
2026-03-30 08:08:00,564.58,564.74,564.39,564.73,3913.082718,564.5642,96,
2026-03-30 08:09:00,564.78,564.93,564.72,564.93,1455.088672,564.8794,60,
2026-03-30 08:10:00,565.0,565.04,564.87,565.04,1283.09853,564.9986,51,
2026-03-30 08:11:00,565.03,565.1,564.98,565.02,3465.302573,565.0741,68,
2026-03-30 08:12:00,565.01,565.19,565.0,565.05,2637.391396,565.1725,66,
2026-03-30 08:13:00,565.04,565.31,565.04,565.31,2044.053103,565.1544,59,
2026-03-30 08:14:00,565.34,565.34,565.21,565.26,791.266908,565.4745,39,
2026-03-30 08:15:00,565.25,565.37,565.2,565.28,4644.004424,565.2789,69,
2026-03-30 08:16:00,565.36,565.57,565.31,565.57,7065.183043,565.4552,152,
2026-03-30 08:17:00,565.6,565.6,565.44,565.49,939.407115,565.7558,29,
2026-03-30 08:18:00,565.46,565.55,565.34,565.38,2176.0,565.4599,42,
2026-03-30 08:19:00,565.34,565.39,565.29,565.3,1492.0,565.3575,40,
2026-03-30 08:20:00,565.3,565.38,565.3,565.31,1171.0,565.3271,33,
2026-03-30 08:21:00,565.31,565.59,565.16,565.3,13880.533297,565.2977,192,
2026-03-30 08:22:00,565.3,565.33,565.2,565.33,4239.388785,565.3363,52,
2026-03-30 08:23:00,565.34,565.39,565.04,565.0816,2137.07225,565.2323,80,
2026-03-30 08:24:00,565.07,565.2,565.07,565.09,1183.285634,565.2805,33,
2026-03-30 08:25:00,565.05,565.09,564.93,565.05,5586.552786,565.0746,84,
2026-03-30 08:26:00,565.11,565.34,565.11,565.18,7467.60485,565.2344,80,
2026-03-30 08:27:00,565.21,565.36,565.17,565.34,3841.133632,565.2597,32,
2026-03-30 08:28:00,565.27,565.35,565.25,565.35,1325.651773,565.5607,36,
2026-03-30 08:29:00,565.29,565.42,565.29,565.42,414.02213,565.38,19,
2026-03-30 08:30:00,565.32,565.5,565.29,565.5,3344.373875,565.4717,57,
2026-03-30 08:31:00,565.45,565.7,565.45,565.7,5165.086688,565.6062,100,
2026-03-30 08:32:00,565.68,565.75,565.6,565.73,4006.026526,565.71,70,
2026-03-30 08:33:00,565.74,565.76,565.65,565.69,3374.004421,565.7178,69,
2026-03-30 08:34:00,565.56,565.58,565.42,565.43,4218.030962,565.4806,80,
2026-03-30 08:35:00,565.36,565.38,565.2573,565.31,2386.066374,565.317,71,
2026-03-30 08:36:00,565.33,565.44,565.29,565.43,2064.088845,565.4241,43,
2026-03-30 08:37:00,565.43,565.53,565.43,565.53,1399.353682,565.6301,45,
2026-03-30 08:38:00,565.55,565.84,565.55,565.81,9370.426773,565.8141,101,
2026-03-30 08:39:00,565.71,565.73,565.64,565.67,2968.0,565.6659,51,
2026-03-30 08:40:00,565.62,565.62,565.47,565.52,1560.049471,565.559,41,
2026-03-30 08:41:00,565.5,565.67,565.42,565.67,2200.013273,565.55,59,
2026-03-30 08:42:00,565.66,565.69,565.53,565.53,1752.961159,565.9294,48,
2026-03-30 08:43:00,565.59,565.63,565.49,565.57,3318.0,565.5651,91,
2026-03-30 08:44:00,565.47,565.6,565.47,565.6,1014.82359,565.966,25,
2026-03-30 08:45:00,565.59,565.71,565.59,565.71,1190.0,565.6459,23,
2026-03-30 08:46:00,565.67,565.78,565.64,565.78,6496.01355,565.7134,84,
2026-03-30 08:47:00,565.63,565.63,565.52,565.54,1923.048465,565.5663,49,
2026-03-30 08:48:00,565.56,565.56,565.22,565.33,2854.863717,565.4569,94,
2026-03-30 08:49:00,565.33,565.84,565.33,565.79,1884.141634,565.6705,73,
2026-03-30 08:50:00,565.67,565.7,565.62,565.67,4595.0,565.6485,73,
2026-03-30 08:51:00,565.62,565.73,565.62,565.73,2332.0,565.6643,42,
2026-03-30 08:52:00,565.7,565.77,565.7,565.7,1862.441876,565.8603,48,
2026-03-30 08:53:00,565.63,565.73,565.62,565.67,1192.584238,565.9606,26,
2026-03-30 08:54:00,565.67,565.69,565.57,565.57,803.0,565.6175,28,
2026-03-30 08:55:00,565.67,565.68,565.59,565.68,1141.0,565.6452,52,
2026-03-30 08:56:00,565.6,565.6,565.53,565.57,785.007249,565.5856,23,
2026-03-30 08:57:00,565.6052,565.92,565.6052,565.92,1734.03536,565.8712,53,
2026-03-30 08:58:00,565.87,565.88,565.84,565.84,1984.413991,565.9689,38,
2026-03-30 08:59:00,565.81,565.95,565.81,565.9,2518.089907,565.8858,59,
2026-03-30 09:00:00,565.81,565.87,565.75,565.75,398.0,565.8274,11,
2026-03-30 09:01:00,565.65,565.84,565.64,565.84,2134.322803,565.8246,55,
2026-03-30 09:02:00,565.85,565.94,565.84,565.84,2114.038244,565.9025,56,
2026-03-30 09:03:00,565.77,565.8,565.6,565.8,1756.113286,565.7674,59,
2026-03-30 09:04:00,565.8,565.93,565.8,565.93,3690.07628,565.923,43,
2026-03-30 09:05:00,565.93,565.93,565.54,565.55,2011.118844,565.8268,65,
2026-03-30 09:06:00,565.53,565.63,565.52,565.63,2968.00885,565.5896,80,
2026-03-30 09:08:00,565.86,565.92,565.86,565.9,489.008852,565.8977,19,
2026-03-30 09:09:00,565.69,565.73,565.5,565.5578,3269.757532,565.76,100,
2026-03-30 09:10:00,565.5873,565.62,565.43,565.43,941.028331,565.5705,42,
2026-03-30 09:11:00,565.41,565.67,565.41,565.67,2006.039852,565.5631,53,
2026-03-30 09:12:00,565.71,565.71,565.54,565.54,2008.956222,565.9297,47,
2026-03-30 09:13:00,565.43,565.56,565.43,565.56,1405.476783,565.6465,38,
2026-03-30 09:14:00,565.51,565.53,565.26,565.28,1774.101451,565.4755,56,
2026-03-30 09:15:00,565.35,565.35,564.81,564.84,2387.105648,565.085,152,
2026-03-30 09:16:00,564.81,564.94,564.72,564.86,3138.56134,564.9427,78,
2026-03-30 09:17:00,564.88,565.67,564.66,565.17,14930.731701,565.0988,363,
2026-03-30 09:18:00,565.12,565.21,565.07,565.21,900.057611,565.1479,36,
2026-03-30 09:19:00,565.16,565.24,565.12,565.12,1766.774962,565.4238,42,
2026-03-30 09:20:00,565.05,565.37,565.05,565.37,3234.035461,565.2479,70,
2026-03-30 09:21:00,565.32,565.33,565.23,565.28,1970.0,565.2919,45,
2026-03-30 09:22:00,565.26,565.31,565.15,565.17,1931.050061,565.2528,51,
2026-03-30 09:23:00,565.1,565.1,564.89,565.08,2019.095941,565.0292,72,
2026-03-30 09:24:00,565.22,565.31,565.16,565.22,1598.057604,565.2446,54,
2026-03-30 09:25:00,565.14,565.21,565.1,565.12,1790.0,565.1433,42,
2026-03-30 09:27:00,565.13,565.13,565.0,565.0,2722.013309,565.0754,59,
2026-03-30 09:28:00,565.02,565.08,564.94,565.01,6230.022167,565.0041,41,
2026-03-30 09:29:00,565.0,565.15,564.9516,564.9516,6007.0,565.051,121,
2026-03-30 09:30:00,565.1,565.12,565.0,565.0,4053.0,565.0518,42,
2026-03-30 09:31:00,564.99,565.21,564.99,565.0,909.0,565.1086,38,
2026-03-30 09:32:00,564.94,564.96,564.83,564.83,4104.039878,564.9407,56,
2026-03-30 09:33:00,564.86,564.86,564.75,564.84,1402.03101,564.8316,37,
2026-03-30 09:34:00,564.86,564.86,564.61,564.78,5616.064105,564.6719,115,
2026-03-30 09:35:00,564.79,564.79,564.53,564.58,3410.091998,564.674,99,
2026-03-30 09:36:00,564.74,564.76,564.63,564.65,1167.665853,565.0242,29,
2026-03-30 09:37:00,564.77,564.77,564.7,564.75,811.0,564.7398,31,
2026-03-30 09:38:00,564.84,564.93,564.8317,564.84,3181.385392,564.9191,49,
2026-03-30 09:39:00,565.03,565.15,565.03,565.12,3899.34294,565.1665,84,
2026-03-30 09:40:00,565.08,565.08,564.88,565.02,1938.053213,564.9419,79,
2026-03-30 09:41:00,564.93,564.93,564.74,564.76,743.096821,564.8996,48,
2026-03-30 09:42:00,564.83,564.9,564.8,564.8,2431.097243,564.8901,37,
2026-03-30 09:43:00,564.61,564.65,564.59,564.64,3753.900162,564.7719,72,
2026-03-30 09:44:00,564.64,564.75,564.64,564.71,3130.0,564.6851,25,
2026-03-30 09:45:00,564.7,564.7,564.56,564.63,900.013642,564.6346,41,
2026-03-30 09:46:00,564.65,564.69,564.65,564.69,602.03227,564.7089,23,
2026-03-30 09:47:00,564.83,564.83,564.7,564.73,1626.0,564.7486,30,
2026-03-30 09:48:00,564.76,564.84,564.76,564.78,1510.005132,564.7923,43,
2026-03-30 09:49:00,564.77,564.7976,564.68,564.7,1421.505183,564.9277,41,
2026-03-30 09:50:00,564.63,564.64,564.63,564.64,441.0,564.6573,26,
2026-03-30 09:51:00,564.56,564.66,564.56,564.66,518.370059,565.0261,24,
2026-03-30 09:52:00,564.71,564.9716,564.71,564.9156,1450.762124,565.1635,38,
2026-03-30 09:53:00,564.93,565.01,564.91,564.92,2535.067319,564.9565,39,
2026-03-30 09:54:00,564.86,564.91,564.76,564.76,2891.018213,564.7921,34,
2026-03-30 09:55:00,564.79,564.79,564.79,564.79,452.026634,564.822,18,
2026-03-30 09:56:00,564.75,564.78,564.73,564.73,1926.0,564.7492,42,
2026-03-30 09:57:00,564.72,564.74,564.6,564.61,2037.088285,564.7144,56,
2026-03-30 09:58:00,564.74,564.91,564.7343,564.9,1566.04883,564.8637,37,
2026-03-30 09:59:00,564.87,564.9384,564.85,564.9384,949.562263,565.2129,26,
2026-03-30 10:00:00,564.77,564.8084,564.77,564.8084,191.111431,565.1239,15,
2026-03-30 10:01:00,564.7,564.8,564.66,564.71,3078.022197,564.7439,65,
2026-03-30 10:02:00,564.7,564.75,564.7,564.75,449.0,564.7308,15,
2026-03-30 10:03:00,564.78,564.78,564.78,564.78,189.0,564.7439,12,
2026-03-30 10:04:00,564.7,564.75,564.68,564.75,2226.0,564.7041,29,
2026-03-30 10:05:00,564.69,564.98,564.69,564.9424,1935.026636,564.8229,35,
2026-03-30 10:06:00,564.97,564.97,564.88,564.88,896.00444,564.9095,20,
2026-03-30 10:07:00,564.91,564.9904,564.91,564.9904,719.026625,564.987,28,
2026-03-30 10:08:00,564.99,565.11,564.92,565.09,2333.026594,565.0171,70,
2026-03-30 10:09:00,565.09,565.1,565.03,565.03,3006.707201,565.2065,60,
2026-03-30 10:10:00,565.02,565.11,565.02,565.11,10874.049375,565.0785,127,
2026-03-30 10:11:00,565.14,565.14,564.85,564.89,2841.173706,565.0621,71,
2026-03-30 10:12:00,564.82,564.82,564.65,564.65,783.08114,564.853,35,
2026-03-30 10:13:00,564.76,564.76,564.61,564.7,3937.176691,564.6867,68,
2026-03-30 10:14:00,564.66,564.86,564.66,564.86,2035.665898,564.9353,42,
2026-03-30 10:15:00,564.76,564.86,564.76,564.76,1473.0,564.786,22,
2026-03-30 10:16:00,564.68,564.77,564.65,564.76,1728.090524,564.7333,53,
2026-03-30 10:17:00,564.74,564.76,564.71,564.75,831.0,564.7418,24,
2026-03-30 10:18:00,564.77,564.83,564.74,564.82,8953.000548,564.7615,60,
2026-03-30 10:19:00,564.83,564.83,564.81,564.81,339.743546,566.0607,16,
2026-03-30 10:20:00,564.77,564.93,564.75,564.91,2663.035541,564.8181,53,
2026-03-30 10:21:00,564.86,564.87,564.86,564.87,418.07961,564.9732,22,
2026-03-30 10:22:00,564.79,564.84,564.74,564.84,788.0,564.8056,24,
2026-03-30 10:23:00,564.89,564.96,564.86,564.96,1011.013325,564.9087,22,
2026-03-30 10:25:00,564.95,564.98,564.95,564.98,534.221257,565.1896,22,
2026-03-30 10:26:00,564.98,564.98,564.98,564.98,324.617747,566.0959,37,
2026-03-30 10:27:00,565.11,565.11,565.0,565.01,1427.013305,565.0483,29,
2026-03-30 10:28:00,565.04,565.04,564.79,564.88,1499.248349,564.9805,37,
2026-03-30 10:29:00,564.99,564.99,564.92,564.92,381.032663,564.9848,13,
2026-03-30 10:30:00,564.9,564.9,564.8,564.84,569.013311,564.856,34,
2026-03-30 10:31:00,564.81,564.81,564.55,564.65,1672.10584,564.7073,76,
2026-03-30 10:32:00,564.63,564.87,564.62,564.87,1988.029516,564.708,49,
2026-03-30 10:33:00,564.76,564.76,564.68,564.69,2130.0,564.7236,55,
2026-03-30 10:34:00,564.66,564.73,564.6,564.73,1699.0,564.6902,38,
2026-03-30 10:35:00,564.69,564.81,564.67,564.81,6335.286355,564.7991,52,
2026-03-30 10:36:00,564.74,564.8,564.69,564.73,1966.030881,564.7547,38,
2026-03-30 10:37:00,564.74,564.74,564.37,564.37,3961.043773,564.4494,117,
2026-03-30 10:38:00,564.38,564.38,564.24,564.25,2335.057721,564.2922,65,
2026-03-30 10:39:00,564.28,564.64,564.28,564.64,1265.911848,564.8708,51,
2026-03-30 10:40:00,564.55,564.55,564.44,564.44,3452.708191,564.5785,45,
2026-03-30 10:41:00,564.41,564.41,564.37,564.39,2494.545368,564.516,39,
2026-03-30 10:42:00,564.49,564.62,564.4,564.4,3239.498269,564.5727,50,
2026-03-30 10:43:00,564.33,564.44,564.19,564.43,9562.975339,564.3521,189,
2026-03-30 10:44:00,564.35,564.35,564.31,564.35,419.008884,564.3628,16,
2026-03-30 10:45:00,564.41,564.5,564.41,564.5,425.035554,564.4721,28,
2026-03-30 10:46:00,564.55,564.57,564.44,564.57,1228.022225,564.5224,47,
2026-03-30 10:47:00,564.6,564.66,564.6,564.62,713.142891,564.7273,40,
2026-03-30 10:48:00,564.61,564.64,564.49,564.49,1288.417589,564.783,50,
2026-03-30 10:49:00,564.63,564.85,564.62,564.75,8634.071011,564.7016,131,
2026-03-30 10:50:00,565.07,565.07,565.02,565.05,665.119468,565.1219,68,
2026-03-30 10:51:00,565.06,565.12,565.0,565.05,1526.00887,565.0576,46,
2026-03-30 10:52:00,564.91,564.91,564.69,564.69,419.330994,565.2587,50,
2026-03-30 10:53:00,564.68,564.84,564.68,564.8,1239.315165,564.9221,39,
2026-03-30 10:54:00,564.82,564.98,564.82,564.98,1712.385865,564.9989,38,
2026-03-30 10:55:00,564.91,564.91,564.87,564.89,566.900524,565.787,27,
2026-03-30 10:56:00,564.93,564.93,564.85,564.89,694.679552,565.4434,44,
2026-03-30 10:57:00,564.74,564.91,564.68,564.9,1933.760821,565.0412,56,
2026-03-30 10:58:00,564.89,565.0,564.88,564.88,2013.522919,565.0944,64,
2026-03-30 10:59:00,564.89,565.0,564.82,565.0,2034.076122,564.9135,80,
2026-03-30 11:00:00,565.04,565.43,564.83,565.17,19356.639854,565.1816,421,
2026-03-30 11:01:00,565.21,565.55,565.19,565.42,8539.38603,565.4184,164,
2026-03-30 11:02:00,565.4122,565.48,565.27,565.27,8733.290554,565.4192,196,
2026-03-30 11:03:00,565.27,565.35,565.19,565.3,4777.429047,565.3274,89,
2026-03-30 11:04:00,565.24,565.2796,565.12,565.1904,3171.320152,565.2563,75,
2026-03-30 11:05:00,565.22,565.29,565.1613,565.21,6696.178252,565.2461,85,
2026-03-30 11:06:00,565.2,565.33,565.18,565.3,3870.0,565.2499,66,
2026-03-30 11:07:00,565.29,565.5,565.29,565.35,4701.037226,565.3618,67,
2026-03-30 11:08:00,565.36,565.5,565.36,565.5,2501.350868,565.5336,50,
2026-03-30 11:09:00,565.49,565.59,565.47,565.47,3882.041037,565.545,89,
2026-03-30 11:10:00,565.42,565.47,565.23,565.25,7454.01774,565.4065,87,
2026-03-30 11:11:00,565.29,565.44,565.29,565.44,4446.0,565.3513,65,
2026-03-30 11:12:00,565.46,565.46,565.37,565.43,1495.655932,565.6647,49,
2026-03-30 11:13:00,565.44,565.67,565.44,565.65,2277.699555,565.6939,78,
2026-03-30 11:14:00,565.63,565.63,565.3,565.4502,21901.792876,565.4881,241,
2026-03-30 11:15:00,565.5,565.53,565.35,565.5,13052.0,565.4649,128,
2026-03-30 11:16:00,565.35,565.58,565.35,565.58,5236.0,565.4319,58,
2026-03-30 11:17:00,565.5646,565.79,565.5508,565.79,3081.78911,565.8016,183,
2026-03-30 11:18:00,565.81,566.06,565.79,565.82,7315.987673,565.9673,265,
2026-03-30 11:19:00,565.91,566.24,565.89,566.02,21121.499998,566.0899,329,
2026-03-30 11:20:00,566.09,566.09,565.85,566.07,3589.241278,565.9901,78,
2026-03-30 11:21:00,566.03,566.11,566.01,566.09,6647.0,566.0722,86,
2026-03-30 11:22:00,566.08,566.22,566.0,566.2052,5250.044273,566.0818,129,
2026-03-30 11:23:00,566.1717,566.37,566.14,566.37,6435.105759,566.3086,163,
2026-03-30 11:24:00,566.3608,566.3679,566.2,566.31,3820.712662,566.4277,78,
2026-03-30 11:25:00,566.36,566.36,566.05,566.05,5788.981597,566.2727,86,
2026-03-30 11:26:00,566.02,568.75,566.02,566.56,101714.105106,567.4606,1641,
2026-03-30 11:27:00,566.12,567.5199,565.77,566.32,63273.348304,566.3363,804,
2026-03-30 11:28:00,566.42,566.69,565.75,566.69,16423.704506,566.3567,301,
2026-03-30 11:29:00,566.63,567.0,566.44,566.93,19920.96356,566.76,319,
2026-03-30 11:30:00,567.15,567.25,566.42,566.48,30914.851168,566.8834,427,
2026-03-30 11:31:00,566.54,566.75,566.17,566.29,18355.903438,566.4136,292,
2026-03-30 11:32:00,566.32,566.79,566.3,566.6,15450.310543,566.5512,267,
2026-03-30 11:33:00,566.51,566.54,566.0507,566.36,9292.307113,566.3262,247,
2026-03-30 11:34:00,566.3,566.32,565.96,566.2,14717.10323,566.1505,264,
2026-03-30 11:35:00,566.25,566.7,566.25,566.69,11984.348491,566.5469,243,
2026-03-30 11:36:00,566.5713,566.77,566.48,566.7,7698.645848,566.6798,158,
2026-03-30 11:37:00,566.68,566.68,566.3,566.39,9403.593136,566.415,168,
2026-03-30 11:38:00,566.3752,566.41,566.19,566.3,18134.18996,566.3009,146,
2026-03-30 11:39:00,566.32,566.4,566.3,566.39,2445.259,566.4018,57,
2026-03-30 11:40:00,566.38,566.41,566.11,566.3,5642.017777,566.2309,112,
2026-03-30 11:41:00,566.311,566.34,566.1,566.13,5085.0178,566.274,71,
2026-03-30 11:42:00,566.25,566.35,566.1048,566.33,2328.0,566.2626,53,
2026-03-30 11:43:00,566.316,566.43,566.2,566.25,2917.031131,566.3306,101,
2026-03-30 11:44:00,566.2802,566.35,566.1,566.31,8120.089682,566.242,129,
2026-03-30 11:45:00,566.27,566.27,566.11,566.14,1377.69,566.4829,53,
2026-03-30 11:46:00,566.17,566.47,566.17,566.38,9627.235143,566.3579,140,
2026-03-30 11:47:00,566.2,566.273,566.15,566.273,3063.049073,566.2163,55,
2026-03-30 11:48:00,566.24,566.29,566.24,566.29,5032.15,566.2804,62,
2026-03-30 11:49:00,566.27,566.35,566.24,566.34,1546.0,566.3007,44,
2026-03-30 11:50:00,566.401,566.62,566.401,566.44,8349.102054,566.5648,198,
2026-03-30 11:51:00,566.43,566.97,566.43,566.5,17952.251168,566.5799,266,
2026-03-30 11:52:00,566.479,566.479,566.3285,566.34,3193.013304,566.3782,88,
2026-03-30 11:53:00,566.3,566.42,566.3,566.37,5179.031083,566.3605,95,
2026-03-30 11:54:00,566.3319,566.43,566.09,566.43,17108.284285,566.2743,187,
2026-03-30 11:55:00,566.4,566.41,566.08,566.08,58349.008914,566.3551,445,
2026-03-30 11:56:00,566.08,566.09,565.99,566.02,3854.847159,566.1498,158,
2026-03-30 11:57:00,565.98,566.05,565.86,565.9112,10666.035463,565.9253,169,
2026-03-30 11:58:00,565.95,566.14,565.87,566.07,8554.125865,565.9518,150,
2026-03-30 11:59:00,566.03,566.101,566.0,566.101,11188.0,566.0249,167,
2026-03-30 12:00:00,566.13,566.23,565.76,565.79,22603.063622,565.7852,359,
2026-03-30 12:01:00,565.8,566.15,565.74,565.92,12864.395249,565.9556,489,
2026-03-30 12:02:00,565.85,565.86,565.57,565.81,25931.879762,565.7379,369,
2026-03-30 12:03:00,565.89,565.89,565.63,565.71,24123.769266,565.768,296,
2026-03-30 12:04:00,565.69,565.99,565.66,565.99,8715.087635,565.7771,191,
2026-03-30 12:05:00,565.96,566.27,565.92,566.18,10923.394874,565.6964,239,
2026-03-30 12:06:00,566.21,566.34,566.16,566.27,10524.79705,566.2843,165,
2026-03-30 12:07:00,566.21,566.21,566.07,566.08,4342.204282,566.1399,97,
2026-03-30 12:08:00,566.2,566.27,566.11,566.11,2799.733027,566.3633,89,
2026-03-30 12:09:00,566.19,566.43,566.0168,566.0168,4993.878784,566.3871,159,
2026-03-30 12:10:00,566.03,566.33,566.02,566.33,1817.710415,566.4508,65,
2026-03-30 12:11:00,566.25,566.3,566.14,566.14,4072.034383,566.2265,90,
2026-03-30 12:12:00,566.23,566.37,566.21,566.33,2168.690552,566.4546,71,
2026-03-30 12:13:00,566.3,566.44,566.16,566.38,2835.579028,566.4453,106,
2026-03-30 12:14:00,566.32,566.3697,566.27,566.2876,4001.155567,566.3549,63,
2026-03-30 12:15:00,566.29,566.38,566.27,566.31,15606.803343,566.3509,149,
2026-03-30 12:16:00,566.25,566.4,566.17,566.17,20007.282247,566.3202,198,
2026-03-30 12:17:00,566.22,566.63,566.22,566.63,7614.527998,566.4855,147,
2026-03-30 12:18:00,566.63,566.76,566.6,566.66,23703.472699,566.7062,342,
2026-03-30 12:19:00,566.7,566.79,566.65,566.65,22920.289343,566.7486,186,
2026-03-30 12:20:00,566.64,566.72,566.53,566.68,3896.659115,566.5543,111,
2026-03-30 12:21:00,566.68,566.75,566.59,566.72,23171.544025,566.5793,212,
2026-03-30 12:22:00,566.68,566.77,566.64,566.64,8659.8455,566.7659,116,
2026-03-30 12:23:00,566.63,567.05,562.2,567.01,14736.434931,565.2282,235,
2026-03-30 12:24:00,566.97,567.25,566.97,567.12,18906.943835,567.1164,266,
2026-03-30 12:25:00,567.03,567.16,566.9902,567.15,9856.892287,567.122,163,
2026-03-30 12:26:00,567.06,567.34,567.05,567.23,16748.998702,567.2806,268,
2026-03-30 12:27:00,567.22,567.2695,567.1,567.11,5256.617643,567.2334,100,
2026-03-30 12:28:00,567.13,567.21,567.06,567.11,10101.94905,567.1786,213,
2026-03-30 12:29:00,567.0978,567.27,567.0978,567.15,22526.221081,567.1727,197,
2026-03-30 12:30:00,567.15,567.4822,566.96,567.45,7802.583806,567.2568,212,
2026-03-30 12:31:00,567.43,567.47,567.28,567.37,13416.537279,567.4049,166,
2026-03-30 12:32:00,567.36,567.65,567.36,567.56,10626.639205,567.4687,165,
2026-03-30 12:33:00,567.51,567.63,567.4408,567.5,14927.125878,567.5083,184,
2026-03-30 12:34:00,567.44,567.4922,567.22,567.34,10755.372013,567.3477,166,
2026-03-30 12:35:00,567.32,567.5,567.1927,567.5,11851.736529,567.427,202,
2026-03-30 12:36:00,567.43,567.56,567.39,567.4178,3782.956594,567.638,104,
2026-03-30 12:37:00,567.33,567.4804,567.33,567.3476,4704.536206,567.4697,106,
2026-03-30 12:38:00,567.39,567.55,567.38,567.51,3697.63471,567.5676,94,
2026-03-30 12:39:00,567.53,567.53,567.42,567.51,1957.629377,567.6618,73,
2026-03-30 12:40:00,567.29,567.4,567.29,567.39,1433.807936,567.6687,73,
2026-03-30 12:41:00,567.39,567.41,567.23,567.2566,4133.224179,567.3221,91,
2026-03-30 12:42:00,567.26,567.4,567.26,567.28,3854.032359,567.3089,117,
2026-03-30 12:43:00,567.25,567.5,567.17,567.48,15822.937718,567.3797,202,
2026-03-30 12:44:00,567.458,567.458,567.26,567.3,2621.961107,567.58,77,
2026-03-30 12:45:00,567.24,567.27,567.13,567.18,5170.353248,567.2364,118,
2026-03-30 12:46:00,567.2696,567.3,567.17,567.2,3595.211023,567.2865,87,
2026-03-30 12:47:00,567.16,567.28,567.15,567.23,8536.625505,567.2572,189,
2026-03-30 12:48:00,567.29,567.3,567.22,567.22,7079.049272,567.2571,125,
2026-03-30 12:49:00,567.2994,567.38,567.16,567.3,2350.362478,567.3433,90,
2026-03-30 12:50:00,567.3,567.3,566.9465,566.97,3443.729709,567.2206,152,
2026-03-30 12:51:00,566.97,567.1,566.92,567.06,6444.40615,567.0696,166,
2026-03-30 12:52:00,567.04,567.16,567.0,567.16,5584.84477,567.162,167,
2026-03-30 12:53:00,567.1178,567.2,567.0913,567.15,4457.047621,567.1641,89,
2026-03-30 12:54:00,567.14,567.2,567.03,567.03,4658.449515,567.1657,125,
2026-03-30 12:55:00,567.02,567.14,567.0,567.04,15208.883949,567.1114,196,
2026-03-30 12:56:00,567.01,567.24,566.99,567.2,7321.812784,567.1891,165,
2026-03-30 12:57:00,567.25,567.27,567.06,567.14,5072.149226,567.1784,96,
2026-03-30 12:58:00,567.16,567.33,567.12,567.2717,3581.395405,567.2934,88,
2026-03-30 12:59:00,567.23,567.29,567.1,567.26,9681.20715,567.2235,177,
2026-03-30 13:00:00,567.3,567.67,567.3,567.55,13071.227214,567.5105,262,
2026-03-30 13:01:00,567.64,567.64,567.33,567.4,6359.553304,567.466,125,
2026-03-30 13:02:00,567.4,567.59,567.3565,567.53,13981.279073,567.431,159,
2026-03-30 13:03:00,567.5327,567.55,567.42,567.46,7967.298901,567.5025,84,
2026-03-30 13:04:00,567.4,567.42,567.2,567.2,6322.934507,567.4504,158,
2026-03-30 13:05:00,567.35,567.3766,566.97,566.99,23322.976542,567.1364,318,
2026-03-30 13:06:00,567.09,567.23,567.0,567.01,8570.489755,567.1417,161,
2026-03-30 13:07:00,567.02,567.23,566.97,567.23,8362.294507,567.0977,121,
2026-03-30 13:08:00,567.28,567.2995,566.7,566.7,17736.98905,566.9475,298,
2026-03-30 13:09:00,566.7001,566.88,566.7,566.84,16319.637003,566.8257,219,
2026-03-30 13:10:00,566.85,567.06,566.82,567.04,6775.083319,566.9486,178,
2026-03-30 13:11:00,566.96,567.1,566.91,566.99,8691.244183,566.9984,163,
2026-03-30 13:12:00,567.05,567.13,567.05,567.08,8573.295453,567.0827,145,
2026-03-30 13:13:00,567.08,567.2,567.08,567.2,8546.667439,567.1507,149,
2026-03-30 13:14:00,567.25,567.28,567.15,567.15,3295.391408,567.2757,90,
2026-03-30 13:15:00,567.19,567.33,567.06,567.11,4137.938775,567.2974,139,
2026-03-30 13:16:00,567.1,567.36,567.03,567.35,14317.78469,567.2329,212,
2026-03-30 13:17:00,567.41,567.43,567.27,567.37,2354.659215,567.5328,86,
2026-03-30 13:18:00,567.44,567.44,567.27,567.28,9839.361917,567.4134,145,
2026-03-30 13:19:00,567.3,567.45,567.28,567.38,20771.537717,567.3816,201,
2026-03-30 13:20:00,567.32,567.38,567.27,567.3129,3860.27304,567.3832,98,
2026-03-30 13:21:00,567.38,567.54,567.38,567.54,7807.259967,567.4613,137,
2026-03-30 13:22:00,567.5,567.52,567.38,567.38,2830.473935,567.5639,87,
2026-03-30 13:23:00,567.42,567.55,567.4,567.55,2457.707101,567.6072,83,
2026-03-30 13:24:00,567.4768,567.56,567.44,567.46,3943.282657,567.5266,81,
2026-03-30 13:25:00,567.41,567.52,567.18,567.43,12980.543699,567.3917,286,
2026-03-30 13:26:00,567.4,567.45,567.2865,567.31,2049.176142,567.4096,96,
2026-03-30 13:27:00,567.35,567.39,567.06,567.06,27490.918574,567.2524,439,
2026-03-30 13:28:00,567.12,567.64,567.12,567.4,31987.976311,567.4315,344,
2026-03-30 13:29:00,567.38,567.5083,567.3,567.3,26632.502744,567.4295,228,
2026-03-30 13:30:00,567.38,567.38,566.62,566.798,1009779.277381,566.9907,20582,
2026-03-30 13:31:00,566.79,568.0,566.79,567.97,577779.542847,567.6179,7960,
2026-03-30 13:32:00,567.98,568.05,567.18,567.255,339567.902201,567.7349,5437,
2026-03-30 13:33:00,567.26,567.52,566.96,566.96,263374.321847,567.2374,5615,
2026-03-30 13:34:00,566.98,566.99,566.13,566.2601,233619.659898,566.5337,5310,
2026-03-30 13:35:00,566.29,566.36,565.77,565.78,284394.727764,566.0182,5538,
2026-03-30 13:36:00,565.7899,565.9,565.295,565.37,407574.346765,565.6707,8412,
2026-03-30 13:37:00,565.36,565.57,565.14,565.5,403238.386055,565.3621,7144,
2026-03-30 13:38:00,565.51,565.75,565.02,565.06,308717.600238,565.2909,5650,
2026-03-30 13:39:00,565.05,565.46,564.98,565.3,307247.397653,565.2227,5706,
2026-03-30 13:40:00,565.31,565.32,564.32,564.41,409579.033597,564.7631,7187,
2026-03-30 13:41:00,564.42,564.62,564.1,564.16,425936.307105,564.413,6842,
2026-03-30 13:42:00,564.17,564.75,564.15,564.63,415372.342077,564.5135,7576,
2026-03-30 13:43:00,564.64,564.77,564.22,564.61,302989.493958,564.5146,6806,
2026-03-30 13:44:00,564.595,564.83,564.29,564.565,218068.451165,564.6002,4626,
2026-03-30 13:45:00,564.56,564.87,564.23,564.585,265311.490463,564.619,5914,
2026-03-30 13:46:00,564.59,564.69,563.78,563.84,257401.474111,564.203,5859,
2026-03-30 13:47:00,563.83,564.3,563.82,563.92,256413.583955,564.0744,5402,
2026-03-30 13:48:00,563.97,564.2597,563.65,564.07,373515.175273,563.9785,7415,
2026-03-30 13:49:00,564.09,564.11,563.6,563.7,256197.720465,563.8275,5728,
2026-03-30 13:50:00,563.71,564.02,563.42,563.69,273512.022423,563.6685,5818,
2026-03-30 13:51:00,563.68,564.02,563.68,563.89,244456.104494,563.8734,4982,
2026-03-30 13:52:00,563.89,564.13,563.74,564.05,188494.760082,563.9006,4731,
2026-03-30 13:53:00,564.065,564.12,563.48,563.64,217950.42181,563.8415,4938,
2026-03-30 13:54:00,563.66,563.885,563.33,563.33,184152.549485,563.6724,4742,
2026-03-30 13:55:00,563.33,563.47,562.84,562.98,360134.554516,563.0518,7793,
2026-03-30 13:56:00,562.995,563.17,562.59,562.679,263118.107394,562.8704,6145,
2026-03-30 13:57:00,562.67,562.91,562.43,562.53,256032.009665,562.6496,6685,
2026-03-30 13:58:00,562.54,562.71,562.11,562.395,269613.664848,562.3759,6437,
2026-03-30 13:59:00,562.375,562.61,562.26,562.37,237565.12832,562.4184,5322,
2026-03-30 14:00:00,562.35,563.05,562.28,562.78,341747.982711,562.7671,6563,
2026-03-30 14:01:00,562.79,563.02,562.55,562.85,231003.355632,562.7535,5745,
2026-03-30 14:02:00,562.87,563.13,562.58,562.945,253614.090044,562.8663,6041,
2026-03-30 14:03:00,562.98,563.18,562.82,563.02,168450.833538,563.0135,4319,
2026-03-30 14:04:00,563.04,563.27,562.93,563.09,109573.685123,563.0923,3264,
2026-03-30 14:05:00,563.09,563.17,562.3,562.59,217846.470091,562.6348,5147,
2026-03-30 14:06:00,562.58,562.76,562.27,562.53,149711.693808,562.5136,4323,
2026-03-30 14:07:00,562.55,563.16,562.55,562.96,185203.23555,562.9489,4178,
2026-03-30 14:08:00,562.98,563.34,562.72,563.18,146111.302021,563.3038,3616,
2026-03-30 14:09:00,563.17,563.49,563.08,563.4207,149458.106648,563.2706,3417,
2026-03-30 14:10:00,563.41,563.81,562.96,563.12,345593.488102,563.5478,5788,
2026-03-30 14:11:00,563.13,563.68,563.13,563.59,241993.505655,563.4523,4312,
2026-03-30 14:12:00,563.62,564.08,563.53,564.01,207983.936458,563.8511,4795,
2026-03-30 14:13:00,564.0,564.1942,563.72,563.98,135744.140671,563.9244,3721,
2026-03-30 14:14:00,564.01,564.28,563.81,563.89,137911.306167,564.0205,3681,
2026-03-30 14:15:00,563.89,564.13,563.22,563.34,224187.335106,563.522,4633,
2026-03-30 14:16:00,563.34,563.8,563.09,563.68,140463.501062,563.4599,3912,
2026-03-30 14:17:00,563.72,563.81,563.32,563.41,112525.946775,563.5886,3347,
2026-03-30 14:18:00,563.42,563.56,563.24,563.31,93623.268502,563.3535,3000,
2026-03-30 14:19:00,563.34,563.4,562.71,563.25,216462.130299,562.9996,4796,
2026-03-30 14:20:00,563.23,563.63,563.13,563.38,93044.30551,563.3951,3204,
2026-03-30 14:21:00,563.39,563.53,563.09,563.18,90361.569245,563.2898,2926,
2026-03-30 14:22:00,563.22,563.97,563.17,563.8,103844.428951,563.4584,3211,
2026-03-30 14:23:00,563.8,563.83,563.53,563.69,120626.610266,563.6971,3492,
2026-03-30 14:24:00,563.69,563.75,563.5,563.65,90554.872539,563.6305,3027,
2026-03-30 14:25:00,563.68,563.83,563.535,563.57,88613.664149,563.6898,3030,
2026-03-30 14:26:00,563.57,563.5799,563.18,563.27,119254.414354,563.407,3026,
2026-03-30 14:27:00,563.295,563.43,562.885,563.08,96659.881373,563.1728,3065,
2026-03-30 14:28:00,563.08,563.18,562.73,562.7602,148816.35511,563.0102,4219,
2026-03-30 14:29:00,562.78,563.15,562.66,562.925,121135.326069,562.8884,3347,
2026-03-30 14:30:00,562.88,563.6,562.825,563.33,133088.411975,563.2409,3446,
2026-03-30 14:31:00,563.35,563.59,563.19,563.26,106586.966094,563.332,3311,
2026-03-30 14:32:00,563.28,563.3863,562.86,563.065,135028.290319,563.1735,3862,
2026-03-30 14:33:00,563.05,563.53,562.99,563.11,123672.887594,563.2269,3929,
2026-03-30 14:34:00,563.07,563.11,562.75,562.95,102900.850732,562.9081,3497,
2026-03-30 14:35:00,562.975,563.1,562.3,562.325,135454.14895,562.7024,4094,
2026-03-30 14:36:00,562.35,562.7599,561.97,562.475,297598.906961,562.3842,6280,
2026-03-30 14:37:00,562.47,562.66,562.35,562.64,126785.486351,562.4803,3452,
2026-03-30 14:38:00,562.68,562.9,562.51,562.69,105571.891377,562.7247,3203,
2026-03-30 14:39:00,562.69,562.81,562.34,562.6,96838.678465,562.5703,3222,
2026-03-30 14:40:00,562.6,563.03,562.43,562.44,381671.428665,562.7882,3947,
2026-03-30 14:41:00,562.44,562.48,561.81,561.975,173181.340524,562.0307,4413,
2026-03-30 14:42:00,561.9701,562.23,561.86,562.0,142179.013097,562.0423,3872,
2026-03-30 14:43:00,562.0,562.05,561.61,561.67,138902.776013,561.8266,3988,
2026-03-30 14:44:00,561.68,561.7,561.37,561.65,264930.159716,561.7441,5517,
2026-03-30 14:45:00,561.65,562.01,561.57,561.855,251017.606918,561.8093,5883,
2026-03-30 14:46:00,561.855,563.07,561.855,562.81,302513.190648,562.5075,6650,
2026-03-30 14:47:00,562.82,563.49,562.34,563.31,281327.389549,562.7848,6431,
2026-03-30 14:48:00,563.29,563.77,562.86,562.99,313592.715035,563.2129,6494,
2026-03-30 14:49:00,562.945,563.08,562.4,562.43,176168.07538,562.7895,4708,
2026-03-30 14:50:00,562.44,562.68,562.14,562.491,155961.813259,562.4007,4289,
2026-03-30 14:51:00,562.52,562.67,562.27,562.31,121844.728563,562.4946,3875,
2026-03-30 14:52:00,562.32,562.55,562.115,562.41,183840.17454,562.3513,3369,
2026-03-30 14:53:00,562.42,562.9,562.28,562.88,163941.741929,562.6382,3763,
2026-03-30 14:54:00,562.87,563.19,562.63,563.03,164173.950665,562.9133,4160,
2026-03-30 14:55:00,563.02,563.07,562.49,562.71,110064.234734,562.7564,3340,
2026-03-30 14:56:00,562.72,563.31,562.64,563.25,144369.503849,563.0157,3768,
2026-03-30 14:57:00,563.24,563.79,563.21,563.55,158287.678892,563.5254,3878,
2026-03-30 14:58:00,563.56,564.17,563.51,564.02,238969.938529,563.8104,4488,
2026-03-30 14:59:00,564.03,564.189,563.882,564.145,155571.976804,564.0312,3876,
2026-03-30 15:00:00,564.15,564.66,564.14,564.56,307424.102768,564.3987,6752,
2026-03-30 15:01:00,564.56,564.72,564.27,564.48,253621.387317,564.484,5019,
2026-03-30 15:02:00,564.5,564.7288,564.37,564.67,193845.826309,564.5357,4196,
2026-03-30 15:03:00,564.65,564.92,564.5001,564.905,121011.414216,564.7108,3222,
2026-03-30 15:04:00,564.88,565.04,564.6901,565.02,187747.018128,564.8378,4117,
2026-03-30 15:05:00,565.03,565.54,564.825,564.825,177255.131737,565.1199,4175,
2026-03-30 15:06:00,564.82,564.82,564.199,564.28,202458.510132,564.4738,4386,
2026-03-30 15:07:00,564.28,564.28,563.5501,563.59,211729.597589,563.8302,4602,
2026-03-30 15:08:00,563.57,563.76,563.26,563.345,151912.211534,563.4895,3737,
2026-03-30 15:09:00,563.38,563.49,563.13,563.28,170809.802382,563.5375,3239,
2026-03-30 15:10:00,563.29,563.72,563.29,563.45,108570.249465,563.5965,3042,
2026-03-30 15:11:00,563.44,563.5,563.15,563.19,81707.290072,563.2929,2813,
2026-03-30 15:12:00,563.19,563.43,563.0701,563.19,99588.568461,563.2426,2781,
2026-03-30 15:13:00,563.2,563.38,562.86,563.11,94572.279462,563.0418,3132,
2026-03-30 15:14:00,563.09,563.12,562.59,562.68,120773.029337,562.735,3433,
2026-03-30 15:15:00,562.71,562.78,562.21,562.429,184263.6359,562.4747,4128,
2026-03-30 15:16:00,562.44,562.51,561.845,562.0,267434.473413,562.0617,5801,
2026-03-30 15:17:00,561.99,562.37,561.91,562.14,169681.257371,562.1681,4127,
2026-03-30 15:18:00,562.14,562.305,562.05,562.2837,79486.462496,562.1797,2842,
2026-03-30 15:19:00,562.2679,562.56,562.26,562.4999,144393.645,562.4675,3210,
2026-03-30 15:20:00,562.51,562.96,562.42,562.77,107296.932009,562.7164,3187,
2026-03-30 15:21:00,562.77,562.82,562.59,562.72,71563.566414,562.7074,2521,
2026-03-30 15:22:00,562.72,562.725,562.41,562.61,77641.936258,562.5706,2677,
2026-03-30 15:23:00,562.63,563.16,562.6299,563.107,84491.868549,562.9396,2778,
2026-03-30 15:24:00,563.1,563.29,563.02,563.2164,548640.848849,562.8241,2576,
2026-03-30 15:25:00,563.2,563.63,563.2,563.459,147560.980824,563.4465,3800,
2026-03-30 15:26:00,563.4509,563.695,563.41,563.6001,62280.467736,563.5478,2341,
2026-03-30 15:27:00,563.61,563.63,563.39,563.4912,66964.527819,563.5058,2585,
2026-03-30 15:28:00,563.51,563.59,563.13,563.2611,99708.505783,563.3953,2918,
2026-03-30 15:29:00,563.2799,563.2799,562.93,563.0,108844.871435,563.0133,2809,
2026-03-30 15:30:00,562.97,563.15,562.6,562.85,157443.721692,562.9759,3634,
2026-03-30 15:31:00,562.82,563.14,562.82,563.03,85154.300595,563.0259,3027,
2026-03-30 15:32:00,563.013,563.595,563.0,563.5,112828.655272,563.378,3155,
2026-03-30 15:33:00,563.53,564.225,563.44,564.07,199136.431131,563.9451,4477,
2026-03-30 15:34:00,564.09,564.44,563.82,564.32,198821.163993,564.1494,4438,
2026-03-30 15:35:00,564.33,564.69,564.2619,564.63,199234.727198,564.4976,4622,
2026-03-30 15:36:00,564.62,564.9099,564.51,564.795,112615.740794,564.6667,3524,
2026-03-30 15:37:00,564.79,564.9,564.54,564.9,109809.71019,564.7279,3337,
2026-03-30 15:38:00,564.89,564.89,564.34,564.4,123259.787086,564.6049,3535,
2026-03-30 15:39:00,564.39,564.46,563.93,564.015,326614.940994,563.6709,4990,
2026-03-30 15:40:00,564.01,564.24,563.825,564.216,161115.893963,564.0066,3872,
2026-03-30 15:41:00,564.23,564.57,564.18,564.39,113888.414251,564.4179,3344,
2026-03-30 15:42:00,564.37,564.63,564.29,564.56,99524.310074,564.4805,2969,
2026-03-30 15:43:00,564.56,564.77,564.35,564.705,191808.507035,564.5534,4575,
2026-03-30 15:44:00,564.7,564.82,564.62,564.73,81279.170618,564.7318,2862,
2026-03-30 15:45:00,564.74,564.82,564.27,564.398,147029.081828,564.5,3571,
2026-03-30 15:46:00,564.38,564.56,564.21,564.42,125452.39656,564.3973,3288,
2026-03-30 15:47:00,564.42,564.605,564.27,564.49,82413.829313,564.4659,2844,
2026-03-30 15:48:00,564.49,564.67,564.43,564.57,98759.808141,564.5836,2874,
2026-03-30 15:49:00,564.585,564.7318,564.42,564.66,77781.088302,564.5939,2585,
2026-03-30 15:50:00,564.69,565.19,564.62,565.1301,197773.681023,564.9343,4086,
2026-03-30 15:51:00,565.15,565.44,565.05,565.41,149242.010583,565.2544,3723,
2026-03-30 15:52:00,565.4,565.48,565.155,565.19,127150.346642,565.313,2699,
2026-03-30 15:53:00,565.19,565.34,564.94,565.03,124901.137335,565.1339,2094,
2026-03-30 15:54:00,565.02,565.07,564.75,564.755,212877.516553,564.9239,2736,
2026-03-30 15:55:00,564.75,564.75,564.35,564.57,142023.87322,564.5412,2325,
2026-03-30 15:56:00,564.57,564.58,564.09,564.09,136679.850947,564.3293,1951,
2026-03-30 15:57:00,564.11,564.2701,564.03,564.25,119022.143651,564.1373,1689,
2026-03-30 15:58:00,564.26,564.45,563.96,564.27,108150.274774,564.2334,1819,
2026-03-30 15:59:00,564.29,564.3,563.91,564.055,103762.432554,564.0996,1767,
2026-03-30 16:00:00,564.05,564.18,563.61,563.76,165097.050437,563.8333,2200,
2026-03-30 16:01:00,563.765,563.83,563.575,563.5999,105970.283865,563.7118,1623,
2026-03-30 16:02:00,563.6001,563.72,563.12,563.15,106818.225753,563.491,2088,
2026-03-30 16:03:00,563.17,563.215,562.89,562.89,166883.081758,563.0323,2984,
2026-03-30 16:04:00,562.915,563.07,562.81,562.91,254924.099683,562.9204,4197,
2026-03-30 16:05:00,562.93,563.1,562.8,562.85,160970.998083,562.98,2504,
2026-03-30 16:06:00,562.85,563.135,562.81,562.98,85813.875113,562.9919,1495,
2026-03-30 16:07:00,562.98,563.09,562.59,562.63,200008.921261,562.8426,3374,
2026-03-30 16:08:00,562.64,562.91,562.5,562.73,164583.810359,562.6782,2459,
2026-03-30 16:09:00,562.74,563.01,562.725,562.82,124807.761109,562.8863,2036,
2026-03-30 16:10:00,562.82,563.125,562.71,563.0497,149888.208772,562.8827,2370,
2026-03-30 16:11:00,563.06,563.23,562.92,563.0401,96492.018767,563.0934,1835,
2026-03-30 16:12:00,563.06,563.391,563.06,563.365,94850.789821,563.2706,1566,
2026-03-30 16:13:00,563.36,563.395,563.12,563.19,73373.442851,563.2705,1529,
2026-03-30 16:14:00,563.19,563.27,563.03,563.1101,86999.359535,563.1483,1422,
2026-03-30 16:15:00,563.083,563.11,562.68,562.78,155201.117446,563.0141,1737,
2026-03-30 16:16:00,562.77,562.84,562.43,562.5499,92939.650521,562.674,1840,
2026-03-30 16:17:00,562.55,562.76,562.52,562.52,68113.341849,562.6395,1311,
2026-03-30 16:18:00,562.535,562.58,562.3,562.338,75729.125297,562.4316,1464,
2026-03-30 16:19:00,562.3388,562.56,562.3,562.47,59702.916577,562.4208,1281,
2026-03-30 16:20:00,562.48,562.79,562.415,562.52,218085.908438,562.8449,1858,
2026-03-30 16:21:00,562.49,562.54,562.18,562.385,83025.154762,562.3456,1644,
2026-03-30 16:22:00,562.39,562.65,562.35,562.42,120877.246192,562.4985,2152,
2026-03-30 16:23:00,562.44,562.465,562.17,562.27,59209.311862,562.3045,1061,
2026-03-30 16:24:00,562.29,562.43,562.1,562.2999,124138.778275,562.251,1940,
2026-03-30 16:25:00,562.29,562.38,562.25,562.29,86473.320012,562.32,1471,
2026-03-30 16:26:00,562.28,562.28,561.94,561.98,159149.393971,562.0404,3068,
2026-03-30 16:27:00,562.01,562.09,561.76,561.81,201988.990798,561.9609,3382,
2026-03-30 16:28:00,561.79,561.9,561.61,561.69,157287.232871,561.7872,2094,
2026-03-30 16:29:00,561.68,561.82,561.6601,561.6625,122084.227621,561.7579,1841,
2026-03-30 16:30:00,561.67,561.81,561.49,561.63,155748.074522,561.6274,2778,
2026-03-30 16:31:00,561.625,562.08,561.62,561.89,311046.761287,561.92,2772,
2026-03-30 16:32:00,561.89,562.06,561.78,561.88,87959.045481,561.9131,1732,
2026-03-30 16:33:00,561.89,562.08,561.83,561.93,89134.197296,561.9637,1786,
2026-03-30 16:34:00,561.92,562.135,561.92,561.97,95910.761162,562.0518,1913,
2026-03-30 16:35:00,562.0,562.0799,561.92,561.99,79844.133392,562.0119,1671,
2026-03-30 16:36:00,562.01,562.07,561.8,562.07,101963.862167,561.9373,1947,
2026-03-30 16:37:00,562.07,562.221,562.03,562.175,127652.795174,562.1413,2322,
2026-03-30 16:38:00,562.165,562.415,562.05,562.29,103715.693272,562.2444,1900,
2026-03-30 16:39:00,562.28,562.6298,562.28,562.46,112278.327915,562.4903,1778,
2026-03-30 16:40:00,562.46,562.46,562.16,562.26,100270.270425,562.3093,1664,
2026-03-30 16:41:00,562.26,562.53,562.21,562.41,120053.292064,562.3918,1971,
2026-03-30 16:42:00,562.42,562.46,562.17,562.24,69444.250145,562.3444,1210,
2026-03-30 16:43:00,562.24,562.39,562.17,562.22,77211.952203,562.2736,1347,
2026-03-30 16:44:00,562.215,562.32,562.1,562.2899,74704.577264,562.2268,1128,
2026-03-30 16:45:00,562.29,562.29,562.01,562.24,54348.652474,562.1349,1083,
2026-03-30 16:46:00,562.24,562.27,562.09,562.225,56301.011665,562.1762,868,
2026-03-30 16:47:00,562.225,562.4199,562.13,562.28,92933.18862,562.2855,1393,
2026-03-30 16:48:00,562.28,562.37,562.14,562.25,53701.080529,562.2457,915,
2026-03-30 16:49:00,562.25,562.3,561.98,562.1,52756.797816,562.1803,1087,
2026-03-30 16:50:00,562.1,562.24,562.03,562.23,54968.436483,562.1154,1128,
2026-03-30 16:51:00,562.23,562.537,562.2299,562.45,77026.678525,562.3573,1519,
2026-03-30 16:52:00,562.48,562.53,562.26,562.32,51707.74583,562.4172,1035,
2026-03-30 16:53:00,562.33,562.35,562.04,562.12,48009.425678,562.1967,1083,
2026-03-30 16:54:00,562.14,562.22,561.93,561.95,64259.663741,562.0725,1314,
2026-03-30 16:55:00,561.95,561.98,561.72,561.795,255787.61485,562.2213,2123,
2026-03-30 16:56:00,561.81,561.935,561.765,561.86,183239.008652,562.3046,1566,
2026-03-30 16:57:00,561.87,561.92,561.72,561.8,85236.60438,561.8145,1465,
2026-03-30 16:58:00,561.8,561.95,561.7201,561.745,65294.786633,561.8107,1178,
2026-03-30 16:59:00,561.74,562.1064,561.69,561.97,142449.514899,561.9975,2056,
2026-03-30 17:00:00,561.96,562.31,561.95,562.225,156386.92098,562.1683,2074,
2026-03-30 17:01:00,562.22,562.41,562.065,562.07,108131.572525,562.2196,1722,
2026-03-30 17:02:00,562.0731,562.095,561.69,561.82,143131.796024,561.7966,2195,
2026-03-30 17:03:00,561.83,561.93,561.6,561.77,114313.346786,561.7644,1851,
2026-03-30 17:04:00,561.75,561.79,561.33,561.37,123652.016817,561.5525,2161,
2026-03-30 17:05:00,561.375,561.77,561.31,561.63,187915.524245,561.5184,2948,
2026-03-30 17:06:00,561.655,562.15,561.59,561.925,214531.871322,561.9471,2765,
2026-03-30 17:07:00,561.93,562.025,561.8,561.89,148585.460379,561.9266,1682,
2026-03-30 17:08:00,561.92,561.94,561.66,561.74,73737.59342,561.787,1117,
2026-03-30 17:09:00,561.7335,561.8299,561.585,561.8099,99695.407753,561.6748,1482,
2026-03-30 17:10:00,561.82,561.9,561.31,561.32,186359.66327,561.6508,2767,
2026-03-30 17:11:00,561.33,561.45,561.32,561.345,111535.908802,561.375,1333,
2026-03-30 17:12:00,561.35,561.49,561.33,561.3847,107859.62058,561.4553,1250,
2026-03-30 17:13:00,561.38,561.38,560.92,561.135,271580.511155,561.194,4782,
2026-03-30 17:14:00,561.13,561.21,560.952,561.01,92614.419249,561.0887,1969,
2026-03-30 17:15:00,561.01,561.195,560.37,560.52,174621.318249,560.7694,3529,
2026-03-30 17:16:00,560.53,560.62,560.22,560.43,260742.416701,560.4443,4880,
2026-03-30 17:17:00,560.41,560.565,560.36,560.521,125375.844801,560.4761,2344,
2026-03-30 17:18:00,560.53,560.72,560.4,560.67,157107.630933,560.5611,2990,
2026-03-30 17:19:00,560.685,560.75,560.56,560.72,105986.479858,560.6535,2054,
2026-03-30 17:20:00,560.71,560.88,560.57,560.59,100365.999426,560.7362,1963,
2026-03-30 17:21:00,560.59,560.66,560.19,560.35,111127.906196,560.4037,2413,
2026-03-30 17:22:00,560.36,560.39,560.06,560.15,149783.823313,560.2308,2991,
2026-03-30 17:23:00,560.15,560.27,560.1,560.19,151047.16847,560.1754,3014,
2026-03-30 17:24:00,560.185,560.27,560.055,560.21,155983.345894,560.1634,2548,
2026-03-30 17:25:00,560.21,560.28,560.045,560.15,151286.511943,560.178,2746,
2026-03-30 17:26:00,560.145,560.33,559.97,560.045,186662.333281,560.1162,6746,
2026-03-30 17:27:00,560.02,560.0299,559.67,559.785,180336.377043,559.8493,3418,
2026-03-30 17:28:00,559.78,559.96,559.65,559.835,178243.103607,559.7874,3360,
2026-03-30 17:29:00,559.83,559.88,559.758,559.7699,130072.671836,559.8008,2319,
2026-03-30 17:30:00,559.77,559.83,559.6,559.76,180025.098317,559.7034,3484,
2026-03-30 17:31:00,559.76,559.79,559.44,559.48,171135.226961,559.5985,3464,
2026-03-30 17:32:00,559.5,559.5,559.16,559.301,204286.028669,559.3558,4035,
2026-03-30 17:33:00,559.305,559.45,559.18,559.23,149990.331814,559.3135,2899,
2026-03-30 17:34:00,559.2424,559.35,559.215,559.3,125866.784913,559.2784,2817,
2026-03-30 17:35:00,559.295,559.41,559.12,559.25,101424.3435,559.2598,2416,
2026-03-30 17:36:00,559.25,559.84,559.25,559.76,239509.229896,559.6264,4339,
2026-03-30 17:37:00,559.74,559.86,559.46,559.55,110144.046797,559.6896,2119,
2026-03-30 17:38:00,559.56,559.71,559.4698,559.53,152381.921156,559.6431,2068,
2026-03-30 17:39:00,559.54,560.04,559.53,559.9898,213960.55477,559.8749,3269,
2026-03-30 17:40:00,559.97,560.16,559.79,560.07,113572.715144,560.0129,2107,
2026-03-30 17:41:00,560.04,560.1099,559.825,560.045,82261.727796,559.9965,1648,
2026-03-30 17:42:00,560.04,560.3,560.01,560.2,104520.156227,560.1931,1627,
2026-03-30 17:43:00,560.18,560.32,560.03,560.3,78097.689577,560.1628,1650,
2026-03-30 17:44:00,560.3,560.66,560.245,560.52,139979.864453,560.4597,2504,
2026-03-30 17:45:00,560.51,560.71,560.51,560.695,114565.534956,560.6108,1960,
2026-03-30 17:46:00,560.695,560.71,560.36,560.4,118647.786006,560.4702,2155,
2026-03-30 17:47:00,560.39,561.14,560.23,560.6675,310283.835678,560.7074,5373,
2026-03-30 17:48:00,560.675,560.675,560.05,560.19,459987.484268,560.7554,2612,
2026-03-30 17:49:00,560.18,560.35,560.09,560.12,104392.120057,560.2287,1743,
2026-03-30 17:50:00,560.12,560.21,559.8836,560.01,279652.547631,560.1189,1645,
2026-03-30 17:51:00,560.01,560.315,559.99,560.29,77026.725762,560.1545,1517,
2026-03-30 17:52:00,560.285,560.35,560.15,560.19,83320.121257,560.2398,1390,
2026-03-30 17:53:00,560.2,560.45,560.18,560.22,88582.004654,560.3104,3660,
2026-03-30 17:54:00,560.24,560.27,560.01,560.09,103918.808936,560.1308,9349,
2026-03-30 17:55:00,560.09,560.16,559.96,560.0804,76430.806506,560.0768,1386,
2026-03-30 17:56:00,560.09,560.18,559.935,559.94,79926.634938,560.0754,1436,
2026-03-30 17:57:00,559.94,559.97,559.69,559.81,123646.838604,559.833,2429,
2026-03-30 17:58:00,559.81,559.82,559.68,559.71,88165.53249,559.7536,1577,
2026-03-30 17:59:00,559.73,560.15,559.73,560.1,133807.93522,559.9679,2106,
2026-03-30 18:00:00,560.095,560.14,559.79,559.81,231790.334698,561.1859,1764,
2026-03-30 18:01:00,559.8101,559.9,559.7,559.775,91950.656767,559.798,1603,
2026-03-30 18:02:00,559.78,559.95,559.7,559.92,135472.784982,559.8623,1973,
2026-03-30 18:03:00,559.91,560.1,559.77,559.83,112242.025138,559.9736,1993,
2026-03-30 18:04:00,559.78,559.805,559.64,559.695,114575.384873,559.7148,1855,
2026-03-30 18:05:00,559.7,560.04,559.7,559.88,100997.859116,559.8492,1860,
2026-03-30 18:06:00,559.8701,559.9,559.4,559.52,113630.101465,559.6395,1925,
2026-03-30 18:07:00,559.5201,559.57,559.21,559.4288,112962.220023,559.3593,2273,
2026-03-30 18:08:00,559.43,559.64,559.33,559.41,132437.745114,559.5247,2056,
2026-03-30 18:09:00,559.4,559.59,559.37,559.44,61131.453905,559.5032,1427,
2026-03-30 18:10:00,559.44,559.65,559.36,559.46,85511.948267,559.4918,1596,
2026-03-30 18:11:00,559.45,559.64,559.445,559.6,70547.059219,559.552,1290,
2026-03-30 18:12:00,559.6,559.645,559.45,559.64,64174.342129,559.5367,1066,
2026-03-30 18:13:00,559.62,559.67,559.3399,559.3897,81663.52634,559.4499,1316,
2026-03-30 18:14:00,559.39,559.79,559.37,559.665,128904.977775,559.5284,2332,
2026-03-30 18:15:00,559.65,559.77,559.35,559.41,112652.098555,559.5612,2143,
2026-03-30 18:16:00,559.4,559.55,559.34,559.45,79140.206191,559.4325,1410,
2026-03-30 18:17:00,559.45,559.62,559.37,559.45,59728.211022,559.512,1024,
2026-03-30 18:18:00,559.45,559.63,559.4199,559.5,94272.477521,559.6996,1128,
2026-03-30 18:19:00,559.52,559.94,559.51,559.86,85240.589357,559.7358,1588,
2026-03-30 18:20:00,559.85,560.02,559.7899,559.9699,105842.749814,559.9149,2003,
2026-03-30 18:21:00,559.96,560.08,559.66,559.74,111431.285019,559.9082,1899,
2026-03-30 18:22:00,559.74,559.9,559.62,559.66,88473.995732,559.7699,1566,
2026-03-30 18:23:00,559.65,559.74,559.4,559.48,90506.614198,559.6013,1620,
2026-03-30 18:24:00,559.49,559.5251,559.39,559.475,99368.593168,559.4654,1720,
2026-03-30 18:25:00,559.485,559.51,559.12,559.245,110669.54717,559.3068,2035,
2026-03-30 18:26:00,559.23,559.25,558.86,559.02,143105.229388,559.021,3491,
2026-03-30 18:27:00,559.04,559.06,558.82,558.8999,104692.162735,558.9317,2049,
2026-03-30 18:28:00,558.9,558.94,558.742,558.811,93948.736872,558.8255,2082,
2026-03-30 18:29:00,558.79,558.86,558.71,558.74,63160.186244,558.7744,1186,
2026-03-30 18:30:00,558.75,559.02,558.7,558.985,124306.374807,558.9227,2357,
2026-03-30 18:31:00,558.98,559.16,558.93,558.9599,171049.463649,559.0502,2509,
2026-03-30 18:32:00,558.95,559.185,558.9,558.972,60909.906263,559.0892,1306,
2026-03-30 18:33:00,558.98,559.07,558.91,559.02,61051.631192,558.9845,1159,
2026-03-30 18:34:00,559.04,559.05,558.9141,559.05,42476.884369,558.9913,978,
2026-03-30 18:35:00,559.05,559.33,559.04,559.32,118503.704446,559.23,2145,
2026-03-30 18:36:00,559.305,559.69,559.28,559.65,114582.382297,559.5263,2111,
2026-03-30 18:37:00,559.65,559.65,559.45,559.4602,91962.223359,559.5653,1804,
2026-03-30 18:38:00,559.46,559.57,559.225,559.27,89734.557928,559.4024,1626,
2026-03-30 18:39:00,559.26,559.26,558.835,558.845,87768.329674,559.0192,2042,
2026-03-30 18:40:00,558.845,558.99,558.76,558.97,195480.121937,560.8937,1670,
2026-03-30 18:41:00,558.98,559.04,558.91,558.94,93602.180354,558.9911,1790,
2026-03-30 18:42:00,558.94,558.98,558.74,558.8599,73877.35489,558.8649,1535,
2026-03-30 18:43:00,558.8599,558.87,558.74,558.855,85500.15017,558.8034,1427,
2026-03-30 18:44:00,558.85,558.88,558.72,558.77,109556.573722,558.8142,1860,
2026-03-30 18:45:00,558.77,559.09,558.77,558.835,169893.341321,559.0222,1886,
2026-03-30 18:46:00,558.83,558.87,558.64,558.72,165451.326261,558.7247,2956,
2026-03-30 18:47:00,558.72,558.76,558.58,558.6801,73135.962847,558.752,1353,
2026-03-30 18:48:00,558.685,558.87,558.445,558.54,151719.927788,558.646,2556,
2026-03-30 18:49:00,558.545,558.625,558.46,558.48,82518.436882,558.5584,1376,
2026-03-30 18:50:00,558.48,558.505,558.2,558.33,156296.19902,558.3427,2660,
2026-03-30 18:51:00,558.34,558.35,558.05,558.065,142715.935787,558.1424,2418,
2026-03-30 18:52:00,558.08,558.15,558.0,558.06,283537.410244,558.0631,4431,
2026-03-30 18:53:00,558.065,558.16,557.9701,558.025,356598.787756,558.0542,2366,
2026-03-30 18:54:00,558.025,558.22,557.86,558.14,157790.790791,558.0636,2465,
2026-03-30 18:55:00,558.145,558.37,558.13,558.154,149425.722073,558.2827,2529,
2026-03-30 18:56:00,558.16,558.26,558.1001,558.17,85300.80431,558.1943,1582,
2026-03-30 18:57:00,558.17,558.19,557.77,557.83,193246.023907,560.478,1680,
2026-03-30 18:58:00,557.83,558.03,557.81,557.84,107507.519795,557.9176,1911,
2026-03-30 18:59:00,557.84,557.99,557.835,557.91,137272.698324,557.9213,1717,
2026-03-30 19:00:00,557.91,558.03,557.66,557.725,204699.16367,557.8054,2493,
2026-03-30 19:01:00,557.73,557.96,557.655,557.91,155642.046967,557.8311,2824,
2026-03-30 19:02:00,557.905,558.15,557.87,557.93,119434.541914,558.0213,2019,
2026-03-30 19:03:00,557.92,558.01,557.665,557.7,220403.449886,557.8765,2944,
2026-03-30 19:04:00,557.69,557.98,557.66,557.84,211608.669935,557.8287,2749,
2026-03-30 19:05:00,557.85,557.86,557.46,557.49,207318.801249,557.6016,3486,
2026-03-30 19:06:00,557.495,557.51,557.23,557.41,199600.611776,557.3855,3362,
2026-03-30 19:07:00,557.41,557.45,556.96,557.02,367877.791731,558.7198,4336,
2026-03-30 19:08:00,557.03,557.14,556.95,557.035,195869.058181,557.0404,3159,
2026-03-30 19:09:00,557.025,557.05,556.8,556.815,195055.871574,556.926,3399,
2026-03-30 19:10:00,556.815,556.9,556.35,556.36,355228.803324,558.3724,4331,
2026-03-30 19:11:00,556.37,556.5,555.91,556.15,420910.501352,556.2315,6926,
2026-03-30 19:12:00,556.15,556.35,556.07,556.09,203925.865918,556.2414,3521,
2026-03-30 19:13:00,556.08,556.305,556.04,556.255,171223.958223,556.2136,2709,
2026-03-30 19:14:00,556.26,556.28,556.0001,556.105,130511.721968,556.1053,2397,
2026-03-30 19:15:00,556.095,556.54,556.09,556.36,150473.541485,556.3562,2685,
2026-03-30 19:16:00,556.38,556.49,556.1923,556.34,114398.127122,556.384,2091,
2026-03-30 19:17:00,556.34,556.55,556.265,556.34,154308.42584,556.4211,2908,
2026-03-30 19:18:00,556.355,556.46,556.28,556.35,112786.98787,556.3906,2326,
2026-03-30 19:19:00,556.34,556.38,556.23,556.27,72294.977284,556.3096,1673,
2026-03-30 19:20:00,556.27,556.49,556.23,556.46,127241.770948,556.3645,2446,
2026-03-30 19:21:00,556.47,556.475,555.98,556.02,133546.459444,556.2238,2821,
2026-03-30 19:22:00,556.02,556.23,556.015,556.1,78940.886769,556.153,1712,
2026-03-30 19:23:00,556.14,556.42,556.08,556.3,92574.895089,556.2785,1806,
2026-03-30 19:24:00,556.29,556.31,556.09,556.12,69678.24143,556.2233,1464,
2026-03-30 19:25:00,556.11,556.1799,555.87,555.9501,108377.202569,556.0109,2359,
2026-03-30 19:26:00,555.9305,556.16,555.92,556.11,115384.442048,556.045,1998,
2026-03-30 19:27:00,556.11,556.18,555.84,555.94,165686.222169,555.9772,2269,
2026-03-30 19:28:00,555.945,555.945,555.65,555.74,123576.471229,555.7919,2364,
2026-03-30 19:29:00,555.74,555.935,555.6,555.89,177525.349025,555.8368,2751,
2026-03-30 19:30:00,555.89,556.4,555.89,556.205,221043.682609,556.1488,4536,
2026-03-30 19:31:00,556.205,556.29,555.778,555.86,141910.261028,556.0336,2904,
2026-03-30 19:32:00,555.86,555.91,555.62,555.75,144846.457193,555.7889,2450,
2026-03-30 19:33:00,555.75,556.02,555.75,555.925,102457.764264,555.8986,2206,
2026-03-30 19:34:00,555.92,555.92,555.695,555.76,132314.389725,555.8195,2179,
2026-03-30 19:35:00,555.76,556.14,555.75,556.0599,136321.538763,555.9553,2601,
2026-03-30 19:36:00,556.06,556.93,556.06,556.83,348370.869395,556.5471,5456,
2026-03-30 19:37:00,556.83,556.84,556.47,556.63,198882.043212,556.6655,3261,
2026-03-30 19:38:00,556.64,556.655,556.28,556.335,138644.049872,556.4456,2685,
2026-03-30 19:39:00,556.33,556.475,556.2,556.41,154086.529396,556.3206,2227,
2026-03-30 19:40:00,556.43,556.79,556.42,556.72,159101.070285,556.602,2772,
2026-03-30 19:41:00,556.68,556.91,556.5262,556.91,124988.801403,556.7058,2434,
2026-03-30 19:42:00,556.9,557.15,556.79,556.855,253487.31245,556.9725,3957,
2026-03-30 19:43:00,556.84,556.9,556.66,556.88,144406.377954,556.787,2727,
2026-03-30 19:44:00,556.873,557.12,556.83,556.95,141924.231915,556.9719,2634,
2026-03-30 19:45:00,556.95,557.18,556.8701,557.11,190659.518702,557.0486,3196,
2026-03-30 19:46:00,557.08,557.28,556.92,557.2,167274.247341,557.0625,2836,
2026-03-30 19:47:00,557.2,557.75,557.16,557.62,246327.683977,557.4305,4445,
2026-03-30 19:48:00,557.61,557.64,557.28,557.375,230358.660399,557.4696,3638,
2026-03-30 19:49:00,557.39,557.48,557.22,557.41,152314.579243,557.3424,2737,
2026-03-30 19:50:00,557.41,557.92,557.04,557.89,389333.627881,557.532,6732,
2026-03-30 19:51:00,557.89,558.115,557.83,558.06,266507.730905,557.9676,4541,
2026-03-30 19:52:00,558.06,558.08,557.74,557.75,255068.327657,557.9133,4319,
2026-03-30 19:53:00,557.76,558.05,557.51,558.03,216891.466642,557.7803,4206,
2026-03-30 19:54:00,558.03,558.31,557.87,558.2401,349469.631481,558.081,5367,
2026-03-30 19:55:00,558.23,558.87,558.23,558.685,437503.526182,558.613,6722,
2026-03-30 19:56:00,558.69,558.88,558.56,558.845,238202.781383,558.7614,3996,
2026-03-30 19:57:00,558.85,558.98,558.74,558.865,402124.743412,558.8556,5493,
2026-03-30 19:58:00,558.865,558.92,558.26,558.38,589094.686204,558.4069,8155,
2026-03-30 19:59:00,558.39,558.57,558.07,558.29,835691.470287,558.3137,12245,
2026-03-30 20:00:00,558.28,558.47,557.85,557.99,70186.381831,558.1717,500,
2026-03-30 20:01:00,558.04,558.07,557.9,557.92,31367.733844,558.0057,281,
2026-03-30 20:02:00,557.96,558.07,557.91,558.06,21297.121092,558.0153,229,
2026-03-30 20:03:00,558.01,558.07,557.95,557.99,19311.638545,558.039,237,
2026-03-30 20:04:00,557.99,557.99,557.81,557.81,35930.691079,557.9049,255,
2026-03-30 20:05:00,557.84,558.01,557.8,557.8,54674.653215,557.955,385,
2026-03-30 20:06:00,557.805,557.86,557.7427,557.82,18318.492845,557.8199,199,
2026-03-30 20:07:00,557.89,557.89,557.53,557.53,47035.369438,557.7048,394,
2026-03-30 20:08:00,557.54,557.61,557.33,557.39,346518.04523,562.1382,268,
2026-03-30 20:09:00,557.41,557.61,557.39,557.61,11178.347346,557.507,102,
2026-03-30 20:10:00,557.55,557.6199,557.5,557.5299,21267.98636,557.5905,147,
2026-03-30 20:11:00,557.5299,557.5299,557.38,557.45,1023351.146249,558.2636,198,
2026-03-30 20:12:00,557.43,557.5,557.35,557.389,46154.85062,557.4315,439,
2026-03-30 20:13:00,557.4,558.35,557.25,557.26,64829.154911,557.651,300,
2026-03-30 20:14:00,557.3,557.37,557.27,557.32,38359.129993,557.626,279,
2026-03-30 20:15:00,557.3,557.57,557.3,557.39,25870.396983,557.4259,165,
2026-03-30 20:16:00,557.39,557.4787,557.33,557.46,17867.766185,557.3942,163,
2026-03-30 20:17:00,557.47,557.5,557.38,557.39,7498.771304,557.4894,89,
2026-03-30 20:18:00,557.4,557.47,557.38,557.44,6412.866672,557.5071,86,
2026-03-30 20:19:00,557.45,557.53,557.45,557.45,9046.515921,557.5201,103,
2026-03-30 20:20:00,557.43,557.52,557.4,557.47,16283.658436,557.4987,132,
2026-03-30 20:21:00,557.45,557.5055,557.45,557.45,2582.131956,557.4855,49,
2026-03-30 20:22:00,557.44,557.44,557.38,557.38,118964.49809,561.9973,131,
2026-03-30 20:23:00,557.38,557.38,557.3,557.36,7185.871956,557.3865,94,
2026-03-30 20:24:00,557.35,557.35,557.27,557.3295,9828.387372,557.3298,96,
2026-03-30 20:25:00,557.349,557.36,557.3,557.31,10217.48563,557.3451,102,
2026-03-30 20:26:00,557.34,557.36,557.33,557.33,24872.872801,557.3611,166,
2026-03-30 20:27:00,557.34,557.3943,557.32,557.3943,40349.801077,557.3517,249,
2026-03-30 20:28:00,557.37,557.52,557.37,557.43,4322.754914,557.5531,60,
2026-03-30 20:29:00,557.41,557.45,557.4,557.41,2328.239846,557.4767,45,
2026-03-30 20:30:00,557.45,557.46,557.35,557.42,27084.082512,557.4096,237,
2026-03-30 20:31:00,557.44,557.52,557.42,557.42,2705.952211,557.6507,51,
2026-03-30 20:32:00,557.35,557.43,557.35,557.43,873.507252,557.7391,32,
2026-03-30 20:33:00,557.4252,557.4252,557.4252,557.4252,319.645854,558.5344,28,
2026-03-30 20:34:00,557.37,557.42,557.35,557.35,2283.878657,557.5907,71,
2026-03-30 20:35:00,557.36,557.36,557.31,557.32,1207.152985,557.3993,65,
2026-03-30 20:36:00,557.34,557.4,557.33,557.3704,645.570875,557.8506,33,
2026-03-30 20:37:00,557.37,557.3701,557.36,557.3701,2569.950931,557.5767,33,
2026-03-30 20:38:00,557.37,557.4061,557.37,557.4,1620.897029,557.6903,48,
2026-03-30 20:39:00,557.38,557.38,557.36,557.38,24048.857909,557.3901,183,
2026-03-30 20:40:00,557.4303,557.47,557.41,557.429,15182.402894,557.4784,137,
2026-03-30 20:41:00,557.45,557.5,557.45,557.5,16669.832151,557.4962,182,
2026-03-30 20:42:00,557.48,557.53,557.44,557.5,9274.642558,557.5036,116,
2026-03-30 20:43:00,557.52,557.53,557.48,557.5,7305.239194,557.5181,93,
2026-03-30 20:44:00,557.52,557.63,557.5,557.63,17245.992875,557.5847,153,
2026-03-30 20:45:00,557.59,557.59,557.55,557.55,6590.068262,557.5724,73,
2026-03-30 20:46:00,557.56,557.5696,557.55,557.5501,2447.139908,557.5925,50,
2026-03-30 20:47:00,557.6,557.62,557.57,557.57,14349.501697,557.6176,134,
2026-03-30 20:48:00,557.56,557.62,557.56,557.59,9291.405318,557.5941,74,
2026-03-30 20:49:00,557.57,557.57,557.55,557.55,19849.376826,557.5792,144,
2026-03-30 20:50:00,557.55,557.55,557.52,557.52,1832.468049,557.6707,37,
2026-03-30 20:51:00,557.6,557.61,557.56,557.57,4966.923554,557.6813,69,
2026-03-30 20:52:00,557.55,557.55,557.46,557.46,28601.818209,557.5634,226,
2026-03-30 20:53:00,557.49,557.5194,557.47,557.51,25587.726866,557.5086,202,
2026-03-30 20:54:00,557.48,557.49,557.47,557.47,8441.047238,557.4839,76,
2026-03-30 20:55:00,557.489,557.53,557.47,557.53,8783.644222,557.5194,84,
2026-03-30 20:56:00,557.51,557.55,557.4383,557.4383,11675.670677,557.5188,101,
2026-03-30 20:57:00,557.49,557.49,557.46,557.46,7363.521862,557.5022,59,
2026-03-30 20:58:00,557.46,557.57,557.46,557.52,6069.516621,557.543,91,
2026-03-30 20:59:00,557.51,557.6,557.5,557.58,13337.507777,557.5383,89,
2026-03-30 21:00:00,557.61,557.65,557.51,557.65,2918.597518,557.729,73,
2026-03-30 21:01:00,557.6318,557.65,557.63,557.65,1659.330711,557.7416,107,
2026-03-30 21:02:00,557.65,557.68,557.64,557.66,2345.97499,557.8885,95,
2026-03-30 21:03:00,557.66,557.71,557.66,557.71,3042.090262,557.6981,194,
2026-03-30 21:04:00,557.71,557.7184,557.68,557.68,457.25551,558.0115,35,
2026-03-30 21:05:00,557.68,557.73,557.6,557.65,6808.59871,557.7476,160,
2026-03-30 21:06:00,557.6039,557.61,557.6,557.6,1571.129361,557.6507,34,
2026-03-30 21:07:00,557.5952,557.6,557.54,557.54,2726.791255,557.7144,66,
2026-03-30 21:08:00,557.6,557.65,557.59,557.59,352.007014,557.6393,31,
2026-03-30 21:09:00,557.62,557.62,557.57,557.57,1092.463073,557.8182,24,
2026-03-30 21:11:00,557.6,557.61,557.58,557.6,655.032278,557.6197,38,
2026-03-30 21:12:00,557.62,557.63,557.62,557.62,359.089681,557.7638,22,
2026-03-30 21:13:00,557.64,557.64,557.64,557.64,1280.71573,557.9521,42,
2026-03-30 21:14:00,557.64,557.65,557.64,557.64,874.533711,557.9785,40,
2026-03-30 21:16:00,557.64,557.64,557.64,557.64,697.685156,558.1844,30,
2026-03-30 21:17:00,557.64,557.64,557.64,557.64,205.737089,559.6347,28,
2026-03-30 21:18:00,557.56,557.6107,557.56,557.6,786.492117,557.9361,46,
2026-03-30 21:19:00,557.58,557.62,557.56,557.6174,608.0399,557.6438,38,
2026-03-30 21:20:00,557.62,557.63,557.62,557.63,400.0,557.6282,30,
2026-03-30 21:21:00,557.65,557.65,557.63,557.63,1109.555106,557.9279,13,
2026-03-30 21:22:00,557.63,557.63,557.6,557.6,364.648375,558.6138,41,
2026-03-30 21:23:00,557.64,557.64,557.51,557.51,10349.921206,557.5642,83,
2026-03-30 21:24:00,557.59,557.59,557.56,557.56,313.507669,558.4923,50,
2026-03-30 21:25:00,557.56,557.56,557.5,557.5,1075.449349,557.7529,68,
2026-03-30 21:26:00,557.6,557.66,557.58,557.6,4410.203841,557.6648,52,
2026-03-30 21:27:00,557.58,557.58,557.55,557.56,622.043038,557.6068,32,
2026-03-30 21:28:00,557.5399,557.55,557.5239,557.55,374.448403,558.2081,11,
2026-03-30 21:29:00,557.52,557.5489,557.5,557.5489,1378.975434,557.9053,21,
2026-03-30 21:30:00,557.55,557.55,557.45,557.4502,2782.659655,557.626,31,
2026-03-30 21:31:00,557.54,557.55,557.42,557.42,812.832946,558.0539,30,
2026-03-30 21:32:00,557.42,557.45,557.42,557.43,948.432342,557.6896,54,
2026-03-30 21:33:00,557.5,557.5,557.42,557.42,1034.110533,557.5049,40,
2026-03-30 21:34:00,557.48,557.49,557.48,557.49,584.645661,558.098,22,
2026-03-30 21:35:00,557.49,557.69,557.49,557.51,1160.644929,557.8712,56,
2026-03-30 21:37:00,557.55,557.55,557.5032,557.5032,453.516925,558.1765,23,
2026-03-30 21:38:00,557.58,557.84,557.5799,557.6,7100.119077,557.6913,197,
2026-03-30 21:39:00,557.58,557.8281,557.58,557.8281,649.377252,558.0962,16,
2026-03-30 21:40:00,557.63,557.63,557.63,557.63,239.984514,559.8983,20,
2026-03-30 21:41:00,557.5372,557.5372,557.5372,557.5372,123.863363,561.5061,21,
2026-03-30 21:42:00,557.62,557.65,557.6,557.65,1293.905216,558.0308,28,
2026-03-30 21:43:00,557.59,557.59,557.56,557.57,522.363077,557.9614,24,
2026-03-30 21:44:00,557.5863,557.5863,557.56,557.57,195.186525,558.1042,23,
2026-03-30 21:45:00,557.56,557.65,557.55,557.58,623.720958,558.2256,34,
2026-03-30 21:46:00,557.5866,557.65,557.5866,557.65,229.516373,558.8818,20,
2026-03-30 21:48:00,557.6062,557.65,557.57,557.65,337.044836,557.6803,21,
2026-03-30 21:49:00,557.59,557.59,557.55,557.55,422.883159,558.7403,31,
2026-03-30 21:50:00,557.53,557.53,557.53,557.53,237.669442,559.1162,28,
2026-03-30 21:51:00,557.5896,557.5896,557.51,557.52,642.042421,557.577,28,
2026-03-30 21:52:00,557.5,557.59,557.5,557.59,351.095059,557.7095,20,
2026-03-30 21:53:00,557.52,557.52,557.52,557.52,399.152749,557.7525,35,
2026-03-30 21:54:00,557.51,557.51,557.51,557.51,340.920347,559.0453,68,
2026-03-30 21:55:00,557.59,557.59,557.57,557.57,405.080882,557.6843,49,
2026-03-30 21:56:00,557.52,557.6,557.5,557.5,3369.027924,557.5082,35,
2026-03-30 21:57:00,557.5897,557.6,557.5897,557.6,1122.008967,557.6025,14,
2026-03-30 21:58:00,557.55,557.57,557.55,557.57,410.775654,558.6208,20,
2026-03-30 21:59:00,557.56,557.57,557.5,557.57,1859.504161,557.6935,22,
2026-03-30 22:00:00,557.57,558.2,557.57,558.2,25917.21905,558.0515,284,
2026-03-30 22:01:00,558.18,558.29,558.09,558.2,9999.215048,558.2079,90,
2026-03-30 22:02:00,558.3,558.37,558.09,558.17,5708.109053,558.29,67,
2026-03-30 22:03:00,558.28,558.5,558.28,558.46,2571.52037,558.5111,57,
2026-03-30 22:04:00,558.4,558.5,558.37,558.47,1975.826079,558.6555,50,
2026-03-30 22:05:00,558.47,558.5,558.33,558.3756,7925.079701,558.4776,41,
2026-03-30 22:06:00,558.38,558.4435,558.3403,558.4435,4195.378491,558.4182,51,
2026-03-30 22:07:00,558.3522,558.3522,558.17,558.2,4558.651506,558.3822,62,
2026-03-30 22:08:00,558.19,558.25,558.19,558.22,1997.690292,558.4149,26,
2026-03-30 22:09:00,558.16,558.16,557.9739,558.015,16257.621361,558.0574,94,
2026-03-30 22:10:00,557.94,557.97,557.799,557.86,1731.093522,557.924,56,
2026-03-30 22:11:00,557.91,557.91,557.72,557.88,950.760419,558.2418,47,
2026-03-30 22:12:00,557.8983,557.8983,557.7,557.7,507.556651,558.3733,40,
2026-03-30 22:13:00,557.79,557.8696,557.79,557.8696,1057.226133,557.9538,22,
2026-03-30 22:14:00,557.95,557.98,557.84,557.84,1566.806736,558.2055,34,
2026-03-30 22:15:00,557.85,557.85,557.7818,557.7818,810.554749,558.1955,27,
2026-03-30 22:16:00,557.83,557.86,557.83,557.86,162.087688,558.154,16,
2026-03-30 22:17:00,558.0,558.1498,557.9078,557.97,1269.014907,557.991,37,
2026-03-30 22:18:00,557.97,557.982,557.97,557.982,191.21254,558.6028,9,
2026-03-30 22:19:00,558.01,558.01,557.9102,557.9102,859.375968,558.1974,28,
2026-03-30 22:20:00,557.876,558.01,557.876,558.01,395.396432,558.4899,27,
2026-03-30 22:21:00,557.87,557.91,557.81,557.83,307.642993,559.0416,34,
2026-03-30 22:22:00,557.81,557.9722,557.81,557.9722,2689.113596,557.894,30,
2026-03-30 22:23:00,557.96,557.9639,557.95,557.96,912.022977,557.9727,21,
2026-03-30 22:24:00,557.91,558.03,557.91,558.03,435.031974,557.995,18,
2026-03-30 22:25:00,558.05,558.1,558.03,558.05,1023.488428,558.3266,26,
2026-03-30 22:26:00,558.06,558.21,558.06,558.2,4002.781345,558.2991,46,
2026-03-30 22:27:00,558.06,558.06,557.93,557.9491,2230.633924,558.1682,38,
2026-03-30 22:28:00,557.94,557.94,557.94,557.94,161.860375,560.9004,39,
2026-03-30 22:29:00,557.9627,557.9627,557.95,557.95,144.765004,560.9227,18,
2026-03-30 22:30:00,557.95,557.95,557.72,557.72,2436.676644,558.0364,63,
2026-03-30 22:31:00,557.68,557.76,557.64,557.76,5339.580772,557.7435,63,
2026-03-30 22:32:00,557.81,557.83,557.81,557.83,576.380273,558.1873,34,
2026-03-30 22:33:00,557.9,557.92,557.9,557.92,784.114428,557.9893,37,
2026-03-30 22:34:00,557.93,557.93,557.93,557.93,542.179227,558.1164,11,
2026-03-30 22:35:00,557.98,557.98,557.98,557.98,256.608193,559.266,30,
2026-03-30 22:36:00,557.93,557.93,557.93,557.93,327.268891,558.3606,30,
2026-03-30 22:38:00,557.87,557.87,557.86,557.86,504.520088,558.4463,34,
2026-03-30 22:42:00,557.8392,557.8392,557.7862,557.7862,356.021714,557.8707,39,
2026-03-30 22:43:00,557.76,557.8,557.76,557.8,322.270429,558.2564,25,
2026-03-30 22:44:00,557.75,557.75,557.61,557.61,5695.674489,557.7254,80,
2026-03-30 22:45:00,557.61,557.62,557.6,557.62,1828.571622,557.7784,23,
2026-03-30 22:46:00,557.58,557.6,557.58,557.6,255.634629,558.9912,24,
2026-03-30 22:47:00,557.6,557.6,557.6,557.6,144.022417,557.6919,21,
2026-03-30 22:48:00,557.5,557.56,557.46,557.56,2861.196471,557.5327,73,
2026-03-30 22:49:00,557.52,557.52,557.52,557.52,153.443627,559.1534,15,
2026-03-30 22:50:00,557.56,557.76,557.55,557.76,528.04534,557.6835,17,
2026-03-30 22:51:00,557.71,557.84,557.71,557.84,381.811576,558.9711,24,
2026-03-30 22:52:00,557.78,557.78,557.72,557.73,1279.305454,557.8785,21,
2026-03-30 22:53:00,557.71,557.77,557.71,557.77,2591.272027,557.8159,27,
2026-03-30 22:54:00,557.77,557.78,557.76,557.78,679.049733,557.8064,20,
2026-03-30 22:55:00,557.82,557.82,557.79,557.79,1075.514711,558.0662,31,
2026-03-30 22:56:00,557.77,557.77,557.63,557.64,2340.408964,557.8015,30,
2026-03-30 22:57:00,557.62,557.78,557.5,557.78,1546.035938,557.701,37,
2026-03-30 22:58:00,557.72,557.72,557.54,557.54,751.208746,557.7443,26,
2026-03-30 22:59:00,557.54,557.55,557.4,557.4,1353.312168,557.6098,50,
2026-03-30 23:00:00,557.37,557.3793,556.88,556.88,11132.506962,557.0895,322,
2026-03-30 23:01:00,556.9604,557.02,556.71,556.89,4188.362482,557.0265,78,
2026-03-30 23:02:00,556.89,556.91,556.69,556.75,9387.442531,556.8309,94,
2026-03-30 23:03:00,556.8,556.8,556.69,556.69,2574.603996,556.9159,34,
2026-03-30 23:04:00,556.7,556.7199,556.44,556.48,6094.512932,556.542,101,
2026-03-30 23:05:00,556.61,556.61,556.43,556.43,8950.656199,556.5532,76,
2026-03-30 23:06:00,556.451,556.451,556.3,556.31,3359.36966,556.4055,66,
2026-03-30 23:07:00,556.35,556.8,556.33,556.33,4166.903321,556.7373,99,
2026-03-30 23:08:00,556.3,556.59,555.49,556.1,18130.799398,555.9777,545,
2026-03-30 23:09:00,556.03,556.03,555.8427,555.95,4266.029299,555.9778,175,
2026-03-30 23:10:00,556.02,556.1,556.02,556.031,3079.787109,556.2146,47,
2026-03-30 23:11:00,556.14,556.28,556.1,556.28,2306.247751,556.2016,62,
2026-03-30 23:12:00,556.2,556.2,555.841,555.9,4877.391276,555.9928,101,
2026-03-30 23:13:00,555.9,555.98,555.77,555.98,2132.327363,555.9433,53,
2026-03-30 23:14:00,556.0,556.15,556.0,556.15,4645.079347,556.1187,59,
2026-03-30 23:15:00,556.09,556.13,555.89,556.05,3444.749945,556.0911,61,
2026-03-30 23:16:00,556.2,556.2,556.11,556.2,2055.502005,556.308,31,
2026-03-30 23:17:00,556.1,556.17,556.06,556.06,353.87981,557.5011,28,
2026-03-30 23:18:00,556.17,556.2,556.1623,556.1623,715.575167,556.6228,27,
2026-03-30 23:19:00,556.24,556.3,556.24,556.27,8464.60327,556.3335,58,
2026-03-30 23:20:00,556.3653,556.52,556.29,556.51,3742.825332,556.5415,66,
2026-03-30 23:21:00,556.55,556.64,556.45,556.45,4806.572666,556.6076,56,
2026-03-30 23:22:00,556.37,556.37,556.26,556.2803,1095.451829,556.5451,51,
2026-03-30 23:23:00,556.351,556.41,556.351,556.41,291.066842,556.5111,14,
2026-03-30 23:24:00,556.391,556.45,556.391,556.4,1745.394385,556.5552,29,
2026-03-30 23:25:00,556.42,556.46,556.32,556.3583,1923.887897,556.6146,25,
2026-03-30 23:26:00,556.32,556.35,556.32,556.35,1068.624397,556.6742,15,
2026-03-30 23:27:00,556.39,556.5,556.35,556.5,621.042609,556.472,31,
2026-03-30 23:28:00,556.49,556.5,556.42,556.42,1837.496069,556.5944,37,
2026-03-30 23:29:00,556.44,556.48,556.44,556.48,293.220179,556.868,23,
2026-03-30 23:30:00,556.36,556.37,556.06,556.13,1796.116122,556.2271,68,
2026-03-30 23:31:00,556.16,556.18,555.98,556.03,2087.670948,556.2995,67,
2026-03-30 23:32:00,555.98,556.04,555.98,556.0,1524.093381,556.063,41,
2026-03-30 23:33:00,556.0,556.0,555.931,556.0,489.110777,556.1069,45,
2026-03-30 23:34:00,556.0297,556.09,555.98,555.98,2121.663635,556.2129,30,
2026-03-30 23:35:00,555.96,556.05,555.96,556.05,6001.400455,556.0421,31,
2026-03-30 23:36:00,556.1722,556.27,556.08,556.16,5400.161998,556.1969,60,
2026-03-30 23:37:00,556.17,556.18,556.03,556.03,2903.78307,556.3113,37,
2026-03-30 23:38:00,556.11,556.11,556.05,556.05,422.525548,556.7875,30,
2026-03-30 23:39:00,556.11,556.11,556.0,556.0,754.574138,556.4724,37,
2026-03-30 23:40:00,555.94,556.0354,555.94,555.99,1725.036545,555.9952,21,
2026-03-30 23:41:00,555.95,556.06,555.86,556.06,3068.077416,555.9542,79,
2026-03-30 23:42:00,556.08,556.08,556.06,556.06,856.402279,556.331,27,
2026-03-30 23:43:00,556.05,556.165,556.0381,556.06,2079.022488,556.0575,41,
2026-03-30 23:44:00,556.0,556.0017,555.86,556.0017,828.338936,556.1545,42,
2026-03-30 23:45:00,555.98,555.98,555.77,555.79,2190.250968,555.9014,61,
2026-03-30 23:46:00,555.77,555.9,555.75,555.82,2142.054899,555.8273,44,
2026-03-30 23:47:00,555.77,555.78,555.64,555.64,6988.584225,555.7613,90,
2026-03-30 23:48:00,555.68,555.7822,555.63,555.7,1089.788005,556.0831,38,
2026-03-30 23:49:00,555.7139,555.84,555.71,555.8,1533.165851,555.8372,38,
2026-03-30 23:50:00,555.77,556.09,555.77,556.0,9355.385856,555.9643,91,
2026-03-30 23:51:00,556.0,556.0,555.93,555.93,4496.314779,556.0268,51,
2026-03-30 23:52:00,555.93,555.93,555.7368,555.75,4139.511808,555.8987,67,
2026-03-30 23:53:00,555.86,555.86,555.65,555.65,2317.381732,555.8384,43,
2026-03-30 23:54:00,555.7,555.76,555.69,555.76,2050.451056,555.8264,51,
2026-03-30 23:55:00,555.82,555.82,555.66,555.79,9490.02336,555.7336,52,
2026-03-30 23:56:00,555.72,555.8391,555.71,555.79,5592.611723,555.8564,32,
2026-03-30 23:57:00,555.86,555.86,555.57,555.66,4567.132596,555.6791,87,
2026-03-30 23:58:00,555.79,555.8,555.72,555.73,2344.123335,555.8001,51,
2026-03-30 23:59:00,555.74,556.03,555.73,556.03,20351.116265,555.8551,99,
2026-03-31 08:00:00,562.74,564.03,560.81,563.88,216694.807378,562.3755,3752,
2026-03-31 08:01:00,563.83,563.83,561.0,563.46,7739.08983,562.5455,331,
2026-03-31 08:02:00,563.45,563.64,563.32,563.6,11935.59864,562.713,234,
2026-03-31 08:03:00,563.7,563.81,563.5009,563.78,7933.004683,562.8327,137,
2026-03-31 08:04:00,563.7303,564.32,563.7031,564.2205,9352.155989,564.0604,219,
2026-03-31 08:05:00,564.19,564.45,564.1222,564.32,4158.748501,564.3769,134,
2026-03-31 08:06:00,564.32,564.38,564.1042,564.32,6546.089835,564.2549,140,
2026-03-31 08:07:00,564.39,564.41,564.07,564.09,5327.094365,564.2524,133,
2026-03-31 08:08:00,564.04,564.17,564.04,564.15,2480.386106,564.2183,94,
2026-03-31 08:09:00,564.22,564.43,564.22,564.27,4719.046168,564.3508,125,
2026-03-31 08:10:00,564.17,564.28,563.7038,563.7587,5121.680529,564.0404,140,
2026-03-31 08:11:00,563.8585,563.8669,563.57,563.57,4430.042598,563.7171,132,
2026-03-31 08:12:00,563.5815,563.74,563.44,563.44,2492.791379,563.839,125,
2026-03-31 08:13:00,563.51,563.75,563.5,563.6358,3947.700991,563.7392,139,
2026-03-31 08:14:00,563.64,563.64,563.3,563.36,1850.536485,563.6671,177,
2026-03-31 08:15:00,563.4,563.57,563.34,563.56,5635.811578,563.5048,225,
2026-03-31 08:16:00,563.57,563.82,563.48,563.73,5080.377828,563.7331,178,
2026-03-31 08:17:00,563.77,563.77,563.58,563.6,1353.020541,563.6407,55,
2026-03-31 08:18:00,563.5218,563.572,563.12,563.34,2095.918124,563.5739,92,
2026-03-31 08:19:00,563.35,563.5,563.32,563.5,3129.022586,563.3693,34,
2026-03-31 08:20:00,563.5,563.62,563.5,563.5209,2242.067388,563.595,62,
2026-03-31 08:21:00,563.62,563.67,563.58,563.58,3107.582454,563.74,71,
2026-03-31 08:22:00,563.41,563.47,563.24,563.28,4091.658504,563.4683,87,
2026-03-31 08:23:00,563.1082,563.18,563.03,563.09,2401.921495,563.3365,90,
2026-03-31 08:24:00,563.18,563.24,563.13,563.22,2813.552747,563.3202,40,
2026-03-31 08:25:00,563.27,563.27,563.19,563.19,421.022487,563.2421,18,
2026-03-31 08:26:00,563.16,563.16,563.0,563.0053,1769.035989,563.0757,54,
2026-03-31 08:27:00,563.0317,563.07,562.9,562.92,1019.053953,563.0198,49,
2026-03-31 08:28:00,562.99,563.19,562.99,563.19,1064.017988,563.0559,30,
2026-03-31 08:29:00,563.25,563.27,563.0,563.0,2685.026971,563.2087,61,
2026-03-31 08:30:00,562.95,562.95,562.78,562.89,5454.108064,562.8475,98,
2026-03-31 08:31:00,562.97,563.0,562.91,562.91,3376.011511,562.9963,28,
2026-03-31 08:32:00,562.89,562.94,562.8018,562.94,1181.709155,563.2238,35,
2026-03-31 08:33:00,562.94,563.01,562.87,563.01,8276.0,562.9526,72,
2026-03-31 08:34:00,562.98,562.98,562.75,562.82,766.007816,562.8643,28,
2026-03-31 08:35:00,562.97,562.97,562.8,562.81,2985.06,562.8796,55,
2026-03-31 08:36:00,562.87,562.93,562.85,562.92,3276.0,562.8825,64,
2026-03-31 08:37:00,562.97,563.07,562.97,563.07,2262.057184,563.0291,53,
2026-03-31 08:38:00,563.09,563.16,563.09,563.16,1917.957083,563.3931,51,
2026-03-31 08:39:00,563.12,563.13,562.7,562.77,4084.457214,562.9668,103,
2026-03-31 08:40:00,562.67,562.79,562.67,562.71,571.886046,563.6112,30,
2026-03-31 08:41:00,562.71,562.73,562.6,562.73,5970.452291,562.7114,104,
2026-03-31 08:42:00,562.68,562.94,562.65,562.92,1177.237813,562.8893,37,
2026-03-31 08:43:00,562.91,562.93,562.86,562.86,1718.403774,563.0255,40,
2026-03-31 08:44:00,562.78,562.88,562.62,562.62,2223.190347,562.8607,52,
2026-03-31 08:45:00,562.64,562.72,562.41,562.43,2756.586035,562.7219,110,
2026-03-31 08:46:00,562.46,562.73,562.4,562.73,3103.149589,562.5187,58,
2026-03-31 08:47:00,562.7,562.83,562.7,562.79,1071.063069,562.7973,37,
2026-03-31 08:48:00,562.86,562.86,562.79,562.84,1462.0,562.8393,30,
2026-03-31 08:49:00,562.77,562.94,562.76,562.94,2311.058656,562.8496,69,
2026-03-31 08:50:00,563.05,563.22,562.99,563.22,1536.103638,563.165,51,
2026-03-31 08:51:00,563.1,563.15,563.09,563.1,1131.173991,563.204,26,
2026-03-31 08:52:00,563.0,563.0,562.25,562.69,17375.504876,562.6216,384,
2026-03-31 08:53:00,562.77,562.7874,562.74,562.7874,1283.013527,562.7734,34,
2026-03-31 08:54:00,562.72,562.85,562.19,562.81,3801.359124,562.5274,162,
2026-03-31 08:55:00,562.77,562.88,562.67,562.67,2666.027106,562.7926,62,
2026-03-31 08:56:00,562.52,562.61,562.47,562.61,1068.076706,562.5436,51,
2026-03-31 08:57:00,562.65,562.65,562.56,562.56,876.166,562.6882,26,
2026-03-31 08:58:00,562.5,562.59,562.5,562.52,1132.0,562.5096,23,
2026-03-31 08:59:00,562.6,562.68,562.5913,562.5913,1267.050274,562.6477,30,
2026-03-31 09:00:00,562.57,563.0,562.57,562.8822,3015.141951,562.8333,101,
2026-03-31 09:01:00,562.9744,563.04,562.72,562.8,1477.752144,563.1686,56,
2026-03-31 09:02:00,562.6828,563.1535,562.67,563.12,1054.099309,562.9396,55,
2026-03-31 09:03:00,563.0,563.01,562.95,563.0,653.181722,563.1352,33,
2026-03-31 09:04:00,562.84,563.25,562.84,563.25,1474.153229,563.1085,87,
2026-03-31 09:05:00,563.17,563.5243,563.17,563.5243,5464.107996,563.3696,126,
2026-03-31 09:06:00,563.51,563.5238,563.35,563.35,1242.372166,563.6023,34,
2026-03-31 09:07:00,563.24,563.25,563.17,563.19,838.322516,563.4163,29,
2026-03-31 09:08:00,563.11,563.11,563.08,563.1,498.031525,563.1385,25,
2026-03-31 09:09:00,563.11,563.17,563.11,563.15,711.829002,563.806,27,
2026-03-31 09:10:00,563.08,563.09,563.08,563.08,434.023482,563.1173,21,
2026-03-31 09:12:00,563.27,563.27,563.03,563.03,1664.045954,563.2458,36,
2026-03-31 09:13:00,563.02,563.07,563.01,563.01,5350.0,563.0408,54,
2026-03-31 09:14:00,563.1,563.1,562.99,563.0,4809.058652,563.0464,66,
2026-03-31 09:15:00,563.18,563.39,563.18,563.39,4697.086463,563.3718,85,
2026-03-31 09:16:00,563.43,563.43,562.88,562.88,1278.135111,563.2759,70,
2026-03-31 09:17:00,562.92,562.92,562.83,562.87,1486.168877,562.9356,40,
2026-03-31 09:18:00,562.85,562.9,562.8,562.85,1449.0,562.8514,31,
2026-03-31 09:19:00,562.9438,563.0,562.9438,563.0,1964.036101,563.0099,17,
2026-03-31 09:20:00,562.99,563.1,562.99,563.1,2399.0,563.0194,47,
2026-03-31 09:21:00,563.04,563.1,562.93,563.1,931.091793,563.0677,29,
2026-03-31 09:22:00,562.92,563.11,562.92,563.05,4874.0,562.9956,48,
2026-03-31 09:23:00,563.1744,563.4,563.1744,563.4,965.126093,563.3677,57,
2026-03-31 09:24:00,563.34,563.52,563.28,563.4803,7419.027019,563.3724,100,
2026-03-31 09:25:00,563.4931,563.5311,563.3,563.43,5002.022491,563.4069,72,
2026-03-31 09:26:00,563.48,563.51,563.48,563.51,548.0,563.4881,21,
2026-03-31 09:27:00,563.35,563.45,563.35,563.4,712.0,563.3752,23,
2026-03-31 09:28:00,563.4,563.41,563.14,563.14,5397.123927,563.3708,100,
2026-03-31 09:29:00,563.08,563.08,562.8,562.86,2387.186228,562.9532,90,
2026-03-31 09:30:00,562.8,562.8,562.4596,562.53,30552.948839,562.5753,299,
2026-03-31 09:31:00,562.63,562.68,562.46,562.57,2281.015314,562.5728,56,
2026-03-31 09:32:00,562.6,562.87,562.59,562.84,1300.076759,562.7307,66,
2026-03-31 09:33:00,562.81,563.01,562.78,562.97,2166.058736,562.924,61,
2026-03-31 09:34:00,562.86,562.88,562.72,562.72,1525.004522,562.8125,31,
2026-03-31 09:35:00,562.69,562.82,562.69,562.82,306.018087,562.8155,23,
2026-03-31 09:36:00,562.95,563.07,562.93,563.07,2409.045197,563.0147,42,
2026-03-31 09:37:00,563.17,563.17,563.07,563.14,3511.054164,563.1475,82,
2026-03-31 09:38:00,563.08,563.08,562.84,562.85,1440.252173,563.0047,50,
2026-03-31 09:39:00,562.81,562.81,562.59,562.59,6131.090424,562.7035,123,
2026-03-31 09:40:00,562.59,562.96,562.59,562.77,6417.648567,562.827,104,
2026-03-31 09:41:00,562.66,562.82,562.66,562.82,2920.128482,562.8044,69,
2026-03-31 09:42:00,562.69,562.8,562.69,562.78,1026.345854,562.9128,17,
2026-03-31 09:43:00,562.8214,562.8214,562.8214,562.8214,120.0,562.8189,10,
2026-03-31 09:44:00,562.74,562.79,562.64,562.7,6611.00351,562.7381,100,
2026-03-31 09:45:00,562.71,562.71,562.56,562.56,405.056889,562.7456,40,
2026-03-31 09:46:00,562.5478,562.73,562.5478,562.7,1455.622157,562.8233,38,
2026-03-31 09:47:00,562.77,562.77,562.6,562.6,4026.029858,562.7492,52,
2026-03-31 09:48:00,562.82,562.93,562.82,562.93,878.063293,562.8964,53,
2026-03-31 09:49:00,562.94,563.0,562.86,563.0,2716.045226,562.9319,68,
2026-03-31 09:50:00,562.98,562.98,562.92,562.92,664.0,562.952,42,
2026-03-31 09:51:00,562.98,563.18,562.86,562.86,3286.176544,563.0868,90,
2026-03-31 09:52:00,562.93,562.93,562.93,562.93,165.0,562.9307,24,
2026-03-31 09:53:00,562.71,562.74,562.71,562.74,550.058803,562.8175,45,
2026-03-31 09:54:00,562.81,562.81,562.75,562.77,650.0,562.764,41,
2026-03-31 09:55:00,562.6,562.6,562.2614,562.31,7401.189764,562.4609,203,
2026-03-31 09:56:00,562.3073,562.33,562.226,562.226,725.036061,562.3177,61,
2026-03-31 09:57:00,562.26,562.43,562.22,562.31,2284.0,562.2991,51,
2026-03-31 09:58:00,562.4204,562.44,562.39,562.39,1324.0,562.4194,45,
2026-03-31 09:59:00,562.52,562.53,562.49,562.49,415.098165,562.6383,32,
2026-03-31 10:00:00,562.46,563.02,562.45,562.99,12954.419182,562.8389,264,
2026-03-31 10:01:00,563.03,563.0301,562.98,562.98,600.213794,563.197,127,
2026-03-31 10:02:00,562.81,562.81,562.56,562.59,1658.09054,562.6658,78,
2026-03-31 10:03:00,562.52,562.52,562.52,562.52,593.045188,562.5653,34,
2026-03-31 10:04:00,562.68,562.8708,562.6602,562.8708,550.227399,562.9489,50,
2026-03-31 10:05:00,562.75,562.79,562.75,562.79,2487.0026,562.758,34,
2026-03-31 10:06:00,563.0,563.01,562.99,562.99,843.040747,563.018,46,
2026-03-31 10:07:00,562.96,563.0805,562.96,562.99,8020.270943,563.0286,155,
2026-03-31 10:08:00,562.84,562.98,562.84,562.98,496.182169,563.0913,46,
2026-03-31 10:09:00,562.76,562.76,562.76,562.76,267.029623,562.872,32,
2026-03-31 10:10:00,562.78,562.9,562.78,562.9,614.026649,562.871,30,
2026-03-31 10:11:00,562.82,562.82,562.82,562.82,193.888401,565.4064,30,
2026-03-31 10:12:00,562.88,562.88,562.88,562.88,89.991337,569.1434,11,
2026-03-31 10:13:00,562.84,562.93,562.84,562.93,788.037806,562.8974,35,
2026-03-31 10:14:00,562.91,562.93,562.91,562.93,428.027185,562.8908,44,
2026-03-31 10:15:00,562.65,562.7,562.649,562.7,2298.063389,562.6705,53,
2026-03-31 10:16:00,562.81,562.9,562.73,562.75,1724.040753,562.8313,63,
2026-03-31 10:17:00,562.75,562.75,562.66,562.7,814.056,562.7649,28,
2026-03-31 10:18:00,562.69,562.69,562.69,562.69,224.263857,563.3436,21,
2026-03-31 10:19:00,562.75,562.75,562.55,562.55,808.153662,562.7179,39,
2026-03-31 10:20:00,562.5,562.5,562.3,562.3,1085.10842,562.4938,93,
2026-03-31 10:21:00,562.3,562.34,562.26,562.29,1562.018035,562.3076,64,
2026-03-31 10:22:00,562.26,562.2731,562.26,562.2731,376.009813,562.3128,23,
2026-03-31 10:23:00,562.44,562.54,562.44,562.54,2825.009019,562.4798,81,
2026-03-31 10:24:00,562.49,562.5,562.49,562.5,391.0,562.4967,19,
2026-03-31 10:25:00,562.45,562.45,562.37,562.37,483.0,562.4049,12,
2026-03-31 10:26:00,562.47,562.6,562.47,562.6,3200.020274,562.5186,61,
2026-03-31 10:27:00,562.55,562.6,562.55,562.6,1331.05665,562.6002,45,
2026-03-31 10:28:00,562.6,562.6,562.54,562.54,333.268553,563.0016,30,
2026-03-31 10:29:00,562.5,562.72,562.48,562.72,5475.08625,562.5703,67,
2026-03-31 10:30:00,562.69,562.69,562.69,562.69,205.00904,562.7076,26,
2026-03-31 10:32:00,562.45,562.45,562.42,562.42,3503.061088,562.447,76,
2026-03-31 10:33:00,562.41,562.5,562.41,562.5,3869.17622,562.5059,57,
2026-03-31 10:34:00,562.4,562.4,562.08,562.14,1296.236947,562.2702,112,
2026-03-31 10:35:00,562.13,562.15,562.0,562.07,5873.890511,562.183,153,
2026-03-31 10:36:00,562.02,562.02,561.77,561.8,1880.342737,561.9417,122,
2026-03-31 10:37:00,561.81,561.9,561.71,561.9,3363.013494,561.8087,116,
2026-03-31 10:38:00,561.89,561.89,561.36,561.38,3675.144011,561.5903,169,
2026-03-31 10:39:00,561.43,561.4596,561.13,561.16,2473.108039,561.3441,291,
2026-03-31 10:40:00,561.15,561.18,561.03,561.16,10289.16155,561.1145,322,
2026-03-31 10:41:00,561.15,561.31,560.97,560.97,7841.031543,561.1325,270,
2026-03-31 10:42:00,561.0,561.24,561.0,561.11,2285.366399,561.2401,126,
2026-03-31 10:43:00,561.03,561.05,560.88,561.02,2546.085426,560.996,369,
2026-03-31 10:44:00,561.03,561.15,561.03,561.07,1422.030457,561.084,84,
2026-03-31 10:45:00,561.0,561.01,560.91,560.91,1844.193393,561.0153,120,
2026-03-31 10:46:00,560.98,561.17,560.98,561.04,5465.0,561.067,177,
2026-03-31 10:47:00,560.99,561.31,560.99,561.29,4077.063106,561.1806,207,
2026-03-31 10:48:00,561.26,561.27,561.0683,561.07,3254.010693,561.1408,50,
2026-03-31 10:49:00,561.1,561.14,561.09,561.14,2696.0,561.118,76,
2026-03-31 10:50:00,561.35,561.5,561.35,561.5,5443.121569,561.3749,109,
2026-03-31 10:51:00,561.38,561.49,561.3,561.41,2691.02,561.3991,81,
2026-03-31 10:52:00,561.37,561.6,561.36,561.57,2307.020797,561.5221,36,
2026-03-31 10:53:00,561.6,561.63,561.49,561.49,3234.163511,561.6113,74,
2026-03-31 10:54:00,561.6,561.86,561.6,561.83,17812.108009,561.7622,212,
2026-03-31 10:55:00,561.8,561.8,561.7,561.7,1775.0,561.7606,48,
2026-03-31 10:56:00,561.67,561.7,561.62,561.7,445.0,561.6763,21,
2026-03-31 10:57:00,561.7,562.0,561.7,562.0,13183.053994,561.8155,125,
2026-03-31 10:58:00,561.87,562.0,561.77,561.97,7346.008994,561.9021,115,
2026-03-31 10:59:00,562.0254,562.12,561.99,561.99,11227.067501,562.0574,110,
2026-03-31 11:00:00,561.93,562.14,561.92,561.95,14974.121741,562.0312,242,
2026-03-31 11:01:00,562.01,562.01,561.77,561.89,5737.092695,561.8892,95,
2026-03-31 11:02:00,561.96,562.05,561.54,561.57,28903.6352,561.8758,251,
2026-03-31 11:03:00,561.61,561.8024,561.47,561.8024,8734.216359,561.5513,119,
2026-03-31 11:04:00,561.8199,562.3,561.79,562.25,13673.216036,562.0583,235,
2026-03-31 11:05:00,562.26,562.26,561.8783,561.94,1914.076516,562.0491,61,
2026-03-31 11:06:00,561.93,562.07,561.93,561.98,5105.007533,561.9929,93,
2026-03-31 11:07:00,561.95,561.98,561.89,561.9299,1335.0,561.9281,42,
2026-03-31 11:08:00,561.89,561.97,561.85,561.8789,1212.05253,561.9116,34,
2026-03-31 11:09:00,561.82,561.82,561.68,561.68,6193.750913,561.8271,87,
2026-03-31 11:10:00,561.75,562.05,561.63,562.05,35318.103584,561.7811,281,
2026-03-31 11:11:00,562.09,564.65,561.95,562.41,76129.520763,563.3395,1196,
2026-03-31 11:12:00,562.45,563.22,562.45,563.04,14646.433331,562.8214,320,
2026-03-31 11:13:00,562.99,563.15,562.63,562.91,12057.31716,562.9991,263,
2026-03-31 11:14:00,563.0,563.36,562.83,562.96,12999.738418,563.144,215,
2026-03-31 11:15:00,563.16,563.81,562.93,563.6209,7242.320724,563.6118,228,
2026-03-31 11:16:00,563.61,564.37,563.6,564.18,32062.357508,564.1045,450,
2026-03-31 11:17:00,564.1168,564.1168,563.89,564.0,19385.113567,563.9909,259,
2026-03-31 11:18:00,564.0,564.1483,563.9,563.98,2207.033055,564.0444,80,
2026-03-31 11:19:00,563.95,563.95,563.05,563.38,22184.43508,563.5561,449,
2026-03-31 11:20:00,563.46,563.7215,563.06,563.7215,20994.076824,563.3208,265,
2026-03-31 11:21:00,563.64,563.85,563.45,563.45,7120.110915,563.7118,130,
2026-03-31 11:22:00,563.44,563.7,563.12,563.65,16929.284035,563.3701,276,
2026-03-31 11:23:00,563.6692,563.69,563.42,563.59,4031.058488,563.56,114,
2026-03-31 11:24:00,563.7277,563.81,563.61,563.81,9414.085446,563.6846,159,
2026-03-31 11:25:00,563.69,564.0,563.69,563.8595,16461.301387,563.9251,270,
2026-03-31 11:26:00,563.91,564.16,563.86,564.1,5957.418428,564.0825,136,
2026-03-31 11:27:00,564.04,564.07,563.6,563.73,5220.145414,563.8578,156,
2026-03-31 11:28:00,563.8209,563.87,563.55,563.609,10219.026916,563.7117,164,
2026-03-31 11:29:00,563.5,563.59,563.169,563.48,6714.992665,563.4828,210,
2026-03-31 11:30:00,563.48,563.76,563.4,563.4,6201.099058,563.5501,140,
2026-03-31 11:31:00,563.47,563.47,563.0008,563.17,20812.326446,563.1493,225,
2026-03-31 11:32:00,563.13,563.22,563.02,563.08,7700.022587,563.176,123,
2026-03-31 11:33:00,563.13,563.272,563.09,563.272,15382.054246,563.1764,184,
2026-03-31 11:34:00,563.36,563.5,563.32,563.43,5778.036177,563.4436,125,
2026-03-31 11:35:00,563.37,563.4,563.14,563.15,2676.217527,563.3181,112,
2026-03-31 11:36:00,563.1,563.29,562.97,563.29,19974.108147,563.1349,317,
2026-03-31 11:37:00,563.31,563.31,563.16,563.31,1770.256593,563.3069,98,
2026-03-31 11:38:00,563.25,563.43,563.25,563.34,1222.901286,563.7391,105,
2026-03-31 11:39:00,563.45,563.81,563.42,563.69,39720.064287,563.5773,440,
2026-03-31 11:40:00,563.69,563.77,563.51,563.54,5632.849034,563.7066,168,
2026-03-31 11:41:00,563.5,563.5,563.35,563.43,4072.17805,563.4142,179,
2026-03-31 11:42:00,563.49,563.73,563.49,563.7,2964.605079,563.7283,90,
2026-03-31 11:43:00,563.78,564.12,563.78,564.04,9670.165849,564.027,233,
2026-03-31 11:44:00,563.98,564.3,563.98,564.2171,14695.074359,564.1812,253,
2026-03-31 11:45:00,564.26,564.27,563.99,564.06,9635.166649,564.1335,123,
2026-03-31 11:46:00,563.88,564.0,563.81,564.0,13508.062595,563.9549,139,
2026-03-31 11:47:00,563.81,563.85,563.55,563.85,6036.116477,563.7182,135,
2026-03-31 11:48:00,563.81,563.82,563.5,563.5,7869.228982,563.679,98,
2026-03-31 11:49:00,563.53,563.75,563.3,563.73,13843.797165,563.6381,226,
2026-03-31 11:50:00,563.62,563.75,563.33,563.45,10357.202955,563.6195,161,
2026-03-31 11:51:00,563.4,563.59,563.37,563.5,11419.03159,563.4444,191,
2026-03-31 11:52:00,563.35,563.52,563.3317,563.52,3914.700148,563.5419,88,
2026-03-31 11:53:00,563.36,563.73,563.36,563.73,9050.076688,563.6378,144,
2026-03-31 11:54:00,563.71,563.74,563.48,563.5881,4360.009009,563.6189,85,
2026-03-31 11:55:00,563.51,563.6,563.51,563.56,5076.102735,563.5932,92,
2026-03-31 11:56:00,563.59,563.77,563.59,563.6252,5047.013216,563.6926,114,
2026-03-31 11:57:00,563.62,563.85,563.62,563.7203,9672.040485,563.7655,111,
2026-03-31 11:58:00,563.78,563.85,563.77,563.78,4330.0,563.7147,69,
2026-03-31 11:59:00,563.8,563.88,563.77,563.79,11447.013467,563.785,86,
2026-03-31 12:00:00,563.98,564.17,563.98,564.12,40834.835259,563.4396,356,
2026-03-31 12:01:00,564.17,564.36,564.1,564.35,20417.304991,564.2655,494,
2026-03-31 12:02:00,564.33,564.37,564.24,564.34,17308.94312,564.245,205,
2026-03-31 12:03:00,564.31,564.42,557.862,564.36,7954.986378,563.8629,136,
2026-03-31 12:04:00,564.4,564.48,564.1,564.44,11345.729612,564.3995,212,
2026-03-31 12:05:00,564.34,564.39,564.15,564.18,14392.748863,564.3046,242,
2026-03-31 12:06:00,564.21,564.45,564.21,564.45,5989.492317,564.4206,145,
2026-03-31 12:07:00,564.3778,564.62,564.3778,564.58,9872.487998,564.5585,189,
2026-03-31 12:08:00,564.51,564.6,564.45,564.52,5699.484681,564.5964,123,
2026-03-31 12:09:00,564.57,565.33,564.57,565.03,35802.130477,565.0114,565,
2026-03-31 12:10:00,565.1,565.1,563.91,564.02,28307.78844,564.3015,588,
2026-03-31 12:11:00,564.1018,564.26,563.52,563.57,19701.566923,563.8859,397,
2026-03-31 12:12:00,563.55,563.79,563.08,563.3598,35929.243883,563.4169,690,
2026-03-31 12:13:00,563.42,564.03,563.35,563.61,20053.662105,563.6258,426,
2026-03-31 12:14:00,563.5,563.52,562.95,563.03,35482.003384,563.2106,485,
2026-03-31 12:15:00,563.08,563.25,562.68,562.81,38353.919916,562.9896,451,
2026-03-31 12:16:00,562.77,563.09,562.73,562.98,14393.737138,562.956,271,
2026-03-31 12:17:00,562.9,563.13,562.61,563.13,30413.046139,562.7923,478,
2026-03-31 12:18:00,563.11,564.13,563.1,564.0,46881.077255,563.6282,598,
2026-03-31 12:19:00,563.79,564.76,563.78,564.2635,31523.602943,564.3906,489,
2026-03-31 12:20:00,564.2879,564.2922,563.76,564.0,14371.630432,564.0033,240,
2026-03-31 12:21:00,564.09,564.22,563.76,563.76,12550.307488,564.0257,224,
2026-03-31 12:22:00,563.74,563.97,563.73,563.928,9079.369653,563.8328,145,
2026-03-31 12:23:00,563.76,563.76,563.4,563.42,9947.351867,563.5615,197,
2026-03-31 12:24:00,563.5,563.66,563.4138,563.4138,3180.135781,563.5346,68,
2026-03-31 12:25:00,563.49,563.71,563.48,563.68,2620.696441,563.7608,81,
2026-03-31 12:26:00,563.66,564.0,563.64,564.0,7061.469719,563.7253,133,
2026-03-31 12:27:00,563.92,564.19,563.8,563.97,5480.348596,563.9827,126,
2026-03-31 12:28:00,564.05,565.06,563.76,564.7,37596.07639,564.5431,720,
2026-03-31 12:29:00,564.71,564.82,564.33,564.79,33369.507262,564.6427,300,
2026-03-31 12:30:00,564.677,564.9,564.51,564.58,19905.370379,564.7192,242,
2026-03-31 12:31:00,564.67,564.97,564.61,564.77,11476.361554,564.783,196,
2026-03-31 12:32:00,564.71,565.0,564.59,564.759,14309.403098,564.8384,257,
2026-03-31 12:33:00,564.71,564.82,564.61,564.81,17187.759043,564.722,225,
2026-03-31 12:34:00,564.77,565.01,564.62,564.96,65373.23831,564.7536,235,
2026-03-31 12:35:00,565.05,565.58,564.93,565.5,24050.650753,565.3066,369,
2026-03-31 12:36:00,565.506,565.52,565.1,565.12,10835.130311,565.281,168,
2026-03-31 12:37:00,565.01,565.21,564.95,565.21,6650.218045,565.1179,142,
2026-03-31 12:38:00,565.185,565.2314,564.91,564.92,8604.103504,565.0922,152,
2026-03-31 12:39:00,564.889,565.02,564.78,564.86,10710.823171,564.9709,132,
2026-03-31 12:40:00,564.7966,564.96,564.78,564.78,4409.022248,564.8685,106,
2026-03-31 12:41:00,564.79,564.95,564.7,564.93,6267.792898,564.9292,98,
2026-03-31 12:42:00,564.9,564.9,564.81,564.88,1303.609231,565.1242,48,
2026-03-31 12:43:00,564.85,565.18,564.85,565.08,9892.626847,565.1053,179,
2026-03-31 12:44:00,565.08,565.28,565.08,565.23,21088.849917,565.2202,254,
2026-03-31 12:45:00,565.21,565.35,564.86,564.87,15812.40097,565.114,250,
2026-03-31 12:46:00,564.91,565.1,564.8466,565.0,6261.522141,565.0253,122,
2026-03-31 12:47:00,564.9178,564.9178,564.8,564.82,6517.426677,564.8906,124,
2026-03-31 12:48:00,564.8253,564.98,564.6,564.74,6136.232191,564.8027,162,
2026-03-31 12:49:00,564.69,564.8256,564.59,564.77,9897.315397,564.7293,117,
2026-03-31 12:50:00,564.79,564.82,564.57,564.6,2208.145461,564.6832,70,
2026-03-31 12:51:00,564.63,564.88,564.63,564.85,23878.158916,564.6731,135,
2026-03-31 12:52:00,564.91,565.33,564.88,565.22,33559.240034,565.0506,396,
2026-03-31 12:53:00,565.15,565.37,565.04,565.21,9244.775664,565.2851,153,
2026-03-31 12:54:00,565.18,565.18,564.83,564.83,5015.73895,565.0666,133,
2026-03-31 12:55:00,564.8904,564.94,564.75,564.77,4119.688189,564.9401,119,
2026-03-31 12:56:00,564.7699,564.7699,564.47,564.52,5982.164976,564.6447,170,
2026-03-31 12:57:00,564.48,564.5,564.01,564.2,29679.684114,564.3298,465,
2026-03-31 12:58:00,564.26,564.29,563.95,564.11,13211.94967,564.1924,221,
2026-03-31 12:59:00,564.24,564.32,564.01,564.02,10822.576224,564.2239,196,
2026-03-31 13:00:00,564.1,564.31,564.1,564.18,9078.584815,564.2438,142,
2026-03-31 13:01:00,564.22,564.24,564.04,564.24,3633.554237,564.2053,97,
2026-03-31 13:02:00,564.24,564.34,564.16,564.33,11911.254376,564.2573,145,
2026-03-31 13:03:00,564.3,564.38,564.0,564.0,20951.11151,564.2559,193,
2026-03-31 13:04:00,564.0,564.04,563.72,563.8948,17285.343675,563.8573,293,
2026-03-31 13:05:00,563.9,564.14,563.8983,564.02,15018.320247,564.023,175,
2026-03-31 13:06:00,563.99,564.2,563.99,564.05,3311.606553,564.2036,88,
2026-03-31 13:07:00,564.07,564.09,563.91,564.05,5585.795863,564.0697,108,
2026-03-31 13:08:00,564.08,564.28,564.0608,564.24,7907.252288,564.2098,120,
2026-03-31 13:09:00,564.35,564.41,564.2302,564.3007,2743.224351,564.4016,62,
2026-03-31 13:10:00,564.39,564.54,564.39,564.52,4008.840633,564.5673,96,
2026-03-31 13:11:00,564.51,564.51,564.3,564.4,4952.157087,564.4088,109,
2026-03-31 13:12:00,564.34,564.47,564.25,564.47,4880.573074,564.3898,87,
2026-03-31 13:13:00,564.4615,564.57,564.16,564.16,3497.823537,564.5551,92,
2026-03-31 13:14:00,564.15,564.39,564.14,564.3,7528.63322,564.2698,104,
2026-03-31 13:15:00,564.3,564.43,564.21,564.43,2881.556103,564.4532,58,
2026-03-31 13:16:00,564.5,564.6,564.4,564.53,4205.238199,564.542,153,
2026-03-31 13:17:00,564.5,564.6,564.39,564.45,9609.482426,564.5002,155,
2026-03-31 13:18:00,564.39,564.75,564.39,564.71,4680.673176,564.6403,127,
2026-03-31 13:19:00,564.7,564.72,564.61,564.7,2512.771653,564.8441,66,
2026-03-31 13:20:00,564.7372,564.79,564.6,564.63,3841.309865,564.7325,109,
2026-03-31 13:21:00,564.6543,564.6543,564.51,564.55,4383.739997,564.6687,81,
2026-03-31 13:22:00,564.64,564.8083,564.62,564.63,4925.300784,564.718,111,
2026-03-31 13:23:00,564.77,564.77,564.51,564.64,3006.191106,564.663,94,
2026-03-31 13:24:00,564.67,564.79,564.6,564.7,4567.466929,564.7157,106,
2026-03-31 13:25:00,564.69,564.69,564.35,564.4,8092.482178,564.5351,150,
2026-03-31 13:26:00,564.4,564.44,564.3,564.3265,11230.064514,564.3963,106,
2026-03-31 13:27:00,564.43,564.46,564.1,564.19,8033.939267,564.3387,165,
2026-03-31 13:28:00,564.16,564.4,564.11,564.32,33851.341563,564.2739,296,
2026-03-31 13:29:00,564.39,564.63,564.31,564.38,15485.119998,564.5025,160,
2026-03-31 13:30:00,564.29,565.35,564.23,565.13,822267.029594,564.721,13788,
2026-03-31 13:31:00,565.1,565.74,565.04,565.55,595364.756064,565.411,6947,
2026-03-31 13:32:00,565.52,565.67,564.48,564.48,303269.023428,565.1185,4690,
2026-03-31 13:33:00,564.49,565.36,564.3,565.3,235063.007933,564.7733,5585,
2026-03-31 13:34:00,565.32,566.135,565.09,566.11,328810.740961,565.7244,5430,
2026-03-31 13:35:00,566.1,566.16,565.362,565.41,535300.90435,565.7734,7710,
2026-03-31 13:36:00,565.41,565.57,564.83,565.13,379999.203372,565.1447,6444,
2026-03-31 13:37:00,565.1,565.92,564.97,565.62,252781.211898,565.5076,4174,
2026-03-31 13:38:00,565.64,565.7899,564.81,565.23,303404.066897,565.1659,4425,
2026-03-31 13:39:00,565.2,565.82,564.93,565.78,190424.662114,565.2601,2989,
2026-03-31 13:40:00,565.8,566.18,565.56,565.97,367443.994975,565.8149,4379,
2026-03-31 13:41:00,565.9897,566.02,565.61,565.77,318027.649161,565.8336,4289,
2026-03-31 13:42:00,565.75,566.35,565.64,565.9,361742.146653,565.9737,5665,
2026-03-31 13:43:00,565.93,566.2185,565.685,565.81,370704.239923,565.9961,4982,
2026-03-31 13:44:00,565.785,565.785,564.88,565.1,390584.598852,565.2963,5866,
2026-03-31 13:45:00,565.12,566.17,565.12,566.1,255821.081279,565.7885,4953,
2026-03-31 13:46:00,566.11,566.72,565.895,566.605,259168.340695,566.3659,5008,
2026-03-31 13:47:00,566.6,566.87,566.32,566.71,322936.5408,566.6572,5348,
2026-03-31 13:48:00,566.69,566.79,566.58,566.74,175475.897241,566.6924,3752,
2026-03-31 13:49:00,566.72,567.86,566.72,567.84,475502.807136,567.2926,8402,
2026-03-31 13:50:00,567.87,567.87,567.26,567.43,236984.509214,567.5045,5239,
2026-03-31 13:51:00,567.43,567.62,567.24,567.57,229798.920077,567.4248,4964,
2026-03-31 13:52:00,567.55,567.575,567.099,567.49,259336.699941,567.3685,5496,
2026-03-31 13:53:00,567.48,568.16,567.31,568.1,271427.478846,567.7813,5465,
2026-03-31 13:54:00,568.1,568.56,568.04,568.47,218763.221913,568.3206,4551,
2026-03-31 13:55:00,568.43,568.73,568.24,568.35,359316.340122,568.4829,6014,
2026-03-31 13:56:00,568.36,568.49,567.66,567.8499,325753.685844,568.0634,6215,
2026-03-31 13:57:00,567.84,567.93,567.36,567.65,169518.811934,567.6467,4529,
2026-03-31 13:58:00,567.65,568.55,567.65,568.506,131216.529201,568.0474,3538,
2026-03-31 13:59:00,568.5,568.83,568.43,568.755,194052.647389,568.4657,4119,
2026-03-31 14:00:00,568.74,569.05,568.22,568.82,350983.596091,568.7366,5693,
2026-03-31 14:01:00,568.8337,568.84,568.48,568.77,238037.802553,568.5712,4802,
2026-03-31 14:02:00,568.765,568.77,568.36,568.65,240108.236734,568.5624,4793,
2026-03-31 14:03:00,568.66,568.68,568.06,568.24,316915.36872,568.2592,5597,
2026-03-31 14:04:00,568.23,568.61,568.17,568.54,223404.561583,568.3864,4834,
2026-03-31 14:05:00,568.54,568.55,567.8,567.835,182313.934557,568.1305,4386,
2026-03-31 14:06:00,567.86,567.96,567.51,567.8,191345.465658,567.8398,4066,
2026-03-31 14:07:00,567.79,567.81,567.35,567.41,175489.855236,567.5161,4233,
2026-03-31 14:08:00,567.43,567.55,567.035,567.33,280250.008304,567.3396,5228,
2026-03-31 14:09:00,567.33,567.58,567.09,567.15,157774.863453,567.2646,3786,
2026-03-31 14:10:00,567.18,567.4,567.02,567.28,158497.189535,567.2285,4133,
2026-03-31 14:11:00,567.255,568.04,567.25,567.7099,236859.955186,567.6533,4717,
2026-03-31 14:12:00,567.71,567.71,567.26,567.36,150769.097867,567.5241,3587,
2026-03-31 14:13:00,567.37,567.7,567.29,567.57,157674.826788,567.5189,3901,
2026-03-31 14:14:00,567.58,567.87,567.45,567.728,169250.601934,567.7271,3509,
2026-03-31 14:15:00,567.71,568.01,567.59,567.87,154758.098252,567.9189,3677,
2026-03-31 14:16:00,567.87,567.905,567.29,567.66,165653.59959,567.596,4233,
2026-03-31 14:17:00,567.6547,568.29,567.63,568.27,168524.223987,567.9454,4140,
2026-03-31 14:18:00,568.26,568.87,568.23,568.7,533359.585419,568.0851,5077,
2026-03-31 14:19:00,568.7,568.705,568.25,568.33,251000.846856,568.4518,5106,
2026-03-31 14:20:00,568.35,568.37,567.77,567.858,182828.700682,568.0259,4648,
2026-03-31 14:21:00,567.88,568.185,567.23,567.99,255427.022834,567.7163,5724,
2026-03-31 14:22:00,568.0,568.22,567.65,568.14,196603.899911,567.97,4607,
2026-03-31 14:23:00,568.15,568.73,568.05,568.53,236525.237244,568.4932,4878,
2026-03-31 14:24:00,568.53,568.825,568.43,568.56,279326.511513,568.6136,5183,
2026-03-31 14:25:00,568.56,568.56,568.1109,568.28,318878.261767,568.4711,3782,
2026-03-31 14:26:00,568.26,568.685,568.15,568.62,207275.768632,568.4027,3996,
2026-03-31 14:27:00,568.63,568.78,568.46,568.5199,180059.45067,568.6665,4555,
2026-03-31 14:28:00,568.52,568.98,568.47,568.75,155864.76047,568.7565,3878,
2026-03-31 14:29:00,568.74,568.91,568.61,568.74,142270.053585,568.7319,3497,
2026-03-31 14:30:00,568.74,568.88,568.5551,568.67,134289.124854,568.6928,3493,
2026-03-31 14:31:00,568.67,568.72,568.41,568.445,184957.353771,568.5639,4237,
2026-03-31 14:32:00,568.41,568.65,568.17,568.56,573199.412502,567.3872,4321,
2026-03-31 14:33:00,568.56,569.21,568.54,569.06,218786.148095,568.8595,4830,
2026-03-31 14:34:00,569.04,569.04,568.5,568.57,159120.166218,568.7041,3960,
2026-03-31 14:35:00,568.58,568.77,568.105,568.27,172369.632228,568.4889,4332,
2026-03-31 14:36:00,568.28,568.54,567.75,567.77,189152.28646,568.1809,4631,
2026-03-31 14:37:00,567.76,567.88,567.45,567.61,200080.337886,567.6728,4487,
2026-03-31 14:38:00,567.602,567.92,567.27,567.44,176101.393125,567.6424,4069,
2026-03-31 14:39:00,567.45,567.73,567.4,567.6,147338.827086,567.6327,3631,
2026-03-31 14:40:00,567.62,568.05,567.52,567.5525,100743.629128,567.8017,3178,
2026-03-31 14:41:00,567.54,567.61,567.36,567.48,144143.955903,567.4901,3486,
2026-03-31 14:42:00,567.47,567.61,567.15,567.23,233565.442318,567.3523,4812,
2026-03-31 14:43:00,567.22,567.25,566.74,566.805,212833.666063,566.975,4985,
2026-03-31 14:44:00,566.815,567.03,566.58,566.91,297561.001983,566.9644,4320,
2026-03-31 14:45:00,566.9,567.04,566.41,566.66,142351.274384,566.6732,3655,
2026-03-31 14:46:00,566.66,567.2,566.58,566.965,152991.167296,566.8979,3638,
2026-03-31 14:47:00,566.99,567.03,566.36,566.54,156748.891276,566.633,3557,
2026-03-31 14:48:00,566.555,566.57,566.05,566.1,139386.359022,566.3246,3497,
2026-03-31 14:49:00,566.11,566.14,565.82,565.88,161931.990249,565.9872,4173,
2026-03-31 14:50:00,565.88,566.0,565.45,565.6,246965.654081,565.7467,5024,
2026-03-31 14:51:00,565.62,565.85,565.2569,565.2702,196778.714163,565.582,4286,
2026-03-31 14:52:00,565.29,565.43,565.11,565.245,207237.537748,565.1249,3795,
2026-03-31 14:53:00,565.24,565.27,564.835,564.96,252610.361201,565.0097,5175,
2026-03-31 14:54:00,564.97,565.11,564.73,564.93,220928.206198,564.913,4659,
2026-03-31 14:55:00,564.91,564.91,564.3,564.42,324514.238186,564.5598,5782,
2026-03-31 14:56:00,564.41,564.76,564.21,564.49,312957.507074,564.4409,5792,
2026-03-31 14:57:00,564.49,564.67,564.27,564.3075,188781.405181,564.4601,4417,
2026-03-31 14:58:00,564.31,564.95,564.31,564.91,291973.152364,564.6499,5495,
2026-03-31 14:59:00,564.9,565.13,564.79,564.97,200600.931804,565.0363,4345,
2026-03-31 15:00:00,564.98,565.54,564.96,565.4399,332084.512912,565.2899,5240,
2026-03-31 15:01:00,565.44,565.79,565.28,565.77,166843.575951,565.6081,4052,
2026-03-31 15:02:00,565.77,566.38,565.74,566.1099,222788.998176,566.0763,4699,
2026-03-31 15:03:00,566.11,566.13,565.45,566.09,211118.192674,565.8275,4465,
2026-03-31 15:04:00,566.1,566.4,565.94,566.24,172331.751312,566.1423,4000,
2026-03-31 15:05:00,566.22,566.59,566.14,566.56,155225.004631,566.3714,3657,
2026-03-31 15:06:00,566.56,567.52,566.56,567.27,314045.741546,567.0902,5535,
2026-03-31 15:07:00,567.27,567.3,566.86,567.07,190360.083335,567.052,4145,
2026-03-31 15:08:00,567.06,567.16,566.61,566.78,162845.741561,566.9062,3912,
2026-03-31 15:09:00,566.77,566.77,566.4401,566.58,133871.606902,566.5731,3527,
2026-03-31 15:10:00,566.55,566.74,566.39,566.67,109202.651373,566.5692,3160,
2026-03-31 15:11:00,566.68,567.16,566.67,567.02,154674.823458,566.9237,4187,
2026-03-31 15:12:00,567.02,567.36,566.95,567.27,146051.948668,567.1614,3484,
2026-03-31 15:13:00,567.24,567.93,567.12,567.88,154520.747749,567.4597,3793,
2026-03-31 15:14:00,567.87,568.33,567.72,568.22,224867.481629,568.1088,4581,
2026-03-31 15:15:00,568.2,568.39,567.995,568.3,161767.394697,568.0878,3898,
2026-03-31 15:16:00,568.31,568.39,568.015,568.24,229275.268507,568.1059,4035,
2026-03-31 15:17:00,568.26,568.31,567.81,568.2501,220241.031591,568.0981,4951,
2026-03-31 15:18:00,568.26,568.54,568.22,568.27,162093.985163,568.3457,4108,
2026-03-31 15:19:00,568.26,568.35,567.82,567.94,145659.804786,568.0325,3793,
2026-03-31 15:20:00,567.94,567.94,567.17,567.25,224863.088824,567.459,4874,
2026-03-31 15:21:00,567.22,567.42,567.05,567.13,113903.413422,567.2045,3356,
2026-03-31 15:22:00,567.12,567.51,567.02,567.37,121498.545256,567.2327,3428,
2026-03-31 15:23:00,567.36,567.78,567.35,567.64,75883.550674,567.5755,2775,
2026-03-31 15:24:00,567.65,568.07,567.61,567.97,159234.960488,567.9125,2898,
2026-03-31 15:25:00,567.99,568.14,567.79,567.9058,88978.447439,567.9647,2719,
2026-03-31 15:26:00,567.89,567.93,566.96,567.04,152964.192133,567.3638,3908,
2026-03-31 15:27:00,567.045,567.125,566.82,567.05,111326.630796,566.9512,3239,
2026-03-31 15:28:00,567.05,567.2699,566.73,567.255,164410.481236,567.0359,2969,
2026-03-31 15:29:00,567.26,567.33,566.94,566.9526,88208.807182,567.1614,2701,
2026-03-31 15:30:00,566.94,566.99,566.6,566.64,161076.448464,566.7831,4141,
2026-03-31 15:31:00,566.63,566.79,566.42,566.6001,134769.641415,566.6135,3770,
2026-03-31 15:32:00,566.605,566.74,566.19,566.2,111917.635809,566.4844,3272,
2026-03-31 15:33:00,566.2,566.57,566.15,566.33,95836.584701,566.3466,3049,
2026-03-31 15:34:00,566.33,567.01,566.33,566.9601,140120.423103,566.7609,3737,
2026-03-31 15:35:00,566.92,567.61,566.92,567.3,205124.116402,567.3939,4486,
2026-03-31 15:36:00,567.29,567.56,567.14,567.49,104824.709875,567.3397,3179,
2026-03-31 15:37:00,567.4701,567.62,567.22,567.43,123103.225706,567.4625,3268,
2026-03-31 15:38:00,567.45,567.61,567.32,567.38,129247.268676,567.4101,2449,
2026-03-31 15:39:00,567.38,567.42,567.07,567.2399,78155.024139,567.2528,2558,
2026-03-31 15:40:00,567.25,567.31,566.97,566.98,59120.077152,567.1994,2236,
2026-03-31 15:41:00,566.99,567.0201,566.67,566.99,81533.110724,566.8705,2598,
2026-03-31 15:42:00,566.99,567.17,566.785,566.93,53226.065778,566.9353,2238,
2026-03-31 15:43:00,566.93,566.98,566.6,566.728,93584.28685,566.757,1494,
2026-03-31 15:44:00,566.74,566.96,566.65,566.75,62733.77595,566.7625,1093,
2026-03-31 15:45:00,566.74,566.75,566.36,566.415,83323.232444,566.5679,1444,
2026-03-31 15:46:00,566.41,566.52,566.06,566.38,144905.010046,566.2715,2346,
2026-03-31 15:47:00,566.39,566.62,566.19,566.19,96674.01752,566.3736,1586,
2026-03-31 15:48:00,566.2,566.43,566.16,566.31,80066.404025,566.3017,1369,
2026-03-31 15:49:00,566.31,566.73,566.27,566.5399,146169.922472,566.6001,1722,
2026-03-31 15:50:00,566.53,566.91,566.3,566.69,134856.43713,566.6305,2333,
2026-03-31 15:51:00,566.69,567.38,566.64,567.15,138081.841017,567.0434,2607,
2026-03-31 15:52:00,567.155,567.35,566.9999,567.27,142035.77876,567.1953,2192,
2026-03-31 15:53:00,567.28,567.35,567.01,567.07,63040.58418,566.9737,880,
2026-03-31 15:54:00,567.05,567.05,566.61,566.83,44372.676833,566.8122,1077,
2026-03-31 15:55:00,566.83,567.02,566.48,566.66,77894.274604,566.8131,1528,
2026-03-31 15:56:00,566.65,566.75,566.09,566.1,91784.328892,566.4066,1742,
2026-03-31 15:57:00,566.1,566.36,566.09,566.13,89717.771319,566.2082,1424,
2026-03-31 15:58:00,566.15,566.26,566.01,566.11,113272.541339,566.1288,1793,
2026-03-31 15:59:00,566.08,566.2,565.76,565.86,109136.969551,565.9737,2081,
2026-03-31 16:00:00,565.83,566.24,565.61,566.1899,129835.70733,565.9472,2321,
2026-03-31 16:01:00,566.23,567.03,566.18,566.97,124559.261792,566.6676,2038,
2026-03-31 16:02:00,566.97,567.34,566.89,567.01,163576.072095,567.1454,2459,
2026-03-31 16:03:00,567.0,567.07,566.75,566.76,100048.889562,566.9169,1761,
2026-03-31 16:04:00,566.77,566.85,566.59,566.68,84197.754763,566.7029,1398,
2026-03-31 16:05:00,566.7,567.07,566.6601,567.02,73147.059236,566.9071,1401,
2026-03-31 16:06:00,567.03,567.33,566.97,567.29,90238.17754,567.1812,1707,
2026-03-31 16:07:00,567.3,567.85,567.205,567.8,168104.84735,567.5598,2830,
2026-03-31 16:08:00,567.8,567.93,567.71,567.78,105462.684371,567.8154,1865,
2026-03-31 16:09:00,567.78,567.8035,567.55,567.695,127972.103807,567.6549,2166,
2026-03-31 16:10:00,567.72,567.73,567.39,567.49,92222.23137,567.5615,1931,
2026-03-31 16:11:00,567.485,567.55,566.92,567.075,109060.144099,567.1973,2014,
2026-03-31 16:12:00,567.08,567.15,566.6901,566.96,122454.644136,566.8724,2361,
2026-03-31 16:13:00,566.98,567.46,566.95,567.42,210273.831474,562.7899,2069,
2026-03-31 16:14:00,567.41,567.655,567.39,567.51,122676.370722,567.5494,1987,
2026-03-31 16:15:00,567.53,567.83,567.53,567.7374,84037.220463,567.7051,1723,
2026-03-31 16:16:00,567.75,568.24,567.7,567.99,182146.819766,568.0191,3333,
2026-03-31 16:17:00,567.99,568.1,567.9,568.06,89538.908223,568.0265,1706,
2026-03-31 16:18:00,568.065,568.1,567.9101,567.99,71244.716512,568.0072,1479,
2026-03-31 16:19:00,567.99,567.99,567.68,567.85,118528.128102,567.8065,2109,
2026-03-31 16:20:00,567.85,567.94,567.71,567.92,104038.454693,567.8532,1985,
2026-03-31 16:21:00,567.93,568.07,567.68,567.98,91871.358372,567.9245,1710,
2026-03-31 16:22:00,567.98,567.98,567.68,567.69,75072.94379,567.8418,1603,
2026-03-31 16:23:00,567.695,568.0,567.612,567.95,87623.103121,567.8292,1690,
2026-03-31 16:24:00,567.96,568.64,567.94,568.64,178948.2383,568.2725,2702,
2026-03-31 16:25:00,568.64,568.76,568.53,568.68,164853.724178,568.658,2892,
2026-03-31 16:26:00,568.66,568.72,568.19,568.2499,178964.932995,568.4461,2440,
2026-03-31 16:27:00,568.23,568.3999,568.1,568.29,100690.744908,568.2198,1871,
2026-03-31 16:28:00,568.285,568.45,568.25,568.42,77160.441982,568.336,1633,
2026-03-31 16:29:00,568.42,568.445,568.24,568.34,70907.114066,568.3314,1564,
2026-03-31 16:30:00,568.34,568.37,568.04,568.2,101607.968463,568.1807,2080,
2026-03-31 16:31:00,568.21,568.26,568.06,568.14,63123.850481,568.1531,1239,
2026-03-31 16:32:00,568.12,568.22,567.97,568.11,61461.349501,568.113,1485,
2026-03-31 16:33:00,568.11,568.29,568.04,568.15,75299.971293,568.1917,1520,
2026-03-31 16:34:00,568.15,568.3225,568.15,568.25,45031.532524,568.2591,932,
2026-03-31 16:35:00,568.23,568.29,567.89,567.98,128327.226682,568.1405,2139,
2026-03-31 16:36:00,567.97,568.59,567.93,568.55,144739.588655,568.3146,2348,
2026-03-31 16:37:00,568.5301,568.96,568.48,568.73,379489.228431,565.8844,4139,
2026-03-31 16:38:00,568.72,569.9043,568.71,569.88,619406.924759,569.3569,8177,
2026-03-31 16:39:00,569.88,571.25,569.7854,571.2,452992.275821,570.3808,7135,
2026-03-31 16:40:00,571.19,573.0,571.1,572.5,767430.547723,572.2893,11529,
2026-03-31 16:41:00,572.47,574.83,572.4,574.7901,752365.713277,573.6124,11568,
2026-03-31 16:42:00,574.76,575.22,573.28,574.87,1086980.300732,574.2305,15531,
2026-03-31 16:43:00,574.89,575.71,574.26,574.87,736046.622757,575.0679,10851,
2026-03-31 16:44:00,574.87,575.08,573.37,573.83,801686.326538,574.0657,10618,
2026-03-31 16:45:00,573.83,574.88,573.43,574.105,461296.134854,574.0868,7083,
2026-03-31 16:46:00,574.12,574.13,572.47,573.16,463871.562118,572.9918,6922,
2026-03-31 16:47:00,573.14,573.53,572.46,572.54,339727.825055,572.8701,5121,
2026-03-31 16:48:00,572.5599,572.61,571.88,572.35,424475.443032,572.223,6274,
2026-03-31 16:49:00,572.28,573.57,572.27,573.375,329043.369886,572.8131,5432,
2026-03-31 16:50:00,573.4,574.88,573.14,574.2,544206.59362,573.8936,7984,
2026-03-31 16:51:00,574.14,574.145,573.22,573.43,353717.99742,573.6383,5471,
2026-03-31 16:52:00,573.41,573.47,572.23,572.7,271816.788658,573.0086,3976,
2026-03-31 16:53:00,572.69,574.08,572.41,573.7701,254506.689775,573.3879,4073,
2026-03-31 16:54:00,573.79,574.0,573.55,573.64,231194.011792,573.7546,3832,
2026-03-31 16:55:00,573.61,573.72,573.05,573.15,155220.673271,573.3945,3057,
2026-03-31 16:56:00,573.16,573.38,572.81,573.26,185378.977823,573.0378,3453,
2026-03-31 16:57:00,573.27,573.67,572.72,573.35,231743.689313,573.246,4075,
2026-03-31 16:58:00,573.35,573.85,573.27,573.6999,168554.847648,573.5433,2778,
2026-03-31 16:59:00,573.66,573.87,573.42,573.7399,130704.381387,573.6683,2419,
2026-03-31 17:00:00,573.76,574.45,573.65,574.225,328847.459145,574.1207,5362,
2026-03-31 17:01:00,574.21,574.7,573.88,574.5,249689.349519,574.2284,3999,
2026-03-31 17:02:00,574.48,575.23,574.32,575.165,357267.153155,574.8505,5611,
2026-03-31 17:03:00,575.15,575.65,575.13,575.48,336564.552086,575.3585,5292,
2026-03-31 17:04:00,575.47,575.87,575.31,575.3598,446977.131952,575.607,6498,
2026-03-31 17:05:00,575.36,575.4,574.42,574.45,374922.203935,574.7868,5873,
2026-03-31 17:06:00,574.45,574.46,573.98,574.05,189753.265817,574.242,3721,
2026-03-31 17:07:00,574.05,574.67,573.93,574.63,180129.578607,574.1773,3328,
2026-03-31 17:08:00,574.59,574.965,574.55,574.92,133504.699727,574.7744,2563,
2026-03-31 17:09:00,574.89,575.04,573.41,573.75,285177.277748,574.2769,5366,
2026-03-31 17:10:00,573.77,574.2,573.6,573.99,167569.564141,573.9033,3254,
2026-03-31 17:11:00,573.94,574.73,573.94,574.6,146358.668427,574.3971,2761,
2026-03-31 17:12:00,574.57,574.65,574.13,574.43,112573.047918,574.3948,2396,
2026-03-31 17:13:00,574.43,574.88,573.9,574.63,102648.834789,574.5087,2096,
2026-03-31 17:14:00,574.63,575.155,574.6,575.0895,129131.680127,574.9598,2477,
2026-03-31 17:15:00,575.08,575.6199,575.0,575.5,278009.915099,568.9606,2574,
2026-03-31 17:16:00,575.5,575.87,575.25,575.47,290478.582217,575.5887,3983,
2026-03-31 17:17:00,575.48,575.96,575.33,575.85,242065.720775,575.6843,3194,
2026-03-31 17:18:00,575.84,575.91,575.51,575.575,159206.778711,575.7442,2693,
2026-03-31 17:19:00,575.575,576.21,575.36,575.985,385113.817346,571.0303,4211,
2026-03-31 17:20:00,575.96,576.13,575.38,575.51,287762.809383,575.6518,4417,
2026-03-31 17:21:00,575.52,575.81,575.47,575.61,182562.166319,575.6155,2885,
2026-03-31 17:22:00,575.61,576.01,575.46,575.855,196472.191823,575.7684,3659,
2026-03-31 17:23:00,575.87,576.01,575.72,575.8151,183591.172939,575.8648,3146,
2026-03-31 17:24:00,575.8,575.84,575.55,575.645,188074.182285,575.688,3185,
2026-03-31 17:25:00,575.66,575.78,574.79,575.07,256611.953787,575.2556,4432,
2026-03-31 17:26:00,575.07,575.2,574.8,574.98,226309.569045,574.9711,3781,
2026-03-31 17:27:00,574.97,575.265,574.44,574.53,216629.307074,574.9429,3267,
2026-03-31 17:28:00,574.54,574.88,574.4,574.58,165360.031694,574.5688,2871,
2026-03-31 17:29:00,574.55,574.66,574.24,574.49,164108.876157,574.4607,2993,
2026-03-31 17:30:00,574.51,574.85,574.42,574.6,199577.778158,574.7242,3306,
2026-03-31 17:31:00,574.6,575.34,574.59,575.195,197727.526922,575.0331,3443,
2026-03-31 17:32:00,575.18,575.7,574.92,574.93,202625.894148,575.3017,3682,
2026-03-31 17:33:00,574.93,575.58,574.89,575.505,144327.054615,575.3328,2713,
2026-03-31 17:34:00,575.5,575.89,575.3904,575.77,241686.155822,575.6328,3770,
2026-03-31 17:35:00,575.76,576.09,575.71,575.75,199642.323422,575.9243,3779,
2026-03-31 17:36:00,575.75,575.79,574.26,574.99,522503.30106,575.0178,9028,
2026-03-31 17:37:00,574.98,575.18,573.89,574.05,480498.927782,574.5122,7769,
2026-03-31 17:38:00,574.08,574.2585,573.462,573.79,373943.880513,573.812,5943,
2026-03-31 17:39:00,573.8,574.435,573.77,574.2,307191.612723,574.3343,3706,
2026-03-31 17:40:00,574.19,574.85,574.13,574.64,215349.172693,574.8383,2654,
2026-03-31 17:41:00,574.62,574.62,574.06,574.22,125165.347417,574.2618,1896,
2026-03-31 17:42:00,574.24,574.31,573.7,573.9,109200.82996,573.9453,1913,
2026-03-31 17:43:00,573.85,574.27,573.85,573.97,92794.956107,574.0745,1660,
2026-03-31 17:44:00,573.985,574.15,573.46,574.03,260461.10693,574.2311,2736,
2026-03-31 17:45:00,574.02,574.14,573.79,574.05,112114.030554,573.992,2035,
2026-03-31 17:46:00,574.05,574.27,573.95,574.05,133085.987887,574.1213,2428,
2026-03-31 17:47:00,574.04,574.83,573.9306,574.51,156643.612079,574.528,2906,
2026-03-31 17:48:00,574.4991,574.62,574.27,574.3998,94006.951017,574.4371,1749,
2026-03-31 17:49:00,574.37,574.67,574.27,574.58,96716.171924,574.4717,1603,
2026-03-31 17:50:00,574.61,574.73,574.42,574.49,109630.917487,574.5272,1762,
2026-03-31 17:51:00,574.48,574.9,574.37,574.45,129141.039293,574.6587,7048,
2026-03-31 17:52:00,574.4302,574.51,574.16,574.3999,155009.686041,574.3382,2520,
2026-03-31 17:53:00,574.39,574.465,574.12,574.24,100144.5573,574.3404,1682,
2026-03-31 17:54:00,574.24,574.355,574.04,574.27,95768.438729,574.1964,1784,
2026-03-31 17:55:00,574.28,574.31,573.53,573.74,151295.369736,573.9037,2661,
2026-03-31 17:56:00,573.75,573.81,573.32,573.41,159564.003886,573.54,2576,
2026-03-31 17:57:00,573.38,573.65,573.28,573.405,115455.112079,573.4464,2171,
2026-03-31 17:58:00,573.42,573.595,573.114,573.51,127199.814947,573.3523,2458,
2026-03-31 17:59:00,573.5,573.58,573.3,573.45,95377.605226,573.441,1857,
2026-03-31 18:00:00,573.42,574.05,573.42,573.84,142703.427592,573.7932,2450,
2026-03-31 18:01:00,573.815,574.48,573.78,574.249,91649.508568,574.1714,1702,
2026-03-31 18:02:00,574.28,574.68,574.26,574.33,109065.673796,574.4276,2065,
2026-03-31 18:03:00,574.31,574.6,574.19,574.455,111194.923626,574.4224,1875,
2026-03-31 18:04:00,574.47,574.56,574.08,574.22,197038.706696,574.3707,1808,
2026-03-31 18:05:00,574.2299,574.61,574.19,574.5499,108656.103162,574.3977,1859,
2026-03-31 18:06:00,574.56,574.77,574.135,574.3,110747.929136,574.5261,1941,
2026-03-31 18:07:00,574.3,574.82,574.3,574.73,202690.809524,566.2131,1774,
2026-03-31 18:08:00,574.7,574.75,574.53,574.695,92079.595606,574.6773,1668,
2026-03-31 18:09:00,574.69,575.12,574.65,574.87,148643.271279,574.8158,2351,
2026-03-31 18:10:00,574.87,574.95,574.58,574.63,83541.479306,574.7959,1512,
2026-03-31 18:11:00,574.62,574.65,574.21,574.46,119423.040915,574.3891,1863,
2026-03-31 18:12:00,574.4507,574.5,574.18,574.31,127154.863185,574.2883,1687,
2026-03-31 18:13:00,574.3,574.52,574.16,574.51,122544.060976,574.2986,1907,
2026-03-31 18:14:00,574.5,574.94,574.46,574.825,151410.065142,574.8117,2122,
2026-03-31 18:15:00,574.82,575.0,574.75,574.84,221170.019524,567.0919,1833,
2026-03-31 18:16:00,574.85,575.19,574.81,575.07,124827.059939,574.9902,1878,
2026-03-31 18:17:00,575.08,575.35,574.88,575.19,250317.101482,575.1671,3715,
2026-03-31 18:18:00,575.19,575.25,574.9,574.94,146298.491215,575.1254,2145,
2026-03-31 18:19:00,574.93,575.0,574.75,574.995,116540.030948,574.8945,1951,
2026-03-31 18:20:00,575.0,575.05,574.865,574.94,84643.125029,574.9672,1466,
2026-03-31 18:21:00,574.92,575.07,574.75,574.84,64514.68,574.9521,1300,
2026-03-31 18:22:00,574.84,575.0,574.59,574.86,149707.387575,574.7959,2390,
2026-03-31 18:23:00,574.85,574.87,574.66,574.76,113907.273867,574.7566,1607,
2026-03-31 18:24:00,574.7401,574.87,574.45,574.53,129752.248402,574.6667,2090,
2026-03-31 18:25:00,574.5499,574.55,574.36,574.43,128190.49829,574.4661,2077,
2026-03-31 18:26:00,574.44,574.61,574.28,574.38,121528.657567,574.4091,1969,
2026-03-31 18:27:00,574.36,574.67,574.26,574.66,102677.346364,574.4486,1815,
2026-03-31 18:28:00,574.65,575.55,574.65,574.99,169628.308343,575.1378,2859,
2026-03-31 18:29:00,574.99,575.27,574.91,575.04,97188.776659,575.082,1551,
2026-03-31 18:30:00,575.03,575.25,574.79,574.8557,451884.29005,575.1451,1991,
2026-03-31 18:31:00,574.87,575.08,574.6701,574.72,68843.305356,574.9668,1277,
2026-03-31 18:32:00,574.72,574.87,574.59,574.7299,102641.304672,574.7796,1760,
2026-03-31 18:33:00,574.71,574.92,574.52,574.89,137548.12129,574.7236,2051,
2026-03-31 18:34:00,574.885,575.01,574.78,574.9,162613.941697,574.9029,2440,
2026-03-31 18:35:00,574.91,575.31,574.74,575.3,197544.835494,574.9697,2993,
2026-03-31 18:36:00,575.285,575.58,575.22,575.47,299517.375063,575.3825,4045,
2026-03-31 18:37:00,575.46,575.86,575.43,575.79,186698.624283,575.6946,2742,
2026-03-31 18:38:00,575.79,575.96,575.78,575.8801,239103.720981,575.8848,3479,
2026-03-31 18:39:00,575.89,575.9101,575.66,575.7,190244.288126,575.8136,2823,
2026-03-31 18:40:00,575.68,575.72,575.32,575.49,119408.973376,575.5074,2060,
2026-03-31 18:41:00,575.5,575.61,575.22,575.33,163425.2968,575.4161,2303,
2026-03-31 18:42:00,575.325,575.52,575.315,575.46,153848.418682,575.4161,1914,
2026-03-31 18:43:00,575.46,575.48,575.17,575.19,118103.163072,575.2837,1944,
2026-03-31 18:44:00,575.19,575.33,575.06,575.31,174053.950207,575.191,2651,
2026-03-31 18:45:00,575.33,575.83,575.315,575.71,181676.382344,575.6974,3076,
2026-03-31 18:46:00,575.71,575.95,575.55,575.85,152264.514085,575.7475,2505,
2026-03-31 18:47:00,575.85,576.0,575.785,575.81,139089.567091,575.8869,2392,
2026-03-31 18:48:00,575.815,575.83,575.57,575.65,218318.201535,575.6806,3113,
2026-03-31 18:49:00,575.64,575.69,575.33,575.64,147703.890615,575.542,2504,
2026-03-31 18:50:00,575.66,576.05,575.61,575.9,196812.562793,575.7561,2741,
2026-03-31 18:51:00,575.9,576.14,575.84,575.94,194571.383278,575.9716,2709,
2026-03-31 18:52:00,575.925,575.955,575.75,575.82,90827.262493,575.8723,1498,
2026-03-31 18:53:00,575.8299,575.98,575.805,575.87,122926.286345,575.9134,1708,
2026-03-31 18:54:00,575.87,575.95,575.76,575.83,104713.109324,575.8727,1799,
2026-03-31 18:55:00,575.82,576.0301,575.8,575.88,189603.224509,575.9283,1909,
2026-03-31 18:56:00,575.87,575.98,575.835,575.94,235475.153265,575.8168,1875,
2026-03-31 18:57:00,575.93,576.0,575.73,575.735,1470667.993078,575.897,2529,
2026-03-31 18:58:00,575.75,575.96,575.68,575.95,127942.595466,575.8259,2199,
2026-03-31 18:59:00,575.94,575.96,575.77,575.78,132554.809944,575.8629,2204,
2026-03-31 19:00:00,575.7701,576.09,575.71,576.0551,236954.207765,575.9469,2148,
2026-03-31 19:01:00,576.06,576.32,575.97,576.01,231634.241552,576.1108,2993,
2026-03-31 19:02:00,576.02,576.19,575.9,576.055,249161.969461,575.9928,2291,
2026-03-31 19:03:00,576.055,576.29,576.02,576.25,120351.625371,576.1843,1642,
2026-03-31 19:04:00,576.25,576.26,575.95,576.09,78221.693332,576.0896,1381,
2026-03-31 19:05:00,576.08,576.1,575.74,575.7701,160049.279207,575.8824,2358,
2026-03-31 19:06:00,575.79,575.88,575.66,575.77,321531.768246,570.1207,2089,
2026-03-31 19:07:00,575.79,575.79,575.51,575.61,80048.398188,575.6301,1473,
2026-03-31 19:08:00,575.61,575.6325,575.24,575.32,151044.972627,575.3973,2436,
2026-03-31 19:09:00,575.31,575.61,575.308,575.54,173691.446974,575.5201,2255,
2026-03-31 19:10:00,575.53,576.5,575.495,576.265,283429.887484,576.0669,3814,
2026-03-31 19:11:00,576.2725,576.53,576.22,576.37,293428.125168,576.3704,3389,
2026-03-31 19:12:00,576.37,576.39,576.16,576.31,161199.357876,576.2755,2215,
2026-03-31 19:13:00,576.32,576.39,576.07,576.36,167991.669134,576.2258,2205,
2026-03-31 19:14:00,576.35,576.46,576.25,576.38,128347.475754,576.3368,1984,
2026-03-31 19:15:00,576.38,576.8,576.36,576.8,217369.912321,576.6296,2886,
2026-03-31 19:16:00,576.8,576.975,576.52,576.54,252086.981659,576.6995,3049,
2026-03-31 19:17:00,576.53,576.59,576.3,576.37,188866.48077,576.3852,2616,
2026-03-31 19:18:00,576.36,576.57,576.22,576.4465,527156.709303,572.555,2633,
2026-03-31 19:19:00,576.44,576.665,576.42,576.49,180949.304281,576.5456,2362,
2026-03-31 19:20:00,576.49,576.81,576.45,576.75,168256.709539,576.6064,2334,
2026-03-31 19:21:00,576.74,577.02,576.73,576.78,255031.33148,576.8802,3777,
2026-03-31 19:22:00,576.785,576.9,576.67,576.9,299768.120723,570.0626,2563,
2026-03-31 19:23:00,576.89,577.08,576.76,576.845,215924.773743,576.9148,2992,
2026-03-31 19:24:00,576.84,576.9,576.7,576.8,178462.784835,576.8072,2294,
2026-03-31 19:25:00,576.795,576.82,576.66,576.66,218674.900738,576.7549,2609,
2026-03-31 19:26:00,576.66,576.78,576.27,576.45,266701.320053,576.4882,3457,
2026-03-31 19:27:00,576.45,576.71,576.37,576.41,177290.007434,576.5166,2382,
2026-03-31 19:28:00,576.41,576.58,576.33,576.53,155732.965164,576.4354,2294,
2026-03-31 19:29:00,576.53,576.56,576.39,576.435,135739.297864,576.4481,1732,
2026-03-31 19:30:00,576.45,576.96,576.35,576.84,168441.685786,576.7458,2550,
2026-03-31 19:31:00,576.84,576.85,576.45,576.55,160363.574949,576.6425,2509,
2026-03-31 19:32:00,576.55,576.64,576.45,576.47,262481.152434,576.407,2632,
2026-03-31 19:33:00,576.46,576.62,576.29,576.605,174696.261726,576.4239,2437,
2026-03-31 19:34:00,576.6,576.72,576.4947,576.54,282943.876833,576.5249,2297,
2026-03-31 19:35:00,576.54,576.89,576.5,576.79,479146.645599,568.73,2633,
2026-03-31 19:36:00,576.8,577.105,576.6903,576.9097,585498.521958,570.2499,3333,
2026-03-31 19:37:00,576.905,577.22,576.905,577.09,367830.29106,571.7328,2771,
2026-03-31 19:38:00,577.08,577.14,577.0,577.12,173720.111119,577.0796,2531,
2026-03-31 19:39:00,577.112,577.25,577.06,577.125,220220.969784,577.1729,2925,
2026-03-31 19:40:00,577.13,577.35,577.014,577.22,295784.100455,577.177,3925,
2026-03-31 19:41:00,577.21,577.25,576.9301,577.035,230648.991909,577.0804,3404,
2026-03-31 19:42:00,577.035,577.1,576.85,576.87,243832.239415,577.0048,3189,
2026-03-31 19:43:00,576.85,576.895,576.69,576.75,438682.781548,568.0434,3192,
2026-03-31 19:44:00,576.755,577.14,576.66,577.06,317362.031725,570.8583,3483,
2026-03-31 19:45:00,577.04,577.21,576.855,577.085,218034.86207,577.0771,3101,
2026-03-31 19:46:00,577.09,577.62,577.02,577.55,445041.596713,568.4903,3696,
2026-03-31 19:47:00,577.5551,577.66,577.42,577.65,287217.084373,577.5207,3722,
2026-03-31 19:48:00,577.64,577.9,577.61,577.815,452077.10269,573.3387,4241,
2026-03-31 19:49:00,577.82,577.97,577.73,577.81,321346.340257,577.846,4267,
2026-03-31 19:50:00,577.81,578.64,577.8,578.035,513240.574071,578.2163,7572,
2026-03-31 19:51:00,578.02,578.05,577.22,577.34,446399.069061,577.6984,6191,
2026-03-31 19:52:00,577.34,577.44,576.86,576.94,495719.148556,573.2044,6244,
2026-03-31 19:53:00,576.93,577.09,576.73,576.95,463538.961995,576.9268,6809,
2026-03-31 19:54:00,576.96,577.37,576.775,577.14,468860.520641,577.0645,6803,
2026-03-31 19:55:00,577.15,577.53,576.89,576.95,467590.116957,577.1902,7360,
2026-03-31 19:56:00,576.94,577.07,576.16,576.63,565393.924274,576.7176,6990,
2026-03-31 19:57:00,576.64,577.215,576.48,577.11,565419.19922,576.7119,6684,
2026-03-31 19:58:00,577.11,577.25,576.98,577.03,636353.026638,577.1057,7456,
2026-03-31 19:59:00,577.02,577.7,576.94,577.14,1633083.933004,576.0823,17806,
2026-03-31 20:00:00,577.06,577.54,576.87,577.25,105259.090166,577.1102,842,
2026-03-31 20:01:00,577.31,577.35,576.9,577.11,41512.461592,577.0504,438,
2026-03-31 20:02:00,577.15,577.2,576.75,576.81,19153.917575,576.9453,241,
2026-03-31 20:03:00,576.8,576.91,576.47,576.58,73015.349598,576.631,633,
2026-03-31 20:04:00,576.56,576.56,576.13,576.2937,93820.280424,576.2812,904,
2026-03-31 20:05:00,576.3452,576.7747,576.3452,576.7182,22860.990065,576.5633,263,
2026-03-31 20:06:00,576.73,576.8794,576.67,576.8794,48244.546253,576.7326,267,
2026-03-31 20:07:00,576.83,577.089,576.73,577.0102,66112.892136,576.9053,588,
2026-03-31 20:08:00,577.09,577.22,576.91,577.14,95373.54623,577.0872,926,
2026-03-31 20:09:00,577.14,577.6,577.1002,577.41,49289.322857,577.3855,508,
2026-03-31 20:10:00,577.41,577.66,577.24,577.58,32170.439996,577.3565,281,
2026-03-31 20:11:00,577.53,577.53,577.29,577.3316,28405.355007,577.3935,272,
2026-03-31 20:12:00,577.4,577.43,577.33,577.34,48133.796511,577.3885,367,
2026-03-31 20:13:00,577.34,577.6496,577.33,577.51,1904344.308055,577.4302,299,
2026-03-31 20:14:00,577.55,577.61,577.41,577.5005,8981.157915,577.5069,115,
2026-03-31 20:15:00,577.4,577.8,577.37,577.69,22555.347335,577.6588,332,
2026-03-31 20:16:00,577.74,577.74,577.57,577.6,36489.228557,577.4882,88,
2026-03-31 20:17:00,577.54,577.61,577.54,577.61,141172.102895,577.4423,65,
2026-03-31 20:18:00,577.65,577.79,577.63,577.63,6847.861766,577.815,91,
2026-03-31 20:19:00,577.71,577.85,577.71,577.82,6539.177582,577.8075,109,
2026-03-31 20:20:00,577.83,577.94,577.75,577.83,28563.295776,577.806,153,
2026-03-31 20:21:00,577.8,577.85,577.6,577.62,46132.840768,577.7882,139,
2026-03-31 20:22:00,577.7,577.7,577.5912,577.642,13997.346657,577.6936,147,
2026-03-31 20:23:00,577.7,577.76,577.62,577.76,26817.639936,577.7243,202,
2026-03-31 20:24:00,577.76,577.76,577.6516,577.7395,14956.090261,577.6981,97,
2026-03-31 20:25:00,577.67,577.84,577.63,577.84,5533.146054,577.7297,86,
2026-03-31 20:26:00,577.84,577.84,577.6,577.6632,11433.912306,577.7325,125,
2026-03-31 20:27:00,577.74,577.75,577.6,577.6,29508.676941,577.6817,251,
2026-03-31 20:28:00,577.6,577.77,577.549,577.77,2714.440043,577.7508,69,
2026-03-31 20:29:00,577.83,577.89,577.83,577.83,2069.876575,578.0936,64,
2026-03-31 20:30:00,577.85,577.922,577.8,577.8,10864.876732,577.9141,108,
2026-03-31 20:31:00,577.8,577.8,577.68,577.77,4040.059814,577.7393,76,
2026-03-31 20:32:00,577.7378,577.81,577.7378,577.78,11480.891728,577.842,118,
2026-03-31 20:33:00,577.8,577.83,577.75,577.8,7723.005016,577.783,105,
2026-03-31 20:34:00,577.73,577.7488,577.71,577.73,9875.96853,577.7774,149,
2026-03-31 20:35:00,577.85,577.85,577.82,577.85,18965.217279,577.8443,237,
2026-03-31 20:36:00,577.85,577.85,577.75,577.76,44136.199039,577.7885,280,
2026-03-31 20:37:00,577.76,577.76,577.64,577.69,49171.408079,577.6922,376,
2026-03-31 20:38:00,577.65,577.67,577.6,577.63,7027.861039,577.6967,75,
2026-03-31 20:39:00,577.64,577.64,577.37,577.5504,18946.476011,577.5415,168,
2026-03-31 20:40:00,577.55,577.55,577.48,577.54,4295.047267,577.5489,52,
2026-03-31 20:41:00,577.5,577.5,577.44,577.44,3090.212602,577.5099,47,
2026-03-31 20:42:00,577.41,577.49,577.2511,577.2681,10127.412594,577.4066,99,
2026-03-31 20:43:00,577.26,577.3,577.12,577.17,13728.303005,577.2231,137,
2026-03-31 20:44:00,577.18,577.19,577.06,577.13,4900.764212,577.2194,103,
2026-03-31 20:45:00,577.2,577.24,577.2,577.2,2501.94601,577.4287,58,
2026-03-31 20:46:00,577.13,577.1994,577.06,577.06,2030.135558,577.17,55,
2026-03-31 20:47:00,577.06,577.15,577.04,577.14,3314.297115,577.1433,52,
2026-03-31 20:48:00,577.1987,577.24,577.16,577.16,9129.707911,577.2581,88,
2026-03-31 20:49:00,577.17,577.24,577.13,577.2,2950.000034,577.1946,45,
2026-03-31 20:50:00,577.2,577.2,577.052,577.089,4606.828183,577.2189,95,
2026-03-31 20:51:00,577.01,577.07,576.98,577.05,5363.126994,577.0214,102,
2026-03-31 20:52:00,577.07,577.15,577.07,577.14,1362.003623,577.1132,32,
2026-03-31 20:53:00,577.12,577.12,577.0011,577.0011,4090.395706,577.1075,53,
2026-03-31 20:54:00,577.0,577.05,576.97,577.01,30433.207572,576.9918,240,
2026-03-31 20:55:00,577.04,577.05,577.0,577.02,14290.259616,577.0304,67,
2026-03-31 20:56:00,577.0,577.06,576.9,576.92,4346.805177,577.0672,75,
2026-03-31 20:57:00,576.9,576.91,576.86,576.8668,6074.030913,576.8949,94,
2026-03-31 20:58:00,576.89,576.89,576.77,576.83,16271.63957,576.8385,115,
2026-03-31 20:59:00,576.8,577.0,576.8,577.0,418.435959,577.5059,31,
2026-03-31 21:00:00,577.0,577.0,576.9422,576.9422,143.641345,579.571,14,
2026-03-31 21:01:00,576.95,577.01,576.95,577.0,766.354109,577.2636,18,
2026-03-31 21:02:00,577.0,577.0,577.0,577.0,5029.778162,577.0897,18,
2026-03-31 21:04:00,577.0026,577.02,576.99,577.0199,10054.296151,577.0299,58,
2026-03-31 21:05:00,577.0009,577.0745,577.0009,577.02,2024.502585,577.1673,31,
2026-03-31 21:06:00,577.08,577.08,577.0,577.05,1105.876624,577.4897,36,
2026-03-31 21:07:00,577.0,577.0,576.95,576.95,2888.181964,577.0247,49,
2026-03-31 21:08:00,577.0,577.08,576.99,577.08,6327.637401,577.0607,65,
2026-03-31 21:09:00,577.0,577.0,577.0,577.0,134.0,577.0132,10,
2026-03-31 21:10:00,577.05,577.05,576.9851,576.9851,245.1,577.2513,16,
2026-03-31 21:13:00,576.98,576.9881,576.95,576.95,894.290864,577.1488,36,
2026-03-31 21:14:00,576.9885,576.9885,576.9885,576.9885,239.085705,577.1843,20,
2026-03-31 21:15:00,576.9501,576.9515,576.9501,576.9515,735.21029,577.1182,22,
2026-03-31 21:16:00,576.95,576.9539,576.93,576.93,824.336472,577.1737,26,
2026-03-31 21:17:00,576.92,576.95,576.9065,576.9065,785.107963,577.0035,37,
2026-03-31 21:18:00,576.9,576.91,576.81,576.91,4219.293826,576.91,112,
2026-03-31 21:19:00,576.85,576.9993,576.74,576.8,5275.644418,576.9581,80,
2026-03-31 21:20:00,576.81,576.81,576.77,576.77,3558.928988,576.9477,40,
2026-03-31 21:21:00,576.81,576.81,576.8,576.8,5488.216453,576.8314,22,
2026-03-31 21:22:00,576.85,576.8993,576.85,576.8993,8624.944379,576.9216,30,
2026-03-31 21:23:00,576.9,577.19,576.88,577.19,26240.551407,577.0518,76,
2026-03-31 21:24:00,576.93,576.93,576.9005,576.9005,282.522029,577.9958,34,
2026-03-31 21:25:00,576.9491,577.01,576.94,577.01,954.152793,577.0764,27,
2026-03-31 21:26:00,577.01,577.1,576.98,577.0,5760.276646,577.0366,33,
2026-03-31 21:27:00,577.0,577.01,577.0,577.0,442.506948,577.6642,22,
2026-03-31 21:28:00,576.99,576.99,576.97,576.98,5164.778806,577.0672,37,
2026-03-31 21:29:00,577.0,577.0,576.98,576.98,316.058314,577.0895,19,
2026-03-31 21:30:00,576.9,576.92,576.89,576.89,1852.910213,577.1949,23,
2026-03-31 21:31:00,576.8441,576.9,576.8441,576.9,504.470703,577.4047,24,
2026-03-31 21:32:00,576.88,576.8954,576.88,576.8954,395.050964,576.9557,25,
2026-03-31 21:33:00,576.83,576.9,576.81,576.9,887.32081,577.0735,38,
2026-03-31 21:34:00,576.9,576.9,576.88,576.9,7920.095265,576.8967,27,
2026-03-31 21:36:00,576.89,576.89,576.89,576.89,208.367207,577.9059,20,
2026-03-31 21:37:00,576.9,576.9,576.9,576.9,157.828105,579.9316,24,
2026-03-31 21:38:00,576.9,576.9,576.9,576.9,841.09,576.9607,9,
2026-03-31 21:39:00,576.9,576.9,576.9,576.9,584.123607,577.0212,27,
2026-03-31 21:41:00,576.8999,576.8999,576.86,576.86,772.008043,576.8955,32,
2026-03-31 21:42:00,576.9,576.9,576.9,576.9,246.703579,578.5469,16,
2026-03-31 21:43:00,576.9,576.9,576.88,576.88,475.506949,577.5014,20,
2026-03-31 21:44:00,576.87,576.88,576.8,576.88,349.017335,576.8851,26,
2026-03-31 21:45:00,576.87,576.87,576.87,576.87,206.0,576.869,42,
2026-03-31 21:46:00,576.85,576.8799,576.85,576.8799,1069.166165,576.9557,31,
2026-03-31 21:47:00,576.88,576.89,576.83,576.84,1833.803454,577.1171,38,
2026-03-31 21:48:00,576.8503,577.04,576.8432,577.04,5517.246981,577.024,103,
2026-03-31 21:49:00,576.9015,577.03,576.9015,577.03,130.353599,578.5433,12,
2026-03-31 21:50:00,577.0131,577.0131,576.9,576.9,1594.275575,577.0229,19,
2026-03-31 21:51:00,576.91,576.91,576.9,576.9,774.12484,576.9999,30,
2026-03-31 21:53:00,576.9,576.9,576.8717,576.8835,1402.943471,577.2672,106,
2026-03-31 21:54:00,576.88,576.89,576.88,576.89,301.183923,577.2378,12,
2026-03-31 21:56:00,576.8405,576.8899,576.8405,576.85,1716.101581,576.9117,26,
2026-03-31 21:57:00,576.8881,576.8881,576.84,576.85,1283.736845,577.1757,15,
2026-03-31 21:58:00,576.88,577.03,576.8586,577.03,7782.221219,577.0122,112,
2026-03-31 21:59:00,576.96,577.0,576.88,576.88,1495.801334,577.2952,23,
2026-03-31 22:00:00,576.84,577.3,576.42,577.0,14874.912594,576.8856,324,
2026-03-31 22:01:00,577.18,577.31,577.1,577.18,7164.767492,577.2545,69,
2026-03-31 22:02:00,577.18,577.41,577.17,577.28,9957.996971,577.363,91,
2026-03-31 22:03:00,577.32,577.6,577.27,577.6,18507.093011,577.4486,135,
2026-03-31 22:04:00,577.6,577.91,577.3,577.3,25737.571526,577.6609,263,
2026-03-31 22:05:00,577.4039,577.67,577.4039,577.56,4865.951352,577.6902,61,
2026-03-31 22:06:00,577.58,577.74,577.54,577.54,2077.265743,577.7204,60,
2026-03-31 22:07:00,577.4572,577.51,577.4,577.43,4899.441174,577.4829,123,
2026-03-31 22:08:00,577.54,577.5533,577.54,577.5533,5666.01311,577.5415,61,
2026-03-31 22:09:00,577.34,577.34,577.21,577.23,4335.81105,577.3481,82,
2026-03-31 22:10:00,577.27,577.28,577.12,577.2,11019.039448,577.1968,149,
2026-03-31 22:11:00,577.24,577.61,577.17,577.61,3236.476288,577.5054,65,
2026-03-31 22:12:00,577.65,577.79,577.6,577.78,5633.377613,577.7054,84,
2026-03-31 22:13:00,577.793,578.01,577.793,578.01,11436.33942,577.9234,157,
2026-03-31 22:14:00,578.04,578.5,578.04,578.3975,11301.478304,578.3933,219,
2026-03-31 22:15:00,578.35,578.48,578.2603,578.4703,5310.211261,578.4048,112,
2026-03-31 22:16:00,578.4172,578.5,578.17,578.22,8726.302497,578.2802,129,
2026-03-31 22:17:00,578.2,578.38,578.17,578.29,2709.418113,578.3971,64,
2026-03-31 22:18:00,578.24,578.27,578.17,578.17,3850.361673,578.2724,61,
2026-03-31 22:19:00,578.25,578.25,578.15,578.22,6237.024419,578.2019,39,
2026-03-31 22:20:00,578.25,578.3,578.1,578.26,1861.274655,578.2827,54,
2026-03-31 22:21:00,578.1717,578.28,577.8,578.28,5628.395804,578.1652,131,
2026-03-31 22:22:00,578.37,578.65,578.22,578.4,5863.273575,578.4522,131,
2026-03-31 22:23:00,578.3061,578.3061,578.0,578.0,11862.821353,578.2252,175,
2026-03-31 22:24:00,578.08,578.48,578.08,578.39,3272.368274,578.3885,51,
2026-03-31 22:25:00,578.33,578.35,578.15,578.35,4729.359892,578.3452,60,
2026-03-31 22:26:00,578.35,578.4,578.3291,578.37,2519.097968,578.4012,36,
2026-03-31 22:27:00,578.34,578.41,578.32,578.399,2308.5417,578.4923,36,
2026-03-31 22:28:00,578.38,578.53,578.38,578.529,3963.107117,578.4377,37,
2026-03-31 22:29:00,578.49,578.49,578.3,578.3,1112.240065,578.5587,36,
2026-03-31 22:30:00,578.29,578.32,578.29,578.29,600.760779,579.0271,22,
2026-03-31 22:31:00,578.31,578.35,578.31,578.35,519.372099,578.7541,30,
2026-03-31 22:32:00,578.31,578.31,578.2,578.2,493.437138,578.7453,41,
2026-03-31 22:33:00,578.0,578.02,578.0,578.01,2220.992498,578.2741,76,
2026-03-31 22:34:00,578.0,578.04,577.9798,577.9798,7786.017363,577.9905,36,
2026-03-31 22:35:00,577.9674,577.99,577.9,577.93,6755.034875,577.9497,61,
2026-03-31 22:36:00,577.92,577.9857,577.9,577.93,2323.465443,578.0299,23,
2026-03-31 22:37:00,577.9499,578.12,577.9499,578.12,1566.668029,578.2792,38,
2026-03-31 22:38:00,578.11,578.29,578.11,578.23,887.047946,578.2041,31,
2026-03-31 22:39:00,578.24,578.31,578.24,578.31,4760.114274,578.2821,49,
2026-03-31 22:40:00,578.25,578.4,578.25,578.4,1445.33626,578.4373,64,
2026-03-31 22:41:00,578.4895,578.55,578.36,578.36,2230.276997,578.5332,70,
2026-03-31 22:42:00,578.35,578.66,578.35,578.61,2778.915688,578.6667,52,
2026-03-31 22:43:00,578.5,578.5,578.43,578.43,252.52154,579.6681,23,
2026-03-31 22:44:00,578.4898,578.52,578.3399,578.3399,4601.384234,578.4373,44,
2026-03-31 22:45:00,578.42,578.48,578.35,578.35,939.102526,578.4802,30,
2026-03-31 22:46:00,578.35,578.47,578.3,578.42,1557.091557,578.4248,48,
2026-03-31 22:47:00,578.3,578.3,578.2,578.2198,1335.749495,578.5819,46,
2026-03-31 22:48:00,578.2,578.21,578.08,578.08,1635.873992,578.4961,59,
2026-03-31 22:49:00,578.17,578.28,578.1345,578.28,1835.017455,578.1837,33,
2026-03-31 22:50:00,578.22,578.23,578.14,578.14,817.679075,578.683,36,
2026-03-31 22:51:00,578.14,578.14,578.0918,578.109,999.02653,578.125,26,
2026-03-31 22:52:00,578.09,578.1,578.05,578.1,610.972098,579.0043,32,
2026-03-31 22:53:00,578.09,578.15,578.08,578.1,1505.036894,578.147,24,
2026-03-31 22:54:00,578.14,578.2,578.14,578.18,543.203805,578.3793,30,
2026-03-31 22:55:00,578.251,578.28,578.25,578.27,590.388737,578.6469,26,
2026-03-31 22:56:00,578.24,578.2883,578.23,578.23,1336.703451,578.5621,37,
2026-03-31 22:57:00,578.27,578.28,578.19,578.1999,1609.523284,578.3949,28,
2026-03-31 22:58:00,578.22,578.3,578.22,578.3,1393.280907,578.359,32,
2026-03-31 22:59:00,578.3,578.3099,578.3,578.3099,252.44119,579.3112,20,
2026-03-31 23:00:00,578.31,578.344,578.08,578.08,5680.266992,578.2457,41,
2026-03-31 23:01:00,578.0,578.0383,577.95,578.02,3420.27293,578.028,57,
2026-03-31 23:02:00,577.99,578.3,577.99,578.3,3048.633178,578.293,73,
2026-03-31 23:03:00,578.3,578.37,578.2927,578.306,1332.363912,578.4988,32,
2026-03-31 23:04:00,578.35,578.35,578.2,578.25,773.03458,578.3228,33,
2026-03-31 23:05:00,578.21,578.43,578.21,578.43,2367.520823,578.4817,59,
2026-03-31 23:06:00,578.38,578.44,578.359,578.3891,1554.976825,578.7752,79,
2026-03-31 23:07:00,578.37,578.37,578.2382,578.2465,1904.165063,578.3186,26,
2026-03-31 23:08:00,578.28,578.28,578.18,578.18,1850.908866,578.5053,34,
2026-03-31 23:09:00,578.21,578.21,578.15,578.1896,2643.496497,578.2853,37,
2026-03-31 23:10:00,578.2,578.269,578.2,578.269,934.186898,578.3485,20,
2026-03-31 23:11:00,578.3,578.3,578.1,578.1,1690.433026,578.3919,37,
2026-03-31 23:12:00,578.1,578.24,578.1,578.24,1180.194646,578.2722,21,
2026-03-31 23:13:00,578.24,578.24,578.24,578.24,268.175739,578.6174,14,
2026-03-31 23:14:00,578.25,578.26,578.25,578.26,441.824933,579.3337,14,
2026-03-31 23:15:00,578.15,578.15,578.11,578.11,903.045225,578.1745,18,
2026-03-31 23:16:00,578.18,578.3,578.18,578.3,5744.312041,578.2331,45,
2026-03-31 23:17:00,578.3501,578.56,578.3501,578.53,2439.100286,578.4559,90,
2026-03-31 23:18:00,578.4301,578.53,578.4301,578.53,1494.25,578.5846,36,
2026-03-31 23:19:00,578.6,578.6,578.51,578.51,364.084166,578.6761,27,
2026-03-31 23:20:00,578.4987,578.55,578.44,578.55,1769.089894,578.4973,49,
2026-03-31 23:21:00,578.52,578.54,578.49,578.51,1424.088992,578.5465,39,
2026-03-31 23:22:00,578.44,578.44,578.24,578.24,1190.165698,578.4512,59,
2026-03-31 23:23:00,578.28,578.52,578.28,578.52,1250.188402,578.4635,70,
2026-03-31 23:24:00,578.49,578.55,578.4516,578.55,684.122733,578.6223,36,
2026-03-31 23:25:00,578.55,578.6,578.5,578.5,4248.676261,578.6807,59,
2026-03-31 23:26:00,578.49,578.55,578.49,578.55,1204.057039,578.5642,17,
2026-03-31 23:27:00,578.6,578.6,578.49,578.49,811.209419,578.6852,21,
2026-03-31 23:28:00,578.53,578.61,578.53,578.61,521.602946,579.2627,27,
2026-03-31 23:29:00,578.619,578.91,578.619,578.83,5853.401197,578.8557,151,
2026-03-31 23:30:00,578.8,579.0,578.75,578.93,6681.481659,578.9458,133,
2026-03-31 23:31:00,578.94,578.94,578.85,578.86,874.25101,579.0537,33,
2026-03-31 23:32:00,578.8039,578.8039,578.72,578.77,3190.46649,578.8333,26,
2026-03-31 23:33:00,578.87,578.941,578.87,578.941,1334.086377,578.9541,28,
2026-03-31 23:34:00,578.9948,579.22,578.9803,579.22,15198.110527,579.0373,161,
2026-03-31 23:35:00,579.23,579.3935,579.17,579.2,15866.386784,579.2783,162,
2026-03-31 23:36:00,579.26,579.6,579.2,579.509,9700.720117,579.4375,138,
2026-03-31 23:37:00,579.46,579.6,579.43,579.549,4551.858487,579.5975,62,
2026-03-31 23:38:00,579.55,579.7,579.47,579.57,21492.160156,579.6369,106,
2026-03-31 23:39:00,579.57,579.7,579.56,579.68,6568.097178,579.6118,41,
2026-03-31 23:40:00,579.58,579.58,579.22,579.26,3999.130888,579.3731,85,
2026-03-31 23:41:00,579.2,579.2,579.04,579.16,12323.3765,579.1551,99,
2026-03-31 23:42:00,579.1535,579.16,579.05,579.05,3128.103614,579.1165,41,
2026-03-31 23:43:00,579.0565,579.09,579.0,579.04,3009.801762,579.2025,47,
2026-03-31 23:44:00,579.05,579.09,578.96,578.96,3537.413834,579.1066,58,
2026-03-31 23:45:00,578.98,579.12,578.98,579.1,5788.48159,579.1332,39,
2026-03-31 23:46:00,579.05,579.069,578.9665,579.069,2806.179968,579.0576,39,
2026-03-31 23:47:00,579.1183,579.1183,578.9,578.93,5314.087256,578.9669,45,
2026-03-31 23:48:00,578.98,579.06,578.92,579.06,5072.719638,579.089,39,
2026-03-31 23:49:00,579.0267,579.1978,579.0,579.1922,2932.38716,579.1355,40,
2026-03-31 23:50:00,579.21,579.45,579.21,579.45,2254.936679,579.6398,61,
2026-03-31 23:51:00,579.44,579.44,579.3,579.3,1929.029338,579.3555,34,
2026-03-31 23:52:00,579.35,579.68,579.33,579.6304,3670.250563,579.5229,69,
2026-03-31 23:53:00,579.63,579.81,579.57,579.57,10134.302843,579.6622,102,
2026-03-31 23:54:00,579.6,579.6408,579.6,579.64,356.072177,579.759,32,
2026-03-31 23:55:00,579.64,579.64,579.56,579.6013,3889.291116,579.6403,44,
2026-03-31 23:56:00,579.5988,579.6,579.54,579.54,2426.527516,579.6904,31,
2026-03-31 23:57:00,579.58,579.8,579.58,579.8,7052.013035,579.6907,57,
2026-03-31 23:58:00,579.78,580.3,579.78,580.1998,30162.553191,580.0956,348,
2026-03-31 23:59:00,580.17,580.3,580.04,580.19,18834.029622,580.214,186,
2026-04-01 08:00:00,580.77,583.7,578.86,581.39,273012.226269,581.891,5570,
2026-04-01 08:01:00,581.46,583.6,578.9,580.97,37975.069582,581.4123,719,
2026-04-01 08:02:00,581.08,581.19,580.82,581.0,9871.14202,580.9752,202,
2026-04-01 08:03:00,581.07,581.45,581.06,581.36,10685.163366,581.3055,200,
2026-04-01 08:04:00,581.41,581.62,581.33,581.33,2192.166414,581.5446,113,
2026-04-01 08:05:00,581.35,581.42,581.12,581.12,6608.623808,581.4076,150,
2026-04-01 08:06:00,581.2,581.33,580.75,580.76,3450.971331,581.1212,154,
2026-04-01 08:07:00,580.76,580.9,580.71,580.87,4036.0,580.8209,103,
2026-04-01 08:08:00,580.89,580.89,580.8,580.87,3920.0,580.8339,83,
2026-04-01 08:09:00,580.84,580.84,580.63,580.64,1977.479523,580.8316,102,
2026-04-01 08:10:00,580.64,580.67,580.55,580.6,5512.03052,580.6241,120,
2026-04-01 08:11:00,580.61,580.61,580.17,580.39,6280.174629,580.3618,208,
2026-04-01 08:12:00,580.42,580.5,580.38,580.5,4482.03923,580.4396,94,
2026-04-01 08:13:00,580.66,580.73,580.62,580.71,4723.103784,580.6915,101,
2026-04-01 08:14:00,580.69,580.74,580.57,580.59,4377.0,580.6729,64,
2026-04-01 08:15:00,580.58,580.96,580.58,580.95,3281.091569,580.8456,91,
2026-04-01 08:16:00,580.88,580.88,580.5,580.5,5154.087262,580.6687,102,
2026-04-01 08:17:00,580.45,580.82,580.45,580.81,1291.078471,580.6707,51,
2026-04-01 08:18:00,580.92,581.08,580.89,581.0612,5477.078659,581.006,104,
2026-04-01 08:19:00,581.06,581.08,581.05,581.05,3109.026957,581.058,48,
2026-04-01 08:20:00,581.09,581.2,581.05,581.12,3214.02458,581.1128,95,
2026-04-01 08:21:00,581.1686,581.24,581.15,581.24,1710.138615,581.2179,61,
2026-04-01 08:22:00,581.15,581.31,581.15,581.26,2605.337301,581.2484,66,
2026-04-01 08:23:00,581.31,581.4617,581.11,581.14,3759.438877,581.3912,99,
2026-04-01 08:24:00,581.2,581.44,581.19,581.44,1309.114306,581.3803,43,
2026-04-01 08:25:00,581.47,581.83,581.47,581.79,10428.213343,581.6477,196,
2026-04-01 08:26:00,581.81,581.95,581.76,581.82,8377.053156,581.8673,99,
2026-04-01 08:27:00,581.8921,581.94,581.65,581.65,6968.008765,581.7817,80,
2026-04-01 08:28:00,581.64,581.64,581.4,581.4075,3341.3153,581.5435,98,
2026-04-01 08:29:00,581.31,581.34,581.15,581.31,8023.097638,581.2626,116,
2026-04-01 08:30:00,581.32,581.38,581.32,581.38,588.090399,581.4587,29,
2026-04-01 08:31:00,581.41,581.44,581.41,581.44,428.021976,581.4646,20,
2026-04-01 08:32:00,581.37,581.67,581.37,581.65,12317.074622,581.5618,161,
2026-04-01 08:33:00,581.67,581.68,581.56,581.56,5588.008766,581.612,79,
2026-04-01 08:34:00,581.53,581.64,581.53,581.64,1771.032724,581.5649,38,
2026-04-01 08:35:00,581.5912,581.65,581.44,581.44,12930.017544,581.5859,149,
2026-04-01 08:36:00,581.36,581.41,581.27,581.35,2195.215296,581.3911,67,
2026-04-01 08:37:00,581.39,581.48,581.25,581.31,15435.0,581.3487,173,
2026-04-01 08:38:00,581.35,581.4,581.26,581.35,3625.319503,581.3954,67,
2026-04-01 08:39:00,581.48,581.53,581.48,581.49,2443.021958,581.5062,47,
2026-04-01 08:40:00,581.5,581.5,581.41,581.49,3769.059967,581.4481,65,
2026-04-01 08:41:00,581.53,581.63,581.5,581.5,431.383417,582.0948,30,
2026-04-01 08:42:00,581.42,581.47,581.39,581.39,1829.026336,581.4278,66,
2026-04-01 08:43:00,581.3,581.43,581.26,581.43,1510.052944,581.3713,50,
2026-04-01 08:44:00,581.5,581.6,581.43,581.59,3279.098565,581.5438,115,
2026-04-01 08:45:00,581.59,581.59,581.42,581.4666,1780.0,581.54,52,
2026-04-01 08:46:00,581.53,581.54,581.3,581.31,1063.008797,581.3978,32,
2026-04-01 08:47:00,581.31,581.39,581.2,581.29,11140.030779,581.2235,113,
2026-04-01 08:48:00,581.32,581.45,581.32,581.45,2825.0,581.4205,60,
2026-04-01 08:49:00,581.39,581.55,581.36,581.55,4041.008798,581.4061,46,
2026-04-01 08:50:00,581.47,581.6,581.46,581.57,4913.043958,581.512,76,
2026-04-01 08:51:00,581.52,581.52,581.44,581.44,6940.0,581.4728,83,
2026-04-01 08:52:00,581.3,581.49,581.28,581.45,2053.035185,581.404,66,
2026-04-01 08:53:00,581.49,581.78,581.46,581.78,2580.832066,581.8212,80,
2026-04-01 08:54:00,581.68,581.7,580.0,581.1126,59220.338224,580.8629,1055,
2026-04-01 08:55:00,581.09,581.18,580.69,581.07,7801.443613,581.1274,146,
2026-04-01 08:56:00,581.0,581.4,580.96,581.08,3689.223574,581.1895,146,
2026-04-01 08:57:00,581.23,581.34,581.22,581.24,1876.312432,581.359,41,
2026-04-01 08:58:00,581.36,581.36,581.18,581.18,828.233564,581.4646,40,
2026-04-01 08:59:00,581.2,581.21,580.96,581.07,7037.043843,581.0457,112,
2026-04-01 09:00:00,581.06,581.16,580.92,580.97,5450.035011,581.0572,88,
2026-04-01 09:01:00,580.89,581.35,580.79,581.22,8901.148824,581.0997,158,
2026-04-01 09:02:00,581.12,581.18,581.01,581.18,1280.013155,581.1125,36,
2026-04-01 09:03:00,581.05,581.11,580.8,580.91,2127.109279,580.9875,65,
2026-04-01 09:04:00,580.83,581.0052,580.83,580.95,6210.0,580.9278,73,
2026-04-01 09:05:00,580.96,580.98,580.95,580.95,1478.344234,581.0946,22,
2026-04-01 09:06:00,580.96,581.06,580.81,580.81,5317.01722,580.8499,81,
2026-04-01 09:07:00,580.78,580.81,580.63,580.66,2794.105648,580.7554,64,
2026-04-01 09:08:00,580.5,580.51,580.44,580.5,2249.0928,580.5119,93,
2026-04-01 09:09:00,580.48,580.55,580.42,580.5,5783.106161,580.4936,76,
2026-04-01 09:10:00,580.38,580.38,580.19,580.2,3013.529798,580.3684,104,
2026-04-01 09:11:00,580.23,580.35,580.15,580.15,3919.044979,580.2548,68,
2026-04-01 09:12:00,580.19,580.35,580.13,580.35,2825.026186,580.2361,55,
2026-04-01 09:13:00,580.42,580.42,580.26,580.34,2367.027473,580.3049,52,
2026-04-01 09:14:00,580.4,580.4,580.19,580.25,10278.00224,580.2162,83,
2026-04-01 09:15:00,580.2236,580.4,580.2236,580.25,970.001723,580.3584,29,
2026-04-01 09:16:00,580.2485,580.27,580.21,580.21,2929.0,580.2479,34,
2026-04-01 09:17:00,580.21,580.3,580.11,580.11,1767.069063,580.2315,44,
2026-04-01 09:18:00,580.11,580.15,579.92,579.95,4651.29049,580.0765,176,
2026-04-01 09:19:00,579.98,580.08,579.88,580.02,3484.195917,580.0204,86,
2026-04-01 09:20:00,580.01,580.08,579.67,579.78,5387.11247,579.9146,149,
2026-04-01 09:21:00,579.71,579.84,579.6,579.6,1566.647836,579.916,64,
2026-04-01 09:22:00,579.56,579.67,579.56,579.59,5344.105498,579.6176,93,
2026-04-01 09:23:00,579.63,579.65,579.49,579.65,5195.038991,579.5493,122,
2026-04-01 09:24:00,579.65,579.75,579.65,579.75,6349.011334,579.728,56,
2026-04-01 09:25:00,579.78,580.16,579.78,580.14,1055.156621,580.0031,76,
2026-04-01 09:26:00,580.06,580.06,579.9,579.92,3489.00337,579.9716,38,
2026-04-01 09:27:00,580.0,580.07,579.92,579.92,1631.0,579.9893,43,
2026-04-01 09:28:00,580.0805,580.0805,580.0,580.0,1703.009102,580.0498,31,
2026-04-01 09:29:00,580.02,580.02,580.0,580.0,517.0,580.0197,27,
2026-04-01 09:30:00,580.14,580.27,580.11,580.27,3710.110865,580.1845,53,
2026-04-01 09:31:00,580.31,580.45,580.31,580.34,8114.176644,580.4357,115,
2026-04-01 09:32:00,580.3,580.38,580.26,580.38,2064.535323,580.4427,38,
2026-04-01 09:33:00,580.21,580.39,580.11,580.3,2724.017474,580.275,39,
2026-04-01 09:34:00,580.32,580.39,580.3,580.36,4441.0,580.3516,54,
2026-04-01 09:35:00,580.36,580.4,580.27,580.35,1258.0,580.3232,36,
2026-04-01 09:36:00,580.37,580.68,580.37,580.56,7910.115733,580.6171,138,
2026-04-01 09:37:00,580.57,580.6138,580.51,580.56,1646.0,580.5537,36,
2026-04-01 09:38:00,580.58,580.64,580.58,580.64,630.004363,580.6,13,
2026-04-01 09:39:00,580.53,580.53,580.51,580.51,375.008371,580.5325,17,
2026-04-01 09:40:00,580.53,580.53,580.41,580.49,16665.06586,580.459,175,
2026-04-01 09:41:00,580.43,580.5,580.43,580.5,6199.0,580.4655,71,
2026-04-01 09:42:00,580.48,580.5,580.4,580.4,1691.0,580.4583,34,
2026-04-01 09:43:00,580.46,580.46,580.43,580.43,778.0,580.4558,21,
2026-04-01 09:44:00,580.54,580.56,580.45,580.54,2601.0,580.5341,46,
2026-04-01 09:45:00,580.6,580.82,580.59,580.7245,908.078575,580.7534,47,
2026-04-01 09:46:00,580.6,580.9,580.6,580.8518,890.033082,580.7264,43,
2026-04-01 09:47:00,580.81,580.84,580.79,580.84,903.01312,580.821,28,
2026-04-01 09:48:00,580.91,581.1115,580.91,580.95,3588.152498,581.0709,88,
2026-04-01 09:49:00,581.02,581.07,581.02,581.05,2307.008749,581.0523,40,
2026-04-01 09:50:00,581.1515,581.42,581.1515,581.34,4332.114025,581.3444,108,
2026-04-01 09:51:00,581.34,581.34,581.14,581.24,4909.217252,581.2423,66,
2026-04-01 09:52:00,581.28,581.33,581.21,581.25,6983.0,581.293,69,
2026-04-01 09:53:00,581.21,581.29,581.2,581.25,918.0,581.225,38,
2026-04-01 09:54:00,581.15,581.21,581.05,581.12,1443.18562,581.2149,54,
2026-04-01 09:55:00,581.15,581.2,580.86,580.86,1118.290407,581.0883,57,
2026-04-01 09:56:00,580.84,580.93,580.78,580.93,6643.127523,580.8931,102,
2026-04-01 09:57:00,581.04,581.52,581.04,581.32,9055.201898,581.4205,130,
2026-04-01 09:58:00,581.3269,581.3269,580.96,581.03,7670.153842,581.1453,140,
2026-04-01 09:59:00,581.05,581.08,580.99,580.99,1002.0,581.0404,30,
2026-04-01 10:00:00,581.03,581.43,580.96,581.4,8681.196751,581.0662,155,
2026-04-01 10:01:00,581.45,581.45,581.15,581.24,1964.017616,581.2356,54,
2026-04-01 10:02:00,581.22,581.22,581.04,581.19,3160.026382,581.1414,49,
2026-04-01 10:03:00,581.16,581.3,581.16,581.3,1154.008783,581.266,36,
2026-04-01 10:04:00,581.13,581.13,580.77,580.83,7951.127201,580.8981,142,
2026-04-01 10:05:00,580.9,581.07,580.88,581.03,3461.877776,581.0727,58,
2026-04-01 10:06:00,580.93,580.94,580.84,580.84,1124.962031,581.4121,38,
2026-04-01 10:07:00,580.96,580.96,580.8,580.8,1085.711862,581.2513,44,
2026-04-01 10:08:00,580.86,580.92,580.86,580.92,623.527499,581.3714,27,
2026-04-01 10:09:00,580.93,580.93,580.89,580.93,1558.546652,581.1089,62,
2026-04-01 10:10:00,580.74,580.74,580.59,580.67,5811.055248,580.6487,90,
2026-04-01 10:11:00,580.71,580.8,580.71,580.8,1493.0,580.7361,17,
2026-04-01 10:12:00,580.84,581.07,580.84,581.07,3504.087589,581.0558,53,
2026-04-01 10:13:00,581.1,581.26,581.1,581.12,1728.083283,581.203,57,
2026-04-01 10:14:00,581.16,581.2,581.12,581.2,2240.1,581.1834,45,
2026-04-01 10:15:00,581.0,581.18,581.0,581.18,1678.023639,581.0789,34,
2026-04-01 10:16:00,581.05,581.19,581.05,581.19,4296.0,581.1407,24,
2026-04-01 10:17:00,581.2,581.3,581.17,581.17,1828.017576,581.1975,36,
2026-04-01 10:18:00,581.15,581.15,581.15,581.15,175.010828,581.1925,17,
2026-04-01 10:19:00,581.15,581.16,580.99,581.15,3954.0,581.118,84,
2026-04-01 10:20:00,581.35,581.44,581.1,581.1,4778.564745,581.3349,74,
2026-04-01 10:21:00,581.18,581.24,581.14,581.21,1582.0,581.1957,41,
2026-04-01 10:22:00,581.4,581.42,581.2,581.2,932.004405,581.2872,23,
2026-04-01 10:23:00,581.12,581.3012,581.12,581.3012,1512.0,581.2304,51,
2026-04-01 10:24:00,581.23,581.26,581.18,581.22,1654.0,581.2349,34,
2026-04-01 10:25:00,581.12,581.12,580.89,580.97,11905.381916,581.0546,125,
2026-04-01 10:26:00,581.02,581.07,580.76,581.0,14053.224389,580.9009,183,
2026-04-01 10:27:00,581.01,581.01,580.94,580.94,540.0,581.0003,17,
2026-04-01 10:28:00,580.9,580.97,580.9,580.97,278.937665,582.8806,13,
2026-04-01 10:29:00,581.03,581.08,580.99,580.99,1226.014885,581.0479,34,
2026-04-01 10:30:00,581.23,581.35,581.22,581.3,1913.118503,581.3395,56,
2026-04-01 10:31:00,581.23,581.3,581.23,581.25,369.27718,581.6989,22,
2026-04-01 10:32:00,581.27,581.31,581.1,581.1,1767.0,581.2363,42,
2026-04-01 10:34:00,581.08,581.08,580.9,580.96,9291.030968,581.0059,123,
2026-04-01 10:35:00,580.91,581.03,580.91,581.02,578.767487,581.7855,13,
2026-04-01 10:36:00,580.97,581.0,580.97,581.0,567.047831,581.0448,25,
2026-04-01 10:37:00,580.99,581.13,580.99,581.13,389.0,581.0763,14,
2026-04-01 10:38:00,581.12,581.12,581.03,581.12,1656.07377,581.0956,30,
2026-04-01 10:39:00,581.13,581.42,581.13,581.42,1683.101154,581.3083,75,
2026-04-01 10:40:00,581.37,581.5,581.37,581.5,1221.026394,581.4603,45,
2026-04-01 10:41:00,581.45,581.6,581.45,581.6,1612.289962,581.6267,69,
2026-04-01 10:42:00,581.6,581.62,581.5,581.5,3560.0,581.5524,86,
2026-04-01 10:43:00,581.49,581.5,581.42,581.42,2949.029508,581.4897,37,
2026-04-01 10:44:00,581.45,581.61,581.45,581.57,2344.0,581.5402,56,
2026-04-01 10:45:00,581.62,581.87,581.62,581.8412,4593.248541,581.8077,140,
2026-04-01 10:46:00,581.92,582.3,581.9,582.2105,8851.481191,582.1185,231,
2026-04-01 10:47:00,582.19,582.32,582.1,582.3,8699.013109,582.2454,112,
2026-04-01 10:48:00,582.3296,582.41,582.27,582.31,3117.037434,582.3418,85,
2026-04-01 10:49:00,582.25,582.5,582.25,582.5,3926.026254,582.3394,88,
2026-04-01 10:50:00,582.5,582.69,582.4735,582.6243,25846.091777,582.558,240,
2026-04-01 10:51:00,582.6253,582.71,582.5467,582.58,10947.021885,582.6322,81,
2026-04-01 10:52:00,582.63,582.64,582.41,582.48,4334.066588,582.5207,74,
2026-04-01 10:53:00,582.5,582.55,582.33,582.33,1893.897384,582.7619,60,
2026-04-01 10:54:00,582.27,582.47,582.27,582.47,3413.031866,582.3334,81,
2026-04-01 10:55:00,582.47,582.47,582.05,582.07,11958.49352,582.2214,232,
2026-04-01 10:56:00,582.07,582.2,582.0317,582.1964,3528.182297,582.1462,82,
2026-04-01 10:57:00,582.3635,582.44,582.3,582.42,5446.048129,582.3713,77,
2026-04-01 10:58:00,582.35,582.41,582.2864,582.33,3551.011212,582.3475,99,
2026-04-01 10:59:00,582.35,582.68,582.35,582.43,4082.091827,582.5139,97,
2026-04-01 11:00:00,582.41,582.5462,582.326,582.4214,15702.048768,582.4543,181,
2026-04-01 11:01:00,582.43,582.53,582.34,582.53,5188.004383,582.4439,84,
2026-04-01 11:02:00,582.5,582.72,582.49,582.68,7328.039424,582.5844,139,
2026-04-01 11:03:00,582.6152,582.91,582.6152,582.8,16824.024267,582.781,246,
2026-04-01 11:04:00,582.8,582.95,582.66,582.9,22345.02452,582.7904,317,
2026-04-01 11:05:00,582.85,582.95,582.83,582.9033,6780.112071,582.9187,93,
2026-04-01 11:06:00,582.88,582.91,582.82,582.9,2770.0,582.8838,69,
2026-04-01 11:07:00,582.8,582.83,582.7,582.79,5249.001115,582.7715,94,
2026-04-01 11:08:00,582.79,582.95,582.77,582.9165,9235.324863,582.8795,87,
2026-04-01 11:09:00,582.97,582.9831,582.85,582.8552,1594.095829,582.9462,47,
2026-04-01 11:10:00,582.88,582.9,582.78,582.8187,2071.944365,583.1016,50,
2026-04-01 11:11:00,582.7822,583.0,582.73,582.92,17866.039891,582.9512,206,
2026-04-01 11:12:00,582.9,583.07,582.88,583.0,6143.030798,582.9949,112,
2026-04-01 11:13:00,583.02,583.03,582.95,582.952,9492.198366,583.0002,118,
2026-04-01 11:14:00,582.96,583.19,582.95,583.13,5932.106049,583.1162,130,
2026-04-01 11:15:00,583.13,583.26,583.07,583.1,6143.030901,583.1638,140,
2026-04-01 11:16:00,583.07,583.0896,582.9,583.0,7571.017695,582.9602,116,
2026-04-01 11:17:00,582.96,582.98,582.86,582.966,26842.022054,582.9089,209,
2026-04-01 11:18:00,582.93,582.93,582.81,582.87,3946.422342,582.9396,84,
2026-04-01 11:19:00,582.8854,583.15,582.8839,583.15,7942.030834,583.0649,127,
2026-04-01 11:20:00,583.17,583.19,583.0,583.0696,4252.004409,583.0779,84,
2026-04-01 11:21:00,583.0191,583.15,582.97,583.059,3431.740617,583.1747,57,
2026-04-01 11:22:00,583.07,583.08,582.8,582.92,4856.113661,582.9153,102,
2026-04-01 11:23:00,582.92,583.01,582.89,582.96,4390.0,582.9632,65,
2026-04-01 11:24:00,582.99,583.1,582.9039,583.0885,2706.711002,583.1605,82,
2026-04-01 11:25:00,583.0,583.28,583.0,583.268,3556.079507,583.1577,114,
2026-04-01 11:26:00,583.28,583.32,583.16,583.2269,11220.28581,583.2459,134,
2026-04-01 11:27:00,583.22,583.22,583.04,583.1603,5858.0,583.1625,71,
2026-04-01 11:28:00,583.18,583.24,582.94,582.95,6994.022149,583.107,118,
2026-04-01 11:29:00,582.99,583.0665,582.96,583.0,5100.5,583.0504,99,
2026-04-01 11:30:00,583.02,583.19,582.92,583.19,6580.051009,583.0253,110,
2026-04-01 11:31:00,583.11,583.25,583.07,583.17,10153.013279,583.1517,121,
2026-04-01 11:32:00,583.22,583.27,583.07,583.12,6759.051842,583.1512,135,
2026-04-01 11:33:00,583.1,583.25,583.08,583.15,4950.0,583.1524,84,
2026-04-01 11:34:00,583.12,583.28,583.11,583.28,16112.001114,583.1607,185,
2026-04-01 11:35:00,583.24,583.47,583.24,583.3596,33230.722034,583.3831,321,
2026-04-01 11:36:00,583.36,583.54,583.36,583.44,10691.088272,583.4584,208,
2026-04-01 11:37:00,583.38,583.61,583.3493,583.5761,5373.569325,583.5599,138,
2026-04-01 11:38:00,583.56,583.7886,583.56,583.7,4927.021986,583.6978,126,
2026-04-01 11:39:00,583.68,583.77,583.65,583.71,10833.814436,583.7633,125,
2026-04-01 11:40:00,583.7481,583.79,583.68,583.77,16027.999391,583.7848,137,
2026-04-01 11:41:00,583.76,583.85,583.7,583.74,11779.437797,583.8206,100,
2026-04-01 11:42:00,583.799,583.8,583.4,583.4495,22927.781305,583.6533,339,
2026-04-01 11:43:00,583.43,583.62,583.39,583.55,12846.929771,583.502,197,
2026-04-01 11:44:00,583.55,583.78,583.55,583.68,11045.069971,583.7033,199,
2026-04-01 11:45:00,583.68,583.75,583.52,583.7078,8340.212208,583.633,180,
2026-04-01 11:46:00,583.69,583.7,583.6,583.62,3902.728361,583.7525,117,
2026-04-01 11:47:00,583.55,583.65,583.5,583.53,5329.0,583.5466,113,
2026-04-01 11:48:00,583.5,583.69,583.47,583.6201,21183.0078,583.5701,181,
2026-04-01 11:49:00,583.6232,583.79,583.49,583.79,6949.495817,583.6462,122,
2026-04-01 11:50:00,583.77,583.85,583.7,583.7,15174.017756,583.7746,148,
2026-04-01 11:51:00,583.74,583.8,583.73,583.7922,1084.0,583.7682,40,
2026-04-01 11:52:00,583.7993,584.04,583.74,584.04,38814.155897,583.8888,331,
2026-04-01 11:53:00,584.04,584.16,583.8719,583.9501,6992.040067,584.0044,146,
2026-04-01 11:54:00,583.95,583.95,583.8451,583.89,2534.007862,583.8857,75,
2026-04-01 11:55:00,583.92,584.15,583.91,584.0665,6930.214347,584.0155,92,
2026-04-01 11:56:00,584.0461,584.24,584.0461,584.08,7358.039903,584.1696,158,
2026-04-01 11:57:00,584.0543,584.23,583.98,584.23,11449.022858,584.1005,145,
2026-04-01 11:58:00,584.24,584.3,584.11,584.12,4393.979425,584.3623,106,
2026-04-01 11:59:00,584.01,584.0361,583.94,583.9737,2666.022199,583.99,107,
2026-04-01 12:00:00,583.95,583.98,583.7004,583.98,35069.282368,582.719,408,
2026-04-01 12:01:00,583.9661,584.03,583.75,584.0,9121.356576,583.9423,547,
2026-04-01 12:02:00,584.0,584.0,583.74,583.83,17512.585169,583.7213,204,
2026-04-01 12:03:00,583.85,583.85,583.57,583.62,10672.701804,583.6914,188,
2026-04-01 12:04:00,583.61,583.83,583.58,583.64,9943.451432,583.7223,156,
2026-04-01 12:05:00,583.7601,584.06,583.7601,583.9,19854.072778,583.4235,253,
2026-04-01 12:06:00,583.9,584.04,576.748,583.93,5009.101137,583.6931,133,
2026-04-01 12:07:00,583.95,583.97,583.81,583.82,5326.575045,583.9641,115,
2026-04-01 12:08:00,583.8187,583.82,583.55,583.55,10229.163849,583.6399,159,
2026-04-01 12:09:00,583.56,583.66,583.53,583.62,4037.867694,583.7338,78,
2026-04-01 12:10:00,583.63,583.7,583.51,583.58,6554.36912,583.6151,95,
2026-04-01 12:11:00,583.52,583.57,583.4,583.43,7489.951695,583.5422,164,
2026-04-01 12:12:00,583.49,583.5,583.39,583.41,4559.880797,583.557,112,
2026-04-01 12:13:00,583.41,583.44,583.3,583.31,7554.538456,583.1609,164,
2026-04-01 12:14:00,583.304,583.44,583.3,583.4399,14938.213436,583.3732,141,
2026-04-01 12:15:00,583.37,583.5991,583.35,583.5,11517.238451,583.5743,75,
2026-04-01 12:16:00,583.4673,583.64,583.3678,583.52,6450.411637,583.4903,115,
2026-04-01 12:17:00,583.52,583.52,583.345,583.3987,7065.356946,583.4081,133,
2026-04-01 12:18:00,583.4051,583.48,583.4,583.46,6476.864792,583.5368,106,
2026-04-01 12:19:00,583.46,583.52,583.41,583.44,12979.727806,583.4879,141,
2026-04-01 12:20:00,583.44,583.44,583.19,583.26,6333.231577,583.314,181,
2026-04-01 12:21:00,583.2952,583.32,582.96,583.0597,34147.453379,583.0845,371,
2026-04-01 12:22:00,583.01,583.09,582.75,582.9318,25719.625891,582.957,292,
2026-04-01 12:23:00,582.91,583.06,582.88,582.94,11104.186861,582.9557,204,
2026-04-01 12:24:00,582.9,582.98,582.87,582.93,18734.951816,582.9602,172,
2026-04-01 12:25:00,582.93,583.0,582.87,582.88,7370.375061,582.9721,146,
2026-04-01 12:26:00,582.84,582.85,582.55,582.6236,33223.297443,582.7071,347,
2026-04-01 12:27:00,582.62,582.67,582.41,582.49,22679.273586,582.4736,263,
2026-04-01 12:28:00,582.49,582.82,582.33,582.8,9912.941958,582.6403,203,
2026-04-01 12:29:00,582.88,582.93,582.77,582.78,11597.383909,582.9175,126,
2026-04-01 12:30:00,582.84,583.15,582.62,582.8,37736.941611,582.9765,214,
2026-04-01 12:31:00,582.76,582.7992,582.5,582.67,18497.422822,582.5675,207,
2026-04-01 12:32:00,582.62,582.75,582.5527,582.57,5721.857743,582.7377,118,
2026-04-01 12:33:00,582.63,582.74,582.53,582.61,2776.914002,582.843,87,
2026-04-01 12:34:00,582.54,582.73,582.54,582.73,3433.035024,582.6082,80,
2026-04-01 12:35:00,582.71,582.94,582.67,582.9,7085.048847,582.8201,160,
2026-04-01 12:36:00,582.85,582.85,582.43,582.57,24354.556219,582.5729,289,
2026-04-01 12:37:00,582.52,582.52,582.06,582.1,18609.802263,582.2411,382,
2026-04-01 12:38:00,582.04,582.21,581.94,582.12,18897.636612,582.0672,355,
2026-04-01 12:39:00,582.12,582.23,582.0,582.06,10001.191548,582.1384,177,
2026-04-01 12:40:00,582.0,582.45,582.0,582.44,6637.2568,582.2386,187,
2026-04-01 12:41:00,582.39,582.39,582.1822,582.1822,3435.971698,582.4539,86,
2026-04-01 12:42:00,582.24,582.31,582.08,582.11,9393.259677,582.1777,156,
2026-04-01 12:43:00,582.1495,582.15,582.01,582.05,5741.527617,582.1412,109,
2026-04-01 12:44:00,582.11,585.19,581.91,583.75,194608.856767,583.8112,2699,
2026-04-01 12:45:00,583.78,584.95,581.71,583.16,235266.25494,583.1673,3278,
2026-04-01 12:46:00,583.2894,584.0,582.3,582.62,38776.390891,582.623,507,
2026-04-01 12:47:00,582.59,582.65,582.23,582.5,23101.335633,582.3898,330,
2026-04-01 12:48:00,582.53,582.67,581.45,581.45,55065.816086,581.8913,754,
2026-04-01 12:49:00,581.45,581.5897,581.13,581.4101,43340.413784,581.3673,604,
2026-04-01 12:50:00,581.3883,581.8199,581.21,581.2722,27597.380222,581.4637,387,
2026-04-01 12:51:00,581.43,581.7,580.9,580.9,34254.659707,581.2834,561,
2026-04-01 12:52:00,580.91,581.345,580.89,581.31,34643.284999,581.1274,355,
2026-04-01 12:53:00,581.3,581.32,580.94,581.1,13726.642661,581.1723,173,
2026-04-01 12:54:00,580.9,581.01,580.63,580.81,32038.386817,580.8296,370,
2026-04-01 12:55:00,580.79,581.1,580.56,581.0,17086.05856,580.9116,338,
2026-04-01 12:56:00,581.0,581.18,580.77,580.98,31425.631428,580.9765,397,
2026-04-01 12:57:00,580.96,581.19,580.81,580.89,37149.975142,581.0067,426,
2026-04-01 12:58:00,580.9086,580.9781,580.72,580.72,13127.516985,580.8472,229,
2026-04-01 12:59:00,580.79,580.94,580.68,580.84,7268.302451,580.7978,189,
2026-04-01 13:00:00,580.86,580.86,580.56,580.68,36930.202572,580.7209,382,
2026-04-01 13:01:00,580.66,580.9,580.4,580.89,40125.600734,580.7112,511,
2026-04-01 13:02:00,580.93,580.93,580.63,580.77,10283.025093,580.8559,158,
2026-04-01 13:03:00,580.72,581.05,580.72,580.91,17715.024081,580.9694,181,
2026-04-01 13:04:00,580.9,580.9,580.55,580.595,6463.725179,580.6955,126,
2026-04-01 13:05:00,580.62,580.63,580.34,580.55,9325.185487,580.4891,253,
2026-04-01 13:06:00,580.51,580.51,580.26,580.34,39158.788429,580.3707,318,
2026-04-01 13:07:00,580.35,580.57,580.2756,580.44,7455.757299,580.4864,148,
2026-04-01 13:08:00,580.44,580.56,580.32,580.4907,11093.962647,580.471,200,
2026-04-01 13:09:00,580.46,580.6257,580.37,580.59,12078.766211,580.5919,193,
2026-04-01 13:10:00,580.66,581.04,580.55,580.84,17306.559585,580.8164,325,
2026-04-01 13:11:00,580.81,581.15,580.74,581.075,19590.401884,580.9543,271,
2026-04-01 13:12:00,581.0308,581.1999,580.85,581.14,12718.626641,581.0397,234,
2026-04-01 13:13:00,581.0815,581.4,581.0815,581.25,23522.932987,581.3167,337,
2026-04-01 13:14:00,581.26,581.28,580.9,580.99,10385.984854,581.1155,198,
2026-04-01 13:15:00,581.0,581.1,580.87,580.94,16082.598251,581.0352,263,
2026-04-01 13:16:00,580.97,581.43,580.97,581.43,11942.824754,581.337,221,
2026-04-01 13:17:00,581.49,581.5,581.29,581.34,13033.125565,581.4271,179,
2026-04-01 13:18:00,581.34,581.56,581.29,581.31,20776.367741,581.4868,181,
2026-04-01 13:19:00,581.28,581.52,581.23,581.52,15297.469329,581.3612,194,
2026-04-01 13:20:00,581.45,581.52,581.24,581.3611,14152.863115,581.4483,147,
2026-04-01 13:21:00,581.37,581.39,580.85,580.88,6728.554188,581.0892,215,
2026-04-01 13:22:00,580.91,581.19,580.73,581.19,10349.829926,581.0317,249,
2026-04-01 13:23:00,581.18,581.28,581.11,581.17,5599.119852,581.22,120,
2026-04-01 13:24:00,581.26,581.3,581.2305,581.3,11062.55333,581.3255,71,
2026-04-01 13:25:00,581.35,581.6,581.09,581.27,18014.548887,581.3856,320,
2026-04-01 13:26:00,581.26,581.55,581.26,581.45,10614.369927,581.4621,133,
2026-04-01 13:27:00,581.5,581.79,581.47,581.74,22719.263269,581.7443,227,
2026-04-01 13:28:00,581.77,581.98,581.51,581.75,23861.266014,581.7336,274,
2026-04-01 13:29:00,581.75,581.75,581.39,581.54,28827.395628,581.5394,275,
2026-04-01 13:30:00,581.48,581.87,580.71,581.37,888913.047057,581.4668,17550,
2026-04-01 13:31:00,581.39,581.42,580.42,581.01,434226.117062,580.9672,6550,
2026-04-01 13:32:00,581.08,582.39,581.03,582.36,444075.066971,581.9198,6108,
2026-04-01 13:33:00,582.33,582.86,582.19,582.8,357179.196527,582.4324,6340,
2026-04-01 13:34:00,582.78,583.3,582.75,583.14,333916.533518,583.051,6164,
2026-04-01 13:35:00,583.14,583.22,582.64,583.17,267189.799334,583.0222,4581,
2026-04-01 13:36:00,583.15,583.65,582.91,583.33,315902.404752,583.3926,5367,
2026-04-01 13:37:00,583.33,583.6,583.14,583.59,252936.525115,583.34,3898,
2026-04-01 13:38:00,583.61,583.9,583.52,583.8,201164.647361,583.7058,3080,
2026-04-01 13:39:00,583.795,584.026,583.7,583.84,319419.505803,583.8283,4777,
2026-04-01 13:40:00,583.87,583.87,583.015,583.13,407789.122125,583.2979,5998,
2026-04-01 13:41:00,583.1,583.33,582.99,583.14,366088.389577,583.1055,4904,
2026-04-01 13:42:00,583.17,583.5581,581.71,581.85,484508.041886,582.5407,8184,
2026-04-01 13:43:00,581.86,581.99,581.03,581.04,316034.368719,581.4687,5804,
2026-04-01 13:44:00,581.03,581.72,581.03,581.66,261069.098543,581.36,5025,
2026-04-01 13:45:00,581.66,582.33,581.37,581.42,233282.69221,581.8674,5049,
2026-04-01 13:46:00,581.4,581.8,581.3,581.5392,183084.475956,581.5414,4721,
2026-04-01 13:47:00,581.56,581.64,580.9,580.94,230432.722184,581.2651,5639,
2026-04-01 13:48:00,580.93,581.42,580.8,581.05,421880.528609,581.0016,5916,
2026-04-01 13:49:00,581.05,581.23,580.8401,581.13,197430.780089,581.0303,4547,
2026-04-01 13:50:00,581.13,581.76,580.93,581.67,235634.64993,581.2734,5622,
2026-04-01 13:51:00,581.7,582.22,581.65,582.02,188533.214609,582.0102,4500,
2026-04-01 13:52:00,582.02,582.3,581.57,582.11,227549.895592,581.992,5430,
2026-04-01 13:53:00,582.14,582.73,582.04,582.27,300473.684829,582.3067,6311,
2026-04-01 13:54:00,582.27,582.3091,581.65,581.7,167132.626888,581.9591,4345,
2026-04-01 13:55:00,581.71,582.09,581.37,581.92,159385.661643,581.6657,4405,
2026-04-01 13:56:00,581.94,582.12,581.66,581.84,105145.898444,581.8713,3753,
2026-04-01 13:57:00,581.85,582.43,581.7301,581.96,100760.478896,582.1218,3177,
2026-04-01 13:58:00,581.925,582.25,581.87,582.16,78579.781743,582.0546,2822,
2026-04-01 13:59:00,582.12,582.26,581.83,582.1799,86747.556771,582.0263,2816,
2026-04-01 14:00:00,582.18,582.72,581.95,582.3199,214852.722098,582.2843,4868,
2026-04-01 14:01:00,582.33,583.12,582.27,582.87,196770.062669,582.714,4671,
2026-04-01 14:02:00,582.88,583.05,582.63,582.99,146503.43662,582.8489,3998,
2026-04-01 14:03:00,582.96,583.37,582.72,582.85,180678.730714,583.0747,4270,
2026-04-01 14:04:00,582.84,583.13,582.54,582.88,146365.819463,582.8594,3698,
2026-04-01 14:05:00,582.9,583.305,582.89,583.09,205892.179397,583.0743,4282,
2026-04-01 14:06:00,583.09,583.09,582.26,582.5998,173822.442715,582.5815,4289,
2026-04-01 14:07:00,582.58,583.36,582.52,583.2,285194.1126,583.0888,5656,
2026-04-01 14:08:00,583.19,583.5898,583.04,583.34,394600.938452,581.7605,5489,
2026-04-01 14:09:00,583.32,583.46,582.96,583.17,210696.064466,583.1745,4721,
2026-04-01 14:10:00,583.16,583.36,582.6,582.98,230935.062773,582.9238,4996,
2026-04-01 14:11:00,582.93,582.93,582.52,582.58,162818.344998,582.6786,4211,
2026-04-01 14:12:00,582.58,583.29,582.5,583.19,139644.683349,583.0534,3959,
2026-04-01 14:13:00,583.19,583.23,582.76,582.94,114286.676066,582.9558,3357,
2026-04-01 14:14:00,582.93,583.37,582.86,583.31,160064.064318,583.1669,3749,
2026-04-01 14:15:00,583.31,583.8,583.23,583.68,177586.858746,583.5585,4332,
2026-04-01 14:16:00,583.66,583.72,583.28,583.5,133556.498424,583.4888,3740,
2026-04-01 14:17:00,583.5,583.678,583.1725,583.3,128024.805325,583.411,3438,
2026-04-01 14:18:00,583.29,583.62,583.23,583.49,116690.158641,583.4501,3147,
2026-04-01 14:19:00,583.49,583.66,583.02,583.63,144087.953943,583.3396,3664,
2026-04-01 14:20:00,583.61,583.77,583.07,583.16,240516.552429,583.3486,5087,
2026-04-01 14:21:00,583.17,583.89,583.15,583.78,179108.172857,583.4993,4088,
2026-04-01 14:22:00,583.75,584.36,583.665,584.2392,395090.684268,582.3289,5733,
2026-04-01 14:23:00,584.2,584.25,583.76,584.11,168629.940321,583.9958,4169,
2026-04-01 14:24:00,584.12,584.18,583.21,583.58,252122.725653,583.7171,4905,
2026-04-01 14:25:00,583.585,584.08,583.49,584.03,164907.092157,583.6978,3808,
2026-04-01 14:26:00,584.04,584.07,583.47,583.57,140975.155198,583.6587,3907,
2026-04-01 14:27:00,583.55,583.87,583.5,583.62,113705.059821,583.7007,3482,
2026-04-01 14:28:00,583.59,583.93,583.56,583.77,91222.095235,583.7513,2997,
2026-04-01 14:29:00,583.75,583.9,583.68,583.83,97357.96499,583.7989,2950,
2026-04-01 14:30:00,583.84,584.31,583.76,584.26,174874.960461,584.0109,4297,
2026-04-01 14:31:00,584.26,584.53,584.11,584.33,184493.773934,584.3321,4081,
2026-04-01 14:32:00,584.33,584.4,583.98,584.0,211496.167752,584.2258,5010,
2026-04-01 14:33:00,584.0,584.085,583.17,583.44,283908.263691,583.5861,5851,
2026-04-01 14:34:00,583.45,583.56,583.0,583.15,328290.728791,583.3392,5621,
2026-04-01 14:35:00,583.15,583.16,582.59,582.97,325520.745933,582.9594,5965,
2026-04-01 14:36:00,582.96,583.1,582.52,582.85,269838.63153,580.721,4054,
2026-04-01 14:37:00,582.8451,583.09,582.53,583.01,145807.046643,582.8453,3777,
2026-04-01 14:38:00,582.98,583.74,582.95,583.52,185817.587039,583.4593,4028,
2026-04-01 14:39:00,583.53,585.13,583.47,584.435,545224.839281,584.414,9805,
2026-04-01 14:40:00,584.43,584.46,583.38,583.85,220464.428405,583.8381,5116,
2026-04-01 14:41:00,583.86,584.1,583.61,584.06,112406.731474,583.8966,3269,
2026-04-01 14:42:00,584.05,584.69,583.935,584.47,289257.055546,583.9487,4605,
2026-04-01 14:43:00,584.4,584.67,584.08,584.21,114294.342173,584.297,3486,
2026-04-01 14:44:00,584.22,584.38,583.99,584.27,135456.875973,584.1528,3451,
2026-04-01 14:45:00,584.279,584.45,584.01,584.175,94565.977118,584.1591,3251,
2026-04-01 14:46:00,584.17,584.2,583.57,583.8,129901.013924,583.9324,3646,
2026-04-01 14:47:00,583.8307,584.32,583.64,584.26,108043.6746,583.9479,3183,
2026-04-01 14:48:00,584.25,584.58,584.225,584.57,120435.826793,584.4012,3367,
2026-04-01 14:49:00,584.56,585.14,584.51,584.95,354790.560033,584.517,4295,
2026-04-01 14:50:00,584.94,585.02,584.76,584.84,229473.696204,584.9182,4554,
2026-04-01 14:51:00,584.84,585.06,584.4807,584.87,332828.445481,582.4878,4727,
2026-04-01 14:52:00,584.88,585.22,584.88,585.065,228885.392379,585.0387,5116,
2026-04-01 14:53:00,585.06,585.57,585.03,585.4499,246406.391357,585.2999,5238,
2026-04-01 14:54:00,585.44,585.57,585.2,585.2501,280884.600909,585.4041,5512,
2026-04-01 14:55:00,585.24,585.32,585.0,585.04,308330.166325,585.1899,4244,
2026-04-01 14:56:00,585.03,585.3899,584.9,585.36,228063.478565,585.1155,4383,
2026-04-01 14:57:00,585.345,585.62,585.32,585.4899,185543.412571,585.4714,3835,
2026-04-01 14:58:00,585.485,585.8,585.37,585.67,158033.734608,585.623,3842,
2026-04-01 14:59:00,585.66,585.71,585.35,585.57,202623.016739,585.5397,4009,
2026-04-01 15:00:00,585.57,585.71,585.36,585.705,143956.727256,585.5168,3576,
2026-04-01 15:01:00,585.71,585.88,585.53,585.79,192262.648354,585.7166,4121,
2026-04-01 15:02:00,585.79,586.09,585.755,585.87,233737.652733,585.9255,4891,
2026-04-01 15:03:00,585.87,585.945,585.65,585.755,179678.845478,585.8181,4379,
2026-04-01 15:04:00,585.755,585.865,585.52,585.59,152020.748859,585.7332,3683,
2026-04-01 15:05:00,585.56,585.86,585.455,585.83,139294.205142,585.6332,3577,
2026-04-01 15:06:00,585.85,586.22,585.57,585.72,266708.272953,585.9277,5716,
2026-04-01 15:07:00,585.73,586.14,585.67,586.12,110754.310247,585.8888,3291,
2026-04-01 15:08:00,586.075,586.125,585.91,586.055,125024.193398,586.0449,3442,
2026-04-01 15:09:00,586.055,586.205,586.045,586.105,304909.377241,583.1644,4465,
2026-04-01 15:10:00,586.1,586.13,585.66,585.69,189300.712635,585.8311,4170,
2026-04-01 15:11:00,585.7,586.03,585.65,585.9,214496.971464,585.8304,4644,
2026-04-01 15:12:00,585.89,586.05,585.64,585.99,146160.409634,585.8962,3475,
2026-04-01 15:13:00,585.99,586.06,585.81,585.83,155523.251733,585.9761,3696,
2026-04-01 15:14:00,585.835,585.88,585.615,585.705,199832.573634,585.7672,4416,
2026-04-01 15:15:00,585.72,585.86,585.52,585.65,122693.994859,585.6981,3148,
2026-04-01 15:16:00,585.64,585.78,585.55,585.7,101144.971233,585.6671,2586,
2026-04-01 15:17:00,585.7,585.745,585.5,585.585,125757.05747,585.6275,3116,
2026-04-01 15:18:00,585.58,585.95,585.57,585.93,140687.241317,585.7821,3495,
2026-04-01 15:19:00,585.91,586.045,585.87,586.005,185355.808093,585.9618,4093,
2026-04-01 15:20:00,585.98,586.07,585.9025,585.97,144293.368222,585.9916,3399,
2026-04-01 15:21:00,585.985,586.12,585.6974,585.75,102341.772209,585.925,2953,
2026-04-01 15:22:00,585.765,586.04,585.765,586.03,69751.289511,585.9305,2840,
2026-04-01 15:23:00,586.03,586.16,586.03,586.07,122242.730191,586.1209,3372,
2026-04-01 15:24:00,586.0701,586.08,585.59,585.76,169157.998233,585.8235,3949,
2026-04-01 15:25:00,585.78,585.84,585.64,585.76,93213.263563,585.7471,3043,
2026-04-01 15:26:00,585.76,586.02,585.735,585.86,172415.53921,585.8578,4106,
2026-04-01 15:27:00,585.86,585.87,585.5,585.6099,119305.99058,585.6766,3426,
2026-04-01 15:28:00,585.61,585.77,585.35,585.67,186647.743637,585.624,3637,
2026-04-01 15:29:00,585.63,585.6401,585.295,585.31,233272.009955,581.9085,3454,
2026-04-01 15:30:00,585.32,585.36,584.85,584.985,250305.646436,585.0775,5103,
2026-04-01 15:31:00,584.98,585.65,584.98,585.58,166960.371971,585.4,3771,
2026-04-01 15:32:00,585.57,585.66,585.35,585.52,86567.767583,585.5009,2882,
2026-04-01 15:33:00,585.55,585.55,585.29,585.4501,58751.354143,585.4119,2398,
2026-04-01 15:34:00,585.455,585.64,585.36,585.57,205737.009665,581.4533,2728,
2026-04-01 15:35:00,585.58,586.06,585.5576,585.96,199852.519804,585.908,4431,
2026-04-01 15:36:00,585.96,586.19,585.85,586.16,174360.098828,586.047,4009,
2026-04-01 15:37:00,586.14,586.28,585.8689,585.96,350380.648472,586.1587,6046,
2026-04-01 15:38:00,585.97,586.05,585.8113,585.97,90720.513678,585.9374,2772,
2026-04-01 15:39:00,585.98,586.12,585.93,586.12,77841.480368,586.0379,2717,
2026-04-01 15:40:00,586.1,586.12,585.69,585.77,93836.070314,585.9256,2932,
2026-04-01 15:41:00,585.78,585.96,585.75,585.81,90972.478936,585.8881,2398,
2026-04-01 15:42:00,585.82,585.98,585.795,585.9301,150381.07921,585.9075,2565,
2026-04-01 15:43:00,585.94,586.15,585.88,586.13,263929.003942,585.982,3209,
2026-04-01 15:44:00,586.15,586.355,586.07,586.28,141592.16312,586.2415,2312,
2026-04-01 15:45:00,586.27,586.57,586.25,586.37,232201.662404,586.3917,3006,
2026-04-01 15:46:00,586.38,586.46,586.2,586.2,96074.733268,586.3432,1819,
2026-04-01 15:47:00,586.21,586.42,586.08,586.39,115363.174469,586.2233,1989,
2026-04-01 15:48:00,586.395,586.42,586.23,586.3,67430.627925,586.3286,1283,
2026-04-01 15:49:00,586.29,586.41,586.23,586.26,83367.701116,586.3295,1533,
2026-04-01 15:50:00,586.27,586.45,586.1566,586.2102,135302.978266,586.2324,2226,
2026-04-01 15:51:00,586.22,586.45,586.11,586.36,79516.897676,586.3203,1457,
2026-04-01 15:52:00,586.35,586.495,586.34,586.355,59805.098884,586.4263,1308,
2026-04-01 15:53:00,586.36,586.66,586.35,586.575,171117.556844,586.5291,2690,
2026-04-01 15:54:00,586.57,586.64,586.51,586.57,78693.283103,586.5846,1473,
2026-04-01 15:55:00,586.565,586.8,586.53,586.8,160279.13843,586.6979,2357,
2026-04-01 15:56:00,586.81,587.165,586.8,587.0,387298.590043,584.473,4039,
2026-04-01 15:57:00,586.995,587.18,586.97,587.06,148606.067328,587.0661,2106,
2026-04-01 15:58:00,587.05,587.18,586.99,587.135,108370.700943,587.1127,1604,
2026-04-01 15:59:00,587.14,587.15,586.87,586.875,143169.691481,586.9712,2327,
2026-04-01 16:00:00,586.88,586.966,586.78,586.835,103269.745134,586.8912,1801,
2026-04-01 16:01:00,586.83,587.02,586.79,587.0,117474.256885,586.9041,1876,
2026-04-01 16:02:00,587.02,587.1099,586.9,586.93,98869.889092,587.0082,1761,
2026-04-01 16:03:00,586.93,586.94,586.7,586.715,154069.490215,586.825,2468,
2026-04-01 16:04:00,586.71,586.91,586.6599,586.9,99156.692518,586.7722,1739,
2026-04-01 16:05:00,586.91,586.95,586.835,586.92,134596.415133,586.905,2063,
2026-04-01 16:06:00,586.93,587.1,586.82,586.885,122187.756899,586.975,2210,
2026-04-01 16:07:00,586.89,587.05,586.755,586.78,139393.435879,586.897,2358,
2026-04-01 16:08:00,586.78,586.9098,586.73,586.84,206377.59342,582.1109,1870,
2026-04-01 16:09:00,586.85,587.19,586.845,587.14,98435.426427,587.0372,1572,
2026-04-01 16:10:00,587.15,587.2,587.04,587.1,124071.717951,587.1099,1829,
2026-04-01 16:11:00,587.11,587.12,586.69,586.82,204750.397572,586.8694,3569,
2026-04-01 16:12:00,586.83,586.83,586.55,586.6599,244300.253414,582.748,2561,
2026-04-01 16:13:00,586.66,586.915,586.6599,586.775,83981.300922,586.7871,1551,
2026-04-01 16:14:00,586.78,586.8,586.5,586.605,156003.163463,586.6734,2012,
2026-04-01 16:15:00,586.5875,586.78,586.5,586.74,111114.727189,586.6206,1561,
2026-04-01 16:16:00,586.73,586.75,586.44,586.56,100596.33957,586.5401,1726,
2026-04-01 16:17:00,586.535,586.635,586.47,586.6,107609.642434,586.5477,1635,
2026-04-01 16:18:00,586.6,587.0,586.55,586.99,212113.653223,586.8214,3173,
2026-04-01 16:19:00,586.99,587.26,586.98,587.11,149419.477414,587.1392,2567,
2026-04-01 16:20:00,587.095,587.11,586.85,586.89,77313.49185,586.9904,1748,
2026-04-01 16:21:00,586.89,586.99,586.845,586.93,43738.755273,586.9333,1105,
2026-04-01 16:22:00,586.93,587.0301,586.89,586.91,48836.60363,586.9726,1066,
2026-04-01 16:23:00,586.95,587.065,586.88,586.96,56145.212666,586.9869,1022,
2026-04-01 16:24:00,586.97,587.02,586.79,586.81,47723.227896,586.9454,1178,
2026-04-01 16:25:00,586.84,586.87,586.73,586.79,49539.164264,586.8079,1034,
2026-04-01 16:26:00,586.82,586.8601,586.75,586.8,57778.181855,586.7985,1094,
2026-04-01 16:27:00,586.79,586.995,586.69,586.9699,92047.455767,586.8424,1400,
2026-04-01 16:28:00,586.96,587.06,586.73,586.77,233134.539708,582.6882,1532,
2026-04-01 16:29:00,586.75,586.75,586.59,586.665,121477.41064,586.6639,1829,
2026-04-01 16:30:00,586.68,586.805,586.53,586.69,78381.208767,586.6896,1293,
2026-04-01 16:31:00,586.71,586.74,586.335,586.35,104543.922562,586.5287,1777,
2026-04-01 16:32:00,586.36,586.62,586.27,586.39,99946.687608,586.4581,1634,
2026-04-01 16:33:00,586.39,586.55,586.36,586.445,52155.986644,586.4844,1020,
2026-04-01 16:34:00,586.455,586.75,586.455,586.7101,92656.299123,586.6728,1564,
2026-04-01 16:35:00,586.72,586.94,586.7,586.865,126108.320403,586.8152,1521,
2026-04-01 16:36:00,586.86,587.04,586.82,587.035,140388.350698,586.8712,1464,
2026-04-01 16:37:00,587.04,587.04,586.9,586.97,44972.362713,586.9548,829,
2026-04-01 16:38:00,586.98,587.02,586.88,586.92,56581.898223,586.9486,981,
2026-04-01 16:39:00,586.92,586.94,586.79,586.835,48169.137998,586.8791,847,
2026-04-01 16:40:00,586.82,586.9465,586.82,586.9,133309.72065,586.8177,1208,
2026-04-01 16:41:00,586.89,587.03,586.805,586.945,64749.738466,586.9191,1153,
2026-04-01 16:42:00,586.95,587.04,586.87,587.02,79532.398012,586.9606,1258,
2026-04-01 16:43:00,587.0101,587.13,586.97,587.085,120589.901085,587.0703,1917,
2026-04-01 16:44:00,587.09,587.24,587.0801,587.18,111253.535307,587.1662,1535,
2026-04-01 16:45:00,587.18,587.25,587.13,587.1403,106020.274627,587.1921,1593,
2026-04-01 16:46:00,587.15,587.15,586.8782,587.0303,95926.992694,587.0238,1534,
2026-04-01 16:47:00,587.03,587.22,587.03,587.19,43454.500859,587.1358,839,
2026-04-01 16:48:00,587.2,587.2,587.06,587.07,35524.766681,587.1251,713,
2026-04-01 16:49:00,587.06,587.2,587.05,587.13,55437.425892,587.1326,917,
2026-04-01 16:50:00,587.16,587.31,587.155,587.225,116146.170615,586.5867,1287,
2026-04-01 16:51:00,587.217,587.26,587.09,587.16,67713.522912,587.1778,1146,
2026-04-01 16:52:00,587.18,587.2,587.075,587.09,48004.454465,587.1325,837,
2026-04-01 16:53:00,587.09,587.21,587.09,587.15,50461.615854,587.1745,887,
2026-04-01 16:54:00,587.14,587.255,587.14,587.19,40376.699841,587.2155,768,
2026-04-01 16:55:00,587.17,587.185,586.98,587.025,91092.310398,587.0662,1256,
2026-04-01 16:56:00,587.005,587.2,586.99,587.17,84261.248291,587.0994,978,
2026-04-01 16:57:00,587.16,587.24,587.135,587.1825,63995.466462,587.1919,960,
2026-04-01 16:58:00,587.195,587.25,587.13,587.16,86084.393334,587.1922,803,
2026-04-01 16:59:00,587.15,587.1575,587.0374,587.0374,33309.371651,587.0954,684,
2026-04-01 17:00:00,587.05,587.08,586.9201,587.05,112281.984545,587.0182,1691,
2026-04-01 17:01:00,587.05,587.17,587.0099,587.0599,90694.35653,587.0389,1410,
2026-04-01 17:02:00,587.05,587.19,587.04,587.1601,68871.262533,587.1251,1042,
2026-04-01 17:03:00,587.15,587.55,587.15,587.495,204592.165189,587.3783,2786,
2026-04-01 17:04:00,587.4987,587.7,587.41,587.59,216255.475099,587.5667,2646,
2026-04-01 17:05:00,587.58,587.655,587.53,587.62,215458.662458,587.5914,2514,
2026-04-01 17:06:00,587.62,587.739,587.52,587.555,153721.699112,587.6722,2008,
2026-04-01 17:07:00,587.5599,587.675,587.49,587.63,94731.616198,587.5761,1410,
2026-04-01 17:08:00,587.635,587.675,587.51,587.575,100698.159743,587.6014,1522,
2026-04-01 17:09:00,587.5793,587.6,587.44,587.49,78182.508762,587.5212,1148,
2026-04-01 17:10:00,587.5,587.66,587.49,587.595,74321.874504,587.5982,1087,
2026-04-01 17:11:00,587.6,587.625,587.46,587.52,111992.88326,587.5682,1580,
2026-04-01 17:12:00,587.51,587.58,587.44,587.49,105821.07226,587.4987,1481,
2026-04-01 17:13:00,587.49,587.58,587.43,587.495,48768.010673,587.5113,838,
2026-04-01 17:14:00,587.51,587.6,587.5,587.59,64861.867895,587.567,1044,
2026-04-01 17:15:00,587.5935,587.685,587.585,587.62,62653.578401,587.6596,987,
2026-04-01 17:16:00,587.63,587.65,587.51,587.54,64738.875741,587.5962,1103,
2026-04-01 17:17:00,587.54,587.625,587.48,587.59,55164.596373,587.5484,926,
2026-04-01 17:18:00,587.59,587.59,587.4601,587.515,127615.201839,587.4384,1340,
2026-04-01 17:19:00,587.5,587.54,587.445,587.51,144746.940381,587.6115,1321,
2026-04-01 17:20:00,587.515,587.66,587.5,587.56,68482.985457,587.5878,1182,
2026-04-01 17:21:00,587.565,587.67,587.51,587.61,78260.107524,587.5733,1284,
2026-04-01 17:22:00,587.6,587.67,587.46,587.495,132781.693463,587.5268,1924,
2026-04-01 17:23:00,587.49,587.515,587.315,587.44,86010.768608,587.4155,1436,
2026-04-01 17:24:00,587.45,587.5795,587.39,587.5,90955.678832,587.4897,1169,
2026-04-01 17:25:00,587.51,587.51,587.4202,587.495,89245.825666,587.4787,1168,
2026-04-01 17:26:00,587.51,587.54,587.4043,587.4043,72856.324757,587.467,1118,
2026-04-01 17:27:00,587.405,587.44,587.29,587.44,82057.465333,587.3614,1142,
2026-04-01 17:28:00,587.43,587.495,587.4,587.44,68409.630852,587.4528,984,
2026-04-01 17:29:00,587.43,587.45,587.32,587.34,65909.305348,587.3816,1124,
2026-04-01 17:30:00,587.34,587.55,587.25,587.33,102450.069636,587.3673,1678,
2026-04-01 17:31:00,587.33,587.4843,587.33,587.46,38794.417899,587.4252,930,
2026-04-01 17:32:00,587.46,587.47,587.16,587.18,95615.960819,587.2705,1672,
2026-04-01 17:33:00,587.19,587.19,587.02,587.04,95037.295317,587.1025,1567,
2026-04-01 17:34:00,587.03,587.1,586.72,586.74,179944.63432,586.8872,2629,
2026-04-01 17:35:00,586.75,586.87,586.72,586.81,131557.223623,586.7781,1873,
2026-04-01 17:36:00,586.82,587.08,586.82,586.93,121451.606988,586.9934,1837,
2026-04-01 17:37:00,586.925,586.94,586.78,586.9,89758.412724,586.8531,1297,
2026-04-01 17:38:00,586.9,587.06,586.89,587.03,85397.817615,586.9965,1110,
2026-04-01 17:39:00,587.02,587.28,586.98,587.08,91447.227648,587.0987,1211,
2026-04-01 17:40:00,587.09,587.27,587.04,587.085,111425.525412,587.1626,1556,
2026-04-01 17:41:00,587.08,587.195,587.03,587.067,104214.067907,587.1063,1330,
2026-04-01 17:42:00,587.06,587.2,587.0,587.06,95747.197177,587.0935,1513,
2026-04-01 17:43:00,587.08,587.085,586.755,586.77,237586.903319,586.9274,2254,
2026-04-01 17:44:00,586.77,586.85,586.68,586.83,226889.145857,586.7257,2803,
2026-04-01 17:45:00,586.85,586.95,586.795,586.83,66238.515142,586.884,1233,
2026-04-01 17:46:00,586.83,586.94,586.695,586.7602,64254.779422,586.8612,1077,
2026-04-01 17:47:00,586.76,586.89,586.7,586.84,58858.437924,586.8103,941,
2026-04-01 17:48:00,586.86,586.885,586.72,586.73,59642.99302,586.81,932,
2026-04-01 17:49:00,586.74,586.7599,586.54,586.65,119568.924123,586.6594,1803,
2026-04-01 17:50:00,586.66,586.78,586.52,586.65,104029.835893,586.6578,1697,
2026-04-01 17:51:00,586.64,586.79,586.52,586.55,97435.598684,586.6886,1518,
2026-04-01 17:52:00,586.55,586.5923,586.39,586.55,98047.444834,586.4812,1739,
2026-04-01 17:53:00,586.55,586.63,586.45,586.47,114844.678622,586.5349,1746,
2026-04-01 17:54:00,586.46,586.66,586.45,586.53,144108.52995,586.5657,2127,
2026-04-01 17:55:00,586.535,586.63,586.53,586.5797,81459.780994,586.5858,1371,
2026-04-01 17:56:00,586.575,586.6,586.245,586.43,161483.994868,586.4526,2549,
2026-04-01 17:57:00,586.42,586.43,586.07,586.09,237696.011449,586.2026,3297,
2026-04-01 17:58:00,586.095,586.1612,585.75,585.79,292329.671515,586.0217,3840,
2026-04-01 17:59:00,585.79,585.97,585.7,585.76,411351.335779,585.816,5806,
2026-04-01 18:00:00,585.7501,585.95,585.48,585.51,216823.232303,585.6619,3081,
2026-04-01 18:01:00,585.52,585.7,585.34,585.37,231668.892863,585.4906,3917,
2026-04-01 18:02:00,585.38,585.41,584.79,585.02,350442.939355,585.0795,13677,
2026-04-01 18:03:00,585.04,585.09,584.7,584.71,443386.930752,584.8855,5807,
2026-04-01 18:04:00,584.721,585.01,584.51,584.86,317484.835451,584.7834,4558,
2026-04-01 18:05:00,584.85,585.27,584.81,585.1,542197.412537,585.151,7042,
2026-04-01 18:06:00,585.1,585.18,584.89,584.9299,171108.417202,584.9922,2605,
2026-04-01 18:07:00,584.9202,585.12,584.78,584.85,182707.057487,584.9181,2702,
2026-04-01 18:08:00,584.86,584.99,584.755,584.77,157955.816263,584.8789,2321,
2026-04-01 18:09:00,584.77,585.04,584.7,584.935,214612.996878,584.8399,2644,
2026-04-01 18:10:00,584.935,585.18,584.9097,585.0,167519.631265,585.0633,2659,
2026-04-01 18:11:00,585.02,585.27,584.96,585.095,182284.464897,585.0919,2594,
2026-04-01 18:12:00,585.095,585.14,584.9301,585.01,117268.175165,585.0293,1613,
2026-04-01 18:13:00,584.99,584.99,584.77,584.79,119369.115429,584.8577,1780,
2026-04-01 18:14:00,584.77,584.96,584.76,584.7899,91123.390703,584.8449,1518,
2026-04-01 18:15:00,584.76,584.79,584.48,584.59,205485.979069,584.6198,2719,
2026-04-01 18:16:00,584.6,584.63,584.17,584.3,290269.49365,584.3348,3836,
2026-04-01 18:17:00,584.32,584.36,583.985,584.0499,318410.808998,584.2144,4041,
2026-04-01 18:18:00,584.06,584.07,583.69,583.76,286167.272008,583.8921,3955,
2026-04-01 18:19:00,583.75,583.85,583.47,583.84,393521.063044,583.6518,5225,
2026-04-01 18:20:00,583.82,584.06,583.4644,583.5118,216594.889602,583.8529,3428,
2026-04-01 18:21:00,583.53,583.5833,583.33,583.36,323139.487964,583.4623,3990,
2026-04-01 18:22:00,583.3602,583.7297,583.3602,583.49,430655.743768,583.5896,4959,
2026-04-01 18:23:00,583.49,583.6,583.26,583.34,200961.568222,583.4618,2911,
2026-04-01 18:24:00,583.34,583.39,582.76,582.97,514485.373817,581.913,5480,
2026-04-01 18:25:00,582.985,583.15,582.7,583.12,370741.365454,582.9583,5574,
2026-04-01 18:26:00,583.13,583.59,583.08,583.365,372533.500949,583.3515,4744,
2026-04-01 18:27:00,583.35,583.68,583.29,583.29,161623.581292,583.4803,2379,
2026-04-01 18:28:00,583.32,583.52,583.18,583.2,215869.114995,583.339,3083,
2026-04-01 18:29:00,583.21,583.22,582.98,583.025,203309.845744,583.0692,2824,
2026-04-01 18:30:00,583.03,583.155,582.87,583.04,388337.487502,581.5364,3223,
2026-04-01 18:31:00,583.06,583.13,582.88,583.01,222820.657723,583.0354,2830,
2026-04-01 18:32:00,583.01,583.25,582.78,582.89,232535.620896,582.9753,3549,
2026-04-01 18:33:00,582.89,582.94,582.65,582.81,242996.502073,582.7835,3574,
2026-04-01 18:34:00,582.8101,582.83,582.62,582.79,172275.899161,582.7481,2460,
2026-04-01 18:35:00,582.795,582.815,582.39,582.475,236253.391707,582.567,3392,
2026-04-01 18:36:00,582.48,582.74,582.3265,582.71,217294.440392,582.5491,2912,
2026-04-01 18:37:00,582.71,582.86,582.4,582.42,223163.754191,582.6577,3017,
2026-04-01 18:38:00,582.41,582.73,582.39,582.64,235161.593841,582.6004,2908,
2026-04-01 18:39:00,582.65,583.4954,582.65,583.24,458256.254807,581.8823,4810,
2026-04-01 18:40:00,583.23,583.93,583.19,583.77,310063.764742,583.6794,3886,
2026-04-01 18:41:00,583.78,584.27,583.71,584.01,286933.073523,584.0411,3201,
2026-04-01 18:42:00,583.98,584.14,583.92,584.01,129431.130252,584.0093,1716,
2026-04-01 18:43:00,583.98,583.98,583.64,583.85,218412.100693,583.7666,3047,
2026-04-01 18:44:00,583.83,583.83,583.55,583.68,253402.23587,583.6535,3632,
2026-04-01 18:45:00,583.67,583.81,583.38,583.4,182664.80275,583.6014,2596,
2026-04-01 18:46:00,583.41,583.44,583.0901,583.18,303225.98425,583.2414,3836,
2026-04-01 18:47:00,583.18,583.63,583.18,583.6,161552.208392,583.4592,2238,
2026-04-01 18:48:00,583.59,583.76,583.365,583.38,190120.019856,583.6615,2783,
2026-04-01 18:49:00,583.39,583.48,583.24,583.395,103831.285307,583.3414,1377,
2026-04-01 18:50:00,583.39,583.4901,583.13,583.2099,119667.453272,583.313,1581,
2026-04-01 18:51:00,583.17,583.1801,582.88,583.0999,119646.850079,583.0412,1794,
2026-04-01 18:52:00,583.09,583.16,583.0098,583.13,74660.451411,583.0818,1198,
2026-04-01 18:53:00,583.12,583.49,583.05,583.28,100530.985829,583.3145,1627,
2026-04-01 18:54:00,583.3,583.49,583.3,583.37,102049.845864,583.3868,1251,
2026-04-01 18:55:00,583.35,583.3801,583.01,583.15,140798.472296,583.1218,1991,
2026-04-01 18:56:00,583.155,583.38,583.01,583.22,114365.195011,583.1504,1490,
2026-04-01 18:57:00,583.21,583.34,583.02,583.31,72950.132092,583.161,1078,
2026-04-01 18:58:00,583.29,583.295,582.975,583.195,125047.657727,583.1554,1777,
2026-04-01 18:59:00,583.1914,583.27,583.07,583.17,69297.784588,583.1618,1157,
2026-04-01 19:00:00,583.165,583.54,583.05,583.43,162946.715881,583.3614,2389,
2026-04-01 19:01:00,583.4499,583.74,583.43,583.5599,187343.35807,583.6147,2677,
2026-04-01 19:02:00,583.56,583.84,583.5199,583.54,176190.626184,583.6926,2558,
2026-04-01 19:03:00,583.53,583.53,583.33,583.4901,101983.746003,583.4475,1407,
2026-04-01 19:04:00,583.49,583.65,583.46,583.545,73149.353596,583.53,1114,
2026-04-01 19:05:00,583.54,583.96,583.515,583.91,217423.844673,583.7978,3049,
2026-04-01 19:06:00,583.91,584.16,583.77,583.92,172595.719426,583.9502,2627,
2026-04-01 19:07:00,583.91,584.115,583.87,584.06,116185.774101,584.0075,1639,
2026-04-01 19:08:00,584.05,584.23,583.86,583.935,159667.346757,584.0849,2169,
2026-04-01 19:09:00,583.945,584.12,583.9,584.035,94256.074173,584.0008,1573,
2026-04-01 19:10:00,584.029,584.03,583.69,583.88,142427.060054,583.8659,2248,
2026-04-01 19:11:00,583.85,583.95,583.56,583.62,120518.101387,583.738,1677,
2026-04-01 19:12:00,583.63,583.91,583.62,583.7801,84049.508903,583.7854,1533,
2026-04-01 19:13:00,583.78,584.11,583.78,584.095,179014.900141,583.9167,1580,
2026-04-01 19:14:00,584.09,584.18,583.97,584.01,186095.415738,584.0843,2111,
2026-04-01 19:15:00,584.03,584.25,583.98,584.12,116279.284141,584.1674,1559,
2026-04-01 19:16:00,584.11,584.25,583.99,584.06,121713.748945,584.1332,1605,
2026-04-01 19:17:00,584.06,584.07,583.765,583.95,234801.201033,581.0976,1968,
2026-04-01 19:18:00,583.96,584.305,583.885,584.16,144775.08349,584.1234,2180,
2026-04-01 19:19:00,584.14,584.52,584.14,584.47,251380.998107,584.3257,2711,
2026-04-01 19:20:00,584.465,584.67,584.43,584.55,175375.628352,584.5899,2396,
2026-04-01 19:21:00,584.56,584.68,584.2103,584.26,384581.928398,580.6867,2500,
2026-04-01 19:22:00,584.26,584.53,584.26,584.47,102806.478287,584.4379,1502,
2026-04-01 19:23:00,584.46,584.635,584.45,584.57,217216.651912,581.1655,1692,
2026-04-01 19:24:00,584.57,584.69,584.53,584.635,103529.289328,584.6249,1587,
2026-04-01 19:25:00,584.63,585.1,584.62,585.0,181236.306354,584.9002,2638,
2026-04-01 19:26:00,585.005,585.22,584.99,585.19,195940.532471,585.1279,2531,
2026-04-01 19:27:00,585.2,585.3,585.13,585.205,231229.414657,585.2191,2972,
2026-04-01 19:28:00,585.2,585.22,585.085,585.11,388677.585246,585.1494,4117,
2026-04-01 19:29:00,585.11,585.12,584.95,585.03,264057.660695,585.0345,3022,
2026-04-01 19:30:00,585.01,585.225,584.92,585.14,213088.122226,585.0876,3150,
2026-04-01 19:31:00,585.13,585.22,585.01,585.0451,165392.702066,585.1164,2401,
2026-04-01 19:32:00,585.04,585.111,584.67,584.67,168313.179186,584.9195,2688,
2026-04-01 19:33:00,584.67,584.68,584.41,584.535,289419.786421,584.5336,4109,
2026-04-01 19:34:00,584.535,584.73,584.43,584.705,276444.316379,584.5737,3591,
2026-04-01 19:35:00,584.71,584.79,584.271,584.38,292167.828025,584.4533,3709,
2026-04-01 19:36:00,584.37,584.77,584.34,584.72,248312.957059,584.5511,3221,
2026-04-01 19:37:00,584.71,584.99,584.6,584.93,175153.820241,584.8096,2658,
2026-04-01 19:38:00,584.93,584.96,584.605,584.815,131305.216707,584.7867,1928,
2026-04-01 19:39:00,584.815,585.04,584.795,584.91,255863.501921,581.9114,1662,
2026-04-01 19:40:00,584.91,585.18,584.86,585.1363,161864.521367,585.0778,1903,
2026-04-01 19:41:00,585.15,585.51,585.05,585.22,152057.971835,585.3271,2350,
2026-04-01 19:42:00,585.22,585.345,585.07,585.08,124202.288464,585.189,1834,
2026-04-01 19:43:00,585.08,585.185,585.04,585.15,83237.639216,585.1235,1465,
2026-04-01 19:44:00,585.16,585.19,584.8801,584.93,160653.950763,585.0277,2494,
2026-04-01 19:45:00,584.92,585.2,584.87,585.06,308527.218089,582.4742,2791,
2026-04-01 19:46:00,585.06,585.2283,584.8,584.88,193086.656948,584.9876,2398,
2026-04-01 19:47:00,584.87,585.105,584.86,584.9,234135.795031,585.0136,2390,
2026-04-01 19:48:00,584.9,585.25,584.86,585.19,129102.191341,585.0811,1878,
2026-04-01 19:49:00,585.185,585.21,584.95,585.045,178868.014361,585.0837,2534,
2026-04-01 19:50:00,585.07,585.22,584.4,584.45,751626.056059,582.7178,7482,
2026-04-01 19:51:00,584.45,584.61,584.25,584.495,309775.992365,584.4084,4363,
2026-04-01 19:52:00,584.5,584.69,584.25,584.34,286006.994076,584.5426,3879,
2026-04-01 19:53:00,584.35,584.39,584.04,584.3,214241.650088,584.2496,3149,
2026-04-01 19:54:00,584.29,584.61,584.18,584.37,256612.560221,584.3904,4257,
2026-04-01 19:55:00,584.38,584.4,583.94,584.03,277197.889952,584.1204,4209,
2026-04-01 19:56:00,584.03,584.42,583.96,584.16,280928.488721,584.1727,4147,
2026-04-01 19:57:00,584.15,584.29,584.03,584.25,359869.970073,584.1224,4692,
2026-04-01 19:58:00,584.25,584.48,584.25,584.33,665339.559883,583.3262,5565,
2026-04-01 19:59:00,584.36,584.54,583.7,584.26,2304517.961214,582.3976,14747,
2026-04-01 20:00:00,584.32,584.6,584.26,584.33,230803.399194,584.3586,516,
2026-04-01 20:01:00,584.34,584.34,583.79,583.95,70795.578982,584.1316,507,
2026-04-01 20:02:00,583.94,584.03,583.89,583.98,97271.187682,583.9758,488,
2026-04-01 20:03:00,583.9509,584.08,583.8773,583.9,47235.50491,583.9787,234,
2026-04-01 20:04:00,583.86,583.93,583.84,583.8992,23155.645866,583.907,147,
2026-04-01 20:05:00,583.9,583.97,583.86,583.94,61782.950596,583.9081,344,
2026-04-01 20:06:00,583.93,584.11,583.92,584.07,39712.487292,584.0341,289,
2026-04-01 20:07:00,584.09,584.2,584.09,584.2,8922.721909,584.1941,108,
2026-04-01 20:08:00,584.17,584.17,584.07,584.1,14049.416482,584.1323,92,
2026-04-01 20:09:00,584.1041,584.1041,583.99,584.06,8328.075896,584.0644,112,
2026-04-01 20:10:00,584.02,584.34,584.02,584.3,30446.178294,584.1845,258,
2026-04-01 20:11:00,584.3061,584.3061,584.0,584.07,1197106.671083,584.2542,318,
2026-04-01 20:12:00,584.0757,584.3,584.07,584.3,12993.019593,584.2101,142,
2026-04-01 20:13:00,584.3,584.31,584.24,584.24,12897.65835,584.3082,98,
2026-04-01 20:14:00,584.26,584.31,584.19,584.31,110423.665485,577.8848,69,
2026-04-01 20:15:00,584.3163,584.3163,584.05,584.05,14828.742486,584.1905,174,
2026-04-01 20:16:00,584.051,584.22,584.05,584.22,19062.260567,584.0903,143,
2026-04-01 20:17:00,584.2051,584.35,584.2051,584.32,5098.456565,584.3437,58,
2026-04-01 20:18:00,584.2784,584.33,584.2784,584.31,1245.594716,584.5772,42,
2026-04-01 20:19:00,584.34,584.34,584.26,584.31,7608.818622,584.3359,77,
2026-04-01 20:20:00,584.28,584.2999,584.11,584.13,5922.725829,584.2197,60,
2026-04-01 20:21:00,584.1213,584.16,584.1,584.16,11168.367984,584.1387,88,
2026-04-01 20:22:00,584.16,584.22,584.16,584.22,602.250964,584.4396,42,
2026-04-01 20:23:00,584.2283,584.2283,584.18,584.18,485.54697,584.8745,23,
2026-04-01 20:24:00,584.08,584.08,583.98,584.04,12874.936257,584.0569,143,
2026-04-01 20:25:00,583.97,583.97,583.8152,583.86,19538.57627,583.8973,176,
2026-04-01 20:26:00,583.82,583.88,583.8,583.86,13353.195638,583.8552,142,
2026-04-01 20:27:00,583.85,583.85,583.72,583.78,11030.605209,583.8247,161,
2026-04-01 20:28:00,583.76,583.8,583.7,583.7,4104.18699,583.7838,68,
2026-04-01 20:29:00,583.71,583.77,583.7,583.77,316001.872989,577.5674,69,
2026-04-01 20:30:00,583.78,583.88,583.78,583.84,1238.435315,584.0651,36,
2026-04-01 20:31:00,583.83,583.84,583.7098,583.71,6242.659811,583.8028,99,
2026-04-01 20:32:00,583.71,583.78,583.71,583.77,7586.421372,583.7673,144,
2026-04-01 20:33:00,583.8,583.87,583.8,583.85,7439.288418,583.8616,121,
2026-04-01 20:34:00,583.89,583.96,583.89,583.96,658.11402,584.0397,36,
2026-04-01 20:35:00,583.95,583.95,583.92,583.9383,3763.607422,584.0299,70,
2026-04-01 20:36:00,583.99,584.1,583.97,584.05,9472.217214,584.0982,141,
2026-04-01 20:37:00,584.0299,584.08,583.9955,584.05,3597.374389,584.1,77,
2026-04-01 20:38:00,584.05,584.05,584.0485,584.05,2134.117629,584.082,62,
2026-04-01 20:39:00,584.08,584.1399,584.08,584.11,7247.058869,584.1209,82,
2026-04-01 20:40:00,584.1,584.12,584.0752,584.09,3686.835604,584.231,36,
2026-04-01 20:41:00,584.09,584.1,584.0252,584.0252,1060.178681,584.1703,28,
2026-04-01 20:42:00,584.04,584.04,583.9833,584.0002,1247.972879,584.4669,42,
2026-04-01 20:43:00,583.98,584.06,583.98,584.0,1201.712829,584.3591,38,
2026-04-01 20:44:00,583.9739,584.0,583.9739,584.0,1509.367002,584.1313,24,
2026-04-01 20:45:00,583.9352,584.03,583.9352,584.01,401.715186,585.033,25,
2026-04-01 20:46:00,584.05,584.05,584.0,584.0,1227.083904,584.0845,33,
2026-04-01 20:47:00,584.05,584.07,584.03,584.03,873.908472,584.6664,30,
2026-04-01 20:48:00,584.0255,584.06,584.0,584.06,1615.532524,584.2197,36,
2026-04-01 20:49:00,584.02,584.12,584.0,584.03,2087.403439,584.1506,45,
2026-04-01 20:50:00,584.1662,584.1769,584.1662,584.17,469.593765,584.8936,47,
2026-04-01 20:51:00,584.0565,584.0996,584.04,584.04,11915.715766,584.0771,59,
2026-04-01 20:52:00,584.12,584.12,584.12,584.12,414.407466,584.6809,25,
2026-04-01 20:53:00,584.05,584.1,584.03,584.1,2951.853802,584.2497,64,
2026-04-01 20:54:00,584.1913,584.22,584.13,584.19,1809.531911,584.3619,61,
2026-04-01 20:55:00,584.23,584.3,584.1863,584.1863,3390.09855,584.2609,90,
2026-04-01 20:56:00,584.17,584.17,584.12,584.15,1164.944916,584.6276,31,
2026-04-01 20:57:00,584.15,584.15,584.0474,584.07,1763.107245,584.1199,21,
2026-04-01 20:58:00,584.08,584.09,584.02,584.05,15832.1,584.0489,93,
2026-04-01 20:59:00,584.0,584.0,583.9,583.91,7346.345219,583.9481,93,
2026-04-01 21:00:00,583.96,583.98,583.9,583.91,3990.129914,583.9441,60,
2026-04-01 21:01:00,583.99,583.99,583.9157,583.9157,218.363367,584.9289,16,
2026-04-01 21:02:00,583.99,583.99,583.99,583.99,840.738986,584.503,27,
2026-04-01 21:04:00,584.05,584.05,584.0464,584.05,706.0,584.0491,10,
2026-04-01 21:05:00,584.03,584.04,584.03,584.04,943.144436,584.1279,24,
2026-04-01 21:06:00,584.05,584.05,584.05,584.05,474.748166,585.2964,19,
2026-04-01 21:07:00,584.0991,584.1,584.092,584.1,424.59626,584.9165,22,
2026-04-01 21:09:00,584.1,584.1,584.1,584.1,357.465715,584.8274,28,
2026-04-01 21:10:00,584.05,584.05,584.0485,584.0485,338.792192,585.4157,25,
2026-04-01 21:11:00,584.05,584.052,584.05,584.052,946.989573,584.6652,26,
2026-04-01 21:13:00,584.08,584.08,584.08,584.08,358.347908,584.6493,13,
2026-04-01 21:14:00,584.09,584.09,584.08,584.08,6897.725914,588.8542,24,
2026-04-01 21:15:00,584.06,584.06,584.04,584.04,688.912607,584.8252,40,
2026-04-01 21:16:00,584.02,584.03,584.02,584.02,1113.669344,584.3736,14,
2026-04-01 21:18:00,584.06,584.08,584.05,584.08,345.146402,584.3119,26,
2026-04-01 21:19:00,584.08,584.08,584.08,584.08,562.1537,584.2537,49,
2026-04-01 21:20:00,584.1,584.1,584.1,584.1,218.898442,586.5042,22,
2026-04-01 21:21:00,584.05,584.05,584.05,584.05,326.918645,585.6974,16,
2026-04-01 21:22:00,584.0565,584.0565,584.0565,584.0565,94.737805,588.6532,14,
2026-04-01 21:23:00,584.07,584.11,584.05,584.05,2437.421682,584.1855,51,
2026-04-01 21:24:00,584.03,584.07,583.94,583.99,3229.64558,584.1251,65,
2026-04-01 21:25:00,583.99,583.99,583.9895,583.9895,1968.49009,584.1351,23,
2026-04-01 21:26:00,583.99,583.99,583.97,583.97,585.90758,584.8932,21,
2026-04-01 21:27:00,583.99,583.99,583.99,583.99,819.004555,583.9932,10,
2026-04-01 21:28:00,583.98,583.98,583.92,583.92,737.829954,584.6089,37,
2026-04-01 21:29:00,583.93,583.93,583.9,583.9174,2179.245659,583.9808,26,
2026-04-01 21:30:00,583.91,583.92,583.8989,583.8989,699.795647,584.5713,41,
2026-04-01 21:31:00,583.9,583.93,583.9,583.93,439.773036,584.9387,19,
2026-04-01 21:32:00,583.87,583.93,583.87,583.9,1770.790824,584.1738,25,
2026-04-01 21:33:00,583.88,583.88,583.88,583.88,121.625141,586.9001,13,
2026-04-01 21:34:00,583.82,583.88,583.82,583.88,200.65567,585.7742,23,
2026-04-01 21:35:00,583.9,583.9,583.9,583.9,157.212201,584.6885,24,
2026-04-01 21:36:00,583.92,583.93,583.92,583.93,494.076729,584.0117,28,
2026-04-01 21:37:00,583.93,583.93,583.93,583.93,446.789908,584.9579,19,
2026-04-01 21:38:00,583.93,583.96,583.93,583.96,515.291807,584.2647,18,
2026-04-01 21:39:00,583.96,583.96,583.93,583.93,364.119873,584.1404,12,
2026-04-01 21:40:00,583.96,583.96,583.96,583.96,415.261358,584.3261,21,
2026-04-01 21:41:00,583.94,583.96,583.94,583.96,378.846802,585.2654,18,
2026-04-01 21:42:00,583.96,583.96,583.96,583.96,353.332138,584.5135,26,
2026-04-01 21:44:00,583.96,584.0,583.96,583.97,1063.150986,584.0582,24,
2026-04-01 21:45:00,584.0,584.0105,583.9999,584.0105,339.996096,585.717,23,
2026-04-01 21:46:00,584.0397,584.04,584.03,584.03,360.693461,585.1585,24,
2026-04-01 21:47:00,584.03,584.03,584.03,584.03,143.19911,584.8414,22,
2026-04-01 21:50:00,583.98,583.98,583.98,583.98,212.213592,584.5791,40,
2026-04-01 21:51:00,584.0,584.04,584.0,584.0,767.540266,584.4378,19,
2026-04-01 21:52:00,584.0,584.0,584.0,584.0,359.613658,585.0053,22,
2026-04-01 21:53:00,584.03,584.03,583.88,584.03,2488.803586,584.1115,23,
2026-04-01 21:54:00,584.0,584.0,583.98,583.99,545.020917,584.013,25,
2026-04-01 21:55:00,583.97,583.98,583.97,583.98,365.326072,584.4986,20,
2026-04-01 21:56:00,583.98,583.99,583.88,583.88,1443.259336,584.0806,26,
2026-04-01 21:58:00,583.98,583.98,583.98,583.98,134.30268,585.2835,16,
2026-04-01 21:59:00,583.94,583.94,583.94,583.94,280.219069,584.3965,31,
2026-04-01 22:00:00,583.86,583.86,583.65,583.69,3345.385867,583.8337,107,
2026-04-01 22:01:00,583.69,583.88,583.69,583.81,1355.385814,583.9702,21,
2026-04-01 22:02:00,583.92,583.95,583.92,583.95,201.082415,584.1728,19,
2026-04-01 22:03:00,583.98,583.98,583.98,583.98,207.22648,584.5661,20,
2026-04-01 22:04:00,583.97,584.31,583.97,584.22,3936.766432,584.3502,105,
2026-04-01 22:05:00,584.2,584.21,584.1,584.1,2334.244431,584.2109,37,
2026-04-01 22:06:00,584.07,584.07,583.88,583.88,3471.250483,584.0069,57,
2026-04-01 22:07:00,583.92,583.92,583.82,583.82,6480.569625,583.9555,31,
2026-04-01 22:08:00,583.95,584.0,583.95,584.0,934.75002,584.4198,30,
2026-04-01 22:09:00,584.0,584.1076,584.0,584.07,703.102736,584.1397,14,
2026-04-01 22:11:00,583.97,583.98,583.7761,583.78,1494.690136,584.102,44,
2026-04-01 22:12:00,583.83,583.83,583.75,583.75,705.207335,583.9472,35,
2026-04-01 22:13:00,583.74,583.74,583.66,583.73,949.1354,583.7893,49,
2026-04-01 22:14:00,583.71,583.83,583.7,583.83,1112.31875,583.9574,32,
2026-04-01 22:15:00,583.7,583.75,583.7,583.75,590.319153,584.0536,14,
2026-04-01 22:16:00,583.79,583.91,583.79,583.91,603.466902,584.3317,19,
2026-04-01 22:18:00,583.8448,583.8527,583.8448,583.8527,202.140392,584.2499,16,
2026-04-01 22:19:00,583.79,583.79,583.79,583.79,4055.646877,583.883,32,
2026-04-01 22:20:00,583.56,583.68,583.56,583.64,2489.229354,583.708,52,
2026-04-01 22:21:00,583.7,583.8,583.7,583.79,317.204714,584.122,15,
2026-04-01 22:22:00,583.85,583.95,583.85,583.95,258.663697,585.3593,36,
2026-04-01 22:23:00,584.0,584.13,583.97,584.05,7141.149678,584.0895,55,
2026-04-01 22:24:00,583.85,583.85,583.85,583.85,594.883026,584.7354,21,
2026-04-01 22:25:00,583.96,583.96,583.96,583.96,415.732293,584.9831,14,
2026-04-01 22:26:00,583.96,583.96,583.9,583.9,383.224572,584.2634,17,
2026-04-01 22:27:00,584.0,584.0,583.999,583.999,251.015076,584.0105,18,
2026-04-01 22:28:00,583.9118,583.9118,583.81,583.81,375.329487,584.3839,28,
2026-04-01 22:29:00,583.92,584.04,583.92,584.04,522.722972,584.8099,26,
2026-04-01 22:30:00,584.0564,584.0564,583.91,583.91,1303.402848,584.1272,23,
2026-04-01 22:31:00,583.99,584.0,583.9,583.9,2803.481545,584.0533,24,
2026-04-01 22:32:00,583.89,583.89,583.89,583.89,56.784569,592.0582,11,
2026-04-01 22:33:00,583.8491,583.91,583.8491,583.91,324.042623,583.9576,16,
2026-04-01 22:34:00,583.99,583.99,583.97,583.97,319.298949,584.5267,19,
2026-04-01 22:35:00,583.96,584.08,583.95,584.08,909.342477,584.1995,17,
2026-04-01 22:36:00,584.03,584.04,584.02,584.04,1136.262027,584.1611,22,
2026-04-01 22:37:00,584.05,584.05,584.05,584.05,255.037087,584.1244,8,
2026-04-01 22:38:00,584.0,584.0,584.0,584.0,240.059931,584.1501,17,
2026-04-01 22:39:00,584.02,584.07,584.02,584.07,346.861609,585.5143,18,
2026-04-01 22:40:00,584.1,584.2,584.1,584.2,1041.620253,584.4668,37,
2026-04-01 22:41:00,584.12,584.13,584.07,584.07,396.724014,585.1762,20,
2026-04-01 22:42:00,584.13,584.23,584.1,584.1,16232.317417,584.1807,79,
2026-04-01 22:43:00,584.12,584.16,584.12,584.16,294.001711,584.1337,11,
2026-04-01 22:44:00,584.104,584.18,584.104,584.18,171.166048,584.7211,12,
2026-04-01 22:45:00,584.1,584.11,584.01,584.02,8297.0,584.0905,79,
2026-04-01 22:46:00,584.07,584.07,584.0,584.0,1120.162664,584.0904,17,
2026-04-01 22:47:00,584.0,584.04,584.0,584.04,911.205878,584.1367,21,
2026-04-01 22:48:00,584.07,584.1,584.07,584.1,419.392937,584.6304,15,
2026-04-01 22:49:00,583.9907,583.9907,583.9907,583.9907,331.186748,584.3066,30,
2026-04-01 22:50:00,583.86,583.88,583.82,583.84,2069.862202,584.0769,28,
2026-04-01 22:51:00,583.83,583.83,583.42,583.42,7995.095814,583.6654,167,
2026-04-01 22:52:00,583.37,583.53,583.28,583.44,1908.754521,583.5777,60,
2026-04-01 22:53:00,583.42,583.44,583.3,583.3125,1829.604292,583.5316,29,
2026-04-01 22:54:00,583.3,583.38,583.3,583.38,789.693789,583.8404,32,
2026-04-01 22:55:00,583.36,583.36,583.34,583.34,2696.129219,583.3738,27,
2026-04-01 22:56:00,583.33,583.33,583.3,583.3,769.120556,583.409,25,
2026-04-01 22:57:00,583.38,583.41,583.35,583.41,3146.087179,583.3899,13,
2026-04-01 22:58:00,583.4528,583.6465,583.4528,583.6465,224.45301,584.732,31,
2026-04-01 22:59:00,583.63,583.68,583.6,583.6,2938.995135,583.8258,37,
2026-04-01 23:00:00,583.51,583.51,583.3978,583.3978,998.049839,583.501,24,
2026-04-01 23:01:00,583.41,583.5,583.41,583.5,649.255218,583.6943,12,
2026-04-01 23:02:00,583.56,583.56,583.5485,583.5485,713.274778,583.7823,9,
2026-04-01 23:03:00,583.54,583.58,583.5367,583.54,444.474856,584.1753,19,
2026-04-01 23:04:00,583.6023,583.6326,583.6023,583.6326,337.206157,583.9818,14,
2026-04-01 23:05:00,583.65,583.73,583.65,583.73,131.136758,584.3027,26,
2026-04-01 23:06:00,583.6999,583.7,583.6999,583.7,351.692647,584.849,13,
2026-04-01 23:08:00,583.84,583.99,583.82,583.99,1336.721221,584.2385,53,
2026-04-01 23:09:00,584.01,584.01,583.84,583.9127,2670.02847,583.9682,27,
2026-04-01 23:10:00,583.93,584.05,583.92,583.92,1246.237619,584.0774,25,
2026-04-01 23:11:00,583.89,583.9,583.82,583.9,743.326124,584.1307,20,
2026-04-01 23:12:00,583.89,583.89,583.8,583.8,1262.638976,584.1529,23,
2026-04-01 23:14:00,583.9804,584.29,583.9804,584.28,3341.25276,584.1534,69,
2026-04-01 23:15:00,584.18,584.22,584.18,584.22,3684.140533,584.215,28,
2026-04-01 23:16:00,584.25,584.25,584.19,584.25,6731.177673,584.2621,24,
2026-04-01 23:17:00,584.21,584.21,584.18,584.19,495.034233,584.2353,20,
2026-04-01 23:18:00,584.22,584.22,584.18,584.18,666.278887,584.4337,16,
2026-04-01 23:19:00,584.2,584.2,584.0748,584.0748,219.540547,585.5631,12,
2026-04-01 23:20:00,584.07,584.07,584.0,584.0,997.205834,584.1683,25,
2026-04-01 23:21:00,584.03,584.1,584.03,584.08,420.017121,584.1019,16,
2026-04-01 23:22:00,584.08,584.17,584.08,584.17,237.258532,584.7657,18,
2026-04-01 23:23:00,584.15,584.22,584.149,584.22,1042.01169,584.1986,27,
2026-04-01 23:24:00,584.1994,584.2,584.16,584.2,6273.011231,584.1843,18,
2026-04-01 23:25:00,584.16,584.2,584.1301,584.1301,1145.580795,584.4487,23,
2026-04-01 23:26:00,584.15,584.2,584.14,584.2,2177.275508,584.2471,25,
2026-04-01 23:27:00,584.19,584.19,584.14,584.14,173.423366,585.6083,16,
2026-04-01 23:28:00,584.18,584.18,584.0922,584.1,406.495872,584.8222,18,
2026-04-01 23:29:00,584.2,584.23,584.2,584.23,448.698854,585.1261,29,
2026-04-01 23:30:00,584.2764,584.2764,584.2,584.2,242.035346,584.3181,12,
2026-04-01 23:31:00,584.22,584.22,584.17,584.19,1574.052978,584.2115,19,
2026-04-01 23:32:00,584.2039,584.2039,584.1,584.1,1760.05135,584.1826,19,
2026-04-01 23:34:00,584.1,584.1,584.1,584.1,792.206146,584.252,17,
2026-04-01 23:35:00,584.1,584.1,583.9731,583.9731,1177.339552,584.1987,34,
2026-04-01 23:36:00,583.94,584.06,583.94,584.06,694.436949,584.354,16,
2026-04-01 23:37:00,584.1,584.1,584.06,584.1,860.296659,584.2867,15,
2026-04-01 23:38:00,584.0,584.0,583.91,583.91,1368.085924,584.0194,25,
2026-04-01 23:40:00,584.01,584.01,583.94,583.99,2605.243366,584.0254,30,
2026-04-01 23:41:00,584.02,584.02,584.01,584.01,920.092782,584.0768,12,
2026-04-01 23:42:00,584.05,584.05,583.9,583.9,570.054812,584.0661,29,
2026-04-01 23:43:00,583.92,583.99,583.9,583.99,797.500719,584.2889,24,
2026-04-01 23:44:00,583.9829,584.08,583.96,584.07,1400.514907,584.2049,25,
2026-04-01 23:45:00,584.12,584.12,584.1021,584.1021,253.547871,585.3672,16,
2026-04-01 23:46:00,584.14,584.14,584.14,584.14,117.690705,587.5821,15,
2026-04-01 23:47:00,584.18,584.21,584.18,584.21,953.136583,584.2789,27,
2026-04-01 23:48:00,584.16,584.16,584.08,584.09,1283.290784,584.231,13,
2026-04-01 23:50:00,584.08,584.122,583.66,583.67,4404.247801,583.8691,102,
2026-04-01 23:51:00,583.58,583.908,583.32,583.908,3580.391403,583.6912,138,
2026-04-01 23:52:00,583.9204,584.14,583.92,583.9921,2324.246495,584.0497,52,
2026-04-01 23:53:00,583.95,584.04,583.95,584.01,656.746292,584.6608,19,
2026-04-01 23:54:00,584.06,584.06,584.03,584.03,480.180508,584.2596,16,
2026-04-01 23:55:00,584.04,584.04,583.8991,583.9419,499.49882,584.5376,13,
2026-04-01 23:56:00,583.85,584.0,583.85,584.0,987.28586,584.1349,30,
2026-04-01 23:57:00,584.0092,584.0092,583.9,583.91,765.238025,584.1,16,
2026-04-01 23:58:00,583.85,583.9882,583.85,583.9882,1431.020345,583.8982,25,
2026-04-01 23:59:00,583.95,583.95,583.78,583.87,3887.057894,583.8731,52,
2026-04-02 08:00:00,579.15,579.15,575.73,576.59,18173.165976,576.6699,689,
2026-04-02 08:01:00,576.64,576.76,573.75,576.46,269575.0,575.0639,5075,
2026-04-02 08:02:00,576.4,576.4,576.16,576.16,11426.0,576.2368,224,
2026-04-02 08:03:00,576.2,576.38,576.16,576.18,9454.424618,576.2496,119,
2026-04-02 08:04:00,576.16,576.17,576.09,576.17,2547.577075,576.266,75,
2026-04-02 08:05:00,576.01,576.04,575.86,575.96,10065.279788,575.9957,153,
2026-04-02 08:06:00,575.85,576.11,575.85,576.08,3434.032858,575.9925,67,
2026-04-02 08:07:00,576.1,576.16,576.01,576.13,5959.09444,576.0949,118,
2026-04-02 08:08:00,576.0,576.0,575.93,576.0,1111.920175,576.4648,41,
2026-04-02 08:09:00,576.05,576.05,575.93,575.96,5842.776174,576.0475,76,
2026-04-02 08:10:00,575.99,576.08,575.94,575.99,11794.039674,575.9872,158,
2026-04-02 08:11:00,575.92,575.99,575.9,575.91,693.043915,575.9697,45,
2026-04-02 08:12:00,575.88,575.93,575.8,575.92,5972.044034,575.8814,70,
2026-04-02 08:13:00,576.0,576.0,575.93,575.93,977.048335,575.9803,40,
2026-04-02 08:14:00,575.96,575.96,575.9,575.9,5837.122685,575.9686,53,
2026-04-02 08:15:00,575.88,575.88,575.7,575.8,3176.073131,575.8575,78,
2026-04-02 08:16:00,576.04,576.151,575.99,576.02,1733.06137,576.0686,67,
2026-04-02 08:17:00,576.01,576.05,575.93,575.93,1258.080259,576.0226,56,
2026-04-02 08:18:00,575.89,575.89,575.84,575.84,766.070388,575.907,40,
2026-04-02 08:19:00,575.81,575.81,575.638,575.72,3178.074965,575.7503,55,
2026-04-02 08:20:00,575.6687,575.7585,575.66,575.66,3816.079562,575.7263,81,
2026-04-02 08:21:00,575.59,575.62,575.47,575.5,4052.109978,575.5522,120,
2026-04-02 08:22:00,575.49,575.67,575.4,575.63,6072.096964,575.5702,88,
2026-04-02 08:23:00,575.64,575.73,575.6283,575.67,2338.101193,575.691,58,
2026-04-02 08:24:00,575.63,575.68,575.53,575.57,7281.113791,575.598,95,
2026-04-02 08:25:00,575.64,575.72,575.57,575.67,1440.139643,575.6867,68,
2026-04-02 08:26:00,575.59,575.61,575.56,575.56,1248.275625,575.7289,53,
2026-04-02 08:27:00,575.59,575.59,575.46,575.4785,537.226265,575.7857,63,
2026-04-02 08:28:00,575.4488,575.61,575.4,575.61,2367.183644,575.5638,88,
2026-04-02 08:29:00,575.7,575.7,575.7,575.7,197.329921,576.6531,81,
2026-04-02 08:30:00,575.8,576.02,575.8,576.02,1336.336216,576.0353,115,
2026-04-02 08:31:00,576.03,576.27,576.03,576.2083,6931.438022,576.2509,162,
2026-04-02 08:32:00,576.22,576.23,576.1,576.1,1488.308481,576.2841,46,
2026-04-02 08:33:00,576.1,576.13,576.09,576.12,1283.086967,576.1416,31,
2026-04-02 08:34:00,576.12,576.13,576.09,576.13,2916.041043,576.1081,41,
2026-04-02 08:35:00,576.05,576.05,575.99,576.0,869.026238,576.0271,26,
2026-04-02 08:36:00,576.04,576.04,575.79,575.83,2531.154173,575.8745,38,
2026-04-02 08:37:00,575.82,575.9,575.81,575.9,1152.0,575.8598,17,
2026-04-02 08:38:00,575.91,576.0,575.91,575.98,3000.891271,576.1481,35,
2026-04-02 08:39:00,576.08,576.25,576.0,576.2,2517.052667,576.139,72,
2026-04-02 08:40:00,576.14,576.14,575.98,576.01,873.0,576.0555,25,
2026-04-02 08:41:00,576.18,576.18,576.11,576.11,1658.0,576.1355,21,
2026-04-02 08:42:00,576.12,576.32,576.04,576.32,7077.056858,576.1211,93,
2026-04-02 08:43:00,576.4,576.4,576.29,576.37,3069.043696,576.3838,73,
2026-04-02 08:44:00,576.31,576.5,576.1888,576.22,5993.122414,576.3994,126,
2026-04-02 08:46:00,576.21,576.21,576.08,576.1,11476.0,576.1675,60,
2026-04-02 08:47:00,576.12,576.13,575.9,575.99,28049.026308,576.0425,132,
2026-04-02 08:48:00,575.93,576.02,575.93,575.98,6731.0,575.9846,40,
2026-04-02 08:49:00,575.98,576.08,575.93,576.03,29454.016,575.9951,179,
2026-04-02 08:50:00,575.94,575.97,575.88,575.97,1379.013183,575.9357,33,
2026-04-02 08:51:00,576.01,576.01,576.0,576.0,1192.0,576.0032,21,
2026-04-02 08:52:00,575.88,575.88,575.86,575.86,429.017584,575.8976,22,
2026-04-02 08:53:00,575.82,575.82,575.67,575.7,5198.057267,575.7635,77,
2026-04-02 08:54:00,575.75,575.86,575.75,575.84,3472.003173,575.8106,37,
2026-04-02 08:55:00,575.91,576.0,575.86,576.0,2384.008829,575.9093,29,
2026-04-02 08:56:00,575.99,575.99,575.85,575.85,1664.047709,575.9683,37,
2026-04-02 08:57:00,575.89,575.9,575.77,575.77,513.008826,575.8792,16,
2026-04-02 08:58:00,575.69,575.78,575.69,575.78,492.022099,575.7657,21,
2026-04-02 08:59:00,575.78,575.8472,575.6989,575.7167,960.033903,575.8268,24,
2026-04-02 09:00:00,575.7485,575.92,575.7185,575.92,289.0,575.8234,12,
2026-04-02 09:01:00,575.89,575.94,575.87,575.94,1445.01326,575.8979,27,
2026-04-02 09:02:00,575.78,575.78,575.78,575.78,214.0,575.7736,11,
2026-04-02 09:03:00,575.68,575.7754,575.66,575.7754,5325.013266,575.6647,65,
2026-04-02 09:04:00,575.75,575.76,575.57,575.76,2652.035338,575.6244,78,
2026-04-02 09:05:00,575.75,575.75,575.52,575.53,3173.013236,575.5565,60,
2026-04-02 09:06:00,575.64,575.65,575.55,575.55,3190.0,575.5627,44,
2026-04-02 09:07:00,575.69,575.72,575.6,575.65,5439.0,575.6475,59,
2026-04-02 09:08:00,575.73,575.73,575.73,575.73,188.0,575.7136,7,
2026-04-02 09:09:00,575.5,575.59,575.5,575.53,1938.005767,575.5357,51,
2026-04-02 09:10:00,575.55,575.57,575.5,575.57,2845.017658,575.5178,43,
2026-04-02 09:11:00,575.54,575.58,575.5,575.58,16342.004414,575.5275,93,
2026-04-02 09:12:00,575.56,575.56,575.46,575.47,4004.031591,575.5091,51,
2026-04-02 09:14:00,575.57,575.57,575.56,575.56,338.0,575.547,14,
2026-04-02 09:15:00,575.45,575.5,575.45,575.5,1709.0,575.458,20,
2026-04-02 09:16:00,575.56,575.64,575.52,575.52,830.0,575.6014,26,
2026-04-02 09:17:00,575.56,575.56,575.56,575.56,254.0,575.5721,12,
2026-04-02 09:18:00,575.559,575.8,575.559,575.8,794.030949,575.7001,31,
2026-04-02 09:19:00,575.78,575.78,575.55,575.55,2642.0,575.7076,34,
2026-04-02 09:20:00,575.52,575.7,575.52,575.7,263.503082,576.7211,12,
2026-04-02 09:21:00,575.79,576.0,575.79,575.99,9669.088337,575.915,102,
2026-04-02 09:22:00,575.95,575.99,575.87,575.87,14535.00151,575.9376,93,
2026-04-02 09:23:00,575.86,575.86,575.82,575.83,2647.001892,575.8543,35,
2026-04-02 09:24:00,575.88,575.9,575.8,575.9,956.219044,575.9941,17,
2026-04-02 09:25:00,576.0911,576.2,576.08,576.2,1336.101168,576.2216,49,
2026-04-02 09:26:00,576.17,576.28,576.14,576.21,5004.069084,576.241,73,
2026-04-02 09:27:00,576.2,576.2,576.1,576.14,1045.0,576.1609,29,
2026-04-02 09:28:00,575.99,576.04,575.98,576.0,1077.0,575.9969,31,
2026-04-02 09:29:00,576.1,576.1,575.97,576.0,4072.006435,576.025,43,
2026-04-02 09:30:00,576.0,576.0,575.82,575.85,11499.522673,575.8996,135,
2026-04-02 09:31:00,575.79,575.79,575.75,575.75,1116.048439,575.8142,33,
2026-04-02 09:32:00,575.72,575.85,575.6766,575.69,1671.035327,575.7204,52,
2026-04-02 09:33:00,575.66,575.66,575.6,575.66,1040.039783,575.6631,35,
2026-04-02 09:34:00,575.65,575.65,575.55,575.55,5023.0,575.6015,29,
2026-04-02 09:35:00,575.6004,575.62,575.45,575.45,5617.079538,575.5652,89,
2026-04-02 09:36:00,575.43,575.52,575.42,575.42,1739.0,575.4482,23,
2026-04-02 09:37:00,575.41,575.5,575.3856,575.3856,1087.00253,575.4395,23,
2026-04-02 09:38:00,575.42,575.45,575.42,575.45,1007.19,575.5471,20,
2026-04-02 09:39:00,575.49,575.56,575.49,575.56,3536.0,575.5489,30,
2026-04-02 09:40:00,575.5278,575.5381,575.43,575.47,520.0,575.4836,19,
2026-04-02 09:41:00,575.46,575.48,575.39,575.48,456.0335,575.4918,24,
2026-04-02 09:42:00,575.5,575.55,575.4985,575.55,247.006793,575.5431,14,
2026-04-02 09:43:00,575.59,575.62,575.54,575.62,334.0,575.5728,12,
2026-04-02 09:44:00,575.47,575.53,575.47,575.49,261.019216,575.5361,12,
2026-04-02 09:45:00,575.49,575.49,575.41,575.41,440.019185,575.4889,29,
2026-04-02 09:46:00,575.51,575.51,575.39,575.39,899.0,575.4272,29,
2026-04-02 09:47:00,575.52,575.52,575.44,575.46,721.057616,575.5125,11,
2026-04-02 09:48:00,575.34,575.49,575.34,575.49,1057.15167,575.4555,30,
2026-04-02 09:49:00,575.42,575.42,575.42,575.42,92.0,575.4228,4,
2026-04-02 09:50:00,575.49,575.6,575.45,575.6,677.0,575.4938,22,
2026-04-02 09:51:00,575.7,575.77,575.68,575.7,6945.053027,575.7108,96,
2026-04-02 09:52:00,575.65,575.65,575.56,575.6382,3006.0,575.6384,51,
2026-04-02 09:53:00,575.52,575.52,575.52,575.52,155.0,575.554,9,
2026-04-02 09:54:00,575.61,575.68,575.6,575.68,732.0,575.6391,11,
2026-04-02 09:55:00,575.72,575.74,575.66,575.66,2809.013266,575.7253,43,
2026-04-02 09:56:00,575.7,575.7,575.66,575.66,429.055038,575.7542,10,
2026-04-02 09:57:00,575.52,575.52,575.48,575.48,226.089442,575.7144,16,
2026-04-02 09:58:00,575.49,575.54,575.34,575.34,940.114791,575.5384,39,
2026-04-02 09:59:00,575.6,575.6,575.6,575.6,214.0,575.5944,5,
2026-04-02 10:00:00,575.5585,575.5585,575.19,575.21,3577.058477,575.3137,94,
2026-04-02 10:01:00,575.23,575.45,575.23,575.42,1928.008802,575.3273,38,
2026-04-02 10:02:00,575.42,575.5,575.34,575.34,883.0,575.392,27,
2026-04-02 10:03:00,575.4704,575.4704,575.4704,575.4704,141.035212,575.6239,19,
2026-04-02 10:04:00,575.54,575.54,575.49,575.52,1354.012092,575.502,16,
2026-04-02 10:05:00,575.5,575.8,575.49,575.65,2593.088385,575.6614,67,
2026-04-02 10:06:00,575.51,575.51,575.17,575.17,4183.612291,575.4361,110,
2026-04-02 10:07:00,575.1,575.24,575.1,575.24,651.017622,575.214,29,
2026-04-02 10:08:00,575.2,575.2,575.11,575.12,846.008806,575.1813,17,
2026-04-02 10:09:00,575.21,575.27,575.2,575.2,1552.0,575.2389,19,
2026-04-02 10:10:00,575.25,575.25,575.09,575.1,323.111872,575.3499,28,
2026-04-02 10:11:00,575.01,575.05,574.94,574.9456,5258.688986,575.0568,131,
2026-04-02 10:12:00,575.07,575.12,574.98,574.98,1761.0,575.0662,18,
2026-04-02 10:13:00,575.01,575.06,574.87,574.87,4502.021979,574.9764,64,
2026-04-02 10:14:00,574.8581,574.8581,574.5,574.51,6733.593142,574.7386,179,
2026-04-02 10:15:00,574.56,574.65,574.44,574.4681,3289.155185,574.6181,76,
2026-04-02 10:16:00,574.44,574.46,574.35,574.45,1669.213599,574.4994,72,
2026-04-02 10:17:00,574.4,574.4,574.31,574.35,1568.026309,574.3881,24,
2026-04-02 10:18:00,574.34,574.53,574.34,574.46,2037.008771,574.4174,45,
2026-04-02 10:19:00,574.67,574.6998,574.5,574.5,1177.048257,574.6206,58,
2026-04-02 10:20:00,574.51,574.56,574.41,574.41,1470.008786,574.4617,37,
2026-04-02 10:21:00,574.4986,574.4986,574.3,574.31,1776.043882,574.3642,42,
2026-04-02 10:22:00,574.35,574.5188,574.35,574.3687,758.055818,574.4309,28,
2026-04-02 10:23:00,574.37,574.45,574.37,574.4,3894.086989,574.4089,42,
2026-04-02 10:24:00,574.35,574.52,574.35,574.52,1642.0,574.4993,21,
2026-04-02 10:25:00,574.49,574.63,574.38,574.63,3924.044503,574.5304,71,
2026-04-02 10:26:00,574.54,574.55,574.54,574.55,420.402252,575.0986,11,
2026-04-02 10:27:00,574.55,574.55,574.42,574.47,1605.0,574.4819,51,
2026-04-02 10:28:00,574.4461,574.461,574.4,574.45,3323.342949,574.4929,22,
2026-04-02 10:29:00,574.45,574.45,574.4,574.45,723.035,574.4643,24,
2026-04-02 10:30:00,574.4,574.46,574.36,574.46,3574.0,574.3982,31,
2026-04-02 10:31:00,574.44,574.44,574.3396,574.4,1836.030727,574.4032,54,
2026-04-02 10:32:00,574.46,574.62,574.46,574.62,441.052672,574.5819,34,
2026-04-02 10:33:00,574.71,574.74,574.62,574.65,2767.017562,574.6658,58,
2026-04-02 10:34:00,574.65,574.75,574.65,574.75,10721.017568,574.7092,73,
2026-04-02 10:35:00,574.75,575.06,574.75,575.01,10231.127319,574.9185,157,
2026-04-02 10:36:00,574.97,575.0,574.88,574.88,7193.002034,574.9779,71,
2026-04-02 10:37:00,574.86,574.93,574.86,574.89,2741.0,574.8836,35,
2026-04-02 10:38:00,574.91,574.91,574.7972,574.8089,1841.0,574.8298,64,
2026-04-02 10:39:00,574.8085,574.8087,574.75,574.78,988.079011,574.8094,46,
2026-04-02 10:40:00,574.57,574.63,574.57,574.63,3004.0,574.6084,30,
2026-04-02 10:41:00,574.64,574.64,574.51,574.52,669.207588,574.733,27,
2026-04-02 10:42:00,574.61,575.15,574.61,575.15,6774.368906,575.0039,137,
2026-04-02 10:43:00,575.11,575.23,575.06,575.2,11694.017591,575.1832,189,
2026-04-02 10:44:00,575.2,575.2,574.99,574.99,1560.072258,575.1472,25,
2026-04-02 10:45:00,574.99,575.02,574.99,575.01,967.136515,575.1058,28,
2026-04-02 10:46:00,575.2,575.2,575.11,575.15,3133.061071,575.1514,43,
2026-04-02 10:47:00,575.09,575.13,575.03,575.03,4189.0,575.0807,36,
2026-04-02 10:48:00,575.01,575.2,575.01,575.1,918.0,575.1028,23,
2026-04-02 10:49:00,575.05,575.18,575.03,575.1,4623.012521,575.1568,35,
2026-04-02 10:50:00,575.1,575.1,574.88,574.88,7501.079597,574.9417,116,
2026-04-02 10:51:00,574.86,574.87,574.83,574.84,1250.021986,574.8653,24,
2026-04-02 10:52:00,574.89,574.97,574.89,574.92,1430.0,574.9428,31,
2026-04-02 10:53:00,575.0326,575.13,575.0326,575.07,4626.0,575.0768,29,
2026-04-02 10:54:00,574.83,574.83,574.78,574.78,642.017574,574.8331,22,
2026-04-02 10:55:00,574.85,575.15,574.85,575.15,1420.035163,575.0548,44,
2026-04-02 10:56:00,575.07,575.11,575.07,575.11,1132.75,575.4698,32,
2026-04-02 10:57:00,575.1,575.16,575.1,575.15,1610.008793,575.139,30,
2026-04-02 10:58:00,575.24,575.3,575.2,575.2,336.083545,575.4046,24,
2026-04-02 10:59:00,575.24,575.31,575.06,575.06,2141.257841,575.2728,53,
2026-04-02 11:00:00,575.17,575.29,575.09,575.2,17989.338,575.1934,330,
2026-04-02 11:01:00,575.2417,575.36,575.0107,575.11,7348.806765,575.2791,122,
2026-04-02 11:02:00,575.11,575.15,575.03,575.14,2923.0,575.0891,75,
2026-04-02 11:03:00,575.28,575.33,575.13,575.13,8497.230265,575.2811,89,
2026-04-02 11:04:00,575.03,575.05,574.9,574.94,11905.039575,574.9992,198,
2026-04-02 11:05:00,574.95,574.96,574.48,574.54,8894.308819,574.7418,228,
2026-04-02 11:06:00,574.55,574.57,574.3,574.3015,6121.155655,574.481,160,
2026-04-02 11:07:00,574.3018,574.35,574.1088,574.25,14819.06713,574.2512,236,
2026-04-02 11:08:00,574.26,574.36,574.21,574.25,8370.0,574.2796,123,
2026-04-02 11:09:00,574.2756,574.2756,574.05,574.05,7362.082838,574.1888,139,
2026-04-02 11:10:00,574.1309,574.1435,573.9,573.9437,12917.426677,574.0211,333,
2026-04-02 11:11:00,573.95,574.0073,573.8474,573.94,18417.035049,573.8941,178,
2026-04-02 11:12:00,573.95,574.07,573.9,574.04,4335.0,573.9995,93,
2026-04-02 11:13:00,574.0704,574.16,573.87,573.902,8510.722427,574.128,100,
2026-04-02 11:14:00,573.906,574.02,573.8707,573.8707,2529.009504,573.9484,51,
2026-04-02 11:15:00,573.89,573.89,573.4,573.7,27456.390266,573.6538,233,
2026-04-02 11:16:00,573.64,573.66,573.2,573.22,15153.143119,573.4619,301,
2026-04-02 11:17:00,573.2744,573.48,573.2744,573.4,11360.448274,573.4319,145,
2026-04-02 11:18:00,573.3016,573.3712,573.2,573.2458,4483.035008,573.26,98,
2026-04-02 11:19:00,573.4,573.5,573.33,573.5,9029.00438,573.4254,131,
2026-04-02 11:20:00,573.4856,573.59,573.4,573.54,4260.05286,573.5079,91,
2026-04-02 11:21:00,573.55,573.69,573.49,573.55,16281.935293,573.5863,199,
2026-04-02 11:22:00,573.5335,573.64,573.43,573.63,7881.245778,573.5359,112,
2026-04-02 11:23:00,573.5918,573.5918,573.45,573.5,8511.0,573.5147,91,
2026-04-02 11:24:00,573.5418,573.5418,573.38,573.49,5944.0,573.4236,57,
2026-04-02 11:25:00,573.45,573.452,573.3,573.32,5971.039416,573.3798,100,
2026-04-02 11:26:00,573.3,573.3,573.1702,573.24,7046.043781,573.257,68,
2026-04-02 11:27:00,573.27,573.3,573.19,573.3,17981.054,573.2372,148,
2026-04-02 11:28:00,573.33,573.33,573.06,573.18,14039.026279,573.2153,198,
2026-04-02 11:29:00,573.22,573.25,573.01,573.03,11016.148751,573.0969,164,
2026-04-02 11:30:00,573.0112,573.23,572.93,573.089,15634.049693,573.0655,233,
2026-04-02 11:31:00,573.17,573.5,573.14,573.5,4210.10515,573.3449,104,
2026-04-02 11:32:00,573.5,573.54,573.41,573.5,6002.035026,573.4954,111,
2026-04-02 11:33:00,573.46,573.59,573.43,573.5,6792.021898,573.5247,97,
2026-04-02 11:34:00,573.3,573.31,573.19,573.27,2561.061333,573.2751,84,
2026-04-02 11:35:00,573.3,573.31,573.2142,573.25,10127.973403,573.3602,144,
2026-04-02 11:36:00,573.2,573.27,572.97,572.9923,6507.692812,573.1069,222,
2026-04-02 11:37:00,572.97,572.99,572.8,572.8,13991.377184,572.9165,257,
2026-04-02 11:38:00,572.8,572.98,572.72,572.9033,22995.079312,572.868,257,
2026-04-02 11:39:00,572.8729,572.8729,572.69,572.74,6540.65315,572.8385,152,
2026-04-02 11:40:00,572.68,572.72,572.65,572.69,5094.781023,572.7802,110,
2026-04-02 11:41:00,572.649,572.65,572.54,572.59,10023.143255,572.6044,181,
2026-04-02 11:42:00,572.63,572.64,572.45,572.5289,18886.731029,572.5838,241,
2026-04-02 11:43:00,572.51,572.59,572.4307,572.53,12599.134924,572.499,127,
2026-04-02 11:44:00,572.67,572.81,572.6301,572.6301,11333.119399,572.7256,130,
2026-04-02 11:45:00,572.74,572.74,572.62,572.71,12917.235,572.687,102,
2026-04-02 11:46:00,572.67,572.73,572.6,572.6,5978.79887,572.7339,106,
2026-04-02 11:47:00,572.599,572.67,572.5,572.55,9017.211539,572.6129,132,
2026-04-02 11:48:00,572.69,572.85,572.66,572.7285,3605.685534,572.8259,93,
2026-04-02 11:49:00,572.65,572.79,572.65,572.71,8529.965,572.8018,121,
2026-04-02 11:50:00,572.76,572.8042,572.66,572.7,4810.136213,572.7128,47,
2026-04-02 11:51:00,572.67,572.97,572.67,572.88,6668.344253,572.8898,154,
2026-04-02 11:52:00,572.88,573.0,572.83,572.9054,25402.008773,572.9441,119,
2026-04-02 11:53:00,572.95,572.95,572.8,572.88,4554.033144,572.8679,69,
2026-04-02 11:54:00,572.88,573.14,572.87,573.08,11220.07451,573.0293,166,
2026-04-02 11:55:00,573.08,573.1095,572.94,572.9896,7707.0,573.0631,81,
2026-04-02 11:56:00,572.9799,573.04,572.85,572.9,5854.004385,572.9059,84,
2026-04-02 11:57:00,572.78,572.7968,572.63,572.65,15913.142113,572.7421,147,
2026-04-02 11:58:00,572.64,572.64,572.37,572.37,5955.115294,572.4957,168,
2026-04-02 11:59:00,572.46,572.46,572.02,572.03,10229.146497,572.2694,223,
2026-04-02 12:00:00,572.07,572.2,571.8492,572.06,42457.014526,573.247,524,
2026-04-02 12:01:00,572.06,572.1,571.87,572.0,26040.108562,571.9935,546,
2026-04-02 12:02:00,572.0,572.02,571.79,571.92,10145.196115,572.0991,150,
2026-04-02 12:03:00,571.93,572.29,571.93,572.21,6692.321931,572.1298,126,
2026-04-02 12:04:00,572.14,572.28,572.1,572.2008,8063.383917,572.1968,83,
2026-04-02 12:05:00,572.22,572.33,572.1806,572.3006,8646.126763,572.3182,124,
2026-04-02 12:06:00,572.32,572.43,572.23,572.35,3279.688118,572.6205,94,
2026-04-02 12:07:00,572.35,572.4243,572.3009,572.41,10082.930628,572.827,146,
2026-04-02 12:08:00,572.41,572.41,572.1,572.1653,6098.423883,572.2946,136,
2026-04-02 12:09:00,572.17,572.17,571.86,572.01,14130.772515,572.0202,221,
2026-04-02 12:10:00,572.06,572.08,571.66,571.7791,7435.550942,571.8674,179,
2026-04-02 12:11:00,571.86,571.9,571.75,571.78,7008.583179,571.8878,113,
2026-04-02 12:12:00,571.7,571.96,571.68,571.932,8883.725807,571.891,162,
2026-04-02 12:13:00,572.01,572.125,571.96,572.125,10559.937135,572.1045,186,
2026-04-02 12:14:00,572.12,572.28,572.07,572.24,4392.092087,572.1639,102,
2026-04-02 12:15:00,572.24,572.26,572.13,572.13,2776.612179,572.318,84,
2026-04-02 12:16:00,572.18,572.19,572.1,572.18,4825.417361,572.2146,89,
2026-04-02 12:17:00,572.18,572.24,572.13,572.18,2399.631838,572.3296,75,
2026-04-02 12:18:00,572.2309,572.5425,572.2309,572.46,6735.315917,572.4392,168,
2026-04-02 12:19:00,572.4981,572.4981,572.32,572.43,3867.819691,572.536,90,
2026-04-02 12:20:00,572.5,572.55,572.38,572.42,5299.621325,572.524,113,
2026-04-02 12:21:00,572.45,572.9,572.43,572.9,15319.324536,572.7281,236,
2026-04-02 12:22:00,572.88,572.95,572.71,572.85,4424.562123,572.9074,125,
2026-04-02 12:23:00,572.89,573.0546,572.89,573.0546,12894.853678,573.0375,202,
2026-04-02 12:24:00,573.03,573.22,573.03,573.19,17673.410667,573.15,234,
2026-04-02 12:25:00,573.14,573.18,572.93,572.93,15231.393254,573.1024,256,
2026-04-02 12:26:00,572.93,572.9582,572.6831,572.83,6996.24464,572.8482,171,
2026-04-02 12:27:00,572.83,572.9669,572.79,572.79,7581.972206,572.9071,101,
2026-04-02 12:28:00,572.97,573.03,572.75,572.94,14396.773187,572.8641,158,
2026-04-02 12:29:00,572.96,573.0,572.85,572.97,8108.21419,572.9412,95,
2026-04-02 12:30:00,573.06,573.06,572.83,572.88,8026.851266,573.0447,97,
2026-04-02 12:31:00,572.83,572.97,572.68,572.97,6145.561292,572.9025,169,
2026-04-02 12:32:00,572.9986,573.0978,572.94,573.06,5260.690715,573.0966,89,
2026-04-02 12:33:00,573.03,573.39,573.03,573.1313,7338.988711,573.303,168,
2026-04-02 12:34:00,573.15,573.26,573.14,573.22,4925.825503,573.2848,94,
2026-04-02 12:35:00,573.2,573.41,573.12,573.35,16369.170486,573.2463,188,
2026-04-02 12:36:00,573.35,573.4617,573.18,573.23,11631.833989,573.4012,154,
2026-04-02 12:37:00,573.25,573.34,573.06,573.06,4013.094557,573.2213,120,
2026-04-02 12:38:00,573.09,573.33,573.08,573.32,13479.635056,573.2219,132,
2026-04-02 12:39:00,573.3,573.5,573.23,573.46,18194.702828,573.4289,155,
2026-04-02 12:40:00,573.45,573.5095,573.3346,573.43,4420.352013,573.4806,103,
2026-04-02 12:41:00,573.44,573.44,573.35,573.35,2416.000256,573.4017,88,
2026-04-02 12:42:00,573.37,573.39,573.19,573.26,9382.310893,573.2608,163,
2026-04-02 12:43:00,573.26,573.5,573.26,573.3,5810.526726,573.4152,116,
2026-04-02 12:44:00,573.3,573.4417,573.2,573.41,3462.37226,573.3854,88,
2026-04-02 12:45:00,573.31,573.3348,573.26,573.29,3604.102913,573.3281,133,
2026-04-02 12:46:00,573.35,573.71,573.35,573.37,11855.288742,573.5705,279,
2026-04-02 12:47:00,573.27,573.3493,573.16,573.31,10282.233214,573.2973,211,
2026-04-02 12:48:00,573.38,573.58,573.37,573.5206,5959.994315,573.5713,155,
2026-04-02 12:49:00,573.49,573.69,573.49,573.66,13140.923524,573.6243,178,
2026-04-02 12:50:00,573.71,573.78,573.57,573.59,8524.370937,573.7182,174,
2026-04-02 12:51:00,573.63,573.67,573.4826,573.53,8514.370469,573.5878,200,
2026-04-02 12:52:00,573.59,573.75,573.59,573.68,6212.702518,573.7248,88,
2026-04-02 12:53:00,573.66,573.7,573.57,573.62,6909.229247,573.6398,122,
2026-04-02 12:54:00,573.61,573.7448,573.4922,573.59,10202.789114,573.6749,147,
2026-04-02 12:55:00,573.67,573.67,573.55,573.56,1566.852606,573.9099,71,
2026-04-02 12:56:00,573.55,573.67,573.53,573.615,4978.681608,573.661,108,
2026-04-02 12:57:00,573.61,573.61,573.31,573.31,13520.972226,573.4455,202,
2026-04-02 12:58:00,573.26,573.3088,573.0719,573.1,18082.310302,573.1742,348,
2026-04-02 12:59:00,573.07,573.26,572.9247,573.02,19913.214365,573.1156,317,
2026-04-02 13:00:00,573.04,573.2,572.9,573.12,31901.488506,573.0733,311,
2026-04-02 13:01:00,573.26,573.44,573.07,573.3013,8255.457953,573.3727,140,
2026-04-02 13:02:00,573.2386,573.34,572.9,572.93,8418.731519,573.1442,193,
2026-04-02 13:03:00,572.85,573.01,572.78,573.01,4418.010113,572.8949,176,
2026-04-02 13:04:00,573.01,573.14,572.93,573.08,7758.956056,573.0746,99,
2026-04-02 13:05:00,573.02,573.28,572.95,573.2,11797.601144,573.1082,135,
2026-04-02 13:06:00,573.13,573.61,573.05,573.32,14174.603325,573.4341,231,
2026-04-02 13:07:00,573.38,573.46,573.36,573.41,3934.116393,573.4449,95,
2026-04-02 13:08:00,573.41,573.42,573.1,573.13,8012.282564,573.3237,161,
2026-04-02 13:09:00,573.17,573.2,573.07,573.12,3810.553188,573.217,87,
2026-04-02 13:10:00,573.13,573.13,572.8,572.93,21800.488545,572.9098,258,
2026-04-02 13:11:00,573.0,573.03,572.87,572.9,8457.538916,572.9645,156,
2026-04-02 13:12:00,572.9,572.97,572.8,572.8,9982.142879,572.8219,128,
2026-04-02 13:13:00,572.8369,572.8369,572.63,572.74,14014.826961,572.7817,206,
2026-04-02 13:14:00,572.87,572.94,572.8348,572.91,3787.946695,573.0211,89,
2026-04-02 13:15:00,572.97,573.36,572.9,573.32,8631.479262,573.1853,158,
2026-04-02 13:16:00,573.23,573.2465,572.97,573.08,4602.405367,573.1762,95,
2026-04-02 13:17:00,573.0491,573.25,572.96,573.25,8096.755503,573.1042,100,
2026-04-02 13:18:00,573.31,573.31,573.0,573.05,7808.744754,573.1635,148,
2026-04-02 13:19:00,572.97,573.01,572.87,573.01,8630.972134,572.9963,140,
2026-04-02 13:20:00,573.01,573.2,572.9201,573.08,11706.658188,573.0633,129,
2026-04-02 13:21:00,573.11,573.33,573.0525,573.21,10579.92477,573.2464,137,
2026-04-02 13:22:00,573.27,573.56,573.25,573.37,24920.697692,573.477,246,
2026-04-02 13:23:00,573.38,573.38,573.09,573.09,14922.070544,573.3126,206,
2026-04-02 13:24:00,573.14,573.14,573.0,573.09,7394.027291,573.0562,99,
2026-04-02 13:25:00,573.0,573.5,572.89,573.05,20465.6313,573.0074,283,
2026-04-02 13:26:00,573.09,573.32,573.06,573.31,9916.568395,573.2471,195,
2026-04-02 13:27:00,573.3018,573.6,573.27,573.44,32969.547942,573.4978,368,
2026-04-02 13:28:00,573.46,573.88,573.39,573.72,44087.909337,573.6867,353,
2026-04-02 13:29:00,573.7,574.06,573.7,573.95,24703.731435,573.9496,229,
2026-04-02 13:30:00,573.97,575.09,573.96,574.73,1004636.884931,574.6062,14268,
2026-04-02 13:31:00,574.72,575.2888,574.51,575.14,359236.945776,574.8677,5265,
2026-04-02 13:32:00,575.15,575.23,574.08,574.26,512259.192358,574.7844,5428,
2026-04-02 13:33:00,574.25,574.58,573.91,574.41,528129.046284,574.1718,7129,
2026-04-02 13:34:00,574.41,574.6501,574.2,574.55,142601.319242,574.4429,2812,
2026-04-02 13:35:00,574.56,574.56,573.21,573.25,244874.47712,573.7543,3638,
2026-04-02 13:36:00,573.24,573.7,573.04,573.2,218904.930155,573.3724,3162,
2026-04-02 13:37:00,573.21,573.77,573.21,573.5501,151204.894496,573.4906,2382,
2026-04-02 13:38:00,573.54,573.76,572.82,572.86,182856.672484,573.2452,3160,
2026-04-02 13:39:00,572.8599,572.8885,572.11,572.17,275132.018106,572.4216,4437,
2026-04-02 13:40:00,572.195,572.66,571.92,572.255,297876.457872,572.2863,4990,
2026-04-02 13:41:00,572.25,573.38,572.12,573.307,283340.363587,572.6678,5145,
2026-04-02 13:42:00,573.33,573.372,572.46,572.575,312769.115157,572.8612,6457,
2026-04-02 13:43:00,572.58,572.805,572.21,572.3299,190347.15051,572.5321,3639,
2026-04-02 13:44:00,572.32,572.73,572.31,572.7,232287.248219,572.5466,4162,
2026-04-02 13:45:00,572.69,573.7,572.33,573.4651,302959.151446,572.9975,6002,
2026-04-02 13:46:00,573.47,574.27,573.47,574.2,248587.242452,573.7631,5176,
2026-04-02 13:47:00,574.17,574.65,574.07,574.29,256203.242879,574.4458,5298,
2026-04-02 13:48:00,574.2753,574.39,573.99,574.3399,147967.095214,574.1533,3727,
2026-04-02 13:49:00,574.32,574.57,574.01,574.135,193884.033329,574.268,3770,
2026-04-02 13:50:00,574.135,574.5,573.91,574.44,147653.642033,574.2008,3689,
2026-04-02 13:51:00,574.45,575.04,574.295,574.75,180288.973994,574.7868,4302,
2026-04-02 13:52:00,574.76,575.05,574.56,574.89,288224.30057,574.8825,5310,
2026-04-02 13:53:00,574.89,575.94,574.83,575.64,350700.780195,575.4987,6046,
2026-04-02 13:54:00,575.63,576.35,575.45,575.95,340050.113395,575.9123,6388,
2026-04-02 13:55:00,575.95,576.29,575.85,576.15,220045.147621,576.0315,4809,
2026-04-02 13:56:00,576.12,576.26,575.835,576.05,233368.419019,576.0502,5246,
2026-04-02 13:57:00,576.055,576.65,575.73,576.56,248245.957419,576.0581,5092,
2026-04-02 13:58:00,576.55,577.05,576.43,576.94,237652.233822,576.8042,4671,
2026-04-02 13:59:00,576.93,577.43,576.85,577.19,346060.500846,577.0153,4884,
2026-04-02 14:00:00,577.2,577.72,576.96,577.16,424375.215274,577.2251,6844,
2026-04-02 14:01:00,577.14,577.31,576.81,576.89,386949.53505,578.9745,4969,
2026-04-02 14:02:00,576.86,577.13,576.55,576.59,417699.180796,578.6373,5567,
2026-04-02 14:03:00,576.61,576.93,576.385,576.79,195276.029215,576.5868,4183,
2026-04-02 14:04:00,576.7702,577.0,576.51,576.7,108328.425576,576.7114,3211,
2026-04-02 14:05:00,576.7,576.9088,576.23,576.875,178786.581771,576.6436,3871,
2026-04-02 14:06:00,576.87,578.32,576.755,578.27,347876.76676,577.6786,6405,
2026-04-02 14:07:00,578.29,578.31,577.66,577.83,383910.351143,577.9531,6725,
2026-04-02 14:08:00,577.83,578.37,577.57,578.149,214283.40333,578.0026,4021,
2026-04-02 14:09:00,578.12,578.25,577.84,577.96,165503.225138,578.0042,3520,
2026-04-02 14:10:00,577.95,577.9989,577.53,577.85,119035.903628,577.783,3223,
2026-04-02 14:11:00,577.84,578.77,577.79,578.3532,215650.11495,578.3974,4292,
2026-04-02 14:12:00,578.32,578.76,578.07,578.21,352650.546593,578.2991,7259,
2026-04-02 14:13:00,578.21,578.43,577.89,578.11,139517.694142,578.0955,3462,
2026-04-02 14:14:00,578.09,578.23,577.84,578.03,94034.976644,578.0346,2783,
2026-04-02 14:15:00,578.04,578.63,577.95,578.57,121254.220395,578.2992,2930,
2026-04-02 14:16:00,578.6,582.0,578.41,578.48,404495.27538,579.0142,6681,
2026-04-02 14:17:00,578.46,578.99,578.34,578.96,188457.544049,578.65,3714,
2026-04-02 14:18:00,578.935,579.5,578.77,579.33,187636.457922,579.2401,3498,
2026-04-02 14:19:00,579.33,579.36,578.99,579.09,174598.395464,579.1516,3408,
2026-04-02 14:20:00,579.07,579.3199,578.81,578.84,166833.655644,579.0335,4057,
2026-04-02 14:21:00,578.85,579.7,578.84,579.596,247788.29125,579.3264,4069,
2026-04-02 14:22:00,579.56,579.56,579.07,579.295,150165.705425,579.2704,3329,
2026-04-02 14:23:00,579.25,579.45,579.05,579.09,225092.549139,581.6147,3030,
2026-04-02 14:24:00,579.095,579.23,578.862,579.137,128199.981639,579.0048,2661,
2026-04-02 14:25:00,579.1,579.2,578.2,578.47,172999.819366,578.5901,3318,
2026-04-02 14:26:00,578.45,578.88,578.26,578.3,184839.376222,578.6131,3631,
2026-04-02 14:27:00,578.25,578.72,578.13,578.27,155617.180365,578.0983,2668,
2026-04-02 14:28:00,578.31,578.81,578.26,578.7188,130650.337738,578.5346,2784,
2026-04-02 14:29:00,578.65,578.65,578.16,578.23,129312.236445,578.4128,2652,
2026-04-02 14:30:00,578.23,578.59,577.97,578.59,131778.664142,578.2574,2965,
2026-04-02 14:31:00,578.58,579.0199,578.58,578.71,141512.22876,578.791,3214,
2026-04-02 14:32:00,578.705,579.4,578.41,579.11,150604.110989,578.8521,3582,
2026-04-02 14:33:00,579.01,580.33,578.84,580.18,207800.162445,579.7865,4532,
2026-04-02 14:34:00,580.1701,580.2199,579.9,580.0684,242287.143147,581.8936,3439,
2026-04-02 14:35:00,580.06,581.74,579.99,581.59,315899.170301,580.7976,5600,
2026-04-02 14:36:00,581.44,584.79,581.13,584.1345,837998.435756,583.3065,13975,
2026-04-02 14:37:00,584.15,586.05,583.71,585.1,771676.398356,585.1306,12453,
2026-04-02 14:38:00,585.19,585.19,583.1,583.38,742049.189858,583.8116,9442,
2026-04-02 14:39:00,583.375,585.13,582.9501,584.705,366057.619593,583.989,5846,
2026-04-02 14:40:00,584.68,584.81,583.2201,583.4393,240829.45172,583.9936,4595,
2026-04-02 14:41:00,583.44,583.6399,582.56,582.78,253184.372369,582.9319,4524,
2026-04-02 14:42:00,582.79,583.84,582.79,583.22,422573.500982,583.5887,5364,
2026-04-02 14:43:00,583.14,584.3599,583.01,583.89,211113.87082,583.7214,4352,
2026-04-02 14:44:00,583.86,584.61,583.59,584.49,283337.060815,584.1992,4605,
2026-04-02 14:45:00,584.47,584.71,584.17,584.4,221617.006868,584.4787,4410,
2026-04-02 14:46:00,584.41,584.41,583.48,583.61,311362.046712,583.8273,5186,
2026-04-02 14:47:00,583.62,583.8299,583.18,583.6341,150180.133916,583.475,3533,
2026-04-02 14:48:00,583.61,583.725,582.94,583.15,157957.095029,583.2902,3565,
2026-04-02 14:49:00,583.18,583.34,582.42,582.4701,171001.395535,582.8782,3585,
2026-04-02 14:50:00,582.45,582.5499,581.6601,582.135,239627.791971,582.1682,4408,
2026-04-02 14:51:00,582.17,582.36,581.73,581.95,154916.534336,581.97,3290,
2026-04-02 14:52:00,581.91,582.97,581.32,582.92,294935.069196,582.1644,5183,
2026-04-02 14:53:00,582.94,583.2799,582.38,582.465,161545.158875,582.6711,3946,
2026-04-02 14:54:00,582.465,583.24,582.46,582.9999,150023.313328,582.8951,3371,
2026-04-02 14:55:00,582.93,583.86,582.89,583.71,110250.355944,583.4921,3023,
2026-04-02 14:56:00,583.69,584.14,583.55,583.7,125688.427939,583.8462,3327,
2026-04-02 14:57:00,583.705,584.32,583.37,584.2,132049.666635,583.8862,3031,
2026-04-02 14:58:00,584.18,584.49,584.01,584.26,137136.158144,584.2071,3123,
2026-04-02 14:59:00,584.26,584.265,583.62,583.83,83542.600707,583.8936,2698,
2026-04-02 15:00:00,583.82,583.9,582.6,582.72,248847.233936,583.1494,5023,
2026-04-02 15:01:00,582.73,583.07,582.46,582.565,123462.156266,582.6736,3052,
2026-04-02 15:02:00,582.59,582.77,582.185,582.2001,195903.950794,582.4374,4028,
2026-04-02 15:03:00,582.23,583.17,582.13,583.11,151296.842323,582.616,3503,
2026-04-02 15:04:00,583.005,583.83,582.89,583.57,121286.517111,583.3488,3065,
2026-04-02 15:05:00,583.54,583.745,582.9308,583.1,91897.817508,583.2565,2579,
2026-04-02 15:06:00,583.08,583.42,583.02,583.05,63844.772654,583.1964,2317,
2026-04-02 15:07:00,583.0,583.1199,582.55,582.63,90292.342891,582.9015,2665,
2026-04-02 15:08:00,582.66,583.33,582.64,583.16,75850.319992,583.0594,2406,
2026-04-02 15:09:00,583.18,583.58,583.0,583.525,63768.652987,583.2795,2435,
2026-04-02 15:10:00,583.51,584.2,583.3,584.07,117950.170252,583.6886,3019,
2026-04-02 15:11:00,584.05,584.52,583.8471,584.16,109479.4114,584.2049,2953,
2026-04-02 15:12:00,584.17,584.74,584.11,584.5611,108636.388029,584.4607,3394,
2026-04-02 15:13:00,584.55,584.65,584.23,584.27,115452.051653,584.4582,3061,
2026-04-02 15:14:00,584.24,584.25,583.6208,583.944,68991.454438,583.8492,2389,
2026-04-02 15:15:00,583.99,584.08,583.74,583.9101,56640.803176,583.9569,2152,
2026-04-02 15:16:00,583.93,584.31,583.86,584.27,104710.467796,584.1442,2674,
2026-04-02 15:17:00,584.27,584.49,583.7,583.73,93713.583886,584.1355,2867,
2026-04-02 15:18:00,583.68,583.98,583.3,583.9401,128000.78712,583.5815,3112,
2026-04-02 15:19:00,583.905,584.2,583.89,583.9706,82653.197231,584.0454,2488,
2026-04-02 15:20:00,583.99,584.01,582.85,583.15,143712.831524,583.3514,3640,
2026-04-02 15:21:00,583.15,583.28,582.575,583.005,124374.345566,582.8657,2961,
2026-04-02 15:22:00,582.9601,583.35,582.51,582.58,84806.240241,582.8836,2514,
2026-04-02 15:23:00,582.605,582.99,582.605,582.85,93519.478836,582.7774,2615,
2026-04-02 15:24:00,582.9,583.56,582.85,583.36,75125.6593,583.2422,2459,
2026-04-02 15:25:00,583.37,583.38,582.66,582.95,73054.51428,582.9179,2438,
2026-04-02 15:26:00,583.02,583.74,582.95,583.67,95050.520396,583.4436,2786,
2026-04-02 15:27:00,583.67,584.105,583.39,584.105,118034.059094,583.7638,3287,
2026-04-02 15:28:00,584.11,584.48,584.1,584.335,135033.340486,584.2788,3195,
2026-04-02 15:29:00,584.32,584.3479,583.77,583.96,116529.623104,583.9619,2792,
2026-04-02 15:30:00,583.99,584.14,583.47,583.76,77253.747183,583.7443,2546,
2026-04-02 15:31:00,583.77,583.77,583.28,583.64,61061.617968,583.5558,2198,
2026-04-02 15:32:00,583.63,583.72,583.45,583.57,59412.04267,583.5758,2012,
2026-04-02 15:33:00,583.57,583.57,582.97,583.1,100902.666528,583.2446,2296,
2026-04-02 15:34:00,583.13,583.64,582.93,583.61,91786.961863,583.2196,2411,
2026-04-02 15:35:00,583.63,583.945,583.46,583.85,78265.135992,583.7083,2419,
2026-04-02 15:36:00,583.85,584.29,583.81,584.2801,118332.94836,584.0394,2440,
2026-04-02 15:37:00,584.2475,584.7,584.135,584.37,147548.902977,584.4577,3203,
2026-04-02 15:38:00,584.38,584.38,583.98,584.21,83743.055031,584.1047,2204,
2026-04-02 15:39:00,584.17,584.38,583.81,584.03,48838.833474,584.1072,953,
2026-04-02 15:40:00,584.03,584.29,583.78,583.935,89841.615872,583.9478,1221,
2026-04-02 15:41:00,583.95,584.09,583.365,583.54,73968.14192,583.6971,976,
2026-04-02 15:42:00,583.5706,583.71,583.172,583.34,56091.039516,583.4002,943,
2026-04-02 15:43:00,583.41,583.723,583.3,583.6499,67661.406513,583.4769,886,
2026-04-02 15:44:00,583.65,584.255,583.61,584.1,114232.360223,584.0973,1070,
2026-04-02 15:45:00,584.12,584.12,583.26,583.3401,92095.089502,583.5595,929,
2026-04-02 15:46:00,583.35,583.83,583.28,583.59,76277.401245,583.472,807,
2026-04-02 15:47:00,583.59,583.67,583.24,583.65,58101.654438,583.4327,867,
2026-04-02 15:48:00,583.59,583.75,582.97,583.1671,66524.46911,583.319,1058,
2026-04-02 15:49:00,583.17,583.2786,582.84,582.92,57511.202228,583.0504,912,
2026-04-02 15:50:00,582.93,582.985,582.2,582.255,87317.936786,582.4991,1360,
2026-04-02 15:51:00,582.355,582.48,581.73,581.965,137162.272887,582.1352,1998,
2026-04-02 15:52:00,582.0,582.7,581.91,582.66,86319.595404,582.2782,1287,
2026-04-02 15:53:00,582.5899,582.7,582.32,582.38,93676.814332,582.4828,718,
2026-04-02 15:54:00,582.4,583.32,582.3,583.1297,104554.450145,582.965,1515,
2026-04-02 15:55:00,583.06,583.43,582.81,583.43,101317.849134,583.1507,1250,
2026-04-02 15:56:00,583.42,583.42,582.91,582.97,88803.937922,583.1483,1252,
2026-04-02 15:57:00,582.96,583.05,582.47,582.67,56281.327053,582.689,1041,
2026-04-02 15:58:00,582.66,582.91,582.635,582.715,40130.811571,582.7753,670,
2026-04-02 15:59:00,582.7,583.08,582.7,582.8703,32717.401114,582.8884,620,
2026-04-02 16:00:00,582.84,583.12,582.66,582.805,39300.68291,582.9053,771,
2026-04-02 16:01:00,582.79,583.58,582.79,583.51,100204.163394,583.4139,1176,
2026-04-02 16:02:00,583.51,583.52,583.0134,583.13,43206.315799,583.3319,783,
2026-04-02 16:03:00,583.17,583.23,582.926,583.11,62866.429932,583.1007,826,
2026-04-02 16:04:00,583.11,583.1399,582.4,582.635,72335.237216,582.7182,1304,
2026-04-02 16:05:00,582.63,582.9,582.6114,582.81,40080.20188,582.7704,810,
2026-04-02 16:06:00,582.78,582.79,582.444,582.55,63022.224934,582.6334,927,
2026-04-02 16:07:00,582.51,582.515,582.13,582.22,42461.307811,582.3221,885,
2026-04-02 16:08:00,582.21,582.33,581.6,581.6699,61839.697182,582.0036,1188,
2026-04-02 16:09:00,581.66,582.54,581.65,582.42,74067.426255,582.0765,1156,
2026-04-02 16:10:00,582.42,582.57,582.11,582.13,62545.088299,582.2978,1055,
2026-04-02 16:11:00,582.15,582.26,581.89,582.13,47508.35185,582.122,929,
2026-04-02 16:12:00,582.13,582.42,582.05,582.225,99343.518946,582.2106,1600,
2026-04-02 16:13:00,582.15,582.68,582.08,582.55,80921.870748,582.4236,1034,
2026-04-02 16:14:00,582.5001,582.59,582.29,582.2901,53272.065527,582.4337,912,
2026-04-02 16:15:00,582.32,582.34,582.05,582.215,42668.97505,582.2031,934,
2026-04-02 16:16:00,582.26,582.61,582.2001,582.241,47639.055791,582.4597,917,
2026-04-02 16:17:00,582.2698,582.44,581.99,582.15,42659.39757,582.1693,868,
2026-04-02 16:18:00,582.2,582.38,581.86,582.07,61140.610785,582.0767,1137,
2026-04-02 16:19:00,582.08,582.15,581.35,581.38,163689.835314,581.6718,2116,
2026-04-02 16:20:00,581.39,581.56,580.97,581.36,148053.245836,581.2607,1795,
2026-04-02 16:21:00,581.36,581.81,581.35,581.6401,98076.381991,581.5753,1732,
2026-04-02 16:22:00,581.65,581.99,581.595,581.84,49197.06622,581.8354,1001,
2026-04-02 16:23:00,581.7801,582.0,581.38,581.58,181296.876371,583.2001,1167,
2026-04-02 16:24:00,581.57,581.695,581.39,581.39,57375.554396,581.5678,795,
2026-04-02 16:25:00,581.4,581.57,581.17,581.26,50168.833727,581.3598,856,
2026-04-02 16:26:00,581.23,581.67,581.23,581.58,73177.229081,581.499,1076,
2026-04-02 16:27:00,581.59,581.86,581.495,581.76,103424.676446,581.6789,1359,
2026-04-02 16:28:00,581.83,582.2,581.78,581.915,107412.408799,582.0191,1241,
2026-04-02 16:29:00,581.87,581.87,581.66,581.6999,33318.559497,581.7817,611,
2026-04-02 16:30:00,581.67,581.76,581.38,581.44,63213.527576,581.5964,923,
2026-04-02 16:31:00,581.45,581.97,581.36,581.8391,70511.763176,581.6948,1075,
2026-04-02 16:32:00,581.8799,582.67,581.8301,582.64,109527.544629,582.3668,1657,
2026-04-02 16:33:00,582.59,582.9,582.4,582.69,68594.984082,582.7344,1041,
2026-04-02 16:34:00,582.7,582.73,582.44,582.5018,170710.619811,582.3647,664,
2026-04-02 16:35:00,582.5001,582.77,582.28,582.61,75079.646937,582.5139,1096,
2026-04-02 16:36:00,582.61,582.62,581.4081,582.142,195109.682756,581.9891,2979,
2026-04-02 16:37:00,582.13,582.26,581.74,582.08,64023.537111,582.104,903,
2026-04-02 16:38:00,582.09,582.17,581.27,581.84,75303.536398,581.6322,1115,
2026-04-02 16:39:00,581.9094,582.2,581.82,582.1,88365.074457,582.023,841,
2026-04-02 16:40:00,582.05,583.85,582.0201,583.02,417864.90359,582.9432,5954,
2026-04-02 16:41:00,582.96,582.96,582.47,582.695,85533.861837,582.6827,1261,
2026-04-02 16:42:00,582.65,582.93,582.59,582.81,53936.087653,582.7919,875,
2026-04-02 16:43:00,582.77,582.9794,582.66,582.93,39321.293548,582.809,695,
2026-04-02 16:44:00,582.9401,583.385,582.9401,583.1,80044.693805,583.1934,1095,
2026-04-02 16:45:00,583.12,583.44,583.01,583.355,68579.147994,583.2357,1096,
2026-04-02 16:46:00,583.37,583.47,583.2,583.2701,44263.856183,583.3281,693,
2026-04-02 16:47:00,583.27,583.28,582.94,583.16,90782.433005,583.0705,1515,
2026-04-02 16:48:00,583.13,583.14,582.63,582.67,96506.201484,582.8268,1149,
2026-04-02 16:49:00,582.67,583.06,582.665,583.0009,82025.647404,582.8739,1056,
2026-04-02 16:50:00,583.01,583.21,582.98,583.1094,69024.01959,583.1091,804,
2026-04-02 16:51:00,583.09,583.11,582.68,582.92,67280.07416,582.876,799,
2026-04-02 16:52:00,582.96,583.17,582.95,583.0976,25492.657877,583.0832,472,
2026-04-02 16:53:00,583.09,583.29,583.07,583.25,34054.686485,583.2054,592,
2026-04-02 16:54:00,583.25,583.4,583.16,583.22,46874.802668,583.3143,813,
2026-04-02 16:55:00,583.23,583.23,582.93,583.035,40088.740106,583.0974,672,
2026-04-02 16:56:00,583.02,583.02,582.79,582.88,42533.168458,582.905,534,
2026-04-02 16:57:00,582.85,583.07,582.75,582.76,104850.506556,582.9925,1080,
2026-04-02 16:58:00,582.77,582.8954,582.58,582.76,61463.835459,582.7463,896,
2026-04-02 16:59:00,582.76,582.91,582.479,582.52,62581.965247,582.6772,985,
2026-04-02 17:00:00,582.52,582.59,582.02,582.065,98398.030319,582.2969,1589,
2026-04-02 17:01:00,582.08,582.36,581.97,582.07,60590.482173,582.1386,947,
2026-04-02 17:02:00,582.05,582.22,582.03,582.145,38476.396686,582.1161,698,
2026-04-02 17:03:00,582.15,582.8,582.15,582.711,67789.002306,582.4565,1027,
2026-04-02 17:04:00,582.75,582.82,582.56,582.68,30652.163311,582.7215,486,
2026-04-02 17:05:00,582.66,582.78,582.46,582.755,34009.398505,582.64,799,
2026-04-02 17:06:00,582.76,582.835,582.48,582.7299,101761.90046,582.6829,1664,
2026-04-02 17:07:00,582.735,582.93,582.72,582.79,50753.025756,582.8107,826,
2026-04-02 17:08:00,582.7967,582.7967,582.36,582.44,39315.023508,582.5519,771,
2026-04-02 17:09:00,582.469,582.72,582.35,582.645,50235.708878,582.5137,892,
2026-04-02 17:10:00,582.65,582.79,582.56,582.57,48685.514865,582.6798,838,
2026-04-02 17:11:00,582.57,582.74,582.45,582.51,60813.722645,582.6474,748,
2026-04-02 17:12:00,582.51,582.83,582.44,582.795,52228.628831,582.6324,658,
2026-04-02 17:13:00,582.78,583.27,582.74,583.27,78710.775648,582.9484,1139,
2026-04-02 17:14:00,583.26,583.63,583.21,583.35,96475.157399,583.4235,1077,
2026-04-02 17:15:00,583.31,583.58,583.23,583.4501,66164.149854,583.4447,966,
2026-04-02 17:16:00,583.45,583.96,583.41,583.54,108386.583128,583.6637,1372,
2026-04-02 17:17:00,583.52,583.6,583.33,583.53,58898.388864,583.5029,691,
2026-04-02 17:18:00,583.52,583.605,583.38,583.4115,81510.400869,583.5005,1368,
2026-04-02 17:19:00,583.39,583.62,583.36,583.57,70745.891946,583.5024,765,
2026-04-02 17:20:00,583.56,583.72,583.47,583.65,81085.759295,583.595,1026,
2026-04-02 17:21:00,583.63,583.64,583.43,583.57,64172.423781,583.5189,783,
2026-04-02 17:22:00,583.55,583.68,583.35,583.59,66858.574304,583.5398,843,
2026-04-02 17:23:00,583.61,583.83,583.57,583.8001,68023.689215,583.6956,635,
2026-04-02 17:24:00,583.8096,583.92,583.68,583.7309,41884.898722,583.7802,636,
2026-04-02 17:25:00,583.76,583.95,583.69,583.72,39178.050182,583.8206,678,
2026-04-02 17:26:00,583.745,583.78,583.57,583.57,42703.240044,583.6651,572,
2026-04-02 17:27:00,583.5963,583.6799,583.51,583.64,28446.978508,583.5898,466,
2026-04-02 17:28:00,583.665,583.74,583.57,583.66,54563.573945,583.6644,569,
2026-04-02 17:29:00,583.6201,583.66,583.51,583.5399,51027.886216,583.6489,493,
2026-04-02 17:30:00,583.52,583.6426,583.42,583.51,23247.211049,583.5531,858,
2026-04-02 17:31:00,583.53,583.66,583.32,583.34,29729.035378,583.4826,918,
2026-04-02 17:32:00,583.36,583.44,583.28,583.35,49816.586888,583.3791,904,
2026-04-02 17:33:00,583.33,583.38,583.0402,583.18,57466.174868,583.2136,893,
2026-04-02 17:34:00,583.17,583.44,583.16,583.22,48141.446694,583.352,760,
2026-04-02 17:35:00,583.21,583.22,582.85,582.96,150625.240196,583.9254,816,
2026-04-02 17:36:00,582.96,583.12,582.88,582.9638,35991.572504,583.0226,678,
2026-04-02 17:37:00,582.95,582.97,582.78,582.84,30156.215499,582.8595,586,
2026-04-02 17:38:00,582.85,583.09,582.78,582.89,74596.728492,582.9301,944,
2026-04-02 17:39:00,582.9,583.2,582.89,583.158,45817.727669,583.105,663,
2026-04-02 17:40:00,583.16,583.3,583.06,583.06,58761.667452,583.2081,854,
2026-04-02 17:41:00,583.08,583.19,582.8,582.87,67855.511248,583.0092,794,
2026-04-02 17:42:00,582.81,582.83,582.61,582.79,61848.14259,582.732,761,
2026-04-02 17:43:00,582.76,582.91,582.66,582.785,62209.200267,582.8041,685,
2026-04-02 17:44:00,582.76,582.98,582.67,582.93,72114.29241,582.8475,696,
2026-04-02 17:45:00,582.93,582.98,582.48,582.4941,47942.54703,582.7765,714,
2026-04-02 17:46:00,582.47,582.58,582.095,582.24,99602.586913,582.2467,1456,
2026-04-02 17:47:00,582.26,582.32,581.66,581.79,81287.034309,581.9015,1085,
2026-04-02 17:48:00,581.8,581.85,581.41,581.47,68039.657487,581.6344,1074,
2026-04-02 17:49:00,581.48,581.5722,581.34,581.41,69899.050309,581.4438,897,
2026-04-02 17:50:00,581.39,581.81,581.355,581.69,97503.312358,581.6488,980,
2026-04-02 17:51:00,581.7,581.82,581.44,581.45,88977.709926,581.6554,4061,
2026-04-02 17:52:00,581.43,581.52,581.14,581.42,67405.682158,581.3114,2550,
2026-04-02 17:53:00,581.43,581.84,581.41,581.64,68180.961737,581.667,1034,
2026-04-02 17:54:00,581.615,581.92,581.5752,581.9,106932.153024,581.7569,1358,
2026-04-02 17:55:00,581.93,582.13,581.64,581.78,49643.025581,581.8768,775,
2026-04-02 17:56:00,581.775,581.8499,581.58,581.74,44857.120944,581.7273,686,
2026-04-02 17:57:00,581.75,581.77,581.58,581.595,44125.830106,581.6921,635,
2026-04-02 17:58:00,581.595,581.67,581.45,581.6401,49876.041453,581.5831,864,
2026-04-02 17:59:00,581.64,581.92,581.64,581.81,37769.965351,581.7968,756,
2026-04-02 18:00:00,581.815,582.32,581.815,582.12,62875.486439,582.1294,923,
2026-04-02 18:01:00,582.11,582.3899,582.08,582.295,54175.845605,582.244,645,
2026-04-02 18:02:00,582.29,582.3118,582.1202,582.205,26954.627692,582.2413,513,
2026-04-02 18:03:00,582.235,582.37,582.08,582.245,71751.473821,582.2379,919,
2026-04-02 18:04:00,582.221,582.5799,582.14,582.57,39236.132019,582.3908,582,
2026-04-02 18:05:00,582.58,583.08,582.4904,582.95,90631.684928,582.7607,1312,
2026-04-02 18:06:00,582.89,582.93,582.58,582.9,48344.794532,582.8206,678,
2026-04-02 18:07:00,582.91,582.91,582.54,582.6,28859.472711,582.7143,551,
2026-04-02 18:08:00,582.605,582.6875,582.445,582.59,26170.369348,582.5705,394,
2026-04-02 18:09:00,582.59,582.75,582.56,582.6968,36782.751696,582.6541,456,
2026-04-02 18:10:00,582.7094,583.0407,582.66,582.95,59216.1033,582.8135,805,
2026-04-02 18:11:00,582.94,583.0199,582.87,582.9,34608.020591,582.9523,500,
2026-04-02 18:12:00,582.87,582.87,582.56,582.7803,58947.896113,582.7216,673,
2026-04-02 18:13:00,582.75,582.76,582.63,582.71,42566.096854,582.7094,501,
2026-04-02 18:14:00,582.72,582.78,582.52,582.63,32524.04133,582.6452,434,
2026-04-02 18:15:00,582.63,582.68,582.33,582.491,40783.67375,582.5193,670,
2026-04-02 18:16:00,582.49,582.7999,582.46,582.73,52039.959701,582.5943,588,
2026-04-02 18:17:00,582.72,582.885,582.66,582.8276,34854.046421,582.7861,614,
2026-04-02 18:18:00,582.8364,582.92,582.74,582.76,28838.030903,582.8165,400,
2026-04-02 18:19:00,582.78,582.8,582.5,582.64,49402.688373,582.6187,801,
2026-04-02 18:20:00,582.67,582.68,582.53,582.56,31375.673791,582.6031,477,
2026-04-02 18:21:00,582.55,582.71,582.4599,582.62,33738.31168,582.5984,450,
2026-04-02 18:22:00,582.5972,582.72,582.4907,582.72,39156.194105,582.5901,393,
2026-04-02 18:23:00,582.72,582.72,582.5,582.59,32558.701542,582.6302,481,
2026-04-02 18:24:00,582.61,582.6967,582.38,582.38,24961.807592,582.5487,393,
2026-04-02 18:25:00,582.38,582.38,582.06,582.13,60834.522641,582.1695,783,
2026-04-02 18:26:00,582.101,582.2166,581.99,582.09,48652.90688,582.1143,536,
2026-04-02 18:27:00,582.1,582.2123,582.05,582.14,50293.633628,582.1507,652,
2026-04-02 18:28:00,582.195,582.365,582.0972,582.24,42643.979339,582.2445,704,
2026-04-02 18:29:00,582.22,582.37,582.1007,582.18,104393.360993,582.2112,945,
2026-04-02 18:30:00,582.21,582.42,582.16,582.4,37738.172173,582.2483,535,
2026-04-02 18:31:00,582.41,582.48,582.19,582.252,51419.437338,582.348,915,
2026-04-02 18:32:00,582.27,582.35,582.06,582.1304,38070.336899,582.2049,747,
2026-04-02 18:33:00,582.09,582.3,582.05,582.24,30308.41814,582.2028,587,
2026-04-02 18:34:00,582.27,582.4772,582.27,582.405,98797.265912,582.492,604,
2026-04-02 18:35:00,582.4,582.5,582.29,582.45,43949.173682,582.3908,750,
2026-04-02 18:36:00,582.45,582.475,582.3,582.41,41513.458262,582.3796,657,
2026-04-02 18:37:00,582.39,582.49,582.32,582.4701,34654.03043,582.4161,565,
2026-04-02 18:38:00,582.48,582.48,582.185,582.23,58670.312657,582.287,837,
2026-04-02 18:39:00,582.28,582.305,582.06,582.27,68202.638666,582.2158,889,
2026-04-02 18:40:00,582.21,582.81,582.18,582.81,58859.8547,582.4543,836,
2026-04-02 18:41:00,582.81,583.16,582.67,582.94,107305.46685,582.9897,1350,
2026-04-02 18:42:00,582.97,582.98,582.71,582.7701,47653.607227,582.8065,833,
2026-04-02 18:43:00,582.7458,582.75,582.515,582.62,43586.618051,582.6215,807,
2026-04-02 18:44:00,582.62,582.96,582.62,582.95,34887.869561,582.7814,581,
2026-04-02 18:45:00,582.96,583.12,582.78,583.0599,45708.042024,582.9361,797,
2026-04-02 18:46:00,583.06,583.19,582.96,583.14,67692.448622,583.0988,791,
2026-04-02 18:47:00,583.15,583.22,582.99,583.07,151098.401601,583.1128,687,
2026-04-02 18:48:00,583.07,583.19,582.85,582.89,52993.286311,583.0112,831,
2026-04-02 18:49:00,582.87,583.07,582.85,583.06,21160.404976,582.9979,466,
2026-04-02 18:50:00,583.07,583.1627,582.88,582.94,58248.822355,583.0458,739,
2026-04-02 18:51:00,582.92,583.1,582.88,583.06,26237.177866,583.0135,500,
2026-04-02 18:52:00,583.08,583.32,583.05,583.3,44401.54746,583.1921,731,
2026-04-02 18:53:00,583.28,583.54,583.24,583.41,104615.131737,583.3901,1642,
2026-04-02 18:54:00,583.41,583.4201,583.23,583.29,73994.92591,583.3805,1121,
2026-04-02 18:55:00,583.3,583.31,583.01,583.08,75709.39058,583.1599,889,
2026-04-02 18:56:00,583.08,583.25,583.06,583.14,55992.952944,583.1535,784,
2026-04-02 18:57:00,583.15,583.2,583.06,583.08,19265.367164,583.1455,380,
2026-04-02 18:58:00,583.08,583.18,583.05,583.0709,43223.920965,583.1276,538,
2026-04-02 18:59:00,583.05,583.09,582.87,582.9642,50680.958544,582.9948,772,
2026-04-02 19:00:00,582.99,583.22,582.93,583.12,73879.939055,583.0574,1302,
2026-04-02 19:01:00,583.115,583.285,583.09,583.2,52045.708218,583.2128,799,
2026-04-02 19:02:00,583.215,583.38,583.215,583.33,62537.838628,583.3316,849,
2026-04-02 19:03:00,583.31,583.33,583.15,583.175,38660.374151,583.2524,728,
2026-04-02 19:04:00,583.18,583.18,583.03,583.179,58119.873887,583.0967,810,
2026-04-02 19:05:00,583.12,583.59,583.12,583.41,105694.797885,583.4004,1422,
2026-04-02 19:06:00,583.4,583.48,583.28,583.44,20118.283637,583.4099,431,
2026-04-02 19:07:00,583.45,583.5553,583.36,583.5065,19870.325977,583.4694,377,
2026-04-02 19:08:00,583.51,583.57,583.27,583.505,61945.466053,583.455,1114,
2026-04-02 19:09:00,583.51,583.55,583.365,583.515,110787.533132,583.4523,705,
2026-04-02 19:10:00,583.51,583.81,583.5,583.8001,77054.866528,583.6885,940,
2026-04-02 19:11:00,583.8,583.96,583.7108,583.8001,47229.024972,583.8635,828,
2026-04-02 19:12:00,583.81,583.84,583.68,583.7799,59126.385181,583.7685,668,
2026-04-02 19:13:00,583.77,583.77,583.61,583.62,44758.54038,583.6823,639,
2026-04-02 19:14:00,583.6202,583.65,583.44,583.53,65780.719504,583.5777,792,
2026-04-02 19:15:00,583.53,583.6499,583.38,583.44,55088.732903,583.4927,893,
2026-04-02 19:16:00,583.42,583.4395,583.14,583.305,101690.18391,583.2826,1784,
2026-04-02 19:17:00,583.32,583.3298,583.1501,583.2,48969.107155,583.266,686,
2026-04-02 19:18:00,583.16,583.23,583.08,583.085,64994.966498,583.1804,640,
2026-04-02 19:19:00,583.099,583.35,583.06,583.28,74849.33605,583.2328,1018,
2026-04-02 19:20:00,583.27,583.31,583.15,583.15,74557.911081,583.2528,1006,
2026-04-02 19:21:00,583.15,583.2,582.96,583.019,59910.967401,583.071,830,
2026-04-02 19:22:00,583.03,583.34,582.85,583.34,66667.145692,583.1006,954,
2026-04-02 19:23:00,583.3399,583.57,583.0801,583.45,60879.83132,583.3396,1027,
2026-04-02 19:24:00,583.44,583.46,583.15,583.18,56988.199123,583.3881,685,
2026-04-02 19:25:00,583.18,583.18,582.93,582.96,57154.270044,583.0819,1053,
2026-04-02 19:26:00,582.9593,583.04,582.8401,583.0,100402.170452,582.9296,1374,
2026-04-02 19:27:00,582.98,583.19,582.97,583.07,60959.687887,583.0903,909,
2026-04-02 19:28:00,583.05,583.11,582.92,583.01,78193.596587,583.0167,910,
2026-04-02 19:29:00,583.01,583.17,582.99,583.129,34186.761702,583.0863,530,
2026-04-02 19:30:00,583.12,583.29,583.09,583.1996,57795.031929,583.1705,836,
2026-04-02 19:31:00,583.2,583.36,583.1502,583.275,38991.646737,583.2742,511,
2026-04-02 19:32:00,583.27,583.36,583.0775,583.13,54708.803492,583.2113,787,
2026-04-02 19:33:00,583.14,583.19,582.91,582.97,47475.363513,583.0414,690,
2026-04-02 19:34:00,582.97,583.11,582.91,583.0901,58537.919931,583.0234,649,
2026-04-02 19:35:00,583.1,583.36,583.0501,583.25,44254.515403,583.2509,753,
2026-04-02 19:36:00,583.25,583.42,583.2,583.335,54696.012772,583.3191,772,
2026-04-02 19:37:00,583.33,583.4,583.23,583.242,36951.322676,583.2896,627,
2026-04-02 19:38:00,583.23,583.39,583.22,583.34,44902.769011,583.3288,806,
2026-04-02 19:39:00,583.33,583.505,583.26,583.47,76017.929238,583.3963,930,
2026-04-02 19:40:00,583.48,583.675,583.42,583.66,182483.63791,583.4541,1116,
2026-04-02 19:41:00,583.67,583.69,583.38,583.45,71058.717008,583.5415,984,
2026-04-02 19:42:00,583.45,583.5299,583.27,583.28,52485.047075,583.3853,970,
2026-04-02 19:43:00,583.27,583.42,583.25,583.27,66986.419625,583.324,968,
2026-04-02 19:44:00,583.27,583.285,583.08,583.1,114887.150033,583.2117,1283,
2026-04-02 19:45:00,583.11,583.28,582.9701,583.08,153132.015888,583.1242,1788,
2026-04-02 19:46:00,583.1,583.19,583.03,583.18,86857.221394,583.1732,939,
2026-04-02 19:47:00,583.17,583.34,583.13,583.31,96056.117801,583.2103,1274,
2026-04-02 19:48:00,583.325,583.395,583.1358,583.27,66630.066262,583.2658,1118,
2026-04-02 19:49:00,583.275,583.33,583.2,583.27,69890.746174,583.2749,942,
2026-04-02 19:50:00,583.26,584.53,583.26,584.21,229947.399096,584.0263,4053,
2026-04-02 19:51:00,584.2,584.22,583.9401,584.185,157458.762849,584.0863,2207,
2026-04-02 19:52:00,584.19,584.43,584.125,584.35,172650.407373,584.2492,2379,
2026-04-02 19:53:00,584.33,584.5,584.25,584.3664,132664.129419,584.3206,2090,
2026-04-02 19:54:00,584.36,584.63,584.2701,584.53,248874.383684,584.4804,3414,
2026-04-02 19:55:00,584.53,585.06,584.39,584.8,293246.933902,584.7598,4400,
2026-04-02 19:56:00,584.79,584.84,584.6,584.685,186907.007321,584.7079,2654,
2026-04-02 19:57:00,584.685,584.82,584.51,584.8,232406.979039,584.7008,2758,
2026-04-02 19:58:00,584.81,584.95,584.72,584.735,237654.009273,584.8127,2884,
2026-04-02 19:59:00,584.73,585.09,584.675,585.0,799987.580615,584.8434,8761,
2026-04-02 20:00:00,584.97,585.06,584.69,584.89,94145.440276,584.8741,485,
2026-04-02 20:01:00,584.91,585.16,584.87,584.96,33097.852558,585.0567,364,
2026-04-02 20:02:00,585.01,585.01,584.78,584.86,47099.838546,584.9229,460,
2026-04-02 20:03:00,584.87,585.06,584.87,585.05,31214.485911,584.8665,151,
2026-04-02 20:04:00,585.05,585.06,584.8363,584.8363,235515.319303,584.4056,256,
2026-04-02 20:05:00,584.81,584.82,584.69,584.69,64545.154487,584.8027,267,
2026-04-02 20:06:00,584.68,584.69,584.57,584.67,14839.467407,584.654,159,
2026-04-02 20:07:00,584.69,584.79,584.69,584.74,42557.180174,583.2307,78,
2026-04-02 20:08:00,584.7499,584.7499,584.5,584.5,26823.171997,584.5681,222,
2026-04-02 20:09:00,584.5,584.59,584.48,584.5,14012.455142,584.5413,138,
2026-04-02 20:10:00,584.58,584.63,584.58,584.6,5733.099935,584.614,62,
2026-04-02 20:11:00,584.58,584.76,584.57,584.74,24793.135646,584.5655,105,
2026-04-02 20:12:00,584.77,584.8,584.71,584.71,175301.956706,584.974,62,
2026-04-02 20:13:00,584.68,584.7,584.65,584.7,15381.033451,584.6876,85,
2026-04-02 20:14:00,584.66,584.82,584.61,584.77,20466.058695,584.7023,139,
2026-04-02 20:15:00,584.77,584.8665,584.7,584.8665,77968.818516,584.7939,103,
2026-04-02 20:16:00,584.8205,584.83,584.68,584.68,44559.011969,584.7739,101,
2026-04-02 20:17:00,584.7,584.73,584.66,584.69,6531.747356,584.7673,64,
2026-04-02 20:18:00,584.6652,584.71,584.65,584.71,11448.773839,584.7139,64,
2026-04-02 20:19:00,584.7,584.7,584.62,584.6793,16313.134263,584.6599,84,
2026-04-02 20:20:00,584.6439,584.67,584.6,584.6,13289.100296,584.641,90,
2026-04-02 20:21:00,584.5954,584.64,584.5885,584.5885,4439.578674,584.7009,43,
2026-04-02 20:22:00,584.56,584.67,584.56,584.67,1394.346872,584.7901,32,
2026-04-02 20:23:00,584.6892,584.76,584.67,584.75,9439.784903,584.7787,71,
2026-04-02 20:24:00,584.72,584.77,584.68,584.68,1153.134509,584.8138,26,
2026-04-02 20:25:00,584.72,584.72,584.69,584.6959,838.082091,584.7629,26,
2026-04-02 20:26:00,584.71,584.7199,584.63,584.67,11454.769044,584.698,92,
2026-04-02 20:27:00,584.67,584.8,584.6677,584.8,1194.814409,585.0902,43,
2026-04-02 20:28:00,584.79,584.89,584.77,584.89,5644.051259,584.8078,65,
2026-04-02 20:29:00,584.92,585.29,584.9,585.17,11907.377688,585.1383,230,
2026-04-02 20:30:00,585.1,585.1562,585.06,585.14,2346.41336,585.2051,53,
2026-04-02 20:31:00,584.95,585.05,584.95,585.03,1968.100728,585.0399,48,
2026-04-02 20:32:00,585.02,585.02,584.88,584.88,3063.672574,585.0848,83,
2026-04-02 20:33:00,584.9065,584.95,584.9065,584.91,4466.161826,584.9608,35,
2026-04-02 20:34:00,584.9,584.91,584.68,584.68,6544.404725,584.8062,153,
2026-04-02 20:35:00,584.6861,584.6861,584.6861,584.6861,434.651825,585.5748,28,
2026-04-02 20:36:00,584.7,584.75,584.7,584.7138,2049.521608,585.1246,61,
2026-04-02 20:37:00,584.72,584.73,584.65,584.66,3026.906075,584.8598,37,
2026-04-02 20:38:00,584.6718,584.6718,584.59,584.63,21124.436701,584.6178,123,
2026-04-02 20:39:00,584.79,584.83,584.71,584.75,1854.470429,584.9186,21,
2026-04-02 20:40:00,584.74,584.74,584.6,584.6,15249.146794,584.6731,81,
2026-04-02 20:41:00,584.67,584.69,584.66,584.69,18401.153173,584.6871,97,
2026-04-02 20:42:00,584.69,584.8,584.69,584.8,4683.322053,584.7381,22,
2026-04-02 20:43:00,584.76,584.9,584.7405,584.83,6761.021747,584.8854,33,
2026-04-02 20:44:00,584.83,584.87,584.83,584.83,30245.822724,584.8607,96,
2026-04-02 20:45:00,584.9,584.91,584.89,584.9003,419.291478,585.3079,26,
2026-04-02 20:46:00,584.89,584.96,584.89,584.96,3566.566184,585.0327,102,
2026-04-02 20:47:00,584.96,585.02,584.9319,584.94,4746.952443,585.0975,106,
2026-04-02 20:48:00,584.8897,584.95,584.8897,584.95,691.08381,584.9835,28,
2026-04-02 20:49:00,584.95,584.95,584.88,584.88,638.0,584.9052,19,
2026-04-02 20:50:00,584.8969,584.8969,584.7401,584.77,6272.129702,584.778,74,
2026-04-02 20:51:00,584.8,584.8,584.78,584.78,9622.523652,584.8177,47,
2026-04-02 20:52:00,584.81,584.82,584.81,584.81,1145.244973,584.9436,15,
2026-04-02 20:53:00,584.81,584.84,584.8,584.8,7012.377376,584.8545,56,
2026-04-02 20:54:00,584.81,584.82,584.76,584.8,1624.486834,584.9707,20,
2026-04-02 20:55:00,584.81,584.82,584.79,584.8,1491.653645,585.0509,45,
2026-04-02 20:56:00,584.78,584.798,584.75,584.798,1059.172717,584.8788,11,
2026-04-02 20:57:00,584.75,584.75,584.72,584.72,3639.059851,584.7305,41,
2026-04-02 20:58:00,584.8,584.8722,584.8,584.8722,1952.777413,585.0617,39,
2026-04-02 20:59:00,584.81,584.88,584.81,584.88,954.773014,585.353,22,
2026-04-02 21:01:00,584.87,584.9,584.87,584.9,377.0,584.8852,8,
2026-04-02 21:02:00,584.88,584.88,584.8706,584.8706,238.058588,585.0047,20,
2026-04-02 21:03:00,584.76,584.76,584.76,584.76,232.736164,586.6336,31,
2026-04-02 21:04:00,584.76,584.82,584.76,584.82,10628.575432,584.8003,39,
2026-04-02 21:05:00,584.8199,584.82,584.7999,584.8,2592.411972,584.9022,44,
2026-04-02 21:06:00,584.87,584.87,584.8604,584.8604,241.119934,585.1454,15,
2026-04-02 21:08:00,584.7976,584.9,584.7976,584.9,1338.790193,585.2006,30,
2026-04-02 21:10:00,584.8,584.8,584.7605,584.7605,2040.091796,584.8078,14,
2026-04-02 21:11:00,584.85,584.85,584.78,584.78,738.644456,585.3102,23,
2026-04-02 21:12:00,584.8,584.8,584.8,584.8,318.107508,585.0032,30,
2026-04-02 21:13:00,584.77,584.85,584.77,584.85,271.0,584.7908,9,
2026-04-02 21:14:00,584.81,584.81,584.81,584.81,342.090738,584.968,11,
2026-04-02 21:15:00,584.77,584.83,584.77,584.83,633.862708,585.6192,69,
2026-04-02 21:16:00,584.77,584.77,584.76,584.76,708.957575,585.5648,29,
2026-04-02 21:18:00,584.75,584.77,584.74,584.77,1293.17171,584.8288,28,
2026-04-02 21:19:00,584.7724,584.7724,584.72,584.74,2644.034237,584.7527,36,
2026-04-02 21:20:00,584.72,584.73,584.72,584.72,874.153874,584.8227,22,
2026-04-02 21:21:00,584.57,584.73,584.57,584.73,546.719583,585.4464,30,
2026-04-02 21:22:00,584.7564,584.7564,584.7,584.7,141.063715,584.9907,17,
2026-04-02 21:23:00,584.7,584.7,584.7,584.7,423.371161,585.2104,8,
2026-04-02 21:26:00,584.73,584.73,584.73,584.73,132.01671,584.8006,11,
2026-04-02 21:28:00,584.72,584.72,584.72,584.72,335.815809,586.1411,14,
2026-04-02 21:29:00,584.68,584.68,584.65,584.65,342.038616,584.7358,22,
2026-04-02 21:30:00,584.62,584.62,584.57,584.57,1700.489788,584.7544,51,
2026-04-02 21:34:00,584.6,584.6202,584.6,584.6202,376.453327,585.3246,13,
2026-04-02 21:35:00,584.6,584.7,584.6,584.7,10578.981367,584.6704,58,
2026-04-02 21:36:00,584.71,584.8,584.71,584.8,2595.425351,584.8573,75,
2026-04-02 21:42:00,584.76,584.76,584.71,584.71,1114.004224,584.7287,14,
2026-04-02 21:43:00,584.79,584.79,584.79,584.79,45.005,584.8528,6,
2026-04-02 21:45:00,584.71,584.75,584.7,584.7,2196.09,584.7394,29,
2026-04-02 21:46:00,584.69,584.69,584.68,584.68,183.078675,584.9332,7,
2026-04-02 21:47:00,584.61,584.6119,584.61,584.6119,154.0,584.6132,5,
2026-04-02 21:48:00,584.669,584.67,584.62,584.65,555.826917,585.5204,12,
2026-04-02 21:49:00,584.61,584.68,584.61,584.62,893.724784,585.1048,41,
2026-04-02 21:50:00,584.62,584.62,584.59,584.59,1169.123927,584.6696,43,
2026-04-02 21:51:00,584.601,584.63,584.57,584.57,506.637057,585.3348,28,
2026-04-02 21:52:00,584.6,584.6,584.58,584.6,504.191078,584.8148,17,
2026-04-02 21:53:00,584.62,584.62,584.6,584.6,531.110727,584.727,27,
2026-04-02 21:54:00,584.6,584.6,584.6,584.6,476.059868,584.6733,16,
2026-04-02 21:56:00,584.56,584.56,584.56,584.56,228.050755,584.6907,10,
2026-04-02 21:57:00,584.57,584.57,584.56,584.56,216.349804,585.5211,16,
2026-04-02 21:58:00,584.6383,584.6383,584.6383,584.6383,100.249257,586.0955,3,
2026-04-02 22:00:00,584.65,584.65,584.45,584.56,2339.376495,584.6398,76,
2026-04-02 22:01:00,584.4,584.41,584.4,584.4004,9473.056473,584.4036,45,
2026-04-02 22:03:00,584.54,584.6,584.54,584.6,200.4842,585.9612,16,
2026-04-02 22:04:00,584.51,584.51,584.5,584.5,810.520663,584.8779,11,
2026-04-02 22:05:00,584.46,584.56,584.46,584.47,2086.702652,584.6887,22,
2026-04-02 22:06:00,584.52,584.56,584.5,584.56,1431.75831,584.8395,21,
2026-04-02 22:08:00,584.5,584.5,584.4576,584.5,2224.918495,584.7138,19,
2026-04-02 22:09:00,584.46,584.56,584.44,584.56,1598.030436,584.4944,28,
2026-04-02 22:11:00,584.5,584.52,584.42,584.42,3065.815979,584.6235,43,
2026-04-02 22:12:00,584.41,584.43,584.41,584.41,1178.611979,584.7146,18,
2026-04-02 22:13:00,584.41,584.41,584.41,584.41,268.288077,585.0381,22,
2026-04-02 22:14:00,584.41,584.41,584.39,584.41,682.737429,585.0326,34,
2026-04-02 22:15:00,584.41,584.44,584.41,584.44,446.0,584.4219,10,
2026-04-02 22:16:00,584.5,584.6,584.49,584.56,966.070902,584.598,18,
2026-04-02 22:17:00,584.58,584.58,584.33,584.35,3414.060674,584.5104,39,
2026-04-02 22:18:00,584.55,584.55,584.53,584.53,443.89512,585.7247,11,
2026-04-02 22:19:00,584.64,584.88,584.24,584.24,3630.776,584.7194,134,
2026-04-02 22:20:00,584.36,584.36,584.0104,584.06,16049.582757,584.114,132,
2026-04-02 22:21:00,584.19,584.2,584.07,584.2,4074.328821,584.2059,57,
2026-04-02 22:22:00,584.28,584.29,584.25,584.25,1211.467867,584.5055,48,
2026-04-02 22:23:00,584.381,584.55,584.381,584.54,2685.784579,584.6427,50,
2026-04-02 22:24:00,584.41,584.41,584.41,584.41,1029.585243,584.7431,14,
2026-04-02 22:26:00,584.49,584.73,584.49,584.73,739.083856,584.6552,40,
2026-04-02 22:27:00,584.68,584.83,584.68,584.83,2120.636982,584.9695,58,
2026-04-02 22:28:00,584.8,584.8,584.79,584.79,1520.360562,584.9292,29,
2026-04-02 22:30:00,584.8,584.8,584.8,584.8,133.22278,585.7,14,
2026-04-02 22:31:00,584.8,584.8,584.79,584.79,2305.028129,584.8003,32,
2026-04-02 22:32:00,584.84,584.88,584.83,584.84,2399.258702,584.9128,42,
2026-04-02 22:33:00,584.85,584.8899,584.8,584.8,2563.990294,585.0939,39,
2026-04-02 22:34:00,584.8,584.8,584.77,584.8,6909.53949,584.8317,37,
2026-04-02 22:35:00,584.779,584.78,584.779,584.7799,1051.305472,584.9491,18,
2026-04-02 22:37:00,584.7204,584.7487,584.6505,584.6505,423.184301,584.947,14,
2026-04-02 22:38:00,584.67,584.68,584.67,584.68,637.384107,585.0244,17,
2026-04-02 22:39:00,584.68,584.68,584.64,584.64,146.312549,585.9031,15,
2026-04-02 22:40:00,584.68,584.68,584.68,584.68,73.902124,591.9058,8,
2026-04-02 22:41:00,584.7387,584.7387,584.68,584.68,274.89824,586.6096,20,
2026-04-02 22:42:00,584.63,584.63,584.63,584.63,102.258104,586.1103,7,
2026-04-02 22:44:00,584.64,584.64,584.64,584.64,82.637212,589.2072,13,
2026-04-02 22:45:00,584.6,584.6309,584.5871,584.62,1510.004405,584.5984,20,
2026-04-02 22:46:00,584.6,584.6,584.6,584.6,782.508075,584.981,14,
2026-04-02 22:47:00,584.58,584.58,584.53,584.53,858.048673,584.6032,19,
2026-04-02 22:48:00,584.57,584.6,584.57,584.6,519.754355,585.4421,23,
2026-04-02 22:49:00,584.54,584.6022,584.54,584.6022,388.220138,584.9138,11,
2026-04-02 22:50:00,584.6569,584.6569,584.6569,584.6569,237.089419,584.876,8,
2026-04-02 22:51:00,584.66,584.66,584.6,584.6,600.319961,584.9637,17,
2026-04-02 22:52:00,584.61,584.62,584.55,584.55,8412.349328,584.6342,23,
2026-04-02 22:53:00,584.6,584.6798,584.6,584.6798,8186.238196,584.6472,81,
2026-04-02 22:54:00,584.6791,584.71,584.6565,584.6996,5607.274863,584.7272,38,
2026-04-02 22:55:00,584.6965,584.6965,584.65,584.65,534.69954,585.4423,21,
2026-04-02 22:57:00,584.5892,584.5892,584.5575,584.56,3016.006466,584.5679,16,
2026-04-02 22:58:00,584.57,584.57,584.53,584.53,5390.885058,584.6505,115,
2026-04-02 22:59:00,584.56,584.6022,584.56,584.6022,617.590168,585.1265,9,
2026-04-02 23:00:00,584.5,584.5,584.26,584.31,2733.280244,584.4504,79,
2026-04-02 23:01:00,584.41,584.4741,584.41,584.42,1296.219578,584.5434,19,
2026-04-02 23:02:00,584.39,584.3969,584.3726,584.39,1324.610951,584.6594,16,
2026-04-02 23:03:00,584.3623,584.4466,584.3623,584.4466,571.341006,584.7397,16,
2026-04-02 23:04:00,584.44,584.45,584.3835,584.3835,2529.804997,584.6258,27,
2026-04-02 23:05:00,584.38,584.42,584.37,584.37,400.23115,584.7228,11,
2026-04-02 23:06:00,584.45,584.46,584.41,584.4101,857.228436,584.5947,19,
2026-04-02 23:07:00,584.41,584.41,584.4,584.4,563.140326,584.5523,14,
2026-04-02 23:08:00,584.4,584.42,584.3621,584.3621,501.008556,584.4131,10,
2026-04-02 23:09:00,584.33,584.38,584.33,584.36,923.111234,584.4395,16,
2026-04-02 23:10:00,584.33,584.4,584.33,584.4,1027.436198,584.5868,14,
2026-04-02 23:11:00,584.4,584.4,584.3332,584.3332,432.0,584.3813,10,
2026-04-02 23:12:00,584.35,584.35,584.35,584.35,264.463185,585.3769,12,
2026-04-02 23:13:00,584.4,584.41,584.35,584.35,1243.248475,584.4756,14,
2026-04-02 23:17:00,584.4,584.4093,584.4,584.4093,280.781638,586.0342,9,
2026-04-02 23:18:00,584.48,584.48,584.48,584.48,344.148392,584.726,17,
2026-04-02 23:20:00,584.44,584.44,584.44,584.44,105.441444,586.897,9,
2026-04-02 23:22:00,584.47,584.52,584.4612,584.52,598.198494,584.6949,18,
2026-04-02 23:23:00,584.4576,584.5292,584.4576,584.5292,350.603173,585.5139,12,
2026-04-02 23:24:00,584.49,584.49,584.43,584.45,223.193849,584.9597,11,
2026-04-02 23:25:00,584.49,584.49,584.49,584.49,72.008571,584.5467,9,
2026-04-02 23:26:00,584.5768,584.5768,584.56,584.56,809.733706,585.0907,18,
2026-04-02 23:27:00,584.53,584.74,584.52,584.74,4186.688698,584.7168,96,
2026-04-02 23:28:00,584.6746,584.72,584.66,584.71,2366.04301,584.6883,40,
2026-04-02 23:29:00,584.67,584.68,584.67,584.67,576.278774,584.956,12,
2026-04-02 23:30:00,584.73,584.76,584.66,584.66,2597.507804,584.8507,34,
2026-04-02 23:31:00,584.76,584.85,584.76,584.8,1468.417022,584.9802,41,
2026-04-02 23:32:00,584.76,584.76,584.67,584.68,5656.005199,584.7459,26,
2026-04-02 23:34:00,584.69,584.74,584.68,584.74,2741.0,584.7032,13,
2026-04-02 23:35:00,584.79,584.8,584.79,584.8,351.659719,585.892,16,
2026-04-02 23:36:00,584.71,584.71,584.71,584.71,108.122588,585.3769,16,
2026-04-02 23:38:00,584.71,584.71,584.69,584.69,1587.068412,584.7213,28,
2026-04-02 23:39:00,584.69,584.79,584.69,584.74,1950.171008,584.7972,12,
2026-04-02 23:40:00,584.76,584.81,584.76,584.81,442.155529,584.9726,12,
2026-04-02 23:41:00,584.81,584.81,584.79,584.7969,1266.521331,585.0429,18,
2026-04-02 23:42:00,584.82,584.82,584.7807,584.7807,1585.082833,584.8459,19,
2026-04-02 23:43:00,584.78,584.81,584.7726,584.81,922.228164,584.9499,8,
2026-04-02 23:44:00,584.83,584.83,584.79,584.79,764.568157,585.2519,15,
2026-04-02 23:45:00,584.79,584.8,584.79,584.8,357.195394,585.1113,16,
2026-04-02 23:46:00,584.74,584.74,584.68,584.68,2368.661828,584.8758,27,
2026-04-02 23:47:00,584.7,584.7,584.67,584.67,1389.056439,584.7188,13,
2026-04-02 23:48:00,584.7,584.82,584.7,584.82,10504.533469,584.8278,56,
2026-04-02 23:49:00,584.75,584.82,584.75,584.82,763.339971,585.0392,22,
2026-04-02 23:50:00,584.73,584.73,584.66,584.66,1368.656659,584.9845,23,
2026-04-02 23:51:00,584.6747,584.6747,584.6747,584.6747,128.877295,588.6671,13,
2026-04-02 23:52:00,584.76,584.76,584.63,584.63,1302.676644,585.0445,22,
2026-04-02 23:54:00,584.65,584.65,584.65,584.65,158.501298,586.513,17,
2026-04-02 23:55:00,584.6801,584.6801,584.68,584.68,244.119719,584.9679,13,
2026-04-02 23:56:00,584.7,584.82,584.7,584.82,1867.008972,584.7528,34,
2026-04-02 23:57:00,584.82,584.82,584.72,584.72,3407.081314,584.8098,36,
2026-04-02 23:58:00,584.79,584.79,584.7,584.71,6073.173697,584.7442,63,
2026-04-02 23:59:00,584.7999,584.84,584.77,584.8,2858.30447,584.864,37,
2026-04-06 08:00:00,586.95,587.59,584.8,587.42,138831.311769,585.9579,2971,
2026-04-06 08:01:00,585.59,587.5,585.09,587.37,32619.0,586.1359,280,
2026-04-06 08:02:00,587.45,587.57,587.45,587.57,7641.139293,587.4904,86,
2026-04-06 08:03:00,587.53,587.7134,587.51,587.572,6969.0142,587.6039,119,
2026-04-06 08:04:00,587.59,587.77,587.58,587.76,5521.116235,587.6631,103,
2026-04-06 08:05:00,587.76,587.78,587.51,587.6278,4464.012997,587.6959,116,
2026-04-06 08:06:00,587.67,587.68,587.37,587.42,2826.382167,587.5076,74,
2026-04-06 08:07:00,587.39,587.4,587.32,587.4,1585.029496,587.3665,48,
2026-04-06 08:08:00,587.37,587.61,587.36,587.6,5647.008722,587.4507,95,
2026-04-06 08:09:00,587.54,587.63,587.54,587.62,1060.130997,587.6195,25,
2026-04-06 08:10:00,587.65,587.65,587.46,587.4832,3905.011283,587.5435,77,
2026-04-06 08:11:00,587.46,587.66,587.46,587.64,1275.026066,587.5887,43,
2026-04-06 08:12:00,587.64,587.64,587.55,587.56,2016.0,587.6006,42,
2026-04-06 08:13:00,587.64,587.71,587.64,587.66,1499.009458,587.6664,29,
2026-04-06 08:14:00,587.65,587.71,587.61,587.62,5982.0,587.661,78,
2026-04-06 08:15:00,587.7,587.88,587.69,587.88,2413.039006,587.7388,55,
2026-04-06 08:16:00,587.53,587.75,587.53,587.75,1552.0,587.6461,41,
2026-04-06 08:17:00,587.74,587.78,587.66,587.75,2015.0,587.7384,37,
2026-04-06 08:18:00,587.73,587.73,587.32,587.38,2861.079461,587.4883,89,
2026-04-06 08:19:00,587.38,587.46,587.35,587.44,2382.420412,587.4085,50,
2026-04-06 08:20:00,587.45,587.73,587.45,587.73,3598.039109,587.6122,72,
2026-04-06 08:21:00,587.74,587.79,587.64,587.79,2059.017344,587.7366,58,
2026-04-06 08:22:00,587.76,587.86,587.67,587.83,974.026004,587.7564,39,
2026-04-06 08:23:00,587.86,587.86,587.75,587.76,744.052759,587.8017,44,
2026-04-06 08:24:00,587.7,587.95,587.63,587.95,1977.083676,587.8359,63,
2026-04-06 08:25:00,587.98,588.37,587.98,588.37,6707.396172,588.1932,192,
2026-04-06 08:26:00,588.36,588.36,588.24,588.3,6360.588889,588.3043,74,
2026-04-06 08:27:00,588.33,588.34,588.2586,588.3,2369.004377,588.3108,42,
2026-04-06 08:28:00,588.2,588.21,588.0,588.07,3039.045046,588.0598,64,
2026-04-06 08:29:00,588.25,588.25,588.15,588.19,1499.091,588.1831,31,
2026-04-06 08:30:00,588.2,588.25,588.2,588.25,2356.0,588.231,52,
2026-04-06 08:31:00,588.08,588.28,588.08,588.28,437.024416,588.2408,28,
2026-04-06 08:32:00,588.27,588.457,588.27,588.42,2979.372237,588.3978,58,
2026-04-06 08:33:00,588.52,588.52,588.4,588.45,373.031877,588.474,22,
2026-04-06 08:34:00,588.51,588.7,588.51,588.57,3075.070146,588.6324,108,
2026-04-06 08:35:00,588.57,588.93,588.57,588.93,4733.135998,588.747,126,
2026-04-06 08:36:00,588.89,589.17,588.63,589.1278,23537.091992,588.9265,346,
2026-04-06 08:37:00,589.05,589.06,588.86,588.9,1362.06,589.0003,56,
2026-04-06 08:38:00,588.87,589.0827,588.87,589.0827,5715.0,589.0081,57,
2026-04-06 08:39:00,588.99,589.0,588.94,588.94,1548.024821,588.9727,50,
2026-04-06 08:40:00,589.0,589.04,588.89,589.04,2083.0,588.9834,45,
2026-04-06 08:41:00,589.05,589.18,589.0,589.08,1327.019979,589.1194,35,
2026-04-06 08:42:00,589.12,589.25,589.0,589.09,4318.248506,589.1565,68,
2026-04-06 08:43:00,588.9921,588.9921,588.9921,588.9921,272.00168,589.0155,19,
2026-04-06 08:44:00,589.15,589.21,589.1,589.2,2825.008782,589.1775,52,
2026-04-06 08:45:00,589.11,589.11,588.92,588.98,1967.737312,589.0102,59,
2026-04-06 08:46:00,588.95,589.08,588.95,589.05,2189.0,589.0047,38,
2026-04-06 08:47:00,589.12,589.2,588.94,588.99,2502.0,589.0802,53,
2026-04-06 08:48:00,589.0,589.09,589.0,589.06,1522.984618,589.0301,39,
2026-04-06 08:49:00,589.07,589.15,589.05,589.09,3060.0,589.0928,35,
2026-04-06 08:50:00,589.06,589.06,588.8,588.88,1716.030703,588.8708,60,
2026-04-06 08:51:00,588.87,588.89,588.77,588.8,1518.451912,588.8253,45,
2026-04-06 08:52:00,588.73,588.74,588.65,588.68,4288.061368,588.7045,72,
2026-04-06 08:53:00,588.68,588.69,588.5336,588.5418,3630.129231,588.633,58,
2026-04-06 08:54:00,588.62,588.73,588.59,588.68,2556.084927,588.6818,52,
2026-04-06 08:55:00,588.6661,588.6661,588.66,588.66,644.006743,588.6665,18,
2026-04-06 08:56:00,588.67,588.73,588.67,588.71,1318.0,588.7016,25,
2026-04-06 08:57:00,588.76,588.94,588.72,588.94,1780.050532,588.8169,59,
2026-04-06 08:58:00,588.78,588.78,588.7,588.72,1404.0,588.7568,37,
2026-04-06 08:59:00,588.68,588.68,588.68,588.68,404.0,588.6768,17,
2026-04-06 09:00:00,588.72,588.76,588.72,588.76,860.00877,588.7205,40,
2026-04-06 09:01:00,588.8018,588.9,588.77,588.9,1205.020496,588.8293,31,
2026-04-06 09:02:00,588.8972,588.97,588.8972,588.95,1690.865698,588.9196,57,
2026-04-06 09:03:00,588.99,589.14,588.99,589.14,2816.061337,589.0929,50,
2026-04-06 09:04:00,589.07,589.07,589.01,589.05,3358.0,589.0489,56,
2026-04-06 09:05:00,589.03,589.35,589.03,589.06,3207.299106,589.2284,71,
2026-04-06 09:06:00,589.07,589.1296,589.07,589.08,723.076,589.0993,27,
2026-04-06 09:07:00,589.06,589.09,588.83,588.95,1389.343832,588.989,44,
2026-04-06 09:08:00,588.95,589.04,588.95,589.02,1522.769084,588.9954,31,
2026-04-06 09:09:00,589.02,589.02,588.99,588.99,1258.098412,589.0071,23,
2026-04-06 09:10:00,589.02,589.04,588.89,588.89,421.398605,588.9981,27,
2026-04-06 09:11:00,588.8421,588.92,588.83,588.87,580.008766,588.8649,20,
2026-04-06 09:12:00,588.83,588.87,588.83,588.87,1071.138266,588.8446,38,
2026-04-06 09:13:00,588.87,588.87,588.87,588.87,477.233228,588.8685,30,
2026-04-06 09:14:00,588.88,588.88,588.81,588.87,3165.0,588.8309,61,
2026-04-06 09:15:00,588.83,588.83,588.76,588.76,1576.017543,588.7969,22,
2026-04-06 09:16:00,588.78,588.8427,588.77,588.8,1683.159,588.794,35,
2026-04-06 09:17:00,588.75,588.78,588.68,588.71,3529.283657,588.7067,43,
2026-04-06 09:18:00,588.74,588.94,588.74,588.91,2712.388367,588.8424,56,
2026-04-06 09:19:00,588.9,589.09,588.9,589.0896,1627.107913,589.035,45,
2026-04-06 09:20:00,589.09,589.09,589.09,589.09,146.004382,589.0653,9,
2026-04-06 09:21:00,589.05,589.15,589.05,589.13,2321.021913,589.1132,39,
2026-04-06 09:22:00,589.1696,589.34,589.16,589.24,2553.052914,589.2038,64,
2026-04-06 09:23:00,589.27,589.31,589.16,589.2,2687.008848,589.2537,50,
2026-04-06 09:24:00,589.19,589.19,588.8,588.8,2033.285717,588.9493,67,
2026-04-06 09:25:00,588.88,588.95,588.78,588.78,1717.074408,588.8478,60,
2026-04-06 09:26:00,588.8,588.8,588.75,588.75,319.004383,588.8089,22,
2026-04-06 09:27:00,588.93,588.98,588.93,588.96,879.169919,588.9564,28,
2026-04-06 09:28:00,588.9,588.94,588.9,588.94,662.817981,588.9298,25,
2026-04-06 09:29:00,588.9,588.99,588.88,588.97,857.848271,588.9508,25,
2026-04-06 09:30:00,589.01,589.05,588.91,589.05,1305.608767,588.9887,29,
2026-04-06 09:31:00,589.08,589.13,589.0,589.12,3141.030711,589.0556,53,
2026-04-06 09:32:00,589.07,589.072,589.01,589.072,284.036878,589.0524,11,
2026-04-06 09:33:00,589.02,589.06,589.02,589.06,382.0,589.0283,7,
2026-04-06 09:34:00,589.05,589.09,589.01,589.07,1435.0,589.0533,25,
2026-04-06 09:35:00,589.06,589.06,589.0,589.0,1392.408491,589.0094,35,
2026-04-06 09:36:00,588.96,588.9817,588.9,588.9817,638.0,588.9434,19,
2026-04-06 09:37:00,588.93,588.97,588.93,588.95,3888.33233,588.9581,25,
2026-04-06 09:38:00,588.96,588.99,588.96,588.99,1130.100933,588.9648,28,
2026-04-06 09:39:00,588.9101,588.94,588.9101,588.93,1251.057776,588.9248,15,
2026-04-06 09:40:00,588.94,588.94,588.83,588.9,2282.092573,588.9008,23,
2026-04-06 09:41:00,588.87,588.89,588.85,588.89,700.0,588.8635,14,
2026-04-06 09:42:00,588.85,588.85,588.85,588.85,1091.0,588.8503,13,
2026-04-06 09:43:00,588.84,588.85,588.79,588.79,1504.01756,588.8152,38,
2026-04-06 09:44:00,588.75,588.75,588.74,588.75,1744.035088,588.746,55,
2026-04-06 09:45:00,588.73,588.81,588.72,588.81,6781.0,588.7869,50,
2026-04-06 09:46:00,588.79,588.82,588.78,588.8,1559.008197,588.8044,30,
2026-04-06 09:47:00,588.82,588.88,588.79,588.79,781.0,588.8327,18,
2026-04-06 09:49:00,588.7218,588.84,588.7218,588.76,636.0,588.7981,14,
2026-04-06 09:50:00,588.61,588.61,588.45,588.45,748.110885,588.5174,58,
2026-04-06 09:51:00,588.62,588.62,588.49,588.61,1375.0,588.5809,34,
2026-04-06 09:52:00,588.61,588.62,588.44,588.5,1599.0,588.521,38,
2026-04-06 09:53:00,588.47,588.58,588.4,588.4,1107.067557,588.5205,53,
2026-04-06 09:54:00,588.2,588.3425,587.88,588.18,11940.341641,588.1338,289,
2026-04-06 09:55:00,588.27,588.33,588.18,588.24,3733.119019,588.3023,34,
2026-04-06 09:56:00,588.01,588.2,588.01,588.09,2775.842454,588.0994,53,
2026-04-06 09:57:00,588.06,588.06,587.79,587.89,2810.07895,587.8844,78,
2026-04-06 09:58:00,587.88,587.92,587.79,587.85,7142.008718,587.8512,93,
2026-04-06 09:59:00,587.8443,587.9,587.8443,587.89,3199.0,587.8697,48,
2026-04-06 10:00:00,587.89,587.91,587.68,587.7,6387.102151,587.8215,102,
2026-04-06 10:01:00,587.682,587.82,587.682,587.81,5515.0,587.7987,75,
2026-04-06 10:02:00,587.83,588.0,587.79,587.79,10316.042312,587.8771,102,
2026-04-06 10:03:00,587.76,587.82,587.68,587.81,6970.039304,587.7157,58,
2026-04-06 10:04:00,587.87,588.01,587.87,588.01,937.008735,587.9735,15,
2026-04-06 10:05:00,587.94,587.96,587.89,587.92,526.008743,587.928,18,
2026-04-06 10:06:00,587.94,588.27,587.94,588.27,3855.109349,588.1415,78,
2026-04-06 10:07:00,588.22,588.28,588.22,588.2496,8788.049448,588.2292,71,
2026-04-06 10:08:00,588.24,588.24,588.23,588.24,459.206571,588.2415,17,
2026-04-06 10:09:00,588.321,588.4,588.32,588.4,2852.021919,588.345,48,
2026-04-06 10:10:00,588.39,588.42,588.39,588.42,1880.026265,588.3947,33,
2026-04-06 10:11:00,588.33,588.33,588.26,588.27,2226.0,588.2974,32,
2026-04-06 10:12:00,588.2,588.42,588.2,588.41,3332.0,588.3914,63,
2026-04-06 10:13:00,588.41,588.41,588.31,588.31,756.14767,588.3474,31,
2026-04-06 10:14:00,588.26,588.29,588.21,588.21,728.224792,588.232,17,
2026-04-06 10:15:00,588.24,588.24,588.13,588.15,1521.004377,588.1603,21,
2026-04-06 10:16:00,588.1,588.25,588.1,588.25,599.137755,588.1724,24,
2026-04-06 10:18:00,588.15,588.17,588.13,588.13,379.0,588.1517,15,
2026-04-06 10:19:00,588.26,588.26,588.14,588.19,1266.0,588.2049,25,
2026-04-06 10:20:00,588.15,588.16,588.02,588.02,2730.195886,588.0574,43,
2026-04-06 10:21:00,588.1,588.1,588.1,588.1,201.0,588.0945,10,
2026-04-06 10:22:00,588.13,588.18,588.12,588.14,1483.0,588.1551,27,
2026-04-06 10:23:00,588.17,588.22,588.17,588.22,359.0,588.184,15,
2026-04-06 10:24:00,588.17,588.21,588.1,588.1,6318.0,588.1669,30,
2026-04-06 10:25:00,587.99,588.01,587.96,588.01,5397.119758,587.9976,88,
2026-04-06 10:26:00,587.93,587.93,587.73,587.78,2834.0822,587.8356,77,
2026-04-06 10:27:00,587.73,587.8,587.7,587.8,2252.099643,587.7636,40,
2026-04-06 10:28:00,587.85,587.89,587.84,587.88,487.039305,587.8898,26,
2026-04-06 10:29:00,588.04,588.14,588.04,588.14,1275.021804,588.0823,44,
2026-04-06 10:30:00,588.01,588.01,587.9,587.9,461.0,587.9814,20,
2026-04-06 10:31:00,588.04,588.19,588.04,588.19,586.035098,588.1612,27,
2026-04-06 10:32:00,588.13,588.13,588.0,588.03,645.0,588.0434,18,
2026-04-06 10:33:00,588.04,588.15,588.03,588.14,651.02229,588.0786,25,
2026-04-06 10:34:00,588.07,588.12,588.07,588.12,265.0,588.086,10,
2026-04-06 10:35:00,588.11,588.1421,588.11,588.1421,649.025338,588.13,26,
2026-04-06 10:36:00,588.1,588.29,588.1,588.29,771.792498,588.2234,33,
2026-04-06 10:37:00,588.28,588.28,588.28,588.28,411.004392,588.2773,22,
2026-04-06 10:38:00,588.3,588.33,588.27,588.27,541.028017,588.2907,30,
2026-04-06 10:39:00,588.2,588.2,588.2,588.2,145.2,588.2041,8,
2026-04-06 10:41:00,588.21,588.22,588.19,588.22,364.006,588.2043,15,
2026-04-06 10:42:00,588.1,588.11,588.06,588.1,804.008774,588.0878,27,
2026-04-06 10:43:00,588.03,588.03,588.03,588.03,116.008779,588.0362,11,
2026-04-06 10:44:00,588.1,588.12,588.07,588.07,820.206,588.0871,20,
2026-04-06 10:45:00,588.05,588.05,588.05,588.05,174.0,588.0532,17,
2026-04-06 10:46:00,587.99,588.01,586.42,586.9,34212.862766,587.2171,837,
2026-04-06 10:47:00,586.99,587.28,586.89,587.1,5183.105594,587.1298,102,
2026-04-06 10:48:00,587.1,587.67,587.1,587.6483,2702.174421,587.4871,104,
2026-04-06 10:49:00,587.71,587.75,587.46,587.5,4572.026089,587.5839,86,
2026-04-06 10:50:00,587.63,587.79,587.44,587.67,8254.021699,587.611,107,
2026-04-06 10:51:00,587.66,587.66,587.44,587.44,1363.073935,587.5642,60,
2026-04-06 10:52:00,587.34,587.6,587.34,587.6,634.043525,587.4318,28,
2026-04-06 10:53:00,587.54,587.54,587.54,587.54,171.0,587.5926,14,
2026-04-06 10:54:00,587.52,587.52,587.25,587.31,2503.075214,587.3508,78,
2026-04-06 10:55:00,587.38,587.47,587.38,587.39,798.0,587.4118,23,
2026-04-06 10:56:00,587.54,587.54,587.48,587.48,638.008721,587.5126,23,
2026-04-06 10:57:00,587.4,587.5,587.23,587.42,3676.0,587.4457,37,
2026-04-06 10:58:00,587.3,587.3,587.22,587.22,455.008628,587.2692,17,
2026-04-06 10:59:00,587.31,587.41,587.31,587.41,480.0,587.3519,19,
2026-04-06 11:00:00,587.4,587.41,587.13,587.18,8792.150578,587.2134,199,
2026-04-06 11:01:00,587.14,587.26,587.1,587.17,3929.66805,587.1811,80,
2026-04-06 11:02:00,587.18,587.35,587.18,587.26,4067.147743,587.2425,68,
2026-04-06 11:03:00,587.23,587.23,586.95,587.0596,2797.074138,587.0496,99,
2026-04-06 11:04:00,586.94,587.2,586.9,587.13,2538.01309,587.0784,76,
2026-04-06 11:05:00,587.02,587.1093,587.02,587.09,1806.015328,587.0488,48,
2026-04-06 11:06:00,587.0935,587.2,587.0935,587.2,1781.021795,587.1679,47,
2026-04-06 11:07:00,586.99,587.0336,586.91,586.91,3920.031522,586.9546,71,
2026-04-06 11:08:00,587.0363,587.13,587.0363,587.0501,1663.0,587.0876,37,
2026-04-06 11:09:00,587.08,587.1799,587.01,587.15,7116.0,587.1039,76,
2026-04-06 11:10:00,587.0991,587.0991,586.8,586.9,3541.039695,586.9773,95,
2026-04-06 11:11:00,586.9,586.94,586.64,586.71,3661.075678,586.8053,110,
2026-04-06 11:12:00,586.66,586.86,586.65,586.67,3266.0,586.7848,56,
2026-04-06 11:13:00,586.78,586.87,586.71,586.81,5333.006425,586.811,68,
2026-04-06 11:14:00,586.9,586.98,586.72,586.72,1545.035823,586.8921,56,
2026-04-06 11:15:00,586.69,586.9183,586.6,586.8501,11608.022256,586.7183,101,
2026-04-06 11:16:00,586.81,586.93,586.8,586.92,2108.073208,586.8743,52,
2026-04-06 11:17:00,586.99,587.1619,586.98,587.1619,3660.06682,587.0302,72,
2026-04-06 11:18:00,587.19,587.25,587.11,587.2,3459.152044,587.1769,100,
2026-04-06 11:19:00,587.22,587.3,587.21,587.2554,4007.002367,587.2637,74,
2026-04-06 11:20:00,587.2,587.2,587.0833,587.0833,2526.0,587.1562,51,
2026-04-06 11:21:00,587.1,587.12,587.03,587.03,2038.0,587.0678,38,
2026-04-06 11:22:00,587.0,587.0,586.65,586.65,6666.145791,586.756,123,
2026-04-06 11:23:00,586.71,586.86,586.71,586.8574,4955.0,586.7977,66,
2026-04-06 11:24:00,586.86,586.93,586.86,586.9,1946.035385,586.8991,35,
2026-04-06 11:25:00,586.99,587.03,586.8565,586.8565,1398.044537,586.9776,59,
2026-04-06 11:26:00,586.89,586.93,586.89,586.89,573.00392,586.9297,26,
2026-04-06 11:27:00,586.85,586.91,586.85,586.89,583.57,586.8731,19,
2026-04-06 11:28:00,587.0402,587.07,587.03,587.04,1210.524568,587.0423,29,
2026-04-06 11:29:00,587.05,587.1,587.05,587.1,855.013367,587.0748,43,
2026-04-06 11:30:00,587.04,587.04,586.92,586.92,1305.28422,586.984,41,
2026-04-06 11:31:00,586.99,587.13,586.99,587.13,4287.008922,587.1219,23,
2026-04-06 11:32:00,587.04,587.15,586.95,587.15,6671.008832,587.1111,43,
2026-04-06 11:33:00,587.16,587.25,587.13,587.25,9286.034969,587.1741,95,
2026-04-06 11:34:00,587.18,587.24,587.18,587.225,584.0,587.2003,23,
2026-04-06 11:35:00,587.2048,587.35,586.98,587.31,4428.660133,587.1665,163,
2026-04-06 11:36:00,587.23,587.2339,587.15,587.2294,3054.373,587.1776,139,
2026-04-06 11:37:00,587.25,587.3,587.25,587.3,343.657992,587.1437,101,
2026-04-06 11:38:00,587.3,587.3,587.18,587.1835,4704.28117,587.2532,95,
2026-04-06 11:39:00,587.2139,587.2139,587.16,587.1901,634.02041,587.1479,73,
2026-04-06 11:40:00,587.26,587.27,587.17,587.18,1060.516,587.211,27,
2026-04-06 11:41:00,587.12,587.1508,587.03,587.03,1195.0619,587.093,46,
2026-04-06 11:42:00,587.05,587.18,587.03,587.18,559.553731,587.0931,30,
2026-04-06 11:43:00,587.16,587.17,586.98,586.98,1150.616166,587.0322,46,
2026-04-06 11:44:00,587.0,587.0,586.88,586.89,1738.793445,586.9144,75,
2026-04-06 11:45:00,586.93,587.08,586.93,587.08,1964.218,587.0218,44,
2026-04-06 11:46:00,587.07,587.07,587.04,587.04,405.441389,587.0675,9,
2026-04-06 11:47:00,587.14,587.14,586.92,586.92,1155.777,587.0093,26,
2026-04-06 11:48:00,586.98,587.1,586.98,587.1,1345.149347,587.0222,40,
2026-04-06 11:49:00,587.01,587.09,587.01,587.09,596.48,587.0375,26,
2026-04-06 11:50:00,587.1,587.29,587.1,587.24,948.540168,587.1288,47,
2026-04-06 11:51:00,587.26,587.34,587.18,587.32,914.935545,587.2933,47,
2026-04-06 11:52:00,587.39,587.39,587.22,587.28,1093.580567,587.3207,40,
2026-04-06 11:53:00,587.14,587.19,587.14,587.15,847.957,587.1572,26,
2026-04-06 11:54:00,587.19,587.28,587.186,587.28,6459.969919,587.2007,45,
2026-04-06 11:55:00,587.12,587.13,587.1,587.13,1023.863582,587.1108,43,
2026-04-06 11:56:00,587.13,587.13,587.06,587.07,4367.640485,587.0779,63,
2026-04-06 11:57:00,587.21,587.24,587.13,587.24,1679.025,587.1782,33,
2026-04-06 11:58:00,587.2,587.2201,587.145,587.2,8066.507,587.1945,105,
2026-04-06 11:59:00,587.15,587.17,587.1,587.17,1495.240935,587.133,41,
2026-04-06 12:00:00,587.15,587.22,587.1,587.2,11159.958888,587.6427,157,
2026-04-06 12:01:00,587.12,587.1691,587.05,587.1338,4804.485585,587.0992,284,
2026-04-06 12:02:00,587.18,587.21,586.84,586.94,40447.507677,586.9969,658,
2026-04-06 12:03:00,586.97,587.11,586.96,587.05,4668.532696,587.0069,78,
2026-04-06 12:04:00,584.542,587.06,584.542,587.04,2391.063118,586.3602,57,
2026-04-06 12:05:00,587.03,587.12,587.03,587.12,705.88103,587.0632,38,
2026-04-06 12:06:00,587.08,587.19,587.05,587.12,3394.952489,587.0583,62,
2026-04-06 12:07:00,587.09,587.15,587.09,587.11,2250.679242,587.106,57,
2026-04-06 12:08:00,587.11,587.25,587.11,587.25,3025.433279,587.1371,64,
2026-04-06 12:09:00,587.18,587.2,587.05,587.1,6581.484286,587.0988,94,
2026-04-06 12:10:00,587.15,587.19,587.15,587.16,957.194265,587.1718,31,
2026-04-06 12:11:00,587.2,587.28,587.11,587.12,3097.23495,587.1965,83,
2026-04-06 12:12:00,587.1109,587.28,587.1109,587.19,2967.406525,587.2033,59,
2026-04-06 12:13:00,587.15,587.15,586.89,587.01,15256.473695,587.0015,296,
2026-04-06 12:14:00,586.95,587.1,586.94,587.1,3007.055583,586.9969,68,
2026-04-06 12:15:00,587.12,587.12,587.03,587.11,7607.327093,587.0734,64,
2026-04-06 12:16:00,587.2026,587.27,587.198,587.21,5761.795384,587.2067,83,
2026-04-06 12:17:00,587.15,587.15,587.12,587.149,716.235011,587.1487,39,
2026-04-06 12:18:00,587.23,587.23,587.14,587.14,981.295914,587.1735,46,
2026-04-06 12:19:00,587.12,587.12,587.02,587.02,781.639479,587.0665,46,
2026-04-06 12:20:00,587.06,587.06,586.71,586.76,11022.18555,586.9463,201,
2026-04-06 12:21:00,586.82,586.99,586.82,586.8865,2207.593825,586.9396,72,
2026-04-06 12:22:00,586.91,586.96,586.88,586.93,3338.49324,586.9074,52,
2026-04-06 12:23:00,586.92,587.24,586.92,587.24,1727.888308,587.098,79,
2026-04-06 12:24:00,587.2461,587.2485,587.12,587.12,1001.653146,587.1972,52,
2026-04-06 12:25:00,587.22,587.22,587.19,587.19,803.679526,587.1909,29,
2026-04-06 12:26:00,587.14,587.15,587.11,587.11,5593.315924,587.1127,47,
2026-04-06 12:27:00,587.15,587.25,587.15,587.19,3487.64435,587.2029,58,
2026-04-06 12:28:00,587.17,587.4,587.17,587.29,4072.737742,587.3151,105,
2026-04-06 12:29:00,587.369,587.4,587.21,587.23,2799.101396,587.2762,47,
2026-04-06 12:30:00,587.21,587.24,587.19,587.19,1245.233856,587.2313,32,
2026-04-06 12:31:00,587.1401,587.24,587.0315,587.24,1181.628785,587.1284,45,
2026-04-06 12:32:00,587.23,587.23,587.11,587.14,2742.884098,587.154,41,
2026-04-06 12:33:00,587.18,587.48,587.17,587.4646,3412.062683,587.3571,98,
2026-04-06 12:34:00,587.4613,587.6829,587.4613,587.61,5414.81978,587.5996,151,
2026-04-06 12:35:00,587.6291,587.6291,587.54,587.59,2842.921961,587.5848,100,
2026-04-06 12:36:00,587.62,587.6255,587.48,587.58,11154.453577,587.5661,103,
2026-04-06 12:37:00,587.61,587.64,587.53,587.6,11115.267298,587.5852,128,
2026-04-06 12:38:00,587.61,587.64,587.49,587.5539,1489.765115,587.5685,54,
2026-04-06 12:39:00,587.51,587.539,587.47,587.49,3185.493604,587.5028,69,
2026-04-06 12:40:00,587.5,587.54,587.37,587.37,2041.722756,587.4799,61,
2026-04-06 12:41:00,587.35,587.41,587.31,587.41,1294.057752,587.3486,42,
2026-04-06 12:42:00,587.4681,587.4681,587.34,587.4108,1447.650038,587.415,57,
2026-04-06 12:43:00,587.3,587.41,587.3,587.41,6072.487481,587.3102,90,
2026-04-06 12:44:00,587.38,587.42,587.36,587.41,1401.335217,587.3999,48,
2026-04-06 12:45:00,587.53,587.76,587.51,587.53,17730.375563,587.6592,220,
2026-04-06 12:46:00,587.55,587.89,587.54,587.88,7272.107238,587.7599,176,
2026-04-06 12:47:00,587.87,587.92,587.73,587.8,5999.308058,587.83,132,
2026-04-06 12:48:00,587.78,587.85,587.62,587.62,1389.748153,587.7633,52,
2026-04-06 12:49:00,587.65,587.65,587.42,587.42,2845.255806,587.4881,78,
2026-04-06 12:50:00,587.4,587.52,587.4,587.51,2083.137975,587.4491,65,
2026-04-06 12:51:00,587.5,587.64,587.5,587.53,1822.370382,587.5643,59,
2026-04-06 12:52:00,587.59,587.59,587.22,587.22,3074.132661,587.4481,81,
2026-04-06 12:53:00,587.32,587.37,587.22,587.36,1189.759091,587.3313,39,
2026-04-06 12:54:00,587.2759,587.3,587.27,587.27,1710.269026,587.2824,30,
2026-04-06 12:55:00,587.24,587.33,587.21,587.25,7853.724089,587.2593,109,
2026-04-06 12:56:00,587.29,587.3,587.1127,587.1127,4097.272033,587.2039,84,
2026-04-06 12:57:00,587.13,587.2,587.12,587.17,1927.170309,587.156,45,
2026-04-06 12:58:00,587.19,587.22,587.1465,587.2,1594.175516,587.187,42,
2026-04-06 12:59:00,587.14,587.22,587.07,587.22,4292.387836,587.1426,91,
2026-04-06 13:00:00,587.22,587.23,587.12,587.13,1291.411084,587.1838,64,
2026-04-06 13:01:00,587.03,587.03,586.85,586.8624,5363.893005,586.9627,177,
2026-04-06 13:02:00,586.82,586.89,586.77,586.8193,4185.094674,586.8177,91,
2026-04-06 13:03:00,586.75,586.99,586.75,586.94,5194.800087,586.8985,90,
2026-04-06 13:04:00,586.9,586.9292,586.73,586.73,3798.13704,586.8103,96,
2026-04-06 13:05:00,586.74,586.7707,586.66,586.66,7686.880108,586.7048,148,
2026-04-06 13:06:00,586.63,586.63,586.45,586.52,26205.557223,586.504,349,
2026-04-06 13:07:00,586.53,586.67,586.36,586.637,7885.312342,586.5053,151,
2026-04-06 13:08:00,586.66,586.82,586.65,586.748,7433.307411,586.736,129,
2026-04-06 13:09:00,586.8,587.12,586.79,587.06,6339.037446,586.9215,170,
2026-04-06 13:10:00,587.0,587.02,586.92,586.99,5863.966592,586.9616,120,
2026-04-06 13:11:00,587.03,587.21,587.02,587.14,9552.659454,587.0952,148,
2026-04-06 13:12:00,587.12,587.3732,587.1,587.34,5575.655069,587.2123,112,
2026-04-06 13:13:00,587.33,587.33,587.17,587.1965,4697.521703,587.247,98,
2026-04-06 13:14:00,587.2,587.23,587.16,587.2,4154.619289,587.2025,81,
2026-04-06 13:15:00,587.22,587.26,587.15,587.19,2435.959502,587.2196,72,
2026-04-06 13:16:00,587.18,587.31,587.12,587.2395,4776.405208,587.2029,71,
2026-04-06 13:17:00,587.23,587.35,587.21,587.2948,6805.553982,587.2744,108,
2026-04-06 13:18:00,587.25,587.3,587.1,587.15,5699.674035,587.1951,78,
2026-04-06 13:19:00,587.06,587.06,586.83,586.8558,6133.284755,586.9441,141,
2026-04-06 13:20:00,586.8499,586.91,586.56,586.56,13390.8147,586.7652,184,
2026-04-06 13:21:00,586.6,586.66,586.56,586.66,3925.974576,586.5934,79,
2026-04-06 13:22:00,586.66,586.7,586.35,586.35,6948.300548,586.5499,142,
2026-04-06 13:23:00,586.62,586.77,586.5834,586.62,6010.694189,586.6673,114,
2026-04-06 13:24:00,586.64,586.66,586.5956,586.65,2450.044763,586.6235,71,
2026-04-06 13:25:00,586.59,586.93,586.55,586.81,7318.334763,586.7526,125,
2026-04-06 13:26:00,586.81,586.82,586.68,586.68,3651.266817,586.7364,65,
2026-04-06 13:27:00,586.8,586.92,586.57,586.68,4051.109945,586.7165,87,
2026-04-06 13:28:00,586.64,586.64,586.4,586.4,121316.904526,586.4333,702,
2026-04-06 13:29:00,586.4,586.4,586.01,586.15,15372.499871,586.2221,278,
2026-04-06 13:30:00,586.23,587.76,586.13,587.73,560915.968023,586.7861,18338,
2026-04-06 13:31:00,587.74,588.27,587.59,588.0994,227794.209849,587.9515,3551,
2026-04-06 13:32:00,588.07,588.41,587.25,587.43,209541.567308,587.7904,3635,
2026-04-06 13:33:00,587.44,588.72,587.25,588.64,203366.696027,588.1005,3890,
2026-04-06 13:34:00,588.6499,588.6499,587.92,588.34,128466.655145,588.2514,2772,
2026-04-06 13:35:00,588.34,588.78,587.615,587.615,223037.848156,588.1883,4135,
2026-04-06 13:36:00,587.615,587.62,585.885,585.95,408183.342326,586.605,7984,
2026-04-06 13:37:00,585.88,586.48,585.73,586.23,385919.357211,586.0877,6614,
2026-04-06 13:38:00,586.22,586.69,585.86,586.52,176315.076993,586.3073,2850,
2026-04-06 13:39:00,586.53,587.15,586.5,586.91,114858.563,586.8941,1894,
2026-04-06 13:40:00,586.92,586.97,586.13,586.8299,199473.923212,586.5228,2643,
2026-04-06 13:41:00,586.78,587.48,586.755,587.32,131712.660754,587.0887,2336,
2026-04-06 13:42:00,587.37,587.725,587.11,587.625,97822.191723,587.4575,2134,
2026-04-06 13:43:00,587.635,588.15,587.52,587.77,150097.160644,587.8505,3106,
2026-04-06 13:44:00,587.725,587.92,587.47,587.6999,95276.491791,587.7138,2517,
2026-04-06 13:45:00,587.7,588.685,587.63,588.507,225393.653215,588.2015,4929,
2026-04-06 13:46:00,588.505,589.02,588.265,588.515,223290.792057,588.6871,5152,
2026-04-06 13:47:00,588.51,588.81,588.0,588.74,143738.657624,588.3502,4417,
2026-04-06 13:48:00,588.73,588.79,588.3,588.6094,98041.19121,588.5214,2928,
2026-04-06 13:49:00,588.625,588.96,588.46,588.5,122315.472957,588.6994,3338,
2026-04-06 13:50:00,588.52,588.93,588.38,588.93,128754.557227,588.6692,3521,
2026-04-06 13:51:00,588.95,589.6,588.84,589.26,214379.623161,589.183,5252,
2026-04-06 13:52:00,589.275,589.495,588.9,589.01,170341.727129,589.2652,4260,
2026-04-06 13:53:00,589.005,589.32,588.6,589.25,219599.416181,587.0464,3253,
2026-04-06 13:54:00,589.24,589.46,588.9,588.9,112567.507744,589.1881,3228,
2026-04-06 13:55:00,588.93,589.21,588.5,588.57,133433.841491,588.9224,3892,
2026-04-06 13:56:00,588.58,589.185,588.47,589.11,113798.720673,588.8094,3153,
2026-04-06 13:57:00,589.1324,589.37,589.0501,589.14,96051.815664,589.2008,2946,
2026-04-06 13:58:00,589.15,589.28,588.77,589.09,92585.599488,589.0628,2615,
2026-04-06 13:59:00,589.1,589.67,589.01,589.5501,130602.769602,589.3233,3521,
2026-04-06 14:00:00,589.56,590.61,588.68,589.3423,310531.376847,589.6179,7032,
2026-04-06 14:01:00,589.35,589.395,588.42,588.5598,263663.222092,588.8547,5333,
2026-04-06 14:02:00,588.52,588.86,588.22,588.34,134065.694698,588.5582,3552,
2026-04-06 14:03:00,588.325,588.505,587.74,587.76,146000.451576,588.1456,3800,
2026-04-06 14:04:00,587.82,587.97,586.7,586.81,264376.64901,586.4448,3867,
2026-04-06 14:05:00,586.77,587.27,586.53,586.5951,299227.00736,586.2345,3858,
2026-04-06 14:06:00,586.58,586.98,586.32,586.95,180504.830127,586.6781,3915,
2026-04-06 14:07:00,586.95,587.1,586.61,586.6617,243319.773424,586.9497,4501,
2026-04-06 14:08:00,586.7,587.09,586.59,586.955,90279.684703,586.8324,2964,
2026-04-06 14:09:00,586.9401,587.44,586.9401,587.4,123064.187415,587.2412,3198,
2026-04-06 14:10:00,587.37,587.62,586.49,586.65,122003.519822,586.9152,3389,
2026-04-06 14:11:00,586.64,587.81,586.61,587.67,139655.717327,587.3454,3288,
2026-04-06 14:12:00,587.63,587.92,587.48,587.62,174596.239564,587.763,4197,
2026-04-06 14:13:00,587.59,588.05,587.33,587.905,123219.279008,587.7071,3326,
2026-04-06 14:14:00,587.88,588.32,587.75,588.215,109936.183371,588.0922,2844,
2026-04-06 14:15:00,588.26,588.7,588.16,588.6899,166216.439336,588.4372,3660,
2026-04-06 14:16:00,588.68,588.8,588.36,588.6,105134.221799,588.5208,3063,
2026-04-06 14:17:00,588.57,588.62,588.23,588.37,103086.288548,588.3804,3107,
2026-04-06 14:18:00,588.34,588.4,587.94,588.255,101399.266329,588.1225,3158,
2026-04-06 14:19:00,588.24,588.75,588.16,588.59,69131.818821,588.4651,2723,
2026-04-06 14:20:00,588.6,588.94,588.4601,588.57,76500.568491,588.7023,2624,
2026-04-06 14:21:00,588.56,589.15,588.42,589.01,65318.223379,588.8375,2390,
2026-04-06 14:22:00,589.005,589.03,588.72,588.78,74666.141319,588.9297,2243,
2026-04-06 14:23:00,588.78,589.0,588.56,589.0,43635.339583,588.7956,2241,
2026-04-06 14:24:00,588.99,588.99,588.61,588.8,71859.000106,588.6634,2116,
2026-04-06 14:25:00,588.78,588.88,588.17,588.37,76236.342525,588.4712,2417,
2026-04-06 14:26:00,588.325,588.6499,588.12,588.61,137786.242151,588.3416,3147,
2026-04-06 14:27:00,588.54,588.92,588.45,588.615,71766.645002,588.713,2325,
2026-04-06 14:28:00,588.58,588.93,588.34,588.87,151176.02079,588.615,3056,
2026-04-06 14:29:00,588.82,588.845,588.44,588.52,36978.903783,588.6,2099,
2026-04-06 14:30:00,588.51,589.08,588.4988,589.0,50608.540863,588.8658,2304,
2026-04-06 14:31:00,588.99,589.13,588.85,589.0,83377.560976,589.0081,2490,
2026-04-06 14:32:00,589.01,589.12,588.2317,588.57,93152.529384,588.65,3073,
2026-04-06 14:33:00,588.6049,588.71,588.265,588.265,258780.933401,585.6453,2287,
2026-04-06 14:34:00,588.29,588.63,588.285,588.53,100463.576769,588.5076,2921,
2026-04-06 14:35:00,588.57,588.94,588.37,588.44,135347.032798,588.5972,3512,
2026-04-06 14:36:00,588.47,588.63,588.072,588.23,98020.710289,588.3381,2778,
2026-04-06 14:37:00,588.23,588.43,588.03,588.22,64305.4367,588.1728,2278,
2026-04-06 14:38:00,588.17,588.73,586.91,586.9799,272232.547715,587.6353,6354,
2026-04-06 14:39:00,586.95,587.49,586.67,587.08,201708.866745,586.9977,4143,
2026-04-06 14:40:00,587.04,588.055,587.005,587.94,203351.651187,587.8357,4161,
2026-04-06 14:41:00,587.955,588.11,587.38,587.65,200676.566976,587.8068,4294,
2026-04-06 14:42:00,587.7,587.8599,587.35,587.3899,149428.628725,587.594,3308,
2026-04-06 14:43:00,587.38,587.6,587.14,587.55,101297.349921,587.3771,2791,
2026-04-06 14:44:00,587.55,587.84,587.26,587.34,93828.979592,587.5667,2517,
2026-04-06 14:45:00,587.32,587.33,586.82,587.22,105310.046853,587.0577,2692,
2026-04-06 14:46:00,587.1801,587.4,586.9,587.06,72208.85534,587.048,2410,
2026-04-06 14:47:00,587.07,587.12,586.64,586.785,76535.396466,586.7851,2519,
2026-04-06 14:48:00,586.81,586.8899,586.35,586.375,83839.478771,586.5846,2527,
2026-04-06 14:49:00,586.38,586.51,586.08,586.27,195316.428948,585.5479,2652,
2026-04-06 14:50:00,586.32,586.65,586.28,586.4599,101943.596514,586.4561,2765,
2026-04-06 14:51:00,586.43,586.75,586.33,586.645,247034.081967,585.8424,3707,
2026-04-06 14:52:00,586.64,586.96,586.56,586.92,61705.585858,586.8316,2374,
2026-04-06 14:53:00,586.905,587.2,586.88,586.895,59459.132279,587.0506,2214,
2026-04-06 14:54:00,586.88,586.965,586.56,586.92,62288.275484,586.7336,2429,
2026-04-06 14:55:00,586.92,587.13,586.52,587.0284,87923.150497,586.8521,2738,
2026-04-06 14:56:00,587.08,587.34,587.0,587.255,114731.240826,587.1624,2734,
2026-04-06 14:57:00,587.256,587.61,587.2,587.28,102798.593383,587.4238,2666,
2026-04-06 14:58:00,587.3,587.6,587.2512,587.585,85482.583636,587.3668,2214,
2026-04-06 14:59:00,587.585,587.6286,587.0001,587.14,72002.191638,587.3459,2113,
2026-04-06 15:00:00,587.15,587.44,587.11,587.41,44588.942825,587.2997,1976,
2026-04-06 15:01:00,587.41,587.72,587.4,587.71,94784.504367,587.539,2477,
2026-04-06 15:02:00,587.7256,587.89,587.405,587.515,50300.211972,587.7327,2410,
2026-04-06 15:03:00,587.4939,587.4939,586.94,587.0101,67217.620696,587.1474,2516,
2026-04-06 15:04:00,587.08,587.42,586.82,587.3699,113276.112879,587.0826,2647,
2026-04-06 15:05:00,587.33,587.6198,587.21,587.38,66340.874714,587.3955,2253,
2026-04-06 15:06:00,587.4,587.4818,587.045,587.1,80723.826937,587.2062,2185,
2026-04-06 15:07:00,587.12,587.7,586.85,587.65,143266.884915,587.2744,2983,
2026-04-06 15:08:00,587.64,587.75,587.44,587.65,44419.833796,587.6196,2162,
2026-04-06 15:09:00,587.65,587.7,587.34,587.56,59159.120211,587.5083,1967,
2026-04-06 15:10:00,587.54,587.54,586.97,587.14,73949.349563,587.2365,2587,
2026-04-06 15:11:00,587.11,587.25,586.93,587.15,83898.296608,587.0929,2322,
2026-04-06 15:12:00,587.19,587.22,586.96,587.1021,63981.457423,587.0881,2197,
2026-04-06 15:13:00,587.13,587.5595,587.03,587.215,57591.931152,587.3379,2313,
2026-04-06 15:14:00,587.14,587.37,586.8301,587.315,89484.950631,587.1259,2409,
2026-04-06 15:15:00,587.33,587.5,587.0852,587.09,45112.583075,587.338,1987,
2026-04-06 15:16:00,587.115,587.27,586.9,587.125,70164.864935,587.0686,2224,
2026-04-06 15:17:00,587.1301,587.55,587.035,587.38,32585.346761,587.3101,1761,
2026-04-06 15:18:00,587.375,587.53,587.17,587.17,37469.154297,587.3646,1866,
2026-04-06 15:19:00,587.16,587.2,586.96,587.1,33243.478293,587.0647,1887,
2026-04-06 15:20:00,587.17,587.33,586.95,587.1,74335.889787,587.1233,2342,
2026-04-06 15:21:00,587.05,587.18,586.83,587.18,54134.479039,587.0126,2057,
2026-04-06 15:22:00,587.175,587.3799,587.065,587.2,37999.148818,587.1989,1799,
2026-04-06 15:23:00,587.195,587.2791,586.75,586.87,41200.55288,587.0017,2013,
2026-04-06 15:24:00,586.86,586.88,586.58,586.7199,50911.805158,586.6818,2118,
2026-04-06 15:25:00,586.69,586.69,586.22,586.46,68905.301578,586.4564,2275,
2026-04-06 15:26:00,586.45,586.7,586.44,586.545,33380.468038,586.5488,1968,
2026-04-06 15:27:00,586.55,586.91,586.52,586.795,32500.571327,586.7811,1877,
2026-04-06 15:28:00,586.8,586.83,586.39,586.6899,36859.050299,586.5571,2014,
2026-04-06 15:29:00,586.665,586.86,586.53,586.54,40851.426957,586.6797,2081,
2026-04-06 15:30:00,586.54,586.63,586.42,586.4317,40558.561728,586.5361,2052,
2026-04-06 15:31:00,586.42,586.68,586.35,586.385,40182.962153,586.4848,2008,
2026-04-06 15:32:00,586.39,586.51,586.12,586.18,37410.226562,586.3204,2107,
2026-04-06 15:33:00,586.1617,586.41,585.81,586.33,120207.043659,586.0109,3626,
2026-04-06 15:34:00,586.31,586.48,586.24,586.345,59748.532918,586.3516,2220,
2026-04-06 15:35:00,586.345,586.64,586.2,586.52,154341.523057,585.4392,2216,
2026-04-06 15:36:00,586.5,586.5201,586.06,586.13,49004.761991,586.1836,2289,
2026-04-06 15:37:00,586.13,586.24,585.89,586.2,135736.195232,586.019,3054,
2026-04-06 15:38:00,586.2,586.36,586.12,586.21,115705.39568,586.2511,2120,
2026-04-06 15:39:00,586.24,586.68,586.2,586.62,76404.486949,586.4598,2338,
2026-04-06 15:40:00,586.57,586.7978,586.51,586.7538,46416.214083,586.6764,1991,
2026-04-06 15:41:00,586.7406,586.8,586.36,586.5605,25841.586968,586.5751,1808,
2026-04-06 15:42:00,586.55,586.93,586.5,586.79,30010.044269,586.7431,1982,
2026-04-06 15:43:00,586.78,586.84,586.59,586.6539,26894.6192,586.731,1864,
2026-04-06 15:44:00,586.645,586.85,586.55,586.83,24121.401417,586.7656,1720,
2026-04-06 15:45:00,586.81,586.8499,586.66,586.76,16010.561381,586.7763,1662,
2026-04-06 15:46:00,586.775,587.07,586.775,587.04,45928.347046,586.8499,1869,
2026-04-06 15:47:00,587.0,587.315,587.0,587.1696,54341.288038,587.1923,1894,
2026-04-06 15:48:00,587.1868,587.3,587.07,587.112,225464.511459,585.1241,1668,
2026-04-06 15:49:00,587.136,587.1693,586.995,587.13,157105.023122,585.6835,2070,
2026-04-06 15:50:00,587.09,587.5,586.97,587.47,61618.854847,587.2863,2093,
2026-04-06 15:51:00,587.52,587.54,587.35,587.4845,30410.612567,587.4456,1688,
2026-04-06 15:52:00,587.47,587.655,587.3401,587.6302,44780.196467,587.4886,1900,
2026-04-06 15:53:00,587.62,587.75,587.57,587.63,57615.150557,587.6389,2081,
2026-04-06 15:54:00,587.63,587.7,587.46,587.61,38700.108426,587.5944,1915,
2026-04-06 15:55:00,587.59,587.6199,587.39,587.4,39617.965399,587.5062,1808,
2026-04-06 15:56:00,587.43,587.5,587.13,587.32,68847.443681,587.3349,1685,
2026-04-06 15:57:00,587.315,587.44,587.2,587.4,112915.927181,587.4793,681,
2026-04-06 15:58:00,587.44,587.5,587.34,587.4401,20670.031292,587.4175,387,
2026-04-06 15:59:00,587.44,587.58,587.42,587.53,22549.872537,587.5171,574,
2026-04-06 16:00:00,587.555,587.66,587.395,587.48,31718.43781,587.5329,591,
2026-04-06 16:01:00,587.475,587.6,587.44,587.545,26086.749145,587.5459,583,
2026-04-06 16:02:00,587.52,587.54,586.98,587.15,68369.527614,587.2123,1199,
2026-04-06 16:03:00,587.17,587.295,587.1317,587.225,13808.776219,587.2186,377,
2026-04-06 16:04:00,587.17,587.19,586.93,586.94,33960.096281,587.0224,801,
2026-04-06 16:05:00,586.92,587.2,586.92,587.2,35232.69348,587.033,559,
2026-04-06 16:06:00,587.25,587.3026,587.0,587.025,64706.599551,587.187,876,
2026-04-06 16:07:00,587.0086,587.1105,586.91,587.0159,52245.234342,587.0186,595,
2026-04-06 16:08:00,587.0191,587.08,586.73,586.76,41794.169144,586.8266,678,
2026-04-06 16:09:00,586.755,586.9101,586.67,586.6701,43020.010526,586.7718,718,
2026-04-06 16:10:00,586.6899,586.8048,586.59,586.7599,32361.270046,586.7005,564,
2026-04-06 16:11:00,586.76,586.96,586.655,586.89,45777.41081,586.7981,709,
2026-04-06 16:12:00,586.89,587.07,586.8,586.9,20300.034068,586.9404,479,
2026-04-06 16:13:00,586.92,587.07,586.89,586.9,29793.371627,586.9721,530,
2026-04-06 16:14:00,586.92,587.17,586.84,587.0887,69773.660636,587.0014,654,
2026-04-06 16:15:00,587.09,587.2988,586.87,586.9,87603.722013,587.1191,953,
2026-04-06 16:16:00,586.9,587.15,586.825,587.1241,32735.69853,586.9335,657,
2026-04-06 16:17:00,587.1199,587.15,587.02,587.06,40030.165144,587.0784,545,
2026-04-06 16:18:00,587.045,587.05,586.9,586.9809,25370.675617,586.9685,535,
2026-04-06 16:19:00,587.0099,587.1101,586.8509,587.0099,14277.172954,587.0002,431,
2026-04-06 16:20:00,586.9899,587.2,586.88,587.18,20449.6295,587.017,551,
2026-04-06 16:21:00,587.17,587.38,587.17,587.205,22672.698615,587.2517,701,
2026-04-06 16:22:00,587.19,587.2199,586.98,587.0,26754.976251,587.1098,580,
2026-04-06 16:23:00,586.98,587.05,586.87,586.99,27133.364608,586.9554,646,
2026-04-06 16:24:00,587.01,587.25,587.01,587.185,22864.757877,587.1439,554,
2026-04-06 16:25:00,587.15,587.375,587.15,587.375,16781.111909,587.299,505,
2026-04-06 16:26:00,587.34,587.41,587.24,587.3,140754.040569,585.5696,653,
2026-04-06 16:27:00,587.26,587.3098,587.16,587.2897,122452.670313,585.2932,478,
2026-04-06 16:28:00,587.2601,587.5,587.2375,587.46,49165.599173,587.3426,829,
2026-04-06 16:29:00,587.48,587.54,587.2745,587.2745,50767.490556,587.4454,903,
2026-04-06 16:30:00,587.28,587.348,587.08,587.1001,29737.671103,587.1962,783,
2026-04-06 16:31:00,587.09,587.315,587.04,587.301,28442.693227,587.1632,760,
2026-04-06 16:32:00,587.32,587.555,587.3,587.53,59650.250602,587.3822,907,
2026-04-06 16:33:00,587.53,587.565,587.32,587.38,69145.11585,587.4537,1004,
2026-04-06 16:34:00,587.38,587.61,587.36,587.58,91118.0421,587.5417,1099,
2026-04-06 16:35:00,587.585,587.7,587.5401,587.67,82866.60385,587.606,1289,
2026-04-06 16:36:00,587.6565,587.75,587.54,587.665,69095.508072,587.6296,806,
2026-04-06 16:37:00,587.665,587.99,587.62,587.84,123732.012647,587.8664,1589,
2026-04-06 16:38:00,587.8325,588.1,587.8,587.8,71381.849921,587.9513,1250,
2026-04-06 16:39:00,587.81,587.83,587.66,587.66,36784.045704,587.7545,809,
2026-04-06 16:40:00,587.69,587.727,587.47,587.695,34356.76414,587.5931,746,
2026-04-06 16:41:00,587.69,587.85,587.56,587.79,50593.577001,587.6769,886,
2026-04-06 16:42:00,587.78,587.849,587.66,587.685,19550.164997,587.7658,589,
2026-04-06 16:43:00,587.695,587.7408,587.61,587.71,15939.481447,587.6805,574,
2026-04-06 16:44:00,587.7,587.8701,587.685,587.82,17710.749108,587.8064,568,
2026-04-06 16:45:00,587.83,587.91,587.7701,587.81,19270.75351,587.86,606,
2026-04-06 16:46:00,587.805,587.915,587.71,587.91,31711.891113,587.8332,735,
2026-04-06 16:47:00,587.92,588.0526,587.845,587.89,37051.446078,587.9679,747,
2026-04-06 16:48:00,587.9,588.0291,587.82,587.94,16853.089976,587.9429,550,
2026-04-06 16:49:00,587.92,587.98,587.81,587.93,18227.230767,587.8796,571,
2026-04-06 16:50:00,587.9599,588.02,587.79,587.79,20327.754908,587.9061,535,
2026-04-06 16:51:00,587.78,587.79,587.57,587.635,36607.400631,587.6376,685,
2026-04-06 16:52:00,587.63,587.64,587.49,587.54,39407.555684,587.5517,583,
2026-04-06 16:53:00,587.5501,587.6,587.48,587.5502,31730.554587,587.5403,457,
2026-04-06 16:54:00,587.568,587.68,587.16,587.52,131681.84706,587.4383,1733,
2026-04-06 16:55:00,587.525,587.64,587.23,587.41,95971.050857,587.3772,1470,
2026-04-06 16:56:00,587.405,587.405,587.08,587.19,76342.235538,587.1942,1084,
2026-04-06 16:57:00,587.2,587.3499,587.14,587.14,39774.885798,587.2184,452,
2026-04-06 16:58:00,587.14,587.28,587.06,587.218,25896.984718,587.1568,517,
2026-04-06 16:59:00,587.19,587.32,587.14,587.21,15434.164535,587.2373,408,
2026-04-06 17:00:00,587.21,587.2799,586.82,586.87,144799.846082,586.9841,2032,
2026-04-06 17:01:00,586.88,587.0234,586.54,586.58,156663.772749,586.8093,1857,
2026-04-06 17:02:00,586.57,586.58,586.01,586.1299,103734.693979,586.3847,1796,
2026-04-06 17:03:00,586.13,586.35,585.97,586.35,94149.993256,586.1271,1429,
2026-04-06 17:04:00,586.34,586.65,586.3,586.5,56158.293986,586.4566,1081,
2026-04-06 17:05:00,586.49,586.55,586.2794,586.35,54321.401523,586.4345,733,
2026-04-06 17:06:00,586.37,586.41,586.14,586.18,52956.905766,586.3044,953,
2026-04-06 17:07:00,586.15,586.44,586.09,586.36,77108.782864,586.3392,638,
2026-04-06 17:08:00,586.38,586.72,586.37,586.58,40884.615187,586.5754,776,
2026-04-06 17:09:00,586.59,586.79,586.36,586.475,49420.087257,586.6546,874,
2026-04-06 17:10:00,586.5,586.54,585.89,586.15,66854.981136,586.1968,1373,
2026-04-06 17:11:00,586.19,586.21,585.965,586.08,67249.939611,586.0853,1042,
2026-04-06 17:12:00,586.085,586.1681,585.14,585.22,174862.121555,585.6876,2667,
2026-04-06 17:13:00,585.24,585.52,584.72,584.8,494305.953996,585.0132,5045,
2026-04-06 17:14:00,584.81,585.41,584.69,585.26,142762.570394,585.0497,2701,
2026-04-06 17:15:00,585.25,585.55,585.045,585.11,108284.144854,585.2791,1539,
2026-04-06 17:16:00,585.15,585.47,585.09,585.41,68692.548578,585.2535,1251,
2026-04-06 17:17:00,585.4,585.955,585.385,585.61,80580.176674,585.701,1449,
2026-04-06 17:18:00,585.62,585.62,585.27,585.55,67428.035254,585.4469,1175,
2026-04-06 17:19:00,585.53,585.88,585.48,585.825,46290.246037,585.6977,883,
2026-04-06 17:20:00,585.79,585.79,585.36,585.4,83973.303007,585.6512,1671,
2026-04-06 17:21:00,585.41,585.87,585.32,585.7901,45289.399871,585.5662,912,
2026-04-06 17:22:00,585.755,586.35,585.6809,586.272,90897.185225,586.0651,1527,
2026-04-06 17:23:00,586.25,586.67,586.18,586.48,82127.011499,586.48,1156,
2026-04-06 17:24:00,586.47,586.8,586.43,586.77,40947.009059,586.597,614,
2026-04-06 17:25:00,586.77,586.95,586.59,586.94,68803.121006,586.8016,1121,
2026-04-06 17:26:00,586.94,586.96,586.62,586.79,65705.068234,586.7771,974,
2026-04-06 17:27:00,586.78,587.18,586.73,587.04,94993.665773,587.0013,1492,
2026-04-06 17:28:00,587.04,587.19,586.9008,587.18,89886.730046,587.097,1018,
2026-04-06 17:29:00,587.16,587.29,587.1,587.15,55324.786701,587.2048,891,
2026-04-06 17:30:00,587.16,587.19,586.95,587.07,56036.319783,587.069,1050,
2026-04-06 17:31:00,587.07,587.54,587.02,587.425,77657.117252,587.2529,1567,
2026-04-06 17:32:00,587.455,587.5399,587.27,587.3,66241.182492,587.4085,880,
2026-04-06 17:33:00,587.31,587.318,587.09,587.295,60024.15845,587.1954,989,
2026-04-06 17:34:00,587.29,587.79,587.04,587.26,141858.92173,587.4018,2621,
2026-04-06 17:35:00,587.23,587.39,587.17,587.28,41202.261424,587.2971,752,
2026-04-06 17:36:00,587.29,587.5196,587.27,587.49,31696.211607,587.4014,676,
2026-04-06 17:37:00,587.49,587.51,587.05,587.09,26538.609832,587.2825,646,
2026-04-06 17:38:00,587.0999,587.14,586.86,587.08,74803.131085,587.0015,1331,
2026-04-06 17:39:00,587.08,587.1999,586.84,586.9999,42670.457936,587.0044,915,
2026-04-06 17:40:00,586.88,587.01,586.8,586.8904,70192.094507,586.866,923,
2026-04-06 17:41:00,586.89,586.91,586.55,586.675,121431.659399,586.736,1573,
2026-04-06 17:42:00,586.68,586.75,586.59,586.65,54399.686012,586.681,654,
2026-04-06 17:43:00,586.645,586.79,586.5,586.75,51093.930218,586.6192,751,
2026-04-06 17:44:00,586.73,586.91,586.66,586.804,52728.092134,586.7988,857,
2026-04-06 17:45:00,586.78,586.8,586.6101,586.652,53522.783991,586.683,718,
2026-04-06 17:46:00,586.6301,586.73,586.44,586.55,41249.723343,586.5763,638,
2026-04-06 17:47:00,586.5418,586.5418,586.28,586.37,59106.902505,586.3912,755,
2026-04-06 17:48:00,586.36,586.45,586.33,586.37,40084.212411,586.3807,637,
2026-04-06 17:49:00,586.36,586.62,586.35,586.5501,40970.37821,586.5109,625,
2026-04-06 17:50:00,586.57,586.65,586.37,586.425,34488.315687,586.5265,658,
2026-04-06 17:51:00,586.43,586.53,586.3,586.49,36721.002088,586.3836,566,
2026-04-06 17:52:00,586.507,586.59,586.43,586.4563,38872.501357,586.5188,639,
2026-04-06 17:53:00,586.43,586.4536,586.2,586.2796,39486.906082,586.3079,717,
2026-04-06 17:54:00,586.2981,586.34,586.12,586.32,26046.147951,586.2559,556,
2026-04-06 17:55:00,586.35,586.54,586.29,586.44,28318.963454,586.4027,705,
2026-04-06 17:56:00,586.44,586.455,586.28,586.39,27957.42973,586.3705,629,
2026-04-06 17:57:00,586.39,586.46,586.13,586.16,42831.441883,586.3245,834,
2026-04-06 17:58:00,586.15,586.22,586.08,586.16,51141.991977,586.1424,670,
2026-04-06 17:59:00,586.14,586.25,586.08,586.1,29730.259753,586.1623,538,
2026-04-06 18:00:00,586.12,586.21,586.0101,586.09,40808.916096,586.1057,748,
2026-04-06 18:01:00,586.1221,586.24,586.01,586.05,58415.786913,586.0915,649,
2026-04-06 18:02:00,586.0252,586.15,585.92,586.0,142047.886569,585.2309,689,
2026-04-06 18:03:00,586.02,586.1421,585.88,585.91,36854.85321,585.9893,640,
2026-04-06 18:04:00,585.9,586.11,585.7,585.8,98674.616185,585.8526,1544,
2026-04-06 18:05:00,585.78,586.12,585.78,586.03,67612.227862,585.9464,833,
2026-04-06 18:06:00,586.02,586.15,585.92,586.0299,44489.709595,586.0299,601,
2026-04-06 18:07:00,586.05,586.36,586.0201,586.21,83894.833739,586.235,1220,
2026-04-06 18:08:00,586.23,586.26,585.95,586.11,54875.838603,586.1528,811,
2026-04-06 18:09:00,586.1,586.4399,586.0701,586.3701,73574.445109,586.2416,856,
2026-04-06 18:10:00,586.38,587.13,586.36,587.04,127751.555142,586.7218,1815,
2026-04-06 18:11:00,587.0,587.61,586.9,587.23,109812.646514,587.2238,1994,
2026-04-06 18:12:00,587.24,587.28,586.97,587.17,42668.308052,587.1366,585,
2026-04-06 18:13:00,587.17,587.33,586.99,587.19,36484.524306,587.1412,613,
2026-04-06 18:14:00,587.16,587.25,586.86,587.09,76234.732581,586.967,7358,
2026-04-06 18:15:00,587.1,587.35,587.04,587.32,43330.743137,587.2178,9346,
2026-04-06 18:16:00,587.29,587.49,587.151,587.395,66546.411732,587.3436,2633,
2026-04-06 18:17:00,587.36,587.58,587.27,587.4878,31253.635534,587.4365,569,
2026-04-06 18:18:00,587.5,587.78,587.47,587.68,155844.465238,585.8326,949,
2026-04-06 18:19:00,587.69,587.9,587.62,587.7775,139491.75714,587.742,2137,
2026-04-06 18:20:00,587.77,587.81,587.6,587.62,76110.674844,587.6622,1247,
2026-04-06 18:21:00,587.615,587.945,587.52,587.91,83511.448785,587.7465,1444,
2026-04-06 18:22:00,587.9,587.93,587.725,587.8776,199433.469102,587.8421,2382,
2026-04-06 18:23:00,587.85,588.07,587.75,588.01,67199.203375,587.9274,1236,
2026-04-06 18:24:00,588.0399,588.495,587.96,588.21,96132.916115,588.2268,1770,
2026-04-06 18:25:00,588.23,588.24,587.89,588.06,94133.16334,588.0032,1207,
2026-04-06 18:26:00,588.05,588.075,587.74,587.75,47762.890386,587.9218,967,
2026-04-06 18:27:00,587.74,588.31,587.66,588.225,83873.007636,588.078,1638,
2026-04-06 18:28:00,588.22,588.401,588.04,588.065,104317.856502,588.2808,1532,
2026-04-06 18:29:00,588.06,588.085,587.9,587.98,31246.871383,587.9779,701,
2026-04-06 18:30:00,587.98,588.35,587.98,588.13,65542.226644,588.2016,1297,
2026-04-06 18:31:00,588.11,588.19,588.0,588.12,47902.009006,588.0851,852,
2026-04-06 18:32:00,588.13,588.18,587.74,588.02,69652.86729,587.906,1183,
2026-04-06 18:33:00,588.015,588.02,587.8,587.8,24526.207824,587.924,515,
2026-04-06 18:34:00,587.81,587.8399,587.54,587.77,85930.001446,587.6608,1227,
2026-04-06 18:35:00,587.77,588.01,587.765,588.0,29739.642252,587.8906,610,
2026-04-06 18:36:00,588.01,588.02,587.83,587.86,32042.001926,587.9238,686,
2026-04-06 18:37:00,587.84,587.9,587.73,587.9,29763.743913,587.831,482,
2026-04-06 18:38:00,587.8899,587.9699,587.84,587.93,14860.427444,587.9027,399,
2026-04-06 18:39:00,587.93,587.97,587.71,587.72,33590.52074,587.8624,472,
2026-04-06 18:40:00,587.73,587.7978,587.62,587.6451,37220.408429,587.6919,570,
2026-04-06 18:41:00,587.64,587.77,587.62,587.765,64248.989762,587.693,1016,
2026-04-06 18:42:00,587.77,587.87,587.73,587.74,35622.306224,587.797,543,
2026-04-06 18:43:00,587.76,587.81,587.64,587.75,33992.320867,587.7679,542,
2026-04-06 18:44:00,587.79,587.88,587.66,587.8399,17558.560359,587.8042,377,
2026-04-06 18:45:00,587.84,588.17,587.84,587.945,25367.046142,588.0391,529,
2026-04-06 18:46:00,587.95,588.06,587.81,587.92,39849.037152,587.9827,569,
2026-04-06 18:47:00,587.9099,588.02,587.8602,587.905,16662.591303,587.9304,368,
2026-04-06 18:48:00,587.9,587.98,587.74,587.978,36710.607149,587.8468,741,
2026-04-06 18:49:00,587.98,587.9882,587.85,587.98,17784.984706,587.9293,393,
2026-04-06 18:50:00,587.99,588.1,587.97,588.05,46256.518731,588.0215,726,
2026-04-06 18:51:00,588.08,588.14,587.93,587.93,28646.807806,588.017,556,
2026-04-06 18:52:00,587.94,588.06,587.94,588.04,26270.104364,588.009,530,
2026-04-06 18:53:00,588.03,588.1,588.0102,588.055,34900.748464,588.0604,455,
2026-04-06 18:54:00,588.058,588.25,588.058,588.14,36632.070033,588.139,651,
2026-04-06 18:55:00,588.12,588.2562,588.09,588.1267,30533.552467,588.1655,520,
2026-04-06 18:56:00,588.1399,588.2,588.07,588.17,52130.091911,588.1537,544,
2026-04-06 18:57:00,588.17,588.2453,588.09,588.12,25176.74442,588.1514,575,
2026-04-06 18:58:00,588.12,588.23,588.12,588.1701,54938.091253,588.1566,709,
2026-04-06 18:59:00,588.19,588.26,588.17,588.2,28095.144165,588.2106,574,
2026-04-06 19:00:00,588.2,588.27,588.04,588.21,58784.479786,588.1829,875,
2026-04-06 19:01:00,588.23,588.285,588.2,588.25,25662.575287,588.2534,613,
2026-04-06 19:02:00,588.245,588.26,588.05,588.18,25328.303965,588.1757,570,
2026-04-06 19:03:00,588.18,588.21,587.99,588.2,24598.963631,588.082,446,
2026-04-06 19:04:00,588.21,588.2391,588.09,588.2391,31720.291187,588.1477,425,
2026-04-06 19:05:00,588.22,588.28,588.1,588.185,24943.03113,588.1897,551,
2026-04-06 19:06:00,588.17,588.2099,588.05,588.09,135285.652771,585.6845,562,
2026-04-06 19:07:00,588.0869,588.09,587.96,588.06,32465.232833,588.0265,426,
2026-04-06 19:08:00,588.05,588.1,587.81,587.925,51016.772093,587.9586,951,
2026-04-06 19:09:00,587.925,587.98,587.85,587.88,40730.340608,587.91,709,
2026-04-06 19:10:00,587.87,587.88,587.755,587.78,47900.205682,587.8274,933,
2026-04-06 19:11:00,587.81,587.92,587.71,587.895,60537.961011,587.7875,889,
2026-04-06 19:12:00,587.885,587.92,587.7501,587.832,38457.025805,587.8304,779,
2026-04-06 19:13:00,587.84,588.08,587.83,587.98,55376.182608,587.9639,988,
2026-04-06 19:14:00,587.97,588.06,587.94,588.0501,33974.799285,587.9817,451,
2026-04-06 19:15:00,588.05,588.14,587.995,588.085,26706.939284,588.048,459,
2026-04-06 19:16:00,588.0909,588.1,587.84,587.9201,36265.228276,588.0139,629,
2026-04-06 19:17:00,587.94,587.9499,587.859,587.89,34092.243885,587.8834,541,
2026-04-06 19:18:00,587.885,587.985,587.76,587.975,38989.865298,587.8546,724,
2026-04-06 19:19:00,587.975,588.03,587.89,587.94,24961.075445,587.9426,440,
2026-04-06 19:20:00,587.955,588.02,587.93,588.0,14007.902073,587.9779,336,
2026-04-06 19:21:00,588.005,588.155,587.96,588.07,50075.716695,588.0222,809,
2026-04-06 19:22:00,588.06,588.06,587.86,587.9,43997.515973,587.9767,671,
2026-04-06 19:23:00,587.9001,587.97,587.825,587.905,24331.128693,587.8964,453,
2026-04-06 19:24:00,587.905,587.9221,587.83,587.92,25528.137659,587.8794,461,
2026-04-06 19:25:00,587.92,588.01,587.845,587.99,27839.773802,587.9248,487,
2026-04-06 19:26:00,587.9901,588.07,587.9,587.95,43117.134083,587.9884,594,
2026-04-06 19:27:00,587.94,588.01,587.85,587.85,29997.157904,587.9185,460,
2026-04-06 19:28:00,587.85,587.94,587.82,587.94,42492.208163,587.8824,615,
2026-04-06 19:29:00,587.93,588.0,587.85,587.855,30670.964052,587.9193,546,
2026-04-06 19:30:00,587.85,587.94,587.78,587.88,102378.341678,587.8388,971,
2026-04-06 19:31:00,587.88,587.89,587.76,587.8,28886.849869,587.807,560,
2026-04-06 19:32:00,587.8,587.92,587.77,587.92,39943.852619,587.8778,613,
2026-04-06 19:33:00,587.92,588.09,587.91,588.09,58075.81817,588.0333,1017,
2026-04-06 19:34:00,588.085,588.11,588.0,588.02,39046.253394,588.05,593,
2026-04-06 19:35:00,588.0189,588.1197,588.0189,588.04,38185.881037,588.0686,578,
2026-04-06 19:36:00,588.04,588.16,587.9517,587.9901,42592.225221,588.0639,732,
2026-04-06 19:37:00,588.0,588.07,587.9701,588.0699,170295.335875,587.8733,523,
2026-04-06 19:38:00,588.05,588.05,587.92,588.025,20705.861339,587.9947,477,
2026-04-06 19:39:00,588.02,588.09,588.02,588.03,18993.037815,588.0481,430,
2026-04-06 19:40:00,588.02,588.1,587.96,587.97,34554.168716,588.0358,633,
2026-04-06 19:41:00,587.97,587.9899,587.64,587.705,67535.107496,587.7714,1011,
2026-04-06 19:42:00,587.7,587.8479,587.66,587.825,48555.602859,587.7701,725,
2026-04-06 19:43:00,587.83,587.92,587.82,587.83,37069.547326,587.8705,496,
2026-04-06 19:44:00,587.83,588.1,587.8297,588.04,100227.655265,588.0151,1228,
2026-04-06 19:45:00,588.01,588.29,587.98,588.245,94963.1934,588.1545,1323,
2026-04-06 19:46:00,588.24,588.25,588.085,588.18,77425.232923,588.1377,917,
2026-04-06 19:47:00,588.18,588.25,588.1001,588.1199,53145.628173,588.1822,884,
2026-04-06 19:48:00,588.14,588.29,588.09,588.28,53553.214314,588.1555,712,
2026-04-06 19:49:00,588.27,588.57,588.23,588.56,89487.039529,588.3939,1315,
2026-04-06 19:50:00,588.55,588.83,588.3,588.39,180925.76486,588.3677,1669,
2026-04-06 19:51:00,588.4177,588.45,588.2707,588.4,236962.927506,586.8395,1168,
2026-04-06 19:52:00,588.39,588.44,588.13,588.13,57909.226582,588.301,1101,
2026-04-06 19:53:00,588.14,588.33,588.09,588.28,81937.783114,588.2523,1026,
2026-04-06 19:54:00,588.26,588.27,587.95,588.0,152387.299256,588.1035,1882,
2026-04-06 19:55:00,587.98,588.18,587.81,587.96,231003.609209,588.0841,1529,
2026-04-06 19:56:00,587.96,588.11,587.88,587.92,128125.682944,588.0053,1567,
2026-04-06 19:57:00,587.95,588.16,587.9,588.145,68280.3307,588.0076,1290,
2026-04-06 19:58:00,588.15,588.36,588.145,588.34,113528.318949,588.2614,1957,
2026-04-06 19:59:00,588.34,588.65,588.2,588.52,445594.179323,588.3118,4706,
2026-04-06 20:00:00,588.46,588.63,588.35,588.55,38359.247795,588.4879,258,
2026-04-06 20:01:00,588.53,588.63,588.38,588.59,23954.124201,588.5632,129,
2026-04-06 20:02:00,588.59,588.63,588.53,588.53,9767.841299,588.6087,79,
2026-04-06 20:03:00,588.55,588.63,588.55,588.57,121252.245503,588.0518,85,
2026-04-06 20:04:00,588.55,588.58,588.39,588.42,30552.803465,588.4585,184,
2026-04-06 20:05:00,588.42,588.42,588.22,588.2485,18831.293088,588.347,178,
2026-04-06 20:06:00,588.214,588.2896,588.13,588.2896,25613.178337,588.1919,188,
2026-04-06 20:07:00,588.29,588.29,588.24,588.2576,11990.875604,588.2691,95,
2026-04-06 20:08:00,588.29,588.2993,588.11,588.11,10486.730212,588.2877,93,
2026-04-06 20:09:00,588.1408,588.16,588.1,588.13,8294.962252,588.1179,98,
2026-04-06 20:10:00,588.1,588.2,588.09,588.15,2238.892072,588.1567,57,
2026-04-06 20:11:00,588.1,588.17,588.05,588.14,18101.719736,588.1182,130,
2026-04-06 20:12:00,588.17,588.17,588.08,588.13,562009.72209,588.4954,78,
2026-04-06 20:13:00,588.2,588.25,588.1,588.1,32708.341908,588.1448,177,
2026-04-06 20:14:00,588.1,588.13,588.07,588.13,9853.10573,588.0964,65,
2026-04-06 20:15:00,588.11,588.11,588.03,588.05,20123.499305,588.0611,117,
2026-04-06 20:16:00,588.05,588.09,588.0295,588.0295,7750.990703,588.0494,66,
2026-04-06 20:17:00,588.02,588.09,587.969,587.969,8653.194549,588.0303,86,
2026-04-06 20:18:00,587.9,587.91,587.85,587.87,6090.553913,587.8889,105,
2026-04-06 20:19:00,587.9,588.0,587.9,588.0,671.752945,587.9381,23,
2026-04-06 20:20:00,588.1,588.1,588.03,588.0798,1033.570951,588.0865,40,
2026-04-06 20:21:00,588.1,588.11,588.1,588.1,2690.572064,588.1018,27,
2026-04-06 20:22:00,588.11,588.11,588.08,588.1,701.02496,588.0915,30,
2026-04-06 20:23:00,588.1,588.12,588.0678,588.12,7545.374602,588.1173,75,
2026-04-06 20:24:00,588.13,588.16,588.08,588.08,3336.055018,588.131,42,
2026-04-06 20:25:00,588.06,588.15,588.06,588.15,3775.042511,588.0976,35,
2026-04-06 20:26:00,588.15,588.19,588.1321,588.1321,387.132469,588.158,19,
2026-04-06 20:27:00,588.17,588.17,588.11,588.11,197.192136,588.1372,13,
2026-04-06 20:28:00,588.11,588.11,588.11,588.11,147.086712,588.1222,15,
2026-04-06 20:29:00,588.14,588.1593,588.07,588.07,1785.549532,588.1232,45,
2026-04-06 20:30:00,588.15,588.16,588.15,588.16,521.234057,588.1637,30,
2026-04-06 20:31:00,588.23,588.23,588.17,588.17,796.42698,588.1823,25,
2026-04-06 20:32:00,588.17,588.17,588.12,588.12,3916.509774,588.1475,40,
2026-04-06 20:33:00,588.12,588.16,588.11,588.12,2741.511975,588.1243,63,
2026-04-06 20:34:00,588.12,588.17,588.11,588.17,2394.420027,588.1274,51,
2026-04-06 20:35:00,588.13,588.2,588.13,588.2,8720.442046,588.1826,37,
2026-04-06 20:36:00,588.25,588.3,588.2413,588.3,3147.053061,588.2586,67,
2026-04-06 20:37:00,588.31,588.38,588.31,588.36,14917.938475,588.3604,75,
2026-04-06 20:38:00,588.3275,588.3275,588.25,588.25,3793.487653,588.2537,38,
2026-04-06 20:39:00,588.25,588.25,588.17,588.17,4970.081154,588.2359,46,
2026-04-06 20:40:00,588.2,588.2,588.16,588.17,1129.829653,588.17,22,
2026-04-06 20:41:00,588.15,588.17,588.15,588.17,1273.485834,588.1511,24,
2026-04-06 20:42:00,588.199,588.2096,588.17,588.17,9161.0,588.1845,39,
2026-04-06 20:43:00,588.19,588.19,588.15,588.1699,4856.044443,588.1655,48,
2026-04-06 20:44:00,588.1815,588.22,588.1815,588.22,358.17,588.2158,16,
2026-04-06 20:45:00,588.24,588.25,588.2,588.2,1130.901802,588.2193,23,
2026-04-06 20:46:00,588.2,588.2,588.15,588.17,2553.0,588.182,26,
2026-04-06 20:47:00,588.17,588.17,588.08,588.08,2064.266563,588.1358,47,
2026-04-06 20:48:00,588.07,588.14,588.0152,588.06,2945.912408,588.0726,58,
2026-04-06 20:49:00,588.06,588.06,588.0,588.05,2800.779556,588.0189,48,
2026-04-06 20:50:00,588.05,588.08,588.05,588.05,2571.125764,588.0648,31,
2026-04-06 20:51:00,588.02,588.07,588.02,588.07,2254.068922,588.0409,12,
2026-04-06 20:52:00,588.07,588.07,588.02,588.02,5412.342644,588.0239,31,
2026-04-06 20:53:00,588.04,588.04,588.0006,588.0006,857.711438,588.0159,12,
2026-04-06 20:54:00,588.0,588.0,588.0,588.0,1570.513918,588.0012,21,
2026-04-06 20:55:00,588.07,588.1,588.07,588.1,410.262874,588.0866,32,
2026-04-06 20:56:00,588.01,588.01,588.01,588.01,54.867287,588.0241,10,
2026-04-06 20:58:00,588.1001,588.1001,588.1001,588.1001,156.036591,588.1112,21,
2026-04-06 20:59:00,588.18,588.18,588.18,588.18,263.236359,588.1777,16,
2026-04-06 21:00:00,588.2291,588.2291,588.2291,588.2291,160.309048,588.2241,9,
2026-04-06 21:01:00,588.0,588.0,588.0,588.0,439.074278,588.0076,13,
2026-04-06 21:02:00,588.0394,588.1475,588.0394,588.1475,217.517335,588.0949,12,
2026-04-06 21:03:00,588.13,588.13,588.13,588.13,136.604642,588.1217,13,
2026-04-06 21:04:00,588.14,588.15,588.14,588.15,227.087128,588.1324,10,
2026-04-06 21:05:00,588.09,588.09,588.06,588.06,383.582397,588.0773,16,
2026-04-06 21:06:00,588.08,588.08,588.08,588.08,372.435891,588.0806,17,
2026-04-06 21:07:00,588.1,588.1,588.07,588.07,496.958999,588.0826,28,
2026-04-06 21:08:00,588.05,588.12,588.05,588.12,752.552647,588.0771,20,
2026-04-06 21:09:00,588.07,588.15,588.05,588.15,1875.302552,588.0637,22,
2026-04-06 21:10:00,588.1496,588.1496,588.1496,588.1496,104.529797,588.1355,16,
2026-04-06 21:11:00,588.15,588.15,588.1475,588.1475,454.58191,588.1469,20,
2026-04-06 21:12:00,588.15,588.19,588.1,588.1,956.686735,588.1346,34,
2026-04-06 21:14:00,588.1435,588.1435,588.1435,588.1435,73.020165,588.1526,10,
2026-04-06 21:15:00,588.17,588.17,588.17,588.17,567.73598,588.162,32,
2026-04-06 21:17:00,588.14,588.25,588.1,588.1099,2198.626,588.1812,55,
2026-04-06 21:20:00,588.1519,588.2,588.1519,588.2,288.404686,588.1699,21,
2026-04-06 21:21:00,588.15,588.16,588.15,588.16,294.845122,588.1629,13,
2026-04-06 21:22:00,588.19,588.36,588.19,588.36,2483.188938,588.2317,49,
2026-04-06 21:23:00,588.36,588.41,588.27,588.4,634.0,588.357,25,
2026-04-06 21:24:00,588.31,588.39,588.31,588.39,430.228799,588.3067,23,
2026-04-06 21:25:00,588.25,588.38,588.24,588.38,947.039916,588.2619,16,
2026-04-06 21:26:00,588.33,588.45,588.33,588.44,2926.188492,588.4046,58,
2026-04-06 21:27:00,588.46,588.49,588.4,588.41,2274.08103,588.4446,32,
2026-04-06 21:28:00,588.37,588.37,588.37,588.37,74.380507,588.3686,9,
2026-04-06 21:29:00,588.2675,588.37,588.2675,588.37,734.189431,588.2998,21,
2026-04-06 21:30:00,588.37,588.4,588.37,588.4,331.0,588.3793,5,
2026-04-06 21:31:00,588.44,588.44,588.44,588.44,321.097983,588.4402,14,
2026-04-06 21:32:00,588.4499,588.47,588.4499,588.47,1166.065579,588.4635,33,
2026-04-06 21:33:00,588.44,588.58,588.3,588.3,2185.074941,588.4799,75,
2026-04-06 21:36:00,588.45,588.45,588.45,588.45,103.561649,588.424,18,
2026-04-06 21:37:00,588.45,588.45,588.38,588.45,588.669256,588.4435,23,
2026-04-06 21:39:00,588.45,588.45,588.4,588.4,586.141742,588.4181,16,
2026-04-06 21:40:00,588.4,588.4499,588.4,588.4499,1824.158042,588.4132,24,
2026-04-06 21:41:00,588.43,588.43,588.4001,588.4001,178.020178,588.4256,15,
2026-04-06 21:42:00,588.44,588.44,588.27,588.27,3124.159194,588.3115,37,
2026-04-06 21:43:00,588.3,588.3,588.3,588.3,136.591048,588.3121,14,
2026-04-06 21:44:00,588.34,588.47,588.26,588.4378,2250.158594,588.3873,44,
2026-04-06 21:45:00,588.33,588.33,588.32,588.32,519.710151,588.3265,33,
2026-04-06 21:46:00,588.31,588.38,588.22,588.38,913.838727,588.2749,27,
2026-04-06 21:47:00,588.33,588.33,588.33,588.33,122.005097,588.333,13,
2026-04-06 21:48:00,588.31,588.38,588.31,588.38,1611.100639,588.3641,43,
2026-04-06 21:49:00,588.36,588.36,588.35,588.35,313.849027,588.3577,19,
2026-04-06 21:50:00,588.35,588.35,588.15,588.28,11564.824396,588.205,148,
2026-04-06 21:53:00,588.29,588.29,588.2,588.2,616.216941,588.2201,25,
2026-04-06 21:54:00,588.25,588.29,588.25,588.29,547.182462,588.279,10,
2026-04-06 21:56:00,588.19,588.24,588.14,588.23,2577.448206,588.1811,63,
2026-04-06 21:57:00,588.2033,588.23,588.2033,588.23,292.205002,588.2229,15,
2026-04-06 21:58:00,588.2,588.2,588.17,588.17,938.092666,588.1876,34,
2026-04-06 22:00:00,588.36,588.48,588.0,588.48,10292.200416,588.2054,136,
2026-04-06 22:01:00,588.45,588.5,588.4,588.5,1736.571879,588.4845,35,
2026-04-06 22:02:00,588.38,588.4964,588.38,588.4964,3649.153693,588.4113,28,
2026-04-06 22:03:00,588.4331,588.55,588.4331,588.55,2954.983905,588.5105,49,
2026-04-06 22:04:00,588.58,588.7414,588.58,588.71,3254.459053,588.6663,63,
2026-04-06 22:05:00,588.75,588.93,588.7182,588.86,6040.866261,588.8446,87,
2026-04-06 22:06:00,588.92,588.97,588.89,588.89,7287.098115,588.9307,36,
2026-04-06 22:07:00,588.92,588.92,588.71,588.85,2150.81002,588.7991,27,
2026-04-06 22:08:00,588.71,588.71,588.69,588.69,293.523823,588.7076,14,
2026-04-06 22:09:00,588.68,588.68,588.65,588.65,443.426459,588.6644,17,
2026-04-06 22:10:00,588.75,588.75,588.75,588.75,168.175479,588.7488,18,
2026-04-06 22:12:00,588.76,588.7752,588.76,588.7752,334.437196,588.7446,18,
2026-04-06 22:13:00,588.74,588.74,588.74,588.74,383.312427,588.7393,13,
2026-04-06 22:14:00,588.5851,588.75,588.5851,588.75,796.416278,588.6355,16,
2026-04-06 22:15:00,588.78,588.78,588.72,588.72,3422.122658,588.7696,19,
2026-04-06 22:16:00,588.71,588.71,588.71,588.71,72.135681,588.7084,8,
2026-04-06 22:17:00,588.7247,588.7247,588.7247,588.7247,96.343945,588.7346,8,
2026-04-06 22:18:00,588.8,588.8263,588.7975,588.8,462.419903,588.8052,18,
2026-04-06 22:19:00,588.69,588.69,588.68,588.68,1155.567311,588.6828,13,
2026-04-06 22:20:00,588.55,588.5896,588.55,588.55,2479.53608,588.5514,25,
2026-04-06 22:21:00,588.5,588.5,588.32,588.32,5700.132379,588.4322,46,
2026-04-06 22:22:00,588.3227,588.33,588.25,588.25,2890.151401,588.3072,50,
2026-04-06 22:23:00,588.08,588.08,587.35,587.43,21331.826764,587.7367,317,
2026-04-06 22:24:00,587.44,587.62,587.08,587.34,7396.361506,587.2927,115,
2026-04-06 22:25:00,587.53,587.61,587.3,587.58,11802.266753,587.5606,61,
2026-04-06 22:26:00,587.55,587.55,587.47,587.47,6917.448946,587.5142,66,
2026-04-06 22:27:00,587.5477,587.58,587.52,587.54,4901.204082,587.5486,29,
2026-04-06 22:28:00,587.5,587.52,587.47,587.4781,1154.538291,587.4972,23,
2026-04-06 22:30:00,587.6,587.64,587.6,587.62,937.111524,587.6281,21,
2026-04-06 22:31:00,587.6,587.6,587.6,587.6,152.0,587.5686,11,
2026-04-06 22:32:00,587.48,587.49,587.27,587.39,3168.013204,587.3954,34,
2026-04-06 22:33:00,587.26,587.32,587.14,587.14,2725.823758,587.2399,59,
2026-04-06 22:34:00,587.2479,587.2479,587.2479,587.2479,544.210711,587.2438,15,
2026-04-06 22:35:00,587.19,587.32,587.19,587.32,597.174671,587.276,25,
2026-04-06 22:36:00,587.358,587.4,587.2981,587.3,3818.246892,587.3299,25,
2026-04-06 22:37:00,587.36,587.36,587.3,587.3,431.537511,587.3424,11,
2026-04-06 22:38:00,587.36,587.3796,587.33,587.33,466.0,587.3466,23,
2026-04-06 22:39:00,587.38,587.4,587.3229,587.3229,304.788161,587.3761,20,
2026-04-06 22:40:00,587.433,587.433,587.4067,587.4109,1350.320401,587.4113,14,
2026-04-06 22:41:00,587.49,587.5,587.45,587.4618,1196.166912,587.4856,26,
2026-04-06 22:42:00,587.48,587.48,587.48,587.48,344.555334,587.4838,20,
2026-04-06 22:44:00,587.42,587.47,587.4196,587.4196,501.017023,587.437,15,
2026-04-06 22:45:00,587.4,587.4,587.38,587.38,715.404932,587.3805,18,
2026-04-06 22:46:00,587.3918,587.45,587.3918,587.45,1011.192284,587.4082,13,
2026-04-06 22:47:00,587.44,587.44,587.4299,587.44,1964.055854,587.4385,19,
2026-04-06 22:48:00,587.4599,587.46,587.4599,587.46,1308.086814,587.4597,10,
2026-04-06 22:49:00,587.48,587.48,587.48,587.48,811.601062,587.4798,12,
2026-04-06 22:50:00,587.48,587.56,587.48,587.56,1537.718086,587.5118,41,
2026-04-06 22:51:00,587.64,587.64,587.52,587.52,587.618852,587.6056,21,
2026-04-06 22:52:00,587.44,587.44,587.3881,587.3881,657.040779,587.4215,19,
2026-04-06 22:53:00,587.4534,587.4534,587.3,587.3,198.064552,587.3605,22,
2026-04-06 22:54:00,587.31,587.31,587.31,587.31,426.103601,587.3152,11,
2026-04-06 22:56:00,587.35,587.35,587.05,587.06,2912.08841,587.1869,56,
2026-04-06 22:57:00,587.08,587.13,587.08,587.09,2025.533659,587.0887,17,
2026-04-06 22:58:00,587.15,587.15,587.1461,587.1461,365.51971,587.1556,14,
2026-04-06 23:00:00,587.09,587.14,587.09,587.14,1954.283695,587.1303,23,
2026-04-06 23:01:00,587.18,587.4,587.18,587.3767,1932.51969,587.3155,34,
2026-04-06 23:02:00,587.37,587.37,587.37,587.37,194.742148,587.3537,19,
2026-04-06 23:03:00,587.36,587.36,587.25,587.25,793.010694,587.2957,21,
2026-04-06 23:04:00,587.27,587.4,587.27,587.4,1501.581846,587.3581,45,
2026-04-06 23:05:00,587.44,587.4767,587.44,587.4767,362.790345,587.467,19,
2026-04-06 23:06:00,587.41,587.41,587.4,587.4,1934.765889,587.4013,33,
2026-04-06 23:07:00,587.43,587.43,587.43,587.43,125.034046,587.4123,14,
2026-04-06 23:08:00,587.36,587.37,587.35,587.35,1128.558467,587.3618,30,
2026-04-06 23:09:00,587.3845,587.3845,587.3845,587.3845,86.201737,587.3747,10,
2026-04-06 23:10:00,587.5,587.81,587.5,587.68,15918.395469,587.7174,213,
2026-04-06 23:11:00,587.7,587.7,587.7,587.7,583.511601,587.6993,22,
2026-04-06 23:13:00,587.69,587.69,587.65,587.65,1239.499195,587.6555,24,
2026-04-06 23:14:00,587.7,587.7,587.67,587.67,184.054522,587.6804,12,
2026-04-06 23:15:00,587.75,587.75,587.61,587.66,656.631724,587.6964,14,
2026-04-06 23:16:00,587.6,587.6,587.6,587.6,229.47034,587.6067,22,
2026-04-06 23:17:00,587.55,587.56,587.52,587.52,609.23481,587.5404,18,
2026-04-06 23:18:00,587.57,587.6,587.5599,587.5599,916.730664,587.577,18,
2026-04-06 23:19:00,587.57,587.57,587.57,587.57,125.034019,587.5515,6,
2026-04-06 23:20:00,587.5291,587.5291,587.5,587.5,273.683787,587.5215,16,
2026-04-06 23:21:00,587.4,587.4,587.4,587.4,395.148868,587.3846,34,
2026-04-06 23:22:00,587.37,587.37,587.35,587.35,1045.287634,587.3602,27,
2026-04-06 23:23:00,587.41,587.41,587.41,587.41,113.626598,587.4115,14,
2026-04-06 23:24:00,587.4265,587.4265,587.42,587.42,306.939399,587.4165,11,
2026-04-06 23:25:00,587.41,587.41,587.41,587.41,770.0,587.41,7,
2026-04-06 23:26:00,587.44,587.44,587.44,587.44,400.086,587.4402,8,
2026-04-06 23:28:00,587.55,587.55,587.55,587.55,186.009497,587.5388,8,
2026-04-06 23:29:00,587.46,587.5,587.45,587.49,1831.236971,587.4625,16,
2026-04-06 23:30:00,587.38,587.41,587.38,587.41,628.021382,587.3826,13,
2026-04-06 23:31:00,587.35,587.39,587.35,587.39,390.014249,587.3583,11,
2026-04-06 23:32:00,587.43,587.43,587.43,587.43,102.06753,587.4549,12,
2026-04-06 23:33:00,587.5,587.5,587.5,587.5,1226.132581,587.5014,12,
2026-04-06 23:34:00,587.54,587.54,587.54,587.54,194.002127,587.5415,9,
2026-04-06 23:35:00,587.53,587.53,587.43,587.43,492.050215,587.4694,11,
2026-04-06 23:36:00,587.4352,587.4352,587.4352,587.4352,202.292436,587.4352,5,
2026-04-06 23:37:00,587.4,587.4,587.4,587.4,917.170328,587.4038,16,
2026-04-06 23:38:00,587.43,587.47,587.35,587.35,374.008511,587.4207,20,
2026-04-06 23:44:00,587.4,587.4001,587.4,587.4,519.340472,587.4013,18,
2026-04-06 23:45:00,587.48,587.6,587.47,587.6,1154.25,587.5025,15,
2026-04-06 23:46:00,587.55,587.55,587.49,587.49,391.214127,587.5346,11,
2026-04-06 23:47:00,587.45,587.45,587.4,587.4,369.066268,587.4197,12,
2026-04-06 23:48:00,587.4235,587.5,587.4235,587.5,300.601635,587.4694,14,
2026-04-06 23:49:00,587.4922,587.5,587.42,587.4201,1934.018503,587.4454,22,
2026-04-06 23:50:00,587.42,587.42,587.39,587.39,3851.617663,587.4187,19,
2026-04-06 23:51:00,587.36,587.41,587.36,587.4,1036.732842,587.3914,13,
2026-04-06 23:52:00,587.4,587.5,587.4,587.4813,1017.50424,587.4684,17,
2026-04-06 23:53:00,587.43,587.44,587.36,587.36,681.510738,587.4016,7,
2026-04-06 23:54:00,587.3804,587.48,587.3804,587.4278,14099.17916,587.4241,15,
2026-04-06 23:55:00,587.46,587.46,587.36,587.42,2574.0,587.3978,28,
2026-04-06 23:56:00,587.41,587.41,587.34,587.35,2273.034047,587.3527,25,
2026-04-06 23:57:00,587.3403,587.35,587.21,587.21,7731.400041,587.3122,104,
2026-04-06 23:58:00,587.2,587.2,587.08,587.15,7886.486961,587.1591,133,
2026-04-06 23:59:00,587.2,587.2,587.01,587.04,8813.030965,587.0667,80,
