timestamp,open,high,low,close,volume,bar_vwap,transactions,otc
2026-03-24 08:00:00,655.17,657.11,655.17,657.11,3820.0,656.6618,69,
2026-03-24 08:01:00,656.88,656.89,656.59,656.59,764.0,656.859,27,
2026-03-24 08:02:00,656.74,656.74,656.69,656.69,2116.0,656.7333,28,
2026-03-24 08:03:00,656.94,656.94,656.75,656.75,1415.0,656.8327,31,
2026-03-24 08:04:00,657.0,657.0,657.0,657.0,103.0,656.9837,6,
2026-03-24 08:05:00,657.2,657.4,657.2,657.39,396.0,657.2889,18,
2026-03-24 08:06:00,657.29,657.47,657.22,657.47,1872.0,657.3466,35,
2026-03-24 08:07:00,657.32,657.36,657.25,657.25,726.0,657.3093,18,
2026-03-24 08:08:00,657.32,657.33,656.99,656.99,622.0,657.1821,14,
2026-03-24 08:09:00,656.92,656.92,656.9,656.91,870.0,656.9263,23,
2026-03-24 08:10:00,657.02,657.03,656.8,656.83,1710.0,656.8558,21,
2026-03-24 08:11:00,656.85,656.95,656.75,656.94,751.0,656.844,14,
2026-03-24 08:12:00,656.98,657.18,656.95,657.15,3003.0,657.0687,34,
2026-03-24 08:13:00,657.2,657.2,657.2,657.2,238.0,657.1581,12,
2026-03-24 08:14:00,657.15,657.15,656.98,657.0,665.0,657.0205,11,
2026-03-24 08:15:00,657.0,657.25,656.95,657.13,8236.0,657.0232,97,
2026-03-24 08:16:00,657.11,657.36,657.1,657.29,2348.0,657.2259,39,
2026-03-24 08:17:00,657.06,657.06,656.79,656.79,2621.0,656.9849,21,
2026-03-24 08:18:00,656.66,656.66,656.26,656.28,526.0,656.4601,20,
2026-03-24 08:19:00,656.0,656.28,655.55,655.6,9361.0,655.7627,104,
2026-03-24 08:20:00,655.6,655.78,655.41,655.54,6464.0,655.571,73,
2026-03-24 08:21:00,655.48,655.66,655.48,655.66,2402.0,655.63,39,
2026-03-24 08:22:00,655.78,655.89,655.76,655.76,397.0,655.8258,6,
2026-03-24 08:23:00,655.99,655.99,655.91,655.91,1011.0,655.9293,11,
2026-03-24 08:24:00,655.78,655.78,655.39,655.46,1679.0,655.5339,14,
2026-03-24 08:25:00,655.29,655.32,655.15,655.17,3842.0,655.2405,48,
2026-03-24 08:26:00,655.4,655.4,655.16,655.16,291.0,655.2871,10,
2026-03-24 08:27:00,655.18,655.22,655.0,655.22,1955.0,655.0454,46,
2026-03-24 08:28:00,655.07,655.16,655.07,655.16,268.0,655.1223,9,
2026-03-24 08:29:00,655.22,655.22,655.1,655.1,580.0,655.1776,7,
2026-03-24 08:30:00,654.84,655.01,654.71,655.01,1398.0,654.8717,27,
2026-03-24 08:31:00,655.18,655.19,655.15,655.15,542.0,655.1799,11,
2026-03-24 08:32:00,655.37,655.37,655.17,655.17,520.0,655.2664,12,
2026-03-24 08:33:00,655.25,655.25,654.97,654.97,541.0,655.1192,10,
2026-03-24 08:34:00,655.02,655.12,655.02,655.12,585.0,655.0661,12,
2026-03-24 08:35:00,655.05,655.36,655.05,655.36,772.0,655.1914,17,
2026-03-24 08:36:00,655.64,655.76,655.54,655.7,1798.0,655.7058,25,
2026-03-24 08:37:00,655.67,655.67,655.67,655.67,327.0,655.6546,9,
2026-03-24 08:38:00,655.47,655.52,655.16,655.16,3976.0,655.4081,37,
2026-03-24 08:40:00,655.34,655.59,655.34,655.58,810.0,655.4616,6,
2026-03-24 08:41:00,655.6,655.65,655.6,655.65,319.0,655.63,5,
2026-03-24 08:42:00,655.44,655.44,654.96,654.97,576.0,655.0649,13,
2026-03-24 08:43:00,655.0,655.0,654.99,655.0,114.0,655.0002,4,
2026-03-24 08:44:00,654.97,655.02,654.97,655.02,245.0,655.01,5,
2026-03-24 08:45:00,655.1,655.11,655.1,655.1,171.0,655.1188,5,
2026-03-24 08:46:00,655.19,655.55,655.19,655.55,119.0,655.3763,4,
2026-03-24 08:47:00,655.39,655.54,655.31,655.53,878.0,655.4364,11,
2026-03-24 08:48:00,655.52,655.52,655.44,655.44,279.0,655.4814,6,
2026-03-24 08:49:00,655.55,655.55,655.55,655.55,840.0,655.546,6,
2026-03-24 08:50:00,655.37,655.68,654.78,654.78,28900.0,655.3715,425,
2026-03-24 08:51:00,655.02,655.02,654.53,654.6,4081.0,654.6868,39,
2026-03-24 08:52:00,654.9,655.18,654.9,655.18,579.0,654.9223,8,
2026-03-24 08:53:00,655.0,655.0,654.88,654.88,1251.0,654.9823,15,
2026-03-24 08:54:00,654.94,655.1,654.94,655.1,1111.0,654.9958,13,
2026-03-24 08:55:00,654.97,654.97,654.97,654.97,802.0,654.97,7,
2026-03-24 08:56:00,654.95,654.96,654.33,654.35,1210.0,654.6278,28,
2026-03-24 08:57:00,654.55,654.55,654.37,654.44,4124.0,654.4938,50,
2026-03-24 08:58:00,654.85,654.85,654.85,654.85,274.0,654.7988,11,
2026-03-24 08:59:00,654.73,654.87,654.59,654.87,570.0,654.7586,14,
2026-03-24 09:00:00,654.37,654.61,654.37,654.52,974.0,654.5463,13,
2026-03-24 09:01:00,654.87,654.87,654.8,654.8,1541.0,654.826,9,
2026-03-24 09:02:00,654.65,654.71,654.61,654.7,1704.0,654.6849,15,
2026-03-24 09:03:00,654.8,654.8,654.8,654.8,46.0,654.7893,3,
2026-03-24 09:04:00,654.84,655.02,654.84,655.02,882.0,655.0033,3,
2026-03-24 09:05:00,655.04,655.04,654.71,654.71,623.0,654.9698,8,
2026-03-24 09:06:00,654.55,654.55,654.33,654.33,947.0,654.382,16,
2026-03-24 09:07:00,654.4,654.4,654.0,654.0,3598.0,654.1993,63,
2026-03-24 09:08:00,654.15,654.21,653.85,653.86,3854.0,654.0615,43,
2026-03-24 09:09:00,653.9,653.9,653.8,653.8,191.0,653.8664,9,
2026-03-24 09:10:00,653.82,653.87,653.7,653.82,3535.0,653.7842,48,
2026-03-24 09:11:00,654.08,654.08,653.73,653.73,529.0,653.9129,13,
2026-03-24 09:12:00,653.66,653.66,653.51,653.53,2763.0,653.5996,30,
2026-03-24 09:13:00,653.43,653.68,653.31,653.34,1553.0,653.4415,32,
2026-03-24 09:14:00,653.3,653.3,652.85,652.85,3361.0,653.0183,76,
2026-03-24 09:15:00,652.95,653.18,652.95,653.0,417.0,653.0623,15,
2026-03-24 09:16:00,653.03,653.46,653.03,653.46,1105.0,653.3161,20,
2026-03-24 09:17:00,653.54,653.74,653.54,653.69,588.0,653.6717,12,
2026-03-24 09:18:00,653.64,653.67,653.63,653.66,804.0,653.6473,13,
2026-03-24 09:19:00,653.65,653.67,653.63,653.67,520.0,653.6585,11,
2026-03-24 09:21:00,653.42,653.42,653.42,653.42,435.0,653.4269,8,
2026-03-24 09:24:00,653.5,653.5,653.5,653.5,178.0,653.5526,7,
2026-03-24 09:25:00,653.87,653.9,653.85,653.85,555.0,653.8499,13,
2026-03-24 09:26:00,653.81,653.85,653.51,653.51,466.0,653.7145,11,
2026-03-24 09:28:00,653.85,653.85,653.85,653.85,126.0,653.901,7,
2026-03-24 09:29:00,654.21,654.33,654.21,654.33,1520.0,654.2977,15,
2026-03-24 09:30:00,654.17,654.26,654.15,654.26,292.0,654.2137,15,
2026-03-24 09:31:00,654.23,654.3,653.95,653.95,259.0,654.1554,12,
2026-03-24 09:33:00,654.24,654.38,654.24,654.38,277.0,654.3049,7,
2026-03-24 09:34:00,654.19,654.19,654.19,654.19,597.0,654.193,18,
2026-03-24 09:35:00,654.2,654.22,654.2,654.2,389.0,654.2298,15,
2026-03-24 09:36:00,654.38,654.38,654.38,654.38,400.0,654.3406,12,
2026-03-24 09:38:00,654.27,654.27,654.27,654.27,230.0,654.257,3,
2026-03-24 09:40:00,654.45,654.97,654.45,654.94,2424.0,654.6079,41,
2026-03-24 09:41:00,654.67,654.82,654.67,654.71,1226.0,654.7511,23,
2026-03-24 09:42:00,654.9,654.9,654.79,654.79,217.0,654.8653,8,
2026-03-24 09:44:00,654.74,654.74,654.74,654.74,630.0,654.7427,9,
2026-03-24 09:45:00,654.9,654.9,654.9,654.9,42.0,654.9012,3,
2026-03-24 09:47:00,654.5,654.5,654.5,654.5,100.0,654.5,1,
2026-03-24 09:48:00,654.75,654.8,654.74,654.8,155.0,654.7575,11,
2026-03-24 09:49:00,654.7,654.7,654.56,654.56,222.0,654.6386,10,
2026-03-24 09:50:00,654.48,654.57,654.48,654.48,1802.0,654.513,30,
2026-03-24 09:51:00,654.34,654.34,654.23,654.23,1185.0,654.325,21,
2026-03-24 09:52:00,654.25,654.43,654.25,654.43,376.0,654.321,13,
2026-03-24 09:53:00,654.5,654.79,654.5,654.77,3141.0,654.739,34,
2026-03-24 09:54:00,654.98,654.98,654.91,654.91,698.0,654.9436,20,
2026-03-24 09:55:00,655.0,655.2,655.0,655.2,3949.0,655.1338,53,
2026-03-24 09:56:00,655.24,655.76,655.24,655.4,10730.0,655.5322,138,
2026-03-24 09:57:00,655.29,655.52,655.29,655.52,1350.0,655.392,23,
2026-03-24 09:58:00,655.73,655.74,655.69,655.69,428.0,655.7193,7,
2026-03-24 09:59:00,655.72,655.72,655.51,655.53,7531.0,655.5583,93,
2026-03-24 10:00:00,655.4,655.42,655.28,655.29,2483.0,655.3652,39,
2026-03-24 10:01:00,655.2,655.2,654.79,654.79,3547.0,655.0571,38,
2026-03-24 10:02:00,654.77,654.77,654.4,654.59,3385.0,654.5615,50,
2026-03-24 10:03:00,654.53,654.77,654.53,654.7,648.0,654.6592,30,
2026-03-24 10:04:00,654.95,655.07,654.95,654.97,1428.0,655.0161,20,
2026-03-24 10:05:00,655.19,655.21,655.19,655.2,1154.0,655.1808,20,
2026-03-24 10:06:00,655.18,655.3,655.18,655.3,262.0,655.3398,30,
2026-03-24 10:07:00,655.39,655.58,655.38,655.58,2580.0,655.4162,59,
2026-03-24 10:08:00,655.67,655.81,655.59,655.59,1015.0,655.6722,31,
2026-03-24 10:09:00,655.58,655.68,655.58,655.68,441.0,655.6544,21,
2026-03-24 10:10:00,655.75,655.84,655.69,655.7,1007.0,655.7482,48,
2026-03-24 10:11:00,655.7,655.7,655.65,655.65,387.0,655.674,20,
2026-03-24 10:12:00,655.53,655.64,655.53,655.64,1042.0,655.545,19,
2026-03-24 10:13:00,655.68,655.72,655.68,655.7,262.0,655.6989,11,
2026-03-24 10:14:00,655.78,655.81,655.78,655.81,204.0,655.767,21,
2026-03-24 10:15:00,655.6,655.7,655.59,655.7,440.0,655.6125,24,
2026-03-24 10:16:00,655.74,655.74,655.74,655.74,233.0,655.7406,19,
2026-03-24 10:17:00,655.63,655.67,655.63,655.66,253.0,655.6515,8,
2026-03-24 10:18:00,655.55,655.8,655.45,655.8,517.0,655.6116,18,
2026-03-24 10:19:00,655.66,655.66,655.66,655.66,257.0,655.6598,7,
2026-03-24 10:21:00,655.62,655.64,655.6,655.64,1973.0,655.6212,33,
2026-03-24 10:22:00,655.59,655.59,655.59,655.59,109.0,655.5883,3,
2026-03-24 10:24:00,655.53,655.53,655.53,655.53,110.0,655.5208,6,
2026-03-24 10:25:00,655.34,655.34,655.31,655.33,664.0,655.3292,27,
2026-03-24 10:28:00,655.2,655.2,654.9,654.9,1425.0,655.14,32,
2026-03-24 10:29:00,654.77,654.89,654.75,654.77,912.0,654.8085,14,
2026-03-24 10:30:00,654.75,654.96,654.72,654.93,1236.0,654.8747,31,
2026-03-24 10:31:00,655.04,655.06,654.92,654.95,1430.0,654.9874,18,
2026-03-24 10:32:00,655.1,655.1,655.0,655.0,534.0,655.0652,9,
2026-03-24 10:33:00,654.97,654.97,654.72,654.72,1484.0,654.8567,17,
2026-03-24 10:34:00,654.7,654.7,654.43,654.53,1374.0,654.5823,57,
2026-03-24 10:35:00,654.53,654.82,654.52,654.81,733.0,654.5924,13,
2026-03-24 10:36:00,654.87,654.89,654.73,654.89,5671.0,654.8041,72,
2026-03-24 10:37:00,655.05,655.23,655.04,655.23,812.0,655.1523,20,
2026-03-24 10:38:00,655.24,655.24,655.14,655.14,358.0,655.1963,10,
2026-03-24 10:39:00,655.16,655.16,655.16,655.16,124.0,655.1944,7,
2026-03-24 10:40:00,655.61,655.61,655.31,655.31,608.0,655.5226,18,
2026-03-24 10:41:00,655.08,655.34,655.06,655.34,4046.0,655.1098,59,
2026-03-24 10:42:00,655.26,655.26,655.24,655.24,5013.0,655.2592,28,
2026-03-24 10:43:00,655.21,655.61,655.21,655.5,586.0,655.4702,13,
2026-03-24 10:44:00,655.61,655.81,655.36,655.37,3437.0,655.6207,43,
2026-03-24 10:45:00,655.77,655.77,655.77,655.77,89.0,655.7831,3,
2026-03-24 10:46:00,655.65,655.65,655.65,655.65,241.0,655.5607,16,
2026-03-24 10:47:00,655.36,655.36,655.175,655.23,557.0,655.2218,19,
2026-03-24 10:48:00,655.07,655.07,655.07,655.07,305.0,655.0107,18,
2026-03-24 10:49:00,654.75,654.93,654.75,654.87,5182.0,654.9044,51,
2026-03-24 10:50:00,654.89,655.15,654.89,655.15,159.0,654.9714,11,
2026-03-24 10:52:00,655.29,655.29,655.23,655.23,907.0,655.2766,14,
2026-03-24 10:53:00,655.37,655.37,655.37,655.37,210.0,655.3676,4,
2026-03-24 10:54:00,655.34,655.34,655.34,655.34,88.0,655.3266,4,
2026-03-24 10:55:00,655.04,655.04,655.04,655.04,129.0,655.045,8,
2026-03-24 10:57:00,655.22,655.22,655.19,655.2,1058.0,655.2043,18,
2026-03-24 10:58:00,655.18,655.18,655.18,655.18,502.0,655.1812,7,
2026-03-24 11:00:00,655.34,655.44,655.28,655.44,4284.0,655.3647,77,
2026-03-24 11:01:00,655.48,655.48,654.64,654.64,3543.0,654.9888,50,
2026-03-24 11:02:00,654.75,654.9,654.63,654.77,1279.0,654.7897,30,
2026-03-24 11:03:00,654.83,655.16,654.83,655.16,2241.0,655.0216,55,
2026-03-24 11:04:00,655.32,655.32,655.1,655.25,878.0,655.2255,21,
2026-03-24 11:05:00,655.32,655.36,655.13,655.13,1288.0,655.247,37,
2026-03-24 11:06:00,655.26,655.31,655.22,655.31,1133.0,655.2487,13,
2026-03-24 11:07:00,655.45,655.45,655.3,655.39,849.0,655.3731,22,
2026-03-24 11:08:00,655.56,655.7,655.54,655.56,3050.0,655.6136,31,
2026-03-24 11:09:00,655.5,655.6,655.46,655.46,2405.0,655.5387,39,
2026-03-24 11:10:00,655.46,655.66,655.46,655.63,7163.0,655.6208,69,
2026-03-24 11:11:00,655.63,655.7,655.63,655.7,5173.0,655.6674,54,
2026-03-24 11:12:00,655.69,655.69,655.61,655.61,243.0,655.6374,8,
2026-03-24 11:13:00,655.5,655.5,655.4,655.44,1146.0,655.4277,39,
2026-03-24 11:14:00,655.4,655.56,655.4,655.44,4966.0,655.4865,45,
2026-03-24 11:15:00,655.24,655.24,655.0,655.0,1194.0,655.1529,104,
2026-03-24 11:16:00,654.86,654.94,654.53,654.53,3043.0,654.7335,99,
2026-03-24 11:17:00,654.57,654.62,654.41,654.41,18329.0,654.5822,111,
2026-03-24 11:18:00,654.51,654.73,654.51,654.73,628.0,654.6111,11,
2026-03-24 11:19:00,654.68,655.16,654.68,655.16,2783.0,654.84,68,
2026-03-24 11:20:00,655.16,655.16,654.96,654.96,901.0,655.0262,19,
2026-03-24 11:21:00,654.9,654.9,654.84,654.84,7573.0,654.8993,11,
2026-03-24 11:22:00,654.93,655.03,654.9,654.98,1131.0,654.9595,28,
2026-03-24 11:23:00,654.9,654.95,654.89,654.95,406.0,654.9132,11,
2026-03-24 11:24:00,655.07,655.07,654.97,654.97,382.0,655.0186,8,
2026-03-24 11:25:00,654.96,654.96,654.5,654.54,3103.0,654.6967,52,
2026-03-24 11:26:00,654.6,654.75,654.6,654.75,2514.0,654.6745,27,
2026-03-24 11:27:00,654.66,654.84,654.61,654.84,3129.0,654.7587,38,
2026-03-24 11:28:00,654.98,655.02,654.88,654.98,4835.0,654.9874,70,
2026-03-24 11:29:00,654.94,655.1,654.92,654.92,5512.0,654.9962,59,
2026-03-24 11:30:00,654.78,654.81,654.7,654.72,1311.0,654.775,25,
2026-03-24 11:31:00,654.55,654.59,654.51,654.56,2955.0,654.5431,37,
2026-03-24 11:32:00,654.69,654.69,654.52,654.69,14864.0,654.5445,90,
2026-03-24 11:33:00,654.51,654.51,654.5,654.51,350.0,654.504,9,
2026-03-24 11:34:00,654.55,654.78,654.55,654.78,697.0,654.6193,8,
2026-03-24 11:35:00,654.84,654.94,654.44,654.45,22573.0,654.6984,125,
2026-03-24 11:36:00,654.48,654.64,654.44,654.64,7087.0,654.4827,32,
2026-03-24 11:37:00,654.7,654.73,654.65,654.7,10224.0,654.7021,69,
2026-03-24 11:38:00,654.71,654.93,654.63,654.92,631.0,654.7447,14,
2026-03-24 11:39:00,654.88,654.88,654.82,654.82,286.0,654.8611,14,
2026-03-24 11:40:00,654.87,654.9,654.84,654.9,4381.0,654.8919,27,
2026-03-24 11:41:00,654.84,654.84,654.77,654.77,207.0,654.7994,13,
2026-03-24 11:42:00,654.65,654.85,654.6,654.85,20169.0,654.6629,98,
2026-03-24 11:43:00,654.76,654.77,654.38,654.39,2629.0,654.5456,44,
2026-03-24 11:44:00,654.5,654.7,654.46,654.54,7592.0,654.5105,61,
2026-03-24 11:45:00,654.7,654.93,654.64,654.86,4452.0,654.7553,74,
2026-03-24 11:46:00,654.85,655.21,654.83,655.18,10012.0,655.0713,100,
2026-03-24 11:47:00,655.19,655.47,655.13,655.45,6049.0,655.3739,80,
2026-03-24 11:48:00,655.41,655.57,655.41,655.57,12067.0,655.467,114,
2026-03-24 11:49:00,655.62,655.62,655.27,655.27,3529.0,655.3784,49,
2026-03-24 11:50:00,655.34,655.35,655.23,655.29,1054.0,655.2893,32,
2026-03-24 11:51:00,655.22,655.22,654.62,654.64,2284.0,654.9775,91,
2026-03-24 11:52:00,654.59,654.59,653.93,653.93,4247.0,654.1903,177,
2026-03-24 11:53:00,653.91,653.91,652.86,653.02,54516.0,653.2957,729,
2026-03-24 11:54:00,653.11,653.96,653.02,653.76,29159.0,653.5734,322,
2026-03-24 11:55:00,653.84,654.2,653.84,654.2,2609.0,653.993,73,
2026-03-24 11:56:00,654.05,654.27,654.04,654.25,8689.0,654.1752,96,
2026-03-24 11:57:00,654.22,654.4,654.2,654.4,1767.0,654.2908,61,
2026-03-24 11:58:00,654.4,654.5,654.35,654.43,13993.0,654.3771,149,
2026-03-24 11:59:00,654.49,655.13,654.49,655.06,23040.0,655.0271,253,
2026-03-24 12:00:00,655.07,657.4,652.77,655.2,102504.918243,654.8895,5373,
2026-03-24 12:01:00,656.33,657.23,651.1,655.1,11047.689747,654.1303,681,
2026-03-24 12:02:00,655.7103,657.63,650.72,656.9,89776.801765,654.14,2321,
2026-03-24 12:03:00,654.94,657.23,651.46,653.81,4236.59305,654.7894,192,
2026-03-24 12:04:00,654.86,654.86,652.32,654.33,3673.194976,654.3886,155,
2026-03-24 12:05:00,654.25,654.25,654.0,654.1,17475.283773,654.1983,163,
2026-03-24 12:06:00,654.0578,654.1573,653.97,654.1573,3823.574479,654.1227,84,
2026-03-24 12:07:00,654.21,654.21,654.0,654.0,3284.423284,654.1788,62,
2026-03-24 12:08:00,653.95,653.96,653.64,653.7553,16786.1342,653.8947,207,
2026-03-24 12:09:00,653.83,653.909,653.76,653.89,5981.919161,653.9376,71,
2026-03-24 12:10:00,654.01,654.01,653.74,653.74,1216.062545,653.8965,51,
2026-03-24 12:11:00,653.7,653.91,653.52,653.66,38243.822919,653.7316,393,
2026-03-24 12:12:00,653.72,653.85,653.66,653.7722,16070.427834,653.8113,152,
2026-03-24 12:13:00,653.82,654.29,653.82,654.29,8015.409362,654.2089,127,
2026-03-24 12:14:00,654.25,654.25,654.02,654.08,8665.645296,654.1666,121,
2026-03-24 12:15:00,654.07,654.1,653.85,653.93,4442.276975,654.0434,76,
2026-03-24 12:16:00,653.89,653.9985,653.76,653.81,4402.68498,653.9518,66,
2026-03-24 12:17:00,653.75,653.84,653.71,653.76,3813.26543,653.7846,86,
2026-03-24 12:18:00,653.76,654.08,653.7404,654.0,6117.660456,653.9636,101,
2026-03-24 12:19:00,653.88,654.0,653.78,653.85,3459.672347,654.0441,89,
2026-03-24 12:20:00,653.78,653.92,653.78,653.92,1214.636158,654.2087,51,
2026-03-24 12:21:00,653.8,653.92,653.72,653.83,2625.514886,653.922,87,
2026-03-24 12:22:00,653.8065,653.96,653.74,653.74,18623.409476,653.8722,161,
2026-03-24 12:23:00,653.69,653.93,653.69,653.82,24941.455799,653.8088,211,
2026-03-24 12:24:00,653.85,654.23,653.85,654.08,14364.278828,654.1254,144,
2026-03-24 12:25:00,654.1049,654.22,654.02,654.22,9927.309609,654.1774,128,
2026-03-24 12:26:00,654.22,654.54,654.2,654.46,15737.516116,654.4037,186,
2026-03-24 12:27:00,654.53,654.73,654.53,654.65,7374.076002,654.6612,111,
2026-03-24 12:28:00,654.61,654.63,654.46,654.47,2239.142495,654.6178,64,
2026-03-24 12:29:00,654.43,654.43,654.2,654.2878,8868.546243,654.3337,128,
2026-03-24 12:30:00,654.33,654.33,653.98,654.14,6462.331471,654.1161,147,
2026-03-24 12:31:00,654.04,654.04,653.77,653.96,3334.577199,654.0324,90,
2026-03-24 12:32:00,654.04,654.04,653.62,653.64,12177.971412,653.7631,175,
2026-03-24 12:33:00,653.55,653.56,653.0,653.0237,20100.024056,653.2849,353,
2026-03-24 12:34:00,653.02,653.21,652.91,653.19,11520.816535,653.1217,228,
2026-03-24 12:35:00,653.25,653.31,652.93,653.05,11887.536632,653.1187,189,
2026-03-24 12:36:00,653.05,653.26,653.02,653.08,22357.258665,653.2168,236,
2026-03-24 12:37:00,653.06,653.07,652.49,652.51,28238.608262,652.8225,368,
2026-03-24 12:38:00,652.54,652.62,652.35,652.6,15023.377385,652.4961,216,
2026-03-24 12:39:00,652.55,652.66,652.44,652.5,12118.996174,652.5903,168,
2026-03-24 12:40:00,652.5,652.73,652.49,652.7,14671.8215,652.6703,151,
2026-03-24 12:41:00,652.6601,652.89,652.62,652.62,12159.612191,652.8034,145,
2026-03-24 12:42:00,652.63,652.73,652.54,652.58,6992.439764,652.6588,123,
2026-03-24 12:43:00,652.53,652.61,652.26,652.27,19998.580813,652.5434,188,
2026-03-24 12:44:00,652.23,652.53,652.17,652.18,26909.408463,652.3192,267,
2026-03-24 12:45:00,652.24,652.45,652.24,652.41,18658.18045,652.4079,146,
2026-03-24 12:46:00,652.4783,652.62,652.29,652.41,18472.099697,652.443,286,
2026-03-24 12:47:00,652.42,652.44,652.22,652.4,13024.875109,652.4077,174,
2026-03-24 12:48:00,652.35,652.35,652.06,652.34,24867.835657,652.2285,295,
2026-03-24 12:49:00,652.32,652.5,652.08,652.245,23943.43694,652.2964,236,
2026-03-24 12:50:00,652.14,652.41,652.14,652.2309,8455.511141,652.3863,140,
2026-03-24 12:51:00,652.2,652.41,652.15,652.1846,5141.393725,652.3018,121,
2026-03-24 12:52:00,652.21,652.97,652.21,652.96,13426.836388,652.6295,214,
2026-03-24 12:53:00,652.97,653.03,652.69,652.9,19460.252223,652.9657,234,
2026-03-24 12:54:00,652.89,652.93,652.7,652.89,9689.546245,652.8183,125,
2026-03-24 12:55:00,652.83,652.85,652.5514,652.67,5368.887841,652.7774,138,
2026-03-24 12:56:00,652.63,652.7423,652.43,652.43,5776.816585,652.7032,110,
2026-03-24 12:57:00,652.43,652.61,652.43,652.56,3207.240095,652.5299,63,
2026-03-24 12:58:00,652.45,652.49,652.36,652.41,2486.338503,652.5025,128,
2026-03-24 12:59:00,652.41,652.51,652.27,652.34,4108.863897,652.5317,110,
2026-03-24 13:00:00,652.3476,652.37,652.18,652.18,1670.844527,652.5828,94,
2026-03-24 13:01:00,652.25,652.46,652.21,652.4,14503.43972,652.3716,188,
2026-03-24 13:02:00,652.42,652.78,652.3,652.65,8520.540152,652.7083,146,
2026-03-24 13:03:00,652.64,652.79,652.5,652.63,68826.69555,652.5994,568,
2026-03-24 13:04:00,652.62,652.62,652.29,652.37,6404.794143,652.4763,93,
2026-03-24 13:05:00,652.43,652.5,652.3893,652.42,840.85948,653.0981,72,
2026-03-24 13:06:00,652.48,652.58,652.19,652.21,4413.44818,652.4479,127,
2026-03-24 13:07:00,652.22,652.24,651.62,651.67,69165.083964,651.8627,869,
2026-03-24 13:08:00,651.76,651.95,651.29,651.41,42489.978786,651.6366,512,
2026-03-24 13:09:00,651.3627,651.5,650.46,651.3061,82138.811666,651.1108,1116,
2026-03-24 13:10:00,651.24,651.6,651.1,651.48,19866.380321,651.352,360,
2026-03-24 13:11:00,651.51,651.85,651.48,651.77,17126.523829,651.7595,275,
2026-03-24 13:12:00,651.79,651.95,651.72,651.84,13778.338411,651.8685,201,
2026-03-24 13:13:00,651.78,652.06,651.78,651.85,9845.336013,651.9992,168,
2026-03-24 13:14:00,651.82,651.95,651.7,651.95,4812.95559,651.9362,123,
2026-03-24 13:15:00,651.925,652.24,651.8645,651.8645,15843.536189,652.1074,226,
2026-03-24 13:16:00,651.83,652.0,651.78,651.83,7652.346105,651.9695,155,
2026-03-24 13:17:00,651.85,651.87,651.46,651.7,32333.968032,651.6467,283,
2026-03-24 13:18:00,651.6001,651.61,651.36,651.44,9706.489785,651.507,174,
2026-03-24 13:19:00,651.32,651.51,651.31,651.46,18444.663358,651.4482,181,
2026-03-24 13:20:00,651.41,651.4235,651.24,651.25,18667.19797,651.3067,239,
2026-03-24 13:21:00,651.26,651.41,651.2137,651.38,19080.401768,651.3712,131,
2026-03-24 13:22:00,651.34,651.61,651.27,651.49,9508.737135,651.4694,170,
2026-03-24 13:23:00,651.42,651.72,651.39,651.71,7914.827784,651.641,178,
2026-03-24 13:24:00,651.71,651.79,651.48,651.5093,15192.220701,651.674,178,
2026-03-24 13:25:00,651.45,651.95,651.42,651.95,50619.125706,651.6923,335,
2026-03-24 13:26:00,651.78,651.78,651.38,651.41,24501.885975,651.5126,189,
2026-03-24 13:27:00,651.5,651.54,651.11,651.11,14640.205246,651.3149,161,
2026-03-24 13:28:00,651.12,651.15,650.88,651.08,34828.760791,651.0177,305,
2026-03-24 13:29:00,651.13,651.45,651.12,651.34,46149.253605,651.3221,390,
2026-03-24 13:30:00,651.32,651.87,650.87,651.52,1045496.572589,651.2929,10474,
2026-03-24 13:31:00,651.52,652.415,651.02,652.27,481466.58558,651.7505,6256,
2026-03-24 13:32:00,652.23,652.3599,651.95,652.22,297992.856604,652.1271,3883,
2026-03-24 13:33:00,652.2371,652.59,652.1,652.43,315822.567074,652.3244,5065,
2026-03-24 13:34:00,652.46,652.86,652.26,652.79,333054.08668,652.6151,3991,
2026-03-24 13:35:00,652.84,653.04,651.95,652.37,431868.10715,652.4185,6457,
2026-03-24 13:36:00,652.37,652.64,651.755,651.94,384606.82817,652.0937,5398,
2026-03-24 13:37:00,651.93,652.38,651.72,651.87,201608.409745,652.0686,3505,
2026-03-24 13:38:00,651.899,652.2401,651.75,652.11,234687.300132,651.9914,3572,
2026-03-24 13:39:00,652.075,652.17,651.13,651.3,264096.817662,651.5893,4270,
2026-03-24 13:40:00,651.31,651.44,650.68,650.7969,261160.44484,651.0922,4358,
2026-03-24 13:41:00,650.8,650.8899,649.89,649.89,335627.402124,650.4399,6347,
2026-03-24 13:42:00,649.88,651.34,649.88,651.24,402234.661502,650.6375,5707,
2026-03-24 13:43:00,651.2,651.2,650.69,650.805,245249.18131,650.9514,3515,
2026-03-24 13:44:00,650.82,650.96,650.6,650.73,373494.260666,650.8317,4193,
2026-03-24 13:45:00,650.76,651.23,650.5001,650.86,267286.401967,650.9092,4515,
2026-03-24 13:46:00,650.86,651.637,650.83,651.511,202176.947631,651.2434,3755,
2026-03-24 13:47:00,651.51,651.52,651.04,651.09,196778.308584,651.4287,3143,
2026-03-24 13:48:00,651.12,651.39,650.33,650.57,219805.08754,650.8429,3930,
2026-03-24 13:49:00,650.5721,650.7,650.15,650.18,177254.061762,650.4561,3280,
2026-03-24 13:50:00,650.17,650.64,650.04,650.08,249473.831536,650.2993,4542,
2026-03-24 13:51:00,650.06,650.5,649.98,650.1,213673.167212,650.1983,3885,
2026-03-24 13:52:00,650.09,650.9,649.89,650.75,233889.751187,650.3803,3959,
2026-03-24 13:53:00,650.76,650.97,650.44,650.7,194270.685543,650.7551,3510,
2026-03-24 13:54:00,650.7,650.79,650.212,650.35,140609.531036,650.6685,2663,
2026-03-24 13:55:00,650.39,650.7,650.28,650.6,101067.993445,650.5296,2423,
2026-03-24 13:56:00,650.59,651.05,650.58,650.88,212995.821638,650.8793,3830,
2026-03-24 13:57:00,650.84,651.54,650.76,651.285,204105.449273,651.2518,3809,
2026-03-24 13:58:00,651.285,651.34,650.645,651.29,191110.82121,650.9297,3608,
2026-03-24 13:59:00,651.28,651.56,651.09,651.48,161671.000378,651.3705,2944,
2026-03-24 14:00:00,651.48,652.38,651.2262,652.0801,290982.57762,651.9267,5313,
2026-03-24 14:01:00,652.08,652.16,651.76,651.82,178883.288019,651.9172,3411,
2026-03-24 14:02:00,651.85,652.24,651.35,652.05,283538.035943,651.7739,5061,
2026-03-24 14:03:00,652.07,652.27,651.89,652.02,244068.888631,652.003,3481,
2026-03-24 14:04:00,652.03,652.37,652.0,652.32,166717.872363,652.1522,3154,
2026-03-24 14:05:00,652.32,652.44,651.7,651.75,184754.095013,652.0882,3595,
2026-03-24 14:06:00,651.75,652.32,651.61,652.32,184602.238472,652.0417,3219,
2026-03-24 14:07:00,652.32,653.56,652.27,653.25,246551.087635,653.0648,4749,
2026-03-24 14:08:00,653.22,653.23,652.8099,653.1,235757.959114,653.008,3685,
2026-03-24 14:09:00,653.1,653.42,652.9,653.41,218266.413793,653.147,3519,
2026-03-24 14:10:00,653.42,653.5857,653.12,653.14,312645.715932,653.3557,5038,
2026-03-24 14:11:00,653.15,653.17,652.78,652.835,232690.054472,652.9868,4126,
2026-03-24 14:12:00,652.86,652.97,652.36,652.46,228653.591448,652.7406,3711,
2026-03-24 14:13:00,652.46,652.55,651.545,651.89,338038.880983,651.9748,5455,
2026-03-24 14:14:00,651.85,652.71,651.77,652.61,245871.790059,652.2767,4150,
2026-03-24 14:15:00,652.605,652.71,652.29,652.34,152038.268303,652.5115,2905,
2026-03-24 14:16:00,652.35,652.43,651.7,651.74,190570.305461,652.1273,3295,
2026-03-24 14:17:00,651.74,652.29,651.74,652.19,193349.810348,652.0368,2847,
2026-03-24 14:18:00,652.19,652.53,651.89,652.395,134139.083475,652.2305,2862,
2026-03-24 14:19:00,652.4,652.68,652.4,652.57,214716.301866,652.5721,3848,
2026-03-24 14:20:00,652.56,652.75,652.32,652.55,183729.203808,652.5338,3470,
2026-03-24 14:21:00,652.55,652.93,652.46,652.72,171490.219836,652.737,3349,
2026-03-24 14:22:00,652.725,652.91,651.74,651.83,225932.441191,652.3656,4096,
2026-03-24 14:23:00,651.85,652.47,651.85,652.28,159972.332477,652.1805,2967,
2026-03-24 14:24:00,652.26,652.52,652.22,652.31,168185.422338,652.3672,2994,
2026-03-24 14:25:00,652.31,652.36,651.83,651.99,172390.652253,652.0847,3207,
2026-03-24 14:26:00,652.03,652.71,651.98,652.45,167438.224172,652.3453,3026,
2026-03-24 14:27:00,652.47,653.36,652.38,653.19,215504.189164,652.714,3705,
2026-03-24 14:28:00,653.19,653.41,653.02,653.16,231315.420702,653.2014,3571,
2026-03-24 14:29:00,653.18,653.21,652.33,652.49,211480.629313,652.7606,3792,
2026-03-24 14:30:00,652.51,652.94,652.35,652.73,192219.868888,652.6328,3684,
2026-03-24 14:31:00,652.73,653.03,652.61,652.96,152153.216,652.8609,2991,
2026-03-24 14:32:00,652.94,653.11,652.61,653.11,97827.17066,652.8681,2275,
2026-03-24 14:33:00,653.11,653.43,652.945,653.27,206258.902649,653.296,3320,
2026-03-24 14:34:00,653.29,653.42,653.14,653.35,237039.823401,654.4767,2405,
2026-03-24 14:35:00,653.36,653.48,653.047,653.16,175400.491293,653.2561,3401,
2026-03-24 14:36:00,653.16,653.16,652.49,652.59,162296.788474,652.767,3183,
2026-03-24 14:37:00,652.57,652.95,652.4,652.56,214281.271438,652.6325,3666,
2026-03-24 14:38:00,652.58,652.72,652.2,652.61,175232.449009,652.4782,3234,
2026-03-24 14:39:00,652.62,652.86,652.41,652.71,110830.172521,652.6448,2466,
2026-03-24 14:40:00,652.72,653.25,652.49,653.19,155756.712553,652.7945,2960,
2026-03-24 14:41:00,653.17,653.538,653.0,653.18,158191.281848,653.2113,2798,
2026-03-24 14:42:00,653.18,653.69,653.15,653.59,181145.636633,653.3354,3233,
2026-03-24 14:43:00,653.59,653.7,653.07,653.21,234154.965101,653.4544,3883,
2026-03-24 14:44:00,653.2,653.77,653.12,653.744,163244.960743,653.3856,3023,
2026-03-24 14:45:00,653.75,653.75,652.67,652.7,315359.416211,654.2031,3270,
2026-03-24 14:46:00,652.69,654.14,652.67,653.97,330601.001161,653.4952,5024,
2026-03-24 14:47:00,653.98,654.095,653.32,653.44,425416.380511,653.6456,6300,
2026-03-24 14:48:00,653.47,653.68,653.34,653.49,131824.035882,653.5143,2330,
2026-03-24 14:49:00,653.47,653.5,652.74,652.7501,269413.252637,653.1589,4190,
2026-03-24 14:50:00,652.76,652.8,652.21,652.28,239727.086956,652.4832,3739,
2026-03-24 14:51:00,652.29,654.75,652.29,654.6,505047.984805,653.5133,7302,
2026-03-24 14:52:00,654.57,655.94,654.45,654.78,1084042.194583,655.2505,16507,
2026-03-24 14:53:00,654.77,655.33,654.14,655.29,523468.968628,654.5266,7715,
2026-03-24 14:54:00,655.27,655.43,654.28,654.43,523944.179256,654.8824,7810,
2026-03-24 14:55:00,654.43,655.15,654.17,654.94,586574.044743,654.6135,7560,
2026-03-24 14:56:00,654.89,655.62,654.67,655.42,332901.348925,655.3619,5328,
2026-03-24 14:57:00,655.4,655.5,655.05,655.33,447538.908081,655.2974,5860,
2026-03-24 14:58:00,655.32,655.32,654.23,654.59,582653.00087,654.6855,7674,
2026-03-24 14:59:00,654.64,654.67,651.22,653.94,1079832.269305,653.6749,13738,
2026-03-24 15:00:00,653.98,655.54,653.92,654.99,608312.384215,655.0107,8880,
2026-03-24 15:01:00,654.99,655.3,654.76,655.2,280214.056472,654.9988,4083,
2026-03-24 15:02:00,655.17,655.28,654.63,655.16,287719.16472,655.024,4612,
2026-03-24 15:03:00,655.13,655.3,654.84,655.14,132127.52569,655.0943,2477,
2026-03-24 15:04:00,655.1898,655.1898,654.72,654.925,146245.783071,654.9135,2830,
2026-03-24 15:05:00,654.9,654.93,654.59,654.835,95737.765851,654.789,2179,
2026-03-24 15:06:00,654.82,655.02,654.65,654.96,89357.01726,654.8393,2034,
2026-03-24 15:07:00,654.96,655.17,654.82,655.17,96219.718605,655.0032,2025,
2026-03-24 15:08:00,655.1,655.24,654.63,654.88,165776.685746,654.9943,3103,
2026-03-24 15:09:00,654.867,655.09,654.79,654.92,123187.718553,654.9653,2285,
2026-03-24 15:10:00,654.94,654.95,654.44,654.81,156499.258809,654.6613,3126,
2026-03-24 15:11:00,654.83,655.5,654.82,655.1771,195401.459498,655.2377,3519,
2026-03-24 15:12:00,655.16,655.35,655.05,655.14,127277.817021,655.1801,2168,
2026-03-24 15:13:00,655.13,655.21,654.92,655.01,123067.074428,655.0571,2211,
2026-03-24 15:14:00,654.9917,655.29,654.8,655.25,168420.072627,654.9847,3103,
2026-03-24 15:15:00,655.25,655.59,655.13,655.54,177622.966493,655.3022,2913,
2026-03-24 15:16:00,655.52,655.89,655.38,655.8301,194945.898679,655.6138,3579,
2026-03-24 15:17:00,655.845,655.87,655.11,655.2199,151760.924849,655.4269,2977,
2026-03-24 15:18:00,655.26,655.76,655.26,655.65,157309.242027,655.5493,2520,
2026-03-24 15:19:00,655.63,655.85,655.51,655.7,224072.728059,655.6756,4031,
2026-03-24 15:20:00,655.68,655.82,655.33,655.72,146294.428425,655.5602,2625,
2026-03-24 15:21:00,655.71,656.17,655.628,655.94,318648.432347,655.8992,4903,
2026-03-24 15:22:00,655.93,656.16,655.84,656.07,238247.518177,656.0117,3917,
2026-03-24 15:23:00,656.04,656.08,655.71,655.93,132409.844233,655.9192,2650,
2026-03-24 15:24:00,655.92,656.44,655.92,656.38,235610.381349,656.2349,3780,
2026-03-24 15:25:00,656.39,656.83,656.29,656.78,231988.590983,656.5429,3734,
2026-03-24 15:26:00,656.7999,656.81,656.42,656.45,206607.797951,656.5956,3387,
2026-03-24 15:27:00,656.445,656.45,656.04,656.08,652777.036126,656.035,3890,
2026-03-24 15:28:00,656.09,656.23,655.93,656.0,98612.083654,656.057,1857,
2026-03-24 15:29:00,655.99,656.09,655.78,656.04,130537.404687,655.9497,2388,
2026-03-24 15:30:00,656.06,656.34,655.96,656.02,108234.302044,656.1729,1999,
2026-03-24 15:31:00,656.01,656.38,655.72,655.752,107805.758187,656.0849,2318,
2026-03-24 15:32:00,655.79,655.81,655.345,655.56,97514.456217,655.6055,2178,
2026-03-24 15:33:00,655.58,655.6,655.29,655.345,83561.648524,655.4237,1971,
2026-03-24 15:34:00,655.36,655.85,655.34,655.74,79145.091303,655.6188,1815,
2026-03-24 15:35:00,655.73,656.04,655.67,655.87,79025.14821,655.9027,1785,
2026-03-24 15:36:00,655.87,656.15,655.84,656.06,54782.212738,656.0367,1394,
2026-03-24 15:37:00,656.08,656.39,655.98,656.32,72455.648648,656.1361,1473,
2026-03-24 15:38:00,656.32,656.425,656.18,656.32,76703.323045,656.3122,1771,
2026-03-24 15:39:00,656.33,656.54,656.23,656.27,84053.781028,656.394,1823,
2026-03-24 15:40:00,656.25,656.52,656.23,656.4,98755.621406,656.3995,1881,
2026-03-24 15:41:00,656.38,656.42,656.06,656.29,127028.514841,656.2607,2376,
2026-03-24 15:42:00,656.31,656.44,656.03,656.1,120171.492515,656.2438,2398,
2026-03-24 15:43:00,656.11,656.26,656.01,656.12,63013.96159,656.1463,1497,
2026-03-24 15:44:00,656.16,656.32,656.12,656.24,58339.922149,656.2123,1072,
2026-03-24 15:45:00,656.23,656.39,656.05,656.29,93290.002191,656.2264,1842,
2026-03-24 15:46:00,656.3,656.43,656.25,656.3601,90472.018758,656.3324,1757,
2026-03-24 15:47:00,656.36,656.42,656.16,656.22,97580.3722,656.3008,1767,
2026-03-24 15:48:00,656.24,656.55,656.16,656.51,111171.999666,656.3639,2120,
2026-03-24 15:49:00,656.5,656.68,656.39,656.56,121754.385058,656.5328,2105,
2026-03-24 15:50:00,656.56,656.93,656.56,656.63,95447.675451,656.6964,1595,
2026-03-24 15:51:00,656.63,657.03,656.63,656.94,133999.01982,656.8651,2068,
2026-03-24 15:52:00,656.93,656.93,656.71,656.85,94500.241208,656.8163,1743,
2026-03-24 15:53:00,656.86,656.86,656.39,656.515,123976.052029,656.6086,2302,
2026-03-24 15:54:00,656.51,656.64,656.42,656.44,77893.549847,656.5477,1456,
2026-03-24 15:55:00,656.45,656.465,655.87,655.94,261769.080618,656.1049,4317,
2026-03-24 15:56:00,655.91,656.04,655.03,655.18,362283.373492,655.5526,5714,
2026-03-24 15:57:00,655.19,655.49,654.91,655.022,312982.543844,655.2213,4563,
2026-03-24 15:58:00,655.02,655.38,654.91,655.23,191129.037025,655.1676,3015,
2026-03-24 15:59:00,655.22,655.49,655.02,655.04,193609.626999,655.3084,2926,
2026-03-24 16:00:00,655.05,655.26,654.85,655.09,197573.040475,655.0452,3169,
2026-03-24 16:01:00,655.1091,655.2893,654.7,654.73,207207.424561,654.986,2415,
2026-03-24 16:02:00,654.81,654.94,654.4,654.7899,206191.113256,654.7636,2884,
2026-03-24 16:03:00,654.8,655.0,654.7,654.73,153649.320645,654.9026,2289,
2026-03-24 16:04:00,654.74,655.02,654.59,654.68,144576.589865,654.799,2212,
2026-03-24 16:05:00,654.69,654.86,654.47,654.52,128958.307834,654.6501,2078,
2026-03-24 16:06:00,654.52,654.57,654.3,654.53,199021.20957,654.4605,2505,
2026-03-24 16:07:00,654.5199,654.89,654.47,654.76,101402.775781,654.7511,1740,
2026-03-24 16:08:00,654.76,654.8,654.55,654.64,109984.424529,654.6586,1974,
2026-03-24 16:09:00,654.64,655.1166,654.64,655.085,122984.107891,654.8984,1945,
2026-03-24 16:10:00,655.0801,655.21,654.92,655.1,100023.753192,655.0832,1679,
2026-03-24 16:11:00,655.09,655.18,654.71,654.76,167181.394529,654.9623,2516,
2026-03-24 16:12:00,654.75,655.11,654.56,654.87,123834.574576,654.8347,1943,
2026-03-24 16:13:00,654.88,654.95,654.66,654.815,80424.189147,654.7587,1583,
2026-03-24 16:14:00,654.79,655.12,654.655,655.0,129436.188399,654.8794,2071,
2026-03-24 16:15:00,654.99,655.3595,654.89,655.297,118998.073725,655.1179,1923,
2026-03-24 16:16:00,655.29,655.95,655.26,655.92,148950.690493,655.5909,2419,
2026-03-24 16:17:00,655.91,656.12,655.81,655.95,222164.475691,656.0036,2878,
2026-03-24 16:18:00,655.9707,655.99,655.65,655.76,123923.971873,655.8301,1864,
2026-03-24 16:19:00,655.78,655.94,655.675,655.91,58670.846559,655.849,1114,
2026-03-24 16:20:00,655.91,655.91,655.69,655.781,71433.850389,655.8091,1450,
2026-03-24 16:21:00,655.84,655.885,655.535,655.78,70566.421586,655.6833,1298,
2026-03-24 16:22:00,655.78,656.25,655.77,656.18,155690.13748,656.0052,1977,
2026-03-24 16:23:00,656.17,656.17,655.99,656.1,71231.056694,656.0692,1276,
2026-03-24 16:24:00,656.1,656.11,655.9,656.01,68418.272502,655.9832,1446,
2026-03-24 16:25:00,656.01,656.05,655.62,655.68,373178.808944,655.7661,2265,
2026-03-24 16:26:00,655.68,655.91,655.67,655.75,182462.149712,655.8239,2769,
2026-03-24 16:27:00,655.75,656.02,655.55,655.98,109055.046607,655.7918,1645,
2026-03-24 16:28:00,655.98,656.09,655.81,655.96,135589.937727,655.9421,1868,
2026-03-24 16:29:00,655.965,656.05,655.82,655.96,73126.623317,655.9574,1294,
2026-03-24 16:30:00,655.97,656.12,655.72,655.76,83090.429089,655.9488,1621,
2026-03-24 16:31:00,655.77,656.0299,655.75,655.91,75634.897108,655.8923,1350,
2026-03-24 16:32:00,655.9283,656.01,655.72,655.94,64728.899871,655.8764,1287,
2026-03-24 16:33:00,655.93,655.96,655.55,655.58,56893.700939,655.7841,1140,
2026-03-24 16:34:00,655.58,655.7199,655.42,655.43,84498.612109,655.5629,1446,
2026-03-24 16:35:00,655.45,655.49,654.66,654.85,173644.263471,655.0338,2709,
2026-03-24 16:36:00,654.87,655.06,654.76,654.83,106744.336389,654.9212,1651,
2026-03-24 16:37:00,654.83,654.99,654.42,654.4299,83438.313056,654.7208,1596,
2026-03-24 16:38:00,654.44,654.6,654.13,654.5001,196056.628712,654.3829,3027,
2026-03-24 16:39:00,654.51,654.51,654.09,654.18,137161.854216,654.2753,2375,
2026-03-24 16:40:00,654.2,654.45,654.04,654.28,203009.65946,654.3057,2426,
2026-03-24 16:41:00,654.28,654.58,654.22,654.51,113944.499745,654.4195,1475,
2026-03-24 16:42:00,654.51,654.73,654.47,654.67,379153.851527,655.23,1851,
2026-03-24 16:43:00,654.65,655.15,654.6,655.1,129639.257631,654.829,2078,
2026-03-24 16:44:00,655.1,655.25,654.93,655.25,103190.530195,655.0613,1798,
2026-03-24 16:45:00,655.27,655.77,655.2,655.64,147483.52234,655.5468,2439,
2026-03-24 16:46:00,655.63,655.75,655.4,655.44,65993.367083,655.5781,1254,
2026-03-24 16:47:00,655.45,655.51,655.29,655.42,62072.736813,655.3894,1107,
2026-03-24 16:48:00,655.42,655.42,654.99,655.0,134894.471615,655.2014,1480,
2026-03-24 16:49:00,655.0,655.13,654.95,655.08,72170.980536,655.0395,1359,
2026-03-24 16:50:00,655.08,655.4,654.98,655.26,81886.344617,655.2136,1449,
2026-03-24 16:51:00,655.26,655.49,655.2599,655.4,69163.41023,655.3773,1124,
2026-03-24 16:52:00,655.395,655.62,655.395,655.57,103408.44704,655.4828,1424,
2026-03-24 16:53:00,655.56,655.56,655.21,655.38,110306.137286,655.3973,1825,
2026-03-24 16:54:00,655.378,655.38,655.07,655.08,48507.876683,655.2833,1057,
2026-03-24 16:55:00,655.1,655.19,654.43,654.71,235054.316324,654.7582,3819,
2026-03-24 16:56:00,654.71,655.35,654.67,655.24,91975.039795,655.0215,1681,
2026-03-24 16:57:00,655.25,655.39,654.85,654.85,66505.789141,655.0821,1237,
2026-03-24 16:58:00,654.86,655.17,654.86,655.0325,59392.103284,655.0867,994,
2026-03-24 16:59:00,655.06,655.18,654.97,655.15,41692.629185,655.0826,829,
2026-03-24 17:00:00,655.13,655.38,655.11,655.34,44269.667647,655.275,980,
2026-03-24 17:01:00,655.33,655.39,655.24,655.29,33653.876514,655.3279,671,
2026-03-24 17:02:00,655.26,655.32,654.67,654.78,147360.447588,654.9276,2680,
2026-03-24 17:03:00,654.79,654.87,653.985,654.06,218874.111473,654.3237,3685,
2026-03-24 17:04:00,654.05,654.17,653.54,653.59,281167.403599,653.872,4323,
2026-03-24 17:05:00,653.58,653.6,652.72,652.89,482241.651299,653.0461,7090,
2026-03-24 17:06:00,652.91,653.66,652.87,653.35,469130.230219,653.3719,6358,
2026-03-24 17:07:00,653.33,653.64,653.14,653.36,237996.887379,653.401,3575,
2026-03-24 17:08:00,653.41,653.58,653.2,653.25,120568.726689,653.4326,1917,
2026-03-24 17:09:00,653.26,653.47,652.92,653.02,306124.863518,653.1609,3229,
2026-03-24 17:10:00,653.03,653.07,652.6,652.95,400982.070188,652.8584,4683,
2026-03-24 17:11:00,652.96,653.37,652.95,653.12,209109.718782,653.1865,3417,
2026-03-24 17:12:00,653.13,653.26,652.57,652.615,147326.591409,652.9718,2420,
2026-03-24 17:13:00,652.63,653.0827,652.55,653.02,162473.135293,652.7928,2836,
2026-03-24 17:14:00,652.98,653.07,652.74,652.94,112779.420632,652.9294,1929,
2026-03-24 17:15:00,652.93,653.25,652.865,652.99,151741.660915,653.0724,2582,
2026-03-24 17:16:00,653.02,653.04,652.65,652.84,123888.804199,652.8296,2131,
2026-03-24 17:17:00,652.85,653.14,652.63,652.65,129023.71974,652.9855,2330,
2026-03-24 17:18:00,652.65,653.01,652.62,652.72,117485.551355,652.8038,2004,
2026-03-24 17:19:00,652.73,653.07,652.7,652.82,97000.304847,652.9039,1866,
2026-03-24 17:20:00,652.82,653.24,652.7,653.07,141294.698239,652.9795,2441,
2026-03-24 17:21:00,653.07,653.3,653.05,653.1,177714.398737,653.1822,2842,
2026-03-24 17:22:00,653.1,653.23,652.93,653.06,131219.419556,653.0525,2157,
2026-03-24 17:23:00,653.06,653.34,653.04,653.26,122238.054335,653.2271,2000,
2026-03-24 17:24:00,653.25,653.39,653.05,653.05,128149.71452,653.2261,2214,
2026-03-24 17:25:00,653.1,653.165,652.95,653.08,68637.099289,653.0747,1456,
2026-03-24 17:26:00,653.07,653.24,652.87,653.0,146522.427955,653.0932,2596,
2026-03-24 17:27:00,652.99,653.3,652.98,653.07,98825.410896,653.1677,1640,
2026-03-24 17:28:00,653.07,653.46,653.07,653.44,80582.473784,653.2876,1446,
2026-03-24 17:29:00,653.44,653.515,653.25,653.405,91289.589719,653.4094,1651,
2026-03-24 17:30:00,653.4,654.05,653.36,653.85,235126.536273,653.7771,3679,
2026-03-24 17:31:00,653.87,654.03,653.75,654.0,117080.030657,653.9064,2116,
2026-03-24 17:32:00,653.99,654.0,653.55,653.62,90729.845466,653.7693,1706,
2026-03-24 17:33:00,653.6,653.62,653.01,653.08,125659.048598,653.3613,2127,
2026-03-24 17:34:00,653.1034,653.25,652.9,652.96,96974.76616,653.0669,2105,
2026-03-24 17:35:00,652.97,653.12,652.705,652.97,95136.355468,652.9259,1819,
2026-03-24 17:36:00,652.97,653.15,652.9,652.97,87846.977653,653.0281,1764,
2026-03-24 17:37:00,652.99,653.41,652.88,653.38,146115.704138,653.2112,2038,
2026-03-24 17:38:00,653.38,653.53,653.09,653.14,83580.727015,653.2999,1699,
2026-03-24 17:39:00,653.15,653.4,653.11,653.38,129711.862518,653.276,1781,
2026-03-24 17:40:00,653.38,653.705,653.34,653.3701,162823.327037,653.5326,2617,
2026-03-24 17:41:00,653.4,653.4,653.01,653.26,98348.036936,653.2107,1793,
2026-03-24 17:42:00,653.26,653.26,652.46,652.74,186896.447283,652.8274,2774,
2026-03-24 17:43:00,652.75,652.92,652.66,652.69,136558.609095,652.7889,2176,
2026-03-24 17:44:00,652.7,652.75,652.45,652.59,104364.351858,652.5925,1872,
2026-03-24 17:45:00,652.61,652.7,652.38,652.61,96046.975657,652.5703,1705,
2026-03-24 17:46:00,652.57,652.8,652.53,652.68,70888.335843,652.6559,1380,
2026-03-24 17:47:00,652.66,652.83,652.63,652.79,92263.060236,652.7194,1544,
2026-03-24 17:48:00,652.77,653.01,652.66,652.9,99142.253404,652.8492,1848,
2026-03-24 17:49:00,652.89,653.11,652.85,652.85,111790.001994,652.9392,5096,
2026-03-24 17:50:00,652.86,652.89,652.7099,652.86,62657.215774,652.8071,1285,
2026-03-24 17:51:00,652.86,653.01,652.8,652.86,106212.474971,652.9063,1656,
2026-03-24 17:52:00,652.86,653.84,652.81,653.02,418821.225701,653.2849,6181,
2026-03-24 17:53:00,653.02,653.05,652.76,653.01,126020.934666,652.9085,2239,
2026-03-24 17:54:00,653.015,653.3,652.86,653.15,108100.901262,653.0871,2087,
2026-03-24 17:55:00,653.16,654.32,652.97,653.71,695715.461065,653.7467,10462,
2026-03-24 17:56:00,653.7,654.34,653.58,653.83,428366.715607,654.0026,6850,
2026-03-24 17:57:00,653.83,654.15,653.47,653.85,277929.392512,653.8461,4062,
2026-03-24 17:58:00,653.85,654.34,653.74,654.28,321308.110983,654.1133,4998,
2026-03-24 17:59:00,654.27,654.3,653.79,654.3,134211.973472,654.0014,2077,
2026-03-24 18:00:00,654.3,654.98,654.19,654.56,296800.982787,654.5781,4332,
2026-03-24 18:01:00,654.57,654.61,654.05,654.3,233782.088949,654.3074,3360,
2026-03-24 18:02:00,654.28,654.4,653.95,654.38,252995.406636,654.1169,3073,
2026-03-24 18:03:00,654.41,654.41,653.98,654.23,190727.531289,654.1865,2657,
2026-03-24 18:04:00,654.23,654.4096,654.04,654.26,209599.873554,654.2001,2296,
2026-03-24 18:05:00,654.27,654.35,654.1201,654.32,79293.390585,654.2438,1427,
2026-03-24 18:06:00,654.32,654.39,654.08,654.2,139413.73233,654.2356,1742,
2026-03-24 18:07:00,654.19,654.295,653.89,654.295,93251.104266,654.1018,1584,
2026-03-24 18:08:00,654.295,654.33,653.71,653.92,148888.776453,654.0181,2497,
2026-03-24 18:09:00,653.92,653.98,653.73,653.79,76514.417245,653.8589,1395,
2026-03-24 18:10:00,653.78,653.93,653.615,653.69,102697.532135,653.7924,1643,
2026-03-24 18:11:00,653.68,654.0325,653.59,654.02,102110.029496,653.8404,1693,
2026-03-24 18:12:00,654.0,654.02,653.83,653.92,38538.15717,653.9399,816,
2026-03-24 18:13:00,653.91,653.96,653.7,653.76,252056.256318,653.961,1137,
2026-03-24 18:14:00,653.76,653.99,653.6601,653.82,56999.871629,653.8165,1141,
2026-03-24 18:15:00,653.85,653.86,653.455,653.6,105584.196666,653.7352,1672,
2026-03-24 18:16:00,653.61,653.64,653.375,653.61,92024.216797,653.5362,1444,
2026-03-24 18:17:00,653.6,653.75,653.28,653.41,181388.361009,653.554,2724,
2026-03-24 18:18:00,653.41,653.5,653.2,653.49,129129.614549,653.3697,2020,
2026-03-24 18:19:00,653.5,654.24,653.48,654.04,356359.758914,653.8364,5516,
2026-03-24 18:20:00,654.06,654.37,653.83,654.031,220885.91437,654.0541,3287,
2026-03-24 18:21:00,654.04,654.17,653.87,654.13,345929.823266,653.9816,2910,
2026-03-24 18:22:00,654.09,654.14,653.72,653.81,71212.717752,653.8777,1335,
2026-03-24 18:23:00,653.83,654.07,653.82,653.88,81171.11637,653.9449,1383,
2026-03-24 18:24:00,653.89,654.15,653.854,654.1,352866.531314,653.6135,1049,
2026-03-24 18:25:00,654.1,654.47,654.0,654.36,89638.616702,654.2239,1622,
2026-03-24 18:26:00,654.36,654.52,654.2905,654.47,148679.958389,654.4268,2241,
2026-03-24 18:27:00,654.475,654.87,654.36,654.85,140660.761745,654.6387,2494,
2026-03-24 18:28:00,654.84,654.86,654.19,654.385,176618.413496,654.3932,2825,
2026-03-24 18:29:00,654.39,654.72,654.1606,654.59,234981.311552,654.426,3580,
2026-03-24 18:30:00,654.59,654.66,654.28,654.43,139859.406278,654.4864,2321,
2026-03-24 18:31:00,654.43,655.19,654.32,655.18,185492.814079,654.7503,3325,
2026-03-24 18:32:00,655.17,655.8,655.11,655.2971,327262.224379,655.4339,4494,
2026-03-24 18:33:00,655.32,655.32,654.89,655.0601,178546.597953,655.0497,2778,
2026-03-24 18:34:00,655.06,655.24,654.9001,654.96,142843.905326,655.0738,2185,
2026-03-24 18:35:00,654.95,655.41,654.92,655.378,166338.504082,655.0708,2120,
2026-03-24 18:36:00,655.36,655.36,655.085,655.35,105967.353919,655.2228,1670,
2026-03-24 18:37:00,655.34,655.52,655.23,655.4,155384.25239,655.3442,2576,
2026-03-24 18:38:00,655.41,656.12,655.35,656.08,294632.625656,655.6806,4866,
2026-03-24 18:39:00,656.07,656.59,655.77,656.51,434695.177771,656.1883,6134,
2026-03-24 18:40:00,656.51,656.52,656.22,656.365,336794.583934,656.3107,4489,
2026-03-24 18:41:00,656.37,656.37,655.19,655.35,420559.935826,655.7866,6302,
2026-03-24 18:42:00,655.37,655.47,654.7602,655.22,380458.695564,655.1471,5093,
2026-03-24 18:43:00,655.22,655.35,654.92,655.19,135059.014494,655.1675,2100,
2026-03-24 18:44:00,655.18,655.42,655.15,655.32,130464.99677,655.2981,2051,
2026-03-24 18:45:00,655.33,655.44,655.05,655.14,121436.486188,655.3254,2173,
2026-03-24 18:46:00,655.14,655.23,654.89,655.15,201833.115588,655.0442,3299,
2026-03-24 18:47:00,655.15,655.24,654.83,654.92,140932.189825,655.0078,2275,
2026-03-24 18:48:00,654.92,655.18,654.8201,654.88,108462.45537,654.9859,1588,
2026-03-24 18:49:00,654.88,655.05,654.75,655.02,54262.405052,654.9691,1194,
2026-03-24 18:50:00,655.0,655.18,654.9723,655.05,73207.903524,655.0969,1193,
2026-03-24 18:51:00,655.04,655.24,654.97,655.1625,268155.546703,655.0989,2179,
2026-03-24 18:52:00,655.19,655.408,655.04,655.341,79002.942072,655.2258,1454,
2026-03-24 18:53:00,655.35,655.77,655.21,655.23,287285.664015,655.5096,3832,
2026-03-24 18:54:00,655.22,655.275,654.97,655.24,102798.553074,655.1143,1790,
2026-03-24 18:55:00,655.25,655.26,654.86,654.915,192724.806888,655.002,2821,
2026-03-24 18:56:00,654.9,654.93,654.44,654.76,249513.843077,654.7212,3603,
2026-03-24 18:57:00,654.76,654.86,654.6,654.68,100188.855142,654.7234,1521,
2026-03-24 18:58:00,654.66,655.02,654.605,654.79,128034.19022,654.7419,1867,
2026-03-24 18:59:00,654.8,654.93,654.75,654.86,74728.971395,654.8372,1366,
2026-03-24 19:00:00,654.83,655.37,654.8,655.365,219951.143852,655.09,3086,
2026-03-24 19:01:00,655.36,655.6,655.26,655.31,168813.372556,655.4711,2405,
2026-03-24 19:02:00,655.28,655.4131,655.16,655.19,152525.527548,655.2879,1969,
2026-03-24 19:03:00,655.17,655.4,655.14,655.24,62452.27997,655.2689,1375,
2026-03-24 19:04:00,655.24,655.33,655.1,655.13,90127.247148,655.2346,1443,
2026-03-24 19:05:00,655.1201,655.21,654.92,655.2,140333.999913,655.0756,2182,
2026-03-24 19:06:00,655.2,655.24,655.025,655.19,86514.322553,655.1202,1469,
2026-03-24 19:07:00,655.16,655.235,655.0,655.0,62470.320695,655.1167,1178,
2026-03-24 19:08:00,655.0,655.11,654.835,655.105,200133.858131,655.0031,2270,
2026-03-24 19:09:00,655.09,655.395,655.0625,655.31,207070.962267,655.2674,2528,
2026-03-24 19:10:00,655.3,655.38,655.21,655.27,165443.755004,655.1278,1360,
2026-03-24 19:11:00,655.26,655.57,655.26,655.38,112878.619232,655.4438,1851,
2026-03-24 19:12:00,655.39,655.51,655.31,655.4,73669.078918,655.3768,1266,
2026-03-24 19:13:00,655.42,655.5,655.3,655.45,79584.692894,655.4061,1372,
2026-03-24 19:14:00,655.43,655.68,655.37,655.65,115540.12385,655.5215,1916,
2026-03-24 19:15:00,655.66,655.69,655.51,655.56,215276.32786,655.5887,3131,
2026-03-24 19:16:00,655.55,655.555,655.29,655.43,114590.657275,655.4058,1914,
2026-03-24 19:17:00,655.43,655.44,655.16,655.165,195130.46256,655.2822,3185,
2026-03-24 19:18:00,655.17,655.3,654.96,655.09,241463.677242,655.1191,3407,
2026-03-24 19:19:00,655.12,655.34,655.1,655.22,81424.793749,655.2383,1537,
2026-03-24 19:20:00,655.24,655.32,655.04,655.16,111791.915872,655.1873,1770,
2026-03-24 19:21:00,655.15,655.18,654.91,655.06,105193.300136,655.0794,1829,
2026-03-24 19:22:00,655.05,655.18,654.97,654.995,106479.907415,655.0591,1644,
2026-03-24 19:23:00,654.99,655.02,654.73,654.96,203852.056564,654.8954,2728,
2026-03-24 19:24:00,654.95,655.17,654.74,655.05,234459.953227,655.0256,3559,
2026-03-24 19:25:00,655.05,655.18,654.905,654.9199,183905.782856,655.0206,2615,
2026-03-24 19:26:00,654.92,655.02,654.63,654.77,118053.200622,654.8307,2035,
2026-03-24 19:27:00,654.77,654.92,654.64,654.65,76086.759991,654.7864,1399,
2026-03-24 19:28:00,654.65,654.7,654.31,654.4,139895.096105,654.5304,2242,
2026-03-24 19:29:00,654.39,654.57,654.39,654.45,179704.611144,654.477,2197,
2026-03-24 19:30:00,654.45,654.51,653.96,654.49,418647.808351,654.2376,6008,
2026-03-24 19:31:00,654.49,654.775,654.39,654.47,304429.615289,654.597,4102,
2026-03-24 19:32:00,654.47,654.66,654.24,654.32,111487.578335,654.4126,1925,
2026-03-24 19:33:00,654.33,654.3699,654.16,654.3699,128090.131566,654.2497,2179,
2026-03-24 19:34:00,654.36,654.36,654.04,654.1084,241200.608477,654.1562,3262,
2026-03-24 19:35:00,654.11,654.13,653.58,653.72,207818.78306,653.8196,3526,
2026-03-24 19:36:00,653.72,654.06,653.59,653.88,182565.55747,653.8697,3154,
2026-03-24 19:37:00,653.89,654.12,653.8399,654.02,146522.122062,653.9712,2454,
2026-03-24 19:38:00,654.01,654.13,653.9199,653.93,168016.562884,653.9995,2687,
2026-03-24 19:39:00,653.93,653.99,653.84,653.98,344298.933693,653.907,4347,
2026-03-24 19:40:00,653.96,654.05,653.895,653.95,205052.117685,653.9686,2771,
2026-03-24 19:41:00,653.95,654.15,653.8608,654.0049,235900.758429,654.001,3304,
2026-03-24 19:42:00,654.01,654.26,653.94,654.22,175169.001897,654.1005,2552,
2026-03-24 19:43:00,654.25,654.32,653.99,653.99,176912.777238,654.1138,2580,
2026-03-24 19:44:00,654.0,654.07,653.79,653.82,188703.713834,653.9229,2929,
2026-03-24 19:45:00,653.82,653.83,653.51,653.53,231849.926392,653.6833,3430,
2026-03-24 19:46:00,653.51,653.53,653.16,653.33,263450.419005,653.3705,4184,
2026-03-24 19:47:00,653.3376,653.63,653.33,653.35,295386.730737,653.4958,4956,
2026-03-24 19:48:00,653.35,653.498,653.33,653.43,348348.660375,654.1688,3307,
2026-03-24 19:49:00,653.43,653.61,653.38,653.55,338837.498082,654.262,3025,
2026-03-24 19:50:00,653.56,653.67,653.19,653.32,362364.201466,653.3581,5007,
2026-03-24 19:51:00,653.31,653.54,652.92,653.0899,386972.208856,653.1914,5471,
2026-03-24 19:52:00,653.07,653.1299,652.885,652.9799,254833.102039,653.0308,3961,
2026-03-24 19:53:00,652.98,653.1099,652.85,652.855,276714.464504,652.9797,3577,
2026-03-24 19:54:00,652.855,652.9696,652.78,652.87,287667.729494,652.8794,3946,
2026-03-24 19:55:00,652.87,653.0,652.59,652.76,652324.601019,652.7501,8638,
2026-03-24 19:56:00,652.77,652.925,652.69,652.83,633503.321123,653.8863,5757,
2026-03-24 19:57:00,652.845,652.85,652.56,652.66,508647.105165,653.3821,6335,
2026-03-24 19:58:00,652.66,652.89,652.64,652.79,480668.750478,652.739,6837,
2026-03-24 19:59:00,652.79,653.31,652.62,653.2,1487237.716007,653.6113,12267,
2026-03-24 20:00:00,653.26,653.37,653.07,653.37,380476.517983,653.9788,962,
2026-03-24 20:01:00,653.26,653.43,653.16,653.31,64787.554817,653.3154,472,
2026-03-24 20:02:00,653.31,653.39,653.295,653.31,39788.928909,653.3449,263,
2026-03-24 20:03:00,653.32,653.32,653.19,653.28,69954.765839,653.2272,477,
2026-03-24 20:04:00,653.25,653.36,653.16,653.35,22932.083662,653.2859,216,
2026-03-24 20:05:00,653.32,653.48,653.0793,653.3,402553.123568,653.0932,194,
2026-03-24 20:06:00,653.31,653.31,653.0693,653.22,1513760.659736,653.072,206,
2026-03-24 20:07:00,653.23,653.38,653.23,653.26,173372.531208,654.9274,313,
2026-03-24 20:08:00,653.22,653.28,653.0693,653.23,1512350.991426,653.0722,198,
2026-03-24 20:09:00,653.18,653.28,653.14,653.23,10981.516167,653.217,116,
2026-03-24 20:10:00,653.24,653.27,653.12,653.26,138395.030485,655.3274,211,
2026-03-24 20:11:00,653.3,653.35,653.15,653.2,117205.549268,653.2216,300,
2026-03-24 20:12:00,653.23,653.36,653.23,653.3332,2749971.543486,653.0684,216,
2026-03-24 20:13:00,653.38,653.5,653.37,653.4616,514357.32405,653.3034,145,
2026-03-24 20:14:00,653.49,653.56,653.41,653.56,275895.643562,655.3576,270,
2026-03-24 20:15:00,653.55,653.63,653.55,653.6,20753.317556,653.6077,201,
2026-03-24 20:16:00,653.51,653.51,653.38,653.39,35117.425287,653.3245,141,
2026-03-24 20:17:00,653.4,653.45,653.37,653.41,324663.030714,653.0728,87,
2026-03-24 20:18:00,653.42,653.48,653.39,653.39,4271.566703,653.5181,74,
2026-03-24 20:19:00,653.39,653.96,653.3,653.93,24233.780122,653.6754,263,
2026-03-24 20:20:00,653.97,657.05,653.97,656.92,318718.153934,655.6078,2518,
2026-03-24 20:21:00,656.89,657.48,656.19,656.51,251358.278662,656.8016,1931,
2026-03-24 20:22:00,656.59,659.16,656.35,658.3,445936.000494,658.3437,2726,
2026-03-24 20:23:00,658.37,658.68,657.54,658.29,234592.808683,658.1026,1364,
2026-03-24 20:24:00,658.19,659.09,657.81,658.9813,209736.34011,658.3318,1522,
2026-03-24 20:25:00,659.0,659.51,658.48,658.7,275144.467376,659.0086,2061,
2026-03-24 20:26:00,658.68,660.41,658.65,660.18,185361.403765,659.4086,1661,
2026-03-24 20:27:00,660.1,660.27,658.07,658.48,190841.670282,659.2063,1328,
2026-03-24 20:28:00,658.48,658.49,657.27,657.33,166943.593038,657.5495,1324,
2026-03-24 20:29:00,657.37,657.77,656.76,657.39,127655.578929,657.185,1119,
2026-03-24 20:30:00,657.37,657.97,657.22,657.3,105924.279796,657.5337,866,
2026-03-24 20:31:00,657.35,657.74,657.2,657.32,106614.788838,657.47,777,
2026-03-24 20:32:00,657.25,657.85,657.15,657.73,101868.290207,657.4851,869,
2026-03-24 20:33:00,657.74,658.12,657.7,658.02,119805.200997,657.9323,946,
2026-03-24 20:34:00,657.98,658.22,657.59,657.92,76881.020709,657.9255,669,
2026-03-24 20:35:00,657.87,658.51,657.85,658.42,198277.695491,656.4874,648,
2026-03-24 20:36:00,658.3213,659.22,658.28,659.07,117404.365223,658.8294,917,
2026-03-24 20:37:00,659.06,659.06,658.63,658.81,130885.982979,658.7975,940,
2026-03-24 20:38:00,658.92,659.28,658.8,659.02,143423.27835,659.0099,947,
2026-03-24 20:39:00,658.94,660.12,658.2914,659.74,254746.138238,659.3243,2058,
2026-03-24 20:40:00,659.76,659.81,658.1,658.35,117545.97287,658.5867,1026,
2026-03-24 20:41:00,658.33,658.38,657.53,657.7974,48942.589475,657.9523,500,
2026-03-24 20:42:00,657.81,657.9,657.05,657.43,67391.685303,657.5214,652,
2026-03-24 20:43:00,657.51,657.51,656.82,657.22,86784.890652,657.1575,632,
2026-03-24 20:44:00,657.17,657.72,657.14,657.69,82557.011588,657.5318,619,
2026-03-24 20:45:00,657.7399,658.2,657.53,657.8,127802.761004,657.8083,864,
2026-03-24 20:46:00,657.9,657.9,656.51,656.9,99321.564806,657.0982,800,
2026-03-24 20:47:00,656.935,657.01,656.46,656.98,75932.768404,656.7069,570,
2026-03-24 20:48:00,657.05,657.38,656.97,657.36,35201.947169,657.157,327,
2026-03-24 20:49:00,657.31,657.78,657.3099,657.59,39389.688394,657.5463,319,
2026-03-24 20:50:00,657.55,657.65,657.2,657.2,41850.281736,657.4786,298,
2026-03-24 20:51:00,657.2065,657.79,657.2065,657.531,27869.084129,657.6024,205,
2026-03-24 20:52:00,657.59,657.78,657.45,657.45,24824.3331,657.6446,205,
2026-03-24 20:53:00,657.46,657.48,657.1518,657.22,40819.480112,657.2887,306,
2026-03-24 20:54:00,657.27,657.44,656.84,657.02,32954.004345,657.0509,261,
2026-03-24 20:55:00,657.08,657.73,657.08,657.4,74486.431522,657.5533,620,
2026-03-24 20:56:00,657.3983,657.51,657.3,657.32,21724.803474,657.4528,226,
2026-03-24 20:57:00,657.26,657.58,657.19,657.45,11913.275759,657.3626,120,
2026-03-24 20:58:00,657.37,657.58,657.15,657.2205,9110.466407,657.3487,131,
2026-03-24 20:59:00,657.27,657.33,656.9,657.14,8267.915529,657.1757,132,
2026-03-24 21:00:00,657.25,657.5,657.25,657.31,15774.469852,657.4098,121,
2026-03-24 21:01:00,657.31,657.4,657.05,657.1445,14122.593223,657.175,139,
2026-03-24 21:02:00,657.02,657.4,657.0,657.22,25450.398455,657.2801,200,
2026-03-24 21:03:00,657.0862,657.3,657.0862,657.27,3466.728568,657.3791,51,
2026-03-24 21:04:00,657.22,657.22,657.11,657.2199,2298.330839,657.2951,60,
2026-03-24 21:05:00,657.018,657.22,657.0,657.09,5894.20927,657.1404,166,
2026-03-24 21:06:00,657.05,657.16,657.0,657.07,8728.045489,657.0394,155,
2026-03-24 21:07:00,657.07,657.07,657.0,657.0001,81253.35929,653.4659,104,
2026-03-24 21:08:00,657.0,657.27,657.0,657.25,16643.553918,657.1406,150,
2026-03-24 21:09:00,657.249,657.25,657.2,657.22,2234.094795,657.2524,46,
2026-03-24 21:10:00,657.1804,657.25,657.18,657.18,13228.531937,657.2176,64,
2026-03-24 21:11:00,657.18,657.1813,657.08,657.18,17729.407196,657.1272,50,
2026-03-24 21:12:00,657.12,657.18,657.09,657.13,12078.370578,657.1484,61,
2026-03-24 21:13:00,657.12,657.27,657.09,657.1797,5274.552385,657.2028,59,
2026-03-24 21:14:00,657.15,657.15,657.04,657.1218,14705.073438,657.0868,88,
2026-03-24 21:15:00,657.1599,657.26,657.15,657.2599,7191.321904,657.2236,61,
2026-03-24 21:16:00,657.26,657.29,657.2,657.26,11136.537222,657.2641,75,
2026-03-24 21:17:00,657.23,657.49,657.23,657.49,15931.030199,657.356,109,
2026-03-24 21:18:00,657.49,657.56,657.4,657.4,7387.780084,657.4654,101,
2026-03-24 21:19:00,657.4,657.49,657.4,657.49,7771.741353,657.43,106,
2026-03-24 21:20:00,657.43,657.5,657.33,657.41,7269.093381,657.4588,55,
2026-03-24 21:21:00,657.45,657.6,657.43,657.6,7024.788879,657.5545,89,
2026-03-24 21:22:00,657.43,657.46,657.43,657.45,1154.805209,657.9076,27,
2026-03-24 21:23:00,657.44,657.55,657.41,657.55,5720.48292,657.5289,44,
2026-03-24 21:24:00,657.55,657.55,657.45,657.5,3854.710062,657.6135,38,
2026-03-24 21:25:00,657.51,657.62,657.5,657.61,17837.265991,657.6032,88,
2026-03-24 21:26:00,657.61,657.62,657.57,657.57,24727.602505,657.6218,104,
2026-03-24 21:27:00,657.57,657.57,657.5274,657.55,9660.168973,657.5109,77,
2026-03-24 21:28:00,657.56,657.56,657.38,657.38,10927.255027,657.541,53,
2026-03-24 21:29:00,657.37,657.38,657.18,657.23,2051.453772,657.413,159,
2026-03-24 21:30:00,657.23,657.3665,657.22,657.3665,6701.157718,657.2996,48,
2026-03-24 21:31:00,657.36,657.36,657.3,657.35,5045.0,657.3047,18,
2026-03-24 21:32:00,657.301,657.38,657.301,657.36,6188.120205,657.3802,63,
2026-03-24 21:33:00,657.3698,657.3698,657.29,657.29,1350.333073,657.208,29,
2026-03-24 21:34:00,657.29,657.3,657.26,657.26,1119.655475,657.664,25,
2026-03-24 21:35:00,657.2785,657.28,657.2439,657.2439,1956.360585,657.3977,13,
2026-03-24 21:36:00,657.24,657.27,657.24,657.27,1232.011971,657.2502,14,
2026-03-24 21:37:00,657.24,657.2479,657.24,657.24,6151.112723,657.2522,51,
2026-03-24 21:38:00,657.24,657.24,657.1801,657.1801,979.0,656.8326,27,
2026-03-24 21:39:00,657.24,657.3,657.24,657.29,2514.387687,657.3834,29,
2026-03-24 21:40:00,657.29,657.29,657.24,657.29,4112.885693,657.4272,40,
2026-03-24 21:41:00,657.29,657.34,657.29,657.32,3448.234934,657.3429,34,
2026-03-24 21:42:00,657.35,657.35,657.3052,657.33,1446.379662,657.5157,14,
2026-03-24 21:43:00,657.35,657.37,657.35,657.37,2106.535171,657.5321,22,
2026-03-24 21:44:00,657.36,657.36,657.36,657.36,476.336971,657.8268,23,
2026-03-24 21:45:00,657.36,657.38,657.35,657.35,1235.120199,657.4212,16,
2026-03-24 21:46:00,657.37,657.37,657.35,657.35,526.319459,657.7573,20,
2026-03-24 21:47:00,657.36,658.0,657.29,657.85,34796.560412,657.7274,291,
2026-03-24 21:48:00,657.67,658.31,657.5,657.89,30459.123699,658.0791,248,
2026-03-24 21:49:00,657.777,657.91,657.75,657.91,5249.984911,657.9479,71,
2026-03-24 21:50:00,657.89,657.93,657.85,657.88,11671.010017,657.8566,42,
2026-03-24 21:51:00,657.83,657.88,657.76,657.76,5361.035764,657.8219,75,
2026-03-24 21:52:00,657.7,657.73,657.65,657.65,1867.780252,657.9633,58,
2026-03-24 21:53:00,657.64,657.68,657.61,657.68,3333.131057,657.6759,41,
2026-03-24 21:54:00,657.62,657.64,657.62,657.63,1581.173988,657.5752,27,
2026-03-24 21:55:00,657.62,657.67,657.62,657.62,2778.310213,657.7093,29,
2026-03-24 21:56:00,657.62,657.63,657.6,657.6,5012.414131,657.4665,31,
2026-03-24 21:57:00,657.64,657.64,657.55,657.55,3748.183992,657.6301,71,
2026-03-24 21:58:00,657.55,657.55,657.4,657.4,5043.473236,657.5435,65,
2026-03-24 21:59:00,657.42,657.53,657.37,657.52,5638.132409,657.3784,59,
2026-03-24 22:00:00,657.63,658.18,657.53,657.53,23117.233767,657.8276,282,
2026-03-24 22:01:00,657.75,657.92,657.69,657.72,17881.962351,657.8214,156,
2026-03-24 22:02:00,657.77,657.95,657.73,657.89,11844.342604,657.8893,126,
2026-03-24 22:03:00,657.9,657.91,657.65,657.66,9564.478305,657.8119,92,
2026-03-24 22:04:00,657.69,658.14,657.69,658.0,18113.612311,658.0349,144,
2026-03-24 22:05:00,658.04,658.19,657.8491,658.18,20600.260276,658.1075,148,
2026-03-24 22:06:00,658.14,658.2796,658.11,658.2796,13958.046455,658.1867,81,
2026-03-24 22:07:00,658.24,658.46,658.14,658.33,11921.178599,658.3489,108,
2026-03-24 22:08:00,658.35,658.46,658.1,658.2815,17170.87751,658.3606,168,
2026-03-24 22:09:00,658.27,658.3,658.06,658.08,14657.058999,658.1387,100,
2026-03-24 22:10:00,658.15,658.28,658.07,658.08,9311.248938,658.2169,72,
2026-03-24 22:11:00,658.04,658.04,657.87,657.8711,5580.116,657.9744,57,
2026-03-24 22:12:00,657.85,657.93,657.77,657.78,2319.585213,657.9997,45,
2026-03-24 22:13:00,657.81,657.92,657.81,657.9,676.286663,658.1806,19,
2026-03-24 22:14:00,657.92,657.92,657.69,657.73,3497.48549,657.8865,36,
2026-03-24 22:15:00,657.51,657.58,657.3,657.3,3635.609704,657.5709,76,
2026-03-24 22:16:00,657.33,657.46,657.33,657.46,4390.370728,657.4076,48,
2026-03-24 22:17:00,657.44,657.44,657.05,657.3615,12207.03065,657.186,124,
2026-03-24 22:18:00,657.39,657.45,657.35,657.45,1251.547143,657.7012,35,
2026-03-24 22:19:00,657.49,657.73,657.49,657.6761,1469.471072,657.8504,42,
2026-03-24 22:20:00,657.63,657.63,657.48,657.48,319.361236,658.2879,20,
2026-03-24 22:21:00,657.46,657.6,657.44,657.44,966.143748,657.6088,29,
2026-03-24 22:22:00,657.45,657.46,657.2687,657.2687,1504.201979,657.4981,38,
2026-03-24 22:23:00,657.3,657.31,657.24,657.24,682.491905,657.758,21,
2026-03-24 22:24:00,657.29,657.29,657.13,657.14,1531.130106,657.2841,38,
2026-03-24 22:25:00,657.13,657.1499,656.65,656.85,22364.425867,656.8741,206,
2026-03-24 22:26:00,656.81,656.82,656.75,656.8,3400.631795,656.9071,40,
2026-03-24 22:27:00,656.9,657.11,656.81,657.1,5346.887136,657.0948,60,
2026-03-24 22:28:00,657.19,657.22,657.19,657.22,548.552753,657.8698,31,
2026-03-24 22:29:00,657.03,657.1529,657.03,657.1529,833.482908,657.5015,20,
2026-03-24 22:30:00,657.21,657.4,657.2,657.4,1897.079997,657.2816,30,
2026-03-24 22:31:00,657.45,657.4504,657.31,657.41,4078.961307,657.5584,29,
2026-03-24 22:32:00,657.35,657.36,657.35,657.36,419.498961,658.1464,20,
2026-03-24 22:33:00,657.45,657.59,657.45,657.59,224.969307,660.3747,16,
2026-03-24 22:34:00,657.43,657.44,657.43,657.44,788.527534,657.8863,24,
2026-03-24 22:35:00,657.4999,657.4999,657.46,657.47,1061.856743,658.0123,25,
2026-03-24 22:36:00,657.49,657.51,657.49,657.51,1311.130962,657.5688,20,
2026-03-24 22:37:00,657.4702,657.75,657.4702,657.61,6820.901576,657.6727,64,
2026-03-24 22:38:00,657.68,657.75,657.62,657.62,2320.248483,657.7852,31,
2026-03-24 22:39:00,657.55,657.55,657.43,657.47,619.154119,657.6368,30,
2026-03-24 22:40:00,657.5,657.51,657.4801,657.4801,701.202093,657.6889,18,
2026-03-24 22:41:00,657.4,657.4,657.39,657.39,1449.098567,657.4444,32,
2026-03-24 22:42:00,657.45,657.55,657.45,657.5,2199.157405,657.5158,38,
2026-03-24 22:43:00,657.56,657.59,657.56,657.59,449.048219,657.6488,27,
2026-03-24 22:44:00,657.6405,657.84,657.64,657.8,8358.255615,657.7301,74,
2026-03-24 22:45:00,657.79,657.92,657.78,657.88,3602.552078,657.9495,38,
2026-03-24 22:46:00,657.79,657.83,657.76,657.76,3800.355126,657.8655,60,
2026-03-24 22:47:00,657.7099,657.8,657.7016,657.7791,773.052911,657.8185,31,
2026-03-24 22:48:00,657.76,657.76,657.72,657.72,1302.158017,657.8329,13,
2026-03-24 22:49:00,657.67,657.75,657.67,657.75,994.202048,657.8509,23,
2026-03-24 22:50:00,657.7,657.7799,657.7,657.7799,719.979082,658.6188,29,
2026-03-24 22:51:00,657.72,657.75,657.71,657.75,435.099176,657.8732,25,
2026-03-24 22:52:00,657.6952,657.7,657.61,657.67,1137.167062,657.7638,28,
2026-03-24 22:53:00,657.6,657.67,657.6,657.67,191.313447,658.7209,17,
2026-03-24 22:54:00,657.78,657.78,657.74,657.74,1425.395098,657.9392,24,
2026-03-24 22:55:00,657.74,657.7624,657.74,657.7624,1031.488032,658.0615,17,
2026-03-24 22:56:00,657.8,657.8,657.6719,657.7287,3066.40092,657.865,40,
2026-03-24 22:57:00,657.72,657.72,657.72,657.72,1372.059025,657.7472,18,
2026-03-24 22:58:00,657.76,657.98,657.76,657.89,1454.326748,658.0069,40,
2026-03-24 22:59:00,657.98,658.0,657.96,658.0,3699.062969,657.9992,74,
2026-03-24 23:00:00,658.0,658.12,657.94,657.97,48843.228028,658.0412,295,
2026-03-24 23:01:00,657.81,657.91,657.77,657.77,8968.039807,657.8497,66,
2026-03-24 23:02:00,657.79,657.79,657.5,657.52,1834.0428,657.6456,49,
2026-03-24 23:03:00,657.56,657.56,657.45,657.4582,1195.072975,657.5413,27,
2026-03-24 23:04:00,657.4,657.49,657.39,657.49,382.657709,658.5596,32,
2026-03-24 23:05:00,657.46,657.61,657.44,657.5147,9981.343992,657.5562,88,
2026-03-24 23:06:00,657.57,657.68,657.55,657.67,1362.83602,658.0145,44,
2026-03-24 23:07:00,657.64,657.64,657.46,657.47,3907.034955,657.5417,41,
2026-03-24 23:08:00,657.45,657.58,657.45,657.5,815.09741,657.5696,24,
2026-03-24 23:09:00,657.49,657.6299,657.49,657.6299,205.626766,659.5869,20,
2026-03-24 23:10:00,657.75,657.87,657.75,657.87,2123.231113,657.8858,39,
2026-03-24 23:11:00,657.82,657.92,657.82,657.8893,6162.457509,657.9415,53,
2026-03-24 23:12:00,657.8,657.8,657.68,657.68,984.200316,657.8787,32,
2026-03-24 23:13:00,657.7,657.71,657.68,657.68,2043.518581,657.8576,21,
2026-03-24 23:14:00,657.74,657.76,657.73,657.73,2740.475328,657.8518,31,
2026-03-24 23:15:00,657.72,657.78,657.72,657.78,219.010017,657.7883,9,
2026-03-24 23:16:00,657.7,657.91,657.7,657.9,3508.229426,657.8182,32,
2026-03-24 23:17:00,657.8494,657.88,657.8494,657.88,738.54497,658.3455,21,
2026-03-24 23:18:00,657.8306,657.8306,657.8306,657.8306,380.287113,658.3286,9,
2026-03-24 23:20:00,657.95,658.0,657.95,657.99,2599.015621,657.9876,27,
2026-03-24 23:21:00,657.98,658.11,657.96,658.09,3063.932429,658.2421,51,
2026-03-24 23:22:00,658.11,658.22,658.0,658.01,7878.208903,658.1125,70,
2026-03-24 23:23:00,658.02,658.21,658.02,658.21,7401.103625,658.0799,63,
2026-03-24 23:24:00,658.21,658.28,658.16,658.22,11434.046019,658.2153,70,
2026-03-24 23:25:00,658.28,658.32,658.21,658.26,8015.016525,658.263,52,
2026-03-24 23:26:00,658.24,658.36,658.23,658.24,7259.061802,658.2831,53,
2026-03-24 23:27:00,658.24,658.35,658.21,658.35,6971.85054,658.3627,47,
2026-03-24 23:28:00,658.34,658.34,658.16,658.25,3668.224824,658.2607,40,
2026-03-24 23:29:00,658.14,658.15,658.0,658.03,2412.018809,658.0744,35,
2026-03-24 23:30:00,658.04,658.13,658.04,658.05,2826.020193,658.0926,24,
2026-03-24 23:31:00,658.07,658.07,657.99,658.06,2245.707125,658.2375,27,
2026-03-24 23:32:00,658.04,658.061,658.01,658.01,2208.050616,658.0536,24,
2026-03-24 23:33:00,658.0182,658.03,657.85,658.02,5126.054861,657.9572,39,
2026-03-24 23:34:00,658.0,658.0,657.9104,657.9618,1203.459949,658.1807,25,
2026-03-24 23:35:00,657.9,657.9,657.82,657.85,1398.047859,657.8553,21,
2026-03-24 23:36:00,657.92,657.96,657.8525,657.8525,1102.25445,658.071,30,
2026-03-24 23:37:00,657.92,658.04,657.92,658.0316,1404.431045,658.2036,32,
2026-03-24 23:38:00,658.08,658.14,657.94,657.94,2421.18053,658.1172,39,
2026-03-24 23:39:00,657.9998,658.01,657.98,658.01,1069.40883,658.2499,19,
2026-03-24 23:40:00,658.02,658.03,657.9,657.9,3284.150944,657.9807,31,
2026-03-24 23:41:00,657.8,657.8,657.61,657.71,1694.295227,657.8313,44,
2026-03-24 23:42:00,657.6,657.7,657.6,657.7,906.591077,658.0676,25,
2026-03-24 23:43:00,657.68,657.68,657.63,657.65,787.374031,657.9551,25,
2026-03-24 23:44:00,657.64,657.7,657.63,657.65,912.545524,658.0585,36,
2026-03-24 23:45:00,657.58,657.63,657.55,657.58,2352.516755,657.7206,34,
2026-03-24 23:46:00,657.7,657.7,657.62,657.62,655.815679,658.474,25,
2026-03-24 23:47:00,657.55,657.61,657.5401,657.5401,2004.555273,657.7315,29,
2026-03-24 23:48:00,657.58,657.62,657.5707,657.61,493.104238,657.735,17,
2026-03-24 23:49:00,657.62,657.65,657.61,657.65,6185.62082,657.6914,33,
2026-03-24 23:50:00,657.65,657.65,657.63,657.64,832.061221,657.6782,17,
2026-03-24 23:51:00,657.66,657.68,657.64,657.68,487.641042,658.5268,20,
2026-03-24 23:52:00,657.64,657.64,657.5001,657.5001,1830.014993,657.5631,28,
2026-03-24 23:53:00,657.52,657.72,657.52,657.72,7789.215932,657.5741,28,
2026-03-24 23:54:00,657.7899,657.7899,657.62,657.62,3448.176942,657.6739,20,
2026-03-24 23:56:00,657.6299,657.6892,657.6039,657.62,1192.977714,658.1619,21,
2026-03-24 23:57:00,657.62,657.62,657.62,657.62,577.062015,657.6917,11,
2026-03-24 23:58:00,657.69,657.69,657.62,657.64,1901.024928,657.6446,35,
2026-03-24 23:59:00,657.6,657.6,657.55,657.55,3019.198709,657.617,48,
2026-03-25 08:00:00,658.2,658.2,657.99,658.0,2068.0,658.0786,36,
2026-03-25 08:01:00,657.95,658.2,657.95,658.2,1304.0,658.1028,37,
2026-03-25 08:02:00,658.11,658.38,658.11,658.36,1779.0,658.2155,35,
2026-03-25 08:03:00,658.29,658.95,658.29,658.94,10411.0,658.6768,143,
2026-03-25 08:04:00,658.91,659.14,658.89,658.94,7234.0,659.0013,119,
2026-03-25 08:05:00,658.97,659.36,658.97,659.35,2020.0,659.0902,39,
2026-03-25 08:06:00,659.27,659.96,659.27,659.95,5519.0,659.5456,86,
2026-03-25 08:07:00,659.7,659.91,659.54,659.91,18644.0,659.6823,173,
2026-03-25 08:08:00,659.92,659.92,659.46,659.46,5332.0,659.6413,53,
2026-03-25 08:09:00,659.5,659.5,659.22,659.29,2022.0,659.3821,43,
2026-03-25 08:10:00,659.5,659.6,659.38,659.6,1010.0,659.4542,18,
2026-03-25 08:11:00,659.49,659.54,659.4,659.54,2168.0,659.518,28,
2026-03-25 08:12:00,659.54,659.54,659.5,659.5,2970.0,659.517,27,
2026-03-25 08:13:00,659.6,659.75,659.58,659.71,828.0,659.6625,12,
2026-03-25 08:14:00,659.7,659.75,659.7,659.75,250.0,659.719,7,
2026-03-25 08:15:00,659.8,660.27,659.71,660.27,3749.0,659.9433,68,
2026-03-25 08:16:00,660.23,660.3,660.15,660.3,4225.0,660.199,39,
2026-03-25 08:17:00,660.22,660.26,660.1,660.1,893.0,660.1564,19,
2026-03-25 08:18:00,660.1,660.17,660.1,660.17,280.0,660.1118,10,
2026-03-25 08:19:00,660.22,660.26,660.15,660.26,3584.0,660.2081,32,
2026-03-25 08:20:00,660.34,660.41,660.29,660.41,1122.0,660.356,27,
2026-03-25 08:21:00,660.37,660.53,660.37,660.46,4126.0,660.4575,54,
2026-03-25 08:22:00,660.39,660.5,660.11,660.11,3641.0,660.3468,36,
2026-03-25 08:23:00,660.05,660.26,660.0,660.04,5904.0,660.1233,60,
2026-03-25 08:24:00,660.01,660.15,660.0,660.11,2994.0,660.0924,25,
2026-03-25 08:26:00,660.1,660.11,660.08,660.11,2634.0,660.0998,28,
2026-03-25 08:27:00,660.15,660.27,660.15,660.19,4645.0,660.1947,57,
2026-03-25 08:28:00,660.26,660.37,660.09,660.09,2685.0,660.2145,38,
2026-03-25 08:29:00,660.04,660.19,659.9,659.98,11553.0,660.027,121,
2026-03-25 08:30:00,660.09,660.1,659.93,659.93,2071.0,659.9944,33,
2026-03-25 08:31:00,659.9,660.28,659.9,660.28,1785.0,660.0923,20,
2026-03-25 08:32:00,660.25,660.4,660.24,660.39,732.0,660.3439,20,
2026-03-25 08:33:00,660.45,660.48,660.35,660.35,2393.0,660.3568,18,
2026-03-25 08:34:00,660.3,660.39,660.3,660.37,1598.0,660.3686,14,
2026-03-25 08:35:00,660.32,660.32,660.28,660.29,939.0,660.3127,13,
2026-03-25 08:36:00,660.29,660.29,659.16,659.31,21406.0,659.575,221,
2026-03-25 08:37:00,659.4,659.75,659.38,659.4,2540.0,659.5436,40,
2026-03-25 08:38:00,659.62,660.05,659.43,660.05,3631.0,659.7156,39,
2026-03-25 08:39:00,659.63,659.73,659.51,659.72,2463.0,659.652,24,
2026-03-25 08:40:00,659.86,660.0,659.86,660.0,4751.0,659.9167,32,
2026-03-25 08:41:00,659.81,659.82,659.64,659.77,916.0,659.712,23,
2026-03-25 08:42:00,659.84,660.04,659.75,659.89,6431.0,659.8214,100,
2026-03-25 08:43:00,659.77,659.77,659.76,659.76,589.0,659.7593,13,
2026-03-25 08:44:00,659.73,659.76,659.73,659.74,671.0,659.7463,16,
2026-03-25 08:45:00,659.48,659.59,659.48,659.57,534.0,659.5487,15,
2026-03-25 08:46:00,659.73,659.73,659.73,659.73,502.0,659.6577,13,
2026-03-25 08:47:00,659.85,659.85,659.63,659.63,477.0,659.759,15,
2026-03-25 08:48:00,659.59,659.59,659.25,659.31,1509.0,659.3465,15,
2026-03-25 08:49:00,659.35,659.35,659.35,659.35,358.0,659.3481,10,
2026-03-25 08:50:00,659.35,659.35,659.34,659.34,296.0,659.3457,7,
2026-03-25 08:51:00,659.34,659.34,659.2,659.2,2111.0,659.2722,16,
2026-03-25 08:52:00,659.25,659.25,658.8,658.8,6050.0,659.0063,79,
2026-03-25 08:53:00,658.75,658.76,658.7,658.7,2663.0,658.7453,42,
2026-03-25 08:54:00,658.63,658.63,658.15,658.15,15798.0,658.4108,102,
2026-03-25 08:55:00,658.19,658.33,658.03,658.33,10958.0,658.1135,101,
2026-03-25 08:56:00,658.38,658.38,658.11,658.11,3278.0,658.2254,38,
2026-03-25 08:57:00,658.1,658.12,657.91,658.01,3070.0,657.9674,37,
2026-03-25 08:58:00,658.08,658.23,658.0,658.23,7767.0,658.0696,69,
2026-03-25 08:59:00,658.19,658.19,658.19,658.19,221.0,658.1924,8,
2026-03-25 09:00:00,658.29,658.3,658.01,658.03,1234.0,658.0884,23,
2026-03-25 09:01:00,657.96,658.2,657.95,658.2,2198.0,658.0712,33,
2026-03-25 09:02:00,658.18,658.56,658.16,658.44,6035.0,658.4433,48,
2026-03-25 09:03:00,658.44,658.57,658.44,658.54,279.0,658.5163,10,
2026-03-25 09:04:00,658.39,658.4,658.37,658.37,704.0,658.3916,15,
2026-03-25 09:05:00,658.67,658.73,658.63,658.73,508.0,658.6805,13,
2026-03-25 09:06:00,658.8,659.0,658.72,658.95,11722.0,658.7985,101,
2026-03-25 09:07:00,658.81,658.81,658.81,658.81,334.0,658.7928,11,
2026-03-25 09:08:00,658.86,658.86,658.71,658.71,494.0,658.7981,16,
2026-03-25 09:09:00,658.74,658.74,658.62,658.63,2494.0,658.6663,18,
2026-03-25 09:10:00,658.97,659.09,658.97,658.99,3041.0,659.0111,12,
2026-03-25 09:11:00,659.09,659.11,658.93,658.93,1436.0,659.0368,12,
2026-03-25 09:12:00,659.03,659.13,658.99,659.11,1730.0,659.082,21,
2026-03-25 09:13:00,659.13,659.19,659.13,659.13,3136.0,659.1689,36,
2026-03-25 09:14:00,659.11,659.14,659.11,659.14,1422.0,659.12,10,
2026-03-25 09:15:00,659.08,659.08,659.08,659.08,860.0,659.0813,6,
2026-03-25 09:16:00,658.97,659.1,658.97,659.1,1362.0,659.0399,15,
2026-03-25 09:17:00,658.96,658.97,658.91,658.94,1727.0,658.9537,21,
2026-03-25 09:18:00,659.04,659.04,659.04,659.04,507.0,659.0381,8,
2026-03-25 09:19:00,659.06,659.06,659.03,659.05,1340.0,659.0531,12,
2026-03-25 09:20:00,659.03,659.1,659.03,659.09,1790.0,659.0722,26,
2026-03-25 09:21:00,659.03,659.03,659.0,659.0,1416.0,659.0075,15,
2026-03-25 09:22:00,658.97,659.0,658.86,658.87,1696.0,658.8985,25,
2026-03-25 09:23:00,658.95,658.95,658.66,658.68,1823.0,658.6903,18,
2026-03-25 09:24:00,658.72,658.73,658.4,658.5,1951.0,658.6106,32,
2026-03-25 09:25:00,658.42,658.42,658.31,658.37,1020.0,658.3642,17,
2026-03-25 09:26:00,658.29,658.3,658.15,658.15,1665.0,658.2206,12,
2026-03-25 09:27:00,658.24,658.28,658.17,658.17,3541.0,658.2133,30,
2026-03-25 09:28:00,658.3,658.44,658.21,658.21,5339.0,658.2382,58,
2026-03-25 09:29:00,658.23,658.27,658.2,658.27,1183.0,658.2247,20,
2026-03-25 09:30:00,658.34,658.47,658.27,658.41,4457.0,658.3717,34,
2026-03-25 09:31:00,658.54,658.54,658.53,658.54,534.0,658.5608,11,
2026-03-25 09:32:00,658.62,658.62,658.57,658.59,2593.0,658.5869,35,
2026-03-25 09:33:00,658.49,658.51,658.49,658.51,779.0,658.5042,13,
2026-03-25 09:34:00,658.56,658.56,658.43,658.49,1223.0,658.5198,19,
2026-03-25 09:35:00,658.49,658.71,658.49,658.71,428.0,658.5957,8,
2026-03-25 09:36:00,658.68,658.68,658.67,658.67,171.0,658.6708,5,
2026-03-25 09:37:00,658.6,658.6,658.6,658.6,775.0,658.5879,10,
2026-03-25 09:38:00,658.5,658.5,658.26,658.28,2540.0,658.3775,31,
2026-03-25 09:39:00,658.36,658.4,658.34,658.4,599.0,658.3609,10,
2026-03-25 09:40:00,658.39,658.53,658.34,658.35,2342.0,658.4142,24,
2026-03-25 09:41:00,658.33,658.38,658.3,658.38,2839.0,658.3172,25,
2026-03-25 09:42:00,658.39,658.39,658.19,658.2,2922.0,658.2258,26,
2026-03-25 09:43:00,658.25,658.34,658.16,658.16,374.0,658.2535,9,
2026-03-25 09:44:00,658.19,658.19,658.1,658.11,1292.0,658.1403,12,
2026-03-25 09:45:00,658.11,658.11,658.0,658.0,3120.0,658.0789,23,
2026-03-25 09:46:00,658.07,658.07,657.9,657.9,4712.0,657.9139,56,
2026-03-25 09:47:00,657.89,657.9,657.63,657.64,3412.0,657.8068,44,
2026-03-25 09:48:00,657.64,657.66,657.47,657.65,9516.0,657.5427,117,
2026-03-25 09:49:00,657.69,657.75,657.56,657.75,2683.0,657.6949,26,
2026-03-25 09:50:00,657.66,657.83,657.66,657.83,1691.0,657.7329,19,
2026-03-25 09:51:00,657.87,657.95,657.87,657.94,1516.0,657.9338,16,
2026-03-25 09:52:00,657.99,657.99,657.9,657.9,339.0,657.9585,7,
2026-03-25 09:53:00,657.83,657.83,657.72,657.72,620.0,657.7591,13,
2026-03-25 09:54:00,657.75,657.93,657.74,657.74,1939.0,657.8225,29,
2026-03-25 09:55:00,657.85,657.85,657.82,657.82,598.0,657.8289,13,
2026-03-25 09:56:00,657.9,657.9,657.9,657.9,105.0,657.8976,4,
2026-03-25 09:57:00,657.92,658.07,657.91,657.91,2143.0,657.9793,36,
2026-03-25 09:58:00,657.9,658.65,657.9,658.47,39120.0,658.3307,368,
2026-03-25 09:59:00,658.22,659.04,658.15,658.39,29211.0,658.5365,249,
2026-03-25 10:00:00,658.47,658.99,658.47,658.95,3213.0,658.6858,33,
2026-03-25 10:01:00,659.0,659.04,658.74,658.74,2692.0,658.9799,37,
2026-03-25 10:02:00,659.0,659.25,659.0,659.0,12784.0,659.1366,125,
2026-03-25 10:03:00,659.07,659.12,658.94,659.12,1314.0,659.0215,20,
2026-03-25 10:04:00,658.79,658.95,658.79,658.87,4164.0,658.881,62,
2026-03-25 10:05:00,658.89,658.89,658.7,658.7,858.0,658.824,16,
2026-03-25 10:06:00,658.69,658.73,658.48,658.53,1982.0,658.6003,37,
2026-03-25 10:07:00,658.51,658.56,658.51,658.56,752.0,658.529,11,
2026-03-25 10:09:00,658.49,658.56,658.46,658.56,1726.0,658.5135,25,
2026-03-25 10:10:00,658.51,658.62,658.34,658.5,7482.0,658.5543,84,
2026-03-25 10:11:00,658.54,658.54,658.49,658.49,365.0,658.5192,8,
2026-03-25 10:12:00,658.48,658.56,658.46,658.46,2148.0,658.5237,28,
2026-03-25 10:13:00,658.52,658.56,658.4,658.4,4893.0,658.4957,46,
2026-03-25 10:14:00,658.43,658.51,658.43,658.51,1336.0,658.451,20,
2026-03-25 10:15:00,658.55,658.55,658.39,658.42,4088.0,658.465,38,
2026-03-25 10:16:00,658.54,658.72,658.54,658.68,784.0,658.6654,18,
2026-03-25 10:17:00,658.77,658.77,658.77,658.77,137.0,658.7551,8,
2026-03-25 10:18:00,658.62,658.62,658.62,658.62,112.0,658.6125,3,
2026-03-25 10:19:00,658.52,658.63,658.5,658.58,3080.0,658.5774,35,
2026-03-25 10:20:00,658.6,658.72,658.59,658.66,1729.0,658.6611,22,
2026-03-25 10:21:00,658.6,658.6,658.6,658.6,53.0,658.6028,2,
2026-03-25 10:22:00,658.62,658.62,658.3,658.3,2067.0,658.5317,25,
2026-03-25 10:23:00,658.26,658.34,658.23,658.31,1668.0,658.2651,20,
2026-03-25 10:24:00,658.26,658.31,658.26,658.31,904.0,658.287,17,
2026-03-25 10:25:00,658.35,658.36,658.2,658.2,4813.0,658.2975,58,
2026-03-25 10:26:00,658.23,658.31,658.23,658.24,725.0,658.2507,12,
2026-03-25 10:28:00,658.25,658.3,658.25,658.29,548.0,658.2744,14,
2026-03-25 10:29:00,658.16,658.16,658.11,658.13,689.0,658.1304,12,
2026-03-25 10:31:00,658.0,658.25,657.98,658.12,14027.0,658.1173,156,
2026-03-25 10:32:00,658.2,658.2,658.18,658.2,430.0,658.1967,7,
2026-03-25 10:33:00,658.13,658.17,658.11,658.17,4510.0,658.1194,58,
2026-03-25 10:34:00,658.21,658.24,658.14,658.14,1086.0,658.2001,18,
2026-03-25 10:35:00,658.13,658.35,658.13,658.31,4194.0,658.2187,68,
2026-03-25 10:36:00,658.25,658.34,658.25,658.34,19504.0,658.2735,181,
2026-03-25 10:37:00,658.34,658.38,658.29,658.34,3107.0,658.3412,43,
2026-03-25 10:38:00,658.5,658.5,658.41,658.41,184.0,658.4665,8,
2026-03-25 10:39:00,658.42,658.52,658.41,658.41,3360.0,658.4817,54,
2026-03-25 10:40:00,658.37,658.37,658.37,658.37,254.0,658.3684,8,
2026-03-25 10:41:00,658.36,658.52,658.36,658.48,2086.0,658.4573,29,
2026-03-25 10:42:00,658.2,658.2,658.08,658.08,519.0,658.1214,16,
2026-03-25 10:43:00,658.04,658.07,658.01,658.07,625.0,658.0292,22,
2026-03-25 10:44:00,658.0,658.05,657.99,658.0,5242.0,658.0019,99,
2026-03-25 10:45:00,658.0,658.09,657.9,658.09,1037.0,658.0216,23,
2026-03-25 10:46:00,658.17,658.2,658.07,658.1,4656.0,658.1373,56,
2026-03-25 10:47:00,658.06,658.19,658.06,658.19,321.0,658.1282,11,
2026-03-25 10:48:00,658.15,658.15,658.06,658.06,1820.0,658.0883,10,
2026-03-25 10:49:00,658.5,658.53,658.34,658.34,4975.0,658.4164,44,
2026-03-25 10:50:00,658.29,658.4,658.29,658.4,413.0,658.3933,10,
2026-03-25 10:51:00,658.57,658.57,658.42,658.42,1047.0,658.4486,13,
2026-03-25 10:52:00,658.38,658.4,658.38,658.4,391.0,658.3813,11,
2026-03-25 10:53:00,658.48,658.48,658.46,658.47,196.0,658.4734,5,
2026-03-25 10:54:00,658.55,658.66,658.55,658.6,1961.0,658.624,26,
2026-03-25 10:55:00,658.55,658.69,658.55,658.69,479.0,658.6394,9,
2026-03-25 10:56:00,658.63,658.63,658.51,658.57,5061.0,658.5694,54,
2026-03-25 10:57:00,658.51,658.51,658.49,658.5,1105.0,658.5004,15,
2026-03-25 10:58:00,658.46,658.54,658.4,658.4,2621.0,658.4545,31,
2026-03-25 10:59:00,658.49,658.49,658.39,658.45,568.0,658.4491,11,
2026-03-25 11:00:00,658.35,658.65,658.35,658.65,6714.0,658.4577,82,
2026-03-25 11:01:00,658.61,658.8,658.61,658.76,1868.0,658.7132,29,
2026-03-25 11:02:00,658.74,658.79,658.6,658.79,1086.0,658.7034,21,
2026-03-25 11:03:00,658.8,658.85,658.72,658.74,4414.0,658.7659,73,
2026-03-25 11:04:00,658.83,658.98,658.83,658.98,1925.0,658.9594,30,
2026-03-25 11:05:00,658.99,659.1,658.99,659.0,4835.0,659.0329,77,
2026-03-25 11:06:00,658.98,658.98,658.78,658.86,3173.0,658.8508,52,
2026-03-25 11:07:00,658.93,659.08,658.84,659.02,5738.0,658.9533,89,
2026-03-25 11:08:00,659.03,659.21,659.0,659.21,5119.0,659.1173,78,
2026-03-25 11:09:00,659.22,659.26,659.07,659.12,5148.0,659.1643,72,
2026-03-25 11:10:00,659.12,659.14,658.96,658.97,2306.0,659.0755,43,
2026-03-25 11:11:00,658.98,659.01,658.8,658.8,6852.0,658.9516,84,
2026-03-25 11:12:00,658.89,658.92,658.81,658.88,10935.0,658.8876,81,
2026-03-25 11:13:00,658.89,659.01,658.83,659.01,24902.0,658.8851,159,
2026-03-25 11:14:00,658.97,659.12,658.9,658.9,23600.0,659.0019,132,
2026-03-25 11:15:00,658.94,658.94,658.85,658.91,1563.0,658.8803,14,
2026-03-25 11:16:00,658.84,658.93,658.81,658.93,1128.0,658.876,17,
2026-03-25 11:17:00,658.95,659.0,658.8,658.87,23111.0,658.9088,149,
2026-03-25 11:18:00,658.9,659.0,658.88,659.0,18928.0,658.9559,120,
2026-03-25 11:19:00,659.0,659.05,658.95,659.0,13943.0,659.012,87,
2026-03-25 11:20:00,658.94,659.05,658.87,659.0,8281.0,659.0093,67,
2026-03-25 11:21:00,659.03,659.12,658.97,659.09,8172.0,659.016,69,
2026-03-25 11:22:00,659.12,659.3,659.12,659.3,3026.0,659.2257,44,
2026-03-25 11:23:00,659.29,659.41,659.26,659.41,4725.0,659.3275,57,
2026-03-25 11:24:00,659.49,659.53,659.44,659.46,16542.0,659.479,147,
2026-03-25 11:25:00,659.44,659.5,659.3,659.5,4431.0,659.407,35,
2026-03-25 11:26:00,659.45,659.45,659.35,659.35,996.0,659.4056,19,
2026-03-25 11:27:00,659.3,659.3,659.13,659.13,4861.0,659.1919,70,
2026-03-25 11:28:00,659.13,659.2,659.08,659.08,14758.0,659.1423,207,
2026-03-25 11:29:00,659.05,659.2,658.99,659.18,2665.0,659.0907,70,
2026-03-25 11:30:00,659.35,659.5,659.34,659.4,12889.0,659.4584,146,
2026-03-25 11:31:00,659.42,659.51,659.39,659.44,11714.0,659.4494,95,
2026-03-25 11:32:00,659.48,659.6,659.369,659.369,4227.0,659.5267,47,
2026-03-25 11:33:00,659.36,659.42,659.26,659.26,8243.0,659.3211,89,
2026-03-25 11:34:00,659.359,659.41,659.3,659.34,15625.0,659.3815,98,
2026-03-25 11:35:00,659.43,659.6,659.42,659.6,4291.0,659.5202,40,
2026-03-25 11:36:00,659.59,659.82,659.59,659.75,9915.0,659.7225,126,
2026-03-25 11:37:00,659.8,659.88,659.8,659.84,2618.0,659.8342,43,
2026-03-25 11:38:00,659.87,660.06,659.87,660.04,15197.0,659.9922,175,
2026-03-25 11:39:00,660.0,660.04,659.95,659.95,10995.0,660.0049,94,
2026-03-25 11:40:00,660.0,660.0,659.55,659.65,2227.0,659.6753,39,
2026-03-25 11:41:00,659.66,659.7,659.64,659.65,1792.0,659.6781,25,
2026-03-25 11:42:00,659.6,659.8,659.57,659.8,4032.0,659.6481,54,
2026-03-25 11:43:00,659.88,659.88,659.8,659.81,700.0,659.8152,16,
2026-03-25 11:44:00,659.8,659.9,659.79,659.9,1570.0,659.8404,23,
2026-03-25 11:45:00,659.87,659.87,659.83,659.83,267.0,659.8527,11,
2026-03-25 11:46:00,659.8,659.8,659.58,659.75,30142.0,659.6768,280,
2026-03-25 11:47:00,659.75,659.75,658.2,658.32,31397.0,658.9893,418,
2026-03-25 11:48:00,658.47,659.0,658.12,658.21,26269.0,658.637,255,
2026-03-25 11:49:00,658.44,658.84,658.39,658.63,4420.0,658.5817,98,
2026-03-25 11:50:00,658.73,659.19,658.3,658.5,19037.0,658.8084,275,
2026-03-25 11:51:00,658.5,658.96,658.5,658.96,3713.0,658.7952,69,
2026-03-25 11:52:00,658.88,659.08,658.65,658.75,3432.0,658.881,71,
2026-03-25 11:53:00,658.92,659.03,658.92,658.97,14717.0,658.9814,129,
2026-03-25 11:54:00,658.96,659.02,658.94,659.01,5621.0,658.9968,96,
2026-03-25 11:55:00,658.99,659.06,658.89,658.95,1733.0,658.9915,44,
2026-03-25 11:56:00,658.99,659.1,658.911,658.911,10687.0,659.0147,92,
2026-03-25 11:57:00,658.91,658.98,658.83,658.95,3350.0,658.9186,57,
2026-03-25 11:58:00,658.89,659.25,658.89,659.25,2813.0,659.1358,63,
2026-03-25 11:59:00,659.23,659.62,659.21,659.62,22917.0,659.3977,211,
2026-03-25 12:00:00,658.48,660.5191,657.4896,659.82,157471.764489,659.2476,4302,
2026-03-25 12:01:00,657.6,659.911,656.97,659.761,14288.976291,658.261,557,
2026-03-25 12:02:00,660.2203,660.2203,656.32,659.84,85686.948515,657.3712,1737,
2026-03-25 12:03:00,659.82,659.88,656.8,659.83,9007.896762,659.669,179,
2026-03-25 12:04:00,657.02,659.83,656.8,659.66,41647.88454,659.6876,444,
2026-03-25 12:05:00,659.6561,659.81,659.65,659.81,7357.250451,659.7084,109,
2026-03-25 12:06:00,659.85,660.26,659.85,660.25,9161.418129,660.0943,144,
2026-03-25 12:07:00,660.28,660.43,660.1762,660.43,14554.597718,660.3237,147,
2026-03-25 12:08:00,660.41,660.5,660.25,660.26,11640.084708,660.3647,102,
2026-03-25 12:09:00,660.17,660.2688,660.14,660.14,16120.085464,660.2132,99,
2026-03-25 12:10:00,660.16,660.18,660.01,660.05,27348.800799,660.1022,173,
2026-03-25 12:11:00,660.07,660.28,660.05,660.27,15106.22037,660.1204,143,
2026-03-25 12:12:00,660.28,660.3,660.07,660.1,22321.058647,660.1643,238,
2026-03-25 12:13:00,660.19,660.31,659.81,659.88,17412.124314,660.1236,213,
2026-03-25 12:14:00,659.92,660.13,659.88,660.0516,2098.409046,660.1689,52,
2026-03-25 12:15:00,660.05,660.1,659.41,659.42,25800.363825,659.5933,230,
2026-03-25 12:16:00,659.49,659.519,658.18,658.28,77939.027713,658.8113,782,
2026-03-25 12:17:00,658.34,658.63,657.97,657.97,75448.510428,658.3101,857,
2026-03-25 12:18:00,657.95,658.36,657.76,657.84,50587.118551,658.0653,493,
2026-03-25 12:19:00,657.82,658.44,657.82,658.15,45151.307793,658.14,370,
2026-03-25 12:20:00,658.11,658.46,657.8496,658.45,39165.189648,658.1324,354,
2026-03-25 12:21:00,658.4,658.66,658.275,658.61,34599.951059,658.5217,357,
2026-03-25 12:22:00,658.61,658.8,658.4,658.54,26669.495633,658.5919,348,
2026-03-25 12:23:00,658.54,658.54,657.02,658.22,154858.241664,657.6263,1486,
2026-03-25 12:24:00,658.305,658.305,657.64,658.08,41488.783665,658.0058,509,
2026-03-25 12:25:00,658.08,658.7,657.96,658.7,52307.599488,658.4537,571,
2026-03-25 12:26:00,658.66,658.66,658.18,658.21,22815.545222,658.3529,280,
2026-03-25 12:27:00,658.25,658.31,657.89,657.94,49576.339198,658.1253,426,
2026-03-25 12:28:00,657.88,657.96,657.3,657.55,79858.586696,657.7556,581,
2026-03-25 12:29:00,657.61,657.9,657.47,657.85,35890.733224,657.6516,242,
2026-03-25 12:30:00,657.7631,657.7631,657.0,657.1,75298.321394,657.3358,551,
2026-03-25 12:31:00,657.12,657.15,656.57,656.72,85787.888504,656.8764,688,
2026-03-25 12:32:00,656.78,656.91,656.47,656.85,64756.483522,656.6922,423,
2026-03-25 12:33:00,656.8287,657.16,656.82,656.9999,42940.556423,656.9817,379,
2026-03-25 12:34:00,657.0,657.3,656.9,657.23,50236.243244,657.0907,356,
2026-03-25 12:35:00,657.21,657.6,657.21,657.6,20271.255503,657.4207,233,
2026-03-25 12:36:00,657.6,657.9,657.52,657.89,23601.937004,657.7585,267,
2026-03-25 12:37:00,657.9,658.09,657.8652,658.0205,33616.143265,657.9953,293,
2026-03-25 12:38:00,658.04,658.32,658.04,658.07,18078.9853,658.2517,226,
2026-03-25 12:39:00,658.02,658.44,657.9988,658.41,36371.994069,658.1144,163,
2026-03-25 12:40:00,658.43,658.46,657.96,658.01,11569.653637,658.2475,203,
2026-03-25 12:41:00,657.97,658.09,657.86,657.95,7648.638284,657.9833,113,
2026-03-25 12:42:00,658.05,658.28,657.98,658.2,12919.683055,658.2072,181,
2026-03-25 12:43:00,658.16,658.23,658.0,658.0,3016.081929,658.1566,63,
2026-03-25 12:44:00,658.0,658.03,657.8,657.81,16199.891783,657.9324,156,
2026-03-25 12:45:00,657.81,657.81,657.44,657.55,42680.60696,657.6865,255,
2026-03-25 12:46:00,657.63,657.92,657.56,657.76,8552.100897,657.7728,126,
2026-03-25 12:47:00,657.77,658.07,657.76,658.07,11911.607231,658.0038,147,
2026-03-25 12:48:00,658.03,658.06,657.83,657.96,16500.746877,658.0246,168,
2026-03-25 12:49:00,658.02,658.02,657.84,657.94,3466.606958,658.0682,91,
2026-03-25 12:50:00,657.92,658.0,657.86,657.93,21886.390992,657.925,179,
2026-03-25 12:51:00,657.93,658.1,657.8111,658.0109,5282.034736,658.0193,92,
2026-03-25 12:52:00,658.1,658.25,658.03,658.2,15146.084875,658.1473,203,
2026-03-25 12:53:00,658.2,658.27,658.14,658.2,8111.552544,658.2348,102,
2026-03-25 12:54:00,658.24,658.53,658.13,658.5,35343.866217,658.3314,255,
2026-03-25 12:55:00,658.55,659.07,658.5,659.04,40120.804004,658.9052,419,
2026-03-25 12:56:00,658.98,659.14,658.63,658.8753,29936.358429,658.8954,308,
2026-03-25 12:57:00,658.84,658.84,658.67,658.6712,7291.315365,658.7758,120,
2026-03-25 12:58:00,658.68,658.71,658.49,658.59,3405.020056,658.6319,83,
2026-03-25 12:59:00,658.55,658.8,658.53,658.53,13015.109428,658.7062,155,
2026-03-25 13:00:00,658.69,658.94,657.91,658.94,35119.343789,658.5337,441,
2026-03-25 13:01:00,658.85,659.0,658.75,658.96,21613.998422,658.9604,221,
2026-03-25 13:02:00,658.95,659.02,658.761,658.89,12593.544368,658.9601,164,
2026-03-25 13:03:00,658.95,659.2,658.92,659.17,10737.396599,659.0415,144,
2026-03-25 13:04:00,659.15,659.22,659.05,659.14,14478.887608,659.1684,198,
2026-03-25 13:05:00,659.13,659.2,658.9932,659.19,5287.833445,659.2258,116,
2026-03-25 13:06:00,659.17,659.18,659.05,659.14,4014.656921,659.2442,110,
2026-03-25 13:07:00,659.0965,659.4,659.0965,659.151,4983.983134,659.4193,132,
2026-03-25 13:08:00,659.1905,659.21,658.9,658.9971,6452.354933,659.1005,132,
2026-03-25 13:09:00,659.0,659.0,658.75,658.8,33344.447822,658.8434,218,
2026-03-25 13:10:00,658.8,659.0,658.77,658.92,9996.545006,658.8899,134,
2026-03-25 13:11:00,658.98,659.16,658.8,658.98,11597.565389,659.1088,144,
2026-03-25 13:12:00,658.93,659.0,658.6804,658.69,11066.502066,658.9229,177,
2026-03-25 13:13:00,658.67,658.67,658.39,658.43,21711.999804,658.5019,163,
2026-03-25 13:14:00,658.47,658.66,658.38,658.52,9935.526022,658.6294,136,
2026-03-25 13:15:00,658.58,658.59,658.4519,658.48,4603.451835,658.5769,93,
2026-03-25 13:16:00,658.45,658.48,658.33,658.39,3682.070014,658.4137,98,
2026-03-25 13:17:00,658.47,658.63,658.43,658.55,6760.596707,658.5883,83,
2026-03-25 13:18:00,658.53,658.65,658.4,658.59,19017.402675,658.5525,164,
2026-03-25 13:19:00,658.6,658.81,658.53,658.81,33782.450711,658.6401,197,
2026-03-25 13:20:00,658.8,658.8,658.59,658.6,2361.218522,658.7518,81,
2026-03-25 13:21:00,658.57,658.65,658.46,658.47,5404.887811,658.6449,129,
2026-03-25 13:22:00,658.46,658.52,658.23,658.25,21770.807867,658.3527,218,
2026-03-25 13:23:00,658.25,658.56,658.2478,658.56,10882.756143,658.3778,156,
2026-03-25 13:24:00,658.56,658.68,658.5,658.6,15498.971446,658.5724,140,
2026-03-25 13:25:00,658.59,658.59,658.4,658.43,5724.181251,658.5043,124,
2026-03-25 13:26:00,658.52,658.74,658.51,658.65,6439.787191,658.6871,86,
2026-03-25 13:27:00,658.64,658.84,658.63,658.79,8980.118505,658.7525,130,
2026-03-25 13:28:00,658.76,658.78,658.5,658.51,22346.464918,658.6289,204,
2026-03-25 13:29:00,658.48,658.7,658.43,658.69,34937.482742,658.6155,179,
2026-03-25 13:30:00,658.67,659.78,658.6,659.66,563620.554793,659.1691,8907,
2026-03-25 13:31:00,659.67,660.09,659.62,659.93,336182.608407,659.8596,4523,
2026-03-25 13:32:00,659.93,660.25,659.73,660.03,483178.485768,660.0432,7067,
2026-03-25 13:33:00,660.035,660.19,659.35,659.5399,380447.070339,659.7829,5839,
2026-03-25 13:34:00,659.54,659.78,659.4,659.68,259872.61731,659.5539,3789,
2026-03-25 13:35:00,659.7,660.12,659.62,660.04,424429.816399,659.9546,5804,
2026-03-25 13:36:00,660.07,660.729,659.5109,660.67,431497.456185,660.1113,6599,
2026-03-25 13:37:00,660.68,660.89,660.37,660.45,413989.621845,660.6266,5810,
2026-03-25 13:38:00,660.48,660.67,660.2,660.28,348742.891102,660.3934,5488,
2026-03-25 13:39:00,660.28,660.47,659.85,659.91,399858.889765,660.1303,6039,
2026-03-25 13:40:00,659.92,660.48,659.87,660.35,309415.078825,660.1422,4948,
2026-03-25 13:41:00,660.36,660.5,660.1601,660.29,301244.610562,660.3039,4640,
2026-03-25 13:42:00,660.3,660.52,660.05,660.12,387344.47758,660.3123,6763,
2026-03-25 13:43:00,660.11,660.1199,659.31,659.49,323056.517755,659.7333,5645,
2026-03-25 13:44:00,659.5,659.52,658.75,658.9,416903.927293,659.1051,6649,
2026-03-25 13:45:00,658.91,659.18,658.77,658.85,330515.273353,658.9946,5141,
2026-03-25 13:46:00,658.85,659.0465,658.6,658.66,233460.057719,658.9246,3899,
2026-03-25 13:47:00,658.66,658.76,658.43,658.4899,393786.520867,658.5518,4855,
2026-03-25 13:48:00,658.49,658.68,658.16,658.28,192730.283365,658.4799,3441,
2026-03-25 13:49:00,658.29,658.34,657.75,657.81,263829.883993,658.1229,4504,
2026-03-25 13:50:00,657.82,657.93,656.9,657.1,495745.662159,657.3567,7075,
2026-03-25 13:51:00,657.09,657.56,657.09,657.12,289829.274849,657.361,4640,
2026-03-25 13:52:00,657.13,657.28,656.91,657.21,374809.52718,657.1113,5777,
2026-03-25 13:53:00,657.22,657.67,656.9,657.022,416197.917981,657.3045,5626,
2026-03-25 13:54:00,657.06,657.06,656.68,656.76,253264.593684,656.835,4153,
2026-03-25 13:55:00,656.78,657.17,656.605,656.97,385457.041488,656.9541,6064,
2026-03-25 13:56:00,656.98,657.32,656.91,657.14,295802.737816,657.1292,4626,
2026-03-25 13:57:00,657.1401,657.3,656.91,657.16,207640.191501,657.1324,3306,
2026-03-25 13:58:00,657.19,657.59,656.86,657.08,371117.401444,657.216,5580,
2026-03-25 13:59:00,657.05,657.14,656.42,656.49,348133.578622,656.6613,5345,
2026-03-25 14:00:00,656.56,656.75,655.67,656.0,569733.346317,656.1193,8163,
2026-03-25 14:01:00,656.01,656.99,655.993,656.74,465895.308938,656.5951,6862,
2026-03-25 14:02:00,656.75,657.27,656.67,657.02,319274.352595,656.9361,5105,
2026-03-25 14:03:00,657.0,657.09,656.66,656.83,248829.469565,656.8598,4130,
2026-03-25 14:04:00,656.85,657.485,656.77,657.002,277958.004683,657.2275,4589,
2026-03-25 14:05:00,657.005,657.17,656.72,656.97,227023.430446,656.9286,3742,
2026-03-25 14:06:00,656.98,657.53,656.98,657.09,521044.325324,657.2102,4944,
2026-03-25 14:07:00,657.1,657.23,656.425,656.48,397745.685136,656.8378,6082,
2026-03-25 14:08:00,656.47,657.04,656.44,656.54,234822.114008,656.7358,4067,
2026-03-25 14:09:00,656.55,657.25,656.44,657.1,207509.000535,656.8851,3779,
2026-03-25 14:10:00,657.12,657.15,656.64,656.875,167756.070228,656.9098,3170,
2026-03-25 14:11:00,656.86,657.24,656.71,657.08,167226.924211,656.9638,2979,
2026-03-25 14:12:00,657.085,657.625,657.08,657.625,318433.990033,657.4099,4785,
2026-03-25 14:13:00,657.63,657.94,657.35,657.44,289755.656459,657.673,4811,
2026-03-25 14:14:00,657.45,658.12,657.38,658.06,221779.855383,657.8074,3628,
2026-03-25 14:15:00,658.06,658.11,657.7,657.9082,166437.333847,657.872,3075,
2026-03-25 14:16:00,657.9,658.2663,657.7119,658.165,137405.706685,658.0098,2698,
2026-03-25 14:17:00,658.16,658.18,657.84,657.93,183593.328767,657.9758,3154,
2026-03-25 14:18:00,657.95,658.21,657.94,658.07,123386.981052,658.1154,2483,
2026-03-25 14:19:00,658.08,658.14,657.44,657.6107,251537.826875,657.8155,4405,
2026-03-25 14:20:00,657.63,658.31,657.6,658.14,187639.476206,657.9485,3101,
2026-03-25 14:21:00,658.14,658.37,657.9,658.335,211566.544349,658.0818,3808,
2026-03-25 14:22:00,658.335,658.55,658.1,658.5,284060.689973,658.339,3952,
2026-03-25 14:23:00,658.53,658.54,658.01,658.15,333693.888851,658.1803,5107,
2026-03-25 14:24:00,658.15,658.15,657.17,657.4,341624.827449,657.6324,6123,
2026-03-25 14:25:00,657.4,660.5,657.225,658.12,967220.908676,658.1744,12647,
2026-03-25 14:26:00,658.12,658.13,657.44,657.83,254216.122669,657.8037,4009,
2026-03-25 14:27:00,657.85,658.62,657.68,658.485,302539.50204,658.1504,4208,
2026-03-25 14:28:00,658.48,658.5,657.9,658.05,216521.372734,658.1872,3488,
2026-03-25 14:29:00,658.06,658.14,657.89,658.14,109778.141944,658.0185,2459,
2026-03-25 14:30:00,658.16,658.37,657.65,658.06,268075.071931,658.0042,4200,
2026-03-25 14:31:00,658.04,658.31,657.95,658.185,180606.266028,658.1454,3037,
2026-03-25 14:32:00,658.18,658.58,658.18,658.52,217489.079679,658.3909,3407,
2026-03-25 14:33:00,658.52,658.72,658.37,658.59,174203.180572,658.5189,3015,
2026-03-25 14:34:00,658.58,658.77,658.3,658.76,130294.149977,658.5102,2715,
2026-03-25 14:35:00,658.77,659.03,658.37,658.51,212091.050498,658.6995,3831,
2026-03-25 14:36:00,658.5299,658.55,658.07,658.29,250974.128098,658.2722,4042,
2026-03-25 14:37:00,658.27,658.51,658.13,658.23,87260.433069,658.2898,2119,
2026-03-25 14:38:00,658.24,658.51,658.14,658.24,119572.265431,658.3219,2589,
2026-03-25 14:39:00,658.23,658.26,657.85,658.22,175502.503761,658.1832,3087,
2026-03-25 14:40:00,658.23,658.27,657.87,658.09,167246.267265,658.0557,3195,
2026-03-25 14:41:00,658.07,658.74,658.04,658.545,241792.766603,658.4094,4197,
2026-03-25 14:42:00,658.55,658.975,658.36,658.73,197768.340262,658.6801,3477,
2026-03-25 14:43:00,658.71,658.76,658.26,658.61,171101.395581,658.4767,3058,
2026-03-25 14:44:00,658.62,658.75,658.42,658.435,153712.996646,658.5933,2768,
2026-03-25 14:45:00,658.44,658.72,658.42,658.6,194214.00517,658.5778,3133,
2026-03-25 14:46:00,658.6,658.66,658.38,658.63,163774.615344,658.5438,3146,
2026-03-25 14:47:00,658.64,658.79,658.47,658.67,162703.598087,658.6252,3120,
2026-03-25 14:48:00,658.67,659.08,658.62,659.05,155034.019269,658.8514,3284,
2026-03-25 14:49:00,659.04,659.06,658.77,658.91,127958.324475,658.9387,2356,
2026-03-25 14:50:00,658.9,659.25,658.71,659.09,188535.107606,658.9503,3947,
2026-03-25 14:51:00,659.07,659.15,658.9,658.925,139297.753034,658.9892,2767,
2026-03-25 14:52:00,658.92,659.21,658.73,658.85,205797.928885,659.0014,3812,
2026-03-25 14:53:00,658.86,659.06,658.84,658.87,106164.16989,658.9725,2222,
2026-03-25 14:54:00,658.86,659.03,658.63,658.75,135726.300254,658.8624,3030,
2026-03-25 14:55:00,658.76,658.935,658.62,658.795,123748.05442,658.7907,2951,
2026-03-25 14:56:00,658.795,658.9198,658.75,658.88,199531.458489,658.8242,4102,
2026-03-25 14:57:00,658.89,659.08,658.6,659.03,159219.88818,658.8549,3026,
2026-03-25 14:58:00,659.03,659.03,658.79,658.88,118010.196232,658.8706,2706,
2026-03-25 14:59:00,658.88,658.97,658.43,658.69,155318.384215,658.668,3250,
2026-03-25 15:00:00,658.69,658.87,658.52,658.57,123608.372302,658.6874,2720,
2026-03-25 15:01:00,658.56,658.77,658.38,658.62,153905.513699,658.5454,3037,
2026-03-25 15:02:00,658.64,658.85,658.4,658.44,112891.211226,658.6323,2527,
2026-03-25 15:03:00,658.44,659.0078,658.38,658.8401,120391.530183,658.7578,2519,
2026-03-25 15:04:00,658.86,658.9199,658.72,658.76,94899.973838,658.8306,2114,
2026-03-25 15:05:00,658.77,658.89,658.38,658.44,126365.813577,658.6158,2765,
2026-03-25 15:06:00,658.45,658.53,658.1,658.14,187613.088111,658.3463,3562,
2026-03-25 15:07:00,658.14,658.24,657.58,657.58,216250.813145,657.8405,3970,
2026-03-25 15:08:00,657.56,658.04,657.56,657.68,195917.003768,657.8393,3526,
2026-03-25 15:09:00,657.7,657.715,657.12,657.23,258086.395938,657.4222,4373,
2026-03-25 15:10:00,657.25,657.52,657.0109,657.1,255458.824307,657.2664,4410,
2026-03-25 15:11:00,657.09,657.56,657.025,657.0774,259010.581598,657.2503,4350,
2026-03-25 15:12:00,657.07,657.08,656.58,656.65,365507.773249,656.7736,5514,
2026-03-25 15:13:00,656.65,656.9899,656.63,656.72,353653.679615,656.7874,5722,
2026-03-25 15:14:00,656.715,656.76,656.47,656.57,232888.659176,656.592,4261,
2026-03-25 15:15:00,656.56,656.81,656.42,656.5599,288135.964722,656.6323,4650,
2026-03-25 15:16:00,656.55,656.68,654.91,654.93,1041738.064862,655.7412,13520,
2026-03-25 15:17:00,654.91,655.05,654.241,654.3,828043.69067,654.6834,11140,
2026-03-25 15:18:00,654.32,655.16,654.24,654.88,882402.205575,654.8068,12184,
2026-03-25 15:19:00,654.87,655.26,654.75,655.14,568892.328117,655.0123,8096,
2026-03-25 15:20:00,655.15,655.8,655.0844,655.69,442705.760766,655.5341,6888,
2026-03-25 15:21:00,655.68,656.07,655.63,655.8599,289518.005037,655.887,4786,
2026-03-25 15:22:00,655.86,656.42,655.86,656.2866,195377.442998,656.1512,3393,
2026-03-25 15:23:00,656.29,656.58,656.17,656.5,244919.009208,656.375,3717,
2026-03-25 15:24:00,656.46,657.32,656.43,656.92,310785.45953,657.0109,5081,
2026-03-25 15:25:00,656.92,657.28,656.755,657.13,316709.793147,656.976,4919,
2026-03-25 15:26:00,657.14,657.14,656.72,656.99,207573.125539,656.8797,3454,
2026-03-25 15:27:00,656.98,657.04,656.71,656.99,282294.843857,656.8425,3376,
2026-03-25 15:28:00,656.96,657.55,656.915,657.33,190395.449928,657.2548,3151,
2026-03-25 15:29:00,657.32,657.8725,657.32,657.84,348767.462577,657.6107,4353,
2026-03-25 15:30:00,657.85,658.09,657.6,658.09,272483.425304,657.8033,4008,
2026-03-25 15:31:00,658.08,658.24,657.8391,658.17,177229.435066,658.0012,3019,
2026-03-25 15:32:00,658.18,658.22,657.93,657.99,191682.051185,658.0825,3181,
2026-03-25 15:33:00,657.9931,658.21,657.7,658.1199,261194.402256,657.9406,4197,
2026-03-25 15:34:00,658.13,658.21,657.86,657.9,191680.361426,658.0381,3141,
2026-03-25 15:35:00,657.91,657.95,657.5303,657.72,277024.086196,657.7304,4574,
2026-03-25 15:36:00,657.71,657.84,657.5544,657.58,203495.821848,657.662,3396,
2026-03-25 15:37:00,657.578,657.6,657.16,657.27,170155.510392,657.365,3342,
2026-03-25 15:38:00,657.27,657.3,656.69,656.72,307578.840824,656.8629,4681,
2026-03-25 15:39:00,656.72,656.98,656.6,656.755,210050.856737,656.8004,3504,
2026-03-25 15:40:00,656.755,657.07,656.69,656.85,170443.360184,656.8995,3024,
2026-03-25 15:41:00,656.86,656.955,656.5,656.53,141372.028245,656.7094,2572,
2026-03-25 15:42:00,656.54,656.71,656.22,656.28,126746.324673,656.4986,2321,
2026-03-25 15:43:00,656.29,656.34,656.12,656.28,110872.476027,656.2482,2168,
2026-03-25 15:44:00,656.29,656.846,656.25,656.68,143606.13076,656.5822,2625,
2026-03-25 15:45:00,656.68,656.85,656.49,656.545,141060.562957,656.7034,2663,
2026-03-25 15:46:00,656.57,656.715,656.39,656.49,88313.889859,656.5693,1851,
2026-03-25 15:47:00,656.49,656.65,656.35,656.47,135269.438398,656.5007,1976,
2026-03-25 15:48:00,656.47,656.73,656.27,656.56,105478.765628,656.5126,2063,
2026-03-25 15:49:00,656.58,656.8,656.5,656.68,121350.554099,656.6642,2244,
2026-03-25 15:50:00,656.67,657.0799,656.67,656.95,190849.023374,656.6508,2497,
2026-03-25 15:51:00,656.94,657.07,656.77,656.98,86815.782391,656.9384,1788,
2026-03-25 15:52:00,656.99,656.9932,656.42,656.49,178061.684643,656.6516,3047,
2026-03-25 15:53:00,656.49,656.91,656.39,656.52,125934.487064,656.6247,2216,
2026-03-25 15:54:00,656.54,656.79,656.45,656.75,125128.875947,656.5826,2265,
2026-03-25 15:55:00,656.75,657.19,656.36,656.94,396295.288159,656.7688,5792,
2026-03-25 15:56:00,656.92,657.34,656.865,657.3,182478.665355,657.0538,2977,
2026-03-25 15:57:00,657.29,657.41,656.86,656.94,154412.350067,657.1978,2645,
2026-03-25 15:58:00,656.96,657.19,656.85,657.0,118864.460641,657.0048,1911,
2026-03-25 15:59:00,657.01,657.15,656.84,657.0,112105.285247,657.0095,2016,
2026-03-25 16:00:00,657.0,657.09,656.76,656.83,112144.96032,656.9296,2002,
2026-03-25 16:01:00,656.84,657.17,656.66,656.88,152413.191556,656.8712,2668,
2026-03-25 16:02:00,656.9182,657.2,656.56,656.69,188375.471256,656.8273,3127,
2026-03-25 16:03:00,656.69,656.6901,656.49,656.58,115137.463361,656.5851,1897,
2026-03-25 16:04:00,656.57,656.74,656.39,656.44,130053.236605,656.5349,2342,
2026-03-25 16:05:00,656.45,656.55,656.01,656.33,228406.678425,656.2138,3530,
2026-03-25 16:06:00,656.35,656.63,656.24,656.3764,101805.352167,656.432,1898,
2026-03-25 16:07:00,656.38,656.858,656.38,656.56,101390.504146,656.6494,2016,
2026-03-25 16:08:00,656.55,656.63,656.315,656.615,105733.034764,656.4434,1884,
2026-03-25 16:09:00,656.6358,656.82,656.51,656.61,92675.52761,656.6334,1672,
2026-03-25 16:10:00,656.61,656.63,656.12,656.3,123164.727306,656.3024,2485,
2026-03-25 16:11:00,656.31,656.56,656.2,656.5,124973.131945,656.3357,1837,
2026-03-25 16:12:00,656.51,656.72,656.355,656.46,112426.784821,656.4913,2030,
2026-03-25 16:13:00,656.47,656.5,656.3,656.43,65637.319921,656.418,1377,
2026-03-25 16:14:00,656.43,656.72,656.39,656.57,80146.804537,656.5531,1781,
2026-03-25 16:15:00,656.56,656.75,656.27,656.35,120176.502052,656.5093,2457,
2026-03-25 16:16:00,656.34,656.58,656.28,656.43,92417.015801,656.4053,1814,
2026-03-25 16:17:00,656.44,656.5,656.18,656.35,63221.946257,656.3526,1468,
2026-03-25 16:18:00,656.36,656.39,656.125,656.2541,71378.988244,656.286,1392,
2026-03-25 16:19:00,656.27,656.43,656.18,656.36,69187.110478,656.2989,1361,
2026-03-25 16:20:00,656.38,656.65,656.28,656.405,168692.231062,656.4732,2876,
2026-03-25 16:21:00,656.39,656.63,656.26,656.31,127260.545876,656.4374,2210,
2026-03-25 16:22:00,656.32,656.62,656.15,656.61,140803.54476,656.4084,2309,
2026-03-25 16:23:00,656.6,657.17,656.58,656.74,165789.966413,656.8926,3062,
2026-03-25 16:24:00,656.74,657.7,656.7,657.69,174896.737214,657.0819,2920,
2026-03-25 16:25:00,657.7,658.07,657.29,657.771,646128.845308,657.6612,9099,
2026-03-25 16:26:00,657.79,657.85,657.29,657.78,231669.827514,657.527,3504,
2026-03-25 16:27:00,657.78,657.81,657.36,657.57,175984.210981,657.5938,2552,
2026-03-25 16:28:00,657.56,657.57,657.24,657.43,115314.361277,657.3937,1988,
2026-03-25 16:29:00,657.44,657.5,657.23,657.5,137309.0805,657.3343,2380,
2026-03-25 16:30:00,657.46,657.64,657.06,657.54,224351.415625,657.3633,3738,
2026-03-25 16:31:00,657.57,658.07,657.49,658.03,130515.02792,657.7303,2337,
2026-03-25 16:32:00,658.03,658.04,657.78,657.9999,144567.36232,657.9099,2360,
2026-03-25 16:33:00,657.995,658.315,657.87,658.27,173711.024821,658.0596,2915,
2026-03-25 16:34:00,658.285,658.315,657.91,658.07,154539.976312,658.117,2898,
2026-03-25 16:35:00,658.07,658.28,657.91,658.13,146706.071894,658.1086,2530,
2026-03-25 16:36:00,658.13,658.31,657.99,658.16,131684.728318,658.1642,2288,
2026-03-25 16:37:00,658.155,658.25,658.01,658.1601,150178.219164,658.1242,2787,
2026-03-25 16:38:00,658.19,658.19,657.75,657.96,167945.914204,657.92,3353,
2026-03-25 16:39:00,657.95,658.14,657.95,658.1,109972.218104,658.0433,2399,
2026-03-25 16:40:00,658.1,658.17,657.87,658.04,141083.154959,658.0316,2711,
2026-03-25 16:41:00,658.02,658.06,657.84,658.01,239057.11954,657.9672,2652,
2026-03-25 16:42:00,658.02,658.17,657.76,657.76,120153.561679,657.9913,2474,
2026-03-25 16:43:00,657.76,658.11,657.66,658.1088,139553.283005,657.9069,2481,
2026-03-25 16:44:00,658.1,658.15,657.96,657.97,103695.346,658.0651,2039,
2026-03-25 16:45:00,657.97,658.09,657.87,658.05,659577.183771,657.992,2970,
2026-03-25 16:46:00,658.035,658.0393,657.74,657.92,105289.583736,657.9032,1847,
2026-03-25 16:47:00,657.94,657.94,657.44,657.4975,188563.752383,657.6065,3533,
2026-03-25 16:48:00,657.52,657.85,657.495,657.54,128757.842431,657.6635,2420,
2026-03-25 16:49:00,657.55,657.65,657.48,657.63,72571.680593,657.5723,1544,
2026-03-25 16:50:00,657.63,657.7,657.23,657.3373,135538.472783,657.4431,2702,
2026-03-25 16:51:00,657.35,657.71,657.28,657.32,138335.396634,657.4418,2692,
2026-03-25 16:52:00,657.32,657.8,657.1,657.69,194061.552453,657.473,3256,
2026-03-25 16:53:00,657.69,657.88,657.63,657.87,85280.301381,657.7246,1628,
2026-03-25 16:54:00,657.88,658.13,657.82,658.065,106605.79365,657.9674,1939,
2026-03-25 16:55:00,658.07,658.16,657.82,658.06,203289.840619,658.0266,2954,
2026-03-25 16:56:00,658.045,658.0599,657.79,657.87,93418.249035,657.9226,1729,
2026-03-25 16:57:00,657.8899,657.89,657.69,657.69,85783.579565,657.7799,1942,
2026-03-25 16:58:00,657.705,657.76,657.52,657.67,74549.23265,657.645,1753,
2026-03-25 16:59:00,657.67,657.91,657.67,657.75,103336.159981,657.7826,2039,
2026-03-25 17:00:00,657.75,657.99,657.7,657.795,85550.690946,657.8294,1695,
2026-03-25 17:01:00,657.79,658.09,657.74,658.05,64197.380778,657.9583,1375,
2026-03-25 17:02:00,658.045,658.28,657.21,657.84,387247.031002,657.7226,6478,
2026-03-25 17:03:00,657.845,657.91,657.45,657.47,154932.071963,657.7302,2488,
2026-03-25 17:04:00,657.49,657.66,657.37,657.5,125091.112482,657.5149,2131,
2026-03-25 17:05:00,657.52,657.58,657.06,657.225,180061.952189,657.2972,2846,
2026-03-25 17:06:00,657.23,657.54,657.07,657.42,158967.92202,657.275,2863,
2026-03-25 17:07:00,657.43,657.62,657.3,657.315,143973.81193,657.4954,2403,
2026-03-25 17:08:00,657.34,657.36,657.14,657.255,109841.402922,657.2621,2109,
2026-03-25 17:09:00,657.27,657.3592,656.96,656.985,131827.272504,657.1303,2333,
2026-03-25 17:10:00,656.985,657.26,656.915,657.13,150888.815802,657.0988,2428,
2026-03-25 17:11:00,657.14,657.26,656.98,657.18,112079.097621,657.1155,2025,
2026-03-25 17:12:00,657.19,657.62,657.12,657.56,119710.243189,657.3312,2600,
2026-03-25 17:13:00,657.57,657.77,657.43,657.73,134103.137989,657.6085,2333,
2026-03-25 17:14:00,657.71,657.76,657.59,657.59,64962.620087,657.672,1455,
2026-03-25 17:15:00,657.59,657.62,657.22,657.27,126309.987093,657.4357,2290,
2026-03-25 17:16:00,657.28,657.4,656.995,657.0699,109287.463627,657.2063,2077,
2026-03-25 17:17:00,657.065,657.285,657.05,657.13,83804.589207,657.1762,1683,
2026-03-25 17:18:00,657.15,657.4099,657.015,657.042,133243.574773,657.2108,2497,
2026-03-25 17:19:00,657.06,657.55,656.92,657.28,168584.655277,657.2685,2911,
2026-03-25 17:20:00,657.29,657.46,657.2,657.385,100180.555357,657.3127,1902,
2026-03-25 17:21:00,657.39,657.68,657.37,657.6339,127943.016678,657.5039,2362,
2026-03-25 17:22:00,657.63,657.9,657.54,657.61,138140.931719,657.7141,2636,
2026-03-25 17:23:00,657.6499,658.015,657.605,657.755,164044.906345,657.844,2815,
2026-03-25 17:24:00,657.75,657.7699,657.51,657.66,102888.530494,657.6302,1933,
2026-03-25 17:25:00,657.67,657.87,657.63,657.81,117618.377334,657.7787,2268,
2026-03-25 17:26:00,657.825,658.145,657.81,658.095,154626.719967,658.0189,2649,
2026-03-25 17:27:00,658.09,658.32,657.98,658.27,182721.286958,658.1332,2987,
2026-03-25 17:28:00,658.25,658.3,658.025,658.285,106389.191337,658.1662,1864,
2026-03-25 17:29:00,658.28,658.29,658.02,658.02,144056.859199,658.1363,2576,
2026-03-25 17:30:00,658.04,658.0849,657.76,657.929,133794.58195,657.9228,2512,
2026-03-25 17:31:00,657.97,658.0,657.62,657.64,175012.547793,657.788,3178,
2026-03-25 17:32:00,657.63,657.94,657.56,657.9106,115019.772654,657.7403,2216,
2026-03-25 17:33:00,657.91,658.08,657.83,658.045,87921.429046,657.9711,1843,
2026-03-25 17:34:00,658.03,658.27,658.0,658.23,123060.032558,658.1566,2387,
2026-03-25 17:35:00,658.24,658.48,658.21,658.37,244317.538807,658.3889,3707,
2026-03-25 17:36:00,658.375,658.45,658.22,658.28,92030.726261,658.3334,1835,
2026-03-25 17:37:00,658.27,658.4001,658.15,658.38,78675.681474,658.2678,1623,
2026-03-25 17:38:00,658.4,658.44,658.17,658.43,66133.471325,658.3078,1474,
2026-03-25 17:39:00,658.44,658.705,658.32,658.62,229577.880179,658.5302,3357,
2026-03-25 17:40:00,658.59,658.69,658.53,658.63,100262.479941,658.6058,1949,
2026-03-25 17:41:00,658.63,658.74,658.42,658.49,207778.126678,658.5367,3520,
2026-03-25 17:42:00,658.49,658.7,658.36,658.39,141726.267147,658.5384,2733,
2026-03-25 17:43:00,658.4,659.38,658.395,658.95,414374.386948,658.9416,5848,
2026-03-25 17:44:00,658.94,659.06,658.67,658.835,228917.462034,658.8783,3413,
2026-03-25 17:45:00,658.835,658.86,658.41,658.47,186359.982267,658.6136,3520,
2026-03-25 17:46:00,658.51,658.72,658.42,658.64,135854.043316,658.5599,2901,
2026-03-25 17:47:00,658.62,658.64,658.2,658.37,106746.835804,658.4147,3261,
2026-03-25 17:48:00,658.36,658.49,658.03,658.25,154136.058731,658.2099,4166,
2026-03-25 17:49:00,658.2488,658.37,658.05,658.095,121244.884745,658.2472,3408,
2026-03-25 17:50:00,658.1,658.125,657.87,658.09,161342.877146,658.0056,3611,
2026-03-25 17:51:00,658.09,658.12,657.86,658.09,121704.341812,657.9846,2145,
2026-03-25 17:52:00,658.0924,658.72,657.73,657.78,376260.693161,658.152,6049,
2026-03-25 17:53:00,657.83,657.95,657.33,657.67,481524.21478,657.5391,6954,
2026-03-25 17:54:00,657.66,657.84,657.37,657.48,277480.143676,657.6218,3801,
2026-03-25 17:55:00,657.49,657.73,657.34,657.68,196477.098624,657.5167,2826,
2026-03-25 17:56:00,657.69,657.88,657.42,657.82,212044.512707,657.6473,3681,
2026-03-25 17:57:00,657.82,658.12,657.8,658.11,122151.125615,657.9837,2143,
2026-03-25 17:58:00,658.1,658.79,657.9,658.11,388367.869077,658.3798,5976,
2026-03-25 17:59:00,658.1,658.105,657.78,657.9,110051.988654,657.9423,2141,
2026-03-25 18:00:00,657.89,658.0099,657.66,657.87,119754.398295,657.8397,1925,
2026-03-25 18:01:00,657.85,658.04,657.73,657.84,91396.467358,657.88,1712,
2026-03-25 18:02:00,657.85,657.97,657.7,657.815,86533.173721,657.8344,1715,
2026-03-25 18:03:00,657.855,658.07,657.56,657.71,139130.469449,657.7528,2573,
2026-03-25 18:04:00,657.7,657.87,657.66,657.82,182396.70793,657.7707,2815,
2026-03-25 18:05:00,657.82,658.255,657.8,658.2,135414.880099,658.0297,2554,
2026-03-25 18:06:00,658.2,658.22,658.04,658.09,101279.560528,658.1304,1669,
2026-03-25 18:07:00,658.07,658.1291,657.75,657.87,112207.458845,657.9788,2241,
2026-03-25 18:08:00,657.87,657.91,657.56,657.69,92338.74897,657.6947,1852,
2026-03-25 18:09:00,657.69,657.8612,657.655,657.78,79656.602825,657.7732,1815,
2026-03-25 18:10:00,657.8,657.96,657.74,657.83,175379.704999,657.8518,2854,
2026-03-25 18:11:00,657.84,658.145,657.7997,657.955,110729.480633,657.9956,1924,
2026-03-25 18:12:00,657.97,657.99,657.825,657.95,61276.178695,657.9214,1384,
2026-03-25 18:13:00,657.95,657.955,657.8,657.86,75944.289538,657.8707,1650,
2026-03-25 18:14:00,657.88,658.01,657.81,657.98,75142.013921,657.9078,1562,
2026-03-25 18:15:00,657.98,658.05,657.89,657.91,96626.713082,657.9668,1954,
2026-03-25 18:16:00,657.915,658.19,657.915,658.135,105479.565456,658.0576,2090,
2026-03-25 18:17:00,658.11,658.52,657.92,658.37,243571.269675,658.2188,4203,
2026-03-25 18:18:00,658.38,658.38,658.0,658.17,209372.676553,658.1686,3359,
2026-03-25 18:19:00,658.18,658.19,657.85,657.91,107441.90356,657.9925,2076,
2026-03-25 18:20:00,657.908,658.18,657.9,658.15,70665.144529,658.0283,1584,
2026-03-25 18:21:00,658.15,658.21,657.98,658.14,67882.814762,658.0926,1464,
2026-03-25 18:22:00,658.135,658.2,658.1,658.11,72248.600014,658.1474,1660,
2026-03-25 18:23:00,658.11,658.15,657.91,657.945,127096.969157,658.0385,2047,
2026-03-25 18:24:00,657.94,658.02,657.81,658.01,106484.931227,657.9071,1547,
2026-03-25 18:25:00,658.0,658.0707,657.87,657.97,37926.619776,657.9707,874,
2026-03-25 18:26:00,657.97,657.98,657.67,657.74,62610.789557,657.7978,1241,
2026-03-25 18:27:00,657.75,657.9,657.6697,657.67,90545.903457,657.8069,1401,
2026-03-25 18:28:00,657.66,657.75,657.41,657.62,167705.36897,657.5595,2731,
2026-03-25 18:29:00,657.62,657.65,657.46,657.515,67657.972744,657.5605,1165,
2026-03-25 18:30:00,657.51,657.785,657.5,657.64,156690.997191,657.6789,2570,
2026-03-25 18:31:00,657.645,657.68,657.43,657.55,349112.660209,657.5398,3952,
2026-03-25 18:32:00,657.55,657.7399,657.54,657.675,96963.194311,657.6491,1593,
2026-03-25 18:33:00,657.69,657.81,657.63,657.765,81613.338988,657.7146,1303,
2026-03-25 18:34:00,657.75,657.76,657.63,657.66,62413.180582,657.6889,1285,
2026-03-25 18:35:00,657.66,657.7,657.54,657.65,73143.221391,657.6106,1549,
2026-03-25 18:36:00,657.64,657.64,657.44,657.5483,86560.242409,657.5272,1847,
2026-03-25 18:37:00,657.56,657.605,657.4,657.44,96129.179423,657.4737,2080,
2026-03-25 18:38:00,657.41,657.55,657.385,657.54,79900.2551,657.4737,1533,
2026-03-25 18:39:00,657.53,657.65,657.51,657.58,146619.110123,657.5679,2098,
2026-03-25 18:40:00,657.59,657.65,657.23,657.32,191182.368028,657.4438,3377,
2026-03-25 18:41:00,657.29,657.44,657.22,657.27,99808.797849,657.3324,1943,
2026-03-25 18:42:00,657.27,657.4,657.12,657.14,83519.644404,657.2485,1861,
2026-03-25 18:43:00,657.145,657.23,657.07,657.1986,83581.814272,657.1669,1722,
2026-03-25 18:44:00,657.2,657.43,657.17,657.31,131138.632669,657.3485,2073,
2026-03-25 18:45:00,657.31,657.31,657.12,657.15,130698.689944,657.2139,2318,
2026-03-25 18:46:00,657.15,657.36,657.14,657.28,97924.303955,657.2441,1928,
2026-03-25 18:47:00,657.28,657.35,657.2,657.22,77977.297218,657.2673,1439,
2026-03-25 18:48:00,657.2292,657.31,657.08,657.19,119886.401913,657.2161,2380,
2026-03-25 18:49:00,657.19,657.22,657.04,657.11,89405.105721,657.1147,1680,
2026-03-25 18:50:00,657.11,657.19,656.97,657.12,134508.097353,657.0664,2525,
2026-03-25 18:51:00,657.12,657.1799,657.035,657.1,124103.39781,657.1116,2409,
2026-03-25 18:52:00,657.1,657.21,657.05,657.21,83482.755133,657.1301,1847,
2026-03-25 18:53:00,657.2,657.24,657.08,657.13,567610.378459,657.1445,1668,
2026-03-25 18:54:00,657.12,657.19,657.07,657.1799,69087.459342,657.136,1504,
2026-03-25 18:55:00,657.1715,657.18,655.66,655.73,736557.087351,656.356,11492,
2026-03-25 18:56:00,655.74,656.32,655.64,655.926,527799.017078,656.0381,7184,
2026-03-25 18:57:00,655.93,656.42,655.93,656.27,284814.878414,656.2475,4002,
2026-03-25 18:58:00,656.28,656.67,656.21,656.49,195016.007378,656.5166,3378,
2026-03-25 18:59:00,656.48,656.61,656.38,656.5,128936.913479,656.4954,2417,
2026-03-25 19:00:00,656.49,656.52,655.8,656.03,363704.410098,656.1652,5357,
2026-03-25 19:01:00,656.0,656.23,655.75,656.0,242760.857597,656.0289,3654,
2026-03-25 19:02:00,656.01,656.09,655.86,655.93,150246.142054,655.9692,2658,
2026-03-25 19:03:00,655.92,656.08,655.58,655.655,432090.928969,655.7707,5923,
2026-03-25 19:04:00,655.655,656.14,655.65,656.06,229413.490315,655.9888,3429,
2026-03-25 19:05:00,656.06,656.3,656.03,656.16,166961.414264,656.1832,2683,
2026-03-25 19:06:00,656.19,656.2,655.96,656.0,74713.430859,656.0589,1738,
2026-03-25 19:07:00,656.02,656.25,656.02,656.1,91771.873158,656.156,2019,
2026-03-25 19:08:00,656.09,656.2,655.91,656.05,110131.248375,656.0483,2273,
2026-03-25 19:09:00,656.06,656.11,655.9,656.11,617395.08494,656.0796,1999,
2026-03-25 19:10:00,656.11,656.175,655.93,655.97,109786.002797,656.0199,1954,
2026-03-25 19:11:00,655.97,656.18,655.84,655.88,110793.591653,655.9916,2072,
2026-03-25 19:12:00,655.88,656.06,655.845,656.01,138967.115804,655.9683,2189,
2026-03-25 19:13:00,656.01,656.46,655.9,656.355,209104.721794,656.2407,3932,
2026-03-25 19:14:00,656.37,656.4759,656.13,656.43,156927.741592,656.2913,2902,
2026-03-25 19:15:00,656.4272,656.73,656.4,656.72,309989.756433,656.5216,4663,
2026-03-25 19:16:00,656.72,656.89,656.59,656.65,380425.034398,656.7482,5379,
2026-03-25 19:17:00,656.655,656.74,656.556,656.635,367643.015243,656.6363,5229,
2026-03-25 19:18:00,656.63,656.75,656.5,656.57,264259.283373,656.6431,4150,
2026-03-25 19:19:00,656.58,657.0,656.5,656.85,180598.707112,656.7946,3225,
2026-03-25 19:20:00,656.86,657.3201,656.765,657.25,282731.266982,657.0692,4079,
2026-03-25 19:21:00,657.25,657.25,656.99,657.08,191679.467101,657.117,3272,
2026-03-25 19:22:00,657.073,657.11,656.94,657.045,100909.688391,657.0218,2117,
2026-03-25 19:23:00,657.045,657.06,656.9,656.9525,142617.664335,656.9682,2382,
2026-03-25 19:24:00,656.97,657.04,656.9,656.9825,102090.736122,656.9867,1905,
2026-03-25 19:25:00,656.99,657.09,656.72,656.74,194918.448793,656.9463,3162,
2026-03-25 19:26:00,656.75,656.7725,656.5213,656.58,136829.557765,656.6639,2510,
2026-03-25 19:27:00,656.58,656.8,656.48,656.596,181304.034744,656.6003,2877,
2026-03-25 19:28:00,656.6,656.74,656.55,656.69,79890.08615,656.6653,1700,
2026-03-25 19:29:00,656.69,656.77,656.48,656.51,196900.895508,656.5898,3133,
2026-03-25 19:30:00,656.51,656.57,656.28,656.38,133562.832334,656.4356,2397,
2026-03-25 19:31:00,656.38,656.48,656.28,656.395,141177.90987,656.4021,2362,
2026-03-25 19:32:00,656.4,656.47,656.14,656.32,132598.483073,656.3131,2254,
2026-03-25 19:33:00,656.314,656.33,656.17,656.285,160638.565632,656.2642,2782,
2026-03-25 19:34:00,656.2813,656.33,656.15,656.28,155864.056564,656.2412,2527,
2026-03-25 19:35:00,656.28,656.42,656.04,656.05,184243.287433,656.2564,3003,
2026-03-25 19:36:00,656.05,656.14,655.845,655.88,225525.897339,655.968,3511,
2026-03-25 19:37:00,655.88,655.96,655.78,655.855,169159.090353,655.8692,2695,
2026-03-25 19:38:00,655.855,656.02,655.755,655.95,137689.874331,655.9156,2579,
2026-03-25 19:39:00,655.96,656.2,655.935,656.08,169597.574483,656.052,2753,
2026-03-25 19:40:00,656.08,656.35,655.99,656.31,242844.433306,656.1535,3677,
2026-03-25 19:41:00,656.3,656.49,656.215,656.39,243110.715865,656.3706,3734,
2026-03-25 19:42:00,656.4,656.5,656.35,656.48,173015.598885,656.4169,2775,
2026-03-25 19:43:00,656.48,656.65,656.44,656.49,725891.735727,656.351,3662,
2026-03-25 19:44:00,656.5,656.54,656.12,656.21,258285.124296,656.3678,4316,
2026-03-25 19:45:00,656.21,656.24,656.08,656.19,239966.031703,656.1479,3590,
2026-03-25 19:46:00,656.19,656.28,655.97,656.11,223335.806297,656.1115,3705,
2026-03-25 19:47:00,656.11,656.2,655.99,656.13,295985.482945,654.8022,2513,
2026-03-25 19:48:00,656.13,656.225,656.05,656.08,146979.494612,656.1229,2516,
2026-03-25 19:49:00,656.08,656.32,656.071,656.13,265096.321227,656.2071,3771,
2026-03-25 19:50:00,656.14,656.85,656.14,656.805,365153.70802,656.4863,5666,
2026-03-25 19:51:00,656.8,656.82,656.26,656.28,242472.186617,656.5039,4265,
2026-03-25 19:52:00,656.27,656.5225,656.25,656.42,261568.420382,656.3764,4253,
2026-03-25 19:53:00,656.43,656.67,656.39,656.66,313079.531375,656.5277,4503,
2026-03-25 19:54:00,656.66,656.74,656.385,656.62,316958.723223,656.5621,5036,
2026-03-25 19:55:00,656.64,657.06,656.47,656.54,460382.281992,656.7755,6770,
2026-03-25 19:56:00,656.525,656.58,656.22,656.47,324764.936616,656.3488,5211,
2026-03-25 19:57:00,656.46,656.5499,656.31,656.45,420921.879709,656.4432,5711,
2026-03-25 19:58:00,656.45,656.465,656.27,656.4,579313.071601,656.3711,8236,
2026-03-25 19:59:00,656.4,656.81,656.33,656.74,1335921.973203,656.5289,17584,
2026-03-25 20:00:00,656.72,657.05,656.57,657.04,136463.326797,656.8665,630,
2026-03-25 20:01:00,657.05,657.18,657.0026,657.1,69015.611235,657.0882,490,
2026-03-25 20:02:00,657.1,657.23,657.0675,657.0675,286613.65329,653.5624,265,
2026-03-25 20:03:00,657.06,657.1,656.97,657.0,65505.558219,656.9515,340,
2026-03-25 20:04:00,657.02,657.18,657.0,657.05,851290.74961,656.6581,365,
2026-03-25 20:05:00,657.0399,657.06,656.96,656.97,17055.874892,657.0285,172,
2026-03-25 20:06:00,656.99,656.99,656.75,656.8,46356.935314,656.8182,315,
2026-03-25 20:07:00,656.8104,656.85,656.69,656.77,14113.285029,656.7677,135,
2026-03-25 20:08:00,656.78,656.83,656.7,656.75,19696.186264,656.7598,188,
2026-03-25 20:09:00,656.71,656.74,656.61,656.74,14706.380425,656.703,115,
2026-03-25 20:10:00,656.69,656.73,656.63,656.6399,141153.698094,653.4622,125,
2026-03-25 20:11:00,656.65,656.65,656.58,656.64,72436.25374,656.6319,67,
2026-03-25 20:12:00,656.65,656.72,656.64,656.71,399229.645065,655.5122,193,
2026-03-25 20:13:00,656.73,656.74,656.62,656.68,864035.411856,656.6348,197,
2026-03-25 20:14:00,656.69,656.75,656.6495,656.65,14736.225716,656.7045,218,
2026-03-25 20:15:00,656.66,656.7016,656.59,656.62,23646.829046,656.6476,178,
2026-03-25 20:16:00,656.65,656.84,656.64,656.84,7172.457786,656.7918,116,
2026-03-25 20:17:00,656.82,656.88,656.79,656.88,307130.128038,656.6369,101,
2026-03-25 20:18:00,656.8799,656.91,656.79,656.79,6335.19535,656.8686,86,
2026-03-25 20:19:00,656.8,656.86,656.8,656.84,130024.341067,653.189,57,
2026-03-25 20:20:00,656.86,656.86,656.74,656.76,6186.362777,656.8149,50,
2026-03-25 20:21:00,656.75,656.8,656.71,656.7752,24440.287958,656.7789,149,
2026-03-25 20:22:00,656.79,656.82,656.77,656.78,3467.47216,656.8786,57,
2026-03-25 20:23:00,656.75,656.79,656.73,656.79,5186.460592,656.8203,72,
2026-03-25 20:24:00,656.78,656.78,656.6,656.6,13140.110191,656.6739,111,
2026-03-25 20:25:00,656.52,656.52,656.45,656.49,7020.298024,656.5029,82,
2026-03-25 20:26:00,656.47,656.49,656.37,656.39,4370.303226,656.4788,51,
2026-03-25 20:27:00,656.3886,656.3886,656.18,656.18,4378.101184,656.2927,73,
2026-03-25 20:28:00,656.17,656.25,656.16,656.2,5871.39105,656.2685,60,
2026-03-25 20:29:00,656.2,656.21,656.14,656.19,24562.037687,656.1777,120,
2026-03-25 20:30:00,656.2,656.2182,656.05,656.05,14063.515086,656.1401,130,
2026-03-25 20:31:00,656.15,656.24,656.12,656.2,9001.239027,656.1651,79,
2026-03-25 20:32:00,656.2,656.27,656.16,656.27,14106.108024,656.2148,119,
2026-03-25 20:33:00,656.27,656.3,656.23,656.29,3139.011259,656.2754,40,
2026-03-25 20:34:00,656.3,656.31,656.29,656.3,4046.804774,656.4304,51,
2026-03-25 20:35:00,656.29,656.44,656.28,656.42,15801.109102,656.3409,135,
2026-03-25 20:36:00,656.3852,656.43,656.38,656.43,6156.725724,656.4769,40,
2026-03-25 20:37:00,656.4499,656.4499,656.401,656.41,2269.447304,656.5476,31,
2026-03-25 20:38:00,656.41,656.45,656.4,656.45,3604.449651,656.5273,34,
2026-03-25 20:39:00,656.46,656.47,656.4,656.4,2596.043017,656.4476,21,
2026-03-25 20:40:00,656.41,656.42,656.39,656.42,2629.18322,656.4524,23,
2026-03-25 20:41:00,656.4,656.43,656.4,656.43,1059.489241,656.716,25,
2026-03-25 20:42:00,656.39,656.39,656.3,656.35,6658.107706,656.3367,80,
2026-03-25 20:43:00,656.34,656.4,656.34,656.4,1356.270389,654.1389,35,
2026-03-25 20:44:00,656.39,656.39,656.33,656.33,4055.323552,656.4088,43,
2026-03-25 20:45:00,656.35,656.41,656.35,656.38,3679.61977,656.4651,31,
2026-03-25 20:46:00,656.3715,656.41,656.321,656.4,1639.978605,656.7415,23,
2026-03-25 20:47:00,656.41,656.43,656.3,656.38,14163.772805,656.3756,150,
2026-03-25 20:48:00,656.38,656.43,656.34,656.381,11040.855942,656.4338,247,
2026-03-25 20:49:00,656.33,656.35,656.32,656.35,4625.298648,656.3248,66,
2026-03-25 20:50:00,656.4199,656.44,656.38,656.42,3346.461506,656.3315,33,
2026-03-25 20:51:00,656.38,656.39,656.37,656.37,704.033187,656.4118,11,
2026-03-25 20:52:00,656.3741,656.39,656.3741,656.38,360.798452,657.8387,14,
2026-03-25 20:53:00,656.3843,656.44,656.38,656.44,2838.141945,656.4256,66,
2026-03-25 20:54:00,656.44,656.49,656.44,656.44,4069.500155,656.4953,59,
2026-03-25 20:55:00,656.45,656.47,656.45,656.45,1655.122547,656.5051,39,
2026-03-25 20:56:00,656.39,656.48,656.39,656.48,8686.579909,656.4721,64,
2026-03-25 20:57:00,656.49,656.49,656.42,656.48,3252.76505,656.6004,27,
2026-03-25 20:58:00,656.51,656.55,656.47,656.55,1979.010067,656.5077,41,
2026-03-25 20:59:00,656.58,656.68,656.57,656.68,1750.462273,656.7944,29,
2026-03-25 21:00:00,656.57,656.57,656.52,656.56,470.013356,656.5784,10,
2026-03-25 21:01:00,656.57,656.57,656.57,656.57,1050.241503,655.5387,8,
2026-03-25 21:02:00,656.71,656.72,656.71,656.72,282.038864,656.7903,24,
2026-03-25 21:03:00,656.74,656.74,656.74,656.74,181.031826,656.8491,12,
2026-03-25 21:04:00,656.65,656.65,656.4,656.46,5391.523418,656.5597,73,
2026-03-25 21:05:00,656.5896,656.5896,656.4,656.57,2160.344634,656.5389,32,
2026-03-25 21:08:00,656.54,656.54,656.5,656.51,437.132529,656.7105,23,
2026-03-25 21:09:00,656.43,656.49,656.42,656.49,521.046574,655.9189,25,
2026-03-25 21:11:00,656.45,656.4711,656.4,656.4711,1977.035524,656.42,23,
2026-03-25 21:12:00,656.41,656.46,656.4,656.41,1287.47856,654.7732,16,
2026-03-25 21:13:00,656.42,656.42,656.4,656.4,415.631991,657.4106,23,
2026-03-25 21:14:00,656.45,656.45,656.4,656.4,10728.231172,656.4153,47,
2026-03-25 21:15:00,656.4,656.4,656.35,656.4,1665.335519,656.5248,44,
2026-03-25 21:16:00,656.4,656.4,656.4,656.4,128.43786,658.6454,16,
2026-03-25 21:17:00,656.38,656.38,656.3,656.37,411.402512,656.9945,55,
2026-03-25 21:18:00,656.3935,656.42,656.39,656.4,2260.690779,656.6009,47,
2026-03-25 21:19:00,656.4,656.4,656.4,656.4,263.179433,656.8502,13,
2026-03-25 21:21:00,656.4198,656.4198,656.4,656.41,2069.329782,656.52,72,
2026-03-25 21:22:00,656.41,656.41,656.4,656.4002,778.045703,656.4402,17,
2026-03-25 21:23:00,656.41,656.41,656.4,656.4,1108.092944,656.4562,34,
2026-03-25 21:25:00,656.4,656.4,656.35,656.35,1314.394785,656.5837,52,
2026-03-25 21:26:00,656.381,656.39,656.35,656.35,1845.487883,656.5267,57,
2026-03-25 21:27:00,656.35,656.45,656.35,656.45,2220.58615,656.5944,39,
2026-03-25 21:28:00,656.45,656.4565,656.45,656.4565,564.114175,656.5857,26,
2026-03-25 21:29:00,656.45,656.5,656.45,656.5,5020.493289,656.5568,49,
2026-03-25 21:30:00,656.5,656.53,656.5,656.5,4426.300209,656.5496,32,
2026-03-25 21:31:00,656.5,656.5,656.5,656.5,4142.242754,656.5385,29,
2026-03-25 21:32:00,656.5,656.5,656.5,656.5,3553.644391,656.6192,30,
2026-03-25 21:33:00,656.5,656.5001,656.39,656.49,3445.117826,656.5165,29,
2026-03-25 21:34:00,656.55,656.65,656.55,656.65,20512.988879,656.6717,55,
2026-03-25 21:35:00,656.45,656.45,656.16,656.37,32417.84953,656.3198,270,
2026-03-25 21:36:00,656.42,656.42,656.18,656.18,16025.082195,656.3043,152,
2026-03-25 21:37:00,656.4,656.4,656.2,656.36,12640.812152,656.2936,151,
2026-03-25 21:38:00,656.36,656.37,656.29,656.37,2048.797239,656.6126,32,
2026-03-25 21:39:00,656.34,656.45,656.34,656.42,1310.035331,656.442,23,
2026-03-25 21:40:00,656.39,656.45,656.39,656.45,1809.391109,656.5766,26,
2026-03-25 21:41:00,656.3101,656.33,656.29,656.29,1763.592512,656.5361,19,
2026-03-25 21:42:00,656.38,656.45,656.38,656.44,1082.515381,656.7471,24,
2026-03-25 21:43:00,656.37,656.44,656.25,656.25,2895.474773,656.3958,56,
2026-03-25 21:44:00,656.27,656.27,656.21,656.21,5249.23191,656.2603,56,
2026-03-25 21:45:00,656.39,656.39,656.2203,656.2203,925.790254,656.8799,19,
2026-03-25 21:46:00,656.25,656.25,656.22,656.22,3081.738086,656.3924,30,
2026-03-25 21:47:00,656.33,656.33,656.25,656.25,1618.370118,656.4156,22,
2026-03-25 21:48:00,656.25,656.25,656.24,656.24,3673.320106,656.3066,38,
2026-03-25 21:49:00,656.25,656.25,656.19,656.19,5678.092883,656.2225,63,
2026-03-25 21:50:00,656.22,656.22,656.19,656.19,2180.444981,656.3337,62,
2026-03-25 21:51:00,656.27,656.27,656.27,656.27,319.396195,657.0855,10,
2026-03-25 21:52:00,656.23,656.27,656.21,656.26,823.386319,656.5486,26,
2026-03-25 21:53:00,656.26,656.32,656.26,656.3,2250.009343,656.3035,19,
2026-03-25 21:54:00,656.3299,656.33,656.32,656.33,2226.242644,656.4009,14,
2026-03-25 21:55:00,656.34,656.34,656.34,656.34,72.170084,657.8799,4,
2026-03-25 21:57:00,656.4,656.4,656.35,656.38,738.109298,656.4545,24,
2026-03-25 22:00:00,656.35,656.5,656.29,656.32,10748.184395,656.3512,142,
2026-03-25 22:01:00,656.37,656.37,656.15,656.15,10290.219977,656.2855,52,
2026-03-25 22:02:00,656.05,656.08,656.02,656.03,2376.228888,656.1105,52,
2026-03-25 22:03:00,656.0,656.1,655.9,655.95,6729.218174,656.0284,114,
2026-03-25 22:04:00,656.0,656.12,656.0,656.12,6515.427437,656.0963,60,
2026-03-25 22:05:00,656.13,656.14,656.0,656.001,31070.217534,656.0425,175,
2026-03-25 22:06:00,656.05,656.18,656.0,656.0,6755.102814,656.1138,47,
2026-03-25 22:07:00,656.0,656.0,655.87,655.9,3644.887553,656.0806,39,
2026-03-25 22:08:00,655.8711,655.96,655.84,655.84,2075.651958,656.0787,39,
2026-03-25 22:09:00,655.87,655.9,655.74,655.74,9091.81215,655.9305,79,
2026-03-25 22:10:00,655.77,655.96,655.77,655.96,4901.282822,655.8339,39,
2026-03-25 22:11:00,655.91,655.91,655.81,655.81,1044.108209,655.9545,24,
2026-03-25 22:12:00,655.81,655.8749,655.77,655.8749,10503.251958,655.8249,95,
2026-03-25 22:13:00,655.8,655.8,655.8,655.8,414.125047,656.0056,13,
2026-03-25 22:14:00,655.8,655.85,655.71,655.76,1449.844698,656.1685,37,
2026-03-25 22:15:00,655.8,655.8,655.75,655.75,621.196815,655.9949,22,
2026-03-25 22:16:00,655.76,655.76,655.6,655.63,5019.353409,655.6835,72,
2026-03-25 22:17:00,655.69,655.69,655.62,655.62,927.509001,656.0181,30,
2026-03-25 22:18:00,655.54,655.56,655.44,655.55,1984.664538,655.7416,71,
2026-03-25 22:20:00,655.56,655.62,655.56,655.62,2690.261153,655.6634,23,
2026-03-25 22:21:00,655.59,655.6,655.56,655.6,1433.245254,655.7042,21,
2026-03-25 22:22:00,655.63,655.63,655.57,655.57,10198.049942,655.5821,24,
2026-03-25 22:23:00,655.61,655.61,655.55,655.5744,2747.738958,655.7826,24,
2026-03-25 22:24:00,655.53,655.53,655.4,655.4,2687.060666,655.4905,45,
2026-03-25 22:25:00,655.44,655.44,655.44,655.44,154.261801,656.5652,17,
2026-03-25 22:26:00,655.44,655.46,655.44,655.46,1306.987719,655.9467,27,
2026-03-25 22:27:00,655.46,655.55,655.46,655.52,9271.714933,655.5913,49,
2026-03-25 22:28:00,655.51,655.51,655.46,655.46,310.269519,656.0728,23,
2026-03-25 22:29:00,655.48,655.48,655.42,655.42,542.078694,655.5506,16,
2026-03-25 22:30:00,655.59,655.59,655.59,655.59,415.56311,656.4767,10,
2026-03-25 22:31:00,655.57,655.57,655.57,655.57,512.139732,655.7376,29,
2026-03-25 22:32:00,655.62,655.72,655.62,655.68,1165.1341,655.7387,27,
2026-03-25 22:33:00,655.71,655.74,655.68,655.73,1963.013831,655.7184,17,
2026-03-25 22:34:00,655.71,655.72,655.63,655.67,982.213338,655.8429,16,
2026-03-25 22:35:00,655.7,655.7,655.7,655.7,57.190628,657.8935,6,
2026-03-25 22:36:00,655.7,655.73,655.7,655.73,226.228091,656.3761,7,
2026-03-25 22:37:00,655.75,655.75,655.75,655.75,97.157512,656.8174,10,
2026-03-25 22:38:00,655.76,655.76,655.75,655.75,400.561948,656.6774,19,
2026-03-25 22:39:00,655.7797,655.8,655.7218,655.8,1613.15197,655.7882,19,
2026-03-25 22:40:00,655.75,655.75,655.75,655.75,157.335485,657.1522,9,
2026-03-25 22:42:00,655.75,655.75,655.75,655.75,545.480506,656.3281,19,
2026-03-25 22:44:00,655.9,655.9,655.9,655.9,441.488194,656.599,25,
2026-03-25 22:46:00,655.83,655.83,655.83,655.83,552.082695,655.9283,12,
2026-03-25 22:48:00,655.97,656.01,655.97,656.01,648.859036,656.8654,27,
2026-03-25 22:50:00,655.94,655.94,655.93,655.93,1203.328276,656.1132,10,
2026-03-25 22:51:00,655.87,655.87,655.79,655.8479,822.165551,655.9804,22,
2026-03-25 22:52:00,655.85,655.85,655.62,655.62,2148.120843,655.7319,45,
2026-03-25 22:53:00,655.62,655.65,655.55,655.55,2962.079609,655.6,83,
2026-03-25 22:54:00,655.56,655.56,655.5,655.5,924.674421,656.0034,37,
2026-03-25 22:56:00,655.541,655.57,655.5401,655.57,479.664664,656.4655,18,
2026-03-25 22:57:00,655.6399,655.6399,655.59,655.59,162.040878,655.7769,12,
2026-03-25 22:58:00,655.66,655.66,655.55,655.55,873.862197,656.2257,26,
2026-03-25 22:59:00,655.47,655.48,655.47,655.48,719.618271,656.0409,36,
2026-03-25 23:00:00,655.54,655.76,655.54,655.73,869.180993,655.8376,30,
2026-03-25 23:01:00,655.67,655.71,655.65,655.65,1587.149538,655.7557,25,
2026-03-25 23:02:00,655.65,655.72,655.65,655.72,418.928612,657.1187,12,
2026-03-25 23:03:00,655.76,655.76,655.76,655.76,357.010109,655.7733,8,
2026-03-25 23:04:00,655.81,655.81,655.81,655.81,123.041431,656.0283,7,
2026-03-25 23:05:00,655.75,655.75,655.65,655.65,445.309845,656.1298,19,
2026-03-25 23:06:00,655.5808,655.5808,655.5808,655.5808,60.065284,656.2981,8,
2026-03-25 23:07:00,655.63,655.69,655.6211,655.6211,183.157104,656.2031,6,
2026-03-25 23:09:00,655.6,655.6,655.55,655.55,724.040514,655.6041,18,
2026-03-25 23:10:00,655.51,655.51,655.51,655.51,75.473812,659.6634,9,
2026-03-25 23:11:00,655.5261,655.539,655.5261,655.539,249.877723,657.8406,15,
2026-03-25 23:12:00,655.5,655.5,655.4291,655.44,1238.819242,655.8858,18,
2026-03-25 23:13:00,655.43,655.48,655.42,655.48,825.045767,655.4761,15,
2026-03-25 23:14:00,655.44,655.44,655.35,655.35,1007.531605,655.7406,45,
2026-03-25 23:15:00,655.34,655.4,655.3348,655.3348,1611.031004,655.3619,22,
2026-03-25 23:16:00,655.34,655.34,655.12,655.12,1687.025178,655.2458,45,
2026-03-25 23:17:00,655.1,655.1,654.97,654.97,2607.923359,655.2356,173,
2026-03-25 23:18:00,654.99,655.06,654.99,655.0,887.161672,655.1517,19,
2026-03-25 23:19:00,655.08,655.09,655.08,655.09,367.601914,656.1588,18,
2026-03-25 23:20:00,655.07,655.07,655.07,655.07,151.838159,658.7157,16,
2026-03-25 23:21:00,655.09,655.14,655.09,655.14,233.009852,655.1518,18,
2026-03-25 23:22:00,655.07,655.07,655.0048,655.02,1597.453723,655.2358,33,
2026-03-25 23:23:00,655.1472,655.1472,655.12,655.12,392.010089,655.141,9,
2026-03-25 23:24:00,655.11,655.11,655.09,655.09,124.902209,659.8731,13,
2026-03-25 23:25:00,655.1,655.12,655.1,655.12,773.183832,655.2588,12,
2026-03-25 23:26:00,655.13,655.22,655.12,655.22,1109.043223,655.2273,20,
2026-03-25 23:27:00,655.24,655.24,655.19,655.23,1461.33676,655.3847,13,
2026-03-25 23:28:00,655.24,655.24,655.24,655.24,446.430713,655.8822,25,
2026-03-25 23:29:00,655.25,655.25,655.17,655.21,1412.533584,655.4296,23,
2026-03-25 23:30:00,655.18,655.18,655.18,655.18,124.068744,655.5372,13,
2026-03-25 23:31:00,655.1779,655.1779,655.1779,655.1779,517.615242,655.9575,10,
2026-03-25 23:32:00,655.21,655.21,655.13,655.14,823.196083,655.3002,34,
2026-03-25 23:33:00,655.08,655.19,655.05,655.18,1220.14618,655.2391,39,
2026-03-25 23:34:00,655.05,655.05,655.0,655.01,1057.011616,655.0268,14,
2026-03-25 23:35:00,655.11,655.11,655.1,655.1,150.167528,655.8411,16,
2026-03-25 23:36:00,655.16,655.18,655.14,655.14,218.103375,655.4723,11,
2026-03-25 23:37:00,655.13,655.13,655.08,655.08,1100.181049,655.2024,15,
2026-03-25 23:38:00,655.0,655.0316,655.0,655.0316,133.009204,655.0623,17,
2026-03-25 23:39:00,655.1,655.1,655.1,655.1,110.590128,658.5977,13,
2026-03-25 23:41:00,655.19,655.26,655.19,655.25,942.915789,655.8517,19,
2026-03-25 23:42:00,655.22,655.22,655.11,655.11,269.024676,655.2225,14,
2026-03-25 23:43:00,655.0913,655.0913,655.02,655.02,521.017707,655.0819,19,
2026-03-25 23:44:00,655.01,655.01,654.82,654.86,3343.719984,655.0272,82,
2026-03-25 23:45:00,654.81,654.8499,654.71,654.73,4793.291132,654.8167,125,
2026-03-25 23:46:00,654.76,655.0,654.76,655.0,2858.093922,654.8898,35,
2026-03-25 23:47:00,655.04,655.12,655.04,655.12,1947.885775,655.3759,36,
2026-03-25 23:48:00,655.24,655.3,655.24,655.3,784.051961,655.3104,32,
2026-03-25 23:49:00,655.32,655.38,655.28,655.3,1830.506575,655.4905,27,
2026-03-25 23:50:00,655.23,655.23,655.21,655.23,415.16428,655.4816,20,
2026-03-25 23:51:00,655.23,655.23,655.2,655.2,417.031441,655.27,18,
2026-03-25 23:52:00,655.23,655.3895,655.23,655.3895,2195.059837,655.3188,39,
2026-03-25 23:53:00,655.4,655.4,655.38,655.38,537.122061,655.5468,11,
2026-03-25 23:54:00,655.39,655.4581,655.39,655.4581,1347.136599,655.4881,32,
2026-03-25 23:55:00,655.39,655.39,655.31,655.32,565.116402,655.4848,22,
2026-03-25 23:56:00,655.37,655.6395,655.37,655.63,1832.26835,655.6926,35,
2026-03-25 23:57:00,655.6,655.61,655.56,655.56,822.456245,655.958,17,
2026-03-25 23:58:00,655.61,655.61,655.47,655.4704,2223.605282,655.7413,24,
2026-03-25 23:59:00,655.54,655.59,655.39,655.41,29046.129367,655.4414,142,
2026-03-26 08:00:00,654.18,654.3,654.18,654.28,457.0,654.2604,28,
2026-03-26 08:01:00,654.37,654.51,654.3,654.51,1770.0,654.3559,30,
2026-03-26 08:02:00,654.35,654.35,654.35,654.35,415.0,654.328,15,
2026-03-26 08:03:00,654.16,654.22,654.16,654.22,301.0,654.1986,9,
2026-03-26 08:04:00,654.4,654.4,654.4,654.4,142.0,654.3552,9,
2026-03-26 08:06:00,654.5,654.62,654.5,654.61,1957.0,654.5867,37,
2026-03-26 08:07:00,654.6,654.85,654.6,654.8,363.0,654.7598,11,
2026-03-26 08:08:00,654.7,654.7,654.68,654.68,321.0,654.6884,9,
2026-03-26 08:09:00,654.55,654.55,654.25,654.33,1525.0,654.3089,27,
2026-03-26 08:10:00,654.32,654.32,654.18,654.22,384.0,654.2398,10,
2026-03-26 08:11:00,654.15,654.26,654.13,654.17,954.0,654.1792,18,
2026-03-26 08:12:00,654.15,654.17,653.98,653.99,6320.0,654.0036,44,
2026-03-26 08:13:00,653.99,653.99,653.5,653.53,6854.0,653.8599,49,
2026-03-26 08:14:00,653.3,653.3,653.15,653.19,2346.0,653.21,53,
2026-03-26 08:15:00,653.41,653.41,653.24,653.24,12839.0,653.3031,66,
2026-03-26 08:16:00,653.34,653.38,653.34,653.38,238.0,653.3542,13,
2026-03-26 08:17:00,653.55,653.67,653.55,653.65,606.0,653.6121,11,
2026-03-26 08:18:00,653.27,653.4,653.17,653.4,1300.0,653.2426,22,
2026-03-26 08:19:00,653.22,653.3,653.0,653.0,10347.0,653.0072,43,
2026-03-26 08:21:00,653.24,653.24,653.21,653.23,1276.0,653.2278,19,
2026-03-26 08:22:00,653.27,653.28,653.08,653.13,580.0,653.2142,10,
2026-03-26 08:23:00,653.28,653.43,653.28,653.43,212.0,653.3468,6,
2026-03-26 08:24:00,653.28,653.28,653.22,653.23,2276.0,653.2313,41,
2026-03-26 08:25:00,653.15,653.15,653.14,653.14,322.0,653.1432,10,
2026-03-26 08:26:00,653.37,653.43,653.34,653.34,805.0,653.3857,14,
2026-03-26 08:27:00,653.28,653.33,653.23,653.28,1597.0,653.2613,25,
2026-03-26 08:28:00,653.34,653.34,653.2,653.2,623.0,653.3169,7,
2026-03-26 08:29:00,652.98,652.98,652.91,652.92,1044.0,652.9347,31,
2026-03-26 08:30:00,652.74,652.87,652.74,652.87,1065.0,652.7836,15,
2026-03-26 08:31:00,653.04,653.04,653.01,653.01,231.0,652.9827,5,
2026-03-26 08:32:00,653.01,653.16,653.01,653.15,706.0,653.1266,11,
2026-03-26 08:34:00,653.2,653.2,653.14,653.14,1117.0,653.1528,16,
2026-03-26 08:35:00,653.15,653.15,653.15,653.15,153.0,653.1931,3,
2026-03-26 08:36:00,653.11,653.11,653.1,653.1,169.0,653.1024,4,
2026-03-26 08:37:00,653.1,653.1,652.75,652.77,1059.0,652.9426,28,
2026-03-26 08:38:00,652.89,652.9,652.79,652.82,725.0,652.8584,10,
2026-03-26 08:39:00,652.91,652.98,652.84,652.88,1543.0,652.9089,28,
2026-03-26 08:40:00,653.17,653.17,653.17,653.17,204.0,653.0232,14,
2026-03-26 08:41:00,653.22,653.22,653.12,653.12,806.0,653.1548,17,
2026-03-26 08:42:00,653.02,653.02,652.98,652.98,308.0,652.9985,9,
2026-03-26 08:43:00,652.91,652.92,652.53,652.53,2727.0,652.6905,66,
2026-03-26 08:44:00,652.52,652.53,652.25,652.3,5092.0,652.3792,69,
2026-03-26 08:45:00,652.29,652.34,652.24,652.33,592.0,652.3021,13,
2026-03-26 08:46:00,652.49,652.53,652.45,652.49,2011.0,652.4842,28,
2026-03-26 08:47:00,652.55,652.73,652.43,652.43,628.0,652.6323,16,
2026-03-26 08:48:00,652.3,652.33,652.05,652.08,4078.0,652.1663,72,
2026-03-26 08:49:00,652.08,652.14,652.03,652.11,1609.0,652.0736,28,
2026-03-26 08:50:00,652.25,652.33,652.25,652.33,110.0,652.3009,4,
2026-03-26 08:51:00,652.47,652.56,652.45,652.45,910.0,652.5071,24,
2026-03-26 08:52:00,652.44,652.44,652.38,652.38,301.0,652.4131,6,
2026-03-26 08:53:00,652.46,652.62,652.46,652.62,924.0,652.5113,20,
2026-03-26 08:54:00,652.65,652.68,652.57,652.57,262.0,652.63,8,
2026-03-26 08:55:00,652.5,652.91,652.5,652.91,1613.0,652.7404,28,
2026-03-26 08:56:00,652.87,653.07,652.84,653.07,1186.0,652.9342,32,
2026-03-26 08:57:00,653.02,653.02,652.96,652.97,623.0,652.9828,12,
2026-03-26 08:58:00,652.9,652.98,652.83,652.86,2102.0,652.8781,31,
2026-03-26 08:59:00,652.87,652.88,652.82,652.84,1679.0,652.8516,27,
2026-03-26 09:00:00,652.95,652.95,652.3,652.32,4375.0,652.6868,70,
2026-03-26 09:01:00,652.28,652.37,652.18,652.26,2352.0,652.2643,43,
2026-03-26 09:02:00,652.36,652.48,652.34,652.43,920.0,652.4094,18,
2026-03-26 09:03:00,652.44,652.44,652.0,652.0,2598.0,652.1099,70,
2026-03-26 09:04:00,652.28,652.52,652.28,652.5,1293.0,652.4448,38,
2026-03-26 09:05:00,652.51,652.93,652.51,652.93,7290.0,652.7391,66,
2026-03-26 09:06:00,652.85,652.85,652.69,652.83,536.0,652.7918,16,
2026-03-26 09:07:00,652.82,652.82,652.71,652.78,1503.0,652.7714,15,
2026-03-26 09:08:00,652.87,652.87,652.37,652.38,1893.0,652.6354,24,
2026-03-26 09:09:00,652.38,652.38,652.34,652.38,791.0,652.3542,8,
2026-03-26 09:10:00,652.59,652.84,652.59,652.84,2310.0,652.6368,13,
2026-03-26 09:11:00,653.0,653.0,652.83,652.84,2765.0,652.9435,28,
2026-03-26 09:12:00,652.63,652.63,652.38,652.38,2941.0,652.5876,38,
2026-03-26 09:13:00,652.5,652.5,652.28,652.35,3438.0,652.3635,61,
2026-03-26 09:14:00,652.43,652.55,652.28,652.28,780.0,652.437,22,
2026-03-26 09:15:00,652.28,652.3,652.19,652.19,1007.0,652.2512,21,
2026-03-26 09:16:00,652.27,652.28,652.18,652.21,1478.0,652.2254,33,
2026-03-26 09:17:00,652.11,652.31,652.11,652.28,548.0,652.2617,15,
2026-03-26 09:18:00,652.15,652.19,652.1,652.1,718.0,652.1513,23,
2026-03-26 09:19:00,652.15,652.15,652.15,652.15,252.0,652.1499,3,
2026-03-26 09:20:00,652.31,652.31,652.31,652.31,142.0,652.3071,7,
2026-03-26 09:21:00,652.22,652.3,652.21,652.3,2883.0,652.2261,16,
2026-03-26 09:22:00,652.18,652.28,652.18,652.23,1224.0,652.211,20,
2026-03-26 09:23:00,652.0,652.0,651.91,651.91,828.0,651.9814,23,
2026-03-26 09:25:00,651.87,652.0,651.87,652.0,532.0,651.9158,13,
2026-03-26 09:26:00,651.93,651.95,651.8,651.95,955.0,651.8269,22,
2026-03-26 09:27:00,651.95,652.0,651.94,652.0,446.0,651.9603,11,
2026-03-26 09:28:00,652.08,652.08,652.04,652.04,1129.0,652.0373,9,
2026-03-26 09:29:00,651.78,651.83,651.66,651.68,4374.0,651.69,58,
2026-03-26 09:30:00,651.75,651.75,650.87,651.12,7679.0,651.1753,193,
2026-03-26 09:31:00,650.95,651.1,650.88,651.1,9988.0,650.9858,124,
2026-03-26 09:32:00,651.1,651.17,650.9,650.9,4488.0,651.0792,63,
2026-03-26 09:33:00,651.27,651.27,650.99,651.08,2545.0,651.0874,66,
2026-03-26 09:34:00,651.27,651.33,651.13,651.13,1715.0,651.2536,47,
2026-03-26 09:35:00,651.1,651.13,651.1,651.12,557.0,651.1257,10,
2026-03-26 09:36:00,651.26,651.26,651.05,651.17,1463.0,651.131,31,
2026-03-26 09:37:00,651.33,651.34,651.22,651.22,1545.0,651.2798,25,
2026-03-26 09:38:00,651.3,651.32,651.27,651.27,2356.0,651.2986,24,
2026-03-26 09:39:00,651.17,651.17,651.17,651.17,400.0,651.1825,10,
2026-03-26 09:40:00,651.32,651.44,651.28,651.31,4016.0,651.3383,57,
2026-03-26 09:41:00,651.26,651.3,651.24,651.27,770.0,651.2712,22,
2026-03-26 09:42:00,651.4,651.47,651.28,651.47,405.0,651.3417,11,
2026-03-26 09:43:00,651.49,651.62,651.4,651.4,991.0,651.4665,23,
2026-03-26 09:44:00,651.4,651.58,651.35,651.48,9201.0,651.4526,87,
2026-03-26 09:45:00,651.52,651.56,651.29,651.4,2101.0,651.5067,24,
2026-03-26 09:46:00,651.32,651.32,651.2,651.25,595.0,651.2608,21,
2026-03-26 09:47:00,651.32,651.67,651.32,651.43,1710.0,651.4495,25,
2026-03-26 09:48:00,651.3,651.45,651.3,651.39,15443.0,651.3904,45,
2026-03-26 09:49:00,651.25,651.28,651.21,651.23,950.0,651.257,16,
2026-03-26 09:50:00,651.28,651.62,651.23,651.49,676.0,651.4321,21,
2026-03-26 09:51:00,651.64,651.69,651.64,651.69,1089.0,651.6617,26,
2026-03-26 09:52:00,651.75,651.86,651.75,651.8,874.0,651.8146,14,
2026-03-26 09:53:00,651.63,651.63,651.61,651.61,279.0,651.6246,14,
2026-03-26 09:54:00,651.63,651.74,651.63,651.74,243.0,651.6877,10,
2026-03-26 09:55:00,651.72,651.72,651.71,651.72,265.0,651.8213,41,
2026-03-26 09:56:00,651.93,651.93,651.88,651.88,610.0,651.919,10,
2026-03-26 09:57:00,651.91,651.92,651.91,651.92,328.0,651.9123,12,
2026-03-26 09:58:00,651.99,652.0,651.94,651.94,446.0,651.9624,10,
2026-03-26 09:59:00,651.88,651.89,651.8,651.8,580.0,651.866,13,
2026-03-26 10:00:00,651.68,651.68,651.57,651.57,677.0,651.6291,13,
2026-03-26 10:01:00,651.56,651.56,651.38,651.53,935.0,651.5067,16,
2026-03-26 10:02:00,651.69,651.7,651.69,651.7,669.0,651.6901,9,
2026-03-26 10:03:00,651.7,651.7,651.7,651.7,1016.0,651.7002,36,
2026-03-26 10:04:00,651.73,652.07,651.62,651.96,16911.0,651.9819,102,
2026-03-26 10:05:00,651.94,652.65,651.94,652.65,4187.0,652.3677,87,
2026-03-26 10:06:00,652.46,652.46,652.27,652.33,5556.0,652.2983,66,
2026-03-26 10:07:00,652.18,652.21,652.16,652.16,1793.0,652.1931,13,
2026-03-26 10:08:00,652.28,652.29,652.16,652.16,2574.0,652.2176,25,
2026-03-26 10:09:00,652.18,652.41,652.18,652.41,2672.0,652.3343,37,
2026-03-26 10:10:00,652.39,652.4,652.39,652.4,384.0,652.3954,11,
2026-03-26 10:11:00,652.35,652.38,652.35,652.35,670.0,652.3657,10,
2026-03-26 10:12:00,652.39,652.4,652.21,652.25,5306.0,652.3322,56,
2026-03-26 10:13:00,652.36,652.36,652.36,652.36,89.0,652.3483,4,
2026-03-26 10:14:00,652.39,652.39,652.34,652.35,825.0,652.3488,14,
2026-03-26 10:15:00,652.5,652.63,652.5,652.61,862.0,652.5634,24,
2026-03-26 10:16:00,652.65,652.74,652.54,652.74,5438.0,652.5687,37,
2026-03-26 10:17:00,652.59,652.59,652.46,652.46,469.0,652.4993,14,
2026-03-26 10:18:00,652.27,652.31,652.19,652.19,322.0,652.2472,11,
2026-03-26 10:19:00,652.29,652.33,652.29,652.33,630.0,652.2889,8,
2026-03-26 10:20:00,652.26,652.37,652.2,652.37,1426.0,652.2579,21,
2026-03-26 10:21:00,652.28,652.39,652.28,652.39,550.0,652.3609,16,
2026-03-26 10:23:00,652.5,652.5,652.34,652.34,543.0,652.4584,11,
2026-03-26 10:25:00,652.36,652.39,652.36,652.38,607.0,652.3932,18,
2026-03-26 10:27:00,652.54,652.54,652.54,652.54,182.0,652.5162,5,
2026-03-26 10:28:00,652.58,652.72,652.58,652.72,2542.0,652.6496,37,
2026-03-26 10:29:00,652.77,652.82,652.75,652.78,4509.0,652.787,69,
2026-03-26 10:30:00,652.72,652.72,652.57,652.57,2145.0,652.6055,30,
2026-03-26 10:32:00,652.75,652.76,652.72,652.75,10806.0,652.7481,43,
2026-03-26 10:33:00,652.85,652.85,652.82,652.85,11503.0,652.8481,106,
2026-03-26 10:34:00,652.8,652.8,652.79,652.8,11112.0,652.7989,58,
2026-03-26 10:35:00,652.8,652.82,652.74,652.75,10692.0,652.7675,81,
2026-03-26 10:36:00,652.76,652.77,652.7,652.7,4488.0,652.7538,41,
2026-03-26 10:37:00,652.73,652.73,652.63,652.64,565.0,652.6701,22,
2026-03-26 10:38:00,652.66,652.71,652.61,652.61,4924.0,652.6786,44,
2026-03-26 10:39:00,652.52,652.56,651.66,652.06,37871.0,652.1354,480,
2026-03-26 10:40:00,651.97,652.32,651.79,652.1,33615.0,652.0569,365,
2026-03-26 10:41:00,652.2,652.22,652.09,652.22,4248.0,652.1934,72,
2026-03-26 10:42:00,652.24,652.24,651.92,651.92,3954.0,652.0518,60,
2026-03-26 10:43:00,652.0,652.02,651.85,651.85,7859.0,652.0032,97,
2026-03-26 10:44:00,651.96,652.04,651.91,652.0,7705.0,651.979,86,
2026-03-26 10:45:00,651.87,652.17,651.87,652.17,4571.0,652.0266,49,
2026-03-26 10:46:00,652.12,652.18,651.96,652.0,3099.0,652.1109,53,
2026-03-26 10:47:00,652.04,652.04,651.83,651.92,3772.0,651.8843,60,
2026-03-26 10:48:00,651.96,652.04,651.96,652.04,758.0,652.0289,11,
2026-03-26 10:49:00,652.03,652.06,652.03,652.05,3916.0,652.0541,51,
2026-03-26 10:50:00,652.07,652.09,652.0,652.05,655.0,652.0431,18,
2026-03-26 10:51:00,652.06,652.12,652.06,652.12,637.0,652.0919,22,
2026-03-26 10:52:00,652.12,652.39,652.02,652.36,3937.0,652.2832,62,
2026-03-26 10:53:00,652.25,652.25,652.18,652.22,537.0,652.211,18,
2026-03-26 10:54:00,652.15,652.15,652.0,652.02,601.0,652.0409,15,
2026-03-26 10:55:00,652.06,652.09,652.06,652.08,709.0,652.068,9,
2026-03-26 10:56:00,652.26,652.26,652.23,652.23,567.0,652.2493,9,
2026-03-26 10:57:00,652.16,652.26,652.16,652.26,927.0,652.2012,18,
2026-03-26 10:58:00,652.14,652.19,652.08,652.13,516.0,652.1374,10,
2026-03-26 10:59:00,652.13,652.23,652.13,652.18,898.0,652.1696,16,
2026-03-26 11:00:00,652.19,652.32,652.04,652.15,6600.0,652.2093,203,
2026-03-26 11:01:00,652.15,652.15,651.88,651.96,4910.0,652.0509,104,
2026-03-26 11:02:00,651.93,652.13,651.89,652.13,1165.0,651.9831,27,
2026-03-26 11:03:00,652.08,652.3,652.04,652.29,16610.0,652.2782,65,
2026-03-26 11:04:00,652.3,652.45,652.28,652.42,5635.0,652.3371,76,
2026-03-26 11:05:00,652.25,652.56,652.25,652.56,7635.0,652.4252,94,
2026-03-26 11:06:00,652.53,652.53,652.03,652.03,1567.0,652.3233,48,
2026-03-26 11:07:00,652.059,652.25,652.059,652.2,1288.0,652.2,27,
2026-03-26 11:08:00,652.34,652.42,652.34,652.41,1173.0,652.3758,19,
2026-03-26 11:09:00,652.5,652.51,652.48,652.49,30793.0,652.4997,171,
2026-03-26 11:10:00,652.52,652.52,652.37,652.37,1325.0,652.4574,30,
2026-03-26 11:11:00,652.17,652.24,652.09,652.22,6687.0,652.2085,92,
2026-03-26 11:12:00,652.3,652.3,652.2,652.2,902.0,652.2775,32,
2026-03-26 11:13:00,652.19,652.19,652.13,652.19,571.0,652.1777,19,
2026-03-26 11:14:00,652.08,652.17,652.08,652.17,558.0,652.1079,13,
2026-03-26 11:15:00,652.15,652.24,652.12,652.21,1916.0,652.1859,29,
2026-03-26 11:16:00,652.1,652.13,652.1,652.13,655.0,652.1075,18,
2026-03-26 11:17:00,652.13,652.2,652.06,652.1,30097.0,652.0886,219,
2026-03-26 11:18:00,652.061,652.21,652.06,652.21,15088.0,652.0948,82,
2026-03-26 11:19:00,652.28,652.28,652.17,652.18,1012.0,652.201,25,
2026-03-26 11:20:00,652.15,652.15,651.92,651.92,2978.0,652.0259,76,
2026-03-26 11:21:00,652.03,652.22,652.03,652.09,1287.0,652.1458,14,
2026-03-26 11:22:00,652.1,652.1,652.0,652.0,1632.0,652.0306,16,
2026-03-26 11:23:00,652.0,652.0,651.96,651.96,272.0,651.9801,8,
2026-03-26 11:24:00,651.9,652.02,651.9,652.0,789.0,651.9326,16,
2026-03-26 11:25:00,651.97,651.97,651.7,651.75,3670.0,651.7984,88,
2026-03-26 11:26:00,651.77,651.84,651.29,651.38,21196.0,651.6479,243,
2026-03-26 11:27:00,651.33,651.67,651.3,651.67,2820.0,651.4422,59,
2026-03-26 11:28:00,651.65,651.82,651.65,651.7,3876.0,651.7131,46,
2026-03-26 11:29:00,651.68,651.73,651.59,651.59,1192.0,651.655,21,
2026-03-26 11:30:00,651.61,651.78,651.51,651.51,5563.0,651.6586,95,
2026-03-26 11:31:00,651.55,651.55,651.21,651.34,19186.0,651.301,233,
2026-03-26 11:32:00,651.41,651.58,651.38,651.52,7606.0,651.4773,66,
2026-03-26 11:33:00,651.55,651.58,651.52,651.55,764.0,651.5595,13,
2026-03-26 11:34:00,651.64,651.64,651.53,651.53,395.0,651.6196,14,
2026-03-26 11:35:00,651.58,651.67,651.5,651.5,537.0,651.5764,22,
2026-03-26 11:36:00,651.45,651.45,651.29,651.329,2071.0,651.3978,65,
2026-03-26 11:37:00,651.41,651.45,651.41,651.45,257.0,651.4424,11,
2026-03-26 11:38:00,651.45,651.45,651.42,651.42,507.0,651.4401,10,
2026-03-26 11:39:00,651.4,651.51,651.4,651.5,494.0,651.4992,34,
2026-03-26 11:40:00,651.6,651.6,651.551,651.551,530.0,651.5717,28,
2026-03-26 11:41:00,651.52,651.52,651.49,651.49,922.0,651.5127,50,
2026-03-26 11:42:00,651.49,651.49,651.33,651.35,717.0,651.3899,30,
2026-03-26 11:43:00,651.3,651.31,651.15,651.17,15787.0,651.2515,132,
2026-03-26 11:45:00,651.3,651.45,651.3,651.45,473.0,651.3726,37,
2026-03-26 11:46:00,651.4,651.4,651.29,651.29,300.0,651.3749,16,
2026-03-26 11:48:00,651.33,651.45,651.28,651.45,2704.0,651.4141,28,
2026-03-26 11:49:00,651.35,651.35,651.08,651.1,4375.0,651.1922,74,
2026-03-26 11:50:00,651.12,651.16,651.0,651.05,9117.0,651.0721,134,
2026-03-26 11:51:00,651.08,651.23,651.0,651.2,4982.0,651.0679,49,
2026-03-26 11:52:00,651.21,651.21,651.07,651.15,692.0,651.1025,10,
2026-03-26 11:53:00,651.13,651.3,651.1,651.2,1067.0,651.1806,13,
2026-03-26 11:54:00,651.3,651.48,651.3,651.35,12636.0,651.3581,112,
2026-03-26 11:55:00,651.25,651.28,651.23,651.28,465.0,651.2602,19,
2026-03-26 11:56:00,651.25,651.33,650.99,651.0,39510.0,651.1291,257,
2026-03-26 11:57:00,651.01,651.05,650.97,650.99,1611.0,651.0083,51,
2026-03-26 11:58:00,650.96,650.96,650.81,650.82,5878.0,650.8814,65,
2026-03-26 11:59:00,650.8,650.8,650.61,650.63,21373.0,650.7066,223,
2026-03-26 12:00:00,652.35,654.68,650.46,650.46,117333.396377,651.9102,4346,
2026-03-26 12:01:00,650.4791,656.6,650.37,654.64,31357.19911,652.7874,1018,
2026-03-26 12:02:00,654.8,654.9,650.3,650.31,56124.308748,653.5627,1498,
2026-03-26 12:03:00,650.28,650.43,650.16,650.43,5965.511218,650.3656,146,
2026-03-26 12:04:00,650.43,650.67,650.43,650.62,4105.921803,650.7032,103,
2026-03-26 12:05:00,650.61,654.25,650.59,650.68,5712.494438,651.431,165,
2026-03-26 12:06:00,650.71,650.99,650.69,650.98,49608.097199,650.8338,492,
2026-03-26 12:07:00,650.98,651.26,650.95,651.22,23376.875595,651.0332,158,
2026-03-26 12:08:00,651.25,651.5,651.1517,651.38,20910.652332,651.448,223,
2026-03-26 12:09:00,651.41,651.47,651.34,651.45,10716.037736,651.4496,147,
2026-03-26 12:10:00,651.46,651.67,651.4,651.56,14886.740831,651.5554,272,
2026-03-26 12:11:00,651.61,651.83,651.5947,651.82,4854.616877,651.8003,123,
2026-03-26 12:12:00,651.81,651.88,651.7624,651.86,13893.652846,651.8694,181,
2026-03-26 12:13:00,651.84,651.96,651.75,651.9401,29698.312678,651.8796,245,
2026-03-26 12:14:00,651.94,652.0,651.83,651.84,12965.722783,652.0065,166,
2026-03-26 12:15:00,651.8,652.0,651.7987,652.0,8519.051353,651.9789,78,
2026-03-26 12:16:00,651.91,652.04,651.9,652.01,10474.737078,652.0247,94,
2026-03-26 12:17:00,651.95,652.05,651.93,652.02,9915.137726,651.9862,118,
2026-03-26 12:18:00,651.96,652.04,651.81,651.82,13693.60906,651.9809,220,
2026-03-26 12:19:00,651.81,651.85,651.64,651.7,4685.325674,651.7817,99,
2026-03-26 12:20:00,651.72,651.76,651.59,651.75,6305.887866,651.8049,93,
2026-03-26 12:21:00,651.75,651.78,651.65,651.65,12649.957669,651.7466,69,
2026-03-26 12:22:00,651.75,651.83,651.74,651.82,2597.688007,651.9669,46,
2026-03-26 12:23:00,651.8,651.84,651.73,651.84,13690.568185,651.8422,49,
2026-03-26 12:24:00,651.78,651.8,651.5785,651.5785,13381.484847,651.7927,150,
2026-03-26 12:25:00,651.62,651.69,651.58,651.58,2228.033475,651.6444,61,
2026-03-26 12:26:00,651.58,651.7,651.56,651.7,12650.487419,651.6798,165,
2026-03-26 12:27:00,651.64,651.66,651.5,651.56,6085.740715,651.6316,76,
2026-03-26 12:28:00,651.55,651.66,651.53,651.66,1665.615747,651.8235,46,
2026-03-26 12:29:00,651.7,651.72,651.5,651.59,4908.74236,651.7324,95,
2026-03-26 12:30:00,651.58,651.58,651.17,651.19,20380.536021,651.4117,278,
2026-03-26 12:31:00,651.21,651.26,651.05,651.1837,10176.316348,651.1538,171,
2026-03-26 12:32:00,651.17,651.18,650.99,651.1,5156.101604,651.0886,164,
2026-03-26 12:33:00,651.14,651.19,650.64,650.81,24780.204496,650.8126,239,
2026-03-26 12:34:00,650.82,650.87,650.65,650.65,27658.283089,650.7957,282,
2026-03-26 12:35:00,650.65,650.65,650.28,650.3781,26079.739227,650.4938,352,
2026-03-26 12:36:00,650.38,650.64,650.38,650.63,8164.462068,650.5676,173,
2026-03-26 12:37:00,650.68,650.79,650.44,650.74,14985.08561,650.5735,185,
2026-03-26 12:38:00,650.77,650.9,650.69,650.9,11989.369227,650.8206,172,
2026-03-26 12:39:00,650.9,650.9,650.7,650.9,3863.397178,650.8766,97,
2026-03-26 12:40:00,650.89,651.0,650.69,650.7203,6600.511473,650.9414,113,
2026-03-26 12:41:00,650.79,650.83,650.525,650.59,3766.554354,650.8257,113,
2026-03-26 12:42:00,650.61,650.75,650.58,650.75,15646.678543,650.7155,230,
2026-03-26 12:43:00,650.77,650.84,650.71,650.7858,7560.950011,650.8349,107,
2026-03-26 12:44:00,650.74,650.86,650.63,650.77,19957.216994,650.7156,230,
2026-03-26 12:45:00,650.8,651.05,650.75,650.95,5222.344826,651.008,158,
2026-03-26 12:46:00,651.02,651.31,651.02,651.21,14968.505685,651.2288,215,
2026-03-26 12:47:00,651.21,651.3,651.06,651.06,4057.748759,651.4334,108,
2026-03-26 12:48:00,651.05,651.17,651.0,651.08,17997.208108,651.1236,179,
2026-03-26 12:49:00,651.05,651.1,650.87,651.0039,4852.525284,651.1002,141,
2026-03-26 12:50:00,650.98,651.1722,650.95,651.17,2912.396381,651.1718,97,
2026-03-26 12:51:00,651.19,651.24,651.1,651.18,3483.177473,651.2184,101,
2026-03-26 12:52:00,651.18,651.29,651.17,651.17,4364.512451,651.3166,100,
2026-03-26 12:53:00,651.14,651.2,651.01,651.01,2780.578012,651.2284,85,
2026-03-26 12:54:00,650.97,651.0787,650.9052,651.0787,7999.795143,651.0575,171,
2026-03-26 12:55:00,651.02,651.33,651.02,651.32,3168.196058,651.1943,109,
2026-03-26 12:56:00,651.3,651.3,651.03,651.15,15487.40219,651.226,243,
2026-03-26 12:57:00,651.16,651.39,651.15,651.3,4186.332221,651.3419,127,
2026-03-26 12:58:00,651.3,651.3,651.17,651.27,6072.98132,651.3284,125,
2026-03-26 12:59:00,651.24,651.42,651.24,651.39,7216.197723,651.3852,153,
2026-03-26 13:00:00,651.36,651.73,651.35,651.67,16889.053502,651.5548,313,
2026-03-26 13:01:00,651.66,651.77,651.55,651.64,18782.339656,651.7277,269,
2026-03-26 13:02:00,651.69,651.69,651.36,651.46,7775.11165,651.5796,156,
2026-03-26 13:03:00,651.36,651.57,651.3083,651.57,5176.752038,651.4611,139,
2026-03-26 13:04:00,651.55,651.73,651.5,651.54,8528.100009,651.6711,166,
2026-03-26 13:05:00,651.52,651.56,651.4002,651.4991,4045.979875,651.6551,159,
2026-03-26 13:06:00,651.5,651.51,651.31,651.35,5468.420351,651.435,133,
2026-03-26 13:07:00,651.35,651.52,651.33,651.43,3479.68261,651.5545,106,
2026-03-26 13:08:00,651.52,651.6,651.42,651.6,3866.336129,651.5786,140,
2026-03-26 13:09:00,651.58,651.6,651.55,651.5639,1746.733811,651.8406,80,
2026-03-26 13:10:00,651.55,651.55,651.3884,651.44,2996.051621,651.4841,104,
2026-03-26 13:11:00,651.48,651.55,651.43,651.55,2622.099564,651.508,114,
2026-03-26 13:12:00,651.54,651.66,651.46,651.58,28781.915182,651.5685,310,
2026-03-26 13:13:00,651.6,652.0,651.6,652.0,22973.88323,651.9642,296,
2026-03-26 13:14:00,651.98,652.02,651.71,651.73,12949.961694,651.9489,212,
2026-03-26 13:15:00,651.69,651.92,651.53,651.87,22659.597298,651.7159,269,
2026-03-26 13:16:00,651.87,652.02,651.85,651.93,11236.034471,651.9665,230,
2026-03-26 13:17:00,651.97,652.32,651.97,652.21,29579.830038,652.1623,382,
2026-03-26 13:18:00,652.22,652.26,652.1,652.23,6302.62108,652.247,152,
2026-03-26 13:19:00,652.18,652.18,651.98,651.98,10588.148784,652.0524,242,
2026-03-26 13:20:00,652.02,652.1204,651.95,651.95,4835.394842,652.0987,142,
2026-03-26 13:21:00,651.91,651.94,651.82,651.89,3854.72278,651.9948,99,
2026-03-26 13:22:00,651.9,651.95,651.8185,651.8185,4292.348682,651.9389,109,
2026-03-26 13:23:00,651.84,651.95,651.82,651.95,12785.180732,651.901,168,
2026-03-26 13:24:00,651.95,651.95,651.61,651.72,30433.053623,651.7934,279,
2026-03-26 13:25:00,651.72,651.89,651.54,651.89,35475.136208,651.6847,306,
2026-03-26 13:26:00,651.93,651.94,651.62,651.68,10706.855512,651.7879,98,
2026-03-26 13:27:00,651.7,651.8269,651.69,651.76,19776.733637,651.7869,133,
2026-03-26 13:28:00,651.76,651.84,651.72,651.83,7102.824105,651.8687,102,
2026-03-26 13:29:00,651.8608,652.18,651.77,652.05,42930.046794,651.8938,338,
2026-03-26 13:30:00,652.06,652.08,651.27,651.6,651511.217544,651.7008,10290,
2026-03-26 13:31:00,651.59,651.9099,651.54,651.76,341910.396302,651.6991,4992,
2026-03-26 13:32:00,651.77,652.12,651.03,651.28,494740.603874,651.5272,8228,
2026-03-26 13:33:00,651.28,651.35,651.02,651.265,360834.24448,651.1938,5254,
2026-03-26 13:34:00,651.26,651.65,651.17,651.63,365760.996355,651.3767,5783,
2026-03-26 13:35:00,651.63,651.69,651.05,651.15,387106.937479,651.3367,6609,
2026-03-26 13:36:00,651.16,651.43,651.01,651.29,291339.353613,651.2069,5480,
2026-03-26 13:37:00,651.27,651.74,651.27,651.65,222757.143514,651.5633,3910,
2026-03-26 13:38:00,651.66,651.66,651.22,651.29,236992.179866,651.4094,4417,
2026-03-26 13:39:00,651.3,651.46,650.76,650.82,397583.672164,651.1427,6150,
2026-03-26 13:40:00,650.81,651.51,650.73,651.11,351910.855723,651.1489,5325,
2026-03-26 13:41:00,651.1,651.51,651.06,651.298,228922.394295,651.2636,4361,
2026-03-26 13:42:00,651.3,651.86,651.2088,651.86,498067.156829,652.8206,6530,
2026-03-26 13:43:00,651.86,652.46,651.735,652.31,315543.467343,652.1241,5545,
2026-03-26 13:44:00,652.33,653.05,652.19,653.0,335771.469655,652.5518,5923,
2026-03-26 13:45:00,653.02,653.72,652.93,653.37,467542.477689,653.3532,7525,
2026-03-26 13:46:00,653.42,653.58,653.15,653.22,443335.788569,653.3774,6621,
2026-03-26 13:47:00,653.21,654.04,653.01,653.93,396075.726677,653.4309,6502,
2026-03-26 13:48:00,653.92,654.09,653.57,653.69,524494.559681,653.8487,8192,
2026-03-26 13:49:00,653.7,653.73,653.23,653.405,377920.999397,653.377,6127,
2026-03-26 13:50:00,653.41,653.64,653.23,653.54,351490.007102,653.4638,5568,
2026-03-26 13:51:00,653.53,654.13,653.455,654.015,378241.033939,653.785,6158,
2026-03-26 13:52:00,654.02,654.445,653.76,653.85,522793.415962,654.0717,8043,
2026-03-26 13:53:00,653.86,654.63,653.5651,654.54,393136.954817,653.9813,6428,
2026-03-26 13:54:00,654.52,654.55,654.07,654.425,254504.100224,654.3591,5057,
2026-03-26 13:55:00,654.425,654.44,653.8965,654.03,217862.851402,654.1125,4082,
2026-03-26 13:56:00,654.03,654.24,653.82,654.2,407075.934386,653.9938,6005,
2026-03-26 13:57:00,654.21,654.29,653.58,653.76,435478.350816,653.9477,6705,
2026-03-26 13:58:00,653.76,653.84,653.08,653.12,578148.429047,653.5047,9855,
2026-03-26 13:59:00,653.13,654.55,652.78,654.47,660980.804527,653.7457,10684,
2026-03-26 14:00:00,654.47,654.69,654.1,654.32,384627.353699,654.3567,6056,
2026-03-26 14:01:00,654.29,654.56,654.065,654.51,224336.733888,654.2861,4044,
2026-03-26 14:02:00,654.51,654.51,654.14,654.29,172919.127137,654.2821,3234,
2026-03-26 14:03:00,654.28,654.47,654.01,654.36,256197.06238,654.2329,4177,
2026-03-26 14:04:00,654.38,654.49,653.79,653.965,197212.825403,654.1677,3522,
2026-03-26 14:05:00,653.95,654.03,653.5,653.98,166170.562964,653.759,3206,
2026-03-26 14:06:00,653.98,654.47,653.865,654.46,217519.103516,654.1732,3800,
2026-03-26 14:07:00,654.43,654.83,654.23,654.39,323850.083836,654.4742,5462,
2026-03-26 14:08:00,654.39,654.51,653.57,653.65,301450.096821,654.0692,5557,
2026-03-26 14:09:00,653.66,654.0179,653.57,653.92,301251.792564,654.9771,3662,
2026-03-26 14:10:00,653.9,654.04,653.63,653.807,138288.881872,653.8601,2598,
2026-03-26 14:11:00,653.83,653.83,653.365,653.45,137082.930511,653.6019,2708,
2026-03-26 14:12:00,653.42,654.08,653.39,653.94,117745.417479,653.86,2672,
2026-03-26 14:13:00,653.92,654.21,653.68,654.14,150432.598857,653.9588,2928,
2026-03-26 14:14:00,654.12,654.45,653.9701,654.43,123641.505073,654.1848,2431,
2026-03-26 14:15:00,654.43,654.84,654.18,654.68,185575.522536,654.4715,3467,
2026-03-26 14:16:00,654.68,654.76,654.48,654.56,183220.015041,654.6015,3268,
2026-03-26 14:17:00,654.55,654.58,654.33,654.495,150418.179013,654.4722,3069,
2026-03-26 14:18:00,654.49,654.67,654.32,654.325,123075.848666,654.5091,2691,
2026-03-26 14:19:00,654.31,654.3799,653.88,653.99,128432.2194,654.1451,2655,
2026-03-26 14:20:00,653.97,654.275,653.72,654.09,131497.15963,654.0085,2878,
2026-03-26 14:21:00,654.08,654.23,653.93,654.07,116721.307898,654.082,2714,
2026-03-26 14:22:00,654.07,654.71,654.05,654.66,151414.69075,654.3937,3278,
2026-03-26 14:23:00,654.64,654.64,654.31,654.475,101689.778308,654.4252,2477,
2026-03-26 14:24:00,654.48,654.55,654.24,654.24,112004.004229,654.4001,2561,
2026-03-26 14:25:00,654.24,654.33,654.01,654.3012,125147.7178,654.1524,3002,
2026-03-26 14:26:00,654.3,654.46,654.2,654.2,91997.212451,654.3293,2228,
2026-03-26 14:27:00,654.2,654.265,653.94,654.04,158755.193976,654.1205,2986,
2026-03-26 14:28:00,654.03,654.1191,653.9,654.01,158335.105376,653.9991,3314,
2026-03-26 14:29:00,654.005,654.06,653.58,653.62,154639.985159,653.7949,3311,
2026-03-26 14:30:00,653.62,654.06,653.6099,653.97,165092.12065,653.863,3361,
2026-03-26 14:31:00,653.975,654.4,653.975,654.3407,95093.317113,654.247,2326,
2026-03-26 14:32:00,654.35,654.45,654.09,654.27,131999.207126,654.2572,3115,
2026-03-26 14:33:00,654.27,654.32,653.82,654.05,124779.579054,654.0562,2744,
2026-03-26 14:34:00,654.06,654.43,654.0,654.32,128011.042717,654.2428,2619,
2026-03-26 14:35:00,654.33,654.35,653.93,653.95,293624.183128,655.2064,3266,
2026-03-26 14:36:00,653.95,654.37,653.87,653.95,149315.185323,654.064,2996,
2026-03-26 14:37:00,653.96,654.03,653.52,653.7,127740.649294,653.7763,2545,
2026-03-26 14:38:00,653.7,653.81,653.47,653.6,210705.450384,653.6717,2627,
2026-03-26 14:39:00,653.6,653.97,653.55,653.77,122434.308746,653.7463,2712,
2026-03-26 14:40:00,653.78,654.85,653.68,653.8,477984.559313,654.2389,8294,
2026-03-26 14:41:00,653.83,653.92,652.92,653.65,558612.063844,653.3702,9485,
2026-03-26 14:42:00,653.64,653.68,652.92,653.15,469658.99466,654.1627,5901,
2026-03-26 14:43:00,653.15,653.3199,652.64,652.9,406433.027385,652.9757,6751,
2026-03-26 14:44:00,652.9,653.08,652.43,652.66,404519.890649,653.9434,4582,
2026-03-26 14:45:00,652.66,653.0,652.56,652.74,344869.973503,652.8021,5033,
2026-03-26 14:46:00,652.75,652.9,652.28,652.46,394185.490998,652.574,6511,
2026-03-26 14:47:00,652.46,653.17,652.36,652.632,444628.414654,652.7408,6365,
2026-03-26 14:48:00,652.61,653.08,652.48,652.6,228308.135988,652.7241,4044,
2026-03-26 14:49:00,652.61,652.61,652.2,652.5117,530048.878965,654.4262,4527,
2026-03-26 14:50:00,652.54,652.82,652.37,652.64,240480.934697,652.6282,4395,
2026-03-26 14:51:00,652.63,652.86,652.36,652.4999,266918.015958,652.5837,4734,
2026-03-26 14:52:00,652.5,652.61,651.95,652.11,300263.025133,652.2811,5322,
2026-03-26 14:53:00,652.13,652.26,651.6,651.69,259586.876251,652.006,4594,
2026-03-26 14:54:00,651.69,651.8,651.41,651.4199,511666.930912,651.5863,8155,
2026-03-26 14:55:00,651.42,651.74,650.82,651.62,647634.890339,651.2358,9312,
2026-03-26 14:56:00,651.61,652.25,651.33,651.96,423611.627376,651.8356,6991,
2026-03-26 14:57:00,651.97,652.29,651.91,652.04,238953.361251,652.0802,4244,
2026-03-26 14:58:00,652.03,652.28,651.86,652.14,238295.010417,652.0558,4170,
2026-03-26 14:59:00,652.17,652.46,651.885,652.21,367342.441952,652.178,6212,
2026-03-26 15:00:00,652.22,652.68,652.2,652.4,460200.94131,652.4236,7375,
2026-03-26 15:01:00,652.39,652.5,652.03,652.35,156608.647328,652.2614,3137,
2026-03-26 15:02:00,652.34,652.61,652.31,652.39,142782.474322,652.4632,2656,
2026-03-26 15:03:00,652.41,652.66,652.16,652.48,384554.483508,653.7911,4372,
2026-03-26 15:04:00,652.485,652.51,652.08,652.11,195955.963134,652.2849,3702,
2026-03-26 15:05:00,652.1,652.91,652.08,652.55,466711.991295,652.4758,7810,
2026-03-26 15:06:00,652.53,652.605,652.15,652.56,206440.786325,652.3674,3695,
2026-03-26 15:07:00,652.55,652.64,652.12,652.18,175975.564459,652.3239,3768,
2026-03-26 15:08:00,652.19,652.35,651.98,652.1225,128071.199685,652.1938,2654,
2026-03-26 15:09:00,652.09,652.38,652.02,652.23,104750.121081,652.2155,2251,
2026-03-26 15:10:00,652.23,652.47,652.22,652.42,117785.059662,652.3752,2229,
2026-03-26 15:11:00,652.43,652.58,652.24,652.4,109389.020001,652.3975,2213,
2026-03-26 15:12:00,652.4,652.78,652.31,652.35,161032.063325,652.5296,3087,
2026-03-26 15:13:00,652.3599,652.645,652.26,652.4,92728.113497,652.4752,2156,
2026-03-26 15:14:00,652.39,652.57,652.23,652.23,103740.770919,652.4035,2272,
2026-03-26 15:15:00,652.26,652.44,652.19,652.315,131554.681688,652.3054,2665,
2026-03-26 15:16:00,652.29,652.42,651.87,651.94,224134.12132,652.179,3978,
2026-03-26 15:17:00,651.95,652.02,651.67,651.77,460677.385238,654.4855,3526,
2026-03-26 15:18:00,651.8,651.86,651.58,651.72,106141.248886,651.7336,2323,
2026-03-26 15:19:00,651.72,651.95,651.7,651.88,112488.261568,651.8357,2108,
2026-03-26 15:20:00,651.87,652.14,651.76,652.07,154917.697183,651.9529,2911,
2026-03-26 15:21:00,652.06,652.26,651.95,652.1099,311820.517917,653.9297,3251,
2026-03-26 15:22:00,652.13,652.205,651.96,652.02,103021.589596,652.0912,2054,
2026-03-26 15:23:00,652.01,652.07,651.83,652.0,127940.915747,651.9588,2479,
2026-03-26 15:24:00,652.01,652.12,651.92,652.03,178603.499689,652.0038,2951,
2026-03-26 15:25:00,652.04,652.15,651.81,651.84,120133.683954,652.0065,2517,
2026-03-26 15:26:00,651.84,652.01,651.77,651.87,90006.388919,651.8824,2015,
2026-03-26 15:27:00,651.88,651.96,651.71,651.86,140060.098925,651.8575,2747,
2026-03-26 15:28:00,651.855,652.18,651.77,651.96,93566.226017,651.9626,2179,
2026-03-26 15:29:00,651.99,652.13,651.66,651.71,172046.020959,651.8623,3224,
2026-03-26 15:30:00,651.71,651.71,651.39,651.5216,178839.076348,651.5405,3322,
2026-03-26 15:31:00,651.51,651.545,650.87,650.99,199367.626602,651.2078,3762,
2026-03-26 15:32:00,650.99,651.24,650.99,651.23,155146.92801,651.1387,3039,
2026-03-26 15:33:00,651.23,651.41,651.04,651.14,192028.040122,651.2757,3394,
2026-03-26 15:34:00,651.13,651.31,651.065,651.29,105798.616519,651.1897,2075,
2026-03-26 15:35:00,651.32,651.62,651.21,651.51,118373.375531,651.4175,2722,
2026-03-26 15:36:00,651.5,651.66,651.41,651.42,112403.554458,651.5278,2423,
2026-03-26 15:37:00,651.43,651.63,651.2701,651.55,101428.878714,651.4611,2255,
2026-03-26 15:38:00,651.53,651.82,651.47,651.67,105553.53186,651.6602,2118,
2026-03-26 15:39:00,651.71,651.73,651.51,651.64,68706.441138,651.6286,1655,
2026-03-26 15:40:00,651.63,651.77,651.52,651.73,69921.476147,651.6503,1911,
2026-03-26 15:41:00,651.71,651.84,651.31,651.41,189920.800828,651.6264,3460,
2026-03-26 15:42:00,651.4,651.47,651.26,651.4001,90666.720791,651.3641,2104,
2026-03-26 15:43:00,651.4,651.4893,651.23,651.25,80627.724737,651.3741,1494,
2026-03-26 15:44:00,651.27,651.27,651.1,651.22,124792.039476,651.1863,2182,
2026-03-26 15:45:00,651.24,651.44,651.17,651.1882,110591.826771,651.3292,1672,
2026-03-26 15:46:00,651.19,652.35,651.0,651.82,506043.172367,651.6835,8602,
2026-03-26 15:47:00,651.82,651.96,651.3101,651.56,281921.724386,651.6876,4434,
2026-03-26 15:48:00,651.54,651.68,651.35,651.64,154945.343449,651.506,2748,
2026-03-26 15:49:00,651.62,651.79,651.51,651.6,103605.520295,651.6726,2018,
2026-03-26 15:50:00,651.6,651.81,651.42,651.62,188962.826605,651.6526,3612,
2026-03-26 15:51:00,651.6,651.81,651.56,651.74,117852.283612,651.6991,2139,
2026-03-26 15:52:00,651.76,652.09,651.68,652.065,123556.196173,651.8568,2258,
2026-03-26 15:53:00,652.03,652.08,651.89,651.96,132797.883761,651.9859,2095,
2026-03-26 15:54:00,651.93,652.01,651.69,651.84,124212.586171,651.8439,2271,
2026-03-26 15:55:00,651.86,651.89,651.54,651.56,92475.20279,651.7118,1964,
2026-03-26 15:56:00,651.57,651.57,651.27,651.38,120083.288924,651.4238,2062,
2026-03-26 15:57:00,651.4,651.53,651.365,651.47,94289.196141,651.449,1558,
2026-03-26 15:58:00,651.48,651.66,651.41,651.46,91064.54865,651.5626,1604,
2026-03-26 15:59:00,651.45,651.6,651.27,651.52,123279.725849,651.46,2481,
2026-03-26 16:00:00,651.49,651.66,651.35,651.45,95874.782024,651.4862,1935,
2026-03-26 16:01:00,651.47,651.57,651.39,651.435,86775.357461,651.477,1584,
2026-03-26 16:02:00,651.43,651.56,651.225,651.33,152502.138935,651.3826,2755,
2026-03-26 16:03:00,651.32,651.38,651.1,651.19,120525.654413,651.2249,1946,
2026-03-26 16:04:00,651.2,651.29,651.16,651.23,79846.227353,651.2353,1494,
2026-03-26 16:05:00,651.22,651.38,651.05,651.165,184813.799656,651.1902,3197,
2026-03-26 16:06:00,651.16,651.47,651.14,651.39,229807.523906,651.2977,3440,
2026-03-26 16:07:00,651.4,651.64,651.32,651.348,168998.628865,651.4565,2938,
2026-03-26 16:08:00,651.37,651.69,651.37,651.578,90544.873755,651.5556,1781,
2026-03-26 16:09:00,651.57,651.6,651.39,651.435,337004.09214,651.8931,1950,
2026-03-26 16:10:00,651.44,651.59,651.27,651.29,119464.666871,651.4362,2254,
2026-03-26 16:11:00,651.3,651.39,650.8503,650.92,176148.255024,651.1223,3489,
2026-03-26 16:12:00,650.94,651.27,650.92,651.24,101755.287182,651.0962,1844,
2026-03-26 16:13:00,651.24,651.24,651.0,651.09,77206.820956,651.1369,1585,
2026-03-26 16:14:00,651.13,651.44,651.07,651.34,107931.873743,651.3035,2047,
2026-03-26 16:15:00,651.32,651.32,651.03,651.0499,64889.399495,651.149,1436,
2026-03-26 16:16:00,651.03,651.06,650.44,650.49,288085.366931,650.6528,5731,
2026-03-26 16:17:00,650.49,650.57,649.84,650.23,407913.268657,650.1564,7553,
2026-03-26 16:18:00,650.25,651.0,650.23,650.8,242460.398451,650.675,4474,
2026-03-26 16:19:00,650.78,650.9,650.73,650.82,107349.947729,650.8166,2102,
2026-03-26 16:20:00,650.83,650.84,650.44,650.505,99807.889273,650.641,2357,
2026-03-26 16:21:00,650.5,650.61,650.28,650.32,115819.556524,650.4543,2585,
2026-03-26 16:22:00,650.34,650.41,649.9,649.935,366795.985345,652.3411,4215,
2026-03-26 16:23:00,649.93,650.2,649.8,650.13,272711.711823,649.9999,4427,
2026-03-26 16:24:00,650.148,650.4,650.03,650.36,187292.042946,650.1959,3087,
2026-03-26 16:25:00,650.36,650.43,649.8,649.88,280945.550334,653.0437,3065,
2026-03-26 16:26:00,649.88,649.92,649.56,649.77,214907.79732,649.7573,4088,
2026-03-26 16:27:00,649.77,649.8,649.41,649.71,201408.429782,649.5952,3738,
2026-03-26 16:28:00,649.71,649.7899,649.31,649.375,283316.032897,652.7167,3227,
2026-03-26 16:29:00,649.38,649.54,649.29,649.47,155664.998316,649.4633,3005,
2026-03-26 16:30:00,649.4913,649.545,649.26,649.3,236665.128819,649.4319,4584,
2026-03-26 16:31:00,649.31,649.44,649.15,649.29,251641.812546,649.2881,5456,
2026-03-26 16:32:00,649.3,649.31,648.89,649.13,273794.942478,649.07,5706,
2026-03-26 16:33:00,649.13,649.27,649.07,649.14,178529.176963,649.1673,3211,
2026-03-26 16:34:00,649.125,649.52,649.01,649.39,200851.525673,649.3078,3650,
2026-03-26 16:35:00,649.41,649.67,649.33,649.5,159018.969675,649.5156,3311,
2026-03-26 16:36:00,649.51,649.65,649.29,649.61,115567.417145,649.4903,2097,
2026-03-26 16:37:00,649.61,649.68,649.538,649.62,126769.1438,649.6271,2311,
2026-03-26 16:38:00,649.62,649.62,649.32,649.33,96096.212162,649.4675,1742,
2026-03-26 16:39:00,649.335,649.4,649.04,649.13,117714.139177,649.1882,2070,
2026-03-26 16:40:00,649.12,649.23,649.0499,649.22,83041.212136,649.1403,1586,
2026-03-26 16:41:00,649.22,649.53,649.13,649.36,80708.628066,649.297,1757,
2026-03-26 16:42:00,649.38,649.42,649.1901,649.29,70104.206268,649.3295,1485,
2026-03-26 16:43:00,649.3,649.41,649.235,649.37,59746.290307,649.3219,1329,
2026-03-26 16:44:00,649.39,649.63,649.285,649.48,118172.610553,649.4437,1932,
2026-03-26 16:45:00,649.5,649.69,649.43,649.5501,95829.829936,649.5493,1861,
2026-03-26 16:46:00,649.55,649.56,649.19,649.28,77661.696324,649.3976,1665,
2026-03-26 16:47:00,649.26,649.4,649.2,649.365,64923.370216,649.3254,1312,
2026-03-26 16:48:00,649.37,649.4,649.17,649.22,113946.124259,649.2724,2081,
2026-03-26 16:49:00,649.22,649.235,648.93,649.1,145284.597206,649.0397,2587,
2026-03-26 16:50:00,649.13,649.18,648.98,649.02,102548.178933,649.0966,1645,
2026-03-26 16:51:00,649.01,649.33,649.01,649.27,96062.14603,649.2252,1887,
2026-03-26 16:52:00,649.27,649.53,649.27,649.36,141381.424114,649.4319,2731,
2026-03-26 16:53:00,649.37,649.57,649.33,649.475,94899.94315,649.4792,2036,
2026-03-26 16:54:00,649.48,649.52,649.4,649.48,91809.312019,649.4479,1650,
2026-03-26 16:55:00,649.48,649.53,649.34,649.4099,65635.327995,649.4291,1422,
2026-03-26 16:56:00,649.385,649.53,649.3,649.5,50837.868912,649.4227,1360,
2026-03-26 16:57:00,649.49,649.55,649.42,649.5,44578.63672,649.501,1020,
2026-03-26 16:58:00,649.47,649.54,649.34,649.51,60654.490486,649.4558,1231,
2026-03-26 16:59:00,649.52,649.72,649.43,649.64,104646.391803,649.59,2130,
2026-03-26 17:00:00,649.64,650.08,649.56,650.0299,113780.41733,649.8214,2340,
2026-03-26 17:01:00,650.02,650.1,649.855,649.95,134177.358267,649.9557,2332,
2026-03-26 17:02:00,649.95,649.97,649.62,649.81,127500.646368,649.7837,2744,
2026-03-26 17:03:00,649.8,649.82,649.5501,649.66,99237.366755,649.715,2135,
2026-03-26 17:04:00,649.669,649.745,649.38,649.44,97767.190636,649.5571,1753,
2026-03-26 17:05:00,649.43,649.6888,649.43,649.65,51850.317504,649.5954,1113,
2026-03-26 17:06:00,649.65,649.72,649.49,649.54,76459.69085,649.6185,1565,
2026-03-26 17:07:00,649.53,649.59,649.37,649.435,37542.889182,649.5184,914,
2026-03-26 17:08:00,649.46,649.5,649.37,649.5,41119.79194,649.4426,993,
2026-03-26 17:09:00,649.5,649.62,649.42,649.53,33662.94187,649.5493,956,
2026-03-26 17:10:00,649.52,649.52,649.27,649.369,149843.583635,649.4637,1929,
2026-03-26 17:11:00,649.35,649.35,649.23,649.255,50850.341944,649.2799,1010,
2026-03-26 17:12:00,649.26,649.38,649.12,649.2899,92941.300589,649.2328,1871,
2026-03-26 17:13:00,649.3,649.31,649.15,649.21,57268.858499,649.2375,1268,
2026-03-26 17:14:00,649.21,649.32,648.9,648.99,164662.572267,649.0876,2951,
2026-03-26 17:15:00,648.985,649.08,648.931,648.99,144683.008148,649.0116,2433,
2026-03-26 17:16:00,648.99,649.18,648.99,649.16,36786.009418,649.1053,1031,
2026-03-26 17:17:00,649.17,649.27,649.13,649.255,44993.208428,649.1822,1020,
2026-03-26 17:18:00,649.27,649.3,648.91,648.98,124423.499241,649.0319,2025,
2026-03-26 17:19:00,648.99,649.18,648.91,649.17,49721.566389,649.064,943,
2026-03-26 17:20:00,649.17,649.19,648.75,648.775,132783.706415,648.9362,2475,
2026-03-26 17:21:00,648.78,648.85,648.46,648.5199,249506.260577,648.6419,4427,
2026-03-26 17:22:00,648.51,648.65,648.35,648.45,212729.518138,648.4989,3494,
2026-03-26 17:23:00,648.44,648.61,648.37,648.55,129689.550322,648.5322,2259,
2026-03-26 17:24:00,648.55,648.6,648.27,648.33,105617.386266,648.4487,1913,
2026-03-26 17:25:00,648.33,648.39,648.1547,648.245,135854.456582,648.2485,2641,
2026-03-26 17:26:00,648.23,648.41,648.21,648.24,74501.808598,648.3311,1783,
2026-03-26 17:27:00,648.25,648.26,647.98,648.19,139693.505534,648.0954,3351,
2026-03-26 17:28:00,648.19,648.39,648.16,648.33,290643.664373,651.9192,2785,
2026-03-26 17:29:00,648.34,648.64,648.32,648.62,282981.16942,648.534,4656,
2026-03-26 17:30:00,648.62,648.81,648.545,648.59,195788.169173,648.662,3447,
2026-03-26 17:31:00,648.59,648.605,648.31,648.35,121229.723493,648.4609,2269,
2026-03-26 17:32:00,648.35,648.65,648.23,648.585,117197.405709,648.3629,2195,
2026-03-26 17:33:00,648.58,648.88,648.56,648.84,76865.674667,648.7598,1637,
2026-03-26 17:34:00,648.84,648.955,648.83,648.95,69092.854058,648.8976,1610,
2026-03-26 17:35:00,648.93,649.06,648.69,648.81,114004.722865,648.8655,2306,
2026-03-26 17:36:00,648.81,648.9299,648.71,648.75,77289.789613,648.8412,1570,
2026-03-26 17:37:00,648.78,648.79,648.52,648.585,72333.251442,648.6393,1285,
2026-03-26 17:38:00,648.59,648.82,648.57,648.69,85882.122723,648.7164,1618,
2026-03-26 17:39:00,648.68,648.7,648.46,648.5,68605.837499,648.5846,1418,
2026-03-26 17:40:00,648.495,648.5,648.27,648.42,96305.777997,648.3449,1859,
2026-03-26 17:41:00,648.42,648.45,648.18,648.23,64377.987843,648.2938,1248,
2026-03-26 17:42:00,648.2401,648.3713,648.02,648.11,93624.832063,648.2483,1480,
2026-03-26 17:43:00,648.12,648.19,647.8,647.9299,142252.602929,648.0343,3003,
2026-03-26 17:44:00,647.93,648.02,647.92,647.94,105625.85777,647.9823,1992,
2026-03-26 17:45:00,647.95,648.09,647.85,647.99,178708.268269,647.9559,3317,
2026-03-26 17:46:00,647.9999,648.03,647.84,647.9,104443.07456,647.9484,2017,
2026-03-26 17:47:00,647.895,647.945,647.62,647.89,247630.224376,647.8364,4198,
2026-03-26 17:48:00,647.875,648.0,647.72,647.75,104195.845259,647.8614,2011,
2026-03-26 17:49:00,647.75,647.79,647.57,647.58,156318.53219,647.6739,2601,
2026-03-26 17:50:00,647.57,647.58,647.19,647.32,317855.933721,647.3083,7977,
2026-03-26 17:51:00,647.32,647.44,647.26,647.32,1161467.192213,647.9501,2871,
2026-03-26 17:52:00,647.31,647.5,647.3,647.34,128993.138219,647.4089,2351,
2026-03-26 17:53:00,647.34,647.37,647.19,647.23,137563.627537,647.2889,2413,
2026-03-26 17:54:00,647.23,647.27,647.05,647.12,206483.19044,647.1585,3329,
2026-03-26 17:55:00,647.12,647.2025,646.98,646.985,294617.483443,647.0964,4956,
2026-03-26 17:56:00,646.9825,647.13,646.91,646.95,126390.792705,647.0175,2502,
2026-03-26 17:57:00,646.95,647.06,646.89,647.03,168450.961677,646.9711,2710,
2026-03-26 17:58:00,647.03,647.0475,646.7,646.7,236285.339498,646.9109,3588,
2026-03-26 17:59:00,646.7,646.71,646.44,646.67,227919.335036,646.5695,3622,
2026-03-26 18:00:00,646.655,647.08,646.64,647.04,292803.721913,646.8934,5350,
2026-03-26 18:01:00,647.0299,647.33,646.97,647.285,389841.26006,647.1506,5838,
2026-03-26 18:02:00,647.29,647.5125,647.24,647.355,242600.940935,647.3773,4703,
2026-03-26 18:03:00,647.35,647.57,647.09,647.22,250826.016297,647.3452,4093,
2026-03-26 18:04:00,647.22,647.29,647.06,647.21,141950.845292,647.1983,2909,
2026-03-26 18:05:00,647.21,647.43,647.17,647.2996,107316.629945,647.2968,2272,
2026-03-26 18:06:00,647.28,647.38,646.95,647.14,237776.508312,647.1634,4071,
2026-03-26 18:07:00,647.15,647.4,647.14,647.31,171149.119149,647.2983,3072,
2026-03-26 18:08:00,647.32,647.365,647.19,647.29,147405.943718,647.2596,2916,
2026-03-26 18:09:00,647.29,647.42,647.22,647.32,77864.873608,647.3092,1869,
2026-03-26 18:10:00,647.31,647.385,646.965,647.058,164641.01293,647.2047,3418,
2026-03-26 18:11:00,647.05,647.095,646.89,646.91,200034.832764,646.9924,3717,
2026-03-26 18:12:00,646.91,647.14,646.89,647.12,145215.813305,646.9793,3057,
2026-03-26 18:13:00,647.1219,647.19,647.0,647.145,160834.919797,647.1005,2823,
2026-03-26 18:14:00,647.15,647.15,647.0,647.055,131383.160515,647.0681,2254,
2026-03-26 18:15:00,647.06,647.07,646.85,646.87,121737.345036,646.9717,2278,
2026-03-26 18:16:00,646.885,647.11,646.71,647.055,183525.612398,646.9084,2899,
2026-03-26 18:17:00,647.05,647.09,646.82,646.84,91211.95319,646.9133,2213,
2026-03-26 18:18:00,646.84,646.995,646.77,646.9401,84881.515254,646.8801,2181,
2026-03-26 18:19:00,646.94,647.04,646.83,646.87,80831.87379,646.9602,1963,
2026-03-26 18:20:00,646.865,646.865,646.5601,646.66,133901.680936,646.7197,2987,
2026-03-26 18:21:00,646.67,646.84,646.63,646.785,133936.676929,646.7383,2652,
2026-03-26 18:22:00,646.84,646.95,646.77,646.885,97281.947877,646.8633,2064,
2026-03-26 18:23:00,646.887,647.08,646.8597,647.01,198494.499699,647.0132,3579,
2026-03-26 18:24:00,646.99,647.17,646.93,647.08,135548.462472,647.0248,2611,
2026-03-26 18:25:00,647.075,647.25,647.0,647.02,196325.106896,647.1421,3575,
2026-03-26 18:26:00,647.0,647.03,646.75,646.87,148386.57599,646.8733,3019,
2026-03-26 18:27:00,646.87,646.92,646.63,646.63,120883.26077,646.8006,2216,
2026-03-26 18:28:00,646.63,646.68,646.49,646.57,291588.119103,646.5721,4568,
2026-03-26 18:29:00,646.56,646.66,646.56,646.6,141755.272705,646.6049,2436,
2026-03-26 18:30:00,646.61,646.98,646.58,646.89,174616.972823,646.7908,3015,
2026-03-26 18:31:00,646.91,647.07,646.825,647.0099,194152.829289,646.959,3309,
2026-03-26 18:32:00,647.0,647.2,646.84,647.11,142139.387567,647.0319,2805,
2026-03-26 18:33:00,647.1001,647.11,646.978,647.06,106319.275381,647.0349,2374,
2026-03-26 18:34:00,647.05,647.21,647.0,647.135,139862.633744,647.0837,2748,
2026-03-26 18:35:00,647.14,647.26,646.98,647.21,192861.394343,647.1353,2837,
2026-03-26 18:36:00,647.21,647.32,647.07,647.23,157488.474092,647.2238,3215,
2026-03-26 18:37:00,647.2,647.2,646.975,647.05,159830.598283,647.0862,2886,
2026-03-26 18:38:00,647.05,647.4,647.04,647.38,113165.785165,647.2304,2184,
2026-03-26 18:39:00,647.37,647.45,647.27,647.39,182598.188581,647.363,3152,
2026-03-26 18:40:00,647.39,647.54,647.26,647.36,249669.245073,647.439,3350,
2026-03-26 18:41:00,647.36,647.37,647.14,647.25,156622.416907,647.2746,3009,
2026-03-26 18:42:00,647.23,647.28,646.92,646.96,183472.32382,647.04,3508,
2026-03-26 18:43:00,647.0,647.055,646.81,646.92,133776.656864,646.9528,2441,
2026-03-26 18:44:00,646.91,647.18,646.9,647.135,133070.251765,647.073,2307,
2026-03-26 18:45:00,647.13,647.145,646.86,646.91,154370.240451,647.0165,2750,
2026-03-26 18:46:00,646.91,647.13,646.8799,647.105,155920.179718,646.9942,2687,
2026-03-26 18:47:00,647.1099,647.35,647.1,647.3097,1045523.80286,647.089,3081,
2026-03-26 18:48:00,647.31,647.4599,647.2,647.25,148925.787977,647.3466,2899,
2026-03-26 18:49:00,647.24,647.51,647.24,647.44,123496.754625,647.3974,2459,
2026-03-26 18:50:00,647.44,647.65,647.27,647.5,201037.468846,647.4822,3714,
2026-03-26 18:51:00,647.5,647.59,647.36,647.48,129970.517729,647.4968,2373,
2026-03-26 18:52:00,647.48,647.56,647.39,647.4,156156.284741,647.463,2644,
2026-03-26 18:53:00,647.39,647.48,647.28,647.44,94162.374328,647.3807,1719,
2026-03-26 18:54:00,647.455,647.58,647.39,647.52,161005.537161,647.6186,1929,
2026-03-26 18:55:00,647.51,647.51,647.28,647.44,125184.133338,647.3839,2605,
2026-03-26 18:56:00,647.43,647.43,647.06,647.27,177505.483769,647.1834,2987,
2026-03-26 18:57:00,647.28,647.4,647.22,647.24,147794.498484,647.3859,1943,
2026-03-26 18:58:00,647.24,647.44,647.21,647.43,120044.152376,647.3531,2382,
2026-03-26 18:59:00,647.42,647.5,647.29,647.43,128388.957473,647.4069,2583,
2026-03-26 19:00:00,647.44,647.52,647.24,647.31,144309.349799,647.3863,2590,
2026-03-26 19:01:00,647.315,647.37,647.21,647.27,142487.140299,647.2634,2484,
2026-03-26 19:02:00,647.26,647.32,646.98,647.03,318106.109481,647.0973,5440,
2026-03-26 19:03:00,647.02,647.07,646.64,646.74,271083.228604,646.8612,4528,
2026-03-26 19:04:00,646.74,646.79,646.62,646.705,535683.936669,647.043,3098,
2026-03-26 19:05:00,646.705,646.76,646.55,646.62,219452.703321,646.6116,3580,
2026-03-26 19:06:00,646.63,646.7,646.34,646.4494,229886.146064,646.5186,3996,
2026-03-26 19:07:00,646.44,646.6,646.35,646.355,296005.777666,646.4972,4710,
2026-03-26 19:08:00,646.36,646.382,646.0,646.2999,295270.577501,646.2291,5008,
2026-03-26 19:09:00,646.2999,646.37,646.2,646.23,120774.712679,646.2952,2195,
2026-03-26 19:10:00,646.24,646.325,645.9499,646.06,229870.943365,646.1605,4101,
2026-03-26 19:11:00,646.06,646.16,645.94,646.04,193062.488856,646.0424,3361,
2026-03-26 19:12:00,646.065,646.16,645.9,646.01,187873.57488,646.0496,3300,
2026-03-26 19:13:00,646.03,646.03,645.87,645.97,156575.750102,645.9404,3226,
2026-03-26 19:14:00,645.97,646.29,645.94,646.245,250336.764838,646.1228,4097,
2026-03-26 19:15:00,646.26,646.6,646.22,646.5301,256247.148929,646.4131,4050,
2026-03-26 19:16:00,646.53,646.595,646.37,646.51,228629.924509,646.4969,3745,
2026-03-26 19:17:00,646.51,646.68,646.42,646.6,360809.878615,653.6461,1970,
2026-03-26 19:18:00,646.58,646.71,646.41,646.57,165410.739884,646.5702,2876,
2026-03-26 19:19:00,646.58,646.66,646.52,646.56,95550.239803,646.5941,1825,
2026-03-26 19:20:00,646.55,646.61,646.32,646.4,164928.360953,646.4908,2937,
2026-03-26 19:21:00,646.405,646.44,646.24,646.36,112055.182126,646.3307,2150,
2026-03-26 19:22:00,646.34,646.34,646.19,646.285,156546.744574,646.2632,2594,
2026-03-26 19:23:00,646.29,646.37,646.19,646.2,88533.961207,646.28,2006,
2026-03-26 19:24:00,646.21,646.215,646.07,646.125,163949.499379,646.1325,3266,
2026-03-26 19:25:00,646.12,646.19,645.85,645.88,259031.724449,646.0254,4288,
2026-03-26 19:26:00,645.89,646.015,645.89,645.98,167865.546607,645.9494,2865,
2026-03-26 19:27:00,645.97,646.07,645.95,646.0099,128351.317274,645.9952,2241,
2026-03-26 19:28:00,646.01,646.08,645.9,645.93,388218.79761,652.9411,2325,
2026-03-26 19:29:00,645.93,646.23,645.91,646.21,186254.768237,646.057,3249,
2026-03-26 19:30:00,646.21,646.27,645.95,646.04,307539.477245,646.1043,4354,
2026-03-26 19:31:00,646.05,646.05,645.48,645.58,371839.539853,645.6965,5865,
2026-03-26 19:32:00,645.57,645.65,645.45,645.53,300994.420575,645.5551,4541,
2026-03-26 19:33:00,645.52,645.62,645.44,645.56,381341.915272,649.3716,3352,
2026-03-26 19:34:00,645.5595,645.74,645.49,645.73,154738.343896,645.5938,2419,
2026-03-26 19:35:00,645.73,646.1,645.63,646.025,243330.927825,645.8283,3976,
2026-03-26 19:36:00,646.04,646.13,645.99,646.0222,342653.02,646.068,5862,
2026-03-26 19:37:00,646.02,646.15,645.93,646.0,162733.590653,646.0404,2645,
2026-03-26 19:38:00,646.005,646.09,645.85,645.865,140896.309314,645.9549,2345,
2026-03-26 19:39:00,645.86,645.8701,645.7252,645.84,145028.993821,645.8181,2469,
2026-03-26 19:40:00,645.83,646.04,645.73,645.99,160411.984614,645.8731,2987,
2026-03-26 19:41:00,645.99,646.05,645.79,645.85,331225.005501,650.0111,3069,
2026-03-26 19:42:00,645.855,645.88,645.76,645.865,203645.592686,645.8394,3122,
2026-03-26 19:43:00,645.88,645.88,645.61,645.625,222204.616222,645.7112,3979,
2026-03-26 19:44:00,645.63,645.65,645.4,645.51,495909.085957,645.5181,6221,
2026-03-26 19:45:00,645.5,645.54,645.32,645.395,559313.29124,647.951,6624,
2026-03-26 19:46:00,645.395,645.58,645.36,645.5,317946.218794,645.4572,4501,
2026-03-26 19:47:00,645.51,645.52,645.335,645.37,496603.813767,648.2826,4753,
2026-03-26 19:48:00,645.37,645.66,645.36,645.64,282163.59691,645.4861,4353,
2026-03-26 19:49:00,645.64,645.75,645.51,645.71,502631.220341,648.4225,4996,
2026-03-26 19:50:00,645.72,645.865,645.44,645.535,529063.578622,645.6635,6995,
2026-03-26 19:51:00,645.535,645.7,645.37,645.465,399794.524804,645.5013,5928,
2026-03-26 19:52:00,645.465,645.53,645.39,645.435,286157.83262,645.4689,4585,
2026-03-26 19:53:00,645.43,645.45,645.21,645.25,414506.846712,645.3594,5883,
2026-03-26 19:54:00,645.24,645.29,644.97,645.005,588341.465795,645.1063,9025,
2026-03-26 19:55:00,645.0,645.3,644.91,645.27,887014.454875,645.1205,9913,
2026-03-26 19:56:00,645.26,645.405,645.15,645.39,812739.483406,648.8386,6514,
2026-03-26 19:57:00,645.39,645.465,645.3,645.36,530092.383067,645.3866,6725,
2026-03-26 19:58:00,645.355,645.37,645.1,645.13,921869.754587,645.1968,11010,
2026-03-26 19:59:00,645.14,645.51,644.82,645.095,1841968.341624,645.113,22579,
2026-03-26 20:00:00,645.1,645.34,644.85,645.22,312429.920027,645.0817,1422,
2026-03-26 20:01:00,645.22,645.34,645.03,645.06,207162.904299,645.2405,882,
2026-03-26 20:02:00,645.06,645.09,644.75,644.89,77129.090557,644.9195,546,
2026-03-26 20:03:00,644.91,644.95,644.55,644.71,50181.518181,644.9428,568,
2026-03-26 20:04:00,644.68,644.9,644.67,644.86,43616.301423,644.7625,408,
2026-03-26 20:05:00,644.9,645.1399,644.9,645.1399,34398.601915,645.0446,390,
2026-03-26 20:06:00,645.14,645.17,645.04,645.1,65500.226266,645.0989,390,
2026-03-26 20:07:00,645.1191,645.2,645.08,645.09,129007.025013,645.2077,668,
2026-03-26 20:08:00,645.09,645.2374,645.09,645.21,274525.454737,655.7549,210,
2026-03-26 20:09:00,645.2,645.35,645.17,645.34,365568.909975,645.2397,489,
2026-03-26 20:10:00,645.3,645.42,645.24,645.35,9278.310839,645.3615,149,
2026-03-26 20:11:00,645.4,651.48,645.28,651.34,2199234.772051,646.1927,4751,
2026-03-26 20:12:00,651.4,652.35,647.57,649.0,635050.91676,651.1134,3332,
2026-03-26 20:13:00,648.94,648.94,647.57,648.48,293177.665166,648.2611,1722,
2026-03-26 20:14:00,648.61,649.14,647.81,648.13,280196.132704,648.4362,1744,
2026-03-26 20:15:00,648.15,648.22,647.19,648.13,160190.839084,647.8508,1061,
2026-03-26 20:16:00,648.13,648.99,647.74,648.09,210804.144483,648.2808,1722,
2026-03-26 20:17:00,648.09,648.285,647.58,648.16,266898.701719,647.9622,2284,
2026-03-26 20:18:00,648.08,648.1097,647.49,648.1097,98258.497807,647.8666,961,
2026-03-26 20:19:00,648.02,648.11,647.29,647.32,95369.56041,647.6143,1020,
2026-03-26 20:20:00,647.3,647.57,647.07,647.23,54650.803378,647.3399,677,
2026-03-26 20:21:00,647.3,647.67,647.3,647.6,65179.716747,647.5097,568,
2026-03-26 20:22:00,647.64,647.8,647.22,647.36,65370.781653,647.5339,565,
2026-03-26 20:23:00,647.39,647.7,647.21,647.69,116492.980114,647.4659,1068,
2026-03-26 20:24:00,647.62,647.62,646.73,647.06,128926.280943,646.9751,1332,
2026-03-26 20:25:00,647.07,647.23,646.0,646.4,109633.202421,646.4458,913,
2026-03-26 20:26:00,646.44,646.8,645.2,646.7,126261.34832,645.921,651,
2026-03-26 20:27:00,646.71,647.15,646.6765,646.96,170833.620324,654.1469,371,
2026-03-26 20:28:00,646.94,647.07,646.59,647.0,81026.774565,646.9132,682,
2026-03-26 20:29:00,647.05,647.4,646.98,647.39,48017.277659,647.1902,417,
2026-03-26 20:30:00,647.4,647.45,647.17,647.39,61668.578229,647.3639,388,
2026-03-26 20:31:00,647.38,647.85,647.3,647.65,44168.680362,647.5534,420,
2026-03-26 20:32:00,647.56,647.75,647.31,647.75,165171.823171,654.5066,302,
2026-03-26 20:33:00,647.75,647.91,647.69,647.7,56313.194417,647.7917,349,
2026-03-26 20:34:00,647.56,647.6,647.3739,647.4978,17037.967476,647.5003,253,
2026-03-26 20:35:00,647.51,647.56,647.43,647.55,10443.023747,647.4864,158,
2026-03-26 20:36:00,647.58,647.84,647.58,647.75,37883.871754,647.7565,271,
2026-03-26 20:37:00,647.75,647.97,647.75,647.95,53158.288638,647.9011,383,
2026-03-26 20:38:00,647.8209,648.09,647.8209,648.02,13810.21851,647.9939,228,
2026-03-26 20:39:00,648.0252,648.19,648.0,648.06,36715.763864,648.0806,282,
2026-03-26 20:40:00,648.05,648.0687,647.84,647.91,40720.643242,647.9513,327,
2026-03-26 20:41:00,647.97,648.05,647.52,647.6,39017.497653,647.8033,389,
2026-03-26 20:42:00,647.63,647.69,647.58,647.66,27600.09738,647.6077,202,
2026-03-26 20:43:00,647.65,647.83,647.62,647.73,12386.440334,647.7441,166,
2026-03-26 20:44:00,647.74,647.74,647.55,647.66,6683.878081,647.7166,114,
2026-03-26 20:45:00,647.69,647.77,647.5,647.5,29271.298886,647.6412,239,
2026-03-26 20:46:00,647.48,647.58,647.48,647.5,9015.419456,647.5488,90,
2026-03-26 20:47:00,647.51,647.56,647.4,647.54,11254.141791,647.4725,157,
2026-03-26 20:48:00,647.56,647.6,647.42,647.45,4440.632327,647.64,85,
2026-03-26 20:49:00,647.53,647.53,647.48,647.5,11284.644179,647.5453,99,
2026-03-26 20:50:00,647.47,647.5098,647.26,647.3,7156.711049,647.4457,102,
2026-03-26 20:51:00,647.3201,647.3201,647.1933,647.24,7462.055706,647.2552,114,
2026-03-26 20:52:00,647.22,647.28,647.14,647.28,3912.476418,647.2864,72,
2026-03-26 20:53:00,647.25,647.33,646.99,646.99,9627.873239,647.194,125,
2026-03-26 20:54:00,646.99,647.09,646.9014,647.02,34630.740513,647.0045,179,
2026-03-26 20:55:00,647.04,647.11,647.0208,647.1,3869.736026,647.187,71,
2026-03-26 20:56:00,647.12,647.12,647.0,647.05,8755.439978,647.0746,95,
2026-03-26 20:57:00,647.0687,647.0687,646.68,646.6999,45717.95471,646.7921,332,
2026-03-26 20:58:00,646.6926,646.78,646.21,646.38,68284.629373,646.5348,488,
2026-03-26 20:59:00,646.39,646.62,646.32,646.42,24066.026603,646.4142,239,
2026-03-26 21:00:00,646.42,646.65,646.42,646.65,2021.348096,646.7176,50,
2026-03-26 21:01:00,646.5393,646.7,646.5393,646.7,9085.176939,646.6961,82,
2026-03-26 21:02:00,646.7,646.74,646.7,646.7386,3693.277737,646.7518,73,
2026-03-26 21:03:00,646.73,646.74,646.6617,646.74,566.618529,647.4199,15,
2026-03-26 21:04:00,646.7,646.77,646.7,646.75,1137.571032,647.0647,36,
2026-03-26 21:05:00,646.75,646.75,646.7008,646.7008,896.0,646.5301,22,
2026-03-26 21:06:00,646.73,646.9,646.73,646.9,2040.92346,647.129,60,
2026-03-26 21:07:00,646.8001,646.9,646.8001,646.83,5279.776518,646.9847,51,
2026-03-26 21:08:00,646.86,646.9,646.83,646.85,2695.4245,646.9841,58,
2026-03-26 21:09:00,646.83,646.86,646.67,646.86,6863.9201,646.8282,150,
2026-03-26 21:10:00,646.87,646.9,646.8602,646.8602,3418.605537,646.994,45,
2026-03-26 21:11:00,646.8625,646.9,646.8625,646.9,1724.907711,647.2367,37,
2026-03-26 21:12:00,646.91,646.95,646.873,646.94,1158.440553,647.1657,27,
2026-03-26 21:13:00,646.94,646.96,646.8632,646.9599,3244.92176,647.1305,53,
2026-03-26 21:14:00,646.96,646.98,646.92,646.92,4103.419895,647.0309,51,
2026-03-26 21:15:00,646.97,647.0,646.92,646.92,7667.18548,646.9919,80,
2026-03-26 21:16:00,646.94,647.01,646.94,647.01,3311.31365,647.0328,42,
2026-03-26 21:17:00,646.9401,646.9401,646.91,646.91,2032.539011,647.0974,64,
2026-03-26 21:18:00,646.9,646.93,646.86,646.86,2122.277775,646.9838,52,
2026-03-26 21:19:00,646.8858,646.9746,646.88,646.95,1069.990639,647.5071,43,
2026-03-26 21:20:00,646.95,646.9987,646.93,646.93,5292.761461,647.0276,37,
2026-03-26 21:21:00,646.88,646.88,646.75,646.83,6884.869767,646.9085,86,
2026-03-26 21:22:00,646.83,646.83,646.68,646.73,12658.342867,646.7255,71,
2026-03-26 21:23:00,646.8,646.87,646.71,646.72,8404.039493,646.769,56,
2026-03-26 21:24:00,646.72,646.86,646.7,646.76,4004.566261,646.8208,28,
2026-03-26 21:25:00,646.83,646.84,646.72,646.72,970.354554,644.4109,31,
2026-03-26 21:26:00,646.8,646.84,646.74,646.74,2401.154613,646.8313,18,
2026-03-26 21:27:00,646.81,646.81,646.7,646.7,2019.93078,647.0318,30,
2026-03-26 21:28:00,646.67,646.77,646.48,646.6,12053.17305,646.5758,130,
2026-03-26 21:29:00,646.61,646.62,646.55,646.55,2648.212546,646.6398,45,
2026-03-26 21:30:00,646.6,646.79,646.58,646.62,744.051824,646.697,30,
2026-03-26 21:31:00,646.75,646.75,646.62,646.62,405.315983,647.2156,25,
2026-03-26 21:32:00,646.75,646.9262,646.66,646.9262,2962.424083,646.8076,50,
2026-03-26 21:33:00,646.8912,646.8912,646.8912,646.8912,260.280633,647.5685,26,
2026-03-26 21:34:00,646.77,646.83,646.7565,646.7565,1527.599421,647.0562,31,
2026-03-26 21:35:00,646.76,646.8,646.76,646.79,716.220812,646.9841,37,
2026-03-26 21:36:00,646.8,646.87,646.8,646.81,1357.946684,647.299,43,
2026-03-26 21:37:00,646.89,646.89,646.89,646.89,563.522727,647.4894,22,
2026-03-26 21:38:00,646.85,646.86,646.85,646.86,201.487796,648.4103,19,
2026-03-26 21:39:00,646.79,646.9,646.79,646.9,833.085422,646.9469,27,
2026-03-26 21:40:00,646.89,646.9,646.88,646.881,1602.222161,646.9815,33,
2026-03-26 21:41:00,646.9,646.9,646.9,646.9,156.079839,647.2057,23,
2026-03-26 21:42:00,646.84,646.84,646.81,646.81,476.379597,647.3401,30,
2026-03-26 21:43:00,646.75,646.83,646.7413,646.83,502.156583,646.9992,40,
2026-03-26 21:44:00,646.8,646.8,646.6,646.6,982.246571,646.8363,78,
2026-03-26 21:45:00,646.6,646.6,646.5,646.59,1851.800522,646.8363,75,
2026-03-26 21:46:00,646.59,646.6,646.59,646.6,1794.589592,646.807,38,
2026-03-26 21:47:00,646.5987,646.5987,646.5987,646.5987,175.852184,649.7315,40,
2026-03-26 21:48:00,646.56,646.6,646.56,646.5992,1197.541617,646.8759,44,
2026-03-26 21:49:00,646.6,646.6,646.6,646.6,110.778523,651.1922,21,
2026-03-26 21:50:00,646.64,646.74,646.64,646.65,1642.042588,646.7019,38,
2026-03-26 21:51:00,646.7292,646.75,646.6,646.74,652.664668,647.379,31,
2026-03-26 21:52:00,646.74,646.74,646.58,646.74,3232.374742,646.7135,105,
2026-03-26 21:53:00,646.73,646.75,646.72,646.73,841.973111,647.481,39,
2026-03-26 21:54:00,646.73,646.75,646.73,646.75,273.293868,647.4272,25,
2026-03-26 21:55:00,646.75,646.89,646.72,646.79,1240.632948,647.0803,41,
2026-03-26 21:56:00,646.8,646.8,646.75,646.75,1017.966178,647.3841,50,
2026-03-26 21:57:00,646.7,646.76,646.58,646.76,7915.855783,646.6848,85,
2026-03-26 21:58:00,646.7,646.7,646.6,646.6,617.341688,647.0314,134,
2026-03-26 22:00:00,646.68,646.96,646.54,646.75,14841.666145,646.8957,134,
2026-03-26 22:01:00,646.68,646.76,646.4,646.65,11552.400866,646.5566,149,
2026-03-26 22:02:00,646.7,646.71,646.44,646.6,5966.983626,646.6083,80,
2026-03-26 22:03:00,646.4,646.79,646.4,646.79,658.214237,646.7633,36,
2026-03-26 22:04:00,647.09,647.1,646.99,646.99,6772.822992,647.0958,92,
2026-03-26 22:05:00,646.72,646.9,646.71,646.9,4993.346624,646.8336,54,
2026-03-26 22:06:00,647.0262,647.03,646.96,647.0299,1671.111472,647.0658,38,
2026-03-26 22:07:00,646.81,646.85,646.7,646.7,4714.108281,646.8022,48,
2026-03-26 22:08:00,646.77,646.86,646.71,646.71,1055.126838,646.8896,40,
2026-03-26 22:09:00,646.67,646.7,646.62,646.7,5201.391601,646.7282,42,
2026-03-26 22:10:00,646.8,646.96,646.8,646.95,4975.837931,646.9819,44,
2026-03-26 22:11:00,646.95,647.1399,646.95,647.06,7633.207874,647.0592,71,
2026-03-26 22:12:00,647.09,647.4,647.09,647.3299,6936.752158,647.3953,100,
2026-03-26 22:13:00,647.33,647.37,647.2,647.33,5398.853518,647.3916,64,
2026-03-26 22:14:00,647.29,647.38,647.26,647.38,524.635766,648.0924,25,
2026-03-26 22:15:00,647.3515,647.48,647.35,647.45,2099.332212,647.5209,46,
2026-03-26 22:16:00,647.38,647.5,647.38,647.4439,842.010255,647.4548,46,
2026-03-26 22:17:00,647.46,647.58,647.45,647.58,4793.920766,647.6727,54,
2026-03-26 22:18:00,647.39,647.39,647.21,647.21,2185.347027,647.3924,43,
2026-03-26 22:19:00,647.2,647.2985,647.1901,647.21,2400.279309,647.3144,29,
2026-03-26 22:20:00,647.2,647.27,647.18,647.27,520.511242,647.883,19,
2026-03-26 22:21:00,647.4222,647.51,647.4206,647.4206,839.646304,647.9532,25,
2026-03-26 22:22:00,647.42,647.42,647.3614,647.3614,477.741085,648.3835,26,
2026-03-26 22:23:00,647.32,647.379,647.31,647.379,1910.457072,647.4765,29,
2026-03-26 22:24:00,647.17,647.33,647.17,647.33,1353.024065,647.3042,27,
2026-03-26 22:25:00,647.39,647.39,647.27,647.27,1562.552267,647.5644,35,
2026-03-26 22:26:00,647.14,647.14,646.57,646.57,3840.845349,646.9688,137,
2026-03-26 22:27:00,646.8,646.82,646.8,646.8,482.385604,647.3238,24,
2026-03-26 22:28:00,646.83,646.97,646.83,646.97,902.477649,647.2854,36,
2026-03-26 22:29:00,646.95,647.14,646.95,647.14,1290.577901,647.2813,30,
2026-03-26 22:30:00,646.95,647.14,646.93,647.0,3033.036661,646.9825,52,
2026-03-26 22:31:00,646.9993,646.9993,646.88,646.88,1505.881233,647.3676,46,
2026-03-26 22:32:00,646.87,646.93,646.8,646.8,1458.572396,647.0971,32,
2026-03-26 22:33:00,646.8718,647.28,646.8718,647.28,832.689104,647.5923,36,
2026-03-26 22:34:00,647.1,647.1,647.1,647.1,593.277493,647.4061,21,
2026-03-26 22:35:00,647.17,647.17,647.04,647.07,6086.028125,647.1611,27,
2026-03-26 22:36:00,646.96,646.97,646.92,646.92,2453.659511,647.1249,24,
2026-03-26 22:37:00,647.09,647.14,647.09,647.14,596.375189,647.4982,23,
2026-03-26 22:38:00,647.14,647.4,647.14,647.4,744.278723,647.4972,43,
2026-03-26 22:39:00,647.31,647.5,647.31,647.45,1284.341878,647.5589,36,
2026-03-26 22:40:00,647.47,647.56,647.4,647.54,2952.028037,647.4596,48,
2026-03-26 22:41:00,647.6,647.67,647.56,647.6585,1444.933903,648.0629,50,
2026-03-26 22:42:00,647.55,647.61,647.32,647.32,1170.730858,647.8871,58,
2026-03-26 22:43:00,647.3,647.3,647.11,647.11,1276.683287,647.5395,39,
2026-03-26 22:44:00,647.3,647.43,647.16,647.16,1549.80235,647.5769,51,
2026-03-26 22:45:00,647.2,647.33,647.17,647.33,437.022743,647.2642,23,
2026-03-26 22:46:00,647.21,647.28,647.15,647.28,1227.802768,647.6211,34,
2026-03-26 22:47:00,647.18,647.18,646.97,647.09,9790.440233,647.0892,81,
2026-03-26 22:48:00,647.11,647.11,647.11,647.11,314.661801,648.4675,16,
2026-03-26 22:49:00,647.2,647.2,647.2,647.2,256.581366,648.6785,17,
2026-03-26 22:50:00,647.3,647.41,647.3,647.39,862.721031,647.9333,32,
2026-03-26 22:51:00,647.49,647.54,647.49,647.54,350.681586,648.7787,19,
2026-03-26 22:52:00,647.58,647.73,647.58,647.67,332.109219,647.8658,37,
2026-03-26 22:53:00,647.64,647.66,647.51,647.54,1992.357582,647.6834,34,
2026-03-26 22:54:00,647.59,647.73,647.59,647.72,1337.252313,647.8265,28,
2026-03-26 22:55:00,647.66,647.66,647.51,647.51,1426.596801,647.8258,38,
2026-03-26 22:56:00,647.65,647.82,647.65,647.6988,1819.720958,647.9818,66,
2026-03-26 22:57:00,647.66,647.66,647.5684,647.6222,607.500008,648.163,26,
2026-03-26 22:58:00,647.589,647.589,647.46,647.4799,1143.162653,647.6259,42,
2026-03-26 22:59:00,647.4,647.48,647.4,647.48,807.638354,647.9398,32,
2026-03-26 23:00:00,647.47,647.65,647.47,647.65,880.516223,647.9339,22,
2026-03-26 23:01:00,647.64,647.64,647.58,647.58,2155.760813,647.8119,24,
2026-03-26 23:02:00,647.55,647.5519,647.55,647.5519,721.186955,647.7176,14,
2026-03-26 23:03:00,647.6,647.66,647.6,647.66,382.843624,649.0726,24,
2026-03-26 23:04:00,647.65,647.67,647.65,647.65,629.034421,647.6885,35,
2026-03-26 23:05:00,647.621,647.621,647.5,647.53,1506.885663,647.9167,34,
2026-03-26 23:07:00,647.37,647.4,647.3,647.3,457.048983,647.4389,26,
2026-03-26 23:08:00,647.34,647.39,647.3,647.33,2038.010364,647.3454,23,
2026-03-26 23:09:00,647.3302,647.35,647.32,647.32,934.515912,647.6918,16,
2026-03-26 23:10:00,647.29,647.33,647.14,647.27,1595.020529,647.2715,37,
2026-03-26 23:11:00,647.27,647.28,647.2643,647.27,795.634133,647.7864,31,
2026-03-26 23:12:00,647.39,647.39,647.3,647.3,1556.533167,647.5949,19,
2026-03-26 23:13:00,647.26,647.32,647.26,647.32,187.402237,648.6698,10,
2026-03-26 23:14:00,647.33,647.35,647.33,647.35,694.005175,647.3344,10,
2026-03-26 23:15:00,647.28,647.28,647.05,647.05,2131.041867,647.114,51,
2026-03-26 23:16:00,647.22,647.32,647.22,647.32,780.332466,647.5336,31,
2026-03-26 23:17:00,647.3492,647.37,647.3492,647.37,1254.884524,647.8087,28,
2026-03-26 23:18:00,647.37,647.4501,647.37,647.4501,1004.928303,647.9896,32,
2026-03-26 23:19:00,647.48,647.51,647.48,647.51,567.317751,647.8578,22,
2026-03-26 23:20:00,647.54,647.59,647.46,647.46,825.772727,648.17,35,
2026-03-26 23:21:00,647.31,647.31,647.24,647.24,215.714157,649.4212,30,
2026-03-26 23:22:00,647.29,647.31,647.14,647.14,819.143627,647.3426,25,
2026-03-26 23:23:00,647.04,647.17,647.04,647.17,1352.127995,647.1382,28,
2026-03-26 23:24:00,647.1,647.1506,647.1,647.15,618.374563,647.5223,23,
2026-03-26 23:25:00,647.04,647.1,647.04,647.04,914.115041,647.14,22,
2026-03-26 23:26:00,647.13,647.13,647.1,647.1,836.74485,647.6815,20,
2026-03-26 23:27:00,647.12,647.15,647.12,647.15,1068.515853,647.4345,18,
2026-03-26 23:28:00,647.0808,647.0808,647.03,647.05,1930.648944,647.2816,20,
2026-03-26 23:29:00,647.13,647.13,647.13,647.13,76.323017,649.8825,14,
2026-03-26 23:30:00,647.1915,647.27,647.1915,647.26,734.457713,647.6431,19,
2026-03-26 23:31:00,647.51,647.51,647.46,647.47,454.312468,647.9115,20,
2026-03-26 23:32:00,647.501,647.501,647.48,647.48,377.194737,647.8242,23,
2026-03-26 23:33:00,647.46,647.46,647.46,647.46,121.213763,648.6099,19,
2026-03-26 23:34:00,647.48,647.53,647.48,647.53,808.019072,647.5068,28,
2026-03-26 23:35:00,647.54,647.69,647.54,647.65,698.944072,648.4965,27,
2026-03-26 23:36:00,647.58,647.66,647.58,647.66,1659.281924,647.7456,26,
2026-03-26 23:37:00,647.69,647.9,647.69,647.9,4238.673967,647.9659,79,
2026-03-26 23:38:00,647.9,647.91,647.9,647.9,2410.685939,648.0849,34,
2026-03-26 23:39:00,647.82,647.82,647.75,647.75,341.567969,648.89,26,
2026-03-26 23:40:00,647.75,647.79,647.71,647.71,669.317256,648.0578,18,
2026-03-26 23:41:00,647.69,647.8,647.69,647.8,772.491284,648.1738,28,
2026-03-26 23:42:00,647.8748,647.8748,647.8,647.8,560.522856,648.4295,24,
2026-03-26 23:43:00,647.75,647.81,647.68,647.72,882.517433,648.0924,28,
2026-03-26 23:44:00,647.71,647.78,647.71,647.7752,541.125787,647.9125,13,
2026-03-26 23:45:00,647.7191,647.78,647.7191,647.78,237.959956,650.3725,18,
2026-03-26 23:46:00,647.78,647.94,647.78,647.89,883.624258,648.2759,27,
2026-03-26 23:47:00,647.92,647.97,647.87,647.92,2428.179995,647.9699,35,
2026-03-26 23:48:00,647.85,647.9,647.8189,647.9,756.133636,647.9727,26,
2026-03-26 23:49:00,647.9497,647.9497,647.9497,647.9497,130.132036,648.6039,16,
2026-03-26 23:50:00,647.95,648.11,647.95,648.1,4322.74264,648.1478,74,
2026-03-26 23:51:00,647.9304,647.9304,647.9304,647.9304,186.346095,649.1466,18,
2026-03-26 23:52:00,648.02,648.11,648.0,648.0,839.937075,648.7813,33,
2026-03-26 23:53:00,648.04,648.0401,647.92,647.92,1711.026866,647.9878,29,
2026-03-26 23:54:00,647.88,647.99,647.88,647.99,1932.1542,647.9619,27,
2026-03-26 23:55:00,647.98,647.98,647.92,647.95,1509.943229,648.3611,25,
2026-03-26 23:56:00,647.95,647.95,647.9,647.9,783.023458,647.9417,24,
2026-03-26 23:57:00,647.89,647.89,647.8,647.81,3227.074315,647.8451,36,
2026-03-26 23:58:00,647.82,647.86,647.82,647.83,1171.279767,648.006,26,
2026-03-26 23:59:00,647.8117,647.86,647.8,647.86,1479.857087,648.2039,36,
2026-03-27 08:00:00,647.69,647.69,647.4,647.61,4288.0,647.5795,70,
2026-03-27 08:01:00,647.61,648.12,647.47,647.47,8588.0,647.7612,113,
2026-03-27 08:02:00,647.36,647.36,647.2,647.23,3791.0,647.2798,53,
2026-03-27 08:03:00,647.0,647.49,646.88,647.49,2928.0,647.1767,82,
2026-03-27 08:04:00,647.34,647.49,647.27,647.27,1038.0,647.4528,19,
2026-03-27 08:05:00,647.13,647.14,646.74,646.74,1895.0,647.0323,37,
2026-03-27 08:06:00,646.93,647.17,646.93,647.1,1420.0,647.0653,27,
2026-03-27 08:07:00,647.07,647.07,646.75,646.76,498.0,646.9487,17,
2026-03-27 08:08:00,646.88,646.88,646.62,646.67,2961.0,646.673,68,
2026-03-27 08:09:00,646.65,646.67,646.5,646.67,773.0,646.5491,29,
2026-03-27 08:10:00,646.71,646.78,646.64,646.64,690.0,646.6846,20,
2026-03-27 08:11:00,646.6,646.87,646.6,646.87,392.0,646.7391,11,
2026-03-27 08:12:00,646.85,646.85,646.68,646.68,984.0,646.8114,11,
2026-03-27 08:13:00,647.0,647.06,646.86,646.91,1697.0,646.9679,29,
2026-03-27 08:14:00,646.89,646.9,646.75,646.75,1334.0,646.7959,28,
2026-03-27 08:15:00,646.76,647.01,646.75,647.01,1539.0,646.8861,45,
2026-03-27 08:16:00,646.97,646.97,646.97,646.97,407.0,646.8669,16,
2026-03-27 08:17:00,646.79,646.79,646.29,646.29,2629.0,646.3615,59,
2026-03-27 08:18:00,646.25,646.43,646.2,646.3,564.0,646.2932,21,
2026-03-27 08:19:00,646.26,646.37,646.19,646.2,4741.0,646.2609,49,
2026-03-27 08:20:00,646.24,646.24,646.1,646.1,1408.0,646.1659,21,
2026-03-27 08:21:00,646.14,646.72,646.14,646.72,6391.0,646.505,84,
2026-03-27 08:22:00,646.4,646.4,646.39,646.39,290.0,646.3782,10,
2026-03-27 08:23:00,646.35,646.35,646.35,646.35,288.0,646.3489,6,
2026-03-27 08:24:00,646.22,646.26,646.18,646.19,1955.0,646.216,38,
2026-03-27 08:25:00,646.08,646.09,646.08,646.09,1303.0,646.1044,26,
2026-03-27 08:26:00,646.06,646.06,646.06,646.06,151.0,646.0764,10,
2026-03-27 08:27:00,646.0,646.08,646.0,646.08,649.0,646.0144,39,
2026-03-27 08:28:00,645.85,645.85,645.78,645.84,4697.0,645.8263,80,
2026-03-27 08:29:00,645.84,645.91,645.83,645.91,686.0,645.8483,18,
2026-03-27 08:30:00,645.96,646.18,645.96,646.18,652.0,646.0936,20,
2026-03-27 08:31:00,646.02,646.23,645.99,645.99,443.0,646.0775,13,
2026-03-27 08:32:00,646.1,646.1,646.1,646.1,119.0,646.1198,4,
2026-03-27 08:33:00,646.32,646.32,646.3,646.32,609.0,646.3191,20,
2026-03-27 08:34:00,646.24,646.24,646.24,646.24,102.0,646.241,2,
2026-03-27 08:35:00,646.16,646.22,645.77,645.81,2286.0,646.022,33,
2026-03-27 08:36:00,645.79,645.79,645.45,645.66,4102.0,645.5486,68,
2026-03-27 08:37:00,645.7,645.7,645.7,645.7,249.0,645.7092,8,
2026-03-27 08:38:00,645.66,645.89,645.66,645.7,9485.0,645.7313,44,
2026-03-27 08:39:00,645.72,645.72,645.44,645.46,5075.0,645.5284,44,
2026-03-27 08:40:00,645.46,645.49,645.36,645.4,17953.0,645.4538,90,
2026-03-27 08:41:00,645.46,645.67,645.46,645.63,2847.0,645.6197,37,
2026-03-27 08:42:00,645.72,645.76,645.54,645.72,8370.0,645.6488,55,
2026-03-27 08:43:00,645.74,645.74,645.57,645.57,1629.0,645.597,23,
2026-03-27 08:44:00,645.58,645.77,645.47,645.77,2439.0,645.5671,44,
2026-03-27 08:45:00,645.88,645.91,645.88,645.91,1505.0,645.9031,27,
2026-03-27 08:46:00,645.69,645.69,645.61,645.61,351.0,645.6795,14,
2026-03-27 08:47:00,645.59,645.69,645.59,645.69,771.0,645.6384,15,
2026-03-27 08:48:00,645.6,645.6,645.5,645.5,4461.0,645.5159,63,
2026-03-27 08:49:00,645.72,645.75,645.61,645.61,411.0,645.6882,9,
2026-03-27 08:50:00,645.94,645.94,645.94,645.94,170.0,645.8691,16,
2026-03-27 08:51:00,645.92,645.92,645.81,645.81,106.0,645.8507,5,
2026-03-27 08:52:00,645.6,645.61,645.4,645.4,603.0,645.5362,18,
2026-03-27 08:53:00,645.3,645.3,645.23,645.23,1253.0,645.2661,25,
2026-03-27 08:54:00,645.39,645.4,645.27,645.27,327.0,645.355,23,
2026-03-27 08:55:00,645.43,645.47,645.26,645.26,1255.0,645.3436,30,
2026-03-27 08:56:00,645.31,645.36,645.31,645.35,3179.0,645.3408,39,
2026-03-27 08:57:00,645.31,645.49,645.29,645.47,1149.0,645.3548,10,
2026-03-27 08:58:00,645.4,645.4,645.4,645.4,151.0,645.4168,4,
2026-03-27 08:59:00,645.33,645.41,645.33,645.41,417.0,645.4066,13,
2026-03-27 09:00:00,645.38,645.45,645.33,645.38,13336.0,645.3803,68,
2026-03-27 09:01:00,645.38,645.52,645.08,645.08,8399.0,645.3393,106,
2026-03-27 09:02:00,645.08,645.41,645.07,645.34,3200.0,645.1726,30,
2026-03-27 09:03:00,645.31,645.4,645.27,645.37,2482.0,645.3819,27,
2026-03-27 09:04:00,645.2,645.2,644.7,644.76,15077.0,644.7912,258,
2026-03-27 09:05:00,644.8,644.9,644.53,644.65,10574.0,644.8021,159,
2026-03-27 09:06:00,644.7,644.7,644.29,644.34,4407.0,644.4213,78,
2026-03-27 09:07:00,644.29,644.45,644.29,644.38,4652.0,644.399,33,
2026-03-27 09:08:00,644.51,644.51,644.2,644.22,2822.0,644.4338,49,
2026-03-27 09:09:00,644.24,644.31,644.11,644.21,6664.0,644.229,76,
2026-03-27 09:10:00,644.14,644.26,643.98,644.0,14071.0,644.141,222,
2026-03-27 09:11:00,643.98,644.09,643.9,643.93,2567.0,644.0085,36,
2026-03-27 09:12:00,644.5,644.76,644.5,644.69,2325.0,644.634,37,
2026-03-27 09:13:00,644.58,644.96,644.58,644.81,2657.0,644.8081,40,
2026-03-27 09:14:00,644.83,644.9,644.62,644.64,2400.0,644.7534,35,
2026-03-27 09:15:00,644.55,644.93,644.55,644.9,2997.0,644.7389,45,
2026-03-27 09:16:00,644.81,644.88,644.77,644.88,1878.0,644.8158,23,
2026-03-27 09:17:00,644.87,644.87,644.75,644.75,206.0,644.8415,10,
2026-03-27 09:18:00,644.79,644.99,644.7,644.99,2099.0,644.836,31,
2026-03-27 09:19:00,645.0,645.39,645.0,645.29,3313.0,645.152,52,
2026-03-27 09:20:00,645.24,645.29,645.17,645.18,4210.0,645.2047,50,
2026-03-27 09:21:00,645.19,645.42,645.18,645.21,8097.0,645.256,71,
2026-03-27 09:22:00,645.18,645.23,645.07,645.22,5159.0,645.1706,48,
2026-03-27 09:23:00,645.1,645.1,644.83,644.84,3146.0,644.9038,32,
2026-03-27 09:24:00,644.89,645.14,644.89,645.11,2652.0,645.0127,18,
2026-03-27 09:25:00,645.31,645.49,645.31,645.49,1573.0,645.3556,18,
2026-03-27 09:26:00,645.44,645.79,645.44,645.79,4757.0,645.5693,39,
2026-03-27 09:27:00,645.83,645.85,645.71,645.78,6316.0,645.8079,57,
2026-03-27 09:28:00,645.69,645.72,645.5,645.55,2941.0,645.6162,16,
2026-03-27 09:29:00,645.58,645.75,645.58,645.67,4660.0,645.6408,36,
2026-03-27 09:30:00,645.6,645.63,645.45,645.46,4022.0,645.5628,37,
2026-03-27 09:31:00,645.49,645.66,645.46,645.63,5450.0,645.5305,40,
2026-03-27 09:32:00,645.64,646.16,645.64,646.12,4361.0,645.9448,50,
2026-03-27 09:33:00,645.98,646.05,645.98,646.02,2645.0,646.025,36,
2026-03-27 09:34:00,645.95,645.95,645.87,645.87,2081.0,645.9018,14,
2026-03-27 09:35:00,645.9,645.93,645.57,645.57,4663.0,645.7336,62,
2026-03-27 09:36:00,645.63,645.74,645.57,645.62,5451.0,645.6751,58,
2026-03-27 09:37:00,645.62,645.68,645.37,645.49,8488.0,645.4753,109,
2026-03-27 09:38:00,645.57,645.65,645.57,645.65,721.0,645.5861,10,
2026-03-27 09:39:00,645.52,645.52,645.49,645.49,505.0,645.5245,8,
2026-03-27 09:40:00,645.43,645.47,645.35,645.35,1567.0,645.4121,11,
2026-03-27 09:41:00,645.34,645.35,645.34,645.35,301.0,645.358,9,
2026-03-27 09:42:00,645.5,645.52,645.43,645.43,442.0,645.4973,5,
2026-03-27 09:43:00,645.45,645.53,645.39,645.5,11284.0,645.4922,69,
2026-03-27 09:44:00,645.54,645.63,645.53,645.62,1120.0,645.5673,26,
2026-03-27 09:45:00,645.54,645.57,645.07,645.19,3945.0,645.2083,48,
2026-03-27 09:46:00,645.14,645.14,645.03,645.1,738.0,645.1093,19,
2026-03-27 09:47:00,645.11,645.11,644.98,645.0,2875.0,645.0239,31,
2026-03-27 09:48:00,644.93,644.99,644.74,644.74,1205.0,644.8718,19,
2026-03-27 09:49:00,644.8,644.8,644.66,644.67,2195.0,644.7394,39,
2026-03-27 09:50:00,644.82,644.94,644.74,644.94,1769.0,644.8463,19,
2026-03-27 09:51:00,644.94,644.97,644.8,644.8,2103.0,644.8999,23,
2026-03-27 09:52:00,644.82,644.82,644.8,644.8,390.0,644.8115,7,
2026-03-27 09:53:00,644.79,644.83,644.66,644.68,3522.0,644.726,38,
2026-03-27 09:54:00,644.73,644.73,644.68,644.72,2885.0,644.705,30,
2026-03-27 09:55:00,644.71,644.77,644.6,644.68,7141.0,644.7048,71,
2026-03-27 09:57:00,644.83,644.84,644.75,644.75,1683.0,644.8227,25,
2026-03-27 09:58:00,644.75,644.8,644.74,644.74,1810.0,644.755,20,
2026-03-27 09:59:00,644.65,644.65,644.33,644.52,5084.0,644.4728,57,
2026-03-27 10:00:00,644.35,644.52,644.25,644.41,9259.0,644.4134,93,
2026-03-27 10:01:00,644.36,644.43,644.25,644.43,3181.0,644.315,45,
2026-03-27 10:02:00,644.39,644.7,644.24,644.7,1781.0,644.4033,29,
2026-03-27 10:03:00,644.69,644.74,644.51,644.71,2416.0,644.6172,28,
2026-03-27 10:04:00,644.59,644.59,644.47,644.47,2022.0,644.5507,26,
2026-03-27 10:05:00,644.66,644.66,644.61,644.62,387.0,644.6371,16,
2026-03-27 10:06:00,644.76,644.83,644.69,644.69,10484.0,644.7725,127,
2026-03-27 10:07:00,644.95,645.06,644.95,645.06,1493.0,645.0033,24,
2026-03-27 10:08:00,645.0,645.22,645.0,645.09,10049.0,645.104,107,
2026-03-27 10:09:00,645.02,645.05,644.71,644.72,1909.0,644.8144,18,
2026-03-27 10:10:00,644.77,644.78,644.67,644.72,1055.0,644.7336,16,
2026-03-27 10:11:00,644.73,644.74,644.5,644.6,5235.0,644.5849,70,
2026-03-27 10:12:00,644.58,644.62,644.55,644.55,1679.0,644.6047,17,
2026-03-27 10:13:00,644.64,644.67,644.37,644.37,3827.0,644.5577,40,
2026-03-27 10:14:00,644.42,644.45,644.39,644.39,2313.0,644.4299,20,
2026-03-27 10:15:00,644.37,644.44,644.37,644.44,273.0,644.4086,9,
2026-03-27 10:16:00,644.42,644.47,644.4,644.4,818.0,644.4392,17,
2026-03-27 10:17:00,644.82,644.82,644.72,644.72,306.0,644.7709,5,
2026-03-27 10:18:00,644.67,644.67,644.57,644.57,897.0,644.6411,8,
2026-03-27 10:19:00,644.62,644.62,644.54,644.59,1394.0,644.5811,18,
2026-03-27 10:20:00,644.57,644.57,644.38,644.49,1068.0,644.4699,31,
2026-03-27 10:21:00,644.4,644.49,644.35,644.4,2131.0,644.4163,29,
2026-03-27 10:22:00,644.37,644.4,644.27,644.27,5021.0,644.347,44,
2026-03-27 10:23:00,644.45,644.45,644.3,644.41,18304.0,644.3883,97,
2026-03-27 10:24:00,644.4,644.66,644.4,644.49,6875.0,644.5068,86,
2026-03-27 10:25:00,644.54,644.54,644.41,644.48,33226.0,644.4241,102,
2026-03-27 10:26:00,644.44,644.8,644.29,644.79,5919.0,644.409,80,
2026-03-27 10:27:00,644.74,644.74,644.5,644.58,26674.0,644.6265,159,
2026-03-27 10:28:00,644.56,644.57,644.0,644.43,32257.0,644.1768,203,
2026-03-27 10:29:00,644.46,644.46,644.36,644.36,2386.0,644.4211,29,
2026-03-27 10:30:00,644.37,644.57,644.35,644.53,4165.0,644.4527,60,
2026-03-27 10:31:00,644.53,644.56,644.46,644.49,8101.0,644.5119,71,
2026-03-27 10:32:00,644.46,644.47,644.16,644.16,1538.0,644.3421,26,
2026-03-27 10:33:00,644.22,644.22,644.01,644.08,2101.0,644.1299,38,
2026-03-27 10:34:00,644.1,644.31,644.1,644.24,3008.0,644.2505,39,
2026-03-27 10:35:00,644.13,644.13,643.73,643.9,7008.0,643.9547,106,
2026-03-27 10:36:00,644.0,644.04,643.91,643.91,6552.0,643.9887,33,
2026-03-27 10:37:00,643.91,643.91,643.7,643.84,2176.0,643.8116,27,
2026-03-27 10:38:00,643.77,643.79,643.5,643.59,1732.0,643.6441,41,
2026-03-27 10:39:00,643.67,643.71,643.45,643.48,6207.0,643.5914,94,
2026-03-27 10:40:00,643.51,643.57,643.44,643.48,2077.0,643.4764,46,
2026-03-27 10:41:00,643.47,643.47,643.33,643.42,5509.0,643.3774,99,
2026-03-27 10:42:00,643.36,643.74,643.24,643.73,9437.0,643.4835,150,
2026-03-27 10:43:00,643.6,643.6,643.51,643.6,806.0,643.5815,19,
2026-03-27 10:44:00,643.61,643.65,643.57,643.58,3691.0,643.6305,74,
2026-03-27 10:45:00,643.54,643.55,643.25,643.34,8658.0,643.3879,116,
2026-03-27 10:46:00,643.33,643.55,643.27,643.55,974.0,643.4678,18,
2026-03-27 10:47:00,643.59,643.59,643.42,643.47,2357.0,643.4514,32,
2026-03-27 10:48:00,643.46,643.47,643.15,643.24,8159.0,643.2778,111,
2026-03-27 10:49:00,643.33,643.34,643.24,643.27,21922.0,643.2739,185,
2026-03-27 10:50:00,643.18,643.29,643.13,643.18,2868.0,643.2322,47,
2026-03-27 10:51:00,643.2,643.23,642.99,643.21,24925.0,643.0404,284,
2026-03-27 10:52:00,643.24,643.31,643.19,643.22,8369.0,643.2412,76,
2026-03-27 10:53:00,643.2,643.35,643.2,643.24,3467.0,643.2719,72,
2026-03-27 10:54:00,643.29,643.35,643.23,643.33,1108.0,643.2813,27,
2026-03-27 10:55:00,643.21,643.21,642.78,642.78,4570.0,642.8789,59,
2026-03-27 10:56:00,642.84,642.88,642.74,642.88,2829.0,642.7997,57,
2026-03-27 10:57:00,642.73,642.75,642.57,642.74,9609.0,642.6737,136,
2026-03-27 10:58:00,642.53,642.66,642.46,642.66,36059.0,642.5322,223,
2026-03-27 10:59:00,642.68,642.75,642.55,642.74,16570.0,642.6337,177,
2026-03-27 11:00:00,642.82,642.95,642.29,642.38,24526.0,642.7412,489,
2026-03-27 11:01:00,642.4,642.4,642.0,642.19,27633.0,642.1791,403,
2026-03-27 11:02:00,642.2,642.52,642.2,642.45,13734.0,642.4221,150,
2026-03-27 11:03:00,642.42,642.62,642.32,642.42,10171.0,642.4533,119,
2026-03-27 11:04:00,642.401,642.5,642.33,642.33,7308.0,642.4441,89,
2026-03-27 11:05:00,642.32,642.48,642.18,642.18,3076.0,642.2827,51,
2026-03-27 11:06:00,642.2,642.27,642.11,642.27,11039.0,642.1777,91,
2026-03-27 11:07:00,642.26,642.26,642.08,642.15,12455.0,642.1662,113,
2026-03-27 11:08:00,642.08,642.29,642.0,642.29,8149.0,642.0902,199,
2026-03-27 11:09:00,642.32,642.49,642.32,642.39,4785.0,642.3839,66,
2026-03-27 11:10:00,642.38,642.59,642.38,642.59,3165.0,642.4453,57,
2026-03-27 11:11:00,642.59,642.6,642.37,642.4,3869.0,642.4146,51,
2026-03-27 11:12:00,642.44,642.44,642.2,642.33,4468.0,642.3062,59,
2026-03-27 11:13:00,642.27,642.59,642.27,642.5,3665.0,642.5298,70,
2026-03-27 11:14:00,642.48,642.48,642.28,642.36,8324.0,642.3854,139,
2026-03-27 11:15:00,642.39,642.63,642.34,642.6,6045.0,642.4513,66,
2026-03-27 11:16:00,642.61,642.65,642.5,642.65,2015.0,642.5672,36,
2026-03-27 11:17:00,642.58,642.66,642.5,642.53,1752.0,642.5654,51,
2026-03-27 11:18:00,642.45,642.56,642.25,642.56,4120.0,642.4556,54,
2026-03-27 11:19:00,642.51,642.58,642.47,642.55,24549.0,642.4867,158,
2026-03-27 11:20:00,642.5,642.73,642.5,642.72,3471.0,642.5765,55,
2026-03-27 11:21:00,642.65,642.69,642.57,642.69,1701.0,642.6604,27,
2026-03-27 11:22:00,642.5,642.67,642.47,642.67,5543.0,642.5319,89,
2026-03-27 11:23:00,642.67,642.67,642.62,642.62,1999.0,642.6333,23,
2026-03-27 11:24:00,642.59,642.78,642.59,642.66,2838.0,642.683,41,
2026-03-27 11:25:00,642.64,642.66,642.47,642.63,946.0,642.5903,33,
2026-03-27 11:26:00,642.67,642.89,642.67,642.83,3280.0,642.8595,53,
2026-03-27 11:27:00,642.83,642.99,642.82,642.83,2089.0,642.9223,52,
2026-03-27 11:28:00,642.79,642.87,642.78,642.87,889.0,642.8193,25,
2026-03-27 11:29:00,642.89,642.99,642.89,642.99,2334.0,642.9592,31,
2026-03-27 11:30:00,642.94,643.12,642.94,643.05,9448.0,643.0027,129,
2026-03-27 11:31:00,642.96,643.01,642.86,642.86,1605.0,642.9377,52,
2026-03-27 11:32:00,642.76,642.97,642.76,642.85,3423.0,642.8572,50,
2026-03-27 11:33:00,642.9,642.95,642.78,642.78,3036.0,642.8752,43,
2026-03-27 11:34:00,642.84,642.9,642.75,642.85,2814.0,642.847,38,
2026-03-27 11:35:00,642.92,642.92,642.7,642.7,650.0,642.7803,20,
2026-03-27 11:36:00,642.64,642.82,642.59,642.82,3343.0,642.7177,46,
2026-03-27 11:37:00,642.88,642.93,642.85,642.88,1490.0,642.8896,31,
2026-03-27 11:38:00,642.85,642.9,642.75,642.78,10293.0,642.8043,113,
2026-03-27 11:39:00,642.78,643.06,642.78,642.81,25159.0,642.8669,310,
2026-03-27 11:40:00,642.75,642.94,642.72,642.86,2783.0,642.7786,53,
2026-03-27 11:41:00,642.8,643.0,642.8,642.94,2469.0,642.886,38,
2026-03-27 11:42:00,642.94,642.95,642.84,642.87,3496.0,642.9277,63,
2026-03-27 11:43:00,642.81,643.15,642.81,643.09,4054.0,643.0686,59,
2026-03-27 11:44:00,643.11,643.21,642.99,643.09,3716.0,643.0752,59,
2026-03-27 11:45:00,643.15,643.2,643.03,643.04,7074.0,643.1178,74,
2026-03-27 11:46:00,643.29,643.39,643.29,643.35,6257.0,643.3163,85,
2026-03-27 11:47:00,643.33,643.46,643.33,643.41,5906.0,643.4113,71,
2026-03-27 11:48:00,643.47,643.69,643.45,643.68,6853.0,643.5457,109,
2026-03-27 11:49:00,643.69,643.69,643.46,643.67,20640.0,643.621,277,
2026-03-27 11:50:00,643.58,643.77,643.58,643.61,6264.0,643.7043,127,
2026-03-27 11:51:00,643.61,643.62,643.43,643.46,9963.0,643.5157,115,
2026-03-27 11:52:00,643.38,643.48,643.37,643.44,3951.0,643.4145,35,
2026-03-27 11:53:00,643.34,643.34,643.15,643.29,4020.0,643.234,64,
2026-03-27 11:54:00,643.33,643.73,643.33,643.71,17842.0,643.5282,113,
2026-03-27 11:55:00,643.77,643.88,643.75,643.88,9460.0,643.8048,114,
2026-03-27 11:56:00,643.7,643.73,643.43,643.43,8842.0,643.6224,87,
2026-03-27 11:57:00,643.51,643.57,643.39,643.4,2213.0,643.4869,28,
2026-03-27 11:58:00,643.36,643.42,643.14,643.2,6955.0,643.2455,81,
2026-03-27 11:59:00,643.2,643.24,643.13,643.22,5968.0,643.2031,70,
2026-03-27 12:00:00,642.83,647.32,642.0657,643.13,142557.324859,643.5237,4606,
2026-03-27 12:01:00,647.66,649.76,642.94,649.26,40989.492022,647.8551,1466,
2026-03-27 12:02:00,649.3,649.58,642.74,642.98,95522.492096,647.688,1304,
2026-03-27 12:03:00,642.96,649.5,642.74,642.86,7945.846034,643.6291,221,
2026-03-27 12:04:00,642.86,642.86,642.61,642.72,10235.981631,642.7811,155,
2026-03-27 12:05:00,642.67,642.67,642.4,642.48,23620.861573,642.5045,249,
2026-03-27 12:06:00,642.4478,642.51,642.27,642.31,22662.74484,642.3755,327,
2026-03-27 12:07:00,642.3209,642.58,642.3,642.55,13654.058102,642.384,164,
2026-03-27 12:08:00,642.4524,642.4524,642.16,642.29,9323.736776,642.3866,183,
2026-03-27 12:09:00,642.22,642.35,642.19,642.33,7751.798101,642.3413,138,
2026-03-27 12:10:00,642.25,642.33,642.08,642.12,16196.31603,642.199,277,
2026-03-27 12:11:00,642.21,642.52,642.17,642.45,17059.980806,642.3675,227,
2026-03-27 12:12:00,642.44,642.61,642.41,642.6086,15802.338141,642.5649,209,
2026-03-27 12:13:00,642.58,642.68,642.54,642.65,3025.273084,642.662,75,
2026-03-27 12:14:00,642.56,642.6,642.448,642.53,1110.884215,643.0377,46,
2026-03-27 12:15:00,642.5,642.64,642.45,642.626,2464.512524,642.7074,62,
2026-03-27 12:16:00,642.6,642.8,642.5,642.78,19475.595988,642.6333,200,
2026-03-27 12:17:00,642.74,642.93,642.66,642.8701,1645.919551,643.1624,64,
2026-03-27 12:18:00,642.98,643.11,642.9519,642.9519,7988.025264,642.9906,121,
2026-03-27 12:19:00,642.92,643.04,642.8383,642.84,3094.804452,643.1562,83,
2026-03-27 12:20:00,642.745,642.78,642.43,642.48,5654.147392,642.6065,111,
2026-03-27 12:21:00,642.5,642.59,642.4593,642.46,2347.446741,642.625,85,
2026-03-27 12:22:00,642.5,642.64,642.5,642.62,2698.465524,642.6616,69,
2026-03-27 12:23:00,642.74,642.76,642.64,642.64,2607.158135,642.7259,100,
2026-03-27 12:24:00,642.62,642.8131,642.6,642.8131,12789.462465,642.7375,123,
2026-03-27 12:25:00,642.84,643.01,642.83,642.95,2863.906515,643.1147,86,
2026-03-27 12:26:00,642.89,642.89,642.64,642.64,3990.926445,642.8754,96,
2026-03-27 12:27:00,642.7,642.83,642.7,642.8,12447.634573,642.7966,174,
2026-03-27 12:28:00,642.79,642.84,642.66,642.72,6899.726113,642.8417,110,
2026-03-27 12:29:00,642.77,642.88,642.7,642.84,2834.855323,642.9928,100,
2026-03-27 12:30:00,642.88,643.01,642.88,642.88,2648.032358,642.9558,87,
2026-03-27 12:31:00,642.85,642.85,642.65,642.78,7277.400263,642.7348,103,
2026-03-27 12:32:00,642.7614,642.77,642.7,642.77,1944.163076,642.799,59,
2026-03-27 12:33:00,642.76,642.78,642.68,642.6994,11778.350025,642.7608,127,
2026-03-27 12:34:00,642.68,642.68,642.27,642.39,6411.649084,642.472,129,
2026-03-27 12:35:00,642.46,642.53,642.1453,642.28,10390.704724,642.3784,144,
2026-03-27 12:36:00,642.23,642.37,642.21,642.3001,4170.560661,642.3612,79,
2026-03-27 12:37:00,642.28,642.34,642.21,642.34,2513.405914,642.3587,69,
2026-03-27 12:38:00,642.33,642.34,642.18,642.18,8647.750422,642.3452,142,
2026-03-27 12:39:00,642.39,642.6,642.39,642.57,4123.839914,642.6063,98,
2026-03-27 12:40:00,642.54,642.62,642.48,642.5592,13339.563168,642.6177,112,
2026-03-27 12:41:00,642.52,642.75,642.52,642.75,3946.272271,642.7096,85,
2026-03-27 12:42:00,642.67,642.67,642.44,642.47,5614.87458,642.6486,97,
2026-03-27 12:43:00,642.3816,642.45,642.36,642.36,4365.917092,642.5486,82,
2026-03-27 12:44:00,642.4,642.52,642.2,642.52,6237.733999,642.4146,100,
2026-03-27 12:45:00,642.5315,642.63,642.49,642.49,6229.22182,642.5954,118,
2026-03-27 12:46:00,642.52,642.66,642.4,642.4,58215.527515,642.4379,489,
2026-03-27 12:47:00,642.44,642.46,642.1827,642.34,29296.304079,642.2886,305,
2026-03-27 12:48:00,642.39,642.42,642.0,642.0,26402.762085,642.2802,429,
2026-03-27 12:49:00,641.99,642.11,641.8,641.8,20449.594521,641.9401,331,
2026-03-27 12:50:00,641.95,641.95,641.78,641.86,8638.228064,641.8787,150,
2026-03-27 12:51:00,641.95,642.37,641.95,642.37,6279.06527,642.1161,98,
2026-03-27 12:52:00,642.3,642.33,642.19,642.27,5300.514889,642.3281,80,
2026-03-27 12:53:00,642.32,642.6,642.32,642.42,11381.903949,642.5079,160,
2026-03-27 12:54:00,642.3,642.45,642.3,642.35,4020.095225,642.414,86,
2026-03-27 12:55:00,642.38,642.38,642.28,642.32,3857.61635,642.4047,76,
2026-03-27 12:56:00,642.33,642.35,641.9679,641.9748,7804.448708,642.198,112,
2026-03-27 12:57:00,641.99,642.03,641.94,641.99,2374.594809,642.1626,76,
2026-03-27 12:58:00,642.03,642.2675,642.03,642.17,11228.95687,642.2036,191,
2026-03-27 12:59:00,642.2042,642.2042,642.12,642.13,3108.37793,642.2471,70,
2026-03-27 13:00:00,642.15,642.26,641.75,641.86,37537.240819,641.9516,444,
2026-03-27 13:01:00,641.82,642.03,641.8,641.88,14637.639031,641.9316,204,
2026-03-27 13:02:00,641.86,641.93,641.68,641.7,28427.395782,641.8057,296,
2026-03-27 13:03:00,641.71,641.75,641.38,641.57,40368.087466,641.5596,510,
2026-03-27 13:04:00,641.58,641.91,641.58,641.82,35290.212606,641.7417,381,
2026-03-27 13:05:00,641.8466,641.8466,641.55,641.61,17137.676206,641.6642,240,
2026-03-27 13:06:00,641.63,641.65,641.38,641.59,24423.338141,641.4926,370,
2026-03-27 13:07:00,641.59,641.73,641.5,641.58,19900.760814,641.6763,270,
2026-03-27 13:08:00,641.58,641.71,641.5519,641.65,2771.604897,641.7528,84,
2026-03-27 13:09:00,641.53,641.58,641.2,641.44,9638.231513,641.3528,240,
2026-03-27 13:10:00,641.47,641.5,641.1,641.1706,38444.48355,641.2721,414,
2026-03-27 13:11:00,641.22,641.37,641.0,641.3,13216.6604,641.2259,237,
2026-03-27 13:12:00,641.26,641.45,641.1,641.29,14968.204735,641.2465,237,
2026-03-27 13:13:00,641.25,641.51,641.14,641.41,8847.752258,641.3739,187,
2026-03-27 13:14:00,641.46,641.48,641.25,641.35,12387.462258,641.3625,181,
2026-03-27 13:15:00,641.36,641.6,641.3,641.58,12281.700979,641.4536,222,
2026-03-27 13:16:00,641.58,641.811,641.58,641.65,10449.118068,641.728,166,
2026-03-27 13:17:00,641.6,641.78,641.5,641.7,5979.633325,641.6361,116,
2026-03-27 13:18:00,641.66,641.78,641.58,641.76,2342.148871,641.6649,83,
2026-03-27 13:19:00,641.77,641.83,641.67,641.77,11326.984818,641.842,163,
2026-03-27 13:20:00,641.82,642.1481,641.79,642.11,15031.025013,641.9629,220,
2026-03-27 13:21:00,642.14,642.23,642.04,642.23,6046.069964,642.1158,150,
2026-03-27 13:22:00,642.17,642.18,641.96,642.0,7683.041191,642.0613,175,
2026-03-27 13:23:00,641.97,642.0,641.82,641.927,8854.505295,641.9589,185,
2026-03-27 13:24:00,641.99,642.35,641.99,642.25,23159.844192,642.2484,215,
2026-03-27 13:25:00,642.24,642.732,642.23,642.44,40943.624054,642.5447,285,
2026-03-27 13:26:00,642.44,642.55,642.39,642.527,19551.335327,642.4682,197,
2026-03-27 13:27:00,642.42,642.45,642.2,642.4,14638.999522,642.3348,177,
2026-03-27 13:28:00,642.42,642.55,642.35,642.49,30746.215386,642.4552,288,
2026-03-27 13:29:00,642.55,642.68,642.43,642.54,28226.213328,642.537,202,
2026-03-27 13:30:00,642.5,642.66,641.86,641.87,721416.205476,642.3628,12261,
2026-03-27 13:31:00,641.87,641.926,641.13,641.14,415982.156786,641.551,5595,
2026-03-27 13:32:00,641.13,641.18,640.57,641.1399,377125.432307,640.925,6471,
2026-03-27 13:33:00,641.15,641.23,640.835,640.84,286578.696989,641.0353,5016,
2026-03-27 13:34:00,640.85,640.93,640.35,640.495,353018.92044,640.5632,5522,
2026-03-27 13:35:00,640.5,640.585,639.89,640.02,479714.283717,640.1519,8961,
2026-03-27 13:36:00,640.02,640.38,639.77,639.835,946041.087345,640.269,5273,
2026-03-27 13:37:00,639.84,640.82,639.835,640.65,341268.486555,640.3537,5134,
2026-03-27 13:38:00,640.63,641.02,640.53,640.9023,240730.002949,640.8102,3794,
2026-03-27 13:39:00,640.9,641.3,640.79,640.975,333733.584115,641.0684,4716,
2026-03-27 13:40:00,640.97,641.37,640.7001,641.1093,396816.485549,641.0517,5613,
2026-03-27 13:41:00,641.1,641.54,640.64,640.89,255518.178784,640.9512,4057,
2026-03-27 13:42:00,640.89,640.925,640.59,640.79,265926.634545,640.7455,4565,
2026-03-27 13:43:00,640.81,641.23,640.55,641.0525,240088.861119,640.836,4053,
2026-03-27 13:44:00,641.05,641.44,641.0426,641.06,233697.402533,641.1868,3890,
2026-03-27 13:45:00,641.06,641.9,641.02,641.78,383506.134432,641.6001,6025,
2026-03-27 13:46:00,641.79,642.23,641.7,642.12,297607.046043,641.9619,4996,
2026-03-27 13:47:00,642.12,642.31,641.96,642.13,282505.248921,642.1166,4549,
2026-03-27 13:48:00,642.1197,642.44,641.94,642.32,206736.278216,642.1897,3831,
2026-03-27 13:49:00,642.32,642.46,641.75,641.87,257478.708591,642.0835,4405,
2026-03-27 13:50:00,641.88,642.0212,640.93,640.95,306633.791671,641.5154,5389,
2026-03-27 13:51:00,640.97,641.24,640.52,640.55,435598.904369,640.813,5695,
2026-03-27 13:52:00,640.53,640.78,640.29,640.41,240914.533487,640.5137,4083,
2026-03-27 13:53:00,640.43,640.62,640.005,640.21,199909.152653,640.2857,4029,
2026-03-27 13:54:00,640.19,640.24,639.92,640.0099,256612.17796,640.1123,4091,
2026-03-27 13:55:00,640.01,640.03,639.44,639.62,417399.592666,639.6677,5155,
2026-03-27 13:56:00,639.64,639.64,638.88,639.09,370667.015689,639.1903,6383,
2026-03-27 13:57:00,639.0725,639.295,638.92,639.04,280733.954775,639.0763,4321,
2026-03-27 13:58:00,639.04,639.194,638.594,638.7001,260201.338136,638.867,4130,
2026-03-27 13:59:00,638.72,639.37,638.6793,639.05,262274.214179,639.0836,3995,
2026-03-27 14:00:00,639.03,639.6996,638.66,639.57,400235.878056,639.0959,6242,
2026-03-27 14:01:00,639.59,639.76,638.77,638.89,298596.851291,639.1685,4968,
2026-03-27 14:02:00,638.91,639.66,638.84,639.6,223583.12771,639.2135,4534,
2026-03-27 14:03:00,639.66,639.78,639.13,639.25,256547.243023,639.4351,4338,
2026-03-27 14:04:00,639.26,639.59,639.24,639.49,204732.447729,639.4418,3710,
2026-03-27 14:05:00,639.5,639.72,639.17,639.62,253775.759671,639.4377,4859,
2026-03-27 14:06:00,639.65,639.7,639.18,639.265,154410.827959,639.4444,3156,
2026-03-27 14:07:00,639.29,639.62,638.98,639.4403,230537.226452,639.277,4224,
2026-03-27 14:08:00,639.45,639.55,638.79,638.81,242973.894934,639.1015,4237,
2026-03-27 14:09:00,638.85,639.12,638.69,638.85,242834.933567,638.899,4570,
2026-03-27 14:10:00,638.86,639.48,638.81,639.13,328282.010034,639.1942,5337,
2026-03-27 14:11:00,639.15,639.63,639.09,639.5399,177008.980995,639.2921,3283,
2026-03-27 14:12:00,639.5,639.9801,639.5,639.8391,301573.30374,639.7861,5241,
2026-03-27 14:13:00,639.85,639.92,639.21,639.21,258536.602929,639.5403,3418,
2026-03-27 14:14:00,639.21,639.9,639.17,639.71,300014.731971,639.4156,4521,
2026-03-27 14:15:00,639.71,640.15,639.57,640.09,240076.573054,639.8447,4138,
2026-03-27 14:16:00,640.07,640.6,639.96,640.45,410637.352868,640.3545,6525,
2026-03-27 14:17:00,640.46,640.715,640.26,640.715,215540.610092,640.492,3544,
2026-03-27 14:18:00,640.7,640.745,640.1507,640.4,213756.577134,640.3826,3655,
2026-03-27 14:19:00,640.4,640.69,640.35,640.55,159739.847077,640.5447,2918,
2026-03-27 14:20:00,640.53,640.8,640.53,640.755,134393.773716,640.6677,2927,
2026-03-27 14:21:00,640.76,640.79,640.18,640.385,135860.852541,640.5137,2716,
2026-03-27 14:22:00,640.4,640.44,639.516,639.665,216046.808288,639.997,3654,
2026-03-27 14:23:00,639.67,639.95,639.5,639.5,119258.017515,639.6928,2387,
2026-03-27 14:24:00,639.52,639.85,639.4301,639.765,162385.470869,639.6981,3004,
2026-03-27 14:25:00,639.8,640.36,639.74,639.96,189828.151744,640.0777,3627,
2026-03-27 14:26:00,639.97,640.02,639.4036,639.52,193078.221466,639.7777,2586,
2026-03-27 14:27:00,639.53,639.66,639.27,639.33,100345.186964,639.4662,2206,
2026-03-27 14:28:00,639.34,639.54,639.18,639.26,99461.294955,639.3468,2367,
2026-03-27 14:29:00,639.3,639.36,639.08,639.1,131103.742237,639.2288,2798,
2026-03-27 14:30:00,639.1,639.43,639.04,639.18,186711.823295,639.2671,3377,
2026-03-27 14:31:00,639.19,639.65,639.12,639.625,117807.649092,639.4182,2596,
2026-03-27 14:32:00,639.61,639.642,639.09,639.27,114303.561092,639.3291,2184,
2026-03-27 14:33:00,639.29,639.64,639.2,639.4368,62715.684549,639.3537,1745,
2026-03-27 14:34:00,639.46,640.0,639.33,639.6,121667.813082,639.5371,2572,
2026-03-27 14:35:00,639.62,639.75,639.219,639.45,101023.239066,639.4969,2255,
2026-03-27 14:36:00,639.47,639.64,639.23,639.42,81533.760299,639.4546,2089,
2026-03-27 14:37:00,639.43,639.56,639.3,639.37,93046.730268,639.439,2141,
2026-03-27 14:38:00,639.37,639.43,638.715,638.95,184091.681553,639.0396,3807,
2026-03-27 14:39:00,638.95,639.145,638.8,638.83,152349.108897,638.9497,2926,
2026-03-27 14:40:00,638.85,639.29,638.77,639.1,282353.226126,641.7749,2975,
2026-03-27 14:41:00,639.09,639.14,638.77,638.9,105131.49616,638.9587,2332,
2026-03-27 14:42:00,638.8942,639.22,638.83,639.08,85585.367815,639.0769,2064,
2026-03-27 14:43:00,639.08,639.11,638.75,638.84,109185.538977,638.8956,2349,
2026-03-27 14:44:00,638.86,639.1,638.82,639.091,100482.006173,638.9062,2052,
2026-03-27 14:45:00,639.1,639.38,638.76,638.82,157595.222303,639.118,3105,
2026-03-27 14:46:00,638.84,638.94,638.3,638.81,225748.203034,638.6014,3864,
2026-03-27 14:47:00,638.82,639.54,638.7888,639.47,157254.549547,639.1634,3280,
2026-03-27 14:48:00,639.5,639.72,639.36,639.67,343353.892717,639.5764,4344,
2026-03-27 14:49:00,639.67,640.25,639.57,640.23,226144.215061,639.8694,3859,
2026-03-27 14:50:00,640.22,640.51,639.94,640.48,220163.389678,640.1758,3474,
2026-03-27 14:51:00,640.46,640.588,640.01,640.01,176489.773556,640.288,3195,
2026-03-27 14:52:00,640.0,640.46,639.95,640.33,144329.314784,640.1991,2678,
2026-03-27 14:53:00,640.31,640.38,639.82,639.91,127707.402702,640.1233,2494,
2026-03-27 14:54:00,639.89,640.05,639.45,639.5466,198708.266451,639.7194,3406,
2026-03-27 14:55:00,639.58,639.98,639.55,639.93,177840.524943,639.8066,2917,
2026-03-27 14:56:00,639.92,640.18,639.87,640.08,143605.923591,640.0217,2508,
2026-03-27 14:57:00,640.06,640.15,639.85,640.15,88620.976782,639.9924,2026,
2026-03-27 14:58:00,640.16,640.41,640.02,640.12,178400.553457,640.2099,2996,
2026-03-27 14:59:00,640.17,640.35,640.105,640.19,106291.321968,640.2098,2431,
2026-03-27 15:00:00,640.19,640.58,639.96,640.2,261350.0791,640.2471,4289,
2026-03-27 15:01:00,640.2,640.285,640.01,640.1201,124928.265243,640.169,2494,
2026-03-27 15:02:00,640.13,640.5,640.09,640.35,181262.464348,640.3315,3439,
2026-03-27 15:03:00,640.36,640.72,640.19,640.68,111439.202424,640.4598,2332,
2026-03-27 15:04:00,640.68,640.87,640.6,640.72,150178.55286,640.7242,2824,
2026-03-27 15:05:00,640.73,640.87,640.53,640.825,146918.589284,640.6593,2814,
2026-03-27 15:06:00,640.82,641.27,640.37,640.41,397962.505107,640.8324,5532,
2026-03-27 15:07:00,640.4,640.56,640.17,640.17,254233.350637,642.7779,2510,
2026-03-27 15:08:00,640.16,640.53,640.05,640.46,206216.765491,640.3181,3163,
2026-03-27 15:09:00,640.44,640.45,640.005,640.165,114316.090718,640.2322,2315,
2026-03-27 15:10:00,640.17,640.31,639.95,640.08,176209.669848,640.1073,2903,
2026-03-27 15:11:00,640.09,640.32,639.74,639.84,139484.298815,640.0076,2760,
2026-03-27 15:12:00,639.82,639.8625,639.595,639.77,155746.384674,639.7469,2870,
2026-03-27 15:13:00,639.78,639.89,639.61,639.84,109965.772134,639.7566,2128,
2026-03-27 15:14:00,639.83,640.23,639.71,639.76,171988.117364,639.9813,3222,
2026-03-27 15:15:00,639.77,639.875,639.46,639.67,173133.144511,639.6717,3055,
2026-03-27 15:16:00,639.67,639.7838,639.44,639.62,143416.646067,639.6098,2633,
2026-03-27 15:17:00,639.61,639.8,639.07,639.13,295948.461147,639.3382,4885,
2026-03-27 15:18:00,639.13,639.47,639.13,639.35,259953.3162,639.3163,4130,
2026-03-27 15:19:00,639.35,639.44,639.18,639.3,173584.784288,639.3032,2871,
2026-03-27 15:20:00,639.31,639.39,638.99,639.06,175322.042042,639.1713,3500,
2026-03-27 15:21:00,639.07,639.31,638.9401,639.3,112698.161119,639.1273,2259,
2026-03-27 15:22:00,639.31,639.67,639.23,639.44,155701.123185,639.4559,2650,
2026-03-27 15:23:00,639.47,641.49,639.47,641.25,884764.14819,640.6161,11797,
2026-03-27 15:24:00,641.255,641.27,640.13,640.23,532340.613374,640.6657,7672,
2026-03-27 15:25:00,640.25,640.46,640.05,640.28,171225.320269,640.2254,3250,
2026-03-27 15:26:00,640.29,640.67,640.24,640.6128,193090.638003,640.4629,3465,
2026-03-27 15:27:00,640.64,640.89,640.32,640.8499,147645.394192,640.6678,2902,
2026-03-27 15:28:00,640.84,641.03,640.65,640.93,231315.998589,640.8648,4063,
2026-03-27 15:29:00,640.92,640.98,640.54,640.96,186969.255948,640.7182,3098,
2026-03-27 15:30:00,640.99,641.42,640.69,641.34,199363.858495,640.9946,3380,
2026-03-27 15:31:00,641.3,641.84,641.14,641.62,270057.738226,641.5583,4467,
2026-03-27 15:32:00,641.62,641.91,641.4,641.705,152272.096801,641.5935,2919,
2026-03-27 15:33:00,641.7,641.99,641.62,641.86,466898.145332,641.7494,4700,
2026-03-27 15:34:00,641.85,641.96,641.61,641.78,177289.583379,641.7914,3312,
2026-03-27 15:35:00,641.78,641.92,641.6,641.7701,176905.969396,641.7442,3183,
2026-03-27 15:36:00,641.77,641.84,641.41,641.79,160763.862643,641.6056,2960,
2026-03-27 15:37:00,641.8,642.14,641.46,641.73,181316.38733,641.8113,3270,
2026-03-27 15:38:00,641.72,641.75,641.2,641.32,131760.798015,641.4445,2493,
2026-03-27 15:39:00,641.32,641.41,640.99,641.14,125029.438515,641.2166,2614,
2026-03-27 15:40:00,641.13,641.13,640.48,640.68,253126.765212,640.8251,3916,
2026-03-27 15:41:00,640.69,640.78,640.17,640.39,148089.623214,640.4329,2735,
2026-03-27 15:42:00,640.39,640.68,640.23,640.57,155175.886933,640.5448,2696,
2026-03-27 15:43:00,640.58,640.83,640.51,640.7,170072.479562,640.7207,3032,
2026-03-27 15:44:00,640.734,640.88,640.65,640.69,97690.963116,640.7455,1982,
2026-03-27 15:45:00,640.69,641.005,640.64,640.84,91715.325699,640.8053,2107,
2026-03-27 15:46:00,640.83,640.87,640.57,640.8597,94774.462918,640.738,1966,
2026-03-27 15:47:00,640.88,641.12,640.75,640.84,101298.165582,640.9049,2047,
2026-03-27 15:48:00,640.87,641.08,640.83,641.01,80862.351086,640.9518,1697,
2026-03-27 15:49:00,641.02,641.16,640.95,641.07,110637.522879,641.055,1753,
2026-03-27 15:50:00,641.07,641.38,640.97,641.24,154775.524486,641.2278,2598,
2026-03-27 15:51:00,641.23,641.415,641.05,641.2,119220.993939,641.23,2025,
2026-03-27 15:52:00,641.19,641.28,640.78,640.81,210689.78856,641.1063,2979,
2026-03-27 15:53:00,640.83,640.955,640.73,640.785,105349.441692,640.8289,1965,
2026-03-27 15:54:00,640.78,640.96,640.69,640.85,81873.673643,640.8017,1547,
2026-03-27 15:55:00,640.85,640.97,640.69,640.74,154089.388724,640.7983,2389,
2026-03-27 15:56:00,640.75,640.88,640.45,640.5,169539.33763,640.682,2806,
2026-03-27 15:57:00,640.47,640.59,640.31,640.4699,153891.637048,640.4458,2680,
2026-03-27 15:58:00,640.49,640.66,640.27,640.32,126049.474986,640.4473,2184,
2026-03-27 15:59:00,640.32,640.37,640.11,640.28,167012.734951,640.251,2560,
2026-03-27 16:00:00,640.3,640.43,639.95,640.02,203735.476655,640.1767,3386,
2026-03-27 16:01:00,640.03,640.03,639.79,639.91,110602.833936,639.8977,2136,
2026-03-27 16:02:00,639.9,640.23,639.875,640.17,117635.05428,640.0761,1882,
2026-03-27 16:03:00,640.19,640.3899,640.04,640.06,100844.943201,640.2267,1748,
2026-03-27 16:04:00,640.08,640.16,639.93,639.98,83079.047249,640.0399,1730,
2026-03-27 16:05:00,639.98,640.0599,639.85,639.86,82607.45303,639.9515,1602,
2026-03-27 16:06:00,639.85,639.93,639.7,639.87,92892.647609,639.8108,1690,
2026-03-27 16:07:00,639.87,639.93,639.47,639.55,161416.148953,639.6897,2727,
2026-03-27 16:08:00,639.56,639.57,639.22,639.29,156707.104452,639.3712,2570,
2026-03-27 16:09:00,639.28,639.52,639.16,639.18,161952.391721,639.3659,2476,
2026-03-27 16:10:00,639.19,639.22,639.035,639.11,154991.640508,639.1377,2393,
2026-03-27 16:11:00,639.11,639.16,638.86,639.0399,145418.589856,639.0182,2486,
2026-03-27 16:12:00,639.04,639.39,639.015,639.18,165817.510457,639.2462,2547,
2026-03-27 16:13:00,639.21,639.525,639.19,639.3599,159544.645187,639.4028,2434,
2026-03-27 16:14:00,639.36,639.525,639.28,639.525,73670.015347,639.4215,1443,
2026-03-27 16:15:00,639.52,639.59,639.1797,639.24,168493.355462,639.2971,2539,
2026-03-27 16:16:00,639.255,639.35,639.07,639.15,106161.740298,639.2135,1829,
2026-03-27 16:17:00,639.15,639.2278,639.03,639.2278,151622.288297,639.1008,2119,
2026-03-27 16:18:00,639.26,639.34,639.12,639.2,132275.135082,639.2311,2193,
2026-03-27 16:19:00,639.19,639.25,639.12,639.165,112723.534841,639.1852,1816,
2026-03-27 16:20:00,639.17,639.445,639.08,639.42,167066.830505,639.2844,2143,
2026-03-27 16:21:00,639.41,639.58,639.25,639.29,183626.698989,639.4168,2151,
2026-03-27 16:22:00,639.3,639.36,639.17,639.23,117795.227303,639.2703,1787,
2026-03-27 16:23:00,639.22,639.4899,639.22,639.4,106292.942836,639.3742,1718,
2026-03-27 16:24:00,639.38,639.39,639.0,639.02,207590.064139,639.1652,2717,
2026-03-27 16:25:00,639.03,639.07,638.74,638.88,144624.023589,638.9172,2399,
2026-03-27 16:26:00,638.88,638.98,638.58,638.74,280488.163194,638.8064,3598,
2026-03-27 16:27:00,638.73,638.94,638.68,638.94,160214.735194,638.8169,2600,
2026-03-27 16:28:00,638.94,639.0,638.68,638.84,146455.544128,638.8593,2592,
2026-03-27 16:29:00,638.85,638.93,638.7,638.89,87679.444805,638.7983,1782,
2026-03-27 16:30:00,638.88,639.05,638.88,638.97,91987.478848,638.9784,1608,
2026-03-27 16:31:00,638.98,639.04,638.81,638.89,99155.22597,638.9518,1735,
2026-03-27 16:32:00,638.89,638.95,638.76,638.79,114469.439686,638.8527,1693,
2026-03-27 16:33:00,638.7807,638.97,638.75,638.92,98012.858519,638.8776,1755,
2026-03-27 16:34:00,638.91,638.93,638.76,638.81,51908.561027,638.8375,1198,
2026-03-27 16:35:00,638.81,638.8899,638.67,638.805,158687.588786,638.7643,2471,
2026-03-27 16:36:00,638.805,638.91,638.64,638.73,107835.136291,638.7564,1856,
2026-03-27 16:37:00,638.72,638.72,638.23,638.39,255824.762516,638.4123,4226,
2026-03-27 16:38:00,638.4,638.61,638.18,638.255,266586.210737,638.3512,4421,
2026-03-27 16:39:00,638.27,638.45,638.255,638.32,71554.593438,638.3717,1394,
2026-03-27 16:40:00,638.32,638.34,638.08,638.25,170518.275468,638.2325,2483,
2026-03-27 16:41:00,638.26,638.7201,638.24,638.61,249106.656092,638.5332,3453,
2026-03-27 16:42:00,638.62,638.86,638.45,638.49,153353.334648,638.6583,2603,
2026-03-27 16:43:00,638.48,638.83,638.38,638.66,189685.563144,638.5825,2501,
2026-03-27 16:44:00,638.65,638.75,638.48,638.59,111562.042426,638.6025,2207,
2026-03-27 16:45:00,638.6,638.7791,638.45,638.69,120943.047526,638.6243,2126,
2026-03-27 16:46:00,638.69,639.17,638.69,639.08,422072.066677,640.8537,4199,
2026-03-27 16:47:00,639.09,639.35,639.03,639.29,176458.045838,639.2069,2758,
2026-03-27 16:48:00,639.29,639.47,639.12,639.41,196159.873006,639.2812,3069,
2026-03-27 16:49:00,639.4,639.565,639.3696,639.48,168608.627959,639.4618,2524,
2026-03-27 16:50:00,639.48,639.63,639.12,639.28,206284.99735,639.35,3349,
2026-03-27 16:51:00,639.27,639.49,639.05,639.14,250967.787763,639.3377,2790,
2026-03-27 16:52:00,639.15,639.155,638.82,638.89,149654.075106,638.9927,2308,
2026-03-27 16:53:00,638.89,639.0,638.81,638.98,71918.200021,638.9227,1424,
2026-03-27 16:54:00,638.975,639.1,638.86,638.91,98819.670503,639.0005,1669,
2026-03-27 16:55:00,638.91,639.05,638.7501,638.81,90271.334338,638.8578,1626,
2026-03-27 16:56:00,638.82,638.86,638.71,638.85,70472.121573,638.7863,1241,
2026-03-27 16:57:00,638.87,638.88,638.66,638.76,111273.855856,638.7954,1827,
2026-03-27 16:58:00,638.76,638.81,638.62,638.695,80088.461184,638.7303,1491,
2026-03-27 16:59:00,638.69,638.74,638.62,638.7,143889.282487,638.6154,1633,
2026-03-27 17:00:00,638.7,638.84,638.35,638.43,255133.676971,638.6053,3475,
2026-03-27 17:01:00,638.43,638.55,638.14,638.315,476324.750691,640.212,3765,
2026-03-27 17:02:00,638.315,638.33,638.22,638.26,122540.118369,638.2655,2150,
2026-03-27 17:03:00,638.26,638.48,638.23,638.33,123722.733866,638.3646,2108,
2026-03-27 17:04:00,638.33,638.57,638.29,638.46,166916.097937,638.4128,2415,
2026-03-27 17:05:00,638.47,638.63,638.14,638.235,132134.356162,638.378,2143,
2026-03-27 17:06:00,638.23,639.53,638.14,639.53,456498.164299,638.785,6589,
2026-03-27 17:07:00,639.53,639.93,638.675,638.92,738585.819961,639.3131,9918,
2026-03-27 17:08:00,638.92,639.11,638.53,638.64,226525.460002,638.7634,3489,
2026-03-27 17:09:00,638.66,639.02,638.59,638.83,126295.508378,638.7546,1980,
2026-03-27 17:10:00,638.82,638.94,638.52,638.56,101127.487873,638.7203,1885,
2026-03-27 17:11:00,638.56,638.69,638.36,638.48,100916.21067,638.4876,1906,
2026-03-27 17:12:00,638.47,638.56,638.29,638.36,111469.382121,638.4289,1899,
2026-03-27 17:13:00,638.34,638.46,638.12,638.23,123543.959666,638.291,2175,
2026-03-27 17:14:00,638.21,638.48,638.15,638.38,82973.201819,638.3277,1753,
2026-03-27 17:15:00,638.41,638.45,638.22,638.28,112570.766282,638.3578,1842,
2026-03-27 17:16:00,638.28,638.32,638.1099,638.23,81719.659629,638.2204,1548,
2026-03-27 17:17:00,638.23,638.26,637.8,637.95,215466.110591,638.0332,4887,
2026-03-27 17:18:00,637.97,638.03,637.85,637.89,139679.136368,637.913,2192,
2026-03-27 17:19:00,637.9,637.93,637.76,637.89,130838.456069,637.8386,2034,
2026-03-27 17:20:00,637.89,637.91,637.42,637.61,276920.982119,637.5971,4105,
2026-03-27 17:21:00,637.6,637.735,637.41,637.45,106245.729629,637.5856,2086,
2026-03-27 17:22:00,637.44,637.685,637.4,637.655,112787.271684,637.6431,1842,
2026-03-27 17:23:00,637.65,637.65,637.5,637.59,132981.452191,637.589,1765,
2026-03-27 17:24:00,637.58,637.73,637.5,637.58,210487.753639,637.6091,2602,
2026-03-27 17:25:00,637.57,637.57,637.33,637.355,215347.682957,637.4428,2913,
2026-03-27 17:26:00,637.35,637.39,637.1,637.12,289618.520173,637.241,4013,
2026-03-27 17:27:00,637.115,637.15,636.76,636.83,370015.317409,636.9393,5282,
2026-03-27 17:28:00,636.84,636.975,636.67,636.795,165834.293139,636.8555,2724,
2026-03-27 17:29:00,636.795,636.8,636.59,636.62,240109.758089,636.6768,3599,
2026-03-27 17:30:00,636.62,636.94,636.6,636.72,244161.044214,636.8088,3868,
2026-03-27 17:31:00,636.73,636.9,636.68,636.73,120336.120629,636.7659,2317,
2026-03-27 17:32:00,636.74,636.9475,636.69,636.89,127913.605687,636.8167,2329,
2026-03-27 17:33:00,636.89,637.05,636.8391,636.94,167140.000847,636.9767,2713,
2026-03-27 17:34:00,636.94,637.19,636.94,637.11,154696.992769,637.0785,2715,
2026-03-27 17:35:00,637.11,637.25,637.01,637.189,137847.660863,637.1076,2464,
2026-03-27 17:36:00,637.19,637.2,636.96,637.05,89739.465421,637.0748,1826,
2026-03-27 17:37:00,637.045,637.1451,636.9,637.08,125079.174095,636.9772,2291,
2026-03-27 17:38:00,637.09,637.125,636.85,636.97,118389.665434,637.0225,2254,
2026-03-27 17:39:00,636.965,637.01,636.885,636.965,92959.077035,636.9485,1862,
2026-03-27 17:40:00,636.96,637.0,636.795,636.8,115947.84825,636.9094,1860,
2026-03-27 17:41:00,636.8,636.82,636.63,636.68,110998.068902,636.7175,1993,
2026-03-27 17:42:00,636.68,636.7,636.45,636.58,270714.96174,636.5526,3755,
2026-03-27 17:43:00,636.595,636.689,636.42,636.51,158484.052106,636.5828,2421,
2026-03-27 17:44:00,636.51,636.53,636.35,636.48,266985.585105,640.6008,2552,
2026-03-27 17:45:00,636.48,636.835,636.41,636.55,171124.465222,636.6515,2864,
2026-03-27 17:46:00,636.55,636.56,636.4,636.5,99128.367142,636.4959,1879,
2026-03-27 17:47:00,636.505,636.71,636.37,636.57,140950.130761,636.6062,2396,
2026-03-27 17:48:00,636.59,636.6399,636.45,636.55,109646.673494,636.5466,1665,
2026-03-27 17:49:00,636.5578,636.7,636.41,636.43,152090.013878,636.52,2539,
2026-03-27 17:50:00,636.4,636.57,636.32,636.39,129500.030185,636.4274,2390,
2026-03-27 17:51:00,636.4,636.52,636.39,636.45,107933.09893,636.4577,1877,
2026-03-27 17:52:00,636.45,636.57,636.32,636.43,369827.283987,636.4706,2449,
2026-03-27 17:53:00,636.43,636.487,636.29,636.34,133197.571675,636.3875,2306,
2026-03-27 17:54:00,636.34,636.42,636.21,636.4,102799.940333,636.3266,1907,
2026-03-27 17:55:00,636.41,636.52,636.305,636.32,141435.730969,636.4162,3450,
2026-03-27 17:56:00,636.31,636.41,636.081,636.14,271985.681951,636.2095,9654,
2026-03-27 17:57:00,636.13,636.24,635.94,636.18,206915.210478,636.0714,3964,
2026-03-27 17:58:00,636.1899,636.27,636.05,636.195,115203.468362,636.1627,2292,
2026-03-27 17:59:00,636.19,636.345,636.12,636.13,146327.500588,636.2387,2689,
2026-03-27 18:00:00,636.1398,636.28,636.04,636.16,166761.12289,636.2593,2341,
2026-03-27 18:01:00,636.1699,636.305,636.145,636.2,153007.853881,636.2107,2461,
2026-03-27 18:02:00,636.2,636.21,635.98,636.03,152064.101631,636.0935,2549,
2026-03-27 18:03:00,636.02,636.13,635.97,635.98,150060.45454,636.0343,2109,
2026-03-27 18:04:00,635.985,636.02,635.831,635.875,196439.508693,635.9227,2787,
2026-03-27 18:05:00,635.87,636.12,635.79,635.8,162055.060771,635.9167,2517,
2026-03-27 18:06:00,635.8,635.9,635.72,635.74,135894.645743,635.8005,2312,
2026-03-27 18:07:00,635.75,635.83,635.5,635.6187,226391.242915,635.6377,3480,
2026-03-27 18:08:00,635.62,635.71,635.45,635.485,160048.495564,635.5721,2519,
2026-03-27 18:09:00,635.49,635.57,635.38,635.415,172511.68271,635.4491,2559,
2026-03-27 18:10:00,635.415,635.47,635.13,635.4,245234.364816,635.3152,3861,
2026-03-27 18:11:00,635.41,635.54,635.36,635.43,146337.956052,635.447,2618,
2026-03-27 18:12:00,635.42,635.45,635.2,635.2975,165801.128735,635.2963,2460,
2026-03-27 18:13:00,635.295,635.42,635.19,635.2,141418.562853,635.2831,2305,
2026-03-27 18:14:00,635.2,635.61,635.155,635.51,319294.002785,635.3971,4571,
2026-03-27 18:15:00,635.51,635.75,635.41,635.615,690826.415597,640.9077,4343,
2026-03-27 18:16:00,635.61,635.72,635.32,635.62,233741.315068,635.5366,3825,
2026-03-27 18:17:00,635.61,635.91,635.55,635.74,206662.091383,635.7268,3103,
2026-03-27 18:18:00,635.73,636.12,635.73,635.9,244918.979474,635.966,3994,
2026-03-27 18:19:00,635.9125,636.16,635.87,636.105,207718.459736,636.0679,3390,
2026-03-27 18:20:00,636.1,636.34,636.015,636.14,240182.360411,636.1554,3782,
2026-03-27 18:21:00,636.12,636.3,636.0,636.15,154457.905444,636.1438,2478,
2026-03-27 18:22:00,636.15,636.21,635.9017,636.05,121695.204617,636.0371,2054,
2026-03-27 18:23:00,636.05,636.06,635.89,635.92,198111.135037,635.9893,2727,
2026-03-27 18:24:00,635.92,635.93,635.59,635.7,260032.953712,635.734,3683,
2026-03-27 18:25:00,635.71,635.75,635.53,635.71,243236.772092,640.6313,2142,
2026-03-27 18:26:00,635.71,635.78,635.57,635.71,105295.022435,635.6503,1797,
2026-03-27 18:27:00,635.7,636.03,635.6,635.75,171219.830745,635.7996,2633,
2026-03-27 18:28:00,635.75,635.87,635.655,635.83,78504.268615,635.7487,1582,
2026-03-27 18:29:00,635.818,635.95,635.73,635.77,91997.555873,635.8246,1596,
2026-03-27 18:30:00,635.765,635.96,635.67,635.91,255632.777123,640.4677,2306,
2026-03-27 18:31:00,635.9,635.95,635.79,635.82,76306.782708,635.8531,1496,
2026-03-27 18:32:00,635.82,635.9,635.69,635.84,107732.444071,635.8047,1918,
2026-03-27 18:33:00,635.835,635.84,635.5,635.73,201230.14891,635.6867,3220,
2026-03-27 18:34:00,635.73,635.91,635.66,635.82,126353.953999,635.795,2251,
2026-03-27 18:35:00,635.83,635.86,635.52,635.655,123595.480328,635.6141,2026,
2026-03-27 18:36:00,635.65,635.7755,635.65,635.73,67765.486192,635.7035,1330,
2026-03-27 18:37:00,635.74,636.06,635.74,635.86,301941.260581,639.8346,2743,
2026-03-27 18:38:00,635.86,635.87,635.61,635.63,155549.853384,635.777,1723,
2026-03-27 18:39:00,635.625,635.76,635.535,635.75,103720.293877,635.6738,1863,
2026-03-27 18:40:00,635.77,635.8,635.58,635.71,205323.621911,635.6907,3097,
2026-03-27 18:41:00,635.71,635.96,635.66,635.895,183776.736175,635.8398,2735,
2026-03-27 18:42:00,635.91,636.04,635.46,636.03,374892.126515,635.7337,3310,
2026-03-27 18:43:00,636.04,636.73,635.96,636.09,589959.26988,638.2232,6812,
2026-03-27 18:44:00,636.09,636.16,635.87,635.96,186238.599035,636.0108,2446,
2026-03-27 18:45:00,635.98,636.0443,635.815,635.98,119869.650387,635.9313,1922,
2026-03-27 18:46:00,635.975,636.16,635.67,635.84,198986.745751,635.9069,3099,
2026-03-27 18:47:00,635.83,635.87,635.65,635.73,113348.712028,635.7783,1913,
2026-03-27 18:48:00,635.71,635.87,635.65,635.76,102764.738192,635.7493,1858,
2026-03-27 18:49:00,635.755,635.91,635.65,635.67,107623.358773,635.743,1946,
2026-03-27 18:50:00,635.67,635.835,635.615,635.74,107182.10165,635.7467,1816,
2026-03-27 18:51:00,635.73,635.87,635.66,635.71,91539.920637,635.7485,1658,
2026-03-27 18:52:00,635.72,635.75,635.58,635.64,95012.247108,635.6602,1823,
2026-03-27 18:53:00,635.63,635.65,635.2,635.42,324315.746436,635.3629,4504,
2026-03-27 18:54:00,635.41,635.54,635.31,635.37,154886.499423,635.4292,2316,
2026-03-27 18:55:00,635.37,635.435,635.22,635.38,228920.935093,640.8107,1766,
2026-03-27 18:56:00,635.385,635.508,635.335,635.38,163101.952071,635.412,2435,
2026-03-27 18:57:00,635.39,635.51,635.32,635.435,89650.93819,635.4202,1734,
2026-03-27 18:58:00,635.43,635.44,635.24,635.33,171964.75924,635.3345,2241,
2026-03-27 18:59:00,635.32,635.44,635.28,635.38,395726.660557,641.6773,2143,
2026-03-27 19:00:00,635.38,635.68,635.245,635.3,263520.278774,635.5027,4187,
2026-03-27 19:01:00,635.295,635.36,635.02,635.13,377721.998721,638.5312,3760,
2026-03-27 19:02:00,635.12,635.21,634.99,635.039,390778.184944,638.3621,5367,
2026-03-27 19:03:00,635.03,635.06,634.82,634.93,199126.569094,634.9431,3053,
2026-03-27 19:04:00,634.925,634.94,634.72,634.79,149780.407387,634.8113,2257,
2026-03-27 19:05:00,634.79,634.915,634.69,634.73,179368.715595,634.8047,2904,
2026-03-27 19:06:00,634.73,634.87,634.59,634.74,176375.288152,634.7641,2690,
2026-03-27 19:07:00,634.74,634.94,634.58,634.84,321428.158946,638.8882,3177,
2026-03-27 19:08:00,634.84,634.88,634.67,634.68,384942.407798,638.209,3253,
2026-03-27 19:09:00,634.67,634.76,634.52,634.72,349333.795793,638.4691,3476,
2026-03-27 19:10:00,634.715,634.73,634.53,634.63,206027.123962,634.6217,3101,
2026-03-27 19:11:00,634.64,634.81,634.58,634.74,277020.028002,634.6924,4107,
2026-03-27 19:12:00,634.74,635.12,634.7,635.02,246134.433828,634.9771,3687,
2026-03-27 19:13:00,635.01,635.18,634.85,635.01,212905.875818,635.0312,3333,
2026-03-27 19:14:00,635.0,635.14,634.965,635.05,175315.211879,635.0439,2633,
2026-03-27 19:15:00,635.06,635.15,634.97,635.04,173124.194873,635.0506,2871,
2026-03-27 19:16:00,635.05,635.21,635.02,635.15,313877.009425,639.1852,2690,
2026-03-27 19:17:00,635.15,635.39,635.03,635.31,358055.959925,635.2003,4952,
2026-03-27 19:18:00,635.31,635.6099,635.26,635.33,391974.928302,635.4117,5549,
2026-03-27 19:19:00,635.33,635.44,635.25,635.41,177670.808433,635.3333,2813,
2026-03-27 19:20:00,635.4,635.41,635.0601,635.255,360756.592399,635.2625,4955,
2026-03-27 19:21:00,635.26,635.28,634.91,634.98,173912.772716,635.1083,2743,
2026-03-27 19:22:00,634.99,635.26,634.98,635.13,175996.811889,635.1287,2403,
2026-03-27 19:23:00,635.14,635.32,634.87,634.95,288935.204329,635.1124,3730,
2026-03-27 19:24:00,634.95,635.305,634.95,635.18,595494.889703,635.0995,3526,
2026-03-27 19:25:00,635.16,635.165,634.8505,634.945,241821.686771,635.0083,3461,
2026-03-27 19:26:00,634.95,634.97,634.78,634.895,185540.720618,634.8719,2936,
2026-03-27 19:27:00,634.9099,634.93,634.74,634.825,167630.8101,634.8416,2610,
2026-03-27 19:28:00,634.825,634.98,634.69,634.94,303989.023452,634.8049,4378,
2026-03-27 19:29:00,634.95,634.95,634.79,634.859,146469.091545,634.8586,2157,
2026-03-27 19:30:00,634.86,635.17,634.86,634.97,318025.577845,635.017,4521,
2026-03-27 19:31:00,634.96,635.14,634.83,635.01,132848.639292,635.0013,2211,
2026-03-27 19:32:00,635.03,635.12,634.75,634.835,201675.947444,634.9392,3091,
2026-03-27 19:33:00,634.85,635.02,634.69,635.0125,435032.890245,634.818,4651,
2026-03-27 19:34:00,635.02,635.34,635.0,635.29,296500.214353,635.1692,4167,
2026-03-27 19:35:00,635.3,635.35,634.94,635.09,338473.543734,638.9012,3469,
2026-03-27 19:36:00,635.09,635.135,634.77,634.9325,327526.586908,634.8969,4335,
2026-03-27 19:37:00,634.935,635.03,634.83,634.84,172428.235654,634.9553,2724,
2026-03-27 19:38:00,634.84,634.95,634.795,634.95,165553.271636,634.8615,2739,
2026-03-27 19:39:00,634.96,634.97,634.78,634.79,209796.923072,634.8505,3000,
2026-03-27 19:40:00,634.79,634.81,634.31,634.3665,350299.46892,634.5861,5634,
2026-03-27 19:41:00,634.37,634.42,634.07,634.22,501997.564615,634.2651,6164,
2026-03-27 19:42:00,634.22,634.27,634.06,634.19,388830.844506,637.7618,4004,
2026-03-27 19:43:00,634.2,634.41,634.105,634.135,321500.352617,634.2476,4541,
2026-03-27 19:44:00,634.14,634.19,634.05,634.17,298854.312337,634.1299,3766,
2026-03-27 19:45:00,634.15,634.195,633.51,633.52,591554.24332,636.3162,7424,
2026-03-27 19:46:00,633.52,633.72,633.26,633.33,622735.139858,635.8562,6570,
2026-03-27 19:47:00,633.34,633.985,633.32,633.74,654773.958317,635.8765,6728,
2026-03-27 19:48:00,633.749,633.92,633.66,633.7835,415309.559453,633.7958,5654,
2026-03-27 19:49:00,633.79,633.96,633.65,633.85,614121.681198,638.5223,5196,
2026-03-27 19:50:00,633.85,633.85,633.28,633.39,588465.840698,633.5379,7767,
2026-03-27 19:51:00,633.4,633.54,633.1632,633.2725,489371.012645,633.3175,6587,
2026-03-27 19:52:00,633.29,633.4,633.105,633.31,455199.824969,633.2688,5524,
2026-03-27 19:53:00,633.32,634.28,633.26,634.26,657790.401873,633.8196,9113,
2026-03-27 19:54:00,634.24,634.24,633.89,634.05,724490.018155,634.0389,8454,
2026-03-27 19:55:00,634.06,634.94,634.05,634.64,787001.715593,634.569,10190,
2026-03-27 19:56:00,634.63,634.63,634.1,634.455,977088.746085,638.5848,7788,
2026-03-27 19:57:00,634.45,634.61,634.345,634.5,598988.226522,634.4684,7498,
2026-03-27 19:58:00,634.51,634.79,634.5,634.72,1015302.930958,634.6657,11249,
2026-03-27 19:59:00,634.72,635.15,634.04,634.08,3316822.803761,635.446,23084,
2026-03-27 20:00:00,634.08,634.33,633.44,633.5,410858.294442,637.392,1782,
2026-03-27 20:01:00,633.53,634.54,633.3,633.82,919752.531198,640.159,3301,
2026-03-27 20:02:00,633.8,633.92,633.5,633.58,242416.137829,639.6705,919,
2026-03-27 20:03:00,633.56,633.77,633.45,633.76,64554.050367,633.5955,448,
2026-03-27 20:04:00,633.73,633.8,633.52,633.6,67036.607274,633.6917,507,
2026-03-27 20:05:00,633.58,633.83,633.47,633.74,196959.648704,641.1008,532,
2026-03-27 20:06:00,633.71,633.88,633.68,633.7199,62392.267135,633.7554,453,
2026-03-27 20:07:00,633.7,633.86,633.67,633.74,51319.211102,633.7743,374,
2026-03-27 20:08:00,633.71,633.76,633.545,633.545,44867.725096,633.6321,392,
2026-03-27 20:09:00,633.545,633.67,633.4904,633.55,38918.047535,633.5995,411,
2026-03-27 20:10:00,633.6,633.78,633.6,633.6,23298.896088,633.7106,254,
2026-03-27 20:11:00,633.59,634.4,633.385,633.52,114763.05885,634.2064,417,
2026-03-27 20:12:00,633.53,633.55,633.42,633.45,5018168.346565,634.4213,265,
2026-03-27 20:13:00,633.43,633.5,633.34,633.5,571210.515524,634.311,558,
2026-03-27 20:14:00,633.49,633.58,633.33,633.56,167323.406408,642.3743,465,
2026-03-27 20:15:00,633.53,633.56,633.4387,633.48,24863.063832,633.4758,235,
2026-03-27 20:16:00,633.45,633.49,633.37,633.37,23969.933311,633.4626,236,
2026-03-27 20:17:00,633.3601,633.42,632.87,632.93,252728.212298,639.1898,1263,
2026-03-27 20:18:00,633.0,633.15,632.97,633.0552,13426.872264,633.1059,174,
2026-03-27 20:19:00,633.05,633.19,633.03,633.05,31921.37145,633.1145,273,
2026-03-27 20:20:00,633.06,633.1296,632.38,632.69,41297.439955,632.7761,534,
2026-03-27 20:21:00,632.62,632.72,632.27,632.6,33968.150171,632.4964,384,
2026-03-27 20:22:00,632.57,632.64,632.5,632.58,25445.152165,632.5598,256,
2026-03-27 20:23:00,632.5808,632.77,632.5808,632.63,16683.432143,632.6987,238,
2026-03-27 20:24:00,632.61,632.99,632.6,632.93,15346.790909,632.9277,217,
2026-03-27 20:25:00,632.9,633.0,632.85,632.93,40804.294266,632.9389,312,
2026-03-27 20:26:00,633.0,633.1,632.87,632.97,45524.717517,633.0493,317,
2026-03-27 20:27:00,632.95,633.0,632.92,633.0,10671.782338,633.0112,127,
2026-03-27 20:28:00,632.99,632.99,632.74,632.95,9937.938402,632.9595,180,
2026-03-27 20:29:00,632.98,633.13,632.93,633.11,16208.658724,633.0966,205,
2026-03-27 20:30:00,633.1,633.23,633.06,633.06,30613.638244,633.1495,198,
2026-03-27 20:31:00,633.05,633.13,633.04,633.1081,13760.698785,633.1098,137,
2026-03-27 20:32:00,633.07,633.07,632.9204,632.9204,4324.204883,633.0088,137,
2026-03-27 20:33:00,632.92,632.93,632.78,632.89,18664.849394,632.8871,231,
2026-03-27 20:34:00,632.88,632.98,632.83,632.85,8236.35217,632.9029,109,
2026-03-27 20:35:00,632.959,632.959,632.84,632.88,5320.096064,632.8839,102,
2026-03-27 20:36:00,632.88,633.0,632.86,633.0,20268.957643,632.9402,167,
2026-03-27 20:37:00,633.04,633.05,632.99,633.0201,4088.404211,633.0777,64,
2026-03-27 20:38:00,633.08,633.1548,633.08,633.11,7554.966979,633.1959,102,
2026-03-27 20:39:00,633.15,633.21,633.03,633.09,60292.477811,633.1314,387,
2026-03-27 20:40:00,633.06,633.33,632.93,633.26,30933.044278,633.0832,426,
2026-03-27 20:41:00,633.16,633.1841,633.03,633.15,4075.116448,633.1267,87,
2026-03-27 20:42:00,633.08,633.38,632.91,633.33,34438.238375,633.2262,325,
2026-03-27 20:43:00,633.3,633.44,633.22,633.26,39346.372537,633.3071,386,
2026-03-27 20:44:00,633.27,633.35,633.03,633.19,42266.362664,633.2646,347,
2026-03-27 20:45:00,633.1,633.22,633.03,633.16,9157.581569,633.128,108,
2026-03-27 20:46:00,633.16,633.36,633.13,633.23,15234.147863,633.2155,131,
2026-03-27 20:47:00,633.27,633.3,633.22,633.24,26123.502867,633.2667,127,
2026-03-27 20:48:00,633.3,633.33,633.22,633.3099,12379.39422,633.2228,132,
2026-03-27 20:49:00,633.28,633.4,633.25,633.3,67736.340754,633.3409,418,
2026-03-27 20:50:00,633.3587,633.36,633.29,633.32,3590.582969,633.4166,66,
2026-03-27 20:51:00,633.3,633.44,633.3,633.42,2066.706911,633.6168,61,
2026-03-27 20:52:00,633.35,633.48,633.34,633.48,18314.183944,633.4102,116,
2026-03-27 20:53:00,633.45,633.47,633.26,633.26,45502.452703,633.4127,219,
2026-03-27 20:54:00,633.27,633.5,633.2003,633.5,5512.34579,632.9785,96,
2026-03-27 20:55:00,633.3571,633.36,633.33,633.33,621.868283,630.8813,38,
2026-03-27 20:56:00,633.35,633.41,633.3402,633.41,1008.115701,633.4363,43,
2026-03-27 20:57:00,633.41,633.41,633.25,633.25,6192.770423,633.0174,138,
2026-03-27 20:58:00,633.2504,633.3,633.21,633.25,4202.054633,633.3414,105,
2026-03-27 20:59:00,633.2026,633.24,633.11,633.11,14573.187719,633.1516,137,
2026-03-27 21:00:00,633.11,633.27,633.1,633.27,3009.932829,633.3797,72,
2026-03-27 21:01:00,633.25,633.5,633.25,633.4,7175.346611,633.4547,108,
2026-03-27 21:02:00,633.34,633.5,633.34,633.449,6823.464853,633.4595,62,
2026-03-27 21:03:00,633.4,633.41,633.4,633.4,5752.363009,633.4417,44,
2026-03-27 21:04:00,633.4,633.4495,633.4,633.4,519.268461,633.7388,24,
2026-03-27 21:05:00,633.4,633.45,633.4,633.4,44810.42372,633.4063,72,
2026-03-27 21:06:00,633.3985,633.4,633.36,633.4,723.635273,633.9299,44,
2026-03-27 21:07:00,633.4,633.4,633.362,633.4,483.217088,628.3188,31,
2026-03-27 21:08:00,633.3459,633.35,633.27,633.34,4144.344077,633.2373,61,
2026-03-27 21:09:00,633.29,633.29,633.1408,633.28,9414.37252,633.2976,86,
2026-03-27 21:10:00,633.26,633.28,633.1835,633.2554,51525.394569,633.2825,51,
2026-03-27 21:11:00,633.26,633.26,633.2,633.25,1955.840455,633.5216,43,
2026-03-27 21:12:00,633.249,633.25,633.2019,633.25,1609.231255,632.9653,51,
2026-03-27 21:13:00,633.25,633.25,633.22,633.22,3908.347902,633.3056,46,
2026-03-27 21:14:00,633.25,633.25,633.21,633.25,2119.728838,632.9349,27,
2026-03-27 21:15:00,633.25,633.25,633.18,633.18,3929.067999,633.2465,73,
2026-03-27 21:16:00,633.152,633.18,633.152,633.17,2966.9595,633.3809,52,
2026-03-27 21:17:00,633.13,633.13,633.08,633.08,23285.577826,633.1186,72,
2026-03-27 21:18:00,633.09,633.1,633.081,633.0993,9194.628074,633.1429,208,
2026-03-27 21:19:00,633.08,633.1,633.05,633.1,6589.489625,633.121,73,
2026-03-27 21:20:00,633.15,633.15,633.1,633.1,10477.308374,633.1203,37,
2026-03-27 21:21:00,633.12,633.15,633.1,633.1,9892.768149,633.1566,95,
2026-03-27 21:22:00,633.11,633.15,633.11,633.14,21138.755722,633.1719,52,
2026-03-27 21:23:00,633.16,633.17,633.16,633.1671,885.077389,633.2192,29,
2026-03-27 21:24:00,633.17,633.18,633.16,633.16,14610.63789,633.1975,44,
2026-03-27 21:25:00,633.17,633.17,633.15,633.15,1157.307755,633.3236,32,
2026-03-27 21:26:00,633.14,633.15,633.14,633.14,1149.795523,633.5811,47,
2026-03-27 21:27:00,633.13,633.13,633.11,633.1106,1792.263579,633.2081,27,
2026-03-27 21:28:00,633.11,633.13,633.11,633.13,350.338452,633.7388,28,
2026-03-27 21:29:00,633.12,633.13,633.11,633.11,4061.364426,633.1709,48,
2026-03-27 21:30:00,633.1,633.1,633.04,633.04,2176.128325,633.1199,35,
2026-03-27 21:31:00,633.08,633.08,633.04,633.04,1379.717107,633.3895,50,
2026-03-27 21:32:00,633.05,633.07,633.05,633.06,293.289047,633.6965,35,
2026-03-27 21:33:00,633.1462,633.15,633.14,633.15,4430.678664,633.2466,22,
2026-03-27 21:34:00,633.16,633.18,633.16,633.17,871.364668,633.4275,35,
2026-03-27 21:35:00,633.16,633.24,633.16,633.18,1520.252239,633.3018,27,
2026-03-27 21:36:00,633.22,633.24,633.17,633.22,2533.480285,633.3502,27,
2026-03-27 21:37:00,633.24,633.3,633.24,633.3,1531.52836,633.4683,35,
2026-03-27 21:38:00,633.3,633.45,633.3,633.3001,970.759628,633.8556,37,
2026-03-27 21:39:00,633.3994,633.3994,633.301,633.3416,697.01581,633.3612,30,
2026-03-27 21:40:00,633.31,633.34,633.31,633.31,769.749542,633.9371,39,
2026-03-27 21:41:00,633.36,633.41,633.36,633.41,7628.968319,633.476,58,
2026-03-27 21:42:00,633.4098,633.4098,633.4,633.4,2024.525154,633.565,35,
2026-03-27 21:43:00,633.405,633.56,633.4,633.45,2245.398799,633.5612,42,
2026-03-27 21:44:00,633.43,633.5471,633.43,633.5,8126.864412,633.555,64,
2026-03-27 21:45:00,633.5,633.58,633.5,633.58,1004.015433,633.5459,43,
2026-03-27 21:46:00,633.5801,633.8,633.5801,633.79,8512.763919,633.7325,164,
2026-03-27 21:47:00,633.8,633.8386,633.74,633.75,8223.715617,633.8351,48,
2026-03-27 21:48:00,633.7165,633.75,633.69,633.75,6028.961277,633.8089,91,
2026-03-27 21:49:00,633.74,633.75,633.7,633.75,377.254051,634.1622,38,
2026-03-27 21:50:00,633.75,633.75,633.75,633.75,347.010661,633.7666,75,
2026-03-27 21:51:00,633.75,633.75,633.7,633.7,5960.191755,633.7239,39,
2026-03-27 21:52:00,633.7,633.75,633.7,633.7,1729.126117,633.7603,50,
2026-03-27 21:53:00,633.7006,633.73,633.65,633.65,997.305648,633.8795,33,
2026-03-27 21:54:00,633.5,633.74,633.5,633.74,791.826587,634.358,32,
2026-03-27 21:55:00,633.76,633.76,633.66,633.67,1194.93052,634.1788,36,
2026-03-27 21:56:00,633.67,633.67,633.55,633.56,5731.22447,633.6128,162,
2026-03-27 21:57:00,633.5,633.5,633.35,633.37,2096.781448,633.6395,93,
2026-03-27 21:58:00,633.38,633.38,633.14,633.25,9806.93551,633.3367,120,
2026-03-27 21:59:00,633.19,633.3,633.19,633.24,1347.261539,633.3834,41,
2026-03-27 22:00:00,633.22,633.23,633.2,633.2036,1870.95464,633.5444,50,
2026-03-27 22:01:00,633.2,633.35,633.19,633.3204,2106.223865,633.269,51,
2026-03-27 22:02:00,633.4,633.4,633.2812,633.2812,452.25281,633.7205,36,
2026-03-27 22:03:00,633.39,633.39,633.3,633.3,645.593582,633.8991,30,
2026-03-27 22:04:00,633.31,633.31,633.31,633.31,195.596089,635.2418,24,
2026-03-27 22:05:00,633.29,633.39,633.27,633.27,1099.288151,633.4762,38,
2026-03-27 22:06:00,633.26,633.3,633.22,633.29,1186.018663,633.2951,38,
2026-03-27 22:07:00,633.31,633.31,633.31,633.31,148.576295,635.8189,25,
2026-03-27 22:08:00,633.395,633.46,633.3,633.46,1654.671951,633.606,43,
2026-03-27 22:09:00,633.39,633.4,633.3,633.3,1526.232422,633.4196,34,
2026-03-27 22:10:00,633.4329,633.45,633.4,633.4045,2576.188713,633.4635,37,
2026-03-27 22:11:00,633.3,633.38,633.29,633.31,2922.920203,633.5057,43,
2026-03-27 22:12:00,633.31,633.31,632.8,633.29,2920.47418,633.3569,79,
2026-03-27 22:13:00,633.29,633.29,633.0938,633.0938,396.064445,633.3047,29,
2026-03-27 22:14:00,633.1946,633.3,633.09,633.3,3572.696434,633.3837,46,
2026-03-27 22:15:00,633.35,633.35,633.35,633.35,249.035711,633.4501,27,
2026-03-27 22:16:00,633.4,633.45,633.4,633.45,501.297673,633.8031,28,
2026-03-27 22:17:00,633.33,633.43,633.31,633.43,753.934012,634.1412,30,
2026-03-27 22:18:00,633.31,633.31,633.3,633.3059,873.111898,633.392,43,
2026-03-27 22:19:00,633.3,633.33,633.29,633.33,2215.528455,633.4542,31,
2026-03-27 22:21:00,633.3491,633.35,633.3491,633.35,747.864454,634.0791,35,
2026-03-27 22:22:00,633.3491,633.35,633.33,633.35,1272.746927,633.7203,30,
2026-03-27 22:23:00,633.36,633.36,633.1001,633.1001,1392.267848,633.3796,55,
2026-03-27 22:24:00,633.19,633.19,633.1,633.15,1445.102794,633.1863,41,
2026-03-27 22:25:00,633.14,633.15,633.14,633.15,2352.11177,633.1695,37,
2026-03-27 22:26:00,633.14,633.14,633.0674,633.0674,156.097662,633.5035,17,
2026-03-27 22:27:00,633.1,633.13,633.1,633.13,2171.860534,633.375,47,
2026-03-27 22:28:00,633.13,633.13,633.13,633.13,2260.097429,633.1557,50,
2026-03-27 22:29:00,633.13,633.13,633.1006,633.1291,1328.135413,633.1861,82,
2026-03-27 22:30:00,633.13,633.14,633.1,633.12,678.315909,633.4212,34,
2026-03-27 22:31:00,633.1008,633.15,633.1008,633.13,1942.822245,633.3852,37,
2026-03-27 22:32:00,633.14,633.15,633.14,633.15,839.419827,633.4617,27,
2026-03-27 22:33:00,633.15,633.17,633.1409,633.17,1602.588299,634.8627,27,
2026-03-27 22:34:00,633.2,633.2,633.14,633.14,717.748097,633.8157,42,
2026-03-27 22:35:00,633.12,633.18,633.11,633.18,1340.901408,633.5685,39,
2026-03-27 22:36:00,633.18,633.2,633.1304,633.1884,2548.34023,633.2502,41,
2026-03-27 22:37:00,633.13,633.15,633.13,633.15,277.330382,633.9025,34,
2026-03-27 22:38:00,633.17,633.17,633.17,633.17,1301.578194,633.4518,22,
2026-03-27 22:39:00,633.1961,633.2,633.17,633.18,758.240667,633.387,27,
2026-03-27 22:40:00,633.18,633.19,633.15,633.1501,1059.762935,633.6295,42,
2026-03-27 22:41:00,633.15,633.2,633.15,633.19,312.479697,634.1516,21,
2026-03-27 22:42:00,633.16,633.16,633.16,633.16,131.322367,634.7219,23,
2026-03-27 22:43:00,633.18,633.18,633.15,633.15,1183.616898,633.4821,24,
2026-03-27 22:44:00,633.17,633.2,633.17,633.2,874.236581,633.3533,41,
2026-03-27 22:45:00,633.14,633.1999,633.14,633.19,590.494562,633.7054,39,
2026-03-27 22:46:00,633.18,633.1888,633.18,633.18,656.189873,633.3676,27,
2026-03-27 22:47:00,633.15,633.1848,633.1,633.1,1230.96147,633.6266,45,
2026-03-27 22:48:00,633.05,633.15,633.05,633.05,1783.537331,633.3064,39,
2026-03-27 22:49:00,633.1,633.1,633.0207,633.0207,1474.291267,633.1665,73,
2026-03-27 22:50:00,633.0617,633.0735,633.0617,633.0735,246.270929,633.7648,17,
2026-03-27 22:51:00,633.08,633.08,633.03,633.0735,1342.429343,633.25,33,
2026-03-27 22:52:00,633.03,633.03,632.9244,632.99,2154.085583,633.0233,160,
2026-03-27 22:53:00,632.95,632.95,632.89,632.9,649.504301,633.4045,83,
2026-03-27 22:54:00,632.9,632.9,632.8507,632.88,1734.729745,633.1397,56,
2026-03-27 22:55:00,632.85,632.85,632.8,632.84,4380.264775,632.8589,52,
2026-03-27 22:56:00,632.84,632.99,632.84,632.86,3214.048062,632.9713,47,
2026-03-27 22:57:00,632.99,632.99,632.91,632.91,279.561467,634.2243,29,
2026-03-27 22:58:00,632.83,632.95,632.83,632.95,323.130194,633.1258,23,
2026-03-27 22:59:00,632.9499,632.9499,632.9499,632.9499,120.107473,633.5078,29,
2026-03-27 23:00:00,632.8525,632.95,632.8508,632.8508,456.658005,633.8229,31,
2026-03-27 23:01:00,632.9801,632.9801,632.9801,632.9801,203.793379,635.4428,26,
2026-03-27 23:02:00,632.98,632.981,632.98,632.981,196.995318,636.193,27,
2026-03-27 23:03:00,632.92,632.98,632.85,632.89,1688.018927,632.9154,59,
2026-03-27 23:04:00,632.87,632.88,632.8,632.88,1547.625177,633.0858,42,
2026-03-27 23:05:00,632.83,632.89,632.8,632.81,2499.225047,632.8856,43,
2026-03-27 23:06:00,632.8187,632.94,632.81,632.88,801.765228,633.4479,36,
2026-03-27 23:07:00,632.81,632.81,632.81,632.81,412.560109,633.6881,49,
2026-03-27 23:08:00,632.85,632.85,632.85,632.85,234.552641,634.3438,13,
2026-03-27 23:09:00,632.82,632.85,632.8,632.8,12162.317762,632.8187,85,
2026-03-27 23:10:00,632.79,632.82,632.7696,632.81,2283.501506,632.9252,70,
2026-03-27 23:11:00,632.74,632.76,632.7,632.76,10305.629405,632.7428,102,
2026-03-27 23:12:00,632.77,632.82,632.71,632.81,2439.1936,632.8321,47,
2026-03-27 23:13:00,632.7104,632.76,632.7104,632.734,1450.456466,632.9185,29,
2026-03-27 23:14:00,632.76,632.76,632.71,632.71,752.584958,633.2307,19,
2026-03-27 23:15:00,632.71,632.72,632.7,632.7,1067.319968,632.902,43,
2026-03-27 23:16:00,632.7,632.7037,632.7,632.7,4256.683805,632.8018,26,
2026-03-27 23:17:00,632.65,632.66,632.65,632.66,1337.467159,632.8754,92,
2026-03-27 23:19:00,632.68,632.68,632.66,632.66,795.288189,632.8983,43,
2026-03-27 23:20:00,632.65,632.66,632.64,632.64,1993.20393,632.7128,46,
2026-03-27 23:21:00,632.66,632.6653,632.66,632.6653,477.455418,633.2674,31,
2026-03-27 23:22:00,632.67,632.68,632.67,632.68,784.065322,632.7245,22,
2026-03-27 23:23:00,632.68,632.68,632.61,632.61,1879.66589,632.8686,47,
2026-03-27 23:24:00,632.63,632.63,632.62,632.62,1106.424766,632.873,29,
2026-03-27 23:25:00,632.65,632.65,632.65,632.65,1057.640993,633.0331,20,
2026-03-27 23:26:00,632.65,632.65,632.63,632.65,810.313394,632.891,31,
2026-03-27 23:27:00,632.65,632.65,632.62,632.65,718.24742,632.8586,29,
2026-03-27 23:28:00,632.65,632.65,632.65,632.65,127.052644,632.9143,15,
2026-03-27 23:29:00,632.67,632.99,632.67,632.9732,6013.399858,632.9663,200,
2026-03-27 23:30:00,632.72,632.87,632.72,632.81,386.860843,634.1969,22,
2026-03-27 23:31:00,632.81,632.84,632.8,632.84,447.420869,633.4064,30,
2026-03-27 23:32:00,632.83,632.83,632.8,632.82,1428.289599,632.9533,26,
2026-03-27 23:33:00,632.83,632.83,632.82,632.83,824.418098,633.1501,23,
2026-03-27 23:34:00,632.83,632.92,632.83,632.92,529.508857,633.4794,28,
2026-03-27 23:35:00,632.97,632.97,632.96,632.96,364.955242,634.6247,30,
2026-03-27 23:36:00,632.9783,632.9783,632.92,632.92,333.680899,634.2522,23,
2026-03-27 23:37:00,632.9,632.99,632.9,632.9065,786.517177,633.3575,31,
2026-03-27 23:38:00,632.95,632.95,632.95,632.95,166.732257,635.7287,22,
2026-03-27 23:39:00,632.91,632.95,632.91,632.95,321.690437,634.2784,27,
2026-03-27 23:40:00,632.92,632.9799,632.9,632.9799,2215.606749,633.1105,28,
2026-03-27 23:41:00,632.9605,632.9605,632.96,632.96,177.370248,634.2871,18,
2026-03-27 23:42:00,632.96,632.97,632.9039,632.95,1207.634277,633.2663,30,
2026-03-27 23:43:00,632.92,632.92,632.91,632.91,879.31157,633.1386,31,
2026-03-27 23:44:00,632.92,632.98,632.9019,632.9019,2518.421502,633.0509,36,
2026-03-27 23:45:00,632.98,632.98,632.9006,632.91,700.0412,632.963,24,
2026-03-27 23:46:00,632.93,633.05,632.91,633.0,4774.119016,632.9941,28,
2026-03-27 23:47:00,633.0,633.0025,633.0,633.0,2393.473914,633.1258,32,
2026-03-27 23:48:00,633.0,633.19,633.0,633.19,2368.653624,633.2812,33,
2026-03-27 23:49:00,633.04,633.18,633.0017,633.0017,3959.922456,633.214,51,
2026-03-27 23:50:00,633.01,633.15,633.0,633.0548,1901.315927,633.1445,33,
2026-03-27 23:51:00,633.1,633.1,633.1,633.1,166.202686,633.8891,23,
2026-03-27 23:52:00,633.01,633.1,633.01,633.01,1849.352278,633.1488,40,
2026-03-27 23:53:00,633.0999,633.0999,633.01,633.06,2127.237385,633.123,38,
2026-03-27 23:54:00,633.08,633.09,632.9968,633.0,3853.434747,633.0877,80,
2026-03-27 23:55:00,633.0,633.05,632.9801,632.9801,2473.863784,633.2443,63,
2026-03-27 23:56:00,633.04,633.05,633.02,633.05,927.386823,633.3145,37,
2026-03-27 23:57:00,633.09,633.15,633.09,633.12,1895.618255,633.3241,38,
2026-03-27 23:58:00,633.12,633.12,632.73,632.7462,5894.539546,632.9648,120,
2026-03-27 23:59:00,632.72,632.98,632.6701,632.98,4740.11946,632.7484,45,
2026-03-30 08:00:00,636.88,636.88,634.52,636.6,11492.364762,636.5729,970,
2026-03-30 08:01:00,636.85,636.92,634.22,636.57,7873.159824,635.3116,330,
2026-03-30 08:02:00,636.55,637.07,634.1,636.75,135793.239925,635.4431,2110,
2026-03-30 08:03:00,636.37,636.45,636.27,636.44,7223.186658,636.4037,138,
2026-03-30 08:04:00,636.58,636.8219,636.58,636.8219,1727.046957,636.6175,32,
2026-03-30 08:05:00,636.84,637.19,636.83,637.12,9138.06969,637.0315,144,
2026-03-30 08:06:00,637.19,637.22,636.8,636.8,14757.61825,637.1478,106,
2026-03-30 08:07:00,636.85,636.87,636.68,636.8,2284.482294,636.9522,39,
2026-03-30 08:08:00,636.67,636.75,636.66,636.75,1775.050802,636.7301,59,
2026-03-30 08:09:00,636.87,637.08,636.85,637.08,1514.036766,636.9776,24,
2026-03-30 08:10:00,637.06,637.17,637.0,637.17,4526.279053,637.1311,69,
2026-03-30 08:11:00,637.17,637.17,637.09,637.13,1125.107767,637.1622,26,
2026-03-30 08:12:00,637.19,637.31,637.19,637.31,1494.064143,637.2559,52,
2026-03-30 08:13:00,637.19,637.4,637.13,637.4,1870.074329,637.2037,36,
2026-03-30 08:14:00,637.4,637.45,637.31,637.31,1176.998999,637.9345,43,
2026-03-30 08:15:00,637.38,637.47,637.22,637.47,3770.043774,637.355,76,
2026-03-30 08:16:00,637.37,637.64,637.36,637.6,3350.037453,637.5365,98,
2026-03-30 08:17:00,637.64,637.64,637.55,637.55,534.586866,638.2878,29,
2026-03-30 08:18:00,637.5,637.59,637.41,637.41,2486.03725,637.4832,32,
2026-03-30 08:19:00,637.43,637.46,637.42,637.46,826.02069,637.453,28,
2026-03-30 08:20:00,637.45,637.48,637.41,637.42,420.212462,637.7676,18,
2026-03-30 08:21:00,637.41,637.59,637.3,637.42,6508.064064,637.4421,106,
2026-03-30 08:22:00,637.43,637.45,637.36,637.45,4352.235083,637.4498,73,
2026-03-30 08:23:00,637.5,637.5,637.1,637.1,3074.058772,637.3795,49,
2026-03-30 08:24:00,637.14,637.21,637.12,637.21,901.447955,637.4825,30,
2026-03-30 08:25:00,637.15,637.2,637.13,637.13,665.037398,637.186,33,
2026-03-30 08:26:00,637.19,637.44,637.19,637.35,8408.416314,637.3967,67,
2026-03-30 08:27:00,637.45,637.45,637.45,637.45,171.099508,637.8496,15,
2026-03-30 08:28:00,637.42,637.48,637.42,637.43,3259.891738,637.6262,44,
2026-03-30 08:29:00,637.55,637.55,637.52,637.52,317.140665,637.805,17,
2026-03-30 08:30:00,637.5,637.61,637.5,637.61,1775.308765,637.6715,46,
2026-03-30 08:31:00,637.61,637.85,637.6,637.85,2666.429269,637.7945,57,
2026-03-30 08:32:00,637.8,637.86,637.7,637.7,2450.031984,637.7904,52,
2026-03-30 08:33:00,637.83,637.85,637.7,637.71,2367.037343,637.8019,53,
2026-03-30 08:34:00,637.7,637.7,637.46,637.5,375.486351,638.3981,30,
2026-03-30 08:35:00,637.45,637.49,637.33,637.4,1171.041413,637.433,41,
2026-03-30 08:36:00,637.35,637.47,637.35,637.46,426.005334,637.4198,15,
2026-03-30 08:37:00,637.5,637.57,637.41,637.57,1624.037237,637.4839,51,
2026-03-30 08:38:00,637.56,637.93,637.56,637.93,5536.061695,637.8189,84,
2026-03-30 08:39:00,637.9,637.9,637.68,637.68,1831.285055,637.9098,50,
2026-03-30 08:40:00,637.74,637.75,637.6,637.6,2801.022012,637.6979,41,
2026-03-30 08:41:00,637.5,637.61,637.47,637.61,4077.040291,637.4885,47,
2026-03-30 08:42:00,637.58,637.58,637.49,637.49,1884.021284,637.5499,26,
2026-03-30 08:43:00,637.51,637.51,637.37,637.43,654.026603,637.461,22,
2026-03-30 08:44:00,637.39,637.56,637.39,637.56,552.016014,637.4891,15,
2026-03-30 08:45:00,637.54,637.61,637.54,637.54,1066.330336,637.7553,26,
2026-03-30 08:46:00,637.61,637.61,637.5,637.51,809.026613,637.6189,18,
2026-03-30 08:47:00,637.6,637.63,637.47,637.5,1674.035881,637.6022,28,
2026-03-30 08:48:00,637.49,637.49,637.17,637.22,1010.915696,637.8748,43,
2026-03-30 08:49:00,637.32,637.81,637.32,637.81,994.094145,637.6856,40,
2026-03-30 08:50:00,637.74,637.76,637.7,637.7,1749.010678,637.72,26,
2026-03-30 08:51:00,637.72,637.83,637.72,637.78,1623.071765,637.8035,29,
2026-03-30 08:52:00,637.77,637.77,637.75,637.75,527.083687,637.8696,13,
2026-03-30 08:53:00,637.69,637.77,637.69,637.77,496.345623,638.1637,24,
2026-03-30 08:54:00,637.68,637.69,637.66,637.66,405.005347,637.6734,22,
2026-03-30 08:55:00,637.66,637.66,637.66,637.66,135.021328,637.7648,11,
2026-03-30 08:56:00,637.5612,637.65,637.53,637.6,1300.673884,637.9543,17,
2026-03-30 08:57:00,637.65,638.01,637.65,637.95,10742.333472,637.7767,112,
2026-03-30 08:58:00,637.95,638.0,637.95,637.97,564.010658,637.9826,20,
2026-03-30 08:59:00,637.94,638.02,637.92,638.02,590.515346,638.5198,28,
2026-03-30 09:00:00,637.92,637.92,637.92,637.92,561.005204,637.9168,8,
2026-03-30 09:01:00,637.83,637.92,637.68,637.92,1570.082908,637.8687,34,
2026-03-30 09:02:00,637.8811,637.95,637.85,637.85,1585.00522,637.8975,24,
2026-03-30 09:03:00,637.75,637.79,637.63,637.79,1731.04536,637.7363,32,
2026-03-30 09:04:00,637.76,637.9,637.76,637.9,1422.047222,637.8693,23,
2026-03-30 09:05:00,637.89,637.89,637.63,637.65,407.035086,637.7444,16,
2026-03-30 09:06:00,637.68,637.68,637.62,637.66,1277.016011,637.6754,19,
2026-03-30 09:07:00,637.81,637.91,637.81,637.9,585.026495,637.9021,16,
2026-03-30 09:08:00,637.8,637.8,637.75,637.75,661.025459,637.7895,24,
2026-03-30 09:09:00,637.72,637.73,637.55,637.55,2044.026909,637.6391,42,
2026-03-30 09:10:00,637.64,637.67,637.52,637.52,376.031977,637.6574,21,
2026-03-30 09:11:00,637.53,637.73,637.45,637.73,3393.053071,637.5725,47,
2026-03-30 09:12:00,637.7,637.7,637.52,637.52,351.043605,637.6754,20,
2026-03-30 09:13:00,637.45,637.58,637.45,637.58,1662.016014,637.4957,27,
2026-03-30 09:14:00,637.38,637.38,637.38,637.38,337.042765,637.4572,31,
2026-03-30 09:15:00,637.3,637.3,636.87,636.91,4341.116258,637.0399,95,
2026-03-30 09:16:00,636.87,636.93,636.78,636.93,2589.046081,636.8602,46,
2026-03-30 09:17:00,636.88,637.68,636.72,637.19,10818.217235,637.2643,181,
2026-03-30 09:18:00,637.13,637.26,637.05,637.25,665.053277,637.2647,21,
2026-03-30 09:19:00,637.25,637.25,637.1,637.17,3713.031982,637.1669,44,
2026-03-30 09:20:00,637.15,637.38,637.15,637.31,4025.03736,637.3348,62,
2026-03-30 09:21:00,637.32,637.32,637.28,637.28,240.058693,637.4679,10,
2026-03-30 09:22:00,637.3,637.3,637.23,637.23,772.021421,637.2912,19,
2026-03-30 09:23:00,637.09,637.1,636.88,637.02,729.061972,637.073,41,
2026-03-30 09:24:00,637.1,637.2,637.1,637.1,560.049024,637.206,27,
2026-03-30 09:25:00,637.17,637.17,637.04,637.04,238.025488,637.216,18,
2026-03-30 09:26:00,637.12,637.23,637.12,637.23,765.026629,637.2032,18,
2026-03-30 09:27:00,637.2,637.2,637.02,637.02,816.03707,637.1698,16,
2026-03-30 09:28:00,637.03,637.03,637.03,637.03,133.016043,637.1016,11,
2026-03-30 09:29:00,637.0,637.05,637.0,637.05,4058.042364,637.0402,94,
2026-03-30 09:30:00,637.04,637.08,636.99,636.99,3212.227952,637.0973,34,
2026-03-30 09:31:00,637.18,637.18,637.04,637.04,465.164024,637.3232,29,
2026-03-30 09:32:00,637.01,637.03,636.93,636.93,1672.042211,637.0066,46,
2026-03-30 09:33:00,636.92,636.92,636.91,636.91,469.622778,637.7597,21,
2026-03-30 09:34:00,636.74,636.75,636.65,636.75,1356.036164,636.7075,41,
2026-03-30 09:35:00,636.76,636.76,636.54,636.54,1120.036701,636.6757,35,
2026-03-30 09:36:00,636.67,636.79,636.64,636.66,913.032084,636.7304,30,
2026-03-30 09:37:00,636.79,636.86,636.75,636.75,813.045789,636.8199,33,
2026-03-30 09:38:00,636.73,637.03,636.73,637.03,633.037535,636.9455,16,
2026-03-30 09:39:00,637.2,637.34,637.2,637.25,1022.074716,637.3073,34,
2026-03-30 09:40:00,637.17,637.17,637.01,637.01,1324.042817,637.0647,39,
2026-03-30 09:41:00,637.04,637.04,637.0,637.0,944.031474,637.0347,13,
2026-03-30 09:42:00,636.95,637.11,636.95,636.99,10731.047922,637.1014,74,
2026-03-30 09:43:00,636.85,636.85,636.81,636.81,611.020835,636.8646,15,
2026-03-30 09:44:00,636.89,636.98,636.89,636.95,835.038651,636.9461,17,
2026-03-30 09:45:00,636.9,636.9,636.81,636.81,559.120279,637.0074,19,
2026-03-30 09:46:00,636.83,636.93,636.83,636.9,915.016153,636.9259,16,
2026-03-30 09:47:00,637.02,637.02,637.02,637.02,182.005369,637.0014,9,
2026-03-30 09:48:00,637.0,637.0,636.96,636.98,780.053277,637.024,23,
2026-03-30 09:50:00,636.81,636.81,636.77,636.77,599.019736,636.8217,28,
2026-03-30 09:51:00,636.85,636.85,636.79,636.79,1367.05799,636.8399,57,
2026-03-30 09:52:00,636.85,637.11,636.85,637.11,1418.048196,637.0008,21,
2026-03-30 09:53:00,637.1,637.19,636.98,636.98,1818.032017,637.0996,37,
2026-03-30 09:54:00,636.96,637.01,636.96,637.01,226.024717,637.0563,12,
2026-03-30 09:55:00,636.95,636.95,636.95,636.95,105.183395,638.0827,17,
2026-03-30 09:56:00,636.93,636.93,636.93,636.93,124.024158,637.0484,10,
2026-03-30 09:57:00,636.87,636.89,636.87,636.89,226.021449,636.931,17,
2026-03-30 09:58:00,636.82,637.12,636.82,637.12,348.055898,637.0588,29,
2026-03-30 09:59:00,637.04,637.04,637.04,637.04,341.010156,637.0618,16,
2026-03-30 10:00:00,636.93,637.03,636.93,637.03,365.023327,637.0055,26,
2026-03-30 10:01:00,636.9,636.96,636.83,636.93,1174.249279,637.0431,42,
2026-03-30 10:02:00,637.0,637.0,637.0,637.0,154.015824,637.0461,7,
2026-03-30 10:03:00,636.9,636.91,636.9,636.91,149.347976,638.3823,15,
2026-03-30 10:04:00,636.83,636.86,636.78,636.86,25962.010645,636.816,142,
2026-03-30 10:05:00,636.85,637.1049,636.85,637.1049,594.078751,636.9786,19,
2026-03-30 10:06:00,637.11,637.11,637.0,637.09,827.79107,637.677,23,
2026-03-30 10:07:00,637.18,637.18,637.15,637.15,5845.246194,637.18,38,
2026-03-30 10:08:00,637.15,637.27,637.15,637.25,2061.031904,637.2184,29,
2026-03-30 10:09:00,637.24,637.3,637.21,637.29,9741.021434,637.2461,65,
2026-03-30 10:10:00,637.25,637.3,637.22,637.3,2265.010701,637.2485,23,
2026-03-30 10:11:00,637.31,637.31,637.0,637.02,2338.073033,637.1552,47,
2026-03-30 10:13:00,636.8,636.82,636.77,636.77,1262.082528,636.8469,36,
2026-03-30 10:14:00,636.85,636.95,636.84,636.93,459.026624,636.9635,25,
2026-03-30 10:16:00,636.75,636.87,636.75,636.87,930.044245,636.8456,37,
2026-03-30 10:17:00,636.89,636.98,636.87,636.98,5400.016076,636.888,47,
2026-03-30 10:18:00,637.05,637.05,637.01,637.01,621.908929,637.9536,22,
2026-03-30 10:20:00,637.21,637.21,637.21,637.21,256.025424,637.2443,30,
2026-03-30 10:21:00,637.09,637.24,637.09,637.19,9877.037349,637.1753,78,
2026-03-30 10:22:00,637.09,637.09,637.09,637.09,327.26708,637.6133,22,
2026-03-30 10:23:00,637.2,637.27,637.2,637.27,1076.026598,637.2401,37,
2026-03-30 10:24:00,637.24,637.24,637.18,637.2,8710.029029,637.2008,93,
2026-03-30 10:25:00,637.2,637.3604,637.2,637.3604,1377.016067,637.225,24,
2026-03-30 10:26:00,637.34,637.35,637.3,637.3,2275.0,637.3303,25,
2026-03-30 10:27:00,637.4,637.43,637.39,637.43,10571.032614,637.4022,46,
2026-03-30 10:28:00,637.14,637.14,637.14,637.14,78.04728,637.5953,18,
2026-03-30 10:29:00,637.26,637.26,637.26,637.26,300.024352,637.3121,13,
2026-03-30 10:30:00,637.18,637.18,637.06,637.06,259.04399,637.2321,15,
2026-03-30 10:31:00,637.1,637.14,636.8,636.92,16605.174878,637.0441,158,
2026-03-30 10:32:00,636.92,637.19,636.85,637.19,2338.053259,637.0284,46,
2026-03-30 10:34:00,636.99,636.99,636.93,636.93,296.032208,637.0513,28,
2026-03-30 10:35:00,637.09,637.19,637.09,637.19,1012.042295,637.1753,40,
2026-03-30 10:36:00,637.13,637.17,637.08,637.08,3855.066061,637.1512,52,
2026-03-30 10:37:00,637.07,637.07,636.75,636.75,257.052674,637.003,40,
2026-03-30 10:38:00,636.8,636.81,636.66,636.66,1424.903324,637.1181,48,
2026-03-30 10:39:00,636.69,637.0,636.69,637.0,2983.414918,637.0105,46,
2026-03-30 10:40:00,636.84,636.87,636.84,636.85,241.11943,637.1695,15,
2026-03-30 10:41:00,636.84,636.88,636.8,636.82,715.029251,636.8718,22,
2026-03-30 10:42:00,636.91,636.91,636.88,636.88,7274.037128,636.8852,19,
2026-03-30 10:43:00,636.65,636.82,636.65,636.81,1213.075237,636.7406,61,
2026-03-30 10:44:00,636.76,636.78,636.73,636.78,2187.036964,636.7581,38,
2026-03-30 10:45:00,636.75,636.75,636.75,636.75,2079.036711,636.7625,28,
2026-03-30 10:46:00,636.93,636.93,636.8,636.86,4015.020489,636.8926,61,
2026-03-30 10:47:00,636.97,637.0,636.97,637.0,3630.042607,637.0003,52,
2026-03-30 10:49:00,637.1,637.17,637.08,637.14,1758.770804,637.3911,56,
2026-03-30 10:50:00,637.25,637.5,637.25,637.5,11328.048117,637.4108,95,
2026-03-30 10:51:00,637.41,637.5,637.41,637.43,3420.05803,637.4912,62,
2026-03-30 10:53:00,637.16,637.31,637.16,637.3,705.137282,637.389,30,
2026-03-30 10:55:00,637.36,637.37,637.36,637.37,2951.156586,637.3999,36,
2026-03-30 10:56:00,637.37,637.37,637.24,637.24,7368.010246,637.3608,69,
2026-03-30 10:57:00,637.24,637.37,637.18,637.37,911.029669,637.2657,29,
2026-03-30 10:58:00,637.44,637.46,637.41,637.41,1112.015907,637.4426,18,
2026-03-30 10:59:00,637.38,637.49,637.34,637.49,1432.03724,637.3905,39,
2026-03-30 11:00:00,637.55,637.91,637.46,637.73,19022.441313,637.689,409,
2026-03-30 11:01:00,637.73,637.93,637.7,637.85,7959.400984,637.8627,160,
2026-03-30 11:02:00,637.8,637.9,637.7,637.81,17664.053191,637.8485,230,
2026-03-30 11:03:00,637.7,637.78,637.68,637.76,2848.014691,637.7235,61,
2026-03-30 11:04:00,637.71,637.71,637.61,637.65,1867.010679,637.6515,42,
2026-03-30 11:05:00,637.6222,637.66,637.56,637.5612,5240.021423,637.5899,70,
2026-03-30 11:06:00,637.52,637.602,637.52,637.5707,1030.021375,637.5834,36,
2026-03-30 11:07:00,637.5828,637.79,637.5828,637.67,5747.042509,637.7173,93,
2026-03-30 11:08:00,637.63,637.81,637.61,637.81,2764.404905,637.8407,59,
2026-03-30 11:09:00,637.79,637.89,637.79,637.83,5676.427891,637.9038,72,
2026-03-30 11:10:00,637.71,637.8,637.53,637.53,2103.556206,637.7759,55,
2026-03-30 11:11:00,637.57,637.71,637.57,637.6831,1960.763182,637.9054,49,
2026-03-30 11:12:00,637.67,637.7,637.66,637.7,1544.015901,637.6771,42,
2026-03-30 11:13:00,637.62,637.79,637.62,637.79,1953.02648,637.761,37,
2026-03-30 11:14:00,637.8,637.8,637.58,637.71,15609.408628,637.714,262,
2026-03-30 11:15:00,637.69,637.69,637.57,637.6818,7657.025341,637.6522,62,
2026-03-30 11:16:00,637.69,637.8,637.61,637.8,3554.03202,637.6897,73,
2026-03-30 11:17:00,637.82,638.12,637.82,638.08,10537.448496,637.9981,235,
2026-03-30 11:18:00,638.0818,638.2161,638.05,638.15,2157.743791,638.3499,129,
2026-03-30 11:19:00,638.15,638.54,638.15,638.35,5195.199938,638.3606,198,
2026-03-30 11:20:00,638.44,638.44,638.15,638.2798,3391.150828,638.276,101,
2026-03-30 11:21:00,638.27,638.35,638.2617,638.3,3722.798945,638.4485,81,
2026-03-30 11:22:00,638.35,638.5,638.26,638.49,1969.036856,638.4291,67,
2026-03-30 11:23:00,638.5,638.6,638.44,638.5952,5406.27659,638.5351,88,
2026-03-30 11:24:00,638.64,638.64,638.52,638.58,2407.53451,638.7203,83,
2026-03-30 11:25:00,638.5,638.6,638.39,638.39,2454.058365,638.5369,60,
2026-03-30 11:26:00,638.3909,641.43,638.35,638.76,321305.227503,639.8716,3547,
2026-03-30 11:27:00,638.71,640.17,637.8,638.5,206551.530678,638.7589,2656,
2026-03-30 11:28:00,638.69,638.87,637.96,638.61,68830.063492,638.5621,876,
2026-03-30 11:29:00,638.75,639.18,638.54,639.0107,23065.396167,638.9397,341,
2026-03-30 11:30:00,639.08,639.46,638.6,638.72,27838.060875,639.0653,382,
2026-03-30 11:31:00,638.65,638.99,638.25,638.475,36234.249793,638.5539,411,
2026-03-30 11:32:00,638.5,638.89,638.5,638.7507,11044.094868,638.7584,189,
2026-03-30 11:33:00,638.64,638.66,638.08,638.47,23978.140033,638.4381,253,
2026-03-30 11:34:00,638.36,638.36,637.93,638.21,13651.144668,638.2034,198,
2026-03-30 11:35:00,638.35,638.97,638.32,638.71,26920.521603,638.7133,390,
2026-03-30 11:36:00,638.62,638.87,638.56,638.77,21839.327748,638.6683,291,
2026-03-30 11:37:00,638.8202,638.8202,638.43,638.5592,3960.897353,638.7161,87,
2026-03-30 11:38:00,638.5,638.63,638.35,638.5,7095.117866,638.5155,116,
2026-03-30 11:39:00,638.4947,638.59,638.48,638.552,3767.047808,638.4981,50,
2026-03-30 11:40:00,638.51,638.59,638.3465,638.51,9012.057934,638.464,130,
2026-03-30 11:41:00,638.4499,638.6,638.26,638.26,7401.138123,638.4327,128,
2026-03-30 11:42:00,638.372,638.5,638.25,638.49,12865.171544,638.3498,170,
2026-03-30 11:43:00,638.6,638.67,638.41,638.52,7802.07463,638.6166,103,
2026-03-30 11:44:00,638.52,638.62,638.33,638.5,2989.412849,638.5521,66,
2026-03-30 11:45:00,638.5,638.52,638.3,638.33,2411.14108,638.4589,65,
2026-03-30 11:46:00,638.4,638.67,638.4,638.5,13607.063719,638.6158,165,
2026-03-30 11:47:00,638.41,638.42,638.34,638.42,2123.037306,638.391,55,
2026-03-30 11:48:00,638.45,638.45,638.32,638.32,989.203542,638.4877,32,
2026-03-30 11:49:00,638.41,638.65,638.37,638.5631,17761.046587,638.5047,231,
2026-03-30 11:50:00,638.5565,638.85,638.5565,638.67,18346.932864,638.7581,241,
2026-03-30 11:51:00,638.72,638.92,638.69,638.69,16583.618734,638.8033,193,
2026-03-30 11:52:00,638.7,638.7004,638.53,638.61,8236.259945,638.6283,155,
2026-03-30 11:53:00,638.58,638.7,638.5,638.6,4466.052797,638.5917,84,
2026-03-30 11:54:00,638.6,638.6,638.25,638.5602,8449.092107,638.4482,132,
2026-03-30 11:55:00,638.57,638.62,638.35,638.35,12588.197566,638.4585,161,
2026-03-30 11:56:00,638.29,638.3,638.12,638.12,4370.032023,638.2015,128,
2026-03-30 11:57:00,638.11,638.22,638.0,638.07,12441.031982,638.0797,216,
2026-03-30 11:58:00,638.07,638.28,638.0,638.1,21043.276152,638.1264,305,
2026-03-30 11:59:00,638.2,638.31,638.2,638.24,2503.057432,638.2307,57,
2026-03-30 12:00:00,638.37,641.095,636.855,637.97,11682.4503,638.1882,179,
2026-03-30 12:01:00,637.97,638.23,637.91,637.98,6163.026552,638.0993,488,
2026-03-30 12:02:00,636.6197,639.09,636.6197,638.0,20801.912331,637.7325,321,
2026-03-30 12:03:00,637.96,637.97,637.82,637.9,25833.530845,637.8949,417,
2026-03-30 12:04:00,637.94,638.14,635.0,638.14,17618.923098,637.7983,243,
2026-03-30 12:05:00,638.14,638.5,635.0,638.43,15590.539894,638.2114,405,
2026-03-30 12:06:00,638.412,638.53,638.37,638.45,4576.454453,638.5149,71,
2026-03-30 12:07:00,638.36,638.39,638.32,638.35,4214.27653,638.3721,73,
2026-03-30 12:08:00,638.44,638.44,638.33,638.37,2161.507208,638.5269,84,
2026-03-30 12:09:00,638.38,638.61,638.23,638.25,11027.577337,638.4813,175,
2026-03-30 12:10:00,638.27,638.52,638.27,638.52,1974.100081,638.4866,72,
2026-03-30 12:11:00,638.47,638.4884,638.3109,638.36,3100.398505,638.4876,54,
2026-03-30 12:12:00,638.41,638.52,638.41,638.5035,2234.122325,638.4932,60,
2026-03-30 12:13:00,638.41,638.62,638.35,638.55,18047.482103,638.4763,159,
2026-03-30 12:14:00,638.5503,638.56,638.45,638.5,1582.582711,638.7455,51,
2026-03-30 12:15:00,638.55,638.6,638.5,638.58,4102.349715,638.614,92,
2026-03-30 12:16:00,638.49,638.56,638.38,638.4,2604.702107,638.6633,84,
2026-03-30 12:17:00,638.43,638.86,638.43,638.86,12781.506957,638.6371,178,
2026-03-30 12:18:00,638.7913,639.03,638.75,638.93,20877.203344,638.943,258,
2026-03-30 12:19:00,638.94,639.07,638.91,638.942,7149.116842,638.9893,182,
2026-03-30 12:20:00,638.94,638.95,638.75,638.83,4554.678039,638.9659,122,
2026-03-30 12:21:00,638.91,638.93,638.77,638.93,7612.267344,638.8632,179,
2026-03-30 12:22:00,638.84,638.91,638.74,638.79,1592.198972,638.9031,80,
2026-03-30 12:23:00,638.8,639.2,638.8,639.09,5787.858155,639.1059,126,
2026-03-30 12:24:00,639.09,639.41,639.09,639.26,6880.801183,639.3577,175,
2026-03-30 12:25:00,639.3,639.37,634.16,639.36,37986.174729,638.5341,390,
2026-03-30 12:26:00,639.34,639.6,639.29,639.53,20017.80466,639.4657,289,
2026-03-30 12:27:00,639.44,639.4858,639.31,639.333,4479.557009,639.4762,91,
2026-03-30 12:28:00,639.32,639.5,639.28,639.32,31337.454048,639.3878,422,
2026-03-30 12:29:00,639.34,639.52,639.34,639.37,10876.337891,639.4304,145,
2026-03-30 12:30:00,639.39,639.6792,639.26,639.62,13863.344358,639.4901,215,
2026-03-30 12:31:00,639.69,639.69,639.43,639.55,6267.219092,639.5966,132,
2026-03-30 12:32:00,639.59,639.94,639.51,639.76,13680.405172,639.8145,231,
2026-03-30 12:33:00,639.81,639.88,639.73,639.82,9578.267588,639.8162,179,
2026-03-30 12:34:00,639.7481,639.82,639.5,639.65,5215.085575,639.676,166,
2026-03-30 12:35:00,639.66,639.8,639.59,639.74,22703.569608,639.7364,250,
2026-03-30 12:36:00,639.72,639.7409,639.6,639.63,9675.379298,639.6944,135,
2026-03-30 12:37:00,639.5899,639.97,639.51,639.51,21557.799859,639.7422,297,
2026-03-30 12:38:00,639.58,639.67,639.53,639.65,8244.722753,639.6672,119,
2026-03-30 12:39:00,639.62,639.75,639.6,639.7197,14643.011103,639.6273,140,
2026-03-30 12:40:00,639.6861,639.7,639.56,639.63,4067.802692,639.7592,94,
2026-03-30 12:41:00,639.63,639.66,639.5,639.5104,16437.50815,639.5828,152,
2026-03-30 12:42:00,639.5334,639.67,639.53,639.54,13663.645636,639.6116,102,
2026-03-30 12:43:00,639.5782,639.81,639.48,639.77,16743.938824,639.7192,224,
2026-03-30 12:44:00,639.75,639.76,639.6004,639.62,6399.800293,639.7533,85,
2026-03-30 12:45:00,639.64,639.69,639.47,639.51,6775.87426,639.6771,137,
2026-03-30 12:46:00,639.5,639.62,639.481,639.58,6913.834776,639.6194,128,
2026-03-30 12:47:00,639.5,639.6192,639.49,639.56,4825.678377,639.6094,154,
2026-03-30 12:48:00,639.63,639.68,639.6,639.6,2970.987885,639.8603,65,
2026-03-30 12:49:00,639.62,639.69,639.51,639.64,5040.026681,639.6085,108,
2026-03-30 12:50:00,639.64,639.64,639.23,639.23,7653.856052,639.5451,154,
2026-03-30 12:51:00,639.26,639.35,639.18,639.33,8661.217846,639.2572,99,
2026-03-30 12:52:00,639.361,639.44,639.31,639.43,17874.666314,639.3835,133,
2026-03-30 12:53:00,639.4,639.53,639.4,639.53,6013.733927,639.5661,112,
2026-03-30 12:54:00,639.56,639.58,639.42,639.45,4649.916381,639.6151,129,
2026-03-30 12:55:00,639.42,639.52,639.39,639.4632,7365.601081,639.5097,130,
2026-03-30 12:56:00,639.42,639.6595,639.38,639.63,12400.84753,639.5418,170,
2026-03-30 12:57:00,639.62,639.62,639.4,639.46,22894.530791,639.4851,205,
2026-03-30 12:58:00,639.46,639.67,639.46,639.67,13250.32774,639.5391,143,
2026-03-30 12:59:00,639.65,639.68,639.52,639.68,20812.913621,639.697,115,
2026-03-30 13:00:00,639.68,640.19,639.68,639.97,22990.384672,639.9724,349,
2026-03-30 13:01:00,640.01,640.06,639.75,639.78,20068.417542,639.9001,246,
2026-03-30 13:02:00,639.75,639.95,639.67,639.94,8828.965514,639.888,157,
2026-03-30 13:03:00,639.9798,639.9798,639.76,639.76,4643.664043,639.8971,125,
2026-03-30 13:04:00,639.76,639.76,639.52,639.52,16966.980722,639.6224,184,
2026-03-30 13:05:00,639.65,639.65,639.39,639.39,2502.787722,639.7114,121,
2026-03-30 13:06:00,639.42,639.54,639.3325,639.3325,18849.785201,639.4408,239,
2026-03-30 13:07:00,639.3,639.4808,639.27,639.4808,13856.799968,639.3822,225,
2026-03-30 13:08:00,639.49,639.52,638.95,638.95,12848.257286,639.1682,293,
2026-03-30 13:09:00,638.98,639.15,638.95,639.06,34915.717644,639.0642,341,
2026-03-30 13:10:00,639.06,639.37,639.06,639.3,6976.168451,639.2291,155,
2026-03-30 13:11:00,639.25,639.43,639.2,639.32,1986.3381,639.4365,96,
2026-03-30 13:12:00,639.35,639.9,639.33,639.49,45782.214452,639.5969,420,
2026-03-30 13:13:00,639.48,639.61,639.45,639.61,3969.408626,639.5437,109,
2026-03-30 13:14:00,639.6,639.6,639.5,639.54,1908.09268,639.5739,76,
2026-03-30 13:15:00,639.57,639.66,639.4,639.5,4447.660072,639.5938,136,
2026-03-30 13:16:00,639.46,639.75,639.43,639.75,7067.553617,639.6651,127,
2026-03-30 13:17:00,639.74,639.82,639.63,639.82,7682.54159,639.7921,123,
2026-03-30 13:18:00,639.77,639.85,639.6365,639.6365,3964.501126,639.8114,123,
2026-03-30 13:19:00,639.69,639.79,639.62,639.79,15761.131695,639.7374,241,
2026-03-30 13:20:00,639.65,639.72,639.58,639.7,6751.041757,639.6471,147,
2026-03-30 13:21:00,639.7,640.03,639.6935,639.98,23250.156621,639.9409,374,
2026-03-30 13:22:00,639.98,640.02,639.8984,639.8984,11718.302458,639.9888,252,
2026-03-30 13:23:00,639.87,640.02,639.83,640.02,14840.852232,639.9416,211,
2026-03-30 13:24:00,640.01,640.0297,639.9,639.9,7862.862027,640.0376,138,
2026-03-30 13:25:00,639.9,640.13,639.72,640.09,11658.145282,639.9003,223,
2026-03-30 13:26:00,640.05,640.08,639.92,640.0007,15659.459928,640.0318,193,
2026-03-30 13:27:00,639.9945,640.07,639.79,639.83,12894.598567,639.9984,245,
2026-03-30 13:28:00,639.82,640.1497,639.82,639.97,23630.105901,639.9787,275,
2026-03-30 13:29:00,640.0,640.1,639.95,640.07,40016.910797,640.0457,267,
2026-03-30 13:30:00,640.11,640.11,639.31,639.6,839308.135504,639.7164,18278,
2026-03-30 13:31:00,639.57,640.37,639.57,640.21,325873.532525,640.0797,4622,
2026-03-30 13:32:00,640.22,640.28,639.675,639.74,277164.212574,639.9367,4724,
2026-03-30 13:33:00,639.75,640.14,639.71,639.71,331811.261365,639.8969,5474,
2026-03-30 13:34:00,639.72,639.72,638.78,638.85,347129.129402,639.2236,5308,
2026-03-30 13:35:00,638.86,638.93,638.14,638.14,425859.2673,638.4458,6369,
2026-03-30 13:36:00,638.18,638.53,638.135,638.18,283031.727774,638.3133,4679,
2026-03-30 13:37:00,638.16,638.31,638.0,638.2799,230491.311119,638.1889,4099,
2026-03-30 13:38:00,638.245,638.42,637.79,637.85,355759.920889,638.0959,5175,
2026-03-30 13:39:00,637.83,638.08,637.78,637.95,277503.788069,637.9398,4286,
2026-03-30 13:40:00,637.91,637.91,636.99,637.05,321987.252076,637.4301,5599,
2026-03-30 13:41:00,637.07,637.23,636.78,636.88,316358.243366,636.9972,5062,
2026-03-30 13:42:00,636.89,637.2,636.89,637.14,352740.90716,637.1593,5326,
2026-03-30 13:43:00,637.145,637.49,636.94,637.31,387207.671434,637.1982,6089,
2026-03-30 13:44:00,637.29,637.43,637.07,637.17,152202.652853,637.2519,3316,
2026-03-30 13:45:00,637.16,637.4761,636.81,637.24,264782.218666,637.1447,4885,
2026-03-30 13:46:00,637.21,637.27,636.37,636.42,195978.092303,636.7988,4026,
2026-03-30 13:47:00,636.43,636.72,636.39,636.455,226104.623091,636.5637,4356,
2026-03-30 13:48:00,636.45,636.6,636.07,636.34,255581.486345,636.2917,4693,
2026-03-30 13:49:00,636.35,636.37,635.97,636.095,284764.279265,636.1436,5021,
2026-03-30 13:50:00,636.1,636.24,635.87,635.98,230037.763604,636.015,4327,
2026-03-30 13:51:00,635.97,636.51,635.94,636.41,344459.46216,636.2656,5743,
2026-03-30 13:52:00,636.36,636.59,636.22,636.51,249106.237297,636.3683,4741,
2026-03-30 13:53:00,636.52,636.63,635.99,636.11,233613.414055,636.3541,4403,
2026-03-30 13:54:00,636.12,636.3,635.74,635.765,216334.383119,636.0245,4331,
2026-03-30 13:55:00,635.73,635.85,635.36,635.51,379610.574529,635.5366,6268,
2026-03-30 13:56:00,635.52,635.62,635.14,635.19,291944.457624,635.3622,4999,
2026-03-30 13:57:00,635.19,635.37,634.98,635.1,297890.112711,635.1715,5728,
2026-03-30 13:58:00,635.1,635.27,634.68,634.98,376318.863527,634.9226,6129,
2026-03-30 13:59:00,634.96,635.19,634.84,635.07,355977.599895,635.1203,5435,
2026-03-30 14:00:00,635.055,635.76,635.0,635.48,448464.458927,635.4337,7850,
2026-03-30 14:01:00,635.49,635.74,635.32,635.65,309528.013827,635.5332,4987,
2026-03-30 14:02:00,635.68,635.98,635.49,635.78,362762.735021,635.7328,5936,
2026-03-30 14:03:00,635.79,636.18,635.78,636.01,253543.348262,635.9807,4691,
2026-03-30 14:04:00,636.05,636.27,635.91,636.04,201479.948004,636.1305,3796,
2026-03-30 14:05:00,636.035,636.1299,635.302,635.595,239076.332869,635.7175,4677,
2026-03-30 14:06:00,635.6,635.72,635.19,635.4325,302924.563039,635.4418,5532,
2026-03-30 14:07:00,635.43,635.97,635.43,635.8,301668.338812,635.7904,4821,
2026-03-30 14:08:00,635.805,636.07,635.63,635.94,219479.686854,635.8623,3993,
2026-03-30 14:09:00,635.94,636.19,635.77,636.16,212887.021352,635.9482,3874,
2026-03-30 14:10:00,636.12,636.45,635.73,635.87,312965.021281,636.1676,5635,
2026-03-30 14:11:00,635.89,636.24,635.89,636.17,208240.397675,636.0708,4074,
2026-03-30 14:12:00,636.18,636.66,636.11,636.605,281164.611137,636.4472,4830,
2026-03-30 14:13:00,636.59,636.72,636.27,636.595,235296.117737,636.4815,4094,
2026-03-30 14:14:00,636.6,636.81,636.42,636.51,180245.775334,636.598,3427,
2026-03-30 14:15:00,636.5,636.69,635.69,635.9,278630.400784,636.1741,5088,
2026-03-30 14:16:00,635.9,636.28,635.711,636.2,186445.468521,636.0442,3684,
2026-03-30 14:17:00,636.21,636.31,635.89,635.95,153620.71758,636.0688,3174,
2026-03-30 14:18:00,635.95,636.08,635.81,635.8583,134447.838411,635.9126,2833,
2026-03-30 14:19:00,635.88,635.96,635.39,635.89,264882.521546,635.6446,4547,
2026-03-30 14:20:00,635.86,636.3101,635.8,636.08,205558.45547,636.0854,4120,
2026-03-30 14:21:00,636.11,636.24,635.68,635.7499,143699.715706,635.9676,2901,
2026-03-30 14:22:00,635.75,636.43,635.71,636.27,135664.250654,636.0051,2792,
2026-03-30 14:23:00,636.27,636.38,636.02,636.28,157623.567225,636.2414,3149,
2026-03-30 14:24:00,636.28,636.37,636.17,636.3,112410.554537,636.2673,2430,
2026-03-30 14:25:00,636.31,636.545,636.2,636.26,172502.004617,636.3962,3578,
2026-03-30 14:26:00,636.25,636.28,635.87,635.95,135740.152135,636.0477,2861,
2026-03-30 14:27:00,635.96,636.16,635.78,635.95,225445.365926,636.004,3835,
2026-03-30 14:28:00,635.96,636.05,635.6412,635.67,292033.117686,635.8676,4422,
2026-03-30 14:29:00,635.689,636.04,635.6,635.86,138402.989885,635.8458,3191,
2026-03-30 14:30:00,635.85,636.45,635.79,636.22,150314.558615,636.1018,3282,
2026-03-30 14:31:00,636.25,636.54,636.08,636.27,189470.249338,636.3171,3059,
2026-03-30 14:32:00,636.29,636.415,635.95,636.105,171898.661642,636.2309,2934,
2026-03-30 14:33:00,636.12,636.51,636.0,636.13,156311.169289,636.2445,2969,
2026-03-30 14:34:00,636.125,636.13,635.8,635.96,135202.112058,635.953,3280,
2026-03-30 14:35:00,635.97,636.08,635.38,635.42,213090.430954,635.7626,3951,
2026-03-30 14:36:00,635.44,635.9,635.24,635.65,259632.500046,635.5883,4493,
2026-03-30 14:37:00,635.64,635.87,635.53,635.86,468205.000206,635.6636,2800,
2026-03-30 14:38:00,635.88,636.14,635.75,635.97,180310.382664,635.9768,3488,
2026-03-30 14:39:00,635.98,636.04,635.6,635.86,160581.368988,635.825,3320,
2026-03-30 14:40:00,635.87,636.27,635.72,635.72,294633.087285,636.0583,3247,
2026-03-30 14:41:00,635.75,635.79,635.12,635.27,208919.228307,635.3799,3775,
2026-03-30 14:42:00,635.28,635.54,635.17,635.3,204669.325432,635.3474,3660,
2026-03-30 14:43:00,635.31,635.39,635.01,635.05,165642.747936,635.2248,3172,
2026-03-30 14:44:00,635.06,635.06,634.76,634.95,313530.201394,634.9039,5622,
2026-03-30 14:45:00,634.95,635.2,634.73,635.01,249896.705622,634.9503,5197,
2026-03-30 14:46:00,635.02,636.19,635.01,635.9,438089.824623,635.6845,7962,
2026-03-30 14:47:00,635.88,636.64,635.46,636.44,426830.067508,635.9235,5796,
2026-03-30 14:48:00,636.41,636.95,636.08,636.16,542467.672453,636.4377,9090,
2026-03-30 14:49:00,636.15,636.42,635.73,635.76,232895.475989,636.0761,4427,
2026-03-30 14:50:00,635.77,636.0,635.51,635.82,215275.413236,635.752,4024,
2026-03-30 14:51:00,635.84,635.92,635.58,635.63,182226.382647,635.7256,3209,
2026-03-30 14:52:00,635.61,635.88,635.52,635.73,174118.384961,635.6707,3180,
2026-03-30 14:53:00,635.735,636.11,635.615,636.08,156795.325887,635.915,3177,
2026-03-30 14:54:00,636.1,636.39,635.8572,636.26,303665.767933,636.1457,4401,
2026-03-30 14:55:00,636.25,636.33,635.89,636.08,212669.262316,636.0491,3312,
2026-03-30 14:56:00,636.06,636.71,636.03,636.665,265391.350676,636.4022,4286,
2026-03-30 14:57:00,636.65,637.22,636.61,636.99,344466.175749,636.944,5746,
2026-03-30 14:58:00,636.985,637.58,636.9301,637.43,235979.409388,637.2308,3917,
2026-03-30 14:59:00,637.44,637.55,637.305,637.51,220373.924912,637.4251,3628,
2026-03-30 15:00:00,637.51,637.98,637.49,637.9601,405398.262183,637.7849,6213,
2026-03-30 15:01:00,637.96,638.17,637.66,637.975,374692.418389,637.9114,5746,
2026-03-30 15:02:00,637.98,638.21,637.86,638.16,341697.824473,636.7234,3680,
2026-03-30 15:03:00,638.16,638.32,638.04,638.29,244770.001669,638.1571,3720,
2026-03-30 15:04:00,638.29,638.38,638.09,638.3601,211628.63938,638.218,3308,
2026-03-30 15:05:00,638.38,638.8,638.07,638.085,395173.1351,637.1081,4035,
2026-03-30 15:06:00,638.08,638.08,637.47,637.554,287279.121563,637.7295,4726,
2026-03-30 15:07:00,637.55,637.56,636.9,636.96,206625.953245,637.1412,3561,
2026-03-30 15:08:00,636.93,637.07,636.65,636.84,185680.432776,636.8813,3401,
2026-03-30 15:09:00,636.84,636.97,636.67,636.86,134363.916366,636.8767,2596,
2026-03-30 15:10:00,636.81,637.25,636.81,636.96,229801.359607,637.1268,4324,
2026-03-30 15:11:00,636.97,637.04,636.78,636.81,106884.991486,636.8822,2315,
2026-03-30 15:12:00,636.805,637.05,636.74,636.9,97908.537527,636.8623,2147,
2026-03-30 15:13:00,636.9,637.07,636.62,636.87,89820.340293,636.8109,2268,
2026-03-30 15:14:00,636.84,636.87,636.41,636.52,95368.259574,636.5784,2180,
2026-03-30 15:15:00,636.52,636.57,635.91,636.12,191816.59352,636.2229,3313,
2026-03-30 15:16:00,636.12,636.175,635.56,635.7,253101.058012,635.7525,4387,
2026-03-30 15:17:00,635.7,636.08,635.64,635.89,180270.514192,635.9155,3137,
2026-03-30 15:18:00,635.89,636.1,635.82,636.08,116749.114918,635.9237,2282,
2026-03-30 15:19:00,636.08,636.45,636.05,636.41,369673.802988,635.6215,3817,
2026-03-30 15:20:00,636.43,636.78,636.32,636.6,175346.959853,636.5332,3231,
2026-03-30 15:21:00,636.59,636.6,636.41,636.51,119855.602046,636.5084,2366,
2026-03-30 15:22:00,636.515,636.52,636.17,636.38,148326.073495,636.3244,2796,
2026-03-30 15:23:00,636.37,636.75,636.37,636.7,161711.123818,636.603,3131,
2026-03-30 15:24:00,636.7,636.87,636.59,636.78,145393.660801,636.7337,2651,
2026-03-30 15:25:00,636.78,637.08,636.74,636.9058,158910.792832,636.9452,3039,
2026-03-30 15:26:00,636.92,637.11,636.86,637.07,1390392.062891,636.1822,2231,
2026-03-30 15:27:00,637.06,637.07,636.86,636.91,121108.267015,636.9535,2200,
2026-03-30 15:28:00,636.92,636.97,636.6,636.73,148997.556544,636.734,2670,
2026-03-30 15:29:00,636.7,636.7,636.4,636.46,145516.671383,636.4902,2752,
2026-03-30 15:30:00,636.45,636.59,636.04,636.26,155249.208359,636.3157,2983,
2026-03-30 15:31:00,636.23,636.52,636.22,636.45,94452.628165,636.4163,2290,
2026-03-30 15:32:00,636.44,637.02,636.4,636.94,129171.671157,636.8152,2669,
2026-03-30 15:33:00,636.93,637.61,636.8966,637.35,182760.676436,637.3123,3520,
2026-03-30 15:34:00,637.37,637.68,637.17,637.57,251875.887786,637.282,2540,
2026-03-30 15:35:00,637.59,637.85,637.56,637.8,273283.136325,637.73,3942,
2026-03-30 15:36:00,637.79,638.0747,637.71,637.99,146344.476589,637.8765,2570,
2026-03-30 15:37:00,637.98,638.16,637.8,638.16,194580.661424,637.9739,3208,
2026-03-30 15:38:00,638.15,638.15,637.63,637.7001,146864.865663,637.8587,2546,
2026-03-30 15:39:00,637.68,637.74,637.29,637.39,124040.687854,637.503,2512,
2026-03-30 15:40:00,637.388,637.56,637.21,637.54,134555.858879,637.3741,2398,
2026-03-30 15:41:00,637.51,637.82,637.48,637.66,250509.91831,636.0448,2102,
2026-03-30 15:42:00,637.664,637.945,637.58,637.9,156125.26803,637.7857,2331,
2026-03-30 15:43:00,637.88,638.0602,637.76,637.9901,180730.912736,637.9161,2584,
2026-03-30 15:44:00,637.98,638.09,637.93,637.99,105946.190242,638.0086,1905,
2026-03-30 15:45:00,637.99,638.085,637.535,637.65,171584.711613,637.753,2734,
2026-03-30 15:46:00,637.65,637.76,637.48,637.65,194109.410984,637.6285,3419,
2026-03-30 15:47:00,637.67,637.83,637.48,637.68,74585.726959,637.6876,1812,
2026-03-30 15:48:00,637.67,637.83,637.64,637.7,74835.029235,637.7392,1916,
2026-03-30 15:49:00,637.71,637.83,637.58,637.79,91791.310699,637.7175,1882,
2026-03-30 15:50:00,637.795,638.18,637.74,638.13,112453.000353,637.948,2108,
2026-03-30 15:51:00,638.14,638.45,638.05,638.395,163695.307696,638.2374,2731,
2026-03-30 15:52:00,638.38,638.475,638.21,638.25,169059.283985,638.3351,2477,
2026-03-30 15:53:00,638.23,638.36,638.07,638.19,97236.416867,638.2349,1854,
2026-03-30 15:54:00,638.18,638.19,637.92,637.93,136264.072052,638.0575,2246,
2026-03-30 15:55:00,637.93,637.93,637.57,637.755,172646.069441,637.7645,2625,
2026-03-30 15:56:00,637.77,637.79,637.22,637.24,209418.199913,637.5112,3510,
2026-03-30 15:57:00,637.245,637.515,637.18,637.49,235722.960026,637.3362,2703,
2026-03-30 15:58:00,637.489,637.67,637.24,637.52,144630.713412,637.4713,1855,
2026-03-30 15:59:00,637.52,637.58,637.19,637.34,161613.477617,637.3964,2314,
2026-03-30 16:00:00,637.34,637.46,636.96,637.095,143738.449719,637.1548,2655,
2026-03-30 16:01:00,637.1,637.15,636.96,637.01,116506.283988,637.055,1899,
2026-03-30 16:02:00,637.02,637.11,636.5601,636.575,183100.635892,636.8571,3043,
2026-03-30 16:03:00,636.59,636.64,636.22,636.22,115710.556872,636.4208,1876,
2026-03-30 16:04:00,636.23,636.43,636.19,636.2899,146147.143069,636.2947,2161,
2026-03-30 16:05:00,636.28,636.52,636.21,636.3,172048.82533,636.3844,2799,
2026-03-30 16:06:00,636.31,636.6107,636.28,636.485,87199.861734,636.4554,1535,
2026-03-30 16:07:00,636.49,636.59,636.18,636.21,239658.475636,636.397,3080,
2026-03-30 16:08:00,636.22,636.46,636.08,636.29,112030.844444,636.2806,1999,
2026-03-30 16:09:00,636.31,636.58,636.29,636.35,119322.435385,636.4618,1852,
2026-03-30 16:10:00,636.34,636.66,636.23,636.61,101640.875305,636.4622,1908,
2026-03-30 16:11:00,636.62,636.7,636.5,636.53,121053.449039,636.6118,2068,
2026-03-30 16:12:00,636.53,636.89,636.53,636.85,123826.625108,636.7839,2127,
2026-03-30 16:13:00,636.85,636.87,636.64,636.715,65502.348268,636.7669,1396,
2026-03-30 16:14:00,636.71,636.8,636.61,636.72,67367.447301,636.692,1145,
2026-03-30 16:15:00,636.68,636.7293,636.38,636.47,60562.243521,636.4972,1125,
2026-03-30 16:16:00,636.47,636.53,636.24,636.33,53552.221291,636.4231,1176,
2026-03-30 16:17:00,636.34,636.53,636.28,636.285,73651.559389,636.4225,1648,
2026-03-30 16:18:00,636.28,636.33,636.06,636.07,92237.793154,636.1619,1871,
2026-03-30 16:19:00,636.075,636.25,635.98,636.1501,70782.527654,636.1077,1498,
2026-03-30 16:20:00,636.15,636.43,636.11,636.19,87379.299216,636.2857,1609,
2026-03-30 16:21:00,636.19,636.22,635.905,636.08,141139.43969,636.0169,2516,
2026-03-30 16:22:00,636.08,636.32,635.98,636.0,209919.221517,636.1966,2317,
2026-03-30 16:23:00,636.02,636.07,635.77,635.82,203650.011557,635.8972,2376,
2026-03-30 16:24:00,635.81,635.94,635.63,635.8,134341.090732,635.791,2198,
2026-03-30 16:25:00,635.8151,635.89,635.695,635.74,133331.087211,635.7985,2067,
2026-03-30 16:26:00,635.73,635.73,635.38,635.45,175621.157861,635.4742,2952,
2026-03-30 16:27:00,635.46,635.56,635.27,635.31,162588.796076,635.43,2629,
2026-03-30 16:28:00,635.3,635.42,635.165,635.235,161601.485513,635.2668,2490,
2026-03-30 16:29:00,635.24,635.39,635.24,635.26,109045.349198,635.3281,1795,
2026-03-30 16:30:00,635.27,635.38,635.12,635.2782,164585.032831,635.2354,2572,
2026-03-30 16:31:00,635.28,635.72,635.27,635.56,172810.002536,635.5262,2695,
2026-03-30 16:32:00,635.58,635.76,635.51,635.54,109750.708698,635.6082,1799,
2026-03-30 16:33:00,635.545,635.72,635.5,635.6,111911.739839,635.6295,1826,
2026-03-30 16:34:00,635.6,635.74,635.51,635.555,88136.275759,635.6397,1913,
2026-03-30 16:35:00,635.56,635.6399,635.49,635.55,99208.29907,635.5637,1878,
2026-03-30 16:36:00,635.57,635.598,635.36,635.51,88933.767107,635.4677,1643,
2026-03-30 16:37:00,635.52,635.7,635.505,635.62,56314.990904,635.6314,1130,
2026-03-30 16:38:00,635.62,635.83,635.51,635.71,80354.658468,635.667,1440,
2026-03-30 16:39:00,635.728,636.01,635.728,635.86,103857.716509,635.9039,1778,
2026-03-30 16:40:00,635.85,635.85,635.54,635.62,101385.369785,635.6753,1921,
2026-03-30 16:41:00,635.6,635.85,635.52,635.72,87846.019832,635.6771,1588,
2026-03-30 16:42:00,635.74,635.78,635.53,635.57,75617.110495,635.6828,1242,
2026-03-30 16:43:00,635.58,635.7,635.5,635.56,56052.463942,635.5928,1105,
2026-03-30 16:44:00,635.56,635.62,635.45,635.595,79316.692779,635.5476,1311,
2026-03-30 16:45:00,635.6,635.6,635.33,635.4899,70295.184571,635.4177,1246,
2026-03-30 16:46:00,635.48,635.48,635.36,635.4,62400.092075,635.4205,1063,
2026-03-30 16:47:00,635.4,635.65,635.32,635.5,59428.469793,635.4903,1172,
2026-03-30 16:48:00,635.49,635.57,635.395,635.48,50268.53395,635.4818,1128,
2026-03-30 16:49:00,635.47,635.55,635.26,635.38,54171.6091,635.4382,1099,
2026-03-30 16:50:00,635.37,635.43,635.24,635.41,57586.499358,635.3305,1116,
2026-03-30 16:51:00,635.41,635.75,635.39,635.72,259258.967754,635.0369,2120,
2026-03-30 16:52:00,635.71,635.77,635.5,635.54,66734.154668,635.6751,1253,
2026-03-30 16:53:00,635.528,635.57,635.31,635.38,60101.747406,635.4434,1117,
2026-03-30 16:54:00,635.39,635.48,635.19,635.2,73334.157555,635.314,1219,
2026-03-30 16:55:00,635.2,635.22,634.985,635.05,127902.653572,635.0925,2416,
2026-03-30 16:56:00,635.05,635.19,635.01,635.12,128218.315652,635.0735,2151,
2026-03-30 16:57:00,635.13,635.2042,635.02,635.105,601158.078634,635.4965,1708,
2026-03-30 16:58:00,635.11,635.26,635.06,635.09,70452.786545,635.1539,1373,
2026-03-30 16:59:00,635.09,635.4199,635.05,635.3,132918.86146,635.2759,2149,
2026-03-30 17:00:00,635.295,635.71,635.295,635.65,168083.399061,635.5752,2586,
2026-03-30 17:01:00,635.63,635.85,635.47,635.5099,168686.954675,635.6494,2539,
2026-03-30 17:02:00,635.51,635.54,635.12,635.25,134907.446801,635.2911,1873,
2026-03-30 17:03:00,635.24,635.37,635.1,635.22,114513.126509,635.2166,1793,
2026-03-30 17:04:00,635.22,635.255,634.84,634.88,122000.384625,635.0587,2131,
2026-03-30 17:05:00,634.88,635.26,634.795,635.15,179250.560695,635.0184,2502,
2026-03-30 17:06:00,635.14,635.62,635.11,635.45,147815.606892,635.3992,1983,
2026-03-30 17:07:00,635.43,635.51,635.33,635.4399,48651.9704,635.4306,923,
2026-03-30 17:08:00,635.425,635.45,635.21,635.31,128214.666691,635.3344,1593,
2026-03-30 17:09:00,635.32,635.45,635.185,635.4,65052.065426,635.3186,1390,
2026-03-30 17:10:00,635.4,635.51,634.9201,634.95,146471.289869,635.2033,2290,
2026-03-30 17:11:00,634.95,635.0365,634.88,634.9,78044.855171,634.9466,1358,
2026-03-30 17:12:00,634.9,635.06,634.9,634.97,54675.146355,634.9927,1113,
2026-03-30 17:13:00,634.96,634.96,634.52,634.62,168710.810091,634.6917,2812,
2026-03-30 17:14:00,634.63,634.7299,634.46,634.55,158117.765754,634.5945,2618,
2026-03-30 17:15:00,634.54,634.738,633.98,634.11,209832.211519,634.2896,4278,
2026-03-30 17:16:00,634.119,634.19,633.78,633.97,266475.573513,633.9918,4502,
2026-03-30 17:17:00,633.94,634.165,633.94,634.13,202306.149885,634.049,3198,
2026-03-30 17:18:00,634.14,634.18,633.98,634.12,123217.16546,634.0775,2140,
2026-03-30 17:19:00,634.13,634.14,633.97,634.085,157837.997663,634.0658,2368,
2026-03-30 17:20:00,634.085,634.26,633.93,633.97,210088.459224,634.0893,3253,
2026-03-30 17:21:00,633.97,634.04,633.59,633.715,183702.798502,633.85,2899,
2026-03-30 17:22:00,633.72,633.75,633.455,633.54,213823.798981,633.6112,3412,
2026-03-30 17:23:00,633.54,633.72,633.49,633.63,191854.367619,633.6094,3177,
2026-03-30 17:24:00,633.63,633.795,633.5,633.7126,176177.694596,633.6431,3075,
2026-03-30 17:25:00,633.7,633.77,633.53,633.65,157014.993584,633.6485,3035,
2026-03-30 17:26:00,633.6899,633.88,633.51,633.56,278214.522377,633.6949,4069,
2026-03-30 17:27:00,633.56,633.59,633.275,633.43,248756.489763,633.4475,4272,
2026-03-30 17:28:00,633.42,633.58,633.24,633.46,205443.148521,633.3885,3522,
2026-03-30 17:29:00,633.46,633.52,633.36,633.4,126382.983379,633.4425,2364,
2026-03-30 17:30:00,633.4,633.46,633.23,633.35,131996.046132,633.3285,2801,
2026-03-30 17:31:00,633.34,633.39,633.02,633.06,144762.467358,633.1969,2824,
2026-03-30 17:32:00,633.07,633.13,632.82,632.98,382100.091312,632.9999,6705,
2026-03-30 17:33:00,632.99,633.1,632.83,632.88,348455.997806,632.9385,5130,
2026-03-30 17:34:00,632.88,632.95,632.83,632.925,225500.639442,632.8903,4012,
2026-03-30 17:35:00,632.92,633.04,632.71,632.825,210949.780375,632.8632,3468,
2026-03-30 17:36:00,632.8299,633.42,632.825,633.35,417448.019516,633.1951,7092,
2026-03-30 17:37:00,633.34,633.48,633.155,633.21,187892.384474,633.3313,2930,
2026-03-30 17:38:00,633.22,633.4,633.17,633.25,109498.112068,633.3056,2026,
2026-03-30 17:39:00,633.27,633.66,633.25,633.62,230204.369986,633.5176,3644,
2026-03-30 17:40:00,633.61,633.79,633.45,633.7,207317.772748,633.662,3164,
2026-03-30 17:41:00,633.69,633.74,633.47,633.69,276764.754373,633.6163,2595,
2026-03-30 17:42:00,633.68,633.955,633.65,633.82,113019.40448,633.8118,2306,
2026-03-30 17:43:00,633.81,634.0,633.7,633.995,119752.745728,633.8542,2067,
2026-03-30 17:44:00,633.9975,634.35,633.95,634.21,192862.176004,634.1585,3378,
2026-03-30 17:45:00,634.215,634.32,634.16,634.28,94642.196919,634.2354,1788,
2026-03-30 17:46:00,634.29,634.29,633.87,633.88,181718.494969,633.9834,2867,
2026-03-30 17:47:00,633.87,634.63,633.73,634.16,477818.742199,634.2226,7446,
2026-03-30 17:48:00,634.15,634.1525,633.6,633.7,283608.165736,633.8384,10621,
2026-03-30 17:49:00,633.67,633.84,633.6,633.6403,414506.976833,634.1528,2597,
2026-03-30 17:50:00,633.64,633.73,633.42,633.51,313229.711854,633.9077,2897,
2026-03-30 17:51:00,633.51,633.72,633.46,633.7,169078.43202,633.5975,2832,
2026-03-30 17:52:00,633.7,633.75,633.51,633.54,90641.633181,633.6153,1788,
2026-03-30 17:53:00,633.55,633.79,633.53,633.66,100960.068749,633.672,1767,
2026-03-30 17:54:00,633.665,633.71,633.44,633.5,169503.427333,633.5552,2286,
2026-03-30 17:55:00,633.5,633.59,633.35,633.45,137366.327405,633.4623,2228,
2026-03-30 17:56:00,633.455,633.61,633.4,633.41,73129.397707,633.49,1375,
2026-03-30 17:57:00,633.41,633.44,633.2,633.37,118272.204413,633.3466,1909,
2026-03-30 17:58:00,633.37,633.375,633.22,633.23,104310.089808,633.2879,1606,
2026-03-30 17:59:00,633.25,633.63,633.25,633.57,151436.683978,633.5011,2118,
2026-03-30 18:00:00,633.56,633.63,633.41,633.45,127340.461751,633.534,2310,
2026-03-30 18:01:00,633.45,633.54,633.33,633.3899,177398.215448,633.424,2250,
2026-03-30 18:02:00,633.385,633.6,633.32,633.56,122425.899299,633.477,1988,
2026-03-30 18:03:00,633.55,633.75,633.46,633.47,126215.327396,633.6314,2135,
2026-03-30 18:04:00,633.465,633.47,633.2,633.29,304618.120666,633.3371,3964,
2026-03-30 18:05:00,633.29,633.6,633.29,633.43,290721.103407,633.4252,4216,
2026-03-30 18:06:00,633.4299,633.44,633.0299,633.16,170410.691271,633.2165,2688,
2026-03-30 18:07:00,633.165,633.21,632.855,633.039,167345.930251,633.0275,2723,
2026-03-30 18:08:00,633.04,633.22,632.86,632.91,206059.674835,633.0629,3097,
2026-03-30 18:09:00,632.9,633.04,632.87,632.94,137230.836192,632.9669,2507,
2026-03-30 18:10:00,632.96,633.18,632.86,632.975,225227.387341,632.9781,3598,
2026-03-30 18:11:00,632.97,633.19,632.95,633.12,127182.972699,633.0924,2292,
2026-03-30 18:12:00,633.13,633.14,632.97,633.13,69953.915712,633.0445,1443,
2026-03-30 18:13:00,633.11,633.19,632.89,632.955,148808.641055,633.0271,2540,
2026-03-30 18:14:00,632.96,633.41,632.935,633.26,230245.29114,633.168,3768,
2026-03-30 18:15:00,633.24,633.3575,632.98,633.025,304462.322744,633.6976,2463,
2026-03-30 18:16:00,633.01,633.18,632.97,633.09,160452.705745,633.0728,2552,
2026-03-30 18:17:00,633.09,633.26,633.025,633.07,126545.086106,633.146,2060,
2026-03-30 18:18:00,633.07,633.255,633.045,633.15,85987.817024,633.16,1644,
2026-03-30 18:19:00,633.16,633.53,633.14,633.46,135141.144841,633.3686,2521,
2026-03-30 18:20:00,633.45,633.62,633.38,633.54,151404.057442,633.4983,2323,
2026-03-30 18:21:00,633.54,633.67,633.23,633.32,195653.498126,633.4357,2366,
2026-03-30 18:22:00,633.33,633.45,633.12,633.15,143779.454305,633.317,2228,
2026-03-30 18:23:00,633.16,633.26,633.0,633.09,129061.527852,633.1139,2057,
2026-03-30 18:24:00,633.08,633.155,632.98,633.05,102911.13405,633.0617,1626,
2026-03-30 18:25:00,633.05,633.08,632.75,632.86,190088.425142,632.9077,2828,
2026-03-30 18:26:00,632.85,632.885,632.52,632.64,265056.962287,632.6643,4067,
2026-03-30 18:27:00,632.635,632.67,632.41,632.53,211699.739509,632.5123,3620,
2026-03-30 18:28:00,632.52,632.53,632.3,632.44,112781.393825,632.4119,2175,
2026-03-30 18:29:00,632.41,632.47,632.26,632.28,151908.946331,632.3838,2636,
2026-03-30 18:30:00,632.29,632.57,632.26,632.48,289083.812203,632.4567,4295,
2026-03-30 18:31:00,632.48,632.72,632.455,632.53,1878445.142134,632.4979,3139,
2026-03-30 18:32:00,632.52,632.69,632.47,632.535,200400.552208,632.5375,1692,
2026-03-30 18:33:00,632.54,632.61,632.465,632.6099,119503.876844,632.5335,1723,
2026-03-30 18:34:00,632.61,632.64,632.51,632.615,104869.538842,632.5641,1783,
2026-03-30 18:35:00,632.6,632.87,632.6,632.82,161928.92471,632.7663,2597,
2026-03-30 18:36:00,632.82,633.17,632.79,633.16,291961.732208,632.9724,4068,
2026-03-30 18:37:00,633.16,633.16,632.99,633.0,100268.232684,633.0842,1817,
2026-03-30 18:38:00,632.995,633.06,632.765,632.81,131597.856161,632.9286,1926,
2026-03-30 18:39:00,632.8,632.805,632.48,632.495,129142.145783,632.6631,2233,
2026-03-30 18:40:00,632.49,632.68,632.39,632.66,228272.13894,632.5332,2942,
2026-03-30 18:41:00,632.66,632.71,632.59,632.63,181658.530625,632.6471,2444,
2026-03-30 18:42:00,632.61,632.65,632.4275,632.49,374157.683319,632.5563,3026,
2026-03-30 18:43:00,632.5,632.54,632.38,632.505,165000.786245,632.4491,2789,
2026-03-30 18:44:00,632.5,632.58,632.435,632.46,145007.470642,632.4963,2078,
2026-03-30 18:45:00,632.48,632.74,632.48,632.535,134622.385117,632.6099,2513,
2026-03-30 18:46:00,632.52,632.57,632.34,632.43,150720.082291,632.4549,2367,
2026-03-30 18:47:00,632.41,632.48,632.3,632.395,176848.999969,632.4038,2536,
2026-03-30 18:48:00,632.39,632.61,632.18,632.26,231552.438915,632.3516,3649,
2026-03-30 18:49:00,632.28,632.37,632.22,632.245,112202.964687,632.3053,2008,
2026-03-30 18:50:00,632.24,632.31,631.98,632.1001,198038.001171,632.1369,3359,
2026-03-30 18:51:00,632.1,632.13,631.8,631.86,254949.66435,631.914,3629,
2026-03-30 18:52:00,631.86,631.919,631.72,631.8,199528.61537,631.8039,3343,
2026-03-30 18:53:00,631.8,631.8799,631.72,631.77,174569.584562,631.7939,2736,
2026-03-30 18:54:00,631.78,631.93,631.63,631.835,263359.606916,631.7941,3811,
2026-03-30 18:55:00,631.84,632.05,631.83,631.9,158639.948332,631.9541,2515,
2026-03-30 18:56:00,631.895,631.94,631.8,631.83,140056.015274,631.8651,2333,
2026-03-30 18:57:00,631.82,631.84,631.45,631.5,177584.48286,631.6329,2698,
2026-03-30 18:58:00,631.52,631.74,631.46,631.595,223009.562568,631.6254,3597,
2026-03-30 18:59:00,631.58,631.82,631.565,631.75,225087.767306,631.7105,3375,
2026-03-30 19:00:00,631.75,631.89,631.54,631.615,187226.199881,631.6778,3249,
2026-03-30 19:01:00,631.62,631.79,631.56,631.73,163034.580335,631.6938,2534,
2026-03-30 19:02:00,631.72,631.92,631.6375,631.665,253797.255167,631.7824,3376,
2026-03-30 19:03:00,631.68,631.71,631.39,631.41,218743.267521,631.5849,3207,
2026-03-30 19:04:00,631.41,631.62,631.37,631.52,200265.542298,631.5092,2932,
2026-03-30 19:05:00,631.51,631.52,631.18,631.22,251006.856256,631.3171,3920,
2026-03-30 19:06:00,631.21,631.23,630.89,631.07,408837.571244,631.0449,5995,
2026-03-30 19:07:00,631.08,631.12,630.63,630.71,318616.179741,630.8504,4994,
2026-03-30 19:08:00,630.71,630.7999,630.58,630.6501,281029.731776,630.6567,4630,
2026-03-30 19:09:00,630.645,630.72,630.41,630.46,411620.078007,630.5685,6495,
2026-03-30 19:10:00,630.46,630.54,630.0,630.0115,417545.119283,630.1581,7371,
2026-03-30 19:11:00,630.02,630.2,629.625,629.87,434689.045565,629.888,7426,
2026-03-30 19:12:00,629.86,630.11,629.8,629.85,384848.303737,629.963,5222,
2026-03-30 19:13:00,629.85,630.04,629.785,630.01,288331.705812,629.946,4246,
2026-03-30 19:14:00,630.02,630.04,629.8,629.94,307660.074647,629.9322,4692,
2026-03-30 19:15:00,629.9481,630.2902,629.9075,630.15,321982.606743,630.1128,4803,
2026-03-30 19:16:00,630.15,630.27,630.01,630.125,225266.060196,630.1478,3650,
2026-03-30 19:17:00,630.12,630.3525,630.08,630.1623,149738.474631,630.2143,2801,
2026-03-30 19:18:00,630.17,630.28,630.08,630.135,198995.927388,630.1743,3095,
2026-03-30 19:19:00,630.14,630.15,629.98,630.03,249453.645157,630.0739,3360,
2026-03-30 19:20:00,630.03,630.26,630.0,630.23,167558.894723,630.1364,2738,
2026-03-30 19:21:00,630.23,630.235,629.75,629.81,310554.994336,629.9033,4737,
2026-03-30 19:22:00,629.82,629.9799,629.82,629.91,182836.796965,629.9122,3395,
2026-03-30 19:23:00,629.92,630.1999,629.88,630.05,408664.475731,631.3969,4057,
2026-03-30 19:24:00,630.06,630.06,629.82,629.88,241400.041244,629.9641,3830,
2026-03-30 19:25:00,629.8601,629.91,629.62,629.665,270323.19103,629.7483,4291,
2026-03-30 19:26:00,629.66,629.89,629.645,629.825,204378.438575,629.7989,3753,
2026-03-30 19:27:00,629.84,629.94,629.56,629.63,252720.606914,629.7352,3973,
2026-03-30 19:28:00,629.6299,629.6299,629.345,629.45,225106.569162,629.5081,3838,
2026-03-30 19:29:00,629.43,629.67,629.28,629.58,322034.527641,629.4786,4833,
2026-03-30 19:30:00,629.585,630.06,629.585,629.92,385907.58581,629.8361,5777,
2026-03-30 19:31:00,629.92,630.0,629.45,629.54,508302.605275,632.0886,3795,
2026-03-30 19:32:00,629.55,629.59,629.35,629.48,366042.173497,631.2062,3554,
2026-03-30 19:33:00,629.47,629.7,629.47,629.605,128810.088661,629.5959,2468,
2026-03-30 19:34:00,629.6,629.6,629.42,629.45,139996.861202,629.5067,2600,
2026-03-30 19:35:00,629.47,629.96,629.45,629.86,407279.23368,631.1877,4468,
2026-03-30 19:36:00,629.86,630.6999,629.86,630.58,441086.663477,630.2745,6519,
2026-03-30 19:37:00,630.58,630.59,630.21,630.38,748207.137969,631.0874,4441,
2026-03-30 19:38:00,630.39,630.44,630.03,630.065,182539.984095,630.2375,3097,
2026-03-30 19:39:00,630.065,630.27,629.98,630.22,177657.107233,630.139,3047,
2026-03-30 19:40:00,630.23,630.58,630.21,630.525,234564.628928,630.3721,3643,
2026-03-30 19:41:00,630.525,630.76,630.3699,630.7298,262071.727024,630.5419,4051,
2026-03-30 19:42:00,630.73,631.08,630.615,630.745,332050.213649,630.8554,4915,
2026-03-30 19:43:00,630.74,630.77,630.53,630.725,210936.733915,630.6725,3285,
2026-03-30 19:44:00,630.7196,630.9,630.655,630.735,206642.212016,630.7833,3114,
2026-03-30 19:45:00,630.7299,631.0,630.67,630.96,736825.801592,632.1283,6911,
2026-03-30 19:46:00,630.94,631.03,630.73,630.92,204308.342557,630.8701,3198,
2026-03-30 19:47:00,630.91,631.47,630.875,631.39,274274.209101,631.1365,4221,
2026-03-30 19:48:00,631.39,631.39,630.96,631.1,300090.230256,631.2145,4389,
2026-03-30 19:49:00,631.11,631.23,630.94,631.08,247555.923824,631.0788,3766,
2026-03-30 19:50:00,631.09,631.62,630.79,631.595,557483.616197,631.2326,7226,
2026-03-30 19:51:00,631.595,631.82,631.53,631.77,565530.872036,632.3036,5760,
2026-03-30 19:52:00,631.78,631.8,631.45,631.53,501883.963687,631.6218,6656,
2026-03-30 19:53:00,631.53,631.83,631.27,631.81,527873.368503,631.5528,6423,
2026-03-30 19:54:00,631.81,632.1,631.69,632.03,455226.940047,631.8672,5971,
2026-03-30 19:55:00,632.02,632.6402,632.02,632.36,825612.430456,632.6947,9027,
2026-03-30 19:56:00,632.36,632.51,632.24,632.38,408500.714335,632.3685,6083,
2026-03-30 19:57:00,632.39,632.61,632.28,632.475,657071.710051,632.8446,6340,
2026-03-30 19:58:00,632.48,632.54,631.685,631.84,1263878.438776,632.4355,12413,
2026-03-30 19:59:00,631.81,632.28,631.5,632.02,1764236.30466,632.0983,14520,
2026-03-30 20:00:00,632.0,632.09,631.32,631.59,211419.901583,631.7189,1197,
2026-03-30 20:01:00,631.6,631.8,631.5,631.72,175649.358765,631.6545,876,
2026-03-30 20:02:00,631.72,631.78,631.64,631.7,75545.83292,631.7128,601,
2026-03-30 20:03:00,631.7,631.8,631.63,631.69,59460.169602,631.736,411,
2026-03-30 20:04:00,631.65,631.72,631.5,631.5127,71571.157652,631.6386,639,
2026-03-30 20:05:00,631.539,631.7753,631.539,631.59,349519.951998,631.9064,394,
2026-03-30 20:06:00,631.6,631.66,631.5,631.6,142939.064242,631.4085,260,
2026-03-30 20:07:00,631.62,631.62,631.35,631.35,37233.231926,631.4964,295,
2026-03-30 20:08:00,631.35,631.3702,631.075,631.12,59629.892196,631.2465,505,
2026-03-30 20:09:00,631.12,631.29,631.09,631.27,78896.341085,631.1412,412,
2026-03-30 20:10:00,631.29,631.29,631.21,631.25,12928.154302,631.2491,197,
2026-03-30 20:11:00,631.22,631.29,631.16,631.23,2771381.497012,631.92,349,
2026-03-30 20:12:00,631.24,631.27,631.12,631.13,1054676.705029,631.2209,337,
2026-03-30 20:13:00,631.17,631.2,631.02,631.09,38062.932438,631.1232,301,
2026-03-30 20:14:00,631.09,631.15,631.07,631.13,14051.781017,631.1339,188,
2026-03-30 20:15:00,631.1,631.34,631.1,631.19,20049.684013,631.2633,264,
2026-03-30 20:16:00,631.21,631.32,631.15,631.32,12409.805767,631.2735,192,
2026-03-30 20:17:00,631.33,631.38,631.2,631.23,63247.811912,631.2647,432,
2026-03-30 20:18:00,631.28,631.32,631.21,631.3,19154.562615,631.303,219,
2026-03-30 20:19:00,631.31,631.43,631.3,631.349,14973.225371,631.366,188,
2026-03-30 20:20:00,631.35,631.44,631.33,631.34,15620.022788,631.3769,165,
2026-03-30 20:21:00,631.37,631.4,631.3399,631.36,13048.661684,631.4011,111,
2026-03-30 20:22:00,631.34,631.34,631.28,631.3,13478.503661,631.3326,151,
2026-03-30 20:23:00,631.32,631.32,631.2,631.24,141048.281813,634.1156,148,
2026-03-30 20:24:00,631.24,631.24,631.15,631.18,14117.138513,631.1954,156,
2026-03-30 20:25:00,631.21,631.22,631.15,631.2,66068.231684,631.1947,407,
2026-03-30 20:26:00,631.2,631.2,631.16,631.1893,8058.498508,631.2212,87,
2026-03-30 20:27:00,631.1899,631.2692,631.1899,631.2692,3416.909089,631.4108,60,
2026-03-30 20:28:00,631.28,631.46,631.28,631.38,9688.689119,631.4786,118,
2026-03-30 20:29:00,631.37,631.43,631.32,631.4,69149.65145,634.0744,133,
2026-03-30 20:30:00,631.36,631.4,631.31,631.34,1276.566093,631.6215,47,
2026-03-30 20:31:00,631.33,631.41,631.25,631.25,6238.474022,631.3418,91,
2026-03-30 20:32:00,631.25,631.27,631.23,631.27,4859.693406,631.3483,68,
2026-03-30 20:33:00,631.23,631.26,631.2,631.26,1592.859195,631.5677,36,
2026-03-30 20:34:00,631.24,631.2591,631.18,631.2514,13796.285033,631.235,112,
2026-03-30 20:35:00,631.2,631.2,631.17,631.1996,128659.59347,634.3929,53,
2026-03-30 20:36:00,631.19,631.31,631.19,631.27,2666.17475,631.2718,65,
2026-03-30 20:37:00,631.26,631.27,631.2501,631.2698,430.406739,631.8574,25,
2026-03-30 20:38:00,631.25,631.3,631.25,631.28,8928.758258,631.3444,78,
2026-03-30 20:39:00,631.3,631.3203,631.26,631.32,6599.324789,631.3294,45,
2026-03-30 20:40:00,631.35,631.4399,631.35,631.42,18876.709231,631.8728,76,
2026-03-30 20:41:00,631.38,631.45,631.3699,631.42,5563.056104,631.4017,76,
2026-03-30 20:42:00,631.3814,631.3993,631.33,631.34,1338.817173,631.7478,30,
2026-03-30 20:43:00,631.36,631.38,631.34,631.34,9865.531377,631.4032,67,
2026-03-30 20:44:00,631.36,631.5,631.36,631.5,28157.245519,631.4381,180,
2026-03-30 20:45:00,631.4946,631.52,631.4403,631.4403,1441.897178,631.8681,46,
2026-03-30 20:46:00,631.44,631.47,631.4109,631.47,3196.587043,631.5761,31,
2026-03-30 20:47:00,631.4447,631.49,631.4447,631.46,1449.290872,631.5912,41,
2026-03-30 20:48:00,631.4698,631.49,631.431,631.49,1185.035372,631.4821,34,
2026-03-30 20:49:00,631.42,631.4453,631.38,631.4453,1745.264646,631.517,43,
2026-03-30 20:50:00,631.45,631.45,631.43,631.43,329.634179,632.6619,28,
2026-03-30 20:51:00,631.48,631.49,631.44,631.45,3394.058056,631.4768,68,
2026-03-30 20:52:00,631.395,631.41,631.3,631.34,1234.872103,631.7989,45,
2026-03-30 20:53:00,631.3,631.37,631.3,631.33,3959.391749,631.4041,65,
2026-03-30 20:54:00,631.31,631.36,631.31,631.32,710.424547,631.7254,22,
2026-03-30 20:55:00,631.32,631.4,631.3,631.37,13344.081466,631.3893,75,
2026-03-30 20:56:00,631.45,631.51,631.42,631.43,6216.426775,631.5016,71,
2026-03-30 20:57:00,631.46,631.51,631.46,631.51,1127.160638,631.5712,21,
2026-03-30 20:58:00,631.52,631.61,631.52,631.61,4815.882176,631.6722,59,
2026-03-30 20:59:00,631.52,631.65,631.52,631.65,3439.615713,631.7009,49,
2026-03-30 21:00:00,631.57,631.89,631.53,631.53,7838.322636,631.7474,127,
2026-03-30 21:01:00,631.77,631.77,631.77,631.77,736.447557,632.1515,24,
2026-03-30 21:02:00,631.7,631.76,631.7,631.75,563.503157,632.2841,36,
2026-03-30 21:03:00,631.7899,631.7899,631.75,631.75,1328.958421,632.2361,27,
2026-03-30 21:04:00,631.75,631.75,631.702,631.74,986.067622,631.7681,28,
2026-03-30 21:05:00,631.79,631.79,631.66,631.66,3752.948087,631.8708,54,
2026-03-30 21:06:00,631.67,631.67,631.6484,631.6484,473.720427,632.6365,31,
2026-03-30 21:08:00,631.73,631.75,631.73,631.74,611.255736,631.9983,27,
2026-03-30 21:09:00,631.73,631.73,631.73,631.73,69.057537,632.263,10,
2026-03-30 21:10:00,631.7,631.71,631.7,631.71,196.676035,633.8959,23,
2026-03-30 21:11:00,631.7475,631.7475,631.7102,631.73,293.761297,633.3694,27,
2026-03-30 21:12:00,631.71,631.78,631.67,631.76,10431.528995,631.7106,50,
2026-03-30 21:13:00,631.75,631.75,631.6,631.6,3166.278941,631.7435,151,
2026-03-30 21:14:00,631.6,631.6,631.55,631.55,1090.167498,631.6814,50,
2026-03-30 21:15:00,631.55,631.55,631.5,631.5,1284.454864,631.7524,50,
2026-03-30 21:16:00,631.58,631.58,631.58,631.58,214.772753,633.845,31,
2026-03-30 21:17:00,631.52,631.6,631.51,631.51,1029.97784,632.1579,29,
2026-03-30 21:18:00,631.56,631.56,631.5106,631.5106,1578.200322,631.5947,17,
2026-03-30 21:19:00,631.56,631.56,631.48,631.48,4531.036138,631.5151,79,
2026-03-30 21:20:00,631.45,631.58,631.45,631.45,1288.963459,631.9516,57,
2026-03-30 21:21:00,631.45,631.45,631.41,631.45,492.64073,632.2602,30,
2026-03-30 21:22:00,631.45,631.45,631.44,631.44,851.684016,631.9562,29,
2026-03-30 21:23:00,631.4414,631.45,631.4414,631.4497,1899.322443,631.5566,29,
2026-03-30 21:24:00,631.44,631.44,631.44,631.44,213.137679,631.8523,11,
2026-03-30 21:25:00,631.41,631.44,631.4,631.4,1173.689767,631.7845,35,
2026-03-30 21:26:00,631.3992,631.57,631.3992,631.44,2094.358801,631.513,33,
2026-03-30 21:27:00,631.3999,631.4,631.37,631.4,3572.075835,631.4109,32,
2026-03-30 21:28:00,631.42,631.44,631.38,631.42,815.529258,631.8253,34,
2026-03-30 21:29:00,631.42,631.44,631.42,631.44,378.271628,631.8738,23,
2026-03-30 21:30:00,631.37,631.4,631.37,631.39,975.946649,632.008,31,
2026-03-30 21:31:00,631.37,631.37,631.37,631.37,209.852781,633.959,33,
2026-03-30 21:32:00,631.4,631.4,631.4,631.4,239.334359,632.2783,27,
2026-03-30 21:33:00,631.4,631.4,631.37,631.37,3873.22572,631.4345,33,
2026-03-30 21:34:00,631.38,631.41,631.37,631.41,3429.609523,631.4994,36,
2026-03-30 21:35:00,631.44,631.55,631.44,631.55,257.268959,632.1471,21,
2026-03-30 21:36:00,631.5508,631.69,631.5508,631.57,3095.629929,631.7621,39,
2026-03-30 21:37:00,631.57,631.61,631.56,631.61,551.799505,632.5109,25,
2026-03-30 21:38:00,631.56,631.61,631.55,631.6,1398.736857,631.9279,26,
2026-03-30 21:39:00,631.6195,631.62,631.6195,631.62,127.054159,631.8714,17,
2026-03-30 21:40:00,631.6002,631.61,631.5801,631.5801,263.446631,632.6707,22,
2026-03-30 21:42:00,631.6572,631.68,631.6572,631.68,1484.625405,631.9401,27,
2026-03-30 21:43:00,631.66,631.66,631.6596,631.6596,704.69094,632.2786,29,
2026-03-30 21:44:00,631.65,631.66,631.65,631.66,266.571509,633.0111,18,
2026-03-30 21:45:00,631.6647,631.6848,631.66,631.66,255.2521,632.2965,22,
2026-03-30 21:46:00,631.66,631.66,631.66,631.66,280.527164,632.8537,20,
2026-03-30 21:47:00,631.69,631.7,631.66,631.66,417.573309,632.5482,32,
2026-03-30 21:49:00,631.64,631.64,631.5,631.58,3473.236415,631.5727,71,
2026-03-30 21:51:00,631.46,631.46,631.46,631.46,232.310401,632.3435,17,
2026-03-30 21:52:00,631.5,631.6699,631.5,631.6699,611.381307,631.9495,15,
2026-03-30 21:53:00,631.6114,631.6114,631.5,631.5,329.332857,632.1967,18,
2026-03-30 21:54:00,631.62,631.67,631.61,631.67,593.242688,631.896,26,
2026-03-30 21:55:00,631.67,631.7,631.58,631.7,1617.103733,631.7187,68,
2026-03-30 21:56:00,631.68,631.68,631.45,631.54,6357.850729,631.5694,78,
2026-03-30 21:57:00,631.52,631.52,631.52,631.52,331.142425,631.7985,23,
2026-03-30 21:58:00,631.55,631.63,631.55,631.63,547.722229,632.4266,25,
2026-03-30 21:59:00,631.65,631.65,631.62,631.62,1125.188508,631.7427,23,
2026-03-30 22:00:00,631.69,632.09,631.69,632.06,12559.409477,631.9693,140,
2026-03-30 22:01:00,632.075,632.19,632.01,632.14,10807.729345,632.1024,76,
2026-03-30 22:02:00,632.21,632.26,632.1,632.1,1660.205354,632.2693,54,
2026-03-30 22:03:00,632.1,632.46,632.1,632.37,2382.027152,632.2688,57,
2026-03-30 22:04:00,632.36,632.47,632.32,632.41,4383.67215,632.5145,70,
2026-03-30 22:05:00,632.38,632.51,632.3091,632.34,2566.171476,632.4716,54,
2026-03-30 22:06:00,632.32,632.39,632.2991,632.39,1499.379204,632.5092,31,
2026-03-30 22:07:00,632.26,632.26,632.16,632.16,2913.042867,632.3212,50,
2026-03-30 22:08:00,632.13,632.1998,632.1,632.13,4387.938917,632.3109,44,
2026-03-30 22:09:00,632.08,632.08,631.92,631.92,2243.522145,632.1328,79,
2026-03-30 22:10:00,631.9,631.9,631.79,631.86,4740.3103,631.8974,47,
2026-03-30 22:11:00,631.81,631.87,631.72,631.87,5111.311777,631.8063,75,
2026-03-30 22:12:00,631.91,631.96,631.75,631.76,3187.522521,631.9571,32,
2026-03-30 22:13:00,631.76,631.86,631.76,631.8306,1083.150266,631.9085,19,
2026-03-30 22:14:00,631.8896,631.94,631.86,631.86,542.452401,632.4415,25,
2026-03-30 22:15:00,631.87,631.92,631.7865,631.9188,5318.478684,631.9204,31,
2026-03-30 22:16:00,631.8452,632.02,631.8452,632.02,1396.892161,632.3923,37,
2026-03-30 22:17:00,632.0,632.0,632.0,632.0,122.410955,634.1416,20,
2026-03-30 22:18:00,632.07,632.11,632.04,632.04,435.701427,633.0866,19,
2026-03-30 22:19:00,632.0,632.0,631.8683,631.8683,881.84824,632.5331,28,
2026-03-30 22:20:00,631.8705,632.0568,631.8705,631.96,548.389853,632.4213,27,
2026-03-30 22:21:00,631.9352,631.9515,631.89,631.89,240.102796,632.1959,19,
2026-03-30 22:22:00,631.8813,631.96,631.8813,631.96,615.92216,632.8664,22,
2026-03-30 22:23:00,632.02,632.02,631.96,631.96,1028.215363,632.1329,28,
2026-03-30 22:24:00,632.0,632.06,631.96,632.06,6274.009729,632.0193,40,
2026-03-30 22:25:00,632.16,632.16,632.05,632.05,485.356694,632.5724,19,
2026-03-30 22:26:00,632.1,632.17,632.1,632.17,680.914472,632.9944,25,
2026-03-30 22:27:00,632.15,632.15,632.15,632.15,232.662243,633.9138,30,
2026-03-30 22:28:00,632.05,632.05,632.0,632.0,2416.19614,632.0703,46,
2026-03-30 22:29:00,632.06,632.06,632.02,632.02,491.123317,632.2055,17,
2026-03-30 22:30:00,631.97,631.97,631.86,631.86,2660.299494,631.9949,65,
2026-03-30 22:31:00,631.82,631.82,631.71,631.71,930.448559,632.0709,47,
2026-03-30 22:32:00,631.9168,631.9168,631.9168,631.9168,165.552311,634.0235,19,
2026-03-30 22:33:00,631.9283,632.01,631.89,631.89,1292.313194,632.1333,23,
2026-03-30 22:35:00,632.0,632.0,631.9,631.9,1033.862007,632.4362,21,
2026-03-30 22:36:00,631.93,631.93,631.93,631.93,85.200707,633.4219,14,
2026-03-30 22:37:00,631.99,632.1426,631.99,632.05,548.937399,633.1603,26,
2026-03-30 22:38:00,632.03,632.03,632.03,632.03,196.031972,632.0969,28,
2026-03-30 22:39:00,632.0,632.0,632.0,632.0,208.063045,632.1965,15,
2026-03-30 22:40:00,632.1183,632.1183,632.07,632.0982,481.010789,632.1047,17,
2026-03-30 22:41:00,632.1125,632.1125,632.1125,632.1125,225.384206,633.1776,13,
2026-03-30 22:42:00,632.0609,632.0609,631.89,631.89,4487.911688,632.062,60,
2026-03-30 22:43:00,631.94,631.94,631.94,631.94,505.959066,633.1391,28,
2026-03-30 22:44:00,631.8604,631.8604,631.8,631.8,2732.919801,632.045,45,
2026-03-30 22:45:00,631.8017,631.8017,631.7516,631.7516,589.90724,632.7523,23,
2026-03-30 22:46:00,631.75,631.83,631.75,631.83,1390.740004,632.0897,30,
2026-03-30 22:47:00,631.76,631.76,631.75,631.75,1057.203277,631.8802,23,
2026-03-30 22:48:00,631.75,631.81,631.7,631.81,2188.165747,631.7943,55,
2026-03-30 22:50:00,631.95,631.99,631.95,631.99,887.163841,632.1024,28,
2026-03-30 22:51:00,631.99,632.033,631.97,632.033,2116.739206,632.2158,27,
2026-03-30 22:52:00,631.97,631.97,631.89,631.89,1550.840552,632.258,34,
2026-03-30 22:53:00,631.95,631.96,631.9252,631.9252,416.228739,632.2968,15,
2026-03-30 22:54:00,631.9513,632.02,631.95,632.0185,4152.403434,632.0487,44,
2026-03-30 22:55:00,632.039,632.039,632.0,632.0,435.087774,632.1406,24,
2026-03-30 22:56:00,631.9726,631.9726,631.8418,631.8418,4223.255283,631.9609,35,
2026-03-30 22:57:00,631.77,632.01,631.74,632.0,7955.783861,632.0542,60,
2026-03-30 22:58:00,632.0209,632.03,631.8283,631.8283,984.185296,632.0923,30,
2026-03-30 22:59:00,631.83,631.8575,631.71,631.72,2782.418593,631.8966,30,
2026-03-30 23:00:00,631.63,631.63,631.31,631.31,6201.681985,631.502,135,
2026-03-30 23:01:00,631.37,631.37,631.2,631.2896,1415.518971,631.4953,54,
2026-03-30 23:02:00,631.3,631.34,631.08,631.08,4938.581518,631.3156,66,
2026-03-30 23:03:00,631.2,631.2,631.06,631.06,2467.411279,631.208,37,
2026-03-30 23:04:00,631.03,631.04,630.8604,630.9,7991.741504,631.0636,129,
2026-03-30 23:05:00,630.98,630.98,630.7966,630.8081,2572.089845,630.9063,75,
2026-03-30 23:06:00,630.8401,630.8401,630.68,630.75,1114.465452,631.0123,96,
2026-03-30 23:07:00,630.75,631.1,630.6,630.6,9074.617832,630.7952,169,
2026-03-30 23:08:00,630.62,630.76,629.97,630.32,9715.570209,630.3548,239,
2026-03-30 23:09:00,630.4,630.5,630.307,630.32,5463.259898,630.4817,103,
2026-03-30 23:10:00,630.41,630.59,630.41,630.59,871.180492,630.653,49,
2026-03-30 23:11:00,630.54,630.7,630.54,630.6422,1484.809808,630.9748,65,
2026-03-30 23:12:00,630.41,630.48,630.35,630.47,1617.111633,630.4975,59,
2026-03-30 23:13:00,630.32,630.38,630.3,630.38,768.032803,630.3713,30,
2026-03-30 23:14:00,630.5417,630.56,630.46,630.48,3153.383034,630.5742,42,
2026-03-30 23:15:00,630.42,630.47,630.38,630.38,689.97477,631.3192,32,
2026-03-30 23:16:00,630.58,630.65,630.47,630.61,2661.234639,630.6486,55,
2026-03-30 23:17:00,630.52,630.5891,630.5,630.5196,2650.371465,630.6364,31,
2026-03-30 23:18:00,630.62,630.63,630.5947,630.5963,417.549041,631.4382,26,
2026-03-30 23:19:00,630.6404,630.72,630.63,630.6956,1094.693193,631.0827,51,
2026-03-30 23:20:00,630.7508,630.89,630.7385,630.88,839.40099,631.0803,47,
2026-03-30 23:21:00,630.92,630.98,630.92,630.98,367.395909,631.6212,49,
2026-03-30 23:22:00,630.7,630.7,630.65,630.67,919.669417,631.1329,41,
2026-03-30 23:23:00,630.75,630.77,630.68,630.6801,2780.174142,630.7538,43,
2026-03-30 23:24:00,630.64,630.77,630.63,630.77,2391.344014,630.7497,35,
2026-03-30 23:25:00,630.78,630.78,630.66,630.67,2701.793,630.9286,38,
2026-03-30 23:26:00,630.65,630.7,630.65,630.7,2358.039642,630.7033,29,
2026-03-30 23:27:00,630.65,630.83,630.61,630.83,3135.658326,630.8648,64,
2026-03-30 23:28:00,630.84,630.84,630.82,630.82,457.078489,630.9332,23,
2026-03-30 23:29:00,630.8,630.81,630.76,630.76,3175.640039,630.9108,41,
2026-03-30 23:30:00,630.68,630.68,630.52,630.52,370.879107,632.062,47,
2026-03-30 23:31:00,630.51,630.5583,630.36,630.36,891.186832,630.5826,48,
2026-03-30 23:32:00,630.3893,630.41,630.32,630.35,1284.232101,630.4761,63,
2026-03-30 23:33:00,630.3294,630.36,630.26,630.36,1471.175166,630.3839,82,
2026-03-30 23:34:00,630.34,630.37,630.26,630.29,1037.256717,630.4523,41,
2026-03-30 23:35:00,630.2839,630.33,630.2839,630.33,479.235923,630.6397,39,
2026-03-30 23:36:00,630.46,630.62,630.46,630.56,676.55093,631.064,45,
2026-03-30 23:37:00,630.56,630.59,630.46,630.46,1874.220806,630.6292,23,
2026-03-30 23:38:00,630.47,630.47,630.4,630.46,4401.705553,630.5488,25,
2026-03-30 23:39:00,630.41,630.41,630.4022,630.4022,297.616262,631.7181,49,
2026-03-30 23:40:00,630.35,630.4,630.35,630.4,202.315412,631.3691,32,
2026-03-30 23:41:00,630.34,630.5,630.31,630.5,2098.248963,630.4671,84,
2026-03-30 23:42:00,630.42,630.49,630.42,630.49,1118.252869,630.591,31,
2026-03-30 23:43:00,630.49,630.49,630.37,630.37,781.53785,630.8663,28,
2026-03-30 23:44:00,630.38,630.39,630.32,630.33,931.356552,630.5986,66,
2026-03-30 23:45:00,630.37,630.37,630.25,630.2796,845.227781,630.4746,62,
2026-03-30 23:46:00,630.27,630.27,630.22,630.22,1036.35071,630.4438,47,
2026-03-30 23:47:00,630.2209,630.2209,630.15,630.17,2143.962647,630.4854,33,
2026-03-30 23:48:00,630.1597,630.22,630.15,630.19,876.60364,630.6101,44,
2026-03-30 23:49:00,630.2199,630.3188,630.2199,630.3188,1621.626695,630.4948,45,
2026-03-30 23:50:00,630.25,630.52,630.25,630.51,1413.167501,630.4694,65,
2026-03-30 23:51:00,630.48,630.52,630.4788,630.4788,1374.604413,630.7604,38,
2026-03-30 23:52:00,630.35,630.35,630.26,630.26,271.227799,630.8414,29,
2026-03-30 23:53:00,630.2,630.25,630.2,630.25,216.135037,630.6534,28,
2026-03-30 23:54:00,630.25,630.27,630.2015,630.27,2355.030111,630.2156,29,
2026-03-30 23:55:00,630.281,630.281,630.19,630.2601,4586.892322,630.3781,55,
2026-03-30 23:56:00,630.3,630.39,630.25,630.39,477.651401,631.1903,38,
2026-03-30 23:57:00,630.3062,630.3062,630.17,630.2,948.794436,630.7398,46,
2026-03-30 23:58:00,630.3,630.35,630.3,630.3383,877.039214,630.366,33,
2026-03-30 23:59:00,630.39,630.58,630.35,630.58,5484.425099,630.5175,79,
2026-03-31 08:00:00,638.81,638.81,637.2,638.54,31614.860701,638.5362,1157,
2026-03-31 08:01:00,637.99,638.26,635.57,638.24,10251.07323,637.4021,325,
2026-03-31 08:02:00,638.07,638.73,635.53,638.24,65661.172167,637.0466,1585,
2026-03-31 08:03:00,638.23,638.43,638.23,638.43,1848.059241,638.2243,67,
2026-03-31 08:04:00,638.5,638.8,638.5,638.8,2698.215347,638.6964,70,
2026-03-31 08:05:00,638.75,638.81,638.67,638.76,1119.946514,639.2857,46,
2026-03-31 08:06:00,638.79,638.84,638.67,638.75,3324.058424,638.7537,63,
2026-03-31 08:07:00,638.71,638.81,638.48,638.48,2308.545468,638.8312,56,
2026-03-31 08:08:00,638.55,638.64,638.53,638.56,5577.517306,638.6445,70,
2026-03-31 08:09:00,638.56,638.8,638.56,638.7,2627.042333,638.738,65,
2026-03-31 08:10:00,638.48,638.49,638.13,638.16,2431.075335,638.3084,53,
2026-03-31 08:11:00,638.27,638.297,638.15,638.15,1643.046725,638.231,51,
2026-03-31 08:12:00,637.98,638.15,637.9,637.9,1516.048237,638.0907,51,
2026-03-31 08:13:00,638.07,638.21,638.06,638.21,643.036027,638.1434,27,
2026-03-31 08:14:00,638.1,638.1,637.77,637.81,3173.138949,637.8568,66,
2026-03-31 08:15:00,637.8,637.98,637.8,637.98,341.037978,637.9074,22,
2026-03-31 08:16:00,637.98,638.25,637.96,638.19,1310.055989,638.2039,38,
2026-03-31 08:17:00,638.07,638.07,637.93,638.03,572.04137,638.0481,32,
2026-03-31 08:18:00,637.82,637.89,637.79,637.84,3174.378492,637.8877,52,
2026-03-31 08:19:00,637.81,638.0,637.81,638.0,1372.036523,637.8866,31,
2026-03-31 08:20:00,638.08,638.12,638.08,638.08,235.048031,638.2097,20,
2026-03-31 08:21:00,638.06,638.18,638.06,638.18,1498.053214,638.148,46,
2026-03-31 08:22:00,637.89,638.03,637.7322,637.7322,2525.144206,637.949,54,
2026-03-31 08:23:00,637.75,637.82,637.64,637.73,1249.068728,637.7588,34,
2026-03-31 08:24:00,637.83,637.86,637.76,637.76,1244.042438,637.7921,20,
2026-03-31 08:25:00,637.89,637.89,637.69,637.69,1315.537406,638.1136,22,
2026-03-31 08:26:00,637.68,637.68,637.59,637.65,2570.016059,637.6688,30,
2026-03-31 08:27:00,637.65,637.71,637.61,637.71,651.032008,637.6558,23,
2026-03-31 08:28:00,637.6,637.78,637.6,637.78,4816.862582,637.7393,48,
2026-03-31 08:29:00,637.8,637.86,637.6,637.61,2497.031689,637.8015,44,
2026-03-31 08:30:00,637.4,637.43,637.38,637.42,1377.126066,637.4714,36,
2026-03-31 08:31:00,637.58,637.58,637.51,637.51,286.029062,637.6283,19,
2026-03-31 08:32:00,637.45,637.51,637.44,637.5,6667.039777,637.4924,57,
2026-03-31 08:34:00,637.57,637.57,637.34,637.47,546.054987,637.5203,24,
2026-03-31 08:35:00,637.49,637.49,637.31,637.31,517.028157,637.4581,25,
2026-03-31 08:36:00,637.38,637.51,637.38,637.5,902.042557,637.5234,31,
2026-03-31 08:37:00,637.62,637.65,637.54,637.64,11274.031973,637.6302,133,
2026-03-31 08:38:00,637.69,637.7,637.64,637.7,5722.028317,637.701,76,
2026-03-31 08:39:00,637.68,637.68,637.29,637.29,32110.257522,637.675,189,
2026-03-31 08:40:00,637.298,637.3,637.25,637.3,241.335132,638.1712,15,
2026-03-31 08:41:00,637.19,637.37,637.19,637.35,2345.425469,637.3433,54,
2026-03-31 08:42:00,637.26,637.52,637.24,637.52,1651.026683,637.2824,29,
2026-03-31 08:43:00,637.45,637.51,637.45,637.51,3660.015921,637.5019,6,
2026-03-31 08:44:00,637.46,637.52,637.4,637.45,3657.071706,637.4561,66,
2026-03-31 08:45:00,637.11,637.11,637.01,637.07,1337.047552,637.1117,38,
2026-03-31 08:46:00,637.13,637.36,636.98,637.36,708.061302,637.1655,38,
2026-03-31 08:47:00,637.28,637.43,637.28,637.4,648.016189,637.3801,14,
2026-03-31 08:48:00,637.4,637.44,637.37,637.42,596.005334,637.4206,20,
2026-03-31 08:49:00,637.42,637.52,637.42,637.52,315.021285,637.5068,21,
2026-03-31 08:50:00,637.57,637.75,637.57,637.75,166.037054,637.784,15,
2026-03-31 08:51:00,637.73,637.76,637.71,637.71,530.07361,637.814,25,
2026-03-31 08:52:00,637.6,637.6,636.92,637.49,9801.491024,637.1242,173,
2026-03-31 08:53:00,637.17,637.39,637.17,637.38,643.096198,637.4408,25,
2026-03-31 08:54:00,637.3,637.5,636.8,637.5,2831.168764,637.1268,61,
2026-03-31 08:55:00,637.39,637.52,637.26,637.26,358.058548,637.5026,16,
2026-03-31 08:56:00,637.06,637.06,637.05,637.05,177.046752,637.2342,15,
2026-03-31 08:57:00,637.24,637.24,637.16,637.22,354.04831,637.2795,17,
2026-03-31 08:58:00,637.12,637.19,637.12,637.19,177.015583,637.2178,9,
2026-03-31 08:59:00,637.37,637.37,637.37,637.37,63.016035,637.5129,8,
2026-03-31 09:00:00,637.34,637.74,637.31,637.74,875.090202,637.5418,35,
2026-03-31 09:01:00,637.69,637.69,637.49,637.49,987.048129,637.6033,34,
2026-03-31 09:02:00,637.45,637.45,637.45,637.45,100.048018,637.8316,18,
2026-03-31 09:03:00,637.58,637.58,637.58,637.58,89.035504,637.8445,15,
2026-03-31 09:04:00,637.58,637.91,637.58,637.91,3764.173262,637.8844,64,
2026-03-31 09:05:00,637.86,638.17,637.86,638.15,4274.157521,638.0589,88,
2026-03-31 09:06:00,638.13,638.17,637.92,637.92,600.042881,638.0799,32,
2026-03-31 09:07:00,637.84,637.86,637.84,637.86,903.021162,637.8558,12,
2026-03-31 09:09:00,637.84,637.84,637.82,637.82,182.42418,639.3328,19,
2026-03-31 09:10:00,637.79,637.94,637.79,637.94,358.046867,637.8945,26,
2026-03-31 09:11:00,637.89,637.94,637.89,637.94,146.042328,638.0804,18,
2026-03-31 09:12:00,637.94,637.96,637.91,637.94,471.04134,637.9876,27,
2026-03-31 09:13:00,637.68,637.75,637.68,637.75,548.005456,637.7386,8,
2026-03-31 09:14:00,637.72,637.73,637.69,637.72,815.049916,637.7624,31,
2026-03-31 09:15:00,637.78,637.78,637.78,637.78,98.037398,638.1222,14,
2026-03-31 09:16:00,638.08,638.09,637.92,637.92,793.06933,638.0664,34,
2026-03-31 09:17:00,637.51,637.52,637.51,637.52,780.02638,637.5374,21,
2026-03-31 09:18:00,637.45,637.45,637.45,637.45,125.042486,637.7001,17,
2026-03-31 09:19:00,637.67,637.67,637.67,637.67,128.056964,637.9696,19,
2026-03-31 09:21:00,637.63,637.63,637.63,637.63,65.369966,641.2593,18,
2026-03-31 09:23:00,637.87,638.11,637.76,638.11,758.041269,637.9668,24,
2026-03-31 09:24:00,638.05,638.07,638.05,638.07,538.026172,638.0997,15,
2026-03-31 09:25:00,637.93,638.13,637.93,638.13,1055.052831,638.0035,27,
2026-03-31 09:26:00,638.19,638.19,638.07,638.07,1204.063418,638.1975,33,
2026-03-31 09:27:00,637.99,637.99,637.99,637.99,200.023427,638.0825,15,
2026-03-31 09:28:00,638.02,638.02,637.84,637.85,500.050461,637.9693,30,
2026-03-31 09:29:00,637.7,637.75,637.45,637.45,1358.072152,637.6513,41,
2026-03-31 09:30:00,637.5,637.5,637.06,637.09,750.270182,637.3953,36,
2026-03-31 09:31:00,637.21,637.21,637.0,637.05,7342.05325,637.0967,93,
2026-03-31 09:32:00,637.19,637.43,637.19,637.43,1584.058791,637.2559,34,
2026-03-31 09:33:00,637.4,637.69,637.39,637.69,2208.07466,637.4332,39,
2026-03-31 09:36:00,637.69,637.69,637.68,637.68,884.168827,637.8015,26,
2026-03-31 09:37:00,637.72,637.8,637.7,637.8,855.02645,637.7982,18,
2026-03-31 09:38:00,637.67,637.67,637.48,637.5,967.061791,637.545,32,
2026-03-31 09:39:00,637.3,637.3,637.27,637.27,228.033024,637.3905,22,
2026-03-31 09:40:00,637.35,637.63,637.35,637.47,1066.082893,637.5378,38,
2026-03-31 09:41:00,637.37,637.58,637.37,637.58,252.057092,637.6181,19,
2026-03-31 09:42:00,637.48,637.54,637.42,637.54,1320.277171,637.6081,31,
2026-03-31 09:43:00,637.48,637.59,637.48,637.59,381.014696,637.5209,10,
2026-03-31 09:44:00,637.51,637.53,637.4549,637.48,474.032434,637.5351,22,
2026-03-31 09:46:00,637.22,637.28,637.22,637.27,483.021352,637.2825,17,
2026-03-31 09:47:00,637.45,637.45,637.28,637.28,262.285307,638.0635,19,
2026-03-31 09:48:00,637.55,637.55,637.55,637.55,46.032077,637.98,9,
2026-03-31 09:49:00,637.5,637.5,637.47,637.47,329.015997,637.522,10,
2026-03-31 09:50:00,637.47,637.56,637.45,637.56,396.0266,637.5219,15,
2026-03-31 09:51:00,637.79,637.85,637.64,637.64,776.067833,637.8469,41,
2026-03-31 09:52:00,637.72,637.72,637.72,637.72,108.025262,637.8573,7,
2026-03-31 09:53:00,637.63,637.63,637.4,637.47,1601.497984,637.7309,39,
2026-03-31 09:54:00,637.42,637.42,637.42,637.42,94.016002,637.5312,10,
2026-03-31 09:55:00,637.01,637.04,636.9,636.94,8278.085652,636.956,102,
2026-03-31 09:56:00,636.92,636.94,636.8,636.81,2823.021384,636.9008,43,
2026-03-31 09:57:00,636.85,637.0,636.81,636.99,4610.037222,636.9101,42,
2026-03-31 09:58:00,637.05,637.05,636.98,637.0,479.026733,637.0513,17,
2026-03-31 09:59:00,637.15,637.15,637.05,637.05,2843.29754,637.1242,30,
2026-03-31 10:00:00,637.15,637.75,637.1,637.71,2480.084299,637.5646,67,
2026-03-31 10:01:00,637.7,637.76,637.43,637.45,829.076104,637.6473,30,
2026-03-31 10:02:00,637.44,637.59,637.3,637.3,2306.052339,637.459,42,
2026-03-31 10:03:00,637.2,637.27,637.17,637.27,790.047923,637.2535,23,
2026-03-31 10:04:00,637.32,637.57,637.15,637.57,2248.078268,637.4082,33,
2026-03-31 10:05:00,637.54,637.55,637.32,637.36,3155.034463,637.4951,35,
2026-03-31 10:06:00,637.5,637.72,637.5,637.62,3540.03353,637.6352,32,
2026-03-31 10:07:00,637.62,637.76,637.6,637.6,507.042193,637.726,22,
2026-03-31 10:08:00,637.6,637.65,637.59,637.65,301.026926,637.6718,13,
2026-03-31 10:09:00,637.56,637.65,637.51,637.51,629.048069,637.601,30,
2026-03-31 10:10:00,637.45,637.59,637.45,637.59,185.015951,637.5959,10,
2026-03-31 10:11:00,637.55,637.55,637.47,637.47,232.015998,637.5524,14,
2026-03-31 10:12:00,637.5,637.52,637.5,637.52,1153.016013,637.5267,12,
2026-03-31 10:13:00,637.57,637.5976,637.47,637.5976,414.098884,637.6754,18,
2026-03-31 10:14:00,637.55,637.67,637.38,637.45,2233.073731,637.5639,52,
2026-03-31 10:15:00,637.29,637.32,637.21,637.32,657.061172,637.3409,26,
2026-03-31 10:16:00,637.572,637.572,637.48,637.48,2158.02406,637.5348,32,
2026-03-31 10:17:00,637.41,637.44,637.41,637.44,267.014965,637.4709,12,
2026-03-31 10:18:00,637.38,637.38,637.38,637.38,447.026717,637.4177,18,
2026-03-31 10:19:00,637.36,637.36,637.36,637.36,179.133574,637.7657,21,
2026-03-31 10:20:00,637.2249,637.2249,637.0,637.0,4380.047861,637.059,52,
2026-03-31 10:21:00,637.02,637.06,636.99,637.04,2746.041787,637.0168,40,
2026-03-31 10:22:00,637.04,637.05,637.04,637.04,111.037292,637.2613,13,
2026-03-31 10:25:00,637.13,637.13,637.12,637.13,419.01064,637.1316,16,
2026-03-31 10:26:00,637.2,637.2,637.2,637.2,111.045697,637.4647,10,
2026-03-31 10:27:00,637.22,637.25,637.21,637.21,1034.042664,637.2704,20,
2026-03-31 10:28:00,637.22,637.22,637.15,637.15,466.042945,637.2156,12,
2026-03-31 10:29:00,637.2,637.42,637.15,637.3952,3034.559636,637.3806,36,
2026-03-31 10:30:00,637.32,637.47,637.3196,637.47,398.040805,637.4221,19,
2026-03-31 10:31:00,637.45,637.5,637.19,637.2,713.591573,637.9088,41,
2026-03-31 10:32:00,637.26,637.26,637.1,637.1,1943.6119,637.3268,47,
2026-03-31 10:33:00,637.11,637.15,637.11,637.15,357.009207,637.148,17,
2026-03-31 10:34:00,636.85,636.85,636.76,636.8,1793.057726,636.8239,56,
2026-03-31 10:35:00,636.85,636.85,636.7,636.71,8866.063767,636.7408,115,
2026-03-31 10:36:00,636.71,636.72,636.49,636.49,3322.067893,636.6099,70,
2026-03-31 10:37:00,636.51,636.6,636.35,636.57,2685.026434,636.4827,39,
2026-03-31 10:38:00,636.44,638.35,636.05,636.07,164636.997199,638.27,123,
2026-03-31 10:39:00,636.07,636.19,635.93,635.93,5559.049059,636.026,62,
2026-03-31 10:40:00,635.9,635.94,635.75,635.94,36792.096082,635.7662,97,
2026-03-31 10:41:00,635.9,636.04,635.78,635.78,425.010758,635.9558,22,
2026-03-31 10:42:00,635.81,636.0,635.81,636.0,449.0,635.9045,23,
2026-03-31 10:43:00,635.71,635.77,635.71,635.77,1260.005426,635.739,22,
2026-03-31 10:44:00,635.83,635.99,635.74,635.96,1780.0,635.8737,39,
2026-03-31 10:45:00,635.82,635.82,635.71,635.76,1819.786458,636.052,35,
2026-03-31 10:46:00,635.77,635.98,635.77,635.86,1800.0,635.8556,33,
2026-03-31 10:47:00,635.77,636.1784,635.7604,636.12,2266.153816,636.0623,32,
2026-03-31 10:48:00,636.06,636.06,635.9722,635.9722,655.031263,636.0712,8,
2026-03-31 10:49:00,635.87,635.94,635.87,635.9,1399.0,635.9281,13,
2026-03-31 10:50:00,636.23,636.39,636.23,636.39,4092.03,636.2742,51,
2026-03-31 10:51:00,636.2405,636.2405,636.2,636.2,1514.02,636.2249,30,
2026-03-31 10:52:00,636.15,636.38,636.13,636.38,1483.0,636.1935,14,
2026-03-31 10:53:00,636.3451,636.47,636.34,636.47,1856.043586,636.404,36,
2026-03-31 10:54:00,636.42,636.75,636.42,636.73,26247.005339,636.629,232,
2026-03-31 10:55:00,636.64,636.64,636.64,636.64,891.0,636.639,27,
2026-03-31 10:56:00,636.55,636.6,636.55,636.6,150.0,636.5833,4,
2026-03-31 10:57:00,636.67,636.85,636.63,636.85,622.01335,636.7332,21,
2026-03-31 10:58:00,636.75,636.89,636.3,636.79,13730.0,636.6041,126,
2026-03-31 10:59:00,636.94,637.0,636.88,636.89,18097.020958,636.9522,181,
2026-03-31 11:00:00,636.77,636.925,636.7417,636.82,10818.006291,636.8508,190,
2026-03-31 11:01:00,636.7413,636.85,636.69,636.85,9791.039191,636.7333,92,
2026-03-31 11:02:00,636.91,637.01,636.51,636.53,4571.4085,636.8809,83,
2026-03-31 11:03:00,636.5303,636.7514,636.43,636.7514,3549.0,636.5392,45,
2026-03-31 11:04:00,636.8,637.29,636.77,637.273,8961.063169,637.0706,170,
2026-03-31 11:05:00,637.27,637.27,636.8483,636.8483,2501.0,636.9418,53,
2026-03-31 11:06:00,636.89,637.09,636.89,636.97,6249.0,636.9814,117,
2026-03-31 11:07:00,636.85,636.87,636.8,636.822,955.0,636.8489,33,
2026-03-31 11:08:00,636.8053,636.8843,636.71,636.71,833.0,636.7857,22,
2026-03-31 11:09:00,636.69,636.74,636.65,636.66,1308.03,636.721,41,
2026-03-31 11:10:00,636.73,637.5,636.5,637.07,47200.168036,636.824,480,
2026-03-31 11:11:00,637.11,639.99,637.0,637.38,101876.448684,638.4504,1219,
2026-03-31 11:12:00,637.29,638.19,637.29,638.0,26932.304716,637.7661,394,
2026-03-31 11:13:00,637.89,638.21,637.54,638.04,17690.294594,637.9562,293,
2026-03-31 11:14:00,637.99,638.44,637.86,638.25,20155.215608,638.1784,207,
2026-03-31 11:15:00,638.19,638.95,637.9,638.66,40927.23579,638.435,456,
2026-03-31 11:16:00,638.69,639.36,638.63,639.1,58140.074513,639.0652,630,
2026-03-31 11:17:00,639.14,639.14,638.7,639.0,26712.097588,638.9722,280,
2026-03-31 11:18:00,639.0,639.2,638.88,639.0,20289.0,639.0734,246,
2026-03-31 11:19:00,638.9,638.9,638.13,638.41,56974.238217,638.4876,606,
2026-03-31 11:20:00,638.19,638.71,638.03,638.7,16525.174452,638.2508,231,
2026-03-31 11:21:00,638.74,638.78,638.27,638.33,27561.073346,638.4533,293,
2026-03-31 11:22:00,638.23,638.61,638.03,638.51,17240.113333,638.3716,221,
2026-03-31 11:23:00,638.59,638.65,638.3767,638.45,7146.070465,638.5288,124,
2026-03-31 11:24:00,638.42,638.65,638.42,638.52,20360.080737,638.5153,258,
2026-03-31 11:25:00,638.5,638.89,638.5,638.57,27601.277686,638.696,233,
2026-03-31 11:26:00,638.71,639.0,638.5926,638.88,11535.362254,638.8306,170,
2026-03-31 11:27:00,638.84,638.84,638.37,638.52,17073.094621,638.7086,195,
2026-03-31 11:28:00,638.6,638.67,638.3,638.42,13148.065405,638.506,188,
2026-03-31 11:29:00,638.25,638.3,637.91,638.26,11285.142711,638.1117,177,
2026-03-31 11:30:00,638.2,638.5,638.16,638.33,10303.571795,638.2845,114,
2026-03-31 11:31:00,638.23,638.23,637.77,637.85,9295.080095,637.969,143,
2026-03-31 11:32:00,637.85,637.98,637.7514,637.83,18646.142575,637.8676,193,
2026-03-31 11:33:00,637.8507,638.16,637.8507,638.16,2398.07992,637.9897,81,
2026-03-31 11:34:00,638.11,638.22,638.09,638.21,4014.057896,638.1516,86,
2026-03-31 11:35:00,638.13,638.22,637.91,637.93,6726.543402,638.176,135,
2026-03-31 11:36:00,637.76,638.04,637.71,638.03,14114.193315,637.8297,196,
2026-03-31 11:37:00,638.07,638.1,637.96,638.03,2400.084832,638.0396,87,
2026-03-31 11:38:00,638.001,638.2,638.001,638.17,6550.096354,638.149,158,
2026-03-31 11:39:00,638.28,638.66,638.28,638.63,16970.913675,638.5231,223,
2026-03-31 11:40:00,638.55,638.58,638.35,638.38,2515.119858,638.4871,86,
2026-03-31 11:41:00,638.26,638.4,638.1378,638.2,8391.099098,638.2624,125,
2026-03-31 11:42:00,638.25,638.5,638.25,638.49,7448.864634,638.4366,114,
2026-03-31 11:43:00,638.49,638.92,638.49,638.81,15568.305185,638.8247,216,
2026-03-31 11:44:00,638.81,639.1,638.78,639.08,30320.492648,638.9769,244,
2026-03-31 11:45:00,639.06,639.3,638.8,638.88,18922.022046,639.0278,202,
2026-03-31 11:46:00,638.8,638.8099,638.59,638.78,5536.085116,638.7132,79,
2026-03-31 11:47:00,638.54,638.69,638.27,638.582,9667.117157,638.502,164,
2026-03-31 11:48:00,638.52,638.59,638.25,638.25,6932.065266,638.4651,119,
2026-03-31 11:49:00,638.22,638.5,637.95,638.46,8950.176234,638.2613,210,
2026-03-31 11:50:00,638.37,638.46,637.9,638.01,32968.203545,638.1986,359,
2026-03-31 11:51:00,638.1,638.25,637.9501,638.0,44389.11826,638.0606,315,
2026-03-31 11:52:00,638.03,638.14,637.95,638.13,16263.075016,638.0754,171,
2026-03-31 11:53:00,638.14,638.4,638.11,638.4,6214.079791,638.2748,103,
2026-03-31 11:54:00,638.37,638.41,638.14,638.18,3062.0,638.2361,72,
2026-03-31 11:55:00,638.25,638.33,638.22,638.33,1913.0,638.239,47,
2026-03-31 11:56:00,638.37,638.52,638.34,638.42,13557.02014,638.4241,178,
2026-03-31 11:57:00,638.5,638.6,638.4565,638.5,5888.005293,638.5498,54,
2026-03-31 11:58:00,638.5,638.58,638.45,638.55,9689.0,638.4824,96,
2026-03-31 11:59:00,638.61,638.652,638.53,638.58,1135.005292,638.5856,37,
2026-03-31 12:00:00,638.65,638.97,635.85,638.83,10922.50654,638.3851,172,
2026-03-31 12:01:00,638.85,638.95,638.74,638.94,11485.40472,638.9024,406,
2026-03-31 12:02:00,636.1697,639.0,635.9397,639.0,6671.733978,638.748,139,
2026-03-31 12:03:00,638.95,639.06,638.76,639.05,11384.538758,639.0117,199,
2026-03-31 12:04:00,638.98,639.12,635.98,639.03,24584.625434,638.9344,364,
2026-03-31 12:05:00,635.83,638.98,635.83,638.59,26067.873761,638.8271,379,
2026-03-31 12:06:00,638.65,638.95,638.65,638.95,37122.718119,638.8401,357,
2026-03-31 12:07:00,638.9,639.2,638.9,639.17,10631.560978,639.1295,183,
2026-03-31 12:08:00,639.16,639.22,639.08,639.19,42985.730171,639.1648,269,
2026-03-31 12:09:00,639.2,640.17,639.2,639.63,88579.567248,639.8097,816,
2026-03-31 12:10:00,639.65,639.67,638.27,638.51,136241.33303,638.6909,1249,
2026-03-31 12:11:00,638.5607,638.73,637.94,637.97,67576.676278,638.2671,695,
2026-03-31 12:12:00,638.02,638.29,637.48,637.93,138206.299773,637.8322,1276,
2026-03-31 12:13:00,637.88,638.5,637.74,638.05,75747.932499,638.1399,733,
2026-03-31 12:14:00,637.93,638.08,637.45,637.56,48267.593273,637.7123,530,
2026-03-31 12:15:00,637.5217,637.78,637.18,637.36,51373.742145,637.4626,589,
2026-03-31 12:16:00,637.33,637.68,637.28,637.47,39070.475475,637.5254,394,
2026-03-31 12:17:00,637.43,637.64,637.0,637.5317,55775.62184,637.3136,532,
2026-03-31 12:18:00,637.6,638.52,637.6,638.47,69263.248702,638.0815,687,
2026-03-31 12:19:00,638.32,639.34,638.23,638.9,50886.324697,638.8859,535,
2026-03-31 12:20:00,638.78,638.7935,638.33,638.66,30694.04717,638.577,298,
2026-03-31 12:21:00,638.66,638.9,638.26,638.32,44425.649664,638.6449,409,
2026-03-31 12:22:00,638.31,638.5072,638.3,638.5072,4031.144682,638.4244,77,
2026-03-31 12:23:00,638.37,638.37,637.95,638.02,41597.177863,638.0355,412,
2026-03-31 12:24:00,638.0,638.35,638.0,638.07,2496.584433,638.2747,50,
2026-03-31 12:25:00,638.15,638.3,638.07,638.2815,5372.943559,638.2911,97,
2026-03-31 12:26:00,638.33,638.5407,638.2555,638.5407,4471.023295,638.3809,94,
2026-03-31 12:27:00,638.52,638.8,638.43,638.5,6784.574649,638.6893,114,
2026-03-31 12:28:00,638.64,639.68,638.35,639.26,43030.721042,639.1276,600,
2026-03-31 12:29:00,639.26,639.43,638.89,639.222,27497.312063,639.2103,278,
2026-03-31 12:30:00,639.23,639.43,638.99,639.02,39966.006467,639.2656,313,
2026-03-31 12:31:00,639.01,639.46,639.01,639.05,9545.866725,639.3305,163,
2026-03-31 12:32:00,639.24,639.55,639.14,639.2753,6785.652428,639.4171,134,
2026-03-31 12:33:00,639.25,639.39,639.19,639.38,23085.944008,639.3454,209,
2026-03-31 12:34:00,639.3123,639.74,639.27,639.56,39817.054098,639.6119,410,
2026-03-31 12:35:00,639.63,640.06,639.52,640.03,31604.432304,639.7944,379,
2026-03-31 12:36:00,640.03,640.03,639.58,639.58,8887.312478,639.7751,147,
2026-03-31 12:37:00,639.6,639.8,639.48,639.77,9448.817804,639.7697,157,
2026-03-31 12:38:00,639.77,639.82,639.52,639.5226,6867.038778,639.6114,125,
2026-03-31 12:39:00,639.48,639.66,639.4574,639.51,3511.165552,639.5561,102,
2026-03-31 12:40:00,639.5,639.6,639.46,639.5089,7193.89086,639.6296,90,
2026-03-31 12:41:00,639.51,639.62,639.46,639.61,5859.797905,639.6264,108,
2026-03-31 12:42:00,639.6417,639.6417,639.4809,639.51,3747.533216,639.6226,72,
2026-03-31 12:43:00,639.55,639.83,639.55,639.81,6127.847394,639.8528,134,
2026-03-31 12:44:00,639.77,639.92,639.74,639.8999,17972.039366,639.796,169,
2026-03-31 12:45:00,639.85,639.95,639.58,639.63,14051.462168,639.7492,256,
2026-03-31 12:46:00,639.57,639.83,639.57,639.77,12510.699977,639.7911,210,
2026-03-31 12:47:00,639.76,639.76,639.48,639.51,5961.288147,639.5909,140,
2026-03-31 12:48:00,639.49,639.63,639.26,639.32,26129.498562,639.4391,319,
2026-03-31 12:49:00,639.27,639.46,639.2353,639.41,14553.836626,639.3791,159,
2026-03-31 12:50:00,639.38,639.41,639.22,639.3,4609.883489,639.4683,84,
2026-03-31 12:51:00,639.33,639.48,639.31,639.48,3591.809975,639.5358,78,
2026-03-31 12:52:00,639.42,639.69,639.39,639.52,8239.213668,639.546,190,
2026-03-31 12:53:00,639.5624,639.7189,639.52,639.7189,6946.908459,639.7369,159,
2026-03-31 12:54:00,639.69,639.69,639.37,639.51,9463.895633,639.5618,141,
2026-03-31 12:55:00,639.4496,639.5,639.28,639.33,11755.817404,639.4748,137,
2026-03-31 12:56:00,639.25,639.31,638.9417,639.02,8254.812211,639.1831,183,
2026-03-31 12:57:00,639.04,639.04,638.69,638.75,20821.362252,638.8504,310,
2026-03-31 12:58:00,638.7945,638.86,638.61,638.86,20466.150234,638.751,185,
2026-03-31 12:59:00,638.79,638.87,638.66,638.66,7225.602579,638.8518,159,
2026-03-31 13:00:00,638.73,638.97,638.7,638.97,8269.69497,638.9013,122,
2026-03-31 13:01:00,638.85,638.92,638.71,638.9,6735.268446,638.8713,131,
2026-03-31 13:02:00,638.9184,638.94,638.83,638.94,10318.923063,638.9287,147,
2026-03-31 13:03:00,638.88,638.91,638.61,638.62,27526.701835,638.8744,170,
2026-03-31 13:04:00,638.62,638.6297,638.32,638.44,19566.824959,638.4765,275,
2026-03-31 13:05:00,638.5,638.7922,638.5,638.7578,9398.948199,638.6867,195,
2026-03-31 13:06:00,638.69,638.92,638.69,638.79,4318.209537,638.8242,115,
2026-03-31 13:07:00,638.74,638.74,638.59,638.72,9498.468848,638.7193,101,
2026-03-31 13:08:00,638.781,639.02,638.781,639.0047,13007.507463,638.8985,192,
2026-03-31 13:09:00,638.99,639.0,638.8618,639.0,6614.09907,638.9967,101,
2026-03-31 13:10:00,639.01,639.19,639.01,639.16,10703.045584,639.1159,165,
2026-03-31 13:11:00,639.13,639.1391,638.95,639.01,6456.9848,639.1411,126,
2026-03-31 13:12:00,639.03,639.03,638.84,639.0,1891.834274,639.2094,100,
2026-03-31 13:13:00,639.1,639.11,638.75,638.8,2867.163576,638.9613,109,
2026-03-31 13:14:00,638.81,639.0,638.78,638.95,1992.978347,639.2014,73,
2026-03-31 13:15:00,638.88,639.01,638.83,639.01,2187.584546,639.1068,90,
2026-03-31 13:16:00,639.06,639.26,639.06,639.23,4947.91529,639.2988,132,
2026-03-31 13:17:00,639.2,639.25,639.07,639.07,15464.876359,639.2302,231,
2026-03-31 13:18:00,639.07,639.46,639.07,639.46,9635.255582,639.2599,203,
2026-03-31 13:19:00,639.41,639.46,639.35,639.4,5213.020475,639.41,149,
2026-03-31 13:20:00,639.4,639.5,639.32,639.32,5819.919715,639.5604,161,
2026-03-31 13:21:00,639.22,639.33,639.19,639.23,8928.114885,639.2403,135,
2026-03-31 13:22:00,639.3,639.45,639.27,639.27,5327.754252,639.421,145,
2026-03-31 13:23:00,639.278,639.34,639.12,639.13,28595.547474,639.3356,196,
2026-03-31 13:24:00,639.1195,639.2181,639.05,639.05,13238.399016,639.1759,134,
2026-03-31 13:25:00,638.99,639.13,638.86,638.94,13786.525036,639.0112,198,
2026-03-31 13:26:00,638.93,639.04,638.88,638.97,34391.094801,638.9514,297,
2026-03-31 13:27:00,638.96,639.05,638.82,638.82,35679.798258,638.9561,281,
2026-03-31 13:28:00,638.83,639.02,638.83,638.96,43528.59594,638.9556,274,
2026-03-31 13:29:00,638.93,639.1,638.9,638.93,103130.351632,638.9995,586,
2026-03-31 13:30:00,638.94,639.7,638.89,639.58,1246902.884527,639.199,14485,
2026-03-31 13:31:00,639.57,639.77,639.16,639.365,500899.143802,639.5087,5745,
2026-03-31 13:32:00,639.35,639.44,638.43,638.44,409754.936249,638.8989,5522,
2026-03-31 13:33:00,638.44,639.21,638.31,639.18,344766.641548,638.6999,5464,
2026-03-31 13:34:00,639.18,639.76,638.975,639.73,418252.153596,639.4031,5336,
2026-03-31 13:35:00,639.73,639.765,639.17,639.21,313156.763442,639.5026,4582,
2026-03-31 13:36:00,639.21,639.255,638.79,639.2,258828.704227,639.0169,3805,
2026-03-31 13:37:00,639.19,639.73,638.98,639.33,254455.260991,639.3402,3978,
2026-03-31 13:38:00,639.35,639.51,638.8,639.31,256197.130551,639.1434,3674,
2026-03-31 13:39:00,639.31,639.91,639.19,639.8991,269560.576578,639.5011,3602,
2026-03-31 13:40:00,639.87,640.23,639.68,640.0399,336120.302743,639.9326,4491,
2026-03-31 13:41:00,640.037,640.17,639.79,639.89,386583.419682,639.9692,4747,
2026-03-31 13:42:00,639.88,640.53,639.8,640.18,591947.719924,640.0598,6346,
2026-03-31 13:43:00,640.19,640.32,639.81,639.91,278822.122774,640.1574,4553,
2026-03-31 13:44:00,639.9,639.91,639.1,639.26,242394.905197,639.4475,4635,
2026-03-31 13:45:00,639.29,640.26,639.28,640.1701,486204.603984,640.0343,4814,
2026-03-31 13:46:00,640.2,640.72,640.05,640.645,321593.745542,640.4306,4893,
2026-03-31 13:47:00,640.62,640.95,640.42,640.74,397916.219082,640.697,5125,
2026-03-31 13:48:00,640.72,640.88,640.66,640.85,257181.014633,640.7808,3727,
2026-03-31 13:49:00,640.84,641.83,640.79,641.82,565826.273598,641.3829,7322,
2026-03-31 13:50:00,641.83,641.83,641.28,641.48,451716.655596,641.4821,5786,
2026-03-31 13:51:00,641.465,641.75,641.43,641.6992,209375.396851,641.5881,3264,
2026-03-31 13:52:00,641.69,641.69,641.29,641.55,297132.588308,641.4802,3494,
2026-03-31 13:53:00,641.59,642.16,641.43,642.105,291739.328919,641.8582,4338,
2026-03-31 13:54:00,642.1,642.48,642.03,642.33,406857.951993,642.3139,6008,
2026-03-31 13:55:00,642.31,642.5675,642.17,642.225,415134.175169,642.3776,6298,
2026-03-31 13:56:00,642.23,642.32,641.62,641.8,366438.976375,641.9683,5856,
2026-03-31 13:57:00,641.79,641.88,641.3707,641.67,339454.547089,641.6253,5013,
2026-03-31 13:58:00,641.66,642.39,641.64,642.37,252690.990329,642.0124,4160,
2026-03-31 13:59:00,642.37,642.71,642.3,642.63,259659.725607,642.4537,4369,
2026-03-31 14:00:00,642.64,642.95,642.25,642.75,407378.703305,642.6509,6149,
2026-03-31 14:01:00,642.75,642.7999,642.41,642.74,242628.132932,642.6365,3801,
2026-03-31 14:02:00,642.75,642.75,642.35,642.63,313637.258162,642.5465,4843,
2026-03-31 14:03:00,642.65,642.67,642.06,642.22,263742.183453,642.248,3993,
2026-03-31 14:04:00,642.22,642.46,642.09,642.38,298428.987159,642.2818,3507,
2026-03-31 14:05:00,642.36,642.38,641.76,641.785,283291.95107,642.0719,4332,
2026-03-31 14:06:00,641.79,641.91,641.48,641.77,314924.791359,641.7013,5394,
2026-03-31 14:07:00,641.78,641.78,641.36,641.52,538483.8731,639.2819,6208,
2026-03-31 14:08:00,641.51,641.645,641.11,641.38,709328.99656,641.9916,5879,
2026-03-31 14:09:00,641.39,641.59,641.13,641.215,234438.397085,641.2854,4130,
2026-03-31 14:10:00,641.22,641.48,641.13,641.35,364222.949688,641.3095,5793,
2026-03-31 14:11:00,641.35,641.98,641.32,641.72,271669.875658,641.6811,4600,
2026-03-31 14:12:00,641.72,641.73,641.3206,641.35,282444.757678,641.4942,4708,
2026-03-31 14:13:00,641.36,641.62,641.27,641.39,244397.642483,641.4652,4642,
2026-03-31 14:14:00,641.38,641.64,641.2801,641.49,199687.22986,641.4845,3303,
2026-03-31 14:15:00,641.5,641.78,641.43,641.57,255152.091096,641.6299,4192,
2026-03-31 14:16:00,641.57,641.62,640.99,641.35,225951.747962,641.3121,3988,
2026-03-31 14:17:00,641.37,641.74,641.2,641.73,261138.653182,641.4918,4343,
2026-03-31 14:18:00,641.73,642.36,641.68,642.22,492250.284523,639.4442,5334,
2026-03-31 14:19:00,642.19,642.2299,641.85,641.97,176158.564201,642.0192,2527,
2026-03-31 14:20:00,641.98,642.0,641.41,641.4756,174305.388176,641.6811,3042,
2026-03-31 14:21:00,641.5,641.72,640.89,641.55,283753.033393,641.3532,4653,
2026-03-31 14:22:00,641.56,641.7001,641.3,641.63,181163.368102,641.4927,2771,
2026-03-31 14:23:00,641.65,642.2797,641.5632,642.09,185208.42121,642.0365,3378,
2026-03-31 14:24:00,642.07,642.44,641.99,642.18,205854.896772,642.258,3052,
2026-03-31 14:25:00,642.19,642.195,641.81,641.97,173557.006909,641.9756,3102,
2026-03-31 14:26:00,641.96,642.31,641.84,642.26,173979.878548,642.0716,2945,
2026-03-31 14:27:00,642.26,642.375,642.15,642.2,187914.744552,642.2837,3230,
2026-03-31 14:28:00,642.19,642.7,642.165,642.47,196248.851499,642.442,3405,
2026-03-31 14:29:00,642.47,642.6,642.34,642.5,144634.120016,642.4581,2737,
2026-03-31 14:30:00,642.48,642.62,642.25,642.31,149186.836084,642.4209,3077,
2026-03-31 14:31:00,642.32,642.35,641.99,642.045,143476.919876,642.1929,2780,
2026-03-31 14:32:00,642.03,642.238,641.845,642.15,191135.196558,642.0779,3401,
2026-03-31 14:33:00,642.16,642.65,642.11,642.56,164081.227894,642.3869,3293,
2026-03-31 14:34:00,642.54,642.54,642.09,642.265,237800.456515,642.3163,3649,
2026-03-31 14:35:00,642.26,642.42,641.8,641.95,147233.975897,642.1086,3060,
2026-03-31 14:36:00,641.95,642.21,641.445,641.47,188780.337291,641.8457,3318,
2026-03-31 14:37:00,641.46,641.52,640.96,641.15,265854.20975,641.2421,4607,
2026-03-31 14:38:00,641.13,641.48,640.84,641.03,331599.37504,641.1468,4906,
2026-03-31 14:39:00,641.02,641.28,640.97,641.08,284193.99756,641.1374,4231,
2026-03-31 14:40:00,641.08,641.51,641.01,641.02,244169.367668,641.2738,3972,
2026-03-31 14:41:00,641.01,641.08,640.7799,640.89,224591.247317,640.9147,3396,
2026-03-31 14:42:00,640.9,641.01,640.54,640.62,282209.19891,640.7186,4283,
2026-03-31 14:43:00,640.61,640.65,640.11,640.2,384537.915803,640.3229,5485,
2026-03-31 14:44:00,640.22,640.35,639.96,640.2516,338395.340013,640.1576,5040,
2026-03-31 14:45:00,640.25,640.4,639.795,639.99,232019.887135,640.0825,4068,
2026-03-31 14:46:00,639.995,640.49,639.935,640.32,276160.127249,640.1795,4716,
2026-03-31 14:47:00,640.32,640.36,639.81,639.93,196284.881969,640.0699,3461,
2026-03-31 14:48:00,639.95,639.95,639.48,639.57,257130.677786,639.7078,3961,
2026-03-31 14:49:00,639.58,639.63,639.3699,639.41,344122.882717,639.4995,3235,
2026-03-31 14:50:00,639.41,639.54,639.07,639.17,311046.446914,639.3007,4838,
2026-03-31 14:51:00,639.19,639.41,638.86,638.87,252978.328137,639.1333,4135,
2026-03-31 14:52:00,638.89,639.03,638.7,638.8199,474652.114104,639.0523,5150,
2026-03-31 14:53:00,638.81,638.85,638.52,638.675,195210.842417,638.6926,3446,
2026-03-31 14:54:00,638.67,638.85,638.52,638.67,275027.479872,638.672,3404,
2026-03-31 14:55:00,638.65,638.67,638.14,638.16,317980.35211,638.3739,4942,
2026-03-31 14:56:00,638.16,638.51,638.01,638.23,314609.094685,638.2507,4717,
2026-03-31 14:57:00,638.25,638.45,637.98,638.07,364192.950325,638.2425,5599,
2026-03-31 14:58:00,638.08,638.63,638.07,638.6,309201.798278,638.417,4760,
2026-03-31 14:59:00,638.58,638.81,638.58,638.68,248550.719353,638.6921,4098,
2026-03-31 15:00:00,638.69,639.28,638.67,639.15,498030.322161,639.0718,6528,
2026-03-31 15:01:00,639.16,639.6,639.08,639.56,1956464.403429,638.5011,3244,
2026-03-31 15:02:00,639.55,640.18,639.55,639.99,377984.193378,639.8592,5600,
2026-03-31 15:03:00,639.97,639.97,639.398,639.87,587247.739263,639.6402,3572,
2026-03-31 15:04:00,639.91,640.19,639.76,639.97,224154.153045,639.9428,3551,
2026-03-31 15:05:00,639.96,640.42,639.87,640.39,258483.1929,640.1372,3689,
2026-03-31 15:06:00,640.39,641.28,640.38,640.99,567927.188779,640.9364,8117,
2026-03-31 15:07:00,640.99,641.02,640.65,640.94,301840.80156,640.834,4400,
2026-03-31 15:08:00,640.9399,641.02,640.56,640.72,282963.115448,640.8096,4385,
2026-03-31 15:09:00,640.72,640.74,640.4,640.585,301471.64853,640.5544,4682,
2026-03-31 15:10:00,640.57,640.7,640.33,640.615,212197.159861,640.5213,3639,
2026-03-31 15:11:00,640.62,641.11,640.61,640.96,191376.996341,640.8749,3186,
2026-03-31 15:12:00,640.94,641.27,640.89,641.14,163282.299674,641.0742,2844,
2026-03-31 15:13:00,641.12,641.67,640.98,641.63,182655.364165,641.3388,3140,
2026-03-31 15:14:00,641.62,642.04,641.46,641.945,236609.872598,641.8537,3815,
2026-03-31 15:15:00,641.93,642.15,641.8,641.97,625749.854777,637.9219,5497,
2026-03-31 15:16:00,641.96,642.05,641.65,641.86,415894.992544,638.8336,4256,
2026-03-31 15:17:00,641.86,642.04,641.51,641.95,569058.243626,637.3985,4466,
2026-03-31 15:18:00,641.97,642.29,641.94,642.02,253977.802107,642.0989,3773,
2026-03-31 15:19:00,642.0,642.1,641.66,641.74,172377.722595,641.8211,2819,
2026-03-31 15:20:00,641.75,641.75,641.11,641.19,288398.030201,641.4046,4231,
2026-03-31 15:21:00,641.19,641.36,640.97,641.0279,177928.867666,641.1203,2968,
2026-03-31 15:22:00,641.02,641.32,640.88,641.1901,182050.627234,641.1528,2986,
2026-03-31 15:23:00,641.19,641.56,641.19,641.41,138912.559992,641.3329,1986,
2026-03-31 15:24:00,641.41,641.78,641.38,641.73,358191.614086,641.7273,3696,
2026-03-31 15:25:00,641.73,641.9,641.55,641.62,303861.820628,637.6725,2643,
2026-03-31 15:26:00,641.61,641.66,640.7,640.77,188513.255722,641.1822,3527,
2026-03-31 15:27:00,640.78,640.88,640.56,640.82,174253.218026,640.7193,2917,
2026-03-31 15:28:00,640.82,641.06,640.52,641.05,200752.747593,640.7481,3245,
2026-03-31 15:29:00,641.03,641.1,640.65,640.68,171713.398166,640.9066,2784,
2026-03-31 15:30:00,640.68,640.715,640.31,640.35,314265.24657,640.5303,4409,
2026-03-31 15:31:00,640.34,640.54,640.14,640.3,151907.109359,640.3175,2706,
2026-03-31 15:32:00,640.3,640.48,639.94,639.94,160248.631768,640.204,2868,
2026-03-31 15:33:00,639.94,640.34,639.92,640.05,134713.501332,640.0831,2601,
2026-03-31 15:34:00,640.06,640.75,640.06,640.7,367834.981458,640.5899,2943,
2026-03-31 15:35:00,640.68,641.29,640.67,641.01,229210.611315,641.0629,3382,
2026-03-31 15:36:00,641.01,641.23,640.81,641.14,192916.668695,641.0268,3157,
2026-03-31 15:37:00,641.135,641.26,640.89,641.0512,129347.976132,641.1197,2687,
2026-03-31 15:38:00,641.09,641.29,640.99,641.05,178828.254731,640.4641,1655,
2026-03-31 15:39:00,641.04,641.09,640.78,640.9588,105008.049503,640.9611,2015,
2026-03-31 15:40:00,640.97,641.05,640.78,640.78,93508.652178,640.9417,1887,
2026-03-31 15:41:00,640.78,640.955,640.54,640.905,294027.95961,636.2225,2498,
2026-03-31 15:42:00,640.92,641.08,640.71,640.845,118537.925395,640.864,2332,
2026-03-31 15:43:00,640.85,640.96,640.63,640.72,149601.038822,640.7818,2527,
2026-03-31 15:44:00,640.76,640.94,640.66,640.76,90273.174238,640.7536,1400,
2026-03-31 15:45:00,640.74,640.76,640.36,640.4,156413.402788,640.5872,2381,
2026-03-31 15:46:00,640.39,640.51,640.1,640.36,173821.959455,640.3206,2642,
2026-03-31 15:47:00,640.33,640.58,640.16,640.16,158665.546554,640.3503,2400,
2026-03-31 15:48:00,640.16,640.37,640.145,640.24,106877.424246,640.2423,1717,
2026-03-31 15:49:00,640.24,640.61,640.18,640.415,81323.309805,640.4602,1366,
2026-03-31 15:50:00,640.41,640.81,640.225,640.548,186854.095683,640.5163,2883,
2026-03-31 15:51:00,640.55,641.18,640.52,640.9425,229744.799096,640.8927,3463,
2026-03-31 15:52:00,640.945,641.18,640.79,641.1,196624.64535,640.9884,2660,
2026-03-31 15:53:00,641.09,641.19,640.8101,640.895,147998.798608,641.0221,2137,
2026-03-31 15:54:00,640.89,640.89,640.44,640.63,129344.628798,640.6565,2014,
2026-03-31 15:55:00,640.6307,640.81,640.295,640.45,180312.6333,640.5944,2941,
2026-03-31 15:56:00,640.44,640.54,639.91,639.91,224847.367562,640.2795,3509,
2026-03-31 15:57:00,639.9,640.16,639.89,639.95,81527.380443,640.0252,1472,
2026-03-31 15:58:00,639.96,640.06,639.82,639.96,147680.691412,639.9445,2395,
2026-03-31 15:59:00,639.96,640.06,639.69,639.79,155760.194602,639.8634,2443,
2026-03-31 16:00:00,639.79,640.1167,639.52,640.09,179673.121111,639.8162,2689,
2026-03-31 16:01:00,640.1,640.83,640.05,640.75,151315.068506,640.476,2194,
2026-03-31 16:02:00,640.77,641.18,640.68,640.83,357384.743398,637.7822,3212,
2026-03-31 16:03:00,640.835,640.89,640.59,640.6,98605.537975,640.7554,1759,
2026-03-31 16:04:00,640.61,640.73,640.47,640.595,84777.624281,640.5877,1530,
2026-03-31 16:05:00,640.6,640.94,640.6,640.89,172699.100688,640.8102,2368,
2026-03-31 16:06:00,640.9,641.15,640.86,641.09,166805.18211,641.0148,2447,
2026-03-31 16:07:00,641.1,641.6,641.05,641.59,213565.030269,641.334,2999,
2026-03-31 16:08:00,641.59,641.67,641.47,641.55,113209.67281,641.5673,1840,
2026-03-31 16:09:00,641.53,641.54,641.31,641.37,129725.351093,641.397,2018,
2026-03-31 16:10:00,641.37,641.45,641.14,641.2461,115659.555649,641.2944,1762,
2026-03-31 16:11:00,641.26,641.29,640.65,640.78,103887.689763,640.9375,1685,
2026-03-31 16:12:00,640.82,640.842,640.4301,640.7,154580.450944,640.6158,2469,
2026-03-31 16:13:00,640.71,641.2,640.69,641.16,121816.516228,640.9262,2226,
2026-03-31 16:14:00,641.18,641.39,641.13,641.27,153912.267193,641.2724,2404,
2026-03-31 16:15:00,641.27,641.5601,641.27,641.46,119256.224159,641.4377,1964,
2026-03-31 16:16:00,641.47,641.92,641.44,641.69,206904.047838,641.7071,3129,
2026-03-31 16:17:00,641.7,641.82,641.62,641.73,91715.777954,641.7316,1446,
2026-03-31 16:18:00,641.72,641.75,641.56,641.59,89850.828845,641.6599,1476,
2026-03-31 16:19:00,641.59,641.595,641.34,641.5,130006.333098,641.4729,1812,
2026-03-31 16:20:00,641.51,641.64,641.41,641.61,109097.358754,641.5499,1541,
2026-03-31 16:21:00,641.61,641.81,641.4,641.74,148932.175512,641.62,1977,
2026-03-31 16:22:00,641.67,641.72,641.47,641.47,161287.391194,641.6271,1647,
2026-03-31 16:23:00,641.47,641.79,641.405,641.745,123622.212688,641.6085,1808,
2026-03-31 16:24:00,641.75,642.45,641.7413,642.45,183964.652868,642.0721,3099,
2026-03-31 16:25:00,642.42,642.6101,642.37,642.57,184221.473971,642.4954,2812,
2026-03-31 16:26:00,642.57,642.63,642.07,642.12,288562.490044,642.312,4107,
2026-03-31 16:27:00,642.12,642.23,641.9688,642.12,144277.719963,642.0701,2147,
2026-03-31 16:28:00,642.12,642.3,642.11,642.28,342784.467661,638.2788,1224,
2026-03-31 16:29:00,642.27,642.31,642.04,642.12,71700.954214,642.1597,1300,
2026-03-31 16:30:00,642.11,642.14,641.76,641.96,123135.291699,641.9344,2101,
2026-03-31 16:31:00,641.97,642.0,641.78,641.82,122760.341381,641.8676,1967,
2026-03-31 16:32:00,641.81,641.93,641.71,641.83,87941.724462,641.8325,1583,
2026-03-31 16:33:00,641.84,641.97,641.755,641.83,113093.918478,641.8901,1598,
2026-03-31 16:34:00,641.83,642.04,641.83,641.96,97484.855623,641.9771,1648,
2026-03-31 16:35:00,641.96,642.04,641.65,641.71,114618.881583,641.8451,2038,
2026-03-31 16:36:00,641.7,642.26,641.665,642.2,121542.519028,641.9809,2265,
2026-03-31 16:37:00,642.19,642.66,642.16,642.44,323008.322266,638.3432,3162,
2026-03-31 16:38:00,642.435,643.66,642.415,643.605,710974.981907,643.1694,9832,
2026-03-31 16:39:00,643.6,644.94,643.51,644.89,890112.607626,644.1532,11767,
2026-03-31 16:40:00,644.87,646.77,644.78,646.42,2016282.502206,644.2269,25133,
2026-03-31 16:41:00,646.4,648.95,646.37,648.8891,1380722.702335,647.6535,17984,
2026-03-31 16:42:00,648.85,649.21,647.25,648.73,1588918.11528,647.005,18025,
2026-03-31 16:43:00,648.75,649.46,647.86,648.4281,1468467.734013,647.3148,16211,
2026-03-31 16:44:00,648.43,648.6,646.74,647.09,1205926.20347,647.5287,16750,
2026-03-31 16:45:00,647.09,647.98,646.68,647.08,849047.552541,647.1622,12133,
2026-03-31 16:46:00,647.06,647.13,645.63,646.17,795309.954274,646.1231,10115,
2026-03-31 16:47:00,646.18,646.53,645.48,645.59,608892.657427,645.8818,7978,
2026-03-31 16:48:00,645.61,645.64,644.9,645.3082,581657.517592,645.2419,8195,
2026-03-31 16:49:00,645.28,646.5,645.22,646.31,528344.068113,645.9563,7403,
2026-03-31 16:50:00,646.31,647.89,646.09,647.12,792234.880267,646.9112,10180,
2026-03-31 16:51:00,647.09,647.09,646.2,646.45,576040.097579,643.4188,5794,
2026-03-31 16:52:00,646.39,646.4576,645.17,645.68,542248.741002,645.8632,7466,
2026-03-31 16:53:00,645.66,646.89,645.37,646.57,467699.815406,646.2467,6493,
2026-03-31 16:54:00,646.55,646.75,646.24,646.28,298524.672353,646.5207,4144,
2026-03-31 16:55:00,646.27,646.45,645.78,645.92,385282.885711,646.0616,5142,
2026-03-31 16:56:00,645.91,646.12,645.59,645.95,324460.521528,645.8223,4139,
2026-03-31 16:57:00,645.98,646.37,645.51,646.02,243982.062656,645.9733,3940,
2026-03-31 16:58:00,646.04,646.7,646.02,646.53,269726.538326,646.3799,3894,
2026-03-31 16:59:00,646.52,646.76,646.26,646.64,178933.816993,646.5393,2809,
2026-03-31 17:00:00,646.66,647.4,646.57,647.22,292163.577773,647.046,4698,
2026-03-31 17:01:00,647.21,647.63,646.87,647.43,278233.976426,647.2309,4324,
2026-03-31 17:02:00,647.42,648.05,647.29,647.96,441674.96262,647.8119,5657,
2026-03-31 17:03:00,647.96,648.4,647.88,648.18,366114.328123,648.1101,5285,
2026-03-31 17:04:00,648.17,648.55,648.02,648.06,494218.728278,644.1166,5120,
2026-03-31 17:05:00,648.06,648.14,647.24,647.32,649963.129967,644.55,6896,
2026-03-31 17:06:00,647.33,647.38,646.88,647.0,286290.029053,647.1201,3798,
2026-03-31 17:07:00,646.98,647.41,646.85,647.36,230344.710337,647.0223,3583,
2026-03-31 17:08:00,647.35,647.61,647.31,647.56,145236.084924,647.4674,2600,
2026-03-31 17:09:00,647.53,647.67,645.44,646.47,318966.492293,646.8685,5118,
2026-03-31 17:10:00,646.5,646.82,646.3,646.6,266172.163571,646.5501,4298,
2026-03-31 17:11:00,646.64,647.29,646.5908,647.17,167613.499882,646.9975,2779,
2026-03-31 17:12:00,647.12,647.19,646.69,646.94,185393.499294,646.9373,2863,
2026-03-31 17:13:00,646.95,647.29,646.42,647.08,333515.383975,641.2631,3226,
2026-03-31 17:14:00,647.09,647.59,647.04,647.49,117592.636135,647.3975,2186,
2026-03-31 17:15:00,647.5,648.03,647.47,647.845,167600.359768,647.7035,2725,
2026-03-31 17:16:00,647.87,648.23,647.63,647.83,324955.336346,647.7364,3264,
2026-03-31 17:17:00,647.82,648.29,647.72,648.18,136432.580385,648.0352,2234,
2026-03-31 17:18:00,648.16,648.23,647.83,647.9,172074.447618,648.0437,2796,
2026-03-31 17:19:00,647.9,648.51,647.69,648.3,174654.673649,648.1359,2808,
2026-03-31 17:20:00,648.31,648.44,647.66,647.77,223306.957194,647.9784,3261,
2026-03-31 17:21:00,647.77,648.03,647.71,647.83,147279.760658,647.8529,2320,
2026-03-31 17:22:00,647.81,648.25,647.68,648.1,141742.479541,648.0042,2035,
2026-03-31 17:23:00,648.1,648.25,648.0,648.057,88880.109974,648.1138,1479,
2026-03-31 17:24:00,648.04,648.07,647.76,647.855,170232.921166,647.8978,2738,
2026-03-31 17:25:00,647.86,647.95,647.01,647.31,294064.568983,647.4606,3958,
2026-03-31 17:26:00,647.3,647.54,647.139,647.38,252957.552725,647.3056,3450,
2026-03-31 17:27:00,647.38,647.62,646.8701,646.93,259337.736467,647.3654,4118,
2026-03-31 17:28:00,646.94,647.27,646.88,647.081,181342.696478,647.04,2956,
2026-03-31 17:29:00,647.08,647.12,646.79,647.0,213968.917851,646.97,3283,
2026-03-31 17:30:00,647.03,647.33,646.95,647.0505,226917.400187,647.1486,3532,
2026-03-31 17:31:00,647.063,647.61,647.063,647.46,155458.681507,647.3845,3029,
2026-03-31 17:32:00,647.44,647.95,647.27,647.29,176270.576778,647.6297,3119,
2026-03-31 17:33:00,647.29,647.87,647.25,647.79,186113.846956,647.5765,2989,
2026-03-31 17:34:00,647.77,648.3,647.7,648.13,139542.451939,647.9936,2533,
2026-03-31 17:35:00,648.12,648.41,648.07,648.11,662643.228054,647.9454,2364,
2026-03-31 17:36:00,648.13,648.14,646.64,647.44,1103804.574035,647.3533,15090,
2026-03-31 17:37:00,647.39,647.62,646.46,646.67,403594.495511,647.0548,5587,
2026-03-31 17:38:00,646.69,646.89,646.2,646.47,357185.870215,646.5058,5234,
2026-03-31 17:39:00,646.495,647.06,646.44,646.87,340529.308794,646.7347,4532,
2026-03-31 17:40:00,646.84,647.48,646.79,647.32,363205.880927,641.9172,3391,
2026-03-31 17:41:00,647.265,647.265,646.77,646.9,171062.821927,646.9515,2544,
2026-03-31 17:42:00,646.9,646.96,646.4,646.71,372982.541763,641.6716,2949,
2026-03-31 17:43:00,646.67,647.0199,646.65,646.74,143260.676505,646.8185,2090,
2026-03-31 17:44:00,646.73,646.875,646.3,646.71,321661.65874,646.5978,4178,
2026-03-31 17:45:00,646.72,646.83,646.45,646.75,315612.852399,640.7792,2761,
2026-03-31 17:46:00,646.74,646.88,646.62,646.6901,139685.242383,646.753,1991,
2026-03-31 17:47:00,646.73,647.55,646.63,647.19,347991.597507,647.2902,4905,
2026-03-31 17:48:00,647.18,647.31,646.93,646.9805,160220.787459,647.1125,2320,
2026-03-31 17:49:00,647.0,647.25,646.95,647.1365,74224.483836,647.0831,5042,
2026-03-31 17:50:00,647.18,647.32,647.02,647.1,116025.121818,647.1419,1866,
2026-03-31 17:51:00,647.1,647.49,647.04,647.12,207072.824822,647.2748,3070,
2026-03-31 17:52:00,647.115,647.27,646.89,647.18,142476.107536,647.064,2259,
2026-03-31 17:53:00,647.16,647.28,646.99,647.12,69984.499998,647.1657,1236,
2026-03-31 17:54:00,647.12,647.26,646.92,647.2,100418.347315,647.0822,1708,
2026-03-31 17:55:00,647.2,647.23,646.42,646.62,493968.812234,639.2013,3876,
2026-03-31 17:56:00,646.63,646.69,646.23,646.37,214887.300222,646.4486,3191,
2026-03-31 17:57:00,646.35,646.6,646.26,646.425,165237.142572,646.4183,2526,
2026-03-31 17:58:00,646.44,646.5999,646.14,646.505,217647.740975,646.3696,3282,
2026-03-31 17:59:00,646.5,646.58,646.27,646.415,167895.249467,646.4245,2586,
2026-03-31 18:00:00,646.41,646.99,646.39,646.79,265337.350301,646.7854,3875,
2026-03-31 18:01:00,646.785,647.43,646.74,647.18,205576.479384,647.1289,3170,
2026-03-31 18:02:00,647.18,647.61,647.13,647.19,159960.338185,647.3424,2638,
2026-03-31 18:03:00,647.16,647.41,646.99,647.21,263181.401927,647.187,3865,
2026-03-31 18:04:00,647.22,647.4,646.89,647.0,188188.356522,647.1488,2940,
2026-03-31 18:05:00,647.01,647.45,647.0,647.375,143134.180256,647.2266,2070,
2026-03-31 18:06:00,647.38,647.58,646.98,647.1,187424.509527,647.3188,2664,
2026-03-31 18:07:00,647.1,647.55,647.09,647.46,185732.133911,647.2968,3011,
2026-03-31 18:08:00,647.43,647.58,647.34,647.5,125076.792754,647.4635,2094,
2026-03-31 18:09:00,647.51,647.93,647.43,647.66,570971.375622,640.7216,4678,
2026-03-31 18:10:00,647.66,647.7,647.37,647.4,154802.903367,647.5581,2441,
2026-03-31 18:11:00,647.39,647.42,646.97,647.2,178588.14006,647.1567,2603,
2026-03-31 18:12:00,647.21,647.24,646.89,646.99,140857.534299,647.0137,2277,
2026-03-31 18:13:00,646.98,647.22,646.83,647.21,116831.701691,647.006,1967,
2026-03-31 18:14:00,647.19,647.59,647.16,647.49,119762.5276,647.4245,1938,
2026-03-31 18:15:00,647.47,647.695,647.44,647.535,149772.255193,647.5664,2178,
2026-03-31 18:16:00,647.54,647.91,647.505,647.8,224117.953606,647.7243,3214,
2026-03-31 18:17:00,647.8,648.13,647.66,647.9,332030.936657,647.9337,4601,
2026-03-31 18:18:00,647.91,647.97,647.71,647.75,144661.170019,647.8783,2229,
2026-03-31 18:19:00,647.74,647.835,647.615,647.82,118976.971069,647.7558,1892,
2026-03-31 18:20:00,647.83,647.89,647.66,647.71,93501.726848,647.7595,1669,
2026-03-31 18:21:00,647.73,647.82,647.5,647.62,130903.771871,647.6093,1613,
2026-03-31 18:22:00,647.6,647.73,647.35,647.61,106127.156995,647.5597,1893,
2026-03-31 18:23:00,647.61,647.62,647.38,647.46,86937.113489,647.4742,1514,
2026-03-31 18:24:00,647.46,647.58,647.2,647.29,131416.236289,647.3741,2119,
2026-03-31 18:25:00,647.31,647.32,647.1,647.15,179253.72838,647.2193,2640,
2026-03-31 18:26:00,647.17,647.34,646.98,647.07,208248.223788,647.1251,2735,
2026-03-31 18:27:00,647.04,647.38,646.97,647.375,172564.335335,647.1323,2549,
2026-03-31 18:28:00,647.36,648.24,647.36,647.7,441848.008355,647.853,6154,
2026-03-31 18:29:00,647.7,647.95,647.61,647.7,117444.308995,647.7508,1645,
2026-03-31 18:30:00,647.71,647.87,647.465,647.53,184801.216118,647.6721,2784,
2026-03-31 18:31:00,647.53,647.74,647.28,647.31,156180.945985,647.5819,2469,
2026-03-31 18:32:00,647.325,647.47,647.2,647.32,257624.100615,647.3315,3676,
2026-03-31 18:33:00,647.32,647.58,647.2,647.56,218812.039672,647.3298,3391,
2026-03-31 18:34:00,647.55,647.69,647.47,647.56,100610.305476,647.5939,1938,
2026-03-31 18:35:00,647.56,648.05,647.42,648.03,170036.261017,647.7179,2564,
2026-03-31 18:36:00,648.02,648.3202,647.96,648.19,409761.970664,648.1046,3569,
2026-03-31 18:37:00,648.19,648.55,648.14,648.47,255666.184022,648.3354,3110,
2026-03-31 18:38:00,648.46,648.66,648.46,648.57,97356.227919,648.5626,1596,
2026-03-31 18:39:00,648.57,648.58,648.24,648.2897,153677.905686,648.4055,2192,
2026-03-31 18:40:00,648.285,648.33,647.911,648.1,159272.786483,648.096,2553,
2026-03-31 18:41:00,648.11,648.24,647.86,647.97,283437.417358,648.1115,3916,
2026-03-31 18:42:00,647.96,648.11,647.94,648.01,131738.640638,648.0391,1849,
2026-03-31 18:43:00,648.02,648.03,647.75,647.76,188490.652437,647.8499,2813,
2026-03-31 18:44:00,647.76,648.0,647.63,647.975,245217.322507,647.7885,3259,
2026-03-31 18:45:00,647.99,648.5,647.98,648.4,298471.258193,648.3277,4090,
2026-03-31 18:46:00,648.405,648.6,648.2,648.48,345919.561248,642.4145,2930,
2026-03-31 18:47:00,648.48,648.705,648.46,648.49,381424.959459,643.0467,2557,
2026-03-31 18:48:00,648.4987,648.505,648.18,648.205,224073.260619,648.2836,3152,
2026-03-31 18:49:00,648.2,648.32,647.89,648.3194,204969.231474,648.0988,3040,
2026-03-31 18:50:00,648.33,648.76,648.29,648.58,193847.80369,648.5844,2569,
2026-03-31 18:51:00,648.6,648.9,648.56,648.75,220372.160555,648.7453,2870,
2026-03-31 18:52:00,648.74,648.78,648.57,648.657,118639.025129,648.7033,1916,
2026-03-31 18:53:00,648.66,648.77,648.6,648.63,106742.173639,648.5169,1527,
2026-03-31 18:54:00,648.63,648.79,648.59,648.68,286533.834211,641.315,2373,
2026-03-31 18:55:00,648.68,648.88,648.65,648.66,107071.630785,648.7821,1698,
2026-03-31 18:56:00,648.65,648.8199,648.625,648.793,89601.77224,648.6962,1491,
2026-03-31 18:57:00,648.78,648.8,648.54,648.5699,111353.787262,648.6903,1871,
2026-03-31 18:58:00,648.56,648.84,648.51,648.8001,256258.192963,640.4298,2060,
2026-03-31 18:59:00,648.8,648.82,648.6,648.64,90462.830333,648.7094,1664,
2026-03-31 19:00:00,648.64,648.93,648.5775,648.92,146853.91001,648.7661,2160,
2026-03-31 19:01:00,648.9104,649.12,648.82,648.89,220990.433988,648.9864,3089,
2026-03-31 19:02:00,648.9,649.08,648.8,648.96,144178.86427,648.9672,2261,
2026-03-31 19:03:00,648.97,649.17,648.95,649.09,147756.253871,649.0597,2211,
2026-03-31 19:04:00,649.09,649.09,648.82,648.9402,146435.606473,648.9336,2320,
2026-03-31 19:05:00,648.94,648.96,648.62,648.64,180859.382181,648.7674,3040,
2026-03-31 19:06:00,648.65,648.72,648.43,648.56,234748.429274,648.5441,3429,
2026-03-31 19:07:00,648.57,648.571,648.27,648.39,182674.681568,648.405,2868,
2026-03-31 19:08:00,648.38,648.415,648.0,648.035,438175.730403,648.1537,6035,
2026-03-31 19:09:00,648.0325,648.39,648.0,648.3,351246.330293,648.2372,4848,
2026-03-31 19:10:00,648.29,649.2,648.26,648.9907,547013.045912,644.8037,4965,
2026-03-31 19:11:00,649.0,649.23,648.8987,649.03,383106.64127,649.0836,5094,
2026-03-31 19:12:00,649.03,649.06,648.82,648.99,681267.380251,649.0491,2629,
2026-03-31 19:13:00,648.995,649.07,648.75,649.0,174119.203822,648.8947,2446,
2026-03-31 19:14:00,649.0,649.13,648.89,649.07,229654.763375,648.9933,3282,
2026-03-31 19:15:00,649.08,649.48,649.07,649.48,297144.603472,649.3405,4157,
2026-03-31 19:16:00,649.49,649.64,649.17,649.17,269733.437689,649.4009,3606,
2026-03-31 19:17:00,649.18,649.24,648.97,649.085,249927.383799,649.0692,3493,
2026-03-31 19:18:00,649.08,649.31,648.95,649.18,243309.563266,649.1143,3455,
2026-03-31 19:19:00,649.18,649.41,649.17,649.25,170029.587412,649.3146,2664,
2026-03-31 19:20:00,649.252,649.53,649.17,649.45,219857.636556,649.315,3041,
2026-03-31 19:21:00,649.45,649.7,649.43,649.5,324000.804553,649.6089,4051,
2026-03-31 19:22:00,649.52,649.76,649.45,649.74,270161.109855,649.5908,3816,
2026-03-31 19:23:00,649.75,649.91,649.6,649.71,273674.157255,649.7376,3996,
2026-03-31 19:24:00,649.71,649.74,649.55,649.62,213136.87668,649.6593,3120,
2026-03-31 19:25:00,649.62,649.67,649.5,649.52,262287.053799,649.5999,3619,
2026-03-31 19:26:00,649.51,649.64,649.15,649.325,336365.09566,649.3596,4398,
2026-03-31 19:27:00,649.33,649.59,649.24,649.29,355171.760495,649.3953,4286,
2026-03-31 19:28:00,649.29,649.53,649.22,649.5,316201.085369,649.3598,3794,
2026-03-31 19:29:00,649.5,649.525,649.365,649.402,222221.759443,649.438,3221,
2026-03-31 19:30:00,649.42,650.02,649.35,649.96,403742.737956,649.7959,5464,
2026-03-31 19:31:00,649.97,649.98,649.65,649.705,287047.943426,649.8225,3714,
2026-03-31 19:32:00,649.72,649.89,649.71,649.73,258366.66912,649.7822,3990,
2026-03-31 19:33:00,649.73,649.835,649.55,649.815,265334.653794,649.6859,3660,
2026-03-31 19:34:00,649.815,649.87,649.7,649.71,210630.577754,649.76,2955,
2026-03-31 19:35:00,649.72,650.13,649.66,650.01,592780.691205,649.9201,7687,
2026-03-31 19:36:00,650.02,650.38,649.975,650.124,449370.720586,650.1658,5405,
2026-03-31 19:37:00,650.13,650.44,650.13,650.335,305298.988978,650.3174,4361,
2026-03-31 19:38:00,650.33,650.44,650.26,650.4041,189451.461594,650.3563,2938,
2026-03-31 19:39:00,650.4,650.61,650.345,650.45,747018.175301,650.4001,3812,
2026-03-31 19:40:00,650.46,650.61,650.33,650.45,263944.159548,650.4524,4071,
2026-03-31 19:41:00,650.43,650.47,650.135,650.18,372738.506495,650.2867,5263,
2026-03-31 19:42:00,650.19,650.3,650.04,650.08,304860.516123,650.1904,4938,
2026-03-31 19:43:00,650.07,650.08,649.855,649.91,501649.164806,649.9598,5693,
2026-03-31 19:44:00,649.91,650.33,649.835,650.178,440908.021617,650.1249,5535,
2026-03-31 19:45:00,650.17,650.35,649.97,650.25,324929.095286,650.194,4663,
2026-03-31 19:46:00,650.26,650.68,650.18,650.605,341509.828545,650.4479,4579,
2026-03-31 19:47:00,650.6,650.78,650.47,650.74,593640.384302,646.6251,5124,
2026-03-31 19:48:00,650.73,650.97,650.7,650.925,735870.587466,644.3704,5413,
2026-03-31 19:49:00,650.93,651.05,650.8,650.87,921745.363482,645.7235,6636,
2026-03-31 19:50:00,650.88,651.54,650.87,650.88,1299077.506677,647.3762,11050,
2026-03-31 19:51:00,650.88,650.95,650.08,650.2,874947.215139,650.5868,11431,
2026-03-31 19:52:00,650.2,650.3,649.75,649.85,1349802.832096,650.0302,15244,
2026-03-31 19:53:00,649.83,650.1,649.69,649.94,1040066.316319,647.7137,11457,
2026-03-31 19:54:00,649.96,650.21,649.76,649.9,1246851.658454,646.3316,11157,
2026-03-31 19:55:00,649.91,650.39,649.71,649.835,1538819.204414,648.5087,13376,
2026-03-31 19:56:00,649.835,649.925,649.37,649.48,1252526.528266,649.6402,12252,
2026-03-31 19:57:00,649.49,650.01,649.32,649.92,1458069.680617,646.5053,11723,
2026-03-31 19:58:00,649.92,650.1,649.82,649.98,2730242.599308,644.9692,19144,
2026-03-31 19:59:00,649.99,650.74,649.87,650.235,3660825.091449,648.4316,31720,
2026-03-31 20:00:00,650.2,650.66,649.89,650.46,658308.321236,646.7175,2029,
2026-03-31 20:01:00,650.46,650.55,650.2,650.38,147403.255944,650.3924,790,
2026-03-31 20:02:00,650.44,650.5,650.08,650.2,135029.124901,650.2313,561,
2026-03-31 20:03:00,650.2,650.21,649.36,649.75,337702.407855,649.9151,1164,
2026-03-31 20:04:00,649.77,649.96,649.47,649.65,158403.161965,649.6069,762,
2026-03-31 20:05:00,649.63,649.99,649.63,649.96,61123.375918,649.814,441,
2026-03-31 20:06:00,649.93,650.3855,649.9,650.0317,145136.176912,650.1343,525,
2026-03-31 20:07:00,650.02,650.17,649.95,650.12,81483.304084,650.1014,542,
2026-03-31 20:08:00,650.12,650.4105,650.0,650.1,267314.284186,650.3313,524,
2026-03-31 20:09:00,650.1,650.45,650.09,650.33,94090.755277,650.3056,533,
2026-03-31 20:10:00,650.32,650.49,650.14,650.41,344292.433966,650.3679,607,
2026-03-31 20:11:00,650.46,650.47,650.18,650.18,85736.400024,650.2606,301,
2026-03-31 20:12:00,650.21,650.28,650.0,650.15,82084.17527,650.1018,770,
2026-03-31 20:13:00,650.13,650.5,650.13,650.39,8811838.11311,650.4016,617,
2026-03-31 20:14:00,650.41,650.48,650.22,650.32,143151.855155,650.3076,1015,
2026-03-31 20:15:00,650.25,650.68,650.25,650.6,17709.202656,650.5521,219,
2026-03-31 20:16:00,650.6,650.65,650.5,650.5,2032267.556383,650.4136,310,
2026-03-31 20:17:00,650.52,650.64,650.51,650.63,1011553.487603,650.4036,121,
2026-03-31 20:18:00,650.65,650.82,650.61,650.67,27712.869029,650.7202,345,
2026-03-31 20:19:00,650.7116,650.861,650.7116,650.84,9568.378374,650.8398,80,
2026-03-31 20:20:00,650.86,650.89,650.72,650.76,35849.477361,650.8395,277,
2026-03-31 20:21:00,650.75,650.77,650.6,650.6,26986.95693,650.7595,199,
2026-03-31 20:22:00,650.64,650.7,650.61,650.6509,549283.360585,633.4445,257,
2026-03-31 20:23:00,650.7,650.74,650.65,650.74,43421.970568,650.6892,182,
2026-03-31 20:24:00,650.7201,650.75,650.67,650.69,52964.323043,650.4814,107,
2026-03-31 20:25:00,650.68,650.85,650.68,650.82,22990.767475,650.7592,150,
2026-03-31 20:26:00,650.83,650.84,650.64,650.64,30193.670977,650.7307,150,
2026-03-31 20:27:00,650.6774,650.7,650.54,650.589,19442.09926,650.6345,199,
2026-03-31 20:28:00,650.55,650.69,650.51,650.64,181441.40402,650.4949,180,
2026-03-31 20:29:00,650.6741,650.81,650.67,650.8,10653.155698,650.7623,92,
2026-03-31 20:30:00,650.7922,650.86,650.75,650.7783,16872.816048,650.8144,139,
2026-03-31 20:31:00,650.73,650.7463,650.66,650.67,23249.37148,650.6782,112,
2026-03-31 20:32:00,650.69,650.75,650.67,650.72,80793.08694,650.7167,369,
2026-03-31 20:33:00,650.74,650.74,650.67,650.69,52639.441309,650.7127,327,
2026-03-31 20:34:00,650.73,650.75,650.63,650.7,72421.203021,650.5349,226,
2026-03-31 20:35:00,650.7,650.75,650.7,650.71,32540.549465,650.4849,171,
2026-03-31 20:36:00,650.7475,650.7475,650.5,650.56,67539.304099,650.6429,302,
2026-03-31 20:37:00,650.5886,650.5886,650.45,650.49,42856.496658,650.5019,209,
2026-03-31 20:38:00,650.47,650.52,650.42,650.42,24884.157344,650.47,112,
2026-03-31 20:39:00,650.4136,650.4835,650.28,650.4835,17512.011537,650.3392,137,
2026-03-31 20:40:00,650.4,650.42,650.29,650.32,4442.184029,650.3753,48,
2026-03-31 20:41:00,650.33,650.35,650.24,650.24,28113.574741,650.2865,193,
2026-03-31 20:42:00,650.23,650.28,650.11,650.11,16973.474753,650.1972,175,
2026-03-31 20:43:00,650.1109,650.1109,650.04,650.0649,10391.599875,650.1099,123,
2026-03-31 20:44:00,650.0986,650.1,650.01,650.08,10980.17613,650.0763,87,
2026-03-31 20:45:00,650.09,650.21,650.09,650.17,13633.608923,650.2081,115,
2026-03-31 20:46:00,650.115,650.1497,650.0,650.05,4312.054479,650.0922,75,
2026-03-31 20:47:00,650.02,650.1,650.0,650.1,3144.611663,650.1455,69,
2026-03-31 20:48:00,650.14,650.22,650.14,650.18,5661.337044,650.2298,68,
2026-03-31 20:49:00,650.22,650.3,650.2,650.23,26878.372018,650.2662,229,
2026-03-31 20:50:00,650.242,650.25,650.18,650.18,15450.246193,650.2417,88,
2026-03-31 20:51:00,650.18,650.18,650.11,650.14,30888.222682,650.1546,114,
2026-03-31 20:52:00,650.17,650.3,650.17,650.25,7704.424766,650.2901,76,
2026-03-31 20:53:00,650.24,650.26,650.17,650.2,73574.820289,650.2313,229,
2026-03-31 20:54:00,650.15,650.16,650.04,650.11,40691.081438,650.1106,184,
2026-03-31 20:55:00,650.21,650.21,650.09,650.09,28235.393226,650.1181,100,
2026-03-31 20:56:00,650.09,650.15,650.02,650.03,8349.587636,650.1589,71,
2026-03-31 20:57:00,650.05,650.09,650.01,650.09,23941.583052,650.0658,153,
2026-03-31 20:58:00,650.01,650.07,649.81,649.88,25033.181629,649.9584,201,
2026-03-31 20:59:00,649.95,650.11,649.84,650.02,26119.191118,649.9696,183,
2026-03-31 21:00:00,650.01,650.17,650.01,650.16,6790.846154,650.2327,67,
2026-03-31 21:01:00,650.1,650.1,650.1,650.1,677.995267,651.0492,56,
2026-03-31 21:02:00,650.1,650.11,650.05,650.05,461.449644,650.7114,83,
2026-03-31 21:03:00,650.05,650.09,650.02,650.02,2979.515854,650.1659,83,
2026-03-31 21:04:00,650.04,650.05,650.02,650.02,8582.049224,650.0432,38,
2026-03-31 21:05:00,650.0217,650.09,650.01,650.09,767.210351,650.2082,20,
2026-03-31 21:06:00,650.09,650.0998,650.06,650.081,2785.716137,650.2521,31,
2026-03-31 21:07:00,650.0874,650.0874,650.06,650.06,864.08508,650.133,33,
2026-03-31 21:08:00,650.07,650.07,650.02,650.06,595.612986,650.719,34,
2026-03-31 21:09:00,650.06,650.06,649.98,650.05,804.454693,650.4084,24,
2026-03-31 21:10:00,650.02,650.07,650.0,650.06,3952.579075,650.1506,38,
2026-03-31 21:11:00,650.0564,650.07,650.05,650.0699,19041.005137,650.0571,34,
2026-03-31 21:12:00,650.08,650.1,650.0,650.09,18822.282076,650.0845,69,
2026-03-31 21:13:00,650.15,650.2,650.15,650.15,3478.671587,650.3003,60,
2026-03-31 21:14:00,650.19,650.2,650.15,650.15,5141.841155,650.3042,36,
2026-03-31 21:15:00,650.12,650.1554,650.09,650.09,6887.611809,650.1596,48,
2026-03-31 21:16:00,650.08,650.1,650.0,650.1,4087.487038,650.1191,71,
2026-03-31 21:17:00,650.11,650.15,650.11,650.15,2592.054973,650.1434,34,
2026-03-31 21:18:00,650.1,650.1,650.0,650.0,816.298974,650.2537,24,
2026-03-31 21:19:00,650.0,650.02,649.95,649.97,17465.586579,649.9915,130,
2026-03-31 21:20:00,649.97,649.99,649.97,649.97,6845.092404,649.9817,149,
2026-03-31 21:21:00,649.97,649.99,649.95,649.95,5848.722078,650.0473,122,
2026-03-31 21:22:00,649.96,650.0,649.96,650.0,2663.082503,649.9992,21,
2026-03-31 21:23:00,649.97,650.0,649.96,650.0,656.072027,650.0558,14,
2026-03-31 21:25:00,649.97,649.9799,649.96,649.97,1787.146203,650.0251,45,
2026-03-31 21:26:00,649.97,649.98,649.97,649.97,1987.046741,649.9854,51,
2026-03-31 21:27:00,649.97,650.0,649.97,649.98,1524.184761,650.0564,44,
2026-03-31 21:28:00,649.98,649.98,649.97,649.98,2007.815957,650.2422,72,
2026-03-31 21:29:00,649.98,649.98,649.95,649.97,2285.634974,650.1409,32,
2026-03-31 21:30:00,649.97,650.04,649.97,650.04,506.003168,650.0094,15,
2026-03-31 21:31:00,650.0,650.03,650.0,650.0037,437.433742,650.659,20,
2026-03-31 21:32:00,650.01,650.04,650.0,650.03,4934.043573,650.0092,33,
2026-03-31 21:33:00,649.99,649.99,649.99,649.99,186.900207,653.1573,26,
2026-03-31 21:34:00,650.03,650.03,650.03,650.03,178.219111,650.8248,29,
2026-03-31 21:36:00,650.01,650.05,650.01,650.04,559.460736,650.5687,21,
2026-03-31 21:37:00,650.01,650.01,649.97,649.97,1265.851351,650.4167,33,
2026-03-31 21:38:00,649.97,649.98,649.97,649.98,240.271597,650.7074,16,
2026-03-31 21:39:00,649.95,649.96,649.95,649.96,538.0,649.9532,9,
2026-03-31 21:40:00,649.9602,649.9726,649.9602,649.9726,217.336844,650.9775,11,
2026-03-31 21:41:00,649.96,649.96,649.96,649.96,192.403898,651.3359,23,
2026-03-31 21:43:00,649.96,649.96,649.95,649.95,654.666242,650.6199,27,
2026-03-31 21:44:00,649.95,649.9502,649.95,649.9502,322.259848,650.4747,22,
2026-03-31 21:45:00,649.95,649.98,649.95,649.9785,859.998166,650.719,29,
2026-03-31 21:46:00,649.98,649.98,649.98,649.98,506.426284,650.5275,19,
2026-03-31 21:47:00,649.9796,649.9796,649.92,649.95,2467.300414,650.0275,42,
2026-03-31 21:48:00,649.92,649.95,649.8747,649.9,3436.27517,649.9819,59,
2026-03-31 21:49:00,649.8909,649.9,649.86,649.9,1548.117551,649.9329,18,
2026-03-31 21:51:00,649.86,649.9072,649.86,649.9072,632.153876,650.0566,11,
2026-03-31 21:52:00,649.85,649.87,649.85,649.85,1827.244356,649.939,31,
2026-03-31 21:53:00,649.83,649.85,649.83,649.83,5472.549377,649.9112,50,
2026-03-31 21:54:00,649.83,649.83,649.7565,649.7565,4211.326668,649.8489,49,
2026-03-31 21:55:00,649.75,649.81,649.52,649.78,23738.786626,649.7063,212,
2026-03-31 21:56:00,649.7993,649.85,649.62,649.63,12810.032118,649.7739,68,
2026-03-31 21:57:00,649.84,649.85,649.68,649.84,9626.103482,649.8271,40,
2026-03-31 21:58:00,649.8,649.89,649.68,649.82,11797.285704,649.7714,126,
2026-03-31 21:59:00,649.8,649.85,649.7,649.82,22262.467673,649.8233,90,
2026-03-31 22:00:00,649.8,650.24,649.47,649.96,91410.55088,649.8306,569,
2026-03-31 22:01:00,650.03,650.16,649.97,650.0,8505.975592,650.1377,67,
2026-03-31 22:02:00,650.01,650.21,649.9817,650.1561,16303.667767,650.1827,97,
2026-03-31 22:03:00,650.03,650.4,650.03,650.4,12516.238355,650.1878,116,
2026-03-31 22:04:00,650.41,650.58,650.05,650.06,7257.954689,650.4166,116,
2026-03-31 22:05:00,650.04,650.28,650.04,650.2593,33516.548311,650.2311,102,
2026-03-31 22:06:00,650.3393,650.42,650.18,650.18,12860.326448,650.2929,98,
2026-03-31 22:07:00,650.1,650.1,649.99,649.9903,3517.669073,650.1319,58,
2026-03-31 22:08:00,650.11,650.11,649.85,649.91,5069.373406,649.9993,51,
2026-03-31 22:09:00,649.9,649.9,649.7816,649.87,11822.525237,649.8651,70,
2026-03-31 22:10:00,649.84,649.85,649.72,649.72,12624.38476,649.8046,60,
2026-03-31 22:11:00,649.75,650.09,649.71,650.06,3895.414321,649.8913,46,
2026-03-31 22:12:00,650.13,650.28,650.11,650.28,2896.463506,650.2976,45,
2026-03-31 22:13:00,650.32,650.54,650.3117,650.49,3804.184709,650.4398,56,
2026-03-31 22:14:00,650.56,650.89,650.56,650.75,14468.165935,650.7281,145,
2026-03-31 22:15:00,650.7201,650.83,650.5908,650.83,3025.495859,650.8185,70,
2026-03-31 22:16:00,650.8,650.89,650.5613,650.6396,12207.833869,650.8357,113,
2026-03-31 22:17:00,650.56,650.7252,650.56,650.629,2997.67227,650.7938,39,
2026-03-31 22:18:00,650.61,650.62,650.4991,650.51,2357.274184,650.6753,44,
2026-03-31 22:19:00,650.49,650.54,650.49,650.54,381.728708,651.7621,29,
2026-03-31 22:20:00,650.54,650.69,650.46,650.55,7699.051136,650.591,57,
2026-03-31 22:21:00,650.55,650.73,650.28,650.73,310265.611435,650.3481,100,
2026-03-31 22:22:00,650.72,650.94,650.59,650.59,15115.484772,650.7944,97,
2026-03-31 22:23:00,650.72,650.72,650.38,650.38,1264.300295,650.6823,52,
2026-03-31 22:24:00,650.5,650.7,650.5,650.62,4245.233156,650.7028,36,
2026-03-31 22:25:00,650.57,650.6496,650.49,650.6496,5810.596873,650.6203,64,
2026-03-31 22:26:00,650.65,650.71,650.64,650.71,1560.752189,650.9653,29,
2026-03-31 22:27:00,650.65,650.69,650.65,650.65,795.015369,650.6743,19,
2026-03-31 22:28:00,650.7,650.7694,650.69,650.7694,1109.050297,650.738,27,
2026-03-31 22:29:00,650.74,650.74,650.6082,650.6082,689.545423,651.1952,18,
2026-03-31 22:30:00,650.6322,650.6322,650.52,650.52,1583.832765,650.8946,30,
2026-03-31 22:31:00,650.65,650.65,650.65,650.65,130.459305,652.9367,16,
2026-03-31 22:32:00,650.54,650.54,650.46,650.46,357.512389,651.4273,33,
2026-03-31 22:33:00,650.35,650.3899,650.28,650.3496,3764.795169,650.4791,59,
2026-03-31 22:34:00,650.34,650.34,650.25,650.25,739.282076,650.5295,34,
2026-03-31 22:35:00,650.25,650.27,650.2,650.23,2633.12887,650.2565,34,
2026-03-31 22:36:00,650.29,650.29,650.15,650.23,3232.389426,650.3055,47,
2026-03-31 22:37:00,650.18,650.3,650.15,650.3,1374.155685,650.3114,34,
2026-03-31 22:38:00,650.33,650.53,650.33,650.48,2115.348063,650.4872,45,
2026-03-31 22:39:00,650.43,650.51,650.43,650.48,910.235731,650.6338,13,
2026-03-31 22:40:00,650.49,650.57,650.49,650.56,808.198278,650.691,25,
2026-03-31 22:41:00,650.65,650.67,650.61,650.61,930.067313,650.6797,22,
2026-03-31 22:42:00,650.586,650.82,650.55,650.82,2229.609105,650.8483,41,
2026-03-31 22:43:00,650.8,650.8,650.55,650.6296,4213.39419,650.7455,26,
2026-03-31 22:44:00,650.6,650.6,650.56,650.56,307.618945,651.9055,17,
2026-03-31 22:45:00,650.58,650.6499,650.55,650.5715,1651.038424,650.6154,27,
2026-03-31 22:46:00,650.6,650.65,650.51,650.51,2148.68747,650.8231,53,
2026-03-31 22:47:00,650.51,650.51,650.48,650.48,1131.396471,650.7257,21,
2026-03-31 22:48:00,650.48,650.48,650.42,650.43,3032.160792,650.4709,38,
2026-03-31 22:49:00,650.4,650.6489,650.4,650.56,3617.689294,650.6625,49,
2026-03-31 22:50:00,650.52,650.5483,650.39,650.4,1697.934023,650.8163,36,
2026-03-31 22:51:00,650.4,650.4,650.31,650.31,389.629855,651.4148,17,
2026-03-31 22:52:00,650.36,650.41,650.35,650.41,478.158972,650.5775,19,
2026-03-31 22:53:00,650.4114,650.45,650.4,650.45,1415.813128,650.7981,32,
2026-03-31 22:54:00,650.4203,650.54,650.4203,650.53,284.255769,651.0623,21,
2026-03-31 22:55:00,650.57,650.58,650.54,650.55,508.060283,650.6388,18,
2026-03-31 22:56:00,650.58,650.58,650.54,650.54,316.378639,651.3276,15,
2026-03-31 22:57:00,650.4901,650.5587,650.4901,650.5,618.705739,651.2498,22,
2026-03-31 22:58:00,650.4237,650.51,650.4237,650.51,1158.757272,650.8789,21,
2026-03-31 22:59:00,650.4973,650.4973,650.4973,650.4973,252.712697,652.3425,24,
2026-03-31 23:00:00,650.52,650.52,650.3,650.3,2617.49606,650.5138,44,
2026-03-31 23:01:00,650.3,650.3,650.2,650.2505,1818.229815,650.3362,34,
2026-03-31 23:02:00,650.31,650.31,650.31,650.31,211.033258,650.4294,28,
2026-03-31 23:03:00,650.5,650.5,650.5,650.5,66.327224,653.7173,12,
2026-03-31 23:04:00,650.4,650.45,650.4,650.45,734.006703,650.4115,14,
2026-03-31 23:05:00,650.4,650.4506,650.4,650.4506,285.708291,652.0665,25,
2026-03-31 23:06:00,650.5,650.53,650.5,650.5,890.747281,651.0634,19,
2026-03-31 23:07:00,650.5,650.5,650.35,650.35,1245.927162,650.9005,30,
2026-03-31 23:08:00,650.41,650.43,650.31,650.31,1634.214955,650.4342,30,
2026-03-31 23:09:00,650.3101,650.32,650.3,650.32,1016.128151,650.3879,22,
2026-03-31 23:10:00,650.3556,650.3556,650.3556,650.3556,260.128311,650.6788,23,
2026-03-31 23:11:00,650.36,650.36,650.25,650.25,1269.101925,650.3165,21,
2026-03-31 23:12:00,650.25,650.25,650.25,650.25,605.522506,650.8121,14,
2026-03-31 23:13:00,650.414,650.414,650.414,650.414,355.145927,650.6672,20,
2026-03-31 23:14:00,650.36,650.36,650.34,650.34,421.307803,650.8197,16,
2026-03-31 23:15:00,650.3103,650.3103,650.22,650.25,937.126636,650.3624,29,
2026-03-31 23:16:00,650.35,650.4233,650.35,650.4233,775.175822,650.522,23,
2026-03-31 23:17:00,650.41,650.65,650.41,650.65,521.417856,651.115,30,
2026-03-31 23:18:00,650.55,650.55,650.55,650.55,128.12473,651.1866,17,
2026-03-31 23:19:00,650.65,650.66,650.65,650.66,464.3007,651.0655,22,
2026-03-31 23:20:00,650.55,650.58,650.52,650.57,683.242307,650.7816,21,
2026-03-31 23:21:00,650.6,650.6,650.6,650.6,163.193,651.362,8,
2026-03-31 23:22:00,650.51,650.51,650.51,650.51,83.026717,650.7018,24,
2026-03-31 23:23:00,650.38,650.48,650.38,650.48,687.548972,650.9826,22,
2026-03-31 23:24:00,650.55,650.62,650.55,650.62,347.496278,651.5079,26,
2026-03-31 23:25:00,650.62,650.66,650.52,650.5592,1039.026559,650.6446,21,
2026-03-31 23:26:00,650.6596,650.6596,650.6596,650.6596,127.495605,653.1515,17,
2026-03-31 23:27:00,650.56,650.57,650.56,650.57,1241.044881,650.5908,12,
2026-03-31 23:28:00,650.546,650.63,650.546,650.63,509.111643,650.7075,23,
2026-03-31 23:29:00,650.63,650.82,650.63,650.8,2485.738098,650.9301,58,
2026-03-31 23:30:00,650.87,650.94,650.87,650.94,291.307283,651.5889,22,
2026-03-31 23:31:00,650.8844,650.8844,650.8844,650.8844,146.14753,651.5242,18,
2026-03-31 23:32:00,650.79,650.81,650.79,650.81,576.29695,651.133,23,
2026-03-31 23:33:00,650.94,650.94,650.91,650.94,337.467483,651.8216,22,
2026-03-31 23:34:00,650.94,651.1201,650.9399,651.12,18429.809887,651.0355,192,
2026-03-31 23:35:00,651.24,651.36,651.2034,651.2987,1691.532381,651.4897,48,
2026-03-31 23:36:00,651.28,651.67,651.21,651.5201,10020.952023,651.4015,110,
2026-03-31 23:37:00,651.5022,651.6146,651.5,651.6146,7275.245525,651.6099,36,
2026-03-31 23:38:00,651.6,651.84,651.5252,651.7126,5953.089638,651.6953,95,
2026-03-31 23:39:00,651.7,651.79,651.63,651.79,4196.55746,651.7759,49,
2026-03-31 23:40:00,651.73,651.73,651.3561,651.3561,1353.668427,651.8457,50,
2026-03-31 23:41:00,651.37,651.37,651.24,651.3,3036.62778,651.4174,58,
2026-03-31 23:42:00,651.2752,651.31,651.2,651.24,2101.446855,651.3969,27,
2026-03-31 23:43:00,651.24,651.24,651.1518,651.18,3738.535165,651.2857,39,
2026-03-31 23:44:00,651.1891,651.249,651.1,651.1,5351.408602,651.2373,46,
2026-03-31 23:45:00,651.1515,651.24,651.15,651.24,2454.669801,651.368,41,
2026-03-31 23:46:00,651.18,651.21,651.1778,651.21,629.152434,651.3579,17,
2026-03-31 23:47:00,651.28,651.299,651.03,651.1,2940.266798,651.1634,52,
2026-03-31 23:48:00,651.14,651.14,651.13,651.13,984.434716,651.4224,17,
2026-03-31 23:49:00,651.229,651.32,651.19,651.32,1938.665104,651.4599,39,
2026-03-31 23:50:00,651.34,651.5101,651.3,651.5101,8539.7067,651.4293,78,
2026-03-31 23:51:00,651.4989,651.4989,651.37,651.37,333.552139,652.5255,19,
2026-03-31 23:52:00,651.4,651.8,651.4,651.73,7092.91718,651.556,73,
2026-03-31 23:53:00,651.7491,651.9899,651.7061,651.8,9370.065784,651.8245,88,
2026-03-31 23:54:00,651.79,651.89,651.79,651.8343,6704.494864,651.8547,83,
2026-03-31 23:55:00,651.84,651.84,651.74,651.8223,1423.040409,651.8015,43,
2026-03-31 23:56:00,651.76,651.81,651.74,651.75,3622.772698,651.8973,49,
2026-03-31 23:57:00,651.8,651.89,651.8,651.88,2425.038033,651.8507,53,
2026-03-31 23:58:00,651.88,652.4,651.88,652.15,13229.242805,652.1635,173,
2026-03-31 23:59:00,652.18,652.33,652.13,652.28,9514.616609,652.2493,93,
2026-04-01 08:00:00,654.0,654.0,653.13,653.33,12990.114017,653.2975,911,
2026-04-01 08:01:00,653.42,655.3,651.3,653.75,69340.063047,653.0487,1510,
2026-04-01 08:02:00,653.76,655.51,652.88,653.05,56433.108806,654.5799,1236,
2026-04-01 08:03:00,653.15,653.54,653.15,653.48,10046.076573,653.4279,163,
2026-04-01 08:04:00,653.48,653.68,653.45,653.45,5358.063719,653.5244,80,
2026-04-01 08:05:00,653.45,653.45,653.25,653.31,5141.109309,653.391,76,
2026-04-01 08:06:00,653.31,653.31,652.84,652.84,2674.885745,653.4317,70,
2026-04-01 08:07:00,652.88,652.91,652.79,652.89,700.300889,653.1341,37,
2026-04-01 08:08:00,652.87,652.94,652.81,652.94,3035.020431,652.8724,49,
2026-04-01 08:09:00,652.88,652.88,652.7,652.7,1681.035872,652.775,45,
2026-04-01 08:10:00,652.72,652.72,652.59,652.61,2664.040858,652.6813,67,
2026-04-01 08:11:00,652.61,652.61,652.3,652.4,5157.66704,652.5149,122,
2026-04-01 08:12:00,652.44,652.7,652.4,652.54,5855.061143,652.5273,101,
2026-04-01 08:13:00,652.7,652.78,652.69,652.77,641.283714,653.0153,38,
2026-04-01 08:14:00,652.74,652.74,652.58,652.61,874.025585,652.6254,24,
2026-04-01 08:15:00,652.63,652.95,652.58,652.95,1928.055024,652.8036,42,
2026-04-01 08:16:00,652.8,652.8,652.46,652.46,1743.090456,652.6098,42,
2026-04-01 08:17:00,652.48,652.83,652.48,652.83,2185.906927,652.9133,49,
2026-04-01 08:18:00,652.97,653.11,652.97,653.05,4949.100899,653.0832,77,
2026-04-01 08:19:00,653.082,653.2,653.082,653.16,1486.01534,653.151,40,
2026-04-01 08:20:00,653.15,653.26,653.1125,653.26,4819.015323,653.1826,39,
2026-04-01 08:21:00,653.2881,653.4,653.26,653.4,2770.010239,653.3132,45,
2026-04-01 08:22:00,653.35,653.46,653.35,653.46,2172.029808,653.4206,35,
2026-04-01 08:23:00,653.52,653.5758,653.52,653.5758,943.044207,653.5572,34,
2026-04-01 08:24:00,653.375,653.61,653.375,653.5458,8351.134151,653.5125,148,
2026-04-01 08:25:00,653.75,653.99,653.75,653.99,4067.044428,653.8228,107,
2026-04-01 08:26:00,653.88,654.03,653.88,653.98,3428.010459,653.982,41,
2026-04-01 08:27:00,653.98,653.98,653.79,653.79,2335.031087,653.905,37,
2026-04-01 08:28:00,653.51,653.51,653.41,653.42,330.182342,653.8243,27,
2026-04-01 08:29:00,653.42,653.45,653.3,653.45,4371.140318,653.4227,64,
2026-04-01 08:30:00,653.51,653.54,653.49,653.53,11039.027113,653.53,79,
2026-04-01 08:31:00,653.53,653.59,653.51,653.54,6043.035572,653.5323,54,
2026-04-01 08:32:00,653.76,653.89,653.75,653.89,752.065957,653.831,28,
2026-04-01 08:33:00,653.88,653.89,653.74,653.74,2396.045038,653.8459,48,
2026-04-01 08:34:00,653.79,653.79,653.7,653.7503,10260.28133,653.7715,87,
2026-04-01 08:35:00,653.81,653.81,653.53,653.53,1770.061065,653.7889,34,
2026-04-01 08:36:00,653.49,653.59,653.4333,653.54,3784.190932,653.5654,64,
2026-04-01 08:37:00,653.61,653.61,653.42,653.42,16856.933854,653.5548,174,
2026-04-01 08:38:00,653.71,653.71,653.55,653.69,2469.095372,653.6625,54,
2026-04-01 08:39:00,653.6,653.8,653.6,653.8,1234.061045,653.7579,35,
2026-04-01 08:41:00,653.84,653.88,653.8,653.8,907.035404,653.8892,25,
2026-04-01 08:42:00,653.65,653.65,653.56,653.56,703.070507,653.6785,24,
2026-04-01 08:43:00,653.52,653.61,653.52,653.61,590.150931,653.7575,27,
2026-04-01 08:44:00,653.7,653.75,653.7,653.75,1081.028968,653.7526,25,
2026-04-01 08:45:00,653.81,653.81,653.77,653.78,1676.158973,653.8428,29,
2026-04-01 08:46:00,653.54,653.54,653.54,653.54,296.025425,653.609,16,
2026-04-01 08:47:00,653.5,653.61,653.45,653.45,15398.030694,653.5387,100,
2026-04-01 08:48:00,653.55,653.66,653.55,653.65,850.030627,653.6395,25,
2026-04-01 08:49:00,653.63,653.74,653.62,653.73,1900.026856,653.6662,46,
2026-04-01 08:50:00,653.86,653.86,653.81,653.81,304.020369,653.8851,17,
2026-04-01 08:51:00,653.87,653.87,653.67,653.67,986.049188,653.8461,26,
2026-04-01 08:52:00,653.64,653.64,653.57,653.57,296.386953,654.4856,25,
2026-04-01 08:53:00,653.78,654.07,653.73,654.07,833.051013,654.0078,38,
2026-04-01 08:54:00,653.93,653.93,652.33,653.45,60064.70643,653.0764,851,
2026-04-01 08:55:00,653.3644,653.39,653.06,653.38,501.244546,653.5229,42,
2026-04-01 08:56:00,653.43,653.78,653.43,653.62,4065.340402,653.6683,80,
2026-04-01 08:57:00,653.5,653.6,653.5,653.58,1722.930212,653.9295,26,
2026-04-01 08:58:00,653.73,653.73,653.49,653.49,160.050926,653.815,16,
2026-04-01 08:59:00,653.55,653.55,653.3,653.36,2043.117176,653.3909,39,
2026-04-01 09:00:00,653.43,653.43,653.2,653.35,1396.071091,653.292,29,
2026-04-01 09:01:00,653.23,653.74,653.22,653.57,4223.076565,653.5158,72,
2026-04-01 09:02:00,653.56,653.56,653.49,653.49,1272.025368,653.5347,18,
2026-04-01 09:03:00,653.5,653.51,653.22,653.26,1597.053748,653.3328,31,
2026-04-01 09:04:00,653.26,653.29,653.26,653.26,1340.498121,653.5171,27,
2026-04-01 09:05:00,653.24,653.27,653.21,653.27,557.027996,653.2686,17,
2026-04-01 09:06:00,653.15,653.15,653.15,653.15,90.102481,653.9282,18,
2026-04-01 09:07:00,653.13,653.13,652.99,652.99,965.057092,653.1185,22,
2026-04-01 09:08:00,652.94,652.94,652.71,652.75,5730.046011,652.7453,41,
2026-04-01 09:09:00,652.72,652.79,652.72,652.79,1363.045844,652.7855,26,
2026-04-01 09:10:00,652.7763,652.8067,652.5,652.57,2372.211805,652.6266,82,
2026-04-01 09:11:00,652.5,652.58,652.49,652.58,12984.066427,652.5138,138,
2026-04-01 09:12:00,652.48,652.7896,652.47,652.7896,2647.047499,652.53,42,
2026-04-01 09:13:00,652.68,652.68,652.52,652.66,456.009747,652.639,32,
2026-04-01 09:14:00,652.6,652.65,652.6,652.65,633.053188,652.7021,25,
2026-04-01 09:16:00,652.61,652.61,652.61,652.61,66.068953,653.2812,9,
2026-04-01 09:17:00,652.57,652.67,652.54,652.54,1633.030672,652.598,34,
2026-04-01 09:18:00,652.54,652.54,652.38,652.4,2775.26344,652.5074,49,
2026-04-01 09:19:00,652.3898,652.46,652.33,652.33,327.035742,652.465,20,
2026-04-01 09:20:00,652.41,652.41,652.19,652.2,9370.786665,652.3262,136,
2026-04-01 09:21:00,652.16,652.24,652.01,652.01,607.043003,652.1857,37,
2026-04-01 09:22:00,652.02,652.11,651.98,652.01,22010.195825,652.0084,157,
2026-04-01 09:23:00,652.0,652.07,651.97,652.07,3703.609268,652.1133,36,
2026-04-01 09:24:00,652.17,652.18,652.04,652.16,2353.685426,652.3341,30,
2026-04-01 09:25:00,652.38,652.54,652.38,652.53,608.052246,652.4957,32,
2026-04-01 09:26:00,652.53,652.53,652.37,652.37,666.029793,652.429,18,
2026-04-01 09:27:00,652.42,652.5,652.42,652.5,676.048378,652.4838,28,
2026-04-01 09:28:00,652.41,652.43,652.38,652.43,571.020444,652.4379,25,
2026-04-01 09:29:00,652.4,652.45,652.39,652.42,480.03059,652.4607,22,
2026-04-01 09:30:00,652.67,652.76,652.61,652.75,825.035866,652.6959,29,
2026-04-01 09:31:00,652.77,652.92,652.69,652.76,2615.039653,652.8384,50,
2026-04-01 09:32:00,652.81,652.86,652.76,652.77,1605.03068,652.8175,23,
2026-04-01 09:33:00,652.7,652.87,652.58,652.8357,2296.080228,652.7353,37,
2026-04-01 09:34:00,652.93,652.93,652.86,652.86,1058.21133,652.9923,15,
2026-04-01 09:35:00,652.81,652.91,652.81,652.91,354.020385,652.8817,12,
2026-04-01 09:36:00,653.0,653.17,653.0,653.16,2281.075854,653.0884,52,
2026-04-01 09:37:00,653.08,653.13,653.06,653.07,3654.030573,653.1017,49,
2026-04-01 09:39:00,653.16,653.16,653.05,653.05,219.030561,653.1841,22,
2026-04-01 09:40:00,653.02,653.07,652.99,652.99,1968.344422,653.1667,38,
2026-04-01 09:41:00,653.01,653.06,653.01,653.06,1145.033441,653.0435,33,
2026-04-01 09:42:00,653.02,653.03,652.97,653.03,1147.010183,653.0125,21,
2026-04-01 09:43:00,653.1,653.1,653.1,653.1,152.010166,653.1433,5,
2026-04-01 09:44:00,653.09,653.09,652.97,653.05,1489.991955,653.4713,36,
2026-04-01 09:45:00,653.08,653.35,653.08,653.18,7003.051158,653.1426,64,
2026-04-01 09:46:00,653.18,653.18,653.11,653.11,4074.04589,653.1851,33,
2026-04-01 09:47:00,653.36,653.37,653.36,653.37,715.015303,653.3772,21,
2026-04-01 09:48:00,653.6,653.66,653.5,653.5,1886.177997,653.6449,43,
2026-04-01 09:49:00,653.62,653.62,653.62,653.62,184.01513,653.6408,16,
2026-04-01 09:50:00,653.72,653.97,653.72,653.9274,3014.07145,653.8444,79,
2026-04-01 09:51:00,653.78,653.78,653.67,653.73,1567.130019,653.7607,37,
2026-04-01 09:52:00,653.79,653.86,653.74,653.75,3041.175418,653.8446,47,
2026-04-01 09:53:00,653.77,653.77,653.75,653.75,2574.020251,653.7556,17,
2026-04-01 09:54:00,653.72,653.72,653.67,653.67,209.053038,653.858,22,
2026-04-01 09:55:00,653.73,653.73,653.36,653.39,3143.146847,653.5172,28,
2026-04-01 09:56:00,653.36,653.36,653.34,653.34,892.225955,653.5216,34,
2026-04-01 09:57:00,653.55,654.01,653.55,653.8,5652.879255,653.8418,88,
2026-04-01 09:58:00,653.49,653.73,653.47,653.5,2028.143836,653.6716,56,
2026-04-01 09:59:00,653.58,653.58,653.57,653.57,625.921198,654.5398,12,
2026-04-01 10:00:00,653.52,653.88,653.52,653.88,4996.07624,653.6323,81,
2026-04-01 10:01:00,653.93,653.93,653.64,653.66,2875.05119,653.7196,42,
2026-04-01 10:02:00,653.66,653.67,653.53,653.67,2060.66052,653.7786,23,
2026-04-01 10:03:00,653.77,653.77,653.73,653.74,848.030038,653.7513,24,
2026-04-01 10:04:00,653.73,653.73,653.31,653.35,4289.173466,653.5192,78,
2026-04-01 10:05:00,653.47,653.47,653.37,653.37,4902.09183,653.409,60,
2026-04-01 10:06:00,653.39,653.39,653.39,653.39,235.051516,653.5396,19,
2026-04-01 10:07:00,653.41,653.44,653.36,653.39,3257.063366,653.3909,36,
2026-04-01 10:08:00,653.3014,653.43,653.3014,653.43,477.015258,653.3675,14,
2026-04-01 10:09:00,653.47,653.49,653.27,653.27,506.035766,653.4854,27,
2026-04-01 10:10:00,653.23,653.34,653.18,653.31,10230.030629,653.2502,75,
2026-04-01 10:11:00,653.39,653.39,653.39,653.39,1193.040724,653.407,14,
2026-04-01 10:12:00,653.39,653.65,653.39,653.61,3471.421439,653.5644,42,
2026-04-01 10:13:00,653.66,653.8467,653.66,653.76,749.035148,653.802,26,
2026-04-01 10:14:00,653.76,653.8,653.66,653.66,2579.020696,653.7844,31,
2026-04-01 10:15:00,653.72,653.73,653.6996,653.6996,662.089545,653.7863,27,
2026-04-01 10:16:00,653.61,653.68,653.61,653.68,252.061298,653.816,15,
2026-04-01 10:17:00,653.77,653.83,653.77,653.83,184.030345,653.9059,13,
2026-04-01 10:18:00,653.71,653.77,653.7,653.7471,707.102888,653.8224,21,
2026-04-01 10:19:00,653.69,653.77,653.65,653.71,3713.043246,653.6713,30,
2026-04-01 10:20:00,653.89,653.9,653.74,653.74,660.065688,653.8596,25,
2026-04-01 10:21:00,653.72,653.87,653.72,653.87,259.179774,654.2481,20,
2026-04-01 10:22:00,653.95,653.96,653.7,653.71,826.024242,653.9071,28,
2026-04-01 10:24:00,653.81,653.81,653.73,653.73,185.01528,653.8331,16,
2026-04-01 10:25:00,653.61,653.61,653.41,653.5,1849.045946,653.4775,44,
2026-04-01 10:26:00,653.48,653.52,653.27,653.46,8417.081487,653.4246,132,
2026-04-01 10:27:00,653.55,653.56,653.55,653.56,613.784623,654.3946,13,
2026-04-01 10:28:00,653.4739,653.4739,653.4739,653.4739,127.045114,653.7067,13,
2026-04-01 10:29:00,653.5,653.6,653.5,653.53,517.02474,653.5573,16,
2026-04-01 10:30:00,653.7,653.76,653.7,653.76,223.051042,653.8929,19,
2026-04-01 10:31:00,653.68,653.72,653.68,653.72,675.02969,653.7388,12,
2026-04-01 10:32:00,653.82,653.82,653.59,653.59,325.191599,654.0887,23,
2026-04-01 10:33:00,653.54,653.58,653.45,653.45,1112.080061,653.6003,23,
2026-04-01 10:34:00,653.47,653.47,653.39,653.39,2892.083741,653.4632,35,
2026-04-01 10:36:00,653.44,653.44,653.4,653.4,672.020322,653.4508,12,
2026-04-01 10:38:00,653.58,653.58,653.58,653.58,71.651547,659.5497,12,
2026-04-01 10:39:00,653.55,653.91,653.55,653.91,10397.040808,653.7232,116,
2026-04-01 10:40:00,653.82,653.99,653.75,653.83,8634.535556,653.9453,162,
2026-04-01 10:41:00,653.8382,654.03,653.83,654.03,19106.073749,653.9449,194,
2026-04-01 10:42:00,654.05,654.05,653.92,653.97,1317.030487,654.0173,26,
2026-04-01 10:43:00,653.92,653.93,653.81,653.81,2044.016821,653.9173,22,
2026-04-01 10:44:00,653.96,654.01,653.96,654.01,774.060411,654.0404,28,
2026-04-01 10:45:00,654.01,654.26,654.01,654.26,5409.039514,654.1358,81,
2026-04-01 10:46:00,654.32,654.69,654.32,654.5241,9108.114732,654.5167,134,
2026-04-01 10:47:00,654.63,654.73,654.53,654.72,3479.029557,654.6267,59,
2026-04-01 10:48:00,654.65,654.84,654.65,654.67,5085.10933,654.7545,83,
2026-04-01 10:49:00,654.62,654.85,654.58,654.85,4060.045557,654.6958,78,
2026-04-01 10:50:00,654.85,655.0,654.81,654.93,9357.364785,654.9309,160,
2026-04-01 10:51:00,654.94,655.05,654.93,655.02,2593.025296,655.0076,52,
2026-04-01 10:52:00,654.96,654.97,654.87,654.87,2040.247271,655.026,39,
2026-04-01 10:53:00,654.85,654.92,654.8,654.8,568.030495,654.8631,27,
2026-04-01 10:54:00,654.71,654.71,654.66,654.66,282.020189,654.7307,14,
2026-04-01 10:55:00,654.77,654.77,654.39,654.39,7597.104944,654.5596,158,
2026-04-01 10:56:00,654.4,654.54,654.4,654.53,356.098591,654.6294,27,
2026-04-01 10:57:00,654.53,654.76,654.53,654.6868,4070.232926,654.6946,59,
2026-04-01 10:58:00,654.67,654.75,654.66,654.71,6426.930126,654.789,49,
2026-04-01 10:59:00,654.8,655.09,654.8,655.02,6655.104302,655.0249,92,
2026-04-01 11:00:00,654.84,654.96,654.7693,654.79,22687.084317,654.8445,183,
2026-04-01 11:01:00,654.7924,654.87,654.7378,654.87,12993.155555,654.8419,93,
2026-04-01 11:02:00,654.815,655.0,654.77,655.0,19058.02516,654.8782,141,
2026-04-01 11:03:00,654.95,655.15,654.88,655.06,9079.332632,655.1039,148,
2026-04-01 11:04:00,655.05,655.2042,654.9991,655.17,8469.30558,655.1243,103,
2026-04-01 11:05:00,655.13,655.21,655.12,655.19,11693.015231,655.1736,88,
2026-04-01 11:06:00,655.15,655.2234,655.12,655.12,1168.046754,655.1904,49,
2026-04-01 11:07:00,655.19,655.19,655.0,655.0357,4457.038646,655.0497,69,
2026-04-01 11:08:00,655.05,655.2416,655.05,655.2,17027.044475,655.1168,122,
2026-04-01 11:09:00,655.2,655.2398,655.1554,655.189,2047.231801,655.2801,53,
2026-04-01 11:10:00,655.1,655.189,655.02,655.02,1932.047229,655.1046,58,
2026-04-01 11:11:00,655.0,655.14,654.98,655.14,2612.010104,655.0709,62,
2026-04-01 11:12:00,655.16,655.22,655.1391,655.21,2126.035216,655.1946,27,
2026-04-01 11:13:00,655.17,655.22,655.15,655.15,16352.813577,655.1876,124,
2026-04-01 11:14:00,655.17,655.38,655.15,655.31,5206.015214,655.3068,92,
2026-04-01 11:15:00,655.34,655.57,655.33,655.48,20433.058697,655.4738,321,
2026-04-01 11:16:00,655.36,655.45,650.34,655.35,8519.055768,655.0595,125,
2026-04-01 11:17:00,655.28,655.32,655.25,655.29,2652.010071,655.2881,59,
2026-04-01 11:18:00,655.26,655.26,655.15,655.2,7563.256338,655.1898,116,
2026-04-01 11:19:00,655.32,655.51,655.32,655.5,9373.654457,655.4974,189,
2026-04-01 11:20:00,655.55,655.55,655.34,655.37,3080.029001,655.4557,67,
2026-04-01 11:21:00,655.4,655.54,655.35,655.4,16963.023706,655.4414,222,
2026-04-01 11:22:00,655.37,655.37,655.17,655.25,12226.221211,655.2109,160,
2026-04-01 11:23:00,655.2501,655.38,655.24,655.38,1373.015121,655.3074,43,
2026-04-01 11:24:00,655.2994,655.47,655.21,655.3,3363.040083,655.3412,67,
2026-04-01 11:25:00,655.32,655.59,655.27,655.59,3705.077353,655.4194,62,
2026-04-01 11:26:00,655.58,655.62,655.42,655.56,5317.037554,655.5403,114,
2026-04-01 11:27:00,655.53,655.53,655.35,655.48,4147.050436,655.4644,81,
2026-04-01 11:28:00,655.45,655.54,655.31,655.33,12515.344707,655.4857,186,
2026-04-01 11:29:00,655.3,655.37,655.26,655.32,5514.023911,655.3199,79,
2026-04-01 11:30:00,655.36,655.56,655.25,655.54,11812.092416,655.3793,224,
2026-04-01 11:31:00,655.46,655.54,655.36,655.48,15262.037346,655.4576,206,
2026-04-01 11:32:00,655.48,655.6,655.41,655.43,7862.789838,655.5392,113,
2026-04-01 11:33:00,655.41,655.49,655.35,655.35,4061.207956,655.4222,54,
2026-04-01 11:34:00,655.38,655.63,655.35,655.63,18278.065811,655.4464,243,
2026-04-01 11:35:00,655.6196,655.75,655.52,655.63,10537.172571,655.6597,195,
2026-04-01 11:36:00,655.67,655.85,655.6365,655.6497,4096.053652,655.74,115,
2026-04-01 11:37:00,655.62,655.83,655.579,655.83,4139.63602,655.8337,114,
2026-04-01 11:38:00,655.81,655.99,655.78,655.96,10128.607613,655.8974,140,
2026-04-01 11:39:00,655.96,656.03,655.96,655.9686,9793.555008,656.029,124,
2026-04-01 11:40:00,655.91,655.98,655.85,655.88,4818.969198,656.0323,78,
2026-04-01 11:41:00,655.96,655.99,655.8865,655.8865,7506.319007,655.969,94,
2026-04-01 11:42:00,655.95,655.95,655.55,655.55,38850.760189,655.7166,673,
2026-04-01 11:43:00,655.52,655.67,655.5,655.6405,55597.047291,655.5154,289,
2026-04-01 11:44:00,655.65,655.8083,655.65,655.8019,1503.044278,655.7562,64,
2026-04-01 11:45:00,655.73,655.73,655.55,655.6545,5852.055361,655.6678,115,
2026-04-01 11:46:00,655.66,655.75,655.65,655.65,1098.111273,655.7418,47,
2026-04-01 11:47:00,655.6503,655.6503,655.5,655.5,3897.010158,655.6301,158,
2026-04-01 11:48:00,655.54,655.61,655.54,655.55,1992.647134,655.7952,57,
2026-04-01 11:49:00,655.6,655.7509,655.5,655.72,17301.082544,655.6174,184,
2026-04-01 11:50:00,655.76,655.84,655.74,655.78,6374.015064,655.7774,110,
2026-04-01 11:51:00,655.78,655.82,655.72,655.82,1418.559369,656.0221,49,
2026-04-01 11:52:00,655.79,656.05,655.79,656.05,3048.024523,655.9207,86,
2026-04-01 11:53:00,656.07,656.1,655.93,655.95,2158.050996,656.0212,64,
2026-04-01 11:54:00,655.96,655.9896,655.81,655.97,2116.119757,655.9777,59,
2026-04-01 11:55:00,656.0,656.1748,656.0,656.15,1060.281628,656.2563,71,
2026-04-01 11:56:00,656.1099,656.16,656.07,656.07,4839.030053,656.1295,80,
2026-04-01 11:57:00,656.03,656.21,655.9291,656.21,11422.124923,656.072,109,
2026-04-01 11:58:00,656.2184,656.26,656.12,656.12,14216.517892,656.182,111,
2026-04-01 11:59:00,656.12,656.1296,655.99,656.04,4880.045085,656.081,74,
2026-04-01 12:00:00,655.99,656.155,652.04,655.97,9270.077819,655.0265,168,
2026-04-01 12:01:00,656.0014,656.05,655.8737,656.05,5040.977861,656.087,524,
2026-04-01 12:02:00,653.31,656.0897,653.31,655.9,11454.244093,655.3978,177,
2026-04-01 12:03:00,655.89,655.89,655.63,655.64,3107.577255,655.8902,96,
2026-04-01 12:04:00,655.66,655.83,651.55,655.7,11391.056128,655.4528,173,
2026-04-01 12:05:00,655.7,655.98,651.32,655.87,14513.56142,655.4565,220,
2026-04-01 12:06:00,655.77,656.05,655.77,655.98,3102.031535,655.9695,80,
2026-04-01 12:07:00,655.94,655.94,655.8,655.82,3037.527159,656.0013,96,
2026-04-01 12:08:00,655.8,655.8,655.53,655.53,13341.250486,655.6195,159,
2026-04-01 12:09:00,655.54,655.64,655.49,655.6,14972.504064,655.5891,137,
2026-04-01 12:10:00,655.64,655.64,655.5,655.5,14165.295218,655.5289,117,
2026-04-01 12:11:00,655.47,655.585,655.39,655.41,3593.693915,655.6235,102,
2026-04-01 12:12:00,655.44,655.46,655.35,655.35,7702.943829,655.4991,112,
2026-04-01 12:13:00,655.35,655.39,655.26,655.28,14600.455601,655.2816,94,
2026-04-01 12:14:00,655.27,655.39,655.2265,655.31,19464.831992,654.1372,151,
2026-04-01 12:15:00,655.35,655.47,655.25,655.38,5456.825614,655.4349,88,
2026-04-01 12:16:00,655.37,655.57,655.27,655.42,4421.565811,655.4848,121,
2026-04-01 12:17:00,655.36,655.38,655.2,655.2339,3537.198651,655.2846,82,
2026-04-01 12:18:00,655.26,655.35,655.26,655.31,1302.046043,655.3465,44,
2026-04-01 12:19:00,655.33,655.36,655.2865,655.2952,2704.473567,655.4409,74,
2026-04-01 12:20:00,655.31,655.31,655.07,655.171,7793.403988,655.1833,117,
2026-04-01 12:21:00,655.21,655.22,654.88,654.96,29080.007591,655.0307,343,
2026-04-01 12:22:00,654.94,654.97,654.7,654.8,18527.91524,654.8421,201,
2026-04-01 12:23:00,654.7909,655.0,654.75,654.9609,5076.71364,654.9278,94,
2026-04-01 12:24:00,654.85,654.87,654.81,654.8623,6379.843356,654.9316,103,
2026-04-01 12:25:00,654.86,654.87,654.7871,654.81,10237.436112,654.8576,116,
2026-04-01 12:26:00,654.77,654.77,654.52,654.57,13221.915007,654.7165,168,
2026-04-01 12:27:00,654.57,654.6303,654.25,654.4,62012.763976,654.3827,558,
2026-04-01 12:28:00,654.38,654.71,654.21,654.7,24067.269427,654.3709,212,
2026-04-01 12:29:00,654.78,654.86,654.7406,654.8,6925.068059,654.8154,105,
2026-04-01 12:30:00,654.77,655.1,654.6,654.74,23245.257905,654.7362,241,
2026-04-01 12:31:00,654.7,654.71,654.49,654.59,19318.481743,654.6183,247,
2026-04-01 12:32:00,654.59,654.7,654.5,654.51,8987.658567,654.612,114,
2026-04-01 12:33:00,654.54,654.68,654.4393,654.48,7015.462745,654.6093,127,
2026-04-01 12:34:00,654.41,654.58,654.3907,654.58,1682.454187,654.666,69,
2026-04-01 12:35:00,654.5729,654.75,654.55,654.6996,4264.976076,654.8172,105,
2026-04-01 12:36:00,654.71,654.71,654.26,654.34,11549.555142,654.4605,171,
2026-04-01 12:37:00,654.31,654.31,653.86,653.86,52744.779783,654.0167,576,
2026-04-01 12:38:00,653.79,654.0,653.67,653.93,44396.94769,653.7745,343,
2026-04-01 12:39:00,653.92,654.11,650.34,653.97,21919.525562,653.9649,198,
2026-04-01 12:40:00,653.91,654.4,653.86,654.37,21186.836981,654.1339,248,
2026-04-01 12:41:00,654.33,654.33,654.14,654.141,7304.487855,654.2797,122,
2026-04-01 12:42:00,654.12,654.27,654.07,654.157,13003.488714,654.1904,158,
2026-04-01 12:43:00,654.13,654.17,653.96,653.96,14474.213458,654.0194,156,
2026-04-01 12:44:00,654.09,657.5,653.9,655.54,387308.062722,655.7754,4649,
2026-04-01 12:45:00,655.85,657.21,653.57,655.0,635026.883941,655.3766,5588,
2026-04-01 12:46:00,655.13,655.3,654.04,654.49,141114.76592,654.6258,972,
2026-04-01 12:47:00,654.4621,654.71,654.14,654.4783,63632.098506,654.414,604,
2026-04-01 12:48:00,654.465,654.57,653.43,653.5,101681.025473,653.8493,834,
2026-04-01 12:49:00,653.47,653.65,652.98,653.53,122209.480677,653.3334,929,
2026-04-01 12:50:00,653.49,653.97,653.23,653.5,68780.538784,653.6167,545,
2026-04-01 12:51:00,653.47,653.8,652.87,652.95,70029.285435,653.1785,614,
2026-04-01 12:52:00,653.02,653.42,652.95,653.3,54408.779273,653.2273,470,
2026-04-01 12:53:00,653.27,653.3617,652.94,653.16,47177.323437,653.1514,335,
2026-04-01 12:54:00,653.072,653.13,652.68,652.83,59557.179271,652.8214,536,
2026-04-01 12:55:00,652.83,653.17,652.58,653.05,60657.261145,652.8606,469,
2026-04-01 12:56:00,653.05,653.3,652.84,652.96,92160.079122,653.1532,626,
2026-04-01 12:57:00,653.0,653.21,652.81,652.91,21490.996213,653.0555,206,
2026-04-01 12:58:00,652.9191,652.99,652.69,652.69,31293.895122,652.8606,256,
2026-04-01 12:59:00,652.77,652.9792,652.62,652.8395,45231.153283,652.7304,373,
2026-04-01 13:00:00,652.88,653.0,652.7214,652.76,22927.061814,652.8493,240,
2026-04-01 13:01:00,652.77,652.77,652.45,652.72,41325.241886,652.5766,406,
2026-04-01 13:02:00,652.8,652.91,652.6199,652.76,11377.501222,652.7667,158,
2026-04-01 13:03:00,652.74,652.9822,652.73,652.83,11334.522298,652.9073,149,
2026-04-01 13:04:00,652.85,652.85,652.46,652.63,27323.874039,652.6098,281,
2026-04-01 13:05:00,652.616,652.7,652.3861,652.49,39333.006189,652.5262,371,
2026-04-01 13:06:00,652.53,652.53,652.29,652.33,59561.298566,652.3721,445,
2026-04-01 13:07:00,652.35,652.67,652.32,652.57,42197.242857,652.5099,338,
2026-04-01 13:08:00,652.55,652.64,652.37,652.58,37786.596344,652.5339,242,
2026-04-01 13:09:00,652.56,652.7387,652.45,652.7387,31166.581529,652.5986,257,
2026-04-01 13:10:00,652.7,653.11,652.64,652.9,80394.346129,652.8954,968,
2026-04-01 13:11:00,652.96,653.34,652.74,653.2535,51201.825968,653.1108,524,
2026-04-01 13:12:00,653.26,653.31,652.9,653.28,36193.873988,653.2031,459,
2026-04-01 13:13:00,653.28,653.53,653.24,653.2782,52275.680411,653.4376,575,
2026-04-01 13:14:00,653.26,653.34,652.91,652.92,37036.685902,653.0925,601,
2026-04-01 13:15:00,652.9,653.12,652.85,653.12,33050.66495,652.999,250,
2026-04-01 13:16:00,653.06,653.53,653.06,653.53,22803.397142,653.3046,263,
2026-04-01 13:17:00,653.53,653.53,653.37,653.46,16033.673175,653.483,213,
2026-04-01 13:18:00,653.41,653.75,653.35,653.46,69723.980296,653.6431,623,
2026-04-01 13:19:00,653.35,653.6,653.34,653.55,6275.723726,653.5585,133,
2026-04-01 13:20:00,653.58,653.62,653.35,653.5,27724.407396,653.4979,260,
2026-04-01 13:21:00,653.53,653.57,652.91,653.01,41164.616443,653.1583,438,
2026-04-01 13:22:00,653.02,653.39,652.8,653.38,19056.03127,653.1542,282,
2026-04-01 13:23:00,653.37,653.44,653.28,653.3742,6230.071832,653.3971,167,
2026-04-01 13:24:00,653.38,653.48,653.35,653.36,24687.143248,653.4233,173,
2026-04-01 13:25:00,653.43,653.6,653.09,653.33,26095.558152,653.3159,225,
2026-04-01 13:26:00,653.36,653.6,653.3,653.48,38777.693046,653.4761,276,
2026-04-01 13:27:00,653.51,653.87,653.51,653.85,49160.933488,653.7453,605,
2026-04-01 13:28:00,653.84,653.85,653.65,653.85,32498.42785,653.7814,256,
2026-04-01 13:29:00,653.85,653.88,653.66,653.83,192862.655421,653.7585,1014,
2026-04-01 13:30:00,653.9,654.42,653.74,654.18,1908168.645015,653.9408,15212,
2026-04-01 13:31:00,654.17,654.29,653.49,653.91,665618.600895,653.91,8530,
2026-04-01 13:32:00,653.92,654.98,653.87,654.9487,563397.175753,654.5048,7591,
2026-04-01 13:33:00,654.94,655.12,654.71,655.09,532762.628944,654.8679,8143,
2026-04-01 13:34:00,655.08,655.42,654.88,654.99,530856.975627,655.1073,7756,
2026-04-01 13:35:00,654.98,655.155,654.58,655.11,395337.252002,654.8767,6738,
2026-04-01 13:36:00,655.09,655.6,655.0,655.3051,391567.945035,655.3581,6417,
2026-04-01 13:37:00,655.28,655.47,655.03,655.45,351141.965049,655.2378,5791,
2026-04-01 13:38:00,655.465,655.87,655.46,655.825,424366.595662,655.6834,5851,
2026-04-01 13:39:00,655.8,656.05,655.63,655.84,325374.975377,655.8383,5499,
2026-04-01 13:40:00,655.84,655.86,655.18,655.25,415238.679896,655.4431,6407,
2026-04-01 13:41:00,655.25,655.38,654.99,655.04,306240.807432,655.1787,5230,
2026-04-01 13:42:00,655.05,655.4575,653.91,654.06,766862.136527,654.6058,10599,
2026-04-01 13:43:00,654.07,654.15,653.36,653.42,580540.897481,653.7212,7774,
2026-04-01 13:44:00,653.4001,653.99,653.4,653.97,420137.776452,653.7074,6190,
2026-04-01 13:45:00,653.95,654.49,653.7,653.79,414488.076249,654.0839,5981,
2026-04-01 13:46:00,653.74,653.91,653.55,653.65,336489.42409,653.7244,5222,
2026-04-01 13:47:00,653.64,653.7,653.15,653.17,401928.331458,653.4386,6189,
2026-04-01 13:48:00,653.18,653.66,653.04,653.26,402310.273125,653.3038,6398,
2026-04-01 13:49:00,653.26,653.39,653.0,653.23,391036.102642,653.1905,6070,
2026-04-01 13:50:00,653.23,653.78,653.02,653.71,385463.137696,653.3104,5605,
2026-04-01 13:51:00,653.72,654.28,653.67,654.06,299023.313637,654.0523,4976,
2026-04-01 13:52:00,654.06,654.36,653.7,654.24,338046.623761,654.0409,6204,
2026-04-01 13:53:00,654.26,654.859,654.2,654.44,275927.332845,654.4843,4495,
2026-04-01 13:54:00,654.41,654.48,653.89,653.93,242649.657613,654.1765,4379,
2026-04-01 13:55:00,653.95,654.3,653.65,654.19,214466.508326,653.8763,3884,
2026-04-01 13:56:00,654.18,654.34,653.76,653.92,191126.986651,654.0138,3501,
2026-04-01 13:57:00,653.93,654.58,653.85,654.065,180362.94076,654.2533,2957,
2026-04-01 13:58:00,654.08,654.31,653.99,654.26,154980.793762,654.148,2375,
2026-04-01 13:59:00,654.21,654.33,653.92,654.29,132610.366277,654.1253,2566,
2026-04-01 14:00:00,654.3,654.79,653.89,654.23,292782.103589,654.3797,5442,
2026-04-01 14:01:00,654.19,655.01,654.17,654.715,260893.948221,654.5639,4663,
2026-04-01 14:02:00,654.71,654.905,654.54,654.82,208480.772046,654.7428,3830,
2026-04-01 14:03:00,654.8,655.18,654.64,654.77,274906.853104,654.9409,4552,
2026-04-01 14:04:00,654.75,654.96,654.42,654.65,197694.299301,654.7026,3385,
2026-04-01 14:05:00,654.67,655.03,654.58,654.72,204825.498966,654.8004,3515,
2026-04-01 14:06:00,654.71,654.725,653.96,654.34,243242.34464,654.2729,3809,
2026-04-01 14:07:00,654.33,655.1,654.28,654.835,267921.695152,654.7624,4350,
2026-04-01 14:08:00,654.83,655.28,654.73,655.07,223475.977288,655.0299,3567,
2026-04-01 14:09:00,655.08,655.17,654.58,654.8,199089.090763,654.8825,3555,
2026-04-01 14:10:00,654.79,654.92,654.27,654.625,202417.982782,654.5521,3554,
2026-04-01 14:11:00,654.55,654.55,654.02,654.0399,240745.091664,654.21,4063,
2026-04-01 14:12:00,654.03,654.72,654.0,654.5412,231422.140569,654.4642,4481,
2026-04-01 14:13:00,654.52,654.57,654.14,654.3,157187.855508,654.301,3248,
2026-04-01 14:14:00,654.32,654.67,654.25,654.59,178143.732282,654.4723,3585,
2026-04-01 14:15:00,654.56,655.02,654.53,654.88,178752.987144,654.8206,3412,
2026-04-01 14:16:00,654.88,654.92,654.47,654.65,149219.108102,654.7069,2793,
2026-04-01 14:17:00,654.65,654.7901,654.26,654.39,154909.544358,654.5234,2886,
2026-04-01 14:18:00,654.38,654.685,654.35,654.56,122643.040953,654.518,2486,
2026-04-01 14:19:00,654.54,654.77,654.2399,654.73,161256.370759,654.5194,2951,
2026-04-01 14:20:00,654.72,654.88,654.28,654.38,325520.094428,654.522,4895,
2026-04-01 14:21:00,654.39,655.075,654.36,654.96,256966.819637,654.8046,3782,
2026-04-01 14:22:00,654.95,655.47,654.84,655.21,302277.863523,655.233,4781,
2026-04-01 14:23:00,655.19,655.19,654.79,655.07,194963.911984,654.9891,3422,
2026-04-01 14:24:00,655.07,655.1099,654.24,654.62,244083.0738,654.7005,3961,
2026-04-01 14:25:00,654.6,654.97,654.465,654.89,156449.491054,654.6817,2921,
2026-04-01 14:26:00,654.92,654.97,654.35,654.42,180672.336387,654.5402,3328,
2026-04-01 14:27:00,654.42,654.73,654.36,654.59,126309.217373,654.572,2390,
2026-04-01 14:28:00,654.57,655.08,654.55,654.86,467353.740617,654.7049,3196,
2026-04-01 14:29:00,654.86,655.09,654.83,655.03,306700.20398,654.9896,3933,
2026-04-01 14:30:00,655.03,655.37,654.94,655.35,197315.592984,655.1412,3899,
2026-04-01 14:31:00,655.34,655.595,655.24,655.46,193726.480158,655.4426,3680,
2026-04-01 14:32:00,655.465,655.52,655.05,655.065,195008.634504,655.3197,3918,
2026-04-01 14:33:00,655.06,655.14,654.45,654.72,453093.048198,654.7745,4807,
2026-04-01 14:34:00,654.73,654.83,654.42,654.52,180812.479649,654.679,3288,
2026-04-01 14:35:00,654.53,654.5551,654.06,654.22,214929.699217,654.3217,3740,
2026-04-01 14:36:00,654.21,654.27,653.7,654.1,289921.293406,653.9697,4485,
2026-04-01 14:37:00,654.09,654.325,653.58,654.295,242698.85707,654.1197,4067,
2026-04-01 14:38:00,654.28,655.04,654.25,654.78,245079.924116,654.7552,4219,
2026-04-01 14:39:00,654.78,656.3,654.76,655.49,651869.895817,655.5642,9501,
2026-04-01 14:40:00,655.49,655.4901,654.5,654.93,349649.537349,654.9012,6000,
2026-04-01 14:41:00,654.97,655.25,654.8,655.19,178451.539571,655.0531,2991,
2026-04-01 14:42:00,655.21,655.95,655.1598,655.72,271589.125949,655.4463,4072,
2026-04-01 14:43:00,655.71,656.04,655.41,655.58,334628.788866,655.6681,5239,
2026-04-01 14:44:00,655.59,655.74,655.39,655.65,185281.228834,655.5282,2964,
2026-04-01 14:45:00,655.64,655.82,655.4,655.6125,165645.613228,655.5535,2952,
2026-04-01 14:46:00,655.62,655.64,655.02,655.32,220911.551933,655.3934,3623,
2026-04-01 14:47:00,655.32,655.7,655.181,655.64,156601.064483,655.4023,2521,
2026-04-01 14:48:00,655.63,655.85,655.63,655.85,105050.440746,655.7423,2274,
2026-04-01 14:49:00,655.85,656.36,655.79,656.19,237571.286533,655.9742,3840,
2026-04-01 14:50:00,656.19,656.26,656.03,656.1099,195701.696251,656.15,3316,
2026-04-01 14:51:00,656.11,656.32,655.74,656.13,209020.984216,656.0641,3789,
2026-04-01 14:52:00,656.14,656.47,656.14,656.34,178582.640497,656.2947,3157,
2026-04-01 14:53:00,656.33,656.85,656.3241,656.69,255280.41041,656.5597,4372,
2026-04-01 14:54:00,656.68,656.76,656.45,656.522,176886.156695,656.6067,3144,
2026-04-01 14:55:00,656.52,656.5608,656.24,656.29,174652.391465,656.3716,3312,
2026-04-01 14:56:00,656.28,656.63,656.171,656.6099,160152.72386,656.3883,2912,
2026-04-01 14:57:00,656.6,656.77,656.47,656.55,218784.979066,656.603,3506,
2026-04-01 14:58:00,656.56,656.75,656.47,656.65,643774.459353,656.7096,2359,
2026-04-01 14:59:00,656.65,656.68,656.35,656.5,227813.985864,656.5169,3758,
2026-04-01 15:00:00,656.5,656.5899,656.31,656.58,176190.263305,656.4292,3240,
2026-04-01 15:01:00,656.58,656.74,656.47,656.64,233545.588826,656.6184,3827,
2026-04-01 15:02:00,656.6301,656.93,656.62,656.79,254859.362059,656.788,3745,
2026-04-01 15:03:00,656.79,656.92,656.635,656.725,168842.418664,656.781,3281,
2026-04-01 15:04:00,656.72,656.845,656.52,656.58,195385.437012,656.6822,3105,
2026-04-01 15:05:00,656.585,656.75,656.37,656.7,180271.319764,656.5529,3206,
2026-04-01 15:06:00,656.7,656.9799,656.38,656.57,209429.19753,656.7515,3945,
2026-04-01 15:07:00,656.58,657.02,656.5,656.965,117789.568257,656.8328,2299,
2026-04-01 15:08:00,656.96,656.99,656.795,656.94,148892.365311,656.9136,2735,
2026-04-01 15:09:00,656.94,657.07,656.93,656.97,133300.951336,656.9828,2443,
2026-04-01 15:10:00,656.97,657.01,656.59,656.61,236234.048093,656.7486,4153,
2026-04-01 15:11:00,656.6,656.9,656.54,656.81,151127.967175,656.7314,2921,
2026-04-01 15:12:00,656.8,656.92,656.57,656.8601,155539.654941,656.7623,2670,
2026-04-01 15:13:00,656.87,656.91,656.67,656.68,111832.268846,656.8132,2171,
2026-04-01 15:14:00,656.685,656.78,656.52,656.61,120870.281918,656.6403,2467,
2026-04-01 15:15:00,656.62,656.75,656.47,656.55,147360.764972,656.6042,2712,
2026-04-01 15:16:00,656.55,656.77,656.53,656.7,136685.670594,656.6319,2293,
2026-04-01 15:17:00,656.71,656.785,656.5,656.57,108195.739179,656.6265,1951,
2026-04-01 15:18:00,656.55,656.86,656.54,656.8458,102019.409978,656.7309,2115,
2026-04-01 15:19:00,656.83,656.94,656.78,656.94,95103.295045,656.8697,1892,
2026-04-01 15:20:00,656.905,656.97,656.82,656.85,94123.170793,656.8897,2048,
2026-04-01 15:21:00,656.87,657.01,656.6,656.64,132609.365254,656.8022,2451,
2026-04-01 15:22:00,656.65,656.94,656.64,656.91,113785.338933,656.8006,2202,
2026-04-01 15:23:00,656.91,657.03,656.88,656.9,88983.312659,656.9733,1961,
2026-04-01 15:24:00,656.9,656.905,656.49,656.675,172470.371987,656.7103,3285,
2026-04-01 15:25:00,656.67,656.72,656.54,656.69,118280.049428,656.6232,2398,
2026-04-01 15:26:00,656.69,656.94,656.66,656.84,118615.839523,656.7793,2351,
2026-04-01 15:27:00,656.85,656.86,656.47,656.59,148844.615655,656.6363,2712,
2026-04-01 15:28:00,656.58,656.8201,656.39,656.68,170479.442849,656.5718,3131,
2026-04-01 15:29:00,656.69,656.69,656.33,656.33,187823.867659,656.4883,3200,
2026-04-01 15:30:00,656.33,656.38,655.93,656.05,281302.045277,656.0905,4570,
2026-04-01 15:31:00,656.03,656.66,656.03,656.57,146554.840018,656.4001,2577,
2026-04-01 15:32:00,656.57,656.64,656.32,656.505,128054.751852,656.455,2448,
2026-04-01 15:33:00,656.5,656.52,656.3,656.405,134878.631264,656.3854,2372,
2026-04-01 15:34:00,656.41,656.55,656.23,656.505,143378.919107,656.3832,2589,
2026-04-01 15:35:00,656.51,656.98,656.47,656.825,188504.120619,656.801,3514,
2026-04-01 15:36:00,656.83,657.1599,656.75,657.1,215460.437005,656.8994,3674,
2026-04-01 15:37:00,657.09,657.34,656.9,656.9697,179994.446597,657.1724,3181,
2026-04-01 15:38:00,656.95,657.01,656.7801,656.92,140576.775997,656.8873,2167,
2026-04-01 15:39:00,656.91,657.0997,656.87,657.0997,87974.761811,656.97,1693,
2026-04-01 15:40:00,657.09,657.09,656.67,656.72,91736.432361,656.874,1995,
2026-04-01 15:41:00,656.73,656.94,656.73,656.75,86424.43106,656.8253,1878,
2026-04-01 15:42:00,656.76,657.03,656.75,656.98,89241.726039,656.8902,1727,
2026-04-01 15:43:00,656.98,657.142,656.91,657.14,126764.096976,657.0289,1959,
2026-04-01 15:44:00,657.1499,657.28,657.08,657.21,90745.524674,657.2047,1741,
2026-04-01 15:45:00,657.22,657.48,657.19,657.24,166751.721745,657.3245,2519,
2026-04-01 15:46:00,657.25,657.34,657.07,657.08,79492.183815,657.206,1661,
2026-04-01 15:47:00,657.1,657.37,657.02,657.325,125787.970321,657.1449,1959,
2026-04-01 15:48:00,657.32,657.34,657.15,657.208,98371.305051,657.2398,1716,
2026-04-01 15:49:00,657.2,657.33,657.18,657.21,98603.755617,657.2614,1819,
2026-04-01 15:50:00,657.21,657.36,657.09,657.155,98969.114373,657.1973,1821,
2026-04-01 15:51:00,657.16,657.38,657.05,657.26,88185.856615,657.2599,1614,
2026-04-01 15:52:00,657.25,657.43,657.25,657.31,110690.628389,657.3725,1649,
2026-04-01 15:53:00,657.32,657.61,657.32,657.54,150521.665098,657.4986,2526,
2026-04-01 15:54:00,657.53,657.6,657.44,657.5,63806.484197,657.5173,1316,
2026-04-01 15:55:00,657.495,657.68,657.47,657.65,157585.34478,657.6027,2447,
2026-04-01 15:56:00,657.65,658.03,657.645,657.85,313954.094014,657.874,4361,
2026-04-01 15:57:00,657.85,658.025,657.84,657.935,296761.295744,657.9426,3848,
2026-04-01 15:58:00,657.935,658.095,657.92,658.02,246865.883935,658.0018,3089,
2026-04-01 15:59:00,658.03,658.03,657.8,657.82,179758.457284,657.9195,2667,
2026-04-01 16:00:00,657.815,657.91,657.7441,657.795,87722.053513,657.831,1725,
2026-04-01 16:01:00,657.79,657.93,657.76,657.93,93783.471087,657.8485,1662,
2026-04-01 16:02:00,657.93,658.0,657.84,657.845,126363.893247,657.9282,2020,
2026-04-01 16:03:00,657.84,657.87,657.66,657.675,177452.224792,657.7745,2626,
2026-04-01 16:04:00,657.67,657.91,657.6,657.9,125519.654548,657.7235,1977,
2026-04-01 16:05:00,657.91,658.0,657.88,657.97,138656.502765,657.9594,2133,
2026-04-01 16:06:00,657.98,658.0896,657.9,657.9125,112332.335079,658.0076,1884,
2026-04-01 16:07:00,657.92,658.07,657.71,657.725,116696.189862,657.8745,2063,
2026-04-01 16:08:00,657.73,657.83,657.67,657.7801,74162.655913,657.7415,1542,
2026-04-01 16:09:00,657.79,658.03,657.79,657.975,59503.820869,657.936,1245,
2026-04-01 16:10:00,657.99,658.015,657.88,657.955,75619.280952,657.9549,1349,
2026-04-01 16:11:00,657.955,657.99,657.56,657.68,327996.058892,657.7185,4792,
2026-04-01 16:12:00,657.69,657.7,657.44,657.6,172576.207701,657.5538,2717,
2026-04-01 16:13:00,657.63,657.815,657.595,657.7201,163187.883923,657.704,2618,
2026-04-01 16:14:00,657.73,657.75,657.49,657.56,155565.074255,657.5799,2457,
2026-04-01 16:15:00,657.57,657.78,657.47,657.72,111914.07372,657.6224,1852,
2026-04-01 16:16:00,657.71,657.72,657.43,657.484,132256.273612,657.5277,2514,
2026-04-01 16:17:00,657.48,657.55,657.4,657.47,139521.504116,657.4768,2502,
2026-04-01 16:18:00,657.46,657.75,657.41,657.73,127211.433766,657.6318,2168,
2026-04-01 16:19:00,657.72,657.92,657.72,657.83,96886.802866,657.8419,1865,
2026-04-01 16:20:00,657.83,657.83,657.56,657.59,119549.980391,657.6922,2377,
2026-04-01 16:21:00,657.59,657.64,657.51,657.55,130044.788392,657.5701,2492,
2026-04-01 16:22:00,657.545,657.63,657.45,657.53,121450.64829,657.5538,2221,
2026-04-01 16:23:00,657.53,657.64,657.48,657.59,124491.784285,657.5787,1938,
2026-04-01 16:24:00,657.6,657.65,657.41,657.42,98598.982372,657.573,1745,
2026-04-01 16:25:00,657.43,657.48,657.32,657.39,127715.570901,657.3927,2032,
2026-04-01 16:26:00,657.385,657.46,657.33,657.355,197124.179484,652.9146,1279,
2026-04-01 16:27:00,657.345,657.52,657.255,657.49,134035.396734,657.3643,2131,
2026-04-01 16:28:00,657.48,657.58,657.27,657.2999,104496.589595,657.4523,1613,
2026-04-01 16:29:00,657.28,657.292,657.12,657.175,123941.000134,657.2021,1874,
2026-04-01 16:30:00,657.185,657.25,657.08,657.22,188725.193125,657.2311,1972,
2026-04-01 16:31:00,657.225,657.26,656.88,656.91,270550.567328,657.0893,3399,
2026-04-01 16:32:00,656.905,657.2,656.84,657.04,180966.69178,657.0372,2599,
2026-04-01 16:33:00,657.05,657.265,656.99,657.17,163305.63674,657.1448,2254,
2026-04-01 16:34:00,657.19,657.44,657.185,657.43,110132.013974,657.3572,1751,
2026-04-01 16:35:00,657.43,657.655,657.43,657.6,132534.845736,657.552,1933,
2026-04-01 16:36:00,657.595,657.73,657.56,657.73,148206.250301,657.6263,1929,
2026-04-01 16:37:00,657.73,657.73,657.59,657.65,58183.724043,657.6616,1134,
2026-04-01 16:38:00,657.66,657.74,657.57,657.67,66886.464033,657.6668,1171,
2026-04-01 16:39:00,657.69,657.7,657.55,657.595,68537.614941,657.636,1247,
2026-04-01 16:40:00,657.58,657.685,657.555,657.64,88245.668039,657.6157,1540,
2026-04-01 16:41:00,657.6402,657.7,657.56,657.605,58503.419305,657.6246,1100,
2026-04-01 16:42:00,657.61,657.77,657.535,657.76,111511.436879,657.6314,1550,
2026-04-01 16:43:00,657.76,657.87,657.67,657.745,139312.182427,657.7547,1881,
2026-04-01 16:44:00,657.745,657.92,657.745,657.87,75715.792015,657.8368,1378,
2026-04-01 16:45:00,657.87,657.93,657.7702,657.78,114099.907062,657.8557,1883,
2026-04-01 16:46:00,657.78,657.78,657.585,657.72,107415.096901,657.6956,1804,
2026-04-01 16:47:00,657.725,657.9,657.72,657.875,50077.087753,657.8191,998,
2026-04-01 16:48:00,657.88,657.88,657.71,657.715,79700.473143,657.7964,1428,
2026-04-01 16:49:00,657.715,657.8,657.65,657.75,81436.697285,657.7395,1413,
2026-04-01 16:50:00,657.74,657.87,657.74,657.81,42831.984941,657.8324,910,
2026-04-01 16:51:00,657.8,657.865,657.69,657.795,107616.788403,657.78,1689,
2026-04-01 16:52:00,657.8,657.84,657.725,657.78,34155.862849,657.8073,784,
2026-04-01 16:53:00,657.77,657.92,657.76,657.81,96863.399156,657.8535,1514,
2026-04-01 16:54:00,657.8198,657.93,657.788,657.85,95025.853094,657.8879,1592,
2026-04-01 16:55:00,657.84,657.84,657.67,657.71,98090.37955,657.7424,1697,
2026-04-01 16:56:00,657.7,657.9,657.69,657.89,70132.198791,657.8015,1325,
2026-04-01 16:57:00,657.89,657.97,657.8715,657.92,73477.856787,657.9344,1348,
2026-04-01 16:58:00,657.93,657.97,657.86,657.88,77978.363862,657.9209,1482,
2026-04-01 16:59:00,657.88,657.8882,657.8,657.81,77823.55613,657.8506,1484,
2026-04-01 17:00:00,657.82,657.87,657.7001,657.7819,86736.050669,657.7907,1637,
2026-04-01 17:01:00,657.79,657.885,657.775,657.855,97524.24188,657.8418,1833,
2026-04-01 17:02:00,657.85,657.94,657.8288,657.875,118013.035277,657.8864,2080,
2026-04-01 17:03:00,657.87,658.27,657.84,658.21,170510.129206,658.055,2805,
2026-04-01 17:04:00,658.21,658.38,658.12,658.31,1009363.421954,657.7764,2464,
2026-04-01 17:05:00,658.3,658.395,658.24,658.3643,149110.469262,658.3174,2295,
2026-04-01 17:06:00,658.37,658.495,658.235,658.275,127290.426581,658.4066,1855,
2026-04-01 17:07:00,658.275,658.37,658.2199,658.3303,93459.820874,658.302,1582,
2026-04-01 17:08:00,658.33,658.44,658.27,658.38,65207.570629,658.3708,1130,
2026-04-01 17:09:00,658.38,658.43,658.27,658.32,54236.827958,658.3596,1176,
2026-04-01 17:10:00,658.32,658.485,658.32,658.41,63838.847739,658.4284,1229,
2026-04-01 17:11:00,658.41,658.44,658.28,658.33,67504.376131,658.3589,1241,
2026-04-01 17:12:00,658.34,658.36,658.25,658.275,72422.741124,658.3103,1294,
2026-04-01 17:13:00,658.28,658.4,658.2105,658.31,73348.841875,658.3159,1329,
2026-04-01 17:14:00,658.315,658.39,658.295,658.355,68420.331012,658.3432,1226,
2026-04-01 17:15:00,658.36,658.43,658.34,658.355,85323.083054,658.3974,1619,
2026-04-01 17:16:00,658.36,658.385,658.22,658.235,91239.423464,658.3098,1655,
2026-04-01 17:17:00,658.24,658.3305,658.22,658.28,77794.555617,658.2727,1478,
2026-04-01 17:18:00,658.285,658.295,658.14,658.235,95215.351244,658.2099,1612,
2026-04-01 17:19:00,658.23,658.34,658.1899,658.325,115999.015574,658.275,1579,
2026-04-01 17:20:00,658.33,658.52,658.33,658.4,110969.605607,658.4278,1821,
2026-04-01 17:21:00,658.395,658.46,658.3,658.4,77029.839525,658.3841,1472,
2026-04-01 17:22:00,658.4,658.47,658.25,658.315,111766.291172,658.3296,1719,
2026-04-01 17:23:00,658.32,658.385,658.225,658.36,84312.425419,658.3012,1479,
2026-04-01 17:24:00,658.36,658.51,658.31,658.445,55947.046593,658.412,1032,
2026-04-01 17:25:00,658.45,658.455,658.352,658.39,66571.488103,658.407,1097,
2026-04-01 17:26:00,658.4,658.46,658.33,658.335,69877.262106,658.3934,1063,
2026-04-01 17:27:00,658.34,658.4,658.24,658.39,69275.926533,658.3073,1189,
2026-04-01 17:28:00,658.38,658.41,658.31,658.3299,154241.761366,658.3538,1999,
2026-04-01 17:29:00,658.325,658.37,658.28,658.3,80413.819775,658.3268,1462,
2026-04-01 17:30:00,658.31,658.44,658.1511,658.225,115920.266949,658.2876,2312,
2026-04-01 17:31:00,658.23,658.385,658.23,658.36,76415.324714,658.2979,1768,
2026-04-01 17:32:00,658.3612,658.362,658.06,658.1,88258.05395,658.173,1851,
2026-04-01 17:33:00,658.11,658.14,658.02,658.06,110112.314261,658.0774,1865,
2026-04-01 17:34:00,658.06,658.17,657.9,657.935,151752.180225,658.0128,2500,
2026-04-01 17:35:00,657.94,658.0,657.81,657.915,159080.312568,657.9006,2224,
2026-04-01 17:36:00,657.92,658.115,657.92,657.92,105766.185634,658.0527,1852,
2026-04-01 17:37:00,657.92,657.95,657.7999,657.875,78053.039228,657.8617,1454,
2026-04-01 17:38:00,657.89,658.035,657.86,658.005,113057.169425,657.9734,1865,
2026-04-01 17:39:00,658.0,658.23,657.965,658.08,94655.548499,658.0702,1665,
2026-04-01 17:40:00,658.08,658.25,658.05,658.12,85522.927948,658.1577,1523,
2026-04-01 17:41:00,658.125,658.21,658.045,658.07,71399.93542,658.1357,1352,
2026-04-01 17:42:00,658.07,658.22,658.06,658.1,80156.440974,658.1267,1369,
2026-04-01 17:43:00,658.105,658.12,657.835,657.87,94193.113679,657.9398,1627,
2026-04-01 17:44:00,657.87,657.9,657.73,657.9,92313.34204,657.8174,1718,
2026-04-01 17:45:00,657.9,658.027,657.88,657.915,121414.572609,657.9667,1811,
2026-04-01 17:46:00,657.92,658.01,657.79,657.83,81507.827871,657.9137,1240,
2026-04-01 17:47:00,657.83,657.94,657.775,657.88,61371.761055,657.8568,3204,
2026-04-01 17:48:00,657.875,657.92,657.74,657.74,116982.553935,657.8153,7031,
2026-04-01 17:49:00,657.75,657.7505,657.525,657.625,165531.680413,657.6315,2522,
2026-04-01 17:50:00,657.63,657.77,657.51,657.61,123166.621926,657.6698,1918,
2026-04-01 17:51:00,657.61,657.795,657.53,657.5335,100655.638652,657.6668,1574,
2026-04-01 17:52:00,657.56,657.62,657.43,657.59,130659.449389,657.5194,2066,
2026-04-01 17:53:00,657.59,657.708,657.555,657.57,96899.384339,657.6362,1478,
2026-04-01 17:54:00,657.565,657.73,657.53,657.55,90552.313553,657.6212,1524,
2026-04-01 17:55:00,657.55,657.645,657.55,657.585,77098.716109,657.5973,1297,
2026-04-01 17:56:00,657.58,657.62,657.31,657.45,195405.455752,657.4587,2774,
2026-04-01 17:57:00,657.45,657.45,657.11,657.1113,287709.6314,657.2329,3866,
2026-04-01 17:58:00,657.12,657.18,656.81,656.86,250875.892905,657.0316,3169,
2026-04-01 17:59:00,656.86,657.015,656.77,656.79,221629.46934,656.9037,3175,
2026-04-01 18:00:00,656.79,656.94,656.52,656.58,213347.737977,656.7103,2840,
2026-04-01 18:01:00,656.59,656.74,656.445,656.4511,355177.420597,656.5625,4881,
2026-04-01 18:02:00,656.46,656.5,655.85,656.123,453338.112126,656.0918,7518,
2026-04-01 18:03:00,656.13,656.21,655.79,655.85,365693.845228,655.9943,5331,
2026-04-01 18:04:00,655.86,656.1,655.655,655.96,362975.540767,655.8838,5198,
2026-04-01 18:05:00,655.95,656.4,655.9051,656.2,402231.373851,656.2685,6210,
2026-04-01 18:06:00,656.21,656.3,656.02,656.06,147794.841998,656.1199,2900,
2026-04-01 18:07:00,656.065,656.2,655.86,655.93,143500.009911,656.0357,2636,
2026-04-01 18:08:00,655.94,656.11,655.91,655.95,121842.825694,656.0165,2395,
2026-04-01 18:09:00,655.92,656.18,655.85,656.1098,119402.301943,656.0303,2189,
2026-04-01 18:10:00,656.1,656.33,656.07,656.15,205694.198233,656.2086,2870,
2026-04-01 18:11:00,656.15,656.39,656.11,656.205,227057.704191,656.2121,3730,
2026-04-01 18:12:00,656.2,656.23,656.08,656.165,124452.578517,656.1596,2257,
2026-04-01 18:13:00,656.16,656.16,655.9,655.91,150866.321498,656.0137,2471,
2026-04-01 18:14:00,655.9,656.05,655.88,655.905,297783.338539,656.1169,2229,
2026-04-01 18:15:00,655.9,655.9,655.67,655.7613,253506.655977,655.7742,3999,
2026-04-01 18:16:00,655.77,655.81,655.38,655.48,230772.712376,655.546,3613,
2026-04-01 18:17:00,655.49,655.57,655.12,655.1997,228207.881967,655.321,3978,
2026-04-01 18:18:00,655.2,655.21,654.79,654.8789,310380.235258,655.034,4658,
2026-04-01 18:19:00,654.87,655.0,654.54,654.975,343879.168656,654.7544,5098,
2026-04-01 18:20:00,654.98,655.23,654.67,654.705,293848.719103,655.0041,4561,
2026-04-01 18:21:00,654.715,654.8093,654.54,654.565,183598.926585,654.6629,3045,
2026-04-01 18:22:00,654.56,654.8,654.535,654.6,186415.360925,654.6846,2845,
2026-04-01 18:23:00,654.59,654.76,654.42,654.48,239810.551593,654.5716,3715,
2026-04-01 18:24:00,654.49,654.53,653.91,654.13,424934.461852,654.1903,6837,
2026-04-01 18:25:00,654.13,654.37,653.83,654.29,316927.488938,654.1069,5011,
2026-04-01 18:26:00,654.3,654.66,654.255,654.455,426779.683374,654.4761,6358,
2026-04-01 18:27:00,654.455,654.8,654.45,654.505,238209.785119,654.6055,3875,
2026-04-01 18:28:00,654.5,654.685,654.33,654.36,145130.375745,654.47,2608,
2026-04-01 18:29:00,654.36,654.375,654.14,654.23,162596.817605,654.245,3032,
2026-04-01 18:30:00,654.225,654.475,654.145,654.4,167309.233676,654.3123,2917,
2026-04-01 18:31:00,654.4,654.5,654.24,654.35,212365.900206,654.3583,3678,
2026-04-01 18:32:00,654.37,654.54,654.1,654.21,143552.342773,654.2796,2344,
2026-04-01 18:33:00,654.21,654.24,653.99,654.1,397288.234442,654.1041,3867,
2026-04-01 18:34:00,654.11,654.11,653.9,654.01,194033.986921,653.9951,3140,
2026-04-01 18:35:00,654.0,654.04,653.667,653.78,184124.743822,653.8152,2965,
2026-04-01 18:36:00,653.77,654.07,653.67,654.05,192188.218611,653.8616,2847,
2026-04-01 18:37:00,654.04,654.19,653.68,653.71,247059.428602,653.9581,3870,
2026-04-01 18:38:00,653.71,654.0,653.67,653.86,177767.985077,653.8393,2823,
2026-04-01 18:39:00,653.88,654.77,653.88,654.46,635208.615424,654.4214,9244,
2026-04-01 18:40:00,654.45,655.16,654.43,654.99,342637.207518,654.8356,5231,
2026-04-01 18:41:00,655.0,655.5,654.93,655.09,354428.288969,655.2387,5239,
2026-04-01 18:42:00,655.09,655.25,655.01,655.08,175469.522096,655.1115,2616,
2026-04-01 18:43:00,655.08,655.1,654.75,655.015,253182.976127,654.8934,3453,
2026-04-01 18:44:00,654.97,654.97,654.7,654.86,150566.017991,654.8129,2205,
2026-04-01 18:45:00,654.86,654.98,654.56,654.6,124947.500774,654.7433,2085,
2026-04-01 18:46:00,654.61,654.66,654.29,654.36,234683.50635,654.4784,3489,
2026-04-01 18:47:00,654.38,654.815,654.375,654.78,200634.651526,654.5945,2762,
2026-04-01 18:48:00,654.771,654.96,654.63,654.64,885657.072508,654.6571,2060,
2026-04-01 18:49:00,654.64,654.72,654.5415,654.645,150838.50513,654.6367,1861,
2026-04-01 18:50:00,654.65,654.78,654.42,654.5,135193.391711,654.6294,2246,
2026-04-01 18:51:00,654.46,654.47,654.16,654.385,118623.344636,654.3084,2000,
2026-04-01 18:52:00,654.39,654.47,654.29,654.402,150067.723235,654.3728,2239,
2026-04-01 18:53:00,654.4,654.79,654.35,654.52,231504.592761,654.5546,2951,
2026-04-01 18:54:00,654.53,654.69,654.52,654.57,90033.179831,654.5853,1454,
2026-04-01 18:55:00,654.56,654.6,654.25,654.35,118574.846369,654.3512,2152,
2026-04-01 18:56:00,654.3493,654.53,654.19,654.34,121123.943429,654.3507,1971,
2026-04-01 18:57:00,654.34,654.5,654.2099,654.44,118465.161682,654.3374,1789,
2026-04-01 18:58:00,654.44,654.44,654.13,654.34,167247.943996,654.3095,2210,
2026-04-01 18:59:00,654.35,654.44,654.24,654.41,150600.150803,654.333,2264,
2026-04-01 19:00:00,654.39,654.72,654.255,654.64,235591.809445,654.5229,3116,
2026-04-01 19:01:00,654.63,655.01,654.62,654.8051,185397.539987,654.8434,2754,
2026-04-01 19:02:00,654.81,655.09,654.75,654.765,203223.862083,654.8935,2659,
2026-04-01 19:03:00,654.76,654.8,654.6,654.79,148280.826239,654.7121,2333,
2026-04-01 19:04:00,654.79,654.9,654.72,654.81,147999.150237,654.8135,2151,
2026-04-01 19:05:00,654.8,655.21,654.795,655.14,243812.351452,655.0484,3594,
2026-04-01 19:06:00,655.15,655.3643,655.04,655.16,160612.006983,655.1903,2644,
2026-04-01 19:07:00,655.16,655.29,655.085,655.19,181938.66768,655.2221,2657,
2026-04-01 19:08:00,655.19,655.36,654.99,655.075,181913.196778,655.2064,2421,
2026-04-01 19:09:00,655.08,655.27,655.06,655.17,120248.86868,655.167,1886,
2026-04-01 19:10:00,655.17,655.175,654.9,655.11,150959.56565,655.059,2482,
2026-04-01 19:11:00,655.1,655.18,654.82,654.84,141495.468296,654.9904,2166,
2026-04-01 19:12:00,654.845,655.11,654.845,654.925,152717.621331,655.0026,2193,
2026-04-01 19:13:00,654.92,655.22,654.92,655.19,149454.886129,655.0705,2502,
2026-04-01 19:14:00,655.19,655.28,655.11,655.19,135164.293314,655.1809,2065,
2026-04-01 19:15:00,655.19,655.3601,655.17,655.23,138361.430258,655.2812,2297,
2026-04-01 19:16:00,655.23,655.37,655.1,655.2,163037.943597,655.229,2654,
2026-04-01 19:17:00,655.18,655.27,654.97,655.165,116763.464295,655.1503,2155,
2026-04-01 19:18:00,655.15,655.47,655.07,655.29,255840.721456,655.3114,3860,
2026-04-01 19:19:00,655.3,655.63,655.28,655.565,166447.71747,655.4944,2555,
2026-04-01 19:20:00,655.57,655.77,655.52,655.58,211409.526269,655.6511,3294,
2026-04-01 19:21:00,655.59,655.705,655.28,655.32,182289.708911,655.5096,2836,
2026-04-01 19:22:00,655.34,655.59,655.34,655.53,109883.79915,655.4801,2307,
2026-04-01 19:23:00,655.52,655.67,655.51,655.62,139118.286276,655.5987,2422,
2026-04-01 19:24:00,655.63,655.79,655.6,655.695,193018.165274,655.7038,3028,
2026-04-01 19:25:00,655.695,656.1,655.67,655.97,230286.067863,655.9108,3565,
2026-04-01 19:26:00,655.975,656.21,655.975,656.2,181247.376444,656.1091,2908,
2026-04-01 19:27:00,656.2,656.3401,656.14,656.25,336097.682724,656.2571,3533,
2026-04-01 19:28:00,656.25,656.26,656.09,656.12,280514.210532,656.153,3706,
2026-04-01 19:29:00,656.12,656.1484,656.005,656.1,189635.626253,656.0816,3057,
2026-04-01 19:30:00,656.1,656.35,656.01,656.195,271614.269602,656.21,4207,
2026-04-01 19:31:00,656.195,656.2875,656.08,656.11,288999.257207,656.1956,4356,
2026-04-01 19:32:00,656.105,656.15,655.79,655.8,247962.488073,656.003,4119,
2026-04-01 19:33:00,655.8,655.84,655.66,655.76,230139.938496,655.7617,4191,
2026-04-01 19:34:00,655.76,656.04,655.75,656.02,298285.755156,655.9592,3350,
2026-04-01 19:35:00,656.05,656.1,655.74,655.78,1096409.404951,656.0877,3543,
2026-04-01 19:36:00,655.78,656.24,655.75,656.17,203293.02517,655.9969,3420,
2026-04-01 19:37:00,656.17,656.31,656.04,656.24,259602.850526,656.1789,4027,
2026-04-01 19:38:00,656.24,656.27,655.9,656.08,244036.275024,656.1291,2966,
2026-04-01 19:39:00,656.085,656.38,656.08,656.21,163269.631709,656.2467,2962,
2026-04-01 19:40:00,656.22,656.465,656.18,656.42,151173.062618,656.3395,2726,
2026-04-01 19:41:00,656.43,656.75,656.33,656.475,231638.28665,656.5311,3801,
2026-04-01 19:42:00,656.475,656.59,656.29,656.32,273607.293616,656.4267,4236,
2026-04-01 19:43:00,656.3199,656.445,656.29,656.41,122496.942943,656.3834,2221,
2026-04-01 19:44:00,656.405,656.45,656.115,656.155,285096.512562,656.2476,4525,
2026-04-01 19:45:00,656.15,656.34,656.015,656.17,250497.318777,656.1965,4036,
2026-04-01 19:46:00,656.17,656.33,655.8699,655.96,264843.548346,656.1042,4406,
2026-04-01 19:47:00,655.96,656.19,655.93,655.9703,665940.331008,652.8477,4945,
2026-04-01 19:48:00,655.97,656.27,655.9,656.205,241264.793524,656.1194,3757,
2026-04-01 19:49:00,656.2,656.25,655.9,655.98,671195.070208,656.0706,7704,
2026-04-01 19:50:00,656.0,656.12,655.23,655.32,751845.506263,655.504,9169,
2026-04-01 19:51:00,655.32,655.56,655.18,655.43,644109.142806,654.3605,6156,
2026-04-01 19:52:00,655.43,655.5899,655.15,655.24,370300.13899,655.3871,6026,
2026-04-01 19:53:00,655.25,655.33,655.03,655.255,348892.989088,655.2083,5462,
2026-04-01 19:54:00,655.25,655.52,655.15,655.24,590283.728488,653.2221,5491,
2026-04-01 19:55:00,655.25,655.27,654.89,655.019,578847.922585,655.0304,8058,
2026-04-01 19:56:00,655.015,655.35,654.94,655.07,658239.323995,655.0817,7887,
2026-04-01 19:57:00,655.07,655.255,654.96,655.235,698574.845459,654.2216,7070,
2026-04-01 19:58:00,655.23,655.455,655.22,655.36,945417.994297,654.7036,8551,
2026-04-01 19:59:00,655.36,655.51,654.72,655.17,1365341.408804,655.2001,14518,
2026-04-01 20:00:00,655.23,655.6,655.19,655.31,210495.981218,655.3847,845,
2026-04-01 20:01:00,655.33,655.33,654.88,655.06,199502.227622,652.1436,526,
2026-04-01 20:02:00,655.03,655.22,655.02,655.13,27887.667309,655.1677,243,
2026-04-01 20:03:00,655.225,655.24,655.07,655.14,72692.847074,655.1411,425,
2026-04-01 20:04:00,655.1,655.15,655.03,655.1,40145.439151,655.1063,359,
2026-04-01 20:05:00,655.11,655.21,655.0,655.12,586803.539636,655.2294,483,
2026-04-01 20:06:00,655.14,655.25,655.12,655.16,34941.505058,655.1893,357,
2026-04-01 20:07:00,655.2,655.25,655.15,655.25,38231.253197,655.2245,239,
2026-04-01 20:08:00,655.21,655.32,655.21,655.26,21828.076413,655.2727,174,
2026-04-01 20:09:00,655.26,655.2636,655.09,655.17,15555.745357,655.1904,169,
2026-04-01 20:10:00,655.17,655.54,655.16,655.5,57151.494827,655.3342,429,
2026-04-01 20:11:00,655.48,655.53,655.27,655.37,3016545.17993,655.0819,314,
2026-04-01 20:12:00,655.34,655.56,655.34,655.54,21321.577319,655.4853,186,
2026-04-01 20:13:00,655.55,655.56,655.45,655.48,25704.523755,655.5114,211,
2026-04-01 20:14:00,655.49,655.5,655.37,655.46,35959.336317,655.447,366,
2026-04-01 20:15:00,655.46,655.46,655.24,655.27,156491.86865,651.3607,306,
2026-04-01 20:16:00,655.27,655.32,655.21,655.32,15915.178238,655.2334,102,
2026-04-01 20:17:00,655.35,655.72,655.31,655.5,105317.88143,655.4687,847,
2026-04-01 20:18:00,655.42,655.5,655.38,655.48,18415.874571,655.4502,169,
2026-04-01 20:19:00,655.4879,655.49,655.43,655.43,2590.036751,655.4587,55,
2026-04-01 20:20:00,655.4701,655.5,655.35,655.36,4188.581554,655.5411,77,
2026-04-01 20:21:00,655.32,655.36,655.25,655.3286,18097.580169,655.3148,125,
2026-04-01 20:22:00,655.3257,655.4,655.2989,655.4,130115.527376,650.5545,52,
2026-04-01 20:23:00,655.38,655.38,655.34,655.36,622.212613,655.5803,27,
2026-04-01 20:24:00,655.3,655.3,655.12,655.2,5581.031752,655.204,114,
2026-04-01 20:25:00,655.2,655.2,655.0,655.0,22416.309526,655.1184,185,
2026-04-01 20:26:00,655.07,655.14,655.02,655.14,27607.111239,655.0796,167,
2026-04-01 20:27:00,655.13,655.16,655.04,655.04,56326.316738,655.1408,233,
2026-04-01 20:28:00,655.0514,655.06,654.98,654.98,6884.342459,655.0668,77,
2026-04-01 20:29:00,654.98,655.0,654.93,655.0,3753.829288,655.1067,73,
2026-04-01 20:30:00,655.01,655.09,655.01,655.08,2252.893491,655.32,41,
2026-04-01 20:31:00,655.1,655.1,655.02,655.05,8107.107568,655.0323,51,
2026-04-01 20:32:00,655.05,655.11,655.03,655.11,2912.533214,655.1763,25,
2026-04-01 20:33:00,655.12,655.28,655.1,655.19,13842.320072,655.2354,107,
2026-04-01 20:34:00,655.21,655.34,655.21,655.29,4627.236978,655.3197,59,
2026-04-01 20:35:00,655.27,655.3348,655.25,655.26,4456.188837,655.2977,32,
2026-04-01 20:36:00,655.3,655.36,655.3,655.32,630.08646,655.4216,31,
2026-04-01 20:37:00,655.3255,655.33,655.26,655.28,6378.047701,655.3248,52,
2026-04-01 20:38:00,655.31,655.32,655.3,655.32,5136.303731,655.3417,105,
2026-04-01 20:39:00,655.3,655.39,655.3,655.3639,2649.446955,655.4498,74,
2026-04-01 20:40:00,655.3645,655.3863,655.32,655.37,1918.280735,655.4601,37,
2026-04-01 20:41:00,655.3595,655.3595,655.31,655.31,658.177996,655.5029,15,
2026-04-01 20:42:00,655.3053,655.3053,655.25,655.25,1577.043234,655.2768,28,
2026-04-01 20:43:00,655.26,655.28,655.23,655.2797,1398.640322,655.5568,18,
2026-04-01 20:44:00,655.24,655.24,655.2181,655.22,8159.298603,655.2445,72,
2026-04-01 20:45:00,655.21,655.26,655.0817,655.26,61999.412194,655.1061,129,
2026-04-01 20:46:00,655.26,655.33,655.23,655.23,3615.667154,655.4043,64,
2026-04-01 20:47:00,655.29,655.33,655.27,655.3,2925.077227,655.3108,37,
2026-04-01 20:48:00,655.35,655.37,655.3,655.31,1002.797352,655.8452,26,
2026-04-01 20:49:00,655.28,655.28,655.25,655.25,509.305016,655.6669,24,
2026-04-01 20:50:00,655.23,655.31,655.23,655.23,1545.256289,655.3592,32,
2026-04-01 20:51:00,655.19,655.19,655.1217,655.1217,5987.699117,655.2386,64,
2026-04-01 20:52:00,655.18,655.2,655.17,655.2,1308.500806,655.4362,34,
2026-04-01 20:53:00,655.2,655.26,655.12,655.18,5463.28184,655.2005,63,
2026-04-01 20:54:00,655.24,655.31,655.24,655.29,2765.821655,655.454,37,
2026-04-01 20:55:00,655.28,655.35,655.27,655.28,2602.450473,655.4085,67,
2026-04-01 20:56:00,655.3,655.3,655.2,655.2,2444.459513,655.3581,42,
2026-04-01 20:57:00,655.2052,655.2052,655.19,655.19,2725.629624,655.3479,41,
2026-04-01 20:58:00,655.2,655.2,655.1,655.1,5327.8866,655.2305,46,
2026-04-01 20:59:00,655.12,655.12,655.0,655.01,2863.094674,655.0515,45,
2026-04-01 21:00:00,655.05,655.1827,655.0195,655.09,1489.69054,655.365,35,
2026-04-01 21:01:00,655.05,655.0963,655.05,655.06,382.468513,655.8714,33,
2026-04-01 21:02:00,655.15,655.15,655.0801,655.0956,1290.299247,655.245,18,
2026-04-01 21:03:00,655.19,655.19,655.1,655.1,690.439309,655.5619,16,
2026-04-01 21:04:00,655.15,655.2128,655.15,655.2128,7352.386548,655.2238,68,
2026-04-01 21:05:00,655.1997,655.23,655.1924,655.23,1092.203108,655.3235,22,
2026-04-01 21:06:00,655.2,655.21,655.19,655.19,1001.790855,655.7168,35,
2026-04-01 21:07:00,655.21,655.21,655.19,655.2,673.434709,655.6177,23,
2026-04-01 21:08:00,655.2,655.4,655.19,655.36,6350.068577,655.2826,97,
2026-04-01 21:09:00,655.25,655.25,655.24,655.24,421.892317,656.6351,29,
2026-04-01 21:10:00,655.2993,655.2993,655.19,655.29,662.475785,655.7518,20,
2026-04-01 21:11:00,655.28,655.33,655.28,655.31,2757.471791,655.4082,37,
2026-04-01 21:12:00,655.32,655.32,655.3,655.32,2196.659903,655.5103,23,
2026-04-01 21:13:00,655.24,655.24,655.2,655.22,2860.044602,655.2311,50,
2026-04-01 21:14:00,655.2297,655.31,655.2,655.31,7579.944151,657.6185,26,
2026-04-01 21:15:00,655.31,655.31,655.26,655.26,1436.155659,655.3384,20,
2026-04-01 21:16:00,655.29,655.29,655.26,655.29,5580.388292,655.3337,17,
2026-04-01 21:17:00,655.3,655.3,655.3,655.3,145.356951,656.905,16,
2026-04-01 21:18:00,655.2907,655.2907,655.29,655.29,266.750037,657.1393,14,
2026-04-01 21:19:00,655.2987,655.3,655.29,655.29,536.083931,655.3973,22,
2026-04-01 21:20:00,655.2613,655.3,655.2613,655.27,470.035083,655.329,17,
2026-04-01 21:21:00,655.3,655.3,655.26,655.27,436.04169,655.3447,17,
2026-04-01 21:22:00,655.31,655.31,655.26,655.26,1590.000004,655.2763,19,
2026-04-01 21:23:00,655.31,655.31,655.3,655.31,414.407272,655.9483,27,
2026-04-01 21:24:00,655.29,655.29,655.2,655.2,4065.360033,655.2792,88,
2026-04-01 21:25:00,655.2,655.32,655.2,655.2,2816.320441,655.2933,52,
2026-04-01 21:26:00,655.23,655.25,655.23,655.25,270.289237,655.9405,10,
2026-04-01 21:27:00,655.23,655.25,655.19,655.25,862.008919,655.2421,21,
2026-04-01 21:30:00,655.21,655.21,655.19,655.19,2070.569509,655.3811,69,
2026-04-01 21:31:00,655.19,655.1913,655.19,655.1913,1485.624646,655.4658,25,
2026-04-01 21:32:00,655.19,655.2,655.19,655.1913,588.465419,655.714,28,
2026-04-01 21:33:00,655.2,655.2,655.2,655.2,280.793806,657.0572,19,
2026-04-01 21:34:00,655.2,655.2,655.19,655.19,1391.235044,655.3013,10,
2026-04-01 21:35:00,655.2,655.21,655.19,655.19,945.829262,655.7804,27,
2026-04-01 21:36:00,655.21,655.21,655.2069,655.2069,234.068675,655.4038,12,
2026-04-01 21:37:00,655.31,655.31,655.1902,655.1902,630.335242,655.6355,11,
2026-04-01 21:38:00,655.2,655.25,655.19,655.2,402.170519,655.4933,32,
2026-04-01 21:39:00,655.2,655.29,655.2,655.29,197.084412,655.5036,5,
2026-04-01 21:40:00,655.2,655.3155,655.2,655.3155,707.835387,656.0426,26,
2026-04-01 21:41:00,655.28,655.28,655.28,655.28,170.514257,657.2398,19,
2026-04-01 21:42:00,655.2006,655.2006,655.2006,655.2006,337.584632,656.348,18,
2026-04-01 21:43:00,655.2,655.2,655.2,655.2,194.161597,655.7757,13,
2026-04-01 21:45:00,655.26,655.26,655.26,655.26,266.779645,657.1861,13,
2026-04-01 21:46:00,655.29,655.32,655.29,655.32,1893.370732,655.4428,19,
2026-04-01 21:47:00,655.3039,655.31,655.28,655.3,388.444803,656.0507,24,
2026-04-01 21:48:00,655.287,655.287,655.287,655.287,80.624214,660.3732,7,
2026-04-01 21:49:00,655.283,655.3,655.283,655.3,458.433565,655.9075,22,
2026-04-01 21:50:00,655.25,655.25,655.24,655.2498,369.542555,656.2048,21,
2026-04-01 21:51:00,655.21,655.21,655.15,655.15,5302.025222,655.1912,45,
2026-04-01 21:52:00,655.13,655.15,655.07,655.15,10452.302927,655.1406,50,
2026-04-01 21:53:00,655.11,655.11,655.06,655.06,6176.352996,655.122,37,
2026-04-01 21:54:00,655.0767,655.08,655.01,655.06,3891.724999,655.1709,50,
2026-04-01 21:55:00,655.08,655.08,655.0,655.0,5546.841639,655.1308,70,
2026-04-01 21:56:00,655.0,655.0,654.934,655.0,3109.864919,655.1708,45,
2026-04-01 21:57:00,655.0,655.0,654.97,655.0,5196.393881,655.0471,35,
2026-04-01 21:58:00,655.0,655.08,655.0,655.0,2260.059063,655.0204,31,
2026-04-01 21:59:00,655.08,655.08,654.9,655.0,10787.977006,655.0184,99,
2026-04-01 22:00:00,655.0,655.1,654.78,654.78,5878.624588,655.0283,73,
2026-04-01 22:01:00,654.8,654.95,654.8,654.95,883.149142,654.9947,30,
2026-04-01 22:02:00,655.01,655.09,655.01,655.07,3154.709152,655.2235,28,
2026-04-01 22:03:00,655.05,655.09,655.0,655.09,8065.227818,655.0757,54,
2026-04-01 22:04:00,655.24,655.46,655.24,655.33,4783.374416,655.4344,66,
2026-04-01 22:05:00,655.18,655.2,655.14,655.14,1313.606546,655.4999,44,
2026-04-01 22:06:00,655.06,655.06,654.98,655.0,1331.193786,655.1051,36,
2026-04-01 22:07:00,655.02,655.02,654.96,654.96,568.661092,655.7528,27,
2026-04-01 22:08:00,655.02,655.14,655.02,655.14,2094.402063,655.2025,44,
2026-04-01 22:09:00,655.1193,655.17,655.1193,655.14,1158.579503,655.4796,19,
2026-04-01 22:10:00,655.15,655.1613,655.0,655.0,1034.518923,655.4224,21,
2026-04-01 22:11:00,655.0,655.0,654.9,654.91,2038.298311,655.0156,44,
2026-04-01 22:12:00,654.92,654.92,654.88,654.9,1745.892883,655.2256,26,
2026-04-01 22:13:00,654.84,654.84,654.76,654.76,635.103804,654.907,29,
2026-04-01 22:14:00,654.77,655.01,654.73,655.01,5184.621742,654.9002,73,
2026-04-01 22:15:00,654.99,655.0,654.8,654.83,1271.381391,655.0816,38,
2026-04-01 22:16:00,654.72,654.93,654.72,654.8304,2194.202255,654.9085,34,
2026-04-01 22:18:00,654.95,654.95,654.86,654.87,588.213958,655.1386,20,
2026-04-01 22:19:00,654.85,654.85,654.79,654.8011,727.215776,654.984,22,
2026-04-01 22:20:00,654.67,654.77,654.67,654.77,1495.848103,655.0899,38,
2026-04-01 22:21:00,654.7,654.73,654.7,654.73,4771.927578,654.8515,23,
2026-04-01 22:22:00,654.79,654.94,654.79,654.94,5023.750845,654.8989,34,
2026-04-01 22:23:00,654.9735,655.07,654.96,654.9865,1384.302938,655.1544,36,
2026-04-01 22:24:00,654.98,654.98,654.85,654.86,2307.921262,655.1536,39,
2026-04-01 22:25:00,654.85,654.91,654.85,654.88,526.365316,655.3441,12,
2026-04-01 22:26:00,654.9,654.9,654.88,654.9,923.570426,655.3014,29,
2026-04-01 22:27:00,654.9,654.95,654.9,654.94,5394.031651,654.9073,39,
2026-04-01 22:28:00,654.9,654.9,654.8809,654.8809,259.023971,654.97,23,
2026-04-01 22:29:00,654.94,655.0,654.94,655.0,534.150093,655.1722,26,
2026-04-01 22:30:00,655.0,655.0,654.87,654.87,675.482606,655.3977,23,
2026-04-01 22:31:00,654.9,654.92,654.83,654.83,848.882057,655.5598,30,
2026-04-01 22:33:00,654.91,654.91,654.91,654.91,299.8923,656.8402,22,
2026-04-01 22:34:00,654.92,654.98,654.92,654.97,1378.574102,655.2402,20,
2026-04-01 22:35:00,654.92,654.98,654.92,654.98,256.201157,655.4631,15,
2026-04-01 22:36:00,654.98,654.98,654.98,654.98,434.343909,655.4986,16,
2026-04-01 22:37:00,654.94,654.94,654.94,654.94,488.552989,655.6826,13,
2026-04-01 22:38:00,654.95,654.9513,654.95,654.95,679.151675,655.0979,19,
2026-04-01 22:39:00,654.9922,654.9922,654.9922,654.9922,110.513628,658.0444,12,
2026-04-01 22:40:00,655.0,655.0087,655.0,655.0087,470.595372,655.8397,23,
2026-04-01 22:41:00,655.02,655.02,654.99,654.99,118.67364,658.7459,14,
2026-04-01 22:42:00,655.11,655.12,654.93,655.02,8077.83071,655.138,123,
2026-04-01 22:43:00,655.04,655.06,655.04,655.06,822.502643,655.4503,9,
2026-04-01 22:44:00,655.1,655.1,655.04,655.04,258.007085,655.085,14,
2026-04-01 22:45:00,655.04,655.04,654.96,654.96,1531.490624,655.1862,36,
2026-04-01 22:46:00,655.0,655.0,655.0,655.0,138.774529,658.6331,15,
2026-04-01 22:47:00,654.9,655.01,654.87,655.01,1255.615285,655.2236,41,
2026-04-01 22:48:00,655.02,655.02,655.02,655.02,62.333274,658.5501,13,
2026-04-01 22:49:00,655.08,655.08,654.87,654.87,2513.075685,654.9976,54,
2026-04-01 22:51:00,654.8,654.81,654.53,654.55,2665.656221,654.7937,106,
2026-04-01 22:52:00,654.44,654.61,654.32,654.6,2550.240701,654.4683,79,
2026-04-01 22:53:00,654.55,654.55,654.4,654.45,2662.281734,654.5192,35,
2026-04-01 22:54:00,654.35,654.38,654.35,654.37,1637.108723,654.4141,32,
2026-04-01 22:55:00,654.4493,654.48,654.4493,654.4565,522.520197,655.1093,29,
2026-04-01 22:56:00,654.4,654.43,654.37,654.43,666.152379,654.5442,30,
2026-04-01 22:57:00,654.48,654.49,654.41,654.41,2306.656507,654.6225,36,
2026-04-01 22:58:00,654.48,654.72,654.48,654.72,3414.919311,654.7584,46,
2026-04-01 22:59:00,654.66,654.66,654.5848,654.5848,319.529538,655.7186,18,
2026-04-01 23:00:00,654.6,654.6,654.46,654.46,891.550457,654.94,27,
2026-04-01 23:01:00,654.4878,654.4878,654.4878,654.4878,112.529073,657.5875,10,
2026-04-01 23:02:00,654.63,654.63,654.5306,654.5306,532.272799,654.9157,18,
2026-04-01 23:03:00,654.54,654.54,654.54,654.54,175.084301,654.8846,11,
2026-04-01 23:04:00,654.58,654.58,654.58,654.58,46.234029,657.9148,5,
2026-04-01 23:05:00,654.62,654.7,654.59,654.7,515.622608,655.4807,22,
2026-04-01 23:06:00,654.73,654.73,654.73,654.73,259.173088,655.1569,14,
2026-04-01 23:07:00,654.67,654.67,654.67,654.67,87.683781,659.8186,12,
2026-04-01 23:08:00,654.78,654.91,654.77,654.91,2410.589748,654.9592,36,
2026-04-01 23:09:00,654.85,654.85,654.85,654.85,224.764462,657.0831,10,
2026-04-01 23:10:00,654.93,654.96,654.91,654.91,611.488816,655.4552,32,
2026-04-01 23:12:00,654.8,654.8,654.7391,654.7391,610.902452,655.7388,17,
2026-04-01 23:13:00,654.88,654.88,654.88,654.88,142.158099,655.6014,14,
2026-04-01 23:14:00,655.1,655.17,655.1,655.17,438.310423,655.5494,36,
2026-04-01 23:15:00,655.13,655.13,655.08,655.13,1468.888117,655.5038,24,
2026-04-01 23:16:00,655.1,655.1,655.1,655.1,352.61099,656.2347,12,
2026-04-01 23:17:00,655.1352,655.1352,655.08,655.08,726.390374,655.4637,20,
2026-04-01 23:18:00,655.06,655.08,655.06,655.08,239.290048,655.8586,9,
2026-04-01 23:19:00,655.02,655.02,654.94,654.94,377.654876,656.1285,20,
2026-04-01 23:20:00,654.96,654.96,654.96,654.96,471.904509,656.2117,12,
2026-04-01 23:21:00,654.98,654.98,654.94,654.94,295.501272,656.0848,18,
2026-04-01 23:25:00,655.05,655.05,655.05,655.05,108.525172,658.2089,17,
2026-04-01 23:26:00,655.09,655.1,655.0304,655.0304,296.185901,655.4942,20,
2026-04-01 23:27:00,655.049,655.049,655.049,655.049,114.451905,657.642,9,
2026-04-01 23:28:00,655.0,655.0,655.0,655.0,246.065512,655.1731,22,
2026-04-01 23:29:00,654.98,655.1426,654.98,655.1426,668.130603,655.1987,21,
2026-04-01 23:30:00,655.06,655.06,655.06,655.06,79.169172,656.4568,8,
2026-04-01 23:31:00,655.08,655.08,655.05,655.05,179.172918,655.6907,12,
2026-04-01 23:32:00,655.0,655.0,654.99,654.99,538.613113,655.7486,23,
2026-04-01 23:33:00,654.9878,654.9878,654.9878,654.9878,173.268002,656.0083,10,
2026-04-01 23:35:00,654.91,654.91,654.8597,654.86,1349.350684,655.0354,19,
2026-04-01 23:36:00,654.84,654.97,654.84,654.97,297.637976,656.3095,18,
2026-04-01 23:37:00,654.98,654.98,654.98,654.98,82.242756,656.9172,5,
2026-04-01 23:38:00,654.8796,654.8796,654.78,654.78,533.123549,654.9763,21,
2026-04-01 23:39:00,654.8502,654.9,654.8502,654.8916,1264.485699,655.1259,19,
2026-04-01 23:40:00,654.85,654.92,654.85,654.92,485.506663,655.5584,12,
2026-04-01 23:41:00,654.9101,654.97,654.9101,654.97,502.115842,655.1086,11,
2026-04-01 23:42:00,654.9,654.9,654.84,654.84,379.352127,655.4976,18,
2026-04-01 23:43:00,654.88,654.89,654.88,654.89,507.839303,655.9709,10,
2026-04-01 23:44:00,654.9,654.9,654.9,654.9,316.585852,656.1154,8,
2026-04-01 23:45:00,654.94,654.98,654.94,654.98,2595.183126,654.9874,13,
2026-04-01 23:46:00,655.0,655.02,655.0,655.02,213.136107,655.4281,14,
2026-04-01 23:47:00,654.99,655.0896,654.99,655.04,835.985119,655.8343,24,
2026-04-01 23:48:00,655.05,655.05,654.99,654.99,336.537753,656.059,18,
2026-04-01 23:49:00,654.99,655.0,654.99,655.0,368.231754,655.3984,14,
2026-04-01 23:50:00,654.96,655.0,654.67,654.67,2573.165556,654.8928,66,
2026-04-01 23:51:00,654.54,654.8,654.32,654.8,3237.700647,654.6331,83,
2026-04-01 23:52:00,654.9,654.98,654.8,654.8,1869.054709,654.8623,32,
2026-04-01 23:53:00,654.77,654.95,654.77,654.95,1617.59421,655.1567,33,
2026-04-01 23:54:00,654.96,654.96,654.95,654.95,165.381725,656.4659,9,
2026-04-01 23:55:00,654.89,654.89,654.8,654.8,1598.188312,654.8919,21,
2026-04-01 23:56:00,654.74,654.7504,654.7,654.7504,5719.246923,654.7375,47,
2026-04-01 23:57:00,654.7878,654.7878,654.7,654.72,805.360181,655.0176,21,
2026-04-01 23:58:00,654.7493,654.88,654.7493,654.88,361.019486,654.8471,14,
2026-04-01 23:59:00,654.78,654.78,654.69,654.75,971.656518,655.1642,33,
2026-04-02 08:00:00,648.01,649.35,647.24,648.5,13894.541627,648.6707,1014,
2026-04-02 08:01:00,648.52,648.53,645.76,648.3524,87368.024442,646.816,558,
2026-04-02 08:02:00,648.3517,648.3517,648.16,648.16,3568.399249,648.2893,88,
2026-04-02 08:03:00,648.27,648.34,648.19,648.19,3533.135095,648.2692,80,
2026-04-02 08:04:00,648.15,648.15,648.05,648.14,2507.020673,648.0788,44,
2026-04-02 08:05:00,648.0,648.04,646.01,646.74,198110.178888,646.761,1934,
2026-04-02 08:06:00,646.77,648.48,645.81,648.08,52690.046509,646.9037,949,
2026-04-02 08:07:00,648.1,648.14,648.06,648.12,1356.010368,648.117,33,
2026-04-02 08:08:00,648.01,648.02,647.89,647.95,1056.178349,648.0772,31,
2026-04-02 08:09:00,648.0,648.0,647.95,647.95,268.025831,648.0408,15,
2026-04-02 08:10:00,648.026,648.08,647.93,648.08,364.03106,648.0823,19,
2026-04-02 08:11:00,647.92,647.96,647.9,647.9,533.012533,647.9367,11,
2026-04-02 08:12:00,647.94,647.99,647.82,647.99,571.020693,647.9495,19,
2026-04-02 08:13:00,648.02,648.12,648.02,648.03,242.047417,648.1697,15,
2026-04-02 08:14:00,648.04,648.04,647.99,648.0,457.010231,648.0195,12,
2026-04-02 08:15:00,648.0,648.0,647.83,647.83,1571.030466,647.884,30,
2026-04-02 08:16:00,647.9,648.13,647.9,648.12,1146.050319,648.1203,30,
2026-04-02 08:17:00,648.05,648.05,647.85,647.85,1318.037207,648.004,36,
2026-04-02 08:18:00,647.88,647.88,647.82,647.85,12091.040939,647.856,81,
2026-04-02 08:19:00,647.8,647.81,647.61,647.61,1755.079516,647.7997,44,
2026-04-02 08:20:00,647.7,647.78,647.65,647.66,4202.052861,647.7188,51,
2026-04-02 08:21:00,647.6,647.6,647.51,647.54,934.03624,647.6056,20,
2026-04-02 08:22:00,647.5,647.79,647.5,647.72,2864.214631,647.6443,60,
2026-04-02 08:23:00,647.74,647.8,647.74,647.79,435.040794,647.8542,25,
2026-04-02 08:24:00,647.81,647.81,647.72,647.73,5797.030996,647.7505,43,
2026-04-02 08:25:00,647.75,647.76,647.75,647.76,238.020638,647.8126,12,
2026-04-02 08:26:00,647.71,647.71,647.7,647.71,132.080374,648.0996,7,
2026-04-02 08:27:00,647.7,647.77,647.6,647.6,207.025025,647.7698,11,
2026-04-02 08:28:00,647.52,647.56,647.52,647.56,182.041406,647.6954,17,
2026-04-02 08:29:00,647.74,647.74,647.74,647.74,129.030929,647.977,17,
2026-04-02 08:30:00,647.88,648.18,647.88,648.18,744.036244,648.0859,32,
2026-04-02 08:31:00,648.3,648.39,648.3,648.37,968.24581,648.5107,35,
2026-04-02 08:32:00,648.36,648.46,648.33,648.43,1861.01553,648.3974,33,
2026-04-02 08:33:00,648.36,648.36,648.25,648.25,262.06676,648.5057,14,
2026-04-02 08:34:00,648.22,648.29,648.22,648.29,156.020684,648.3571,11,
2026-04-02 08:35:00,648.23,648.23,648.18,648.21,430.697983,649.2615,12,
2026-04-02 08:36:00,648.0,648.0,648.0,648.0,1242.031134,648.018,15,
2026-04-02 08:37:00,648.11,648.12,648.06,648.12,335.015443,648.1202,15,
2026-04-02 08:38:00,648.14,648.21,648.14,648.21,1098.047311,648.2266,14,
2026-04-02 08:39:00,648.45,648.45,648.45,648.45,202.076932,648.6955,13,
2026-04-02 08:40:00,648.25,648.25,648.25,648.25,280.025836,648.2996,12,
2026-04-02 08:41:00,648.2,648.26,648.2,648.26,289.040473,648.3448,14,
2026-04-02 08:42:00,648.32,648.51,648.32,648.51,2333.120082,648.4517,28,
2026-04-02 08:43:00,648.6,648.63,648.58,648.63,313.060853,648.734,15,
2026-04-02 08:44:00,648.44,648.69,648.34,648.37,3399.077713,648.4331,59,
2026-04-02 08:45:00,648.3,648.3,648.3,648.3,105.030938,648.4886,8,
2026-04-02 08:46:00,648.36,648.39,648.33,648.33,1250.57512,648.6367,35,
2026-04-02 08:47:00,648.25,648.25,648.01,648.09,8226.083056,648.0966,74,
2026-04-02 08:48:00,648.1,648.17,648.0904,648.17,295.098858,648.3352,12,
2026-04-02 08:49:00,648.21,648.22,648.21,648.22,4071.027397,648.2239,30,
2026-04-02 08:50:00,648.03,648.03,648.0,648.0,211.025888,648.0982,14,
2026-04-02 08:51:00,648.11,648.16,648.1,648.13,2827.106048,648.1651,33,
2026-04-02 08:52:00,648.07,648.07,647.99,647.99,386.015676,648.039,17,
2026-04-02 08:53:00,647.96,648.01,647.89,647.89,2812.102992,647.9792,32,
2026-04-02 08:54:00,647.98,648.1,647.98,648.1,265.192278,648.4901,20,
2026-04-02 08:55:00,648.05,648.05,648.05,648.05,93.038739,648.3385,14,
2026-04-02 08:56:00,648.15,648.15,647.95,647.95,475.066627,648.1695,17,
2026-04-02 08:57:00,647.95,647.97,647.8939,647.92,658.015617,647.9444,20,
2026-04-02 08:58:00,647.85,647.92,647.8,647.9,1078.503472,648.1801,35,
2026-04-02 08:59:00,647.98,647.98,647.87,647.87,199.032271,648.0511,12,
2026-04-02 09:00:00,648.1,648.1,647.93,647.93,167.034779,648.1169,18,
2026-04-02 09:01:00,648.06,648.16,648.06,648.16,1388.025889,648.1451,25,
2026-04-02 09:02:00,648.05,648.05,647.85,647.94,176.06421,648.163,17,
2026-04-02 09:03:00,647.92,647.92,647.92,647.92,158.025911,647.9964,13,
2026-04-02 09:04:00,647.93,648.01,647.79,647.95,3847.041268,647.9279,59,
2026-04-02 09:05:00,647.94,647.97,647.78,647.84,1411.061734,647.897,38,
2026-04-02 09:06:00,647.79,647.91,647.77,647.91,381.036332,647.891,15,
2026-04-02 09:07:00,647.96,647.96,647.81,647.86,3565.030865,647.9185,38,
2026-04-02 09:08:00,647.88,647.88,647.84,647.84,180.01997,647.9332,8,
2026-04-02 09:09:00,647.75,647.81,647.74,647.81,202.051475,647.9354,20,
2026-04-02 09:10:00,647.65,647.69,647.63,647.64,1294.02047,647.663,25,
2026-04-02 09:11:00,647.71,647.71,647.7,647.7,946.063361,647.7483,12,
2026-04-02 09:12:00,647.67,647.68,647.61,647.62,223.022027,647.7084,16,
2026-04-02 09:13:00,647.58,647.6289,647.57,647.57,360.010267,647.6147,10,
2026-04-02 09:14:00,647.63,647.63,647.59,647.59,2176.0,647.6017,14,
2026-04-02 09:15:00,647.57,647.7,647.57,647.68,280.02589,647.7116,17,
2026-04-02 09:16:00,647.72,647.77,647.64,647.7,3203.015546,647.7178,39,
2026-04-02 09:17:00,647.7,647.71,647.65,647.68,926.020718,647.7045,45,
2026-04-02 09:18:00,647.73,647.78,647.7,647.75,941.025683,647.7486,26,
2026-04-02 09:19:00,647.86,647.86,647.75,647.75,1093.050591,647.8153,44,
2026-04-02 09:20:00,647.7,647.94,647.7,647.94,2148.261316,647.8911,42,
2026-04-02 09:21:00,647.94,648.1,647.94,648.1,3032.030166,648.0622,37,
2026-04-02 09:22:00,648.02,648.04,648.02,648.04,316.015523,648.0521,16,
2026-04-02 09:23:00,647.96,647.97,647.89,647.96,818.005247,647.9451,11,
2026-04-02 09:24:00,647.96,647.96,647.96,647.96,310.043847,648.0828,31,
2026-04-02 09:25:00,648.24,648.36,648.24,648.29,1079.201862,648.4411,29,
2026-04-02 09:26:00,648.38,648.42,648.3,648.3,651.025908,648.3919,32,
2026-04-02 09:27:00,648.26,648.27,648.24,648.24,1180.015515,648.2616,35,
2026-04-02 09:28:00,648.22,648.3,648.07,648.17,11661.05797,648.2261,144,
2026-04-02 09:30:00,648.17,648.17,648.07,648.12,532.036241,648.1433,17,
2026-04-02 09:31:00,648.08,648.1996,648.08,648.1996,1032.041504,648.1494,19,
2026-04-02 09:32:00,647.9,647.9,647.89,647.89,144.14166,648.5238,20,
2026-04-02 09:33:00,647.84,647.88,647.78,647.88,429.067347,647.943,13,
2026-04-02 09:35:00,647.8,647.8,647.53,647.53,1033.80477,648.2573,27,
2026-04-02 09:36:00,647.66,647.66,647.66,647.66,333.056523,647.7698,9,
2026-04-02 09:37:00,647.6,647.6296,647.6,647.6296,566.092557,647.7322,13,
2026-04-02 09:38:00,647.67,647.67,647.64,647.66,1219.011902,647.6642,18,
2026-04-02 09:39:00,647.66,647.66,647.65,647.65,110.025889,647.8063,12,
2026-04-02 09:40:00,647.65,647.65,647.61,647.64,722.005188,647.648,10,
2026-04-02 09:41:00,647.63,647.63,647.56,647.61,2808.392584,647.685,25,
2026-04-02 09:42:00,647.69,647.69,647.63,647.69,467.02061,647.671,17,
2026-04-02 09:43:00,647.65,647.65,647.63,647.65,345.067955,647.777,13,
2026-04-02 09:44:00,647.58,647.62,647.58,647.62,248.010375,647.639,13,
2026-04-02 09:45:00,647.62,647.62,647.61,647.61,3147.020767,647.6176,20,
2026-04-02 09:46:00,647.6,647.6,647.57,647.57,324.242544,648.067,16,
2026-04-02 09:47:00,647.7357,647.7357,647.5,647.5,1343.032687,647.6143,37,
2026-04-02 09:48:00,647.64,647.64,647.64,647.64,102.097012,648.2526,8,
2026-04-02 09:49:00,647.61,647.63,647.54,647.62,1652.010314,647.614,18,
2026-04-02 09:50:00,647.62,647.65,647.62,647.65,880.022277,647.6642,12,
2026-04-02 09:51:00,647.86,647.9,647.85,647.9,2891.04064,647.9034,37,
2026-04-02 09:52:00,647.78,647.78,647.75,647.77,383.005012,647.7794,9,
2026-04-02 09:53:00,647.78,647.78,647.75,647.75,425.020854,647.7967,14,
2026-04-02 09:54:00,647.81,647.81,647.81,647.81,40.010418,647.9787,3,
2026-04-02 09:55:00,647.92,648.0,647.92,647.97,15446.025942,647.9941,49,
2026-04-02 09:56:00,647.97,647.97,647.79,647.79,314.033684,647.9535,16,
2026-04-02 09:57:00,647.69,647.69,647.69,647.69,105.159344,648.6453,10,
2026-04-02 09:58:00,647.6,647.6,647.5,647.5,1325.088099,647.5554,21,
2026-04-02 09:59:00,647.75,647.75,647.75,647.75,68.030937,648.0106,9,
2026-04-02 10:00:00,647.7,647.7,647.32,647.48,3437.520124,647.6324,71,
2026-04-02 10:01:00,647.46,647.59,647.46,647.59,2796.074684,647.5518,43,
2026-04-02 10:02:00,647.66,647.66,647.57,647.57,175.031004,647.7127,17,
2026-04-02 10:03:00,647.54,647.84,647.54,647.78,2246.031213,647.7724,46,
2026-04-02 10:04:00,647.73,647.76,647.68,647.68,1481.015529,647.7183,23,
2026-04-02 10:05:00,647.73,647.9,647.72,647.89,3555.041471,647.8561,41,
2026-04-02 10:06:00,647.86,647.86,647.43,647.43,2880.070249,647.5256,80,
2026-04-02 10:07:00,647.41,647.48,647.41,647.48,532.525294,648.0861,25,
2026-04-02 10:08:00,647.51,647.51,647.4,647.46,346.024707,647.5215,17,
2026-04-02 10:10:00,647.53,647.53,647.53,647.53,200.046545,647.6243,24,
2026-04-02 10:11:00,647.3,647.3,647.25,647.25,710.01568,647.2953,22,
2026-04-02 10:12:00,647.26,647.39,647.25,647.34,16557.041269,647.342,71,
2026-04-02 10:13:00,647.29,647.3,647.2,647.2,1603.030483,647.2673,37,
2026-04-02 10:14:00,647.2,647.2,646.8,646.85,21640.095674,646.9739,216,
2026-04-02 10:15:00,646.85,646.85,646.69,646.71,1472.470793,646.9963,35,
2026-04-02 10:16:00,646.68,646.68,646.55,646.68,1588.7109,646.908,33,
2026-04-02 10:17:00,646.66,646.66,646.55,646.6,738.015618,646.6035,21,
2026-04-02 10:19:00,646.76,646.77,646.76,646.77,430.044244,646.8402,29,
2026-04-02 10:20:00,646.76,646.76,646.65,646.65,225.036273,646.7874,17,
2026-04-02 10:21:00,646.66,646.66,646.51,646.51,1231.228704,646.6689,34,
2026-04-02 10:22:00,646.5,646.68,646.5,646.68,413.020628,646.6136,18,
2026-04-02 10:23:00,646.62,646.66,646.62,646.66,6077.010422,646.6606,53,
2026-04-02 10:24:00,646.6,646.66,646.6,646.66,1024.070845,646.6915,16,
2026-04-02 10:25:00,646.66,646.81,646.66,646.74,462.025833,646.7491,14,
2026-04-02 10:26:00,646.78,646.78,646.78,646.78,145.3608,648.3862,7,
2026-04-02 10:27:00,646.75,646.75,646.64,646.69,1101.025882,646.6834,21,
2026-04-02 10:28:00,646.62,646.62,646.62,646.62,109.074828,647.0814,12,
2026-04-02 10:29:00,646.61,646.62,646.6,646.6,941.01271,646.6156,11,
2026-04-02 10:30:00,646.57,646.63,646.48,646.56,9013.005212,646.5333,119,
2026-04-02 10:31:00,646.57,646.57,646.43,646.43,3408.031213,646.4848,62,
2026-04-02 10:32:00,646.61,646.88,646.56,646.88,4559.778623,646.8885,65,
2026-04-02 10:33:00,646.89,646.94,646.66,646.84,14389.031088,646.7744,146,
2026-04-02 10:34:00,646.9,646.96,646.9,646.96,5136.020806,646.9457,62,
2026-04-02 10:35:00,646.88,647.01,646.88,647.0,1373.035587,646.9496,28,
2026-04-02 10:36:00,647.13,647.17,647.06,647.06,2825.020783,647.1116,28,
2026-04-02 10:37:00,647.06,647.06,646.98,646.98,777.027708,647.0443,24,
2026-04-02 10:38:00,647.1,647.1,646.97,646.98,586.161593,647.1853,17,
2026-04-02 10:39:00,646.98,647.0,646.8,646.8,2367.026077,646.9179,33,
2026-04-02 10:40:00,646.88,646.92,646.83,646.92,382.247455,647.2857,11,
2026-04-02 10:41:00,646.9,646.9,646.84,646.84,1853.005147,646.8828,20,
2026-04-02 10:42:00,647.1,647.34,647.1,647.34,2002.225405,647.3231,73,
2026-04-02 10:43:00,647.33,647.47,647.33,647.47,565.025021,647.4192,25,
2026-04-02 10:44:00,647.41,647.41,647.24,647.24,5999.044657,647.283,84,
2026-04-02 10:45:00,647.27,647.27,647.23,647.25,744.020775,647.2664,19,
2026-04-02 10:46:00,647.41,647.41,647.32,647.35,3553.046613,647.3678,69,
2026-04-02 10:47:00,647.32,647.37,647.24,647.27,2032.115571,647.3106,25,
2026-04-02 10:48:00,647.22,647.46,647.22,647.44,15288.574105,647.3714,151,
2026-04-02 10:49:00,647.31,647.41,647.31,647.41,314.020791,647.3905,14,
2026-04-02 10:50:00,647.34,647.34,647.14,647.14,244.035332,647.3651,19,
2026-04-02 10:51:00,647.06,647.06,646.98,646.98,1628.010399,647.0067,29,
2026-04-02 10:52:00,647.26,647.278,647.26,647.278,191.07407,647.5038,18,
2026-04-02 10:53:00,647.24,647.24,647.24,647.24,185.020823,647.3487,15,
2026-04-02 10:54:00,647.12,647.2,647.0,647.0,720.046834,647.1255,29,
2026-04-02 10:55:00,647.25,647.32,647.25,647.32,495.04165,647.3626,13,
2026-04-02 10:56:00,647.42,647.42,647.34,647.34,516.025691,647.3735,18,
2026-04-02 10:57:00,647.32,647.32,647.32,647.32,174.044422,647.5094,18,
2026-04-02 10:58:00,647.47,647.62,647.47,647.49,7643.031147,647.5211,112,
2026-04-02 10:59:00,647.49,647.49,647.31,647.31,302.025916,647.4443,13,
2026-04-02 11:00:00,647.4198,647.5,647.33,647.419,9868.109166,647.4199,203,
2026-04-02 11:01:00,647.45,647.49,647.1602,647.22,4789.015775,647.2613,92,
2026-04-02 11:02:00,647.23,647.49,647.2,647.49,6887.034802,647.2915,90,
2026-04-02 11:03:00,647.421,647.4889,647.31,647.33,6605.025745,647.4151,73,
2026-04-02 11:04:00,647.31,647.33,647.23,647.29,2741.020917,647.2964,57,
2026-04-02 11:05:00,647.28,647.28,646.91,646.91,11827.070124,646.9811,173,
2026-04-02 11:06:00,646.88,646.92,646.67,646.68,5703.0207,646.7639,102,
2026-04-02 11:07:00,646.7135,646.7183,646.57,646.57,2966.031452,646.6403,71,
2026-04-02 11:08:00,646.7,646.7401,646.63,646.69,22681.015555,646.6921,100,
2026-04-02 11:09:00,646.66,646.6833,646.61,646.61,4058.019158,646.6537,61,
2026-04-02 11:10:00,646.61,646.61,646.4,646.45,8976.072731,646.4804,162,
2026-04-02 11:11:00,646.5,646.51,646.3,646.45,59415.039375,646.3743,411,
2026-04-02 11:12:00,646.42,646.61,646.4,646.6,9510.062438,646.4999,146,
2026-04-02 11:13:00,646.59,646.63,646.32,646.3694,9798.051735,646.5566,110,
2026-04-02 11:14:00,646.3622,646.38,646.3,646.3,6917.015315,646.3542,87,
2026-04-02 11:15:00,646.27,646.27,645.85,646.13,12769.098341,646.0677,274,
2026-04-02 11:16:00,646.03,646.07,645.69,645.8,22847.161348,645.9791,172,
2026-04-02 11:17:00,645.78,646.0,645.78,645.97,14167.041642,645.9487,189,
2026-04-02 11:18:00,645.9,645.9,645.77,645.79,7882.026135,645.8093,128,
2026-04-02 11:19:00,645.88,646.0,645.85,646.0,8128.018716,645.9136,127,
2026-04-02 11:20:00,645.99,646.05,645.93,646.0401,4594.026204,645.9853,92,
2026-04-02 11:21:00,646.05,646.1692,646.01,646.0486,21897.052139,646.1009,259,
2026-04-02 11:22:00,646.08,646.1091,645.97,646.0601,4763.028186,646.0364,89,
2026-04-02 11:23:00,646.08,646.08,645.93,646.01,12443.046898,646.0025,159,
2026-04-02 11:24:00,646.0,646.0608,645.91,645.96,11631.115392,645.9571,144,
2026-04-02 11:25:00,646.0,646.0,645.82,645.82,7882.559074,645.9756,114,
2026-04-02 11:26:00,645.85,645.85,645.72,645.78,15541.477035,645.7904,187,
2026-04-02 11:27:00,645.84,645.8405,645.7668,645.83,6660.178633,645.8153,82,
2026-04-02 11:28:00,645.83,645.83,645.56,645.69,13008.914241,645.7587,186,
2026-04-02 11:29:00,645.67,645.67,645.43,645.51,13326.036504,645.5266,192,
2026-04-02 11:30:00,645.49,645.8,645.32,645.58,21075.482612,645.5205,273,
2026-04-02 11:31:00,645.58,645.92,645.58,645.8712,6822.041745,645.737,123,
2026-04-02 11:32:00,645.92,646.08,645.79,645.96,11344.031334,645.9543,158,
2026-04-02 11:33:00,645.98,646.11,645.84,645.86,26103.036516,645.9944,253,
2026-04-02 11:34:00,645.89,645.89,645.57,645.63,3901.053958,645.6835,79,
2026-04-02 11:35:00,645.65,645.75,645.63,645.6601,14740.821554,645.7163,223,
2026-04-02 11:36:00,645.6791,645.68,645.4,645.46,7016.827569,645.6599,191,
2026-04-02 11:37:00,645.5,645.5,645.2,645.2,10821.778745,645.4102,247,
2026-04-02 11:38:00,645.21,645.35,645.105,645.295,4035.667028,645.3428,127,
2026-04-02 11:39:00,645.26,645.26,645.07,645.11,7123.096494,645.1945,129,
2026-04-02 11:40:00,645.12,645.21,645.0,645.02,34919.372608,645.0969,498,
2026-04-02 11:41:00,645.01,645.04,644.95,645.02,21244.235159,645.0116,302,
2026-04-02 11:42:00,645.01,645.03,644.91,644.94,11264.550721,644.9962,139,
2026-04-02 11:43:00,644.94,645.1484,644.85,645.1484,23335.186841,644.9535,230,
2026-04-02 11:44:00,645.11,645.2515,645.09,645.15,6219.057096,645.1853,88,
2026-04-02 11:45:00,645.16,645.21,645.12,645.15,4586.18387,645.1848,96,
2026-04-02 11:46:00,645.15,645.22,645.04,645.08,16695.045084,645.162,194,
2026-04-02 11:47:00,645.05,645.17,644.95,645.13,29456.321778,645.0402,302,
2026-04-02 11:48:00,645.15,645.26,645.1,645.13,3625.56626,645.2641,101,
2026-04-02 11:49:00,645.14,645.3,645.1365,645.19,5891.416538,645.2478,101,
2026-04-02 11:50:00,645.27,645.31,645.15,645.29,8037.308651,645.2902,134,
2026-04-02 11:51:00,645.29,645.63,645.27,645.49,28785.798325,645.466,307,
2026-04-02 11:52:00,645.5,645.59,645.44,645.45,21702.667374,645.5266,211,
2026-04-02 11:53:00,645.54,645.57,645.44,645.5,14015.721155,645.5605,184,
2026-04-02 11:54:00,645.54,645.82,645.54,645.82,18379.046846,645.7294,262,
2026-04-02 11:55:00,645.7001,645.7001,645.52,645.52,2282.021,645.6137,55,
2026-04-02 11:56:00,645.52,645.55,645.35,645.4,7272.031185,645.4721,160,
2026-04-02 11:57:00,645.43,645.43,645.09,645.12,56525.031444,645.2011,626,
2026-04-02 11:58:00,645.09,645.13,644.83,644.83,17463.566892,645.0445,270,
2026-04-02 11:59:00,644.9,644.9,644.59,644.59,39995.048927,644.748,226,
2026-04-02 12:00:00,644.6,648.4,644.47,644.4904,29612.359955,645.2954,285,
2026-04-02 12:01:00,644.52,644.56,644.4,644.46,20665.682856,644.5075,533,
2026-04-02 12:02:00,648.09,648.15,644.16,644.31,13091.197172,645.1296,179,
2026-04-02 12:03:00,644.3747,644.76,644.34,644.68,6164.962108,644.7666,116,
2026-04-02 12:04:00,644.68,644.731,644.5687,644.731,12359.159153,644.6603,137,
2026-04-02 12:05:00,644.68,647.56,644.575,644.8,6927.722048,644.981,122,
2026-04-02 12:06:00,644.8,647.5,644.7195,644.84,4745.793904,645.9365,81,
2026-04-02 12:07:00,644.81,644.89,644.75,644.89,5136.139644,644.8265,67,
2026-04-02 12:08:00,644.8273,644.87,644.5397,644.54,5578.904942,644.8182,101,
2026-04-02 12:09:00,644.54,644.54,644.25,644.38,13303.708276,644.4251,141,
2026-04-02 12:10:00,644.37,644.4762,644.17,644.3086,6171.153795,644.2535,112,
2026-04-02 12:11:00,644.35,644.4,644.22,644.29,18353.793769,644.371,222,
2026-04-02 12:12:00,644.27,644.5,644.17,644.45,14411.24723,644.4365,157,
2026-04-02 12:13:00,644.46,644.6,644.24,644.5,27989.427625,644.4082,411,
2026-04-02 12:14:00,644.48,644.6,644.43,644.53,5381.944728,644.6428,96,
2026-04-02 12:15:00,644.5492,644.64,644.47,644.54,15841.371821,644.5527,141,
2026-04-02 12:16:00,644.53,644.57,644.4277,644.5,23439.334111,644.4957,152,
2026-04-02 12:17:00,644.46,644.54,644.42,644.51,10937.188238,644.4893,98,
2026-04-02 12:18:00,644.59,644.91,644.59,644.7802,16963.488515,644.8115,240,
2026-04-02 12:19:00,644.831,644.94,644.71,644.9,5772.442475,644.8823,111,
2026-04-02 12:20:00,644.88,644.98,644.8,644.9,21011.788419,644.9234,252,
2026-04-02 12:21:00,644.88,645.28,644.88,645.24,18042.943265,645.1528,257,
2026-04-02 12:22:00,645.25,645.34,645.14,645.26,4038.425749,645.2831,110,
2026-04-02 12:23:00,645.3,645.44,645.28,645.4035,10891.171403,645.3838,164,
2026-04-02 12:24:00,645.41,645.62,645.38,645.6,12159.550921,645.5342,207,
2026-04-02 12:25:00,645.609,645.63,645.37,645.37,6130.666131,645.5646,127,
2026-04-02 12:26:00,645.36,645.3852,645.099,645.19,7047.771404,645.2819,147,
2026-04-02 12:27:00,645.26,645.3311,645.18,645.28,3513.430481,645.8678,122,
2026-04-02 12:28:00,645.4,645.47,645.16,645.35,8928.174023,645.263,94,
2026-04-02 12:29:00,645.3482,645.41,645.21,645.4,6219.316268,645.3854,75,
2026-04-02 12:30:00,645.35,645.47,645.26,645.34,9529.520768,645.424,101,
2026-04-02 12:31:00,645.32,645.48,645.17,645.3768,6325.718143,645.4027,137,
2026-04-02 12:32:00,645.42,645.49,645.359,645.359,7400.439245,645.5092,141,
2026-04-02 12:33:00,645.3561,645.65,645.3561,645.4,2619.175026,645.5463,109,
2026-04-02 12:34:00,645.45,645.55,645.39,645.53,6380.427813,645.4905,134,
2026-04-02 12:35:00,645.55,645.67,645.4,645.6122,7713.460443,645.604,96,
2026-04-02 12:36:00,645.61,645.63,645.34,645.45,5744.795657,645.555,97,
2026-04-02 12:37:00,645.48,645.51,645.23,645.28,11766.628544,645.3824,144,
2026-04-02 12:38:00,645.35,645.57,645.35,645.57,5231.161531,645.4881,81,
2026-04-02 12:39:00,645.51,645.67,645.42,645.67,9826.344592,645.5639,158,
2026-04-02 12:40:00,645.6,645.76,645.4803,645.6,7407.388645,645.6277,139,
2026-04-02 12:41:00,645.64,645.68,645.58,645.58,3341.374231,645.7046,53,
2026-04-02 12:42:00,645.63,645.659,645.4239,645.48,9805.645909,645.6067,156,
2026-04-02 12:43:00,645.58,645.72,645.58,645.6,5932.851803,645.7445,110,
2026-04-02 12:44:00,645.52,645.7248,645.45,645.679,8517.633861,645.6738,114,
2026-04-02 12:45:00,645.6699,645.6699,645.55,645.6,3828.981226,645.7675,60,
2026-04-02 12:46:00,645.68,646.0,645.67,645.7,5702.839391,645.9575,160,
2026-04-02 12:47:00,645.59,645.71,645.42,645.5165,28202.30989,645.8228,302,
2026-04-02 12:48:00,645.62,646.0,645.62,645.86,30244.592598,645.8617,300,
2026-04-02 12:49:00,645.85,646.0,645.85,645.936,7708.757532,646.0401,117,
2026-04-02 12:50:00,646.0,646.15,645.91,645.96,14815.639471,646.0746,216,
2026-04-02 12:51:00,645.98,646.04,645.83,645.87,4394.026259,645.9483,85,
2026-04-02 12:52:00,645.9,645.9838,645.8254,645.95,2266.135422,645.9337,47,
2026-04-02 12:53:00,645.97,646.02,645.87,645.9008,3989.743278,646.0844,66,
2026-04-02 12:54:00,645.85,645.96,645.75,645.8,7784.367304,645.8394,129,
2026-04-02 12:55:00,645.7869,645.85,645.72,645.72,5384.605947,645.8617,84,
2026-04-02 12:56:00,645.75,645.8123,645.74,645.7835,15286.96042,645.8358,123,
2026-04-02 12:57:00,645.7215,645.7461,645.55,645.6,5904.242488,645.6466,109,
2026-04-02 12:58:00,645.55,645.57,645.45,645.5139,6927.509643,645.5546,127,
2026-04-02 12:59:00,645.4402,645.56,645.3065,645.38,19457.028884,645.4234,219,
2026-04-02 13:00:00,645.39,645.57,645.2,645.57,8132.353114,645.3773,142,
2026-04-02 13:01:00,645.58,645.78,645.52,645.68,5116.170716,645.7251,122,
2026-04-02 13:02:00,645.61,645.79,645.27,645.34,9376.932416,645.5755,144,
2026-04-02 13:03:00,645.25,645.55,645.2,645.55,4069.734819,645.4842,111,
2026-04-02 13:04:00,645.48,645.61,645.46,645.55,5077.909648,645.6532,104,
2026-04-02 13:05:00,645.49,645.7491,645.49,645.7491,4104.831496,645.6929,94,
2026-04-02 13:06:00,645.63,646.1,645.63,645.79,9211.496572,645.9869,192,
2026-04-02 13:07:00,645.88,645.93,645.84,645.88,9516.969673,645.9441,155,
2026-04-02 13:08:00,645.8283,645.83,645.6039,645.64,3594.915906,645.9262,88,
2026-04-02 13:09:00,645.6012,645.75,645.6012,645.67,1086.478606,645.9879,50,
2026-04-02 13:10:00,645.59,645.59,645.39,645.46,5378.952357,645.6021,99,
2026-04-02 13:11:00,645.47,645.59,645.45,645.54,18130.033895,645.5241,145,
2026-04-02 13:12:00,645.5,645.5,645.3,645.339,7452.943257,645.4771,101,
2026-04-02 13:13:00,645.35,645.44,645.195,645.44,9824.673119,645.3573,168,
2026-04-02 13:14:00,645.4661,645.5,645.4,645.5,3543.522196,645.5443,78,
2026-04-02 13:15:00,645.53,645.84,645.46,645.82,8122.425496,645.6867,113,
2026-04-02 13:16:00,645.769,645.85,645.59,645.59,5110.664554,645.8411,119,
2026-04-02 13:17:00,645.61,645.74,645.54,645.74,3271.719128,645.7636,89,
2026-04-02 13:18:00,645.82,645.85,645.62,645.67,5331.110752,645.7658,115,
2026-04-02 13:19:00,645.67,645.67,645.5,645.62,16565.089663,645.5766,166,
2026-04-02 13:20:00,645.67,645.85,645.58,645.79,4972.681682,645.8608,127,
2026-04-02 13:21:00,645.8,645.98,645.77,645.97,10448.275048,645.8901,127,
2026-04-02 13:22:00,645.93,646.18,645.9,646.0,14923.408319,646.0193,196,
2026-04-02 13:23:00,646.0002,646.0002,645.725,645.78,5087.646755,645.9073,126,
2026-04-02 13:24:00,645.73,645.85,645.67,645.8109,4171.96184,645.9068,96,
2026-04-02 13:25:00,645.77,645.94,645.67,645.88,6894.060373,645.7815,135,
2026-04-02 13:26:00,645.87,646.07,645.87,646.07,5011.390464,646.047,118,
2026-04-02 13:27:00,646.08,646.38,646.01,646.22,42640.285526,646.2729,479,
2026-04-02 13:28:00,646.23,646.63,646.22,646.4009,28589.730941,646.4379,441,
2026-04-02 13:29:00,646.37,646.64,646.36,646.42,40745.273582,646.4912,242,
2026-04-02 13:30:00,646.42,647.47,646.38,646.86,719866.568172,646.8488,10683,
2026-04-02 13:31:00,646.85,647.44,646.69,647.37,282462.285273,647.1341,3331,
2026-04-02 13:32:00,647.35,647.39,646.57,646.63,329044.726473,646.8456,3967,
2026-04-02 13:33:00,646.62,647.07,646.29,646.94,287044.802663,646.6387,4937,
2026-04-02 13:34:00,646.94,647.149,646.8,647.0946,258876.433545,647.017,3822,
2026-04-02 13:35:00,647.12,647.135,646.17,646.21,358356.00433,646.5434,4797,
2026-04-02 13:36:00,646.21,646.59,646.0,646.12,242900.706384,646.2308,3717,
2026-04-02 13:37:00,646.13,646.44,646.05,646.36,159687.506887,646.2486,2762,
2026-04-02 13:38:00,646.34,646.58,645.87,645.885,243358.70192,646.2225,3797,
2026-04-02 13:39:00,645.9,645.92,645.32,645.35,332912.822502,645.6292,4645,
2026-04-02 13:40:00,645.35,645.79,645.11,645.4,310214.939628,645.4848,4592,
2026-04-02 13:41:00,645.3901,646.46,645.29,646.44,266838.341755,645.7824,4418,
2026-04-02 13:42:00,646.4299,646.45,645.5,645.565,210527.821201,645.9185,3585,
2026-04-02 13:43:00,645.58,645.79,645.33,645.4419,151725.593737,645.5481,2609,
2026-04-02 13:44:00,645.44,645.79,645.44,645.69,124070.09553,645.6314,2694,
2026-04-02 13:45:00,645.71,646.57,645.43,646.4,323671.415595,646.0604,5131,
2026-04-02 13:46:00,646.38,647.03,646.37,646.97,228651.619317,646.7165,3454,
2026-04-02 13:47:00,646.98,647.35,646.82,647.07,180437.981683,647.1783,3139,
2026-04-02 13:48:00,647.08,647.26,646.8021,647.12,213470.70289,647.0233,3241,
2026-04-02 13:49:00,647.11,647.4,646.95,647.04,143869.510835,647.1541,2540,
2026-04-02 13:50:00,647.05,647.39,646.89,647.35,182736.053012,647.1217,2896,
2026-04-02 13:51:00,647.3317,647.89,647.282,647.71,193831.306459,647.5803,3414,
2026-04-02 13:52:00,647.68,647.885,647.48,647.76,184050.323766,647.7117,3298,
2026-04-02 13:53:00,647.75,648.61,647.72,648.36,340443.433134,648.2253,4635,
2026-04-02 13:54:00,648.37,648.93,648.22,648.63,274000.105825,648.5963,3797,
2026-04-02 13:55:00,648.63,648.83,648.5,648.76,210415.097467,648.6466,3504,
2026-04-02 13:56:00,648.75,648.81,648.52,648.64,145431.873286,648.6705,2570,
2026-04-02 13:57:00,648.65,649.19,648.34,649.08,290205.038659,648.6494,4329,
2026-04-02 13:58:00,649.06,649.54,648.96,649.45,301544.160661,649.3204,4677,
2026-04-02 13:59:00,649.44,649.89,649.38,649.63,236395.173525,649.6151,4225,
2026-04-02 14:00:00,649.645,650.0982,649.47,649.665,381289.336074,649.723,5663,
2026-04-02 14:01:00,649.66,649.72,649.23,649.41,420124.540123,649.4552,5566,
2026-04-02 14:02:00,649.44,649.51,648.96,649.07,299598.500178,649.2031,4475,
2026-04-02 14:03:00,649.065,649.26,648.78,649.14,249267.134222,648.997,3667,
2026-04-02 14:04:00,649.13,649.3594,648.92,649.04,122958.656994,649.1264,2501,
2026-04-02 14:05:00,649.02,649.2,648.55,649.06,239024.783058,648.8994,4240,
2026-04-02 14:06:00,649.04,650.26,648.94,650.12,417357.137188,649.6042,6012,
2026-04-02 14:07:00,650.21,650.28,649.64,649.8,205746.706466,649.9644,3194,
2026-04-02 14:08:00,649.78,650.52,649.52,650.03,242977.848641,649.976,4016,
2026-04-02 14:09:00,650.03,650.18,649.73,649.84,174838.65222,649.935,2697,
2026-04-02 14:10:00,649.83,649.845,649.4201,649.71,203719.569054,649.6421,3328,
2026-04-02 14:11:00,649.67,650.46,649.65,650.11,166727.992427,650.1367,2885,
2026-04-02 14:12:00,650.09,650.12,649.77,649.84,190795.828204,649.9553,3358,
2026-04-02 14:13:00,649.82,650.03,649.55,649.74,187029.689802,649.7611,2770,
2026-04-02 14:14:00,649.7402,649.81,649.46,649.64,129635.402693,649.6406,2385,
2026-04-02 14:15:00,649.62,650.08,649.5207,650.045,117292.867404,649.7845,2076,
2026-04-02 14:16:00,650.01,650.77,649.79,649.8,344978.858333,650.2763,4565,
2026-04-02 14:17:00,649.8,650.21,649.67,650.17,134476.254345,649.9527,2310,
2026-04-02 14:18:00,650.16,650.63,650.0,650.48,170115.054014,650.407,2660,
2026-04-02 14:19:00,650.46,650.53,650.23,650.3,213295.507903,650.3753,3023,
2026-04-02 14:20:00,650.29,650.59,650.23,650.28,91872.189421,650.4254,1990,
2026-04-02 14:21:00,650.32,651.1,650.3093,650.96,262222.464406,650.7855,4289,
2026-04-02 14:22:00,650.95,650.96,650.63,650.81,239356.225036,650.7672,3006,
2026-04-02 14:23:00,650.77,650.89,650.59,650.63,210636.757087,650.7671,2777,
2026-04-02 14:24:00,650.62,650.8,650.41,650.71,144942.867172,650.5737,1945,
2026-04-02 14:25:00,650.71,650.78,650.01,650.24,223139.847738,650.3628,3175,
2026-04-02 14:26:00,650.21,650.64,650.19,650.32,129196.861422,650.4385,2226,
2026-04-02 14:27:00,650.25,650.61,650.08,650.27,161609.718603,650.2595,3025,
2026-04-02 14:28:00,650.27,650.69,650.22,650.61,95350.786534,650.4977,2087,
2026-04-02 14:29:00,650.59,650.6118,650.22,650.34,138035.683464,650.4372,2522,
2026-04-02 14:30:00,650.35,650.62,650.1,650.61,131893.548687,650.3374,2225,
2026-04-02 14:31:00,650.62,650.99,650.62,650.79,102818.605594,650.8216,2289,
2026-04-02 14:32:00,650.795,651.4563,650.58,651.19,191100.466331,651.1261,3301,
2026-04-02 14:33:00,651.17,652.38,651.11,652.24,376154.180918,651.8563,5442,
2026-04-02 14:34:00,652.24,652.315,652.01,652.2,172150.990079,652.1293,2786,
2026-04-02 14:35:00,652.21,653.88,652.17,653.67,597259.096028,653.0763,8327,
2026-04-02 14:36:00,653.68,656.88,653.23,656.185,1384427.334565,655.258,19973,
2026-04-02 14:37:00,656.19,658.2,655.74,657.13,1144246.887747,657.1403,15485,
2026-04-02 14:38:00,657.21,657.21,654.85,655.11,873131.682559,655.6363,11857,
2026-04-02 14:39:00,655.115,656.88,654.72,656.45,540443.714658,655.7104,7521,
2026-04-02 14:40:00,656.41,656.61,654.96,655.175,515436.063203,655.6671,8568,
2026-04-02 14:41:00,655.22,655.42,654.32,654.5999,443689.457496,654.7264,7081,
2026-04-02 14:42:00,654.585,655.3899,654.57,654.98,322112.966482,655.0656,4220,
2026-04-02 14:43:00,655.0,655.99,654.77,655.53,411682.988829,655.5353,5711,
2026-04-02 14:44:00,655.54,656.17,655.29,656.05,172739.394597,655.701,2846,
2026-04-02 14:45:00,656.04,656.29,655.76,655.96,391567.229791,656.076,4660,
2026-04-02 14:46:00,655.955,655.955,654.93,655.05,244556.308264,655.3951,3865,
2026-04-02 14:47:00,655.05,655.27,654.67,655.005,232075.426431,655.0097,3674,
2026-04-02 14:48:00,654.99,655.14,654.48,654.66,204797.470256,654.7552,3279,
2026-04-02 14:49:00,654.655,654.84,654.07,654.12,199732.779292,654.4918,3050,
2026-04-02 14:50:00,654.13,654.25,653.37,653.8225,295602.01085,653.7912,4472,
2026-04-02 14:51:00,653.83,654.0299,653.42,653.62,208201.03874,653.6409,3495,
2026-04-02 14:52:00,653.58,654.54,653.38,654.54,303529.572304,653.8012,4718,
2026-04-02 14:53:00,654.52,654.89,654.0302,654.15,121281.309965,654.3663,2653,
2026-04-02 14:54:00,654.19,654.97,654.17,654.705,136366.837355,654.6483,2664,
2026-04-02 14:55:00,654.69,655.49,654.6,655.34,153922.139142,655.1649,2895,
2026-04-02 14:56:00,655.3,655.71,655.2,655.37,201543.587822,655.4527,3192,
2026-04-02 14:57:00,655.39,655.925,655.13,655.805,123792.222827,655.4936,2265,
2026-04-02 14:58:00,655.8,656.0,655.61,655.83,108308.767343,655.807,2113,
2026-04-02 14:59:00,655.81,655.81,655.23,655.39,148347.53098,655.4564,2774,
2026-04-02 15:00:00,655.39,655.48,654.25,654.42,359075.7552,654.7,5671,
2026-04-02 15:01:00,654.41,654.69,654.14,654.275,182692.91388,654.4085,3133,
2026-04-02 15:02:00,654.29,654.39,653.88,653.91,110360.862754,654.1373,2314,
2026-04-02 15:03:00,653.93,654.73,653.82,654.61,197561.80248,654.2959,3093,
2026-04-02 15:04:00,654.5899,655.23,654.435,655.01,173017.056188,654.9444,2568,
2026-04-02 15:05:00,654.99,655.15,654.36,654.53,97252.850227,654.7583,2067,
2026-04-02 15:06:00,654.4952,654.85,654.48,654.48,59911.413616,654.6458,1619,
2026-04-02 15:07:00,654.5,654.57,654.08,654.1899,105010.542324,654.3682,2094,
2026-04-02 15:08:00,654.21,654.78,654.2,654.5702,284142.620147,654.6704,1811,
2026-04-02 15:09:00,654.61,654.928,654.35,654.843,79181.925312,654.598,1869,
2026-04-02 15:10:00,654.85,655.46,654.6,655.335,113814.899811,654.9584,2267,
2026-04-02 15:11:00,655.32,655.72,655.14,655.36,145483.310667,655.4092,2658,
2026-04-02 15:12:00,655.36,655.93,655.338,655.69,139030.099781,655.6457,2656,
2026-04-02 15:13:00,655.695,655.8193,655.4,655.44,72810.405275,655.5854,1872,
2026-04-02 15:14:00,655.425,655.45,654.9401,655.25,161617.572397,655.1702,2234,
2026-04-02 15:15:00,655.2612,655.4,655.06,655.24,149500.493568,655.2364,2205,
2026-04-02 15:16:00,655.26,655.58,655.155,655.5699,183543.32732,655.4079,2582,
2026-04-02 15:17:00,655.57,655.78,655.0201,655.07,109974.156325,655.363,2404,
2026-04-02 15:18:00,655.04,655.28,654.69,655.27,121852.938275,654.93,2537,
2026-04-02 15:19:00,655.26,655.45,655.18,655.19,141350.377217,655.329,2450,
2026-04-02 15:20:00,655.18,655.23,654.19,654.49,210171.865627,654.7068,3400,
2026-04-02 15:21:00,654.49,654.66,653.96,654.3801,154030.383383,654.2762,2467,
2026-04-02 15:22:00,654.38,654.7,653.92,654.0,104775.547723,654.2474,1896,
2026-04-02 15:23:00,654.02,654.39,654.02,654.26,77942.25831,654.1851,1442,
2026-04-02 15:24:00,654.27,654.8987,654.215,654.7,123039.606357,654.5734,1896,
2026-04-02 15:25:00,654.68,654.71,654.0,654.28,112450.012341,654.2528,2232,
2026-04-02 15:26:00,654.29,655.08,654.23,655.0,112907.333125,654.7228,2153,
2026-04-02 15:27:00,654.94,655.35,654.75,655.35,311515.999771,655.0026,1176,
2026-04-02 15:28:00,655.36,655.71,655.36,655.59,178603.850813,655.5135,2417,
2026-04-02 15:29:00,655.61,655.61,655.11,655.29,83125.959094,655.2814,1765,
2026-04-02 15:30:00,655.32,655.42,654.82,655.1,87471.069794,655.0541,1859,
2026-04-02 15:31:00,655.08,655.09,654.6,654.93,96597.542855,654.8752,1906,
2026-04-02 15:32:00,654.945,655.01,654.75,654.885,69693.3139,654.9028,1577,
2026-04-02 15:33:00,654.8,654.88,654.37,654.51,84255.152846,654.6131,1767,
2026-04-02 15:34:00,654.51,654.98,654.32,654.9657,138546.320109,654.5611,2259,
2026-04-02 15:35:00,654.98,655.19,654.83,655.08,77131.46909,655.025,1682,
2026-04-02 15:36:00,655.095,655.55,655.05,655.55,67681.667719,655.2801,1447,
2026-04-02 15:37:00,655.535,655.8894,655.41,655.5,95465.737866,655.6432,1886,
2026-04-02 15:38:00,655.51,655.51,655.16,655.4,122588.281254,655.2854,2193,
2026-04-02 15:39:00,655.4,655.565,654.99,655.21,79675.468177,655.2703,1579,
2026-04-02 15:40:00,655.19,655.4099,654.9433,655.07,82257.890614,655.1328,1704,
2026-04-02 15:41:00,655.08,655.22,654.41,654.68,98721.082394,654.7258,1984,
2026-04-02 15:42:00,654.69,654.8094,654.26,654.41,88312.132227,654.5179,1680,
2026-04-02 15:43:00,654.43,654.82,654.38,654.73,116863.487548,654.5726,1863,
2026-04-02 15:44:00,654.75,655.34,654.7,655.22,73609.611227,655.1384,1407,
2026-04-02 15:45:00,655.22,655.2398,654.45,654.52,110033.075379,654.7571,2053,
2026-04-02 15:46:00,654.49,655.03,654.45,654.76,75410.83921,654.7289,1289,
2026-04-02 15:47:00,654.79,654.88,654.48,654.79,93658.036127,654.6482,1376,
2026-04-02 15:48:00,654.8,654.95,654.17,654.4,98294.770666,654.4979,1809,
2026-04-02 15:49:00,654.4015,654.49,654.09,654.16,69877.042536,654.298,1470,
2026-04-02 15:50:00,654.18,654.218,653.42,653.49,271890.849501,653.6395,4197,
2026-04-02 15:51:00,653.48,653.7,653.0301,653.29,173191.958648,653.3991,2904,
2026-04-02 15:52:00,653.29,654.1,653.28,654.03,197888.52331,653.6182,2732,
2026-04-02 15:53:00,654.0,654.04,653.63,653.69,105752.534969,653.8162,1818,
2026-04-02 15:54:00,653.71,654.6294,653.65,654.47,173689.734913,654.2274,2237,
2026-04-02 15:55:00,654.45,654.755,654.2106,654.755,133565.696309,654.5416,1597,
2026-04-02 15:56:00,654.75,654.75,654.13,654.2,345442.001345,654.9289,1733,
2026-04-02 15:57:00,654.17,654.27,653.763,653.96,89869.875236,653.9637,1648,
2026-04-02 15:58:00,653.96,654.15,653.82,653.89,69850.247398,653.9622,1352,
2026-04-02 15:59:00,653.88,654.23,653.86,654.0,75034.75529,654.0602,1401,
2026-04-02 16:00:00,653.985,654.5994,653.79,653.88,77990.155986,654.0461,1416,
2026-04-02 16:01:00,653.93,654.67,653.93,654.58,104207.316243,654.4453,1700,
2026-04-02 16:02:00,654.55,654.605,654.06,654.19,77685.459806,654.2933,1539,
2026-04-02 16:03:00,654.205,654.28,653.98,654.15,71356.314423,654.1756,1377,
2026-04-02 16:04:00,654.16,654.23,653.59,653.77,90023.276842,653.838,1870,
2026-04-02 16:05:00,653.77,654.11,653.76,653.98,39422.421426,653.9456,872,
2026-04-02 16:06:00,653.95,653.99,653.63,653.72,90158.945766,653.8045,1409,
2026-04-02 16:07:00,653.71,653.71,653.33,653.39,50905.386425,653.5116,1178,
2026-04-02 16:08:00,653.39,653.52,652.8,652.8499,126331.261933,653.1184,2455,
2026-04-02 16:09:00,652.83,653.68,652.83,653.58,125689.395818,653.2782,2017,
2026-04-02 16:10:00,653.58,653.7,653.215,653.26,75051.856194,653.3929,1316,
2026-04-02 16:11:00,653.28,653.41,653.03,653.28,67917.654887,653.2036,1489,
2026-04-02 16:12:00,653.26,653.57,653.23,653.33,50087.841669,653.3803,1052,
2026-04-02 16:13:00,653.32,653.74,653.22,653.58,78426.808253,653.5488,1589,
2026-04-02 16:14:00,653.54,653.62,653.33,653.3882,74758.942793,653.4787,1442,
2026-04-02 16:15:00,653.38,653.44,653.15,653.34,93160.598439,653.2928,1862,
2026-04-02 16:16:00,653.36,653.65,653.24,653.3,109811.007605,653.4809,2001,
2026-04-02 16:17:00,653.3,653.46,652.98,653.22,71759.075151,653.1975,1543,
2026-04-02 16:18:00,653.2,653.38,652.89,653.06,99351.898235,653.1007,1829,
2026-04-02 16:19:00,653.08,653.14,652.46,652.5,147822.709378,652.7108,2481,
2026-04-02 16:20:00,652.49,652.69,652.17,652.54,177231.220263,652.4744,2830,
2026-04-02 16:21:00,652.54,652.92,652.54,652.8,132025.390057,652.7043,2103,
2026-04-02 16:22:00,652.79,653.08,652.75,652.95,102293.838342,652.9172,1868,
2026-04-02 16:23:00,652.91,653.09,652.57,652.72,91490.758479,652.8198,1542,
2026-04-02 16:24:00,652.71,652.84,652.55,652.55,65116.35129,652.7145,1229,
2026-04-02 16:25:00,652.54,652.72,652.33,652.4,101793.976163,652.5552,1751,
2026-04-02 16:26:00,652.4,652.76,652.38,652.685,139521.545526,652.5817,1755,
2026-04-02 16:27:00,652.685,652.91,652.62,652.91,66499.556291,652.774,1219,
2026-04-02 16:28:00,652.8981,653.25,652.83,652.93,70810.137074,653.026,1597,
2026-04-02 16:29:00,652.93,652.99,652.7,652.72,76483.278373,652.8164,1026,
2026-04-02 16:30:00,652.71,652.86,652.5616,652.58,64563.863745,652.688,1229,
2026-04-02 16:31:00,652.61,653.1834,652.52,653.095,79082.703278,652.8679,1326,
2026-04-02 16:32:00,653.11,653.8,653.08,653.76,140109.69857,653.5726,2199,
2026-04-02 16:33:00,653.73,654.0,653.53,653.78,86515.100186,653.8158,1637,
2026-04-02 16:34:00,653.79,653.84,653.53,653.57,72368.40742,653.6948,1535,
2026-04-02 16:35:00,653.56,653.844,653.4,653.725,92231.458861,653.6099,1505,
2026-04-02 16:36:00,653.72,653.75,652.82,653.395,134981.976796,653.2022,2561,
2026-04-02 16:37:00,653.38,653.53,653.06,653.32,60062.787354,653.3441,1090,
2026-04-02 16:38:00,653.33,653.42,652.565,653.1,220979.005813,652.9792,3531,
2026-04-02 16:39:00,653.09,653.45,653.06,653.28,58059.005791,653.2548,1031,
2026-04-02 16:40:00,653.22,654.95,653.21,654.01,443399.577614,654.1556,7097,
2026-04-02 16:41:00,654.01,654.05,653.578,653.81,121806.925382,653.7681,1731,
2026-04-02 16:42:00,653.77,654.1,653.73,653.955,42695.480936,653.9351,746,
2026-04-02 16:43:00,653.93,654.14,653.8001,654.13,51657.529726,654.0001,949,
2026-04-02 16:44:00,654.07,654.5,654.07,654.23,49245.0989,654.3153,857,
2026-04-02 16:45:00,654.27,654.54,654.17,654.45,49299.483186,654.3823,879,
2026-04-02 16:46:00,654.47,654.56,654.33,654.415,48951.065257,654.4356,891,
2026-04-02 16:47:00,654.41,654.42,654.1801,654.34,86504.429858,654.2959,1794,
2026-04-02 16:48:00,654.34,654.34,653.95,653.98,48772.75465,654.1322,868,
2026-04-02 16:49:00,653.98,654.292,653.98,654.27,44840.402485,654.1626,817,
2026-04-02 16:50:00,654.27,654.41,654.23,654.28,32653.925335,654.3282,684,
2026-04-02 16:51:00,654.28,654.3,653.89,654.12,50045.977156,654.0838,1003,
2026-04-02 16:52:00,654.16,654.33,654.12,654.3,634488.924938,654.1563,645,
2026-04-02 16:53:00,654.29,654.48,654.25,654.43,27371.232845,654.3845,702,
2026-04-02 16:54:00,654.44,654.58,654.3,654.3499,36766.487501,654.4439,796,
2026-04-02 16:55:00,654.315,654.315,654.1,654.16,37721.129903,654.2112,797,
2026-04-02 16:56:00,654.1745,654.1799,653.96,654.0019,35552.951744,654.0681,713,
2026-04-02 16:57:00,653.98,654.15,653.85,653.86,57106.761315,654.0179,899,
2026-04-02 16:58:00,653.89,654.0,653.69,653.8401,39629.421256,653.8567,834,
2026-04-02 16:59:00,653.86,654.0,653.54,653.56,31089.943019,653.7899,778,
2026-04-02 17:00:00,653.57,653.64,653.075,653.11,96517.377176,653.3661,1849,
2026-04-02 17:01:00,653.11,653.3599,653.03,653.07,50347.805676,653.1509,1101,
2026-04-02 17:02:00,653.05,653.26,653.05,653.2,47641.944302,653.1494,1163,
2026-04-02 17:03:00,653.26,653.9,653.25,653.8,74672.942159,653.6267,1389,
2026-04-02 17:04:00,653.82,653.94,653.68,653.81,31676.535093,653.8173,804,
2026-04-02 17:05:00,653.79,653.86,653.59,653.84,36791.350055,653.7371,905,
2026-04-02 17:06:00,653.86,653.93,653.59,653.82,31004.676586,653.7746,778,
2026-04-02 17:07:00,653.81,654.0,653.8,653.91,35431.362581,653.9196,611,
2026-04-02 17:08:00,653.87,653.87,653.5,653.57,39420.405312,653.6963,736,
2026-04-02 17:09:00,653.59,653.855,653.5,653.77,33121.066384,653.6596,777,
2026-04-02 17:10:00,653.79,653.86,653.555,653.6,34728.724766,653.7513,792,
2026-04-02 17:11:00,653.57,653.77,653.43,653.495,38749.111433,653.6002,915,
2026-04-02 17:12:00,653.51,653.79,653.41,653.77,44362.552709,653.5923,1022,
2026-04-02 17:13:00,653.79,654.28,653.69,654.26,54900.373896,653.9654,1397,
2026-04-02 17:14:00,654.25,654.61,654.2,654.36,83995.208956,654.3824,1534,
2026-04-02 17:15:00,654.34,654.61,654.26,654.4776,91152.243946,654.4475,1760,
2026-04-02 17:16:00,654.47,655.03,654.445,654.59,96328.360187,654.7185,1994,
2026-04-02 17:17:00,654.58,654.655,654.4,654.6199,44572.34928,654.5293,850,
2026-04-02 17:18:00,654.59,654.66,654.395,654.395,25011.7183,654.5445,647,
2026-04-02 17:19:00,654.42,654.64,654.4,654.61,21867.320152,654.529,619,
2026-04-02 17:20:00,654.57,654.76,654.5251,654.72,32008.686852,654.6623,769,
2026-04-02 17:21:00,654.7,654.72,654.5,654.63,22240.067703,654.6094,637,
2026-04-02 17:22:00,654.63,654.72,654.4144,654.69,124637.679283,654.5431,641,
2026-04-02 17:23:00,654.67,654.92,654.64,654.87,43316.228194,654.8099,980,
2026-04-02 17:24:00,654.946,655.0,654.8,654.84,45548.00546,654.9296,902,
2026-04-02 17:25:00,654.88,655.04,654.75,654.805,46664.567191,654.9165,1048,
2026-04-02 17:26:00,654.79,654.85,654.64,654.66,26252.88508,654.7429,702,
2026-04-02 17:27:00,654.67,654.74,654.5723,654.74,25456.431497,654.6666,606,
2026-04-02 17:28:00,654.71,654.82,654.61,654.74,38160.439688,654.7285,818,
2026-04-02 17:29:00,654.745,654.77,654.58,654.63,57733.484075,654.6783,1051,
2026-04-02 17:30:00,654.65,654.75,654.49,654.6,404111.395957,654.6447,872,
2026-04-02 17:31:00,654.59,654.737,654.38,654.4,30640.946742,654.5876,1014,
2026-04-02 17:32:00,654.425,654.53,654.35,654.46,39012.766219,654.4783,941,
2026-04-02 17:33:00,654.44,654.51,654.17,654.32,81115.495899,654.3441,1664,
2026-04-02 17:34:00,654.32,654.54,654.29,654.3,58265.957527,654.4393,1163,
2026-04-02 17:35:00,654.3,654.32,653.99,654.09,65536.209507,654.1715,1440,
2026-04-02 17:36:00,654.09,654.25,654.06,654.1,39219.834716,654.1787,823,
2026-04-02 17:37:00,654.11,654.14,653.95,654.015,28811.974924,654.0543,609,
2026-04-02 17:38:00,654.01,654.25,653.98,654.085,36603.20553,654.13,800,
2026-04-02 17:39:00,654.1,654.355,654.07,654.29,39522.414871,654.2227,780,
2026-04-02 17:40:00,654.28,654.42,654.2,654.2,43597.931286,654.3457,837,
2026-04-02 17:41:00,654.2304,654.335,653.97,654.02,51817.515831,654.216,1147,
2026-04-02 17:42:00,654.02,654.06,653.8,654.04,74169.873445,653.9122,1126,
2026-04-02 17:43:00,654.01,654.16,653.92,654.01,49349.448486,654.0249,986,
2026-04-02 17:44:00,654.0,654.26,653.99,654.23,29965.610396,654.0994,800,
2026-04-02 17:45:00,654.25,654.3,653.82,653.82,53680.484027,654.0872,1137,
2026-04-02 17:46:00,653.81,653.9,653.47,653.6,88734.109666,653.6284,1706,
2026-04-02 17:47:00,653.62,653.65,653.07,653.19,100865.765893,653.3792,1796,
2026-04-02 17:48:00,653.21,653.24,652.78,652.83,148369.907207,653.0254,6150,
2026-04-02 17:49:00,652.8299,652.95,652.69,652.77,57875.393473,652.8045,1175,
2026-04-02 17:50:00,652.76,653.2399,652.72,653.11,92759.020437,653.0293,1638,
2026-04-02 17:51:00,653.11,653.21,652.86,652.87,83289.205374,653.0668,1135,
2026-04-02 17:52:00,652.84,652.95,652.55,652.8341,98798.462256,652.7381,1722,
2026-04-02 17:53:00,652.81,653.19,652.78,652.97,75387.068053,653.0059,1494,
2026-04-02 17:54:00,652.97,653.26,652.93,653.23,35474.052921,653.0839,686,
2026-04-02 17:55:00,653.24,653.475,652.99,653.12,89403.59561,653.1828,1586,
2026-04-02 17:56:00,653.1,653.19,652.93,653.1,37155.663165,653.0991,885,
2026-04-02 17:57:00,653.095,653.14,652.99,652.99,35342.491588,653.0645,830,
2026-04-02 17:58:00,652.98,653.12,652.86,653.0965,41622.916396,652.9807,991,
2026-04-02 17:59:00,653.085,653.35,653.06,653.2102,59829.494487,653.2031,1182,
2026-04-02 18:00:00,653.24,653.72,653.24,653.54,213745.05792,654.4691,1650,
2026-04-02 18:01:00,653.515,653.77,653.5,653.66,68401.8437,653.6311,1138,
2026-04-02 18:02:00,653.685,653.7,653.5,653.6,48170.141499,653.5776,1198,
2026-04-02 18:03:00,653.6088,653.76,653.42,653.64,101905.513883,653.6357,1875,
2026-04-02 18:04:00,653.61,653.92,653.53,653.9,36607.380848,653.7239,978,
2026-04-02 18:05:00,653.905,654.418,653.8,654.25,218460.87196,654.209,3221,
2026-04-02 18:06:00,654.24,654.24,653.89,654.145,106603.219146,654.0943,1552,
2026-04-02 18:07:00,654.16,654.1749,653.7779,653.85,47271.210955,653.9633,1096,
2026-04-02 18:08:00,653.87,653.98,653.72,653.86,45536.717629,653.8637,796,
2026-04-02 18:09:00,653.88,654.06,653.86,654.0097,25597.419111,653.9597,578,
2026-04-02 18:10:00,653.99,654.34,653.95,654.23,103138.223232,654.2034,1841,
2026-04-02 18:11:00,654.205,654.27,654.14,654.15,85599.469495,654.2013,1258,
2026-04-02 18:12:00,654.13,654.17,653.87,654.1,84871.031877,654.0613,1287,
2026-04-02 18:13:00,654.11,654.11,653.89,653.99,70406.396824,654.0077,1638,
2026-04-02 18:14:00,653.99,654.04,653.81,653.9,80534.346866,653.9092,1466,
2026-04-02 18:15:00,653.91,653.96,653.59,653.78,63208.235002,653.7813,1210,
2026-04-02 18:16:00,653.78,654.09,653.74,654.05,87847.55118,653.8714,1546,
2026-04-02 18:17:00,654.0241,654.23,653.9899,654.205,65265.700893,654.1308,1434,
2026-04-02 18:18:00,654.181,654.24,654.1,654.1,45737.124676,654.1672,919,
2026-04-02 18:19:00,654.13,654.16,653.84,653.98,82337.856434,653.97,1513,
2026-04-02 18:20:00,653.99,654.05,653.87,653.94,48020.747157,653.9657,1012,
2026-04-02 18:21:00,653.9375,654.09,653.84,653.965,32717.076283,653.9715,769,
2026-04-02 18:22:00,653.97,653.99,653.84,653.99,46396.708492,653.9153,1179,
2026-04-02 18:23:00,654.02,654.02,653.785,653.88,42277.492414,653.8943,1039,
2026-04-02 18:24:00,653.89,653.985,653.66,653.67,44872.065368,653.7999,982,
2026-04-02 18:25:00,653.66,653.6989,653.4,653.45,63990.568913,653.5029,1226,
2026-04-02 18:26:00,653.46,653.57,653.36,653.435,85319.887099,653.4609,1138,
2026-04-02 18:27:00,653.48,653.58,653.41,653.47,49802.811694,653.5135,949,
2026-04-02 18:28:00,653.5325,653.74,653.47,653.59,87809.308019,653.5882,1394,
2026-04-02 18:29:00,653.58,653.69,653.42,653.5,80693.951595,653.5521,1475,
2026-04-02 18:30:00,653.51,653.81,653.49,653.79,49694.311386,653.6393,1169,
2026-04-02 18:31:00,653.78,653.84,653.56,653.65,87920.908334,653.6855,2021,
2026-04-02 18:32:00,653.64,653.71,653.41,653.4997,57729.578735,653.5571,1365,
2026-04-02 18:33:00,653.48,653.61,653.39,653.55,52776.412868,653.5082,1540,
2026-04-02 18:34:00,653.58,653.8,653.57,653.72,165816.296716,654.7888,1036,
2026-04-02 18:35:00,653.69,653.81,653.59,653.75,88306.192949,653.6975,1490,
2026-04-02 18:36:00,653.75,653.78,653.605,653.66,97486.458851,653.6864,1129,
2026-04-02 18:37:00,653.63,653.76,653.58,653.73,39541.453397,653.6597,883,
2026-04-02 18:38:00,653.74,653.74,653.48,653.55,92037.23794,653.5915,1618,
2026-04-02 18:39:00,653.56,653.66,653.42,653.57,60712.472131,653.559,1421,
2026-04-02 18:40:00,653.54,654.2,653.52,654.19,134641.987192,653.8774,2496,
2026-04-02 18:41:00,654.2,654.54,654.06,654.26,114885.40884,654.3444,2031,
2026-04-02 18:42:00,654.28,654.28,654.06,654.12,74737.729815,654.1573,1221,
2026-04-02 18:43:00,654.135,654.17,653.9,653.98,85776.939108,654.0044,1542,
2026-04-02 18:44:00,653.975,654.34,653.96,654.34,77432.946291,654.1871,1131,
2026-04-02 18:45:00,654.31,654.54,654.22,654.45,96573.207231,654.3789,1292,
2026-04-02 18:46:00,654.4603,654.63,654.35,654.565,222672.829868,654.867,1224,
2026-04-02 18:47:00,654.57,654.65,654.39,654.495,45707.95239,654.532,850,
2026-04-02 18:48:00,654.5,654.62,654.29,654.325,72619.315506,654.4477,1440,
2026-04-02 18:49:00,654.34,654.52,654.305,654.4999,54904.478481,654.4706,964,
2026-04-02 18:50:00,654.4945,654.61,654.35,654.3533,81743.083665,654.4575,1415,
2026-04-02 18:51:00,654.37,654.56,654.32,654.54,151485.803786,654.4409,1858,
2026-04-02 18:52:00,654.54,654.84,654.53,654.7901,70905.031896,654.6735,1280,
2026-04-02 18:53:00,654.79,655.015,654.74,654.81,219134.702182,655.0108,1480,
2026-04-02 18:54:00,654.81,654.83,654.6501,654.6901,114611.421615,654.3799,1160,
2026-04-02 18:55:00,654.72,654.73,654.42,654.4801,150658.165858,654.5342,2398,
2026-04-02 18:56:00,654.495,654.66,654.47,654.51,73726.339353,654.5525,1142,
2026-04-02 18:57:00,654.53,654.59,654.44,654.49,51156.4169,654.5332,963,
2026-04-02 18:58:00,654.49,654.63,654.46,654.56,49348.072922,654.553,1025,
2026-04-02 18:59:00,654.54,654.55,654.35,654.46,74519.303231,654.4383,1322,
2026-04-02 19:00:00,654.46,654.66,654.41,654.605,97394.929737,654.5663,1610,
2026-04-02 19:01:00,654.59,654.8,654.58,654.73,71421.755777,654.7119,1118,
2026-04-02 19:02:00,654.75,654.85,654.72,654.755,98355.085441,654.7842,1376,
2026-04-02 19:03:00,654.76,654.78,654.56,654.59,74945.509678,654.6883,1181,
2026-04-02 19:04:00,654.59,654.6,654.39,654.53,74667.222595,654.4833,1358,
2026-04-02 19:05:00,654.53,654.91,654.5,654.74,48341.723118,654.721,1060,
2026-04-02 19:06:00,654.74,654.74,654.57,654.68,52266.190248,654.6533,1208,
2026-04-02 19:07:00,654.68,654.834,654.61,654.81,86690.825497,654.6874,950,
2026-04-02 19:08:00,654.81,654.88,654.57,654.83,161444.154453,654.7381,2544,
2026-04-02 19:09:00,654.84,654.87,654.66,654.83,78641.185295,654.7651,1649,
2026-04-02 19:10:00,654.85,655.12,654.85,655.11,125689.026731,654.987,1854,
2026-04-02 19:11:00,655.1199,655.27,655.035,655.145,129181.814922,655.1735,2348,
2026-04-02 19:12:00,655.16,655.16,654.98,655.07,102271.199465,655.08,1575,
2026-04-02 19:13:00,655.06,655.06,654.8,654.85,56600.879055,654.9396,1224,
2026-04-02 19:14:00,654.84,654.88,654.64,654.73,125406.540454,654.7386,2137,
2026-04-02 19:15:00,654.74,654.86,654.55,654.61,69797.870109,654.6733,1573,
2026-04-02 19:16:00,654.595,654.65,654.42,654.52,110089.665965,654.5494,2109,
2026-04-02 19:17:00,654.535,654.554,654.42,654.45,64210.02459,654.4798,1261,
2026-04-02 19:18:00,654.43,654.49,654.29,654.29,63053.57032,654.4035,1225,
2026-04-02 19:19:00,654.28,654.59,654.28,654.5401,316717.033178,654.99,1278,
2026-04-02 19:20:00,654.545,654.58,654.43,654.43,49119.225775,654.5237,1141,
2026-04-02 19:21:00,654.42,654.45,654.2101,654.2601,349425.177799,654.6712,1378,
2026-04-02 19:22:00,654.3,654.59,654.14,654.59,82546.820871,654.3272,1726,
2026-04-02 19:23:00,654.6,654.85,654.35,654.745,1574904.967906,654.4093,1495,
2026-04-02 19:24:00,654.72,654.777,654.43,654.45,68084.059734,654.6096,1375,
2026-04-02 19:25:00,654.45,654.49,654.31,654.3596,64425.090787,654.3958,1400,
2026-04-02 19:26:00,654.35,654.36,654.17,654.275,107310.708348,654.2509,1730,
2026-04-02 19:27:00,654.26,654.47,654.26,654.32,96834.653716,654.3835,1757,
2026-04-02 19:28:00,654.2904,654.32,654.13,654.2201,85797.255548,654.2371,1499,
2026-04-02 19:29:00,654.23,654.43,654.2,654.3799,108651.545244,654.3308,1978,
2026-04-02 19:30:00,654.37,654.54,654.32,654.46,83232.546444,654.4172,1622,
2026-04-02 19:31:00,654.46,654.58,654.36,654.49,68017.976718,654.4994,1321,
2026-04-02 19:32:00,654.5,654.62,654.2701,654.33,73160.767531,654.4225,1414,
2026-04-02 19:33:00,654.33,654.36,654.09,654.13,117186.269516,654.2389,2030,
2026-04-02 19:34:00,654.14,654.31,654.09,654.31,103450.149722,654.2169,1610,
2026-04-02 19:35:00,654.2901,654.625,654.28,654.47,119367.96421,654.4825,2225,
2026-04-02 19:36:00,654.47,654.64,654.4,654.52,106257.959889,654.5182,1742,
2026-04-02 19:37:00,654.515,654.63,654.43,654.44,72380.716221,654.5365,1371,
2026-04-02 19:38:00,654.43,654.56,654.4001,654.52,68503.145477,654.4878,1385,
2026-04-02 19:39:00,654.5,654.78,654.46,654.76,125827.421042,654.6632,1896,
2026-04-02 19:40:00,654.75,654.99,654.7,654.97,140290.467942,654.8563,2244,
2026-04-02 19:41:00,654.975,655.01,654.63,654.7195,123211.185182,654.8006,1863,
2026-04-02 19:42:00,654.72,654.83,654.56,654.5607,105248.449512,654.6878,1929,
2026-04-02 19:43:00,654.562,654.71,654.54,654.56,115048.245878,654.5988,1837,
2026-04-02 19:44:00,654.55,654.55,654.359,654.389,80420.296648,654.4816,1708,
2026-04-02 19:45:00,654.39,654.58,654.18,654.31,118970.558357,654.4006,2542,
2026-04-02 19:46:00,654.31,654.45,654.2551,654.43,75999.464711,654.3555,1712,
2026-04-02 19:47:00,654.45,654.63,654.3697,654.61,163186.938195,654.4513,2733,
2026-04-02 19:48:00,654.6,654.66,654.405,654.56,306212.079322,654.7814,2767,
2026-04-02 19:49:00,654.56,654.63,654.5,654.59,114289.781633,654.5669,1911,
2026-04-02 19:50:00,654.61,655.6,654.6,655.29,608407.281279,655.2352,6304,
2026-04-02 19:51:00,655.28,655.35,655.05,655.315,293919.041975,655.1944,3973,
2026-04-02 19:52:00,655.32,655.48,655.21,655.375,275750.874303,655.3138,3573,
2026-04-02 19:53:00,655.37,655.54,655.29,655.4,251712.824301,655.3981,3773,
2026-04-02 19:54:00,655.42,655.61,655.33,655.4612,423214.738727,655.3775,4229,
2026-04-02 19:55:00,655.47,656.1,655.35,655.81,508754.237782,655.8097,7125,
2026-04-02 19:56:00,655.81,655.84,655.61,655.72,326208.330817,655.7305,4500,
2026-04-02 19:57:00,655.69,655.89,655.55,655.85,362306.226528,655.7415,4843,
2026-04-02 19:58:00,655.86,655.99,655.705,655.72,588692.552935,655.6924,7124,
2026-04-02 19:59:00,655.72,656.04,655.66,655.88,2044977.506163,655.7743,14058,
2026-04-02 20:00:00,655.89,656.06,655.55,655.78,147210.123829,655.7292,819,
2026-04-02 20:01:00,655.8,656.04,655.77,655.91,76401.23013,655.9368,452,
2026-04-02 20:02:00,655.91,655.93,655.66,655.7,64197.974124,655.7599,415,
2026-04-02 20:03:00,655.71,655.9,655.71,655.84,22698.276381,655.8327,145,
2026-04-02 20:04:00,655.81,655.84,655.69,655.72,140223.741854,655.1875,146,
2026-04-02 20:05:00,655.7383,655.75,655.623,655.66,151732.114622,655.2159,193,
2026-04-02 20:06:00,655.65,655.67,655.549,655.64,21219.138158,655.6148,161,
2026-04-02 20:07:00,655.63,655.74,655.61,655.71,36784.683254,655.6791,310,
2026-04-02 20:08:00,655.7,655.8569,655.52,655.52,523015.290623,655.845,254,
2026-04-02 20:09:00,655.54,655.56,655.51,655.52,11982.346931,655.5572,132,
2026-04-02 20:10:00,655.57,655.66,655.52,655.61,9863.172138,655.6383,99,
2026-04-02 20:11:00,655.61,655.77,655.59,655.74,25080.779776,655.6738,151,
2026-04-02 20:12:00,655.83,655.84,655.74,655.78,1720201.221692,655.8481,102,
2026-04-02 20:13:00,655.74,655.86,655.72,655.84,9283.009516,655.7711,100,
2026-04-02 20:14:00,655.79,655.92,655.67,655.91,31749.712969,655.7612,276,
2026-04-02 20:15:00,655.87,656.0,655.8118,655.92,815048.183354,655.8571,165,
2026-04-02 20:16:00,655.92,655.93,655.74,655.78,13805.019983,655.8228,157,
2026-04-02 20:17:00,655.82,655.87,655.82,655.83,8486.658218,655.889,65,
2026-04-02 20:18:00,655.82,655.8449,655.81,655.83,3491.654083,655.943,48,
2026-04-02 20:19:00,655.86,655.88,655.82,655.85,6178.31254,655.8879,55,
2026-04-02 20:20:00,655.86,655.86,655.74,655.75,44742.608708,655.7929,277,
2026-04-02 20:21:00,655.75,655.82,655.75,655.81,16296.016559,655.7606,78,
2026-04-02 20:22:00,655.8,655.88,655.78,655.8,6861.31695,655.8503,58,
2026-04-02 20:23:00,655.79,655.9,655.79,655.84,12209.022439,655.8447,104,
2026-04-02 20:24:00,655.85,655.95,655.84,655.95,95484.72496,655.9129,386,
2026-04-02 20:25:00,655.95,655.96,655.92,655.95,68543.575025,655.9537,271,
2026-04-02 20:26:00,655.94,655.98,655.9,655.9,24168.497562,655.9671,128,
2026-04-02 20:27:00,655.92,656.04,655.91,656.03,18654.551465,655.9769,125,
2026-04-02 20:28:00,656.05,656.07,655.97,656.07,21044.189312,656.0169,151,
2026-04-02 20:29:00,656.07,656.4,656.06,656.32,64034.225309,656.2612,418,
2026-04-02 20:30:00,656.32,656.39,656.22,656.23,26235.4263,656.2963,209,
2026-04-02 20:31:00,656.23,656.23,656.12,656.15,34684.189069,656.166,220,
2026-04-02 20:32:00,656.12,656.14,656.0,656.0,17924.482591,656.0936,115,
2026-04-02 20:33:00,656.0,656.13,656.0,656.02,23574.219905,656.0705,198,
2026-04-02 20:34:00,656.01,656.01,655.85,655.9254,16341.374783,655.9493,153,
2026-04-02 20:35:00,655.87,655.94,655.85,655.85,7749.250152,655.8917,90,
2026-04-02 20:36:00,655.85,655.88,655.8,655.88,18415.861627,655.8711,119,
2026-04-02 20:37:00,655.87,655.92,655.85,655.9,15864.081048,655.8848,113,
2026-04-02 20:38:00,655.91,655.91,655.8,655.87,12642.031192,655.867,100,
2026-04-02 20:39:00,655.85,656.01,655.85,655.96,32996.702578,656.0049,191,
2026-04-02 20:40:00,655.95,656.0,655.85,655.85,29005.110824,655.9647,232,
2026-04-02 20:41:00,655.85,655.94,655.82,655.82,9819.792825,655.9301,99,
2026-04-02 20:42:00,655.82,655.9599,655.82,655.95,8164.124761,655.895,84,
2026-04-02 20:43:00,655.92,655.95,655.88,655.89,10155.245103,655.9399,97,
2026-04-02 20:44:00,655.93,655.94,654.6334,655.85,383084.203122,654.6601,101,
2026-04-02 20:45:00,655.9,655.93,655.87,655.9,6349.298629,655.9296,58,
2026-04-02 20:46:00,655.92,656.02,655.92,656.02,9404.024639,655.9819,73,
2026-04-02 20:47:00,656.02,656.14,655.8751,656.04,22156.607982,655.9363,54,
2026-04-02 20:48:00,656.0425,656.09,655.99,656.09,5547.688778,656.0958,47,
2026-04-02 20:49:00,656.04,656.07,655.94,655.94,4352.030971,656.0315,41,
2026-04-02 20:50:00,655.95,655.95,655.86,655.89,5668.564516,655.9644,63,
2026-04-02 20:51:00,655.92,655.94,655.91,655.93,6592.216481,655.9492,74,
2026-04-02 20:52:00,655.9,655.94,655.84,655.88,4701.806388,656.0027,71,
2026-04-02 20:53:00,655.88,655.91,655.82,655.83,13081.468488,655.8588,79,
2026-04-02 20:54:00,655.82,655.87,655.801,655.84,4705.038116,655.8412,44,
2026-04-02 20:55:00,655.87,655.89,655.75,655.8,14195.17914,655.8037,96,
2026-04-02 20:56:00,655.8,655.8,655.77,655.8,2254.381927,655.8975,27,
2026-04-02 20:57:00,655.81,655.82,655.72,655.74,2618.131168,655.7927,34,
2026-04-02 20:58:00,655.8,655.85,655.8,655.82,3765.113649,655.8387,43,
2026-04-02 20:59:00,655.82,655.93,655.8,655.91,11413.619041,655.9217,107,
2026-04-02 21:00:00,655.85,655.91,655.7511,655.8,2845.099436,655.8352,37,
2026-04-02 21:01:00,655.8,655.8,655.64,655.76,7375.090845,655.7236,106,
2026-04-02 21:02:00,655.76,655.79,655.74,655.79,1103.057141,655.7962,22,
2026-04-02 21:03:00,655.75,655.75,655.73,655.7339,464.289278,656.1519,17,
2026-04-02 21:04:00,655.73,655.75,655.73,655.73,759.349243,656.0384,17,
2026-04-02 21:05:00,655.75,655.77,655.71,655.76,2742.1682,655.785,34,
2026-04-02 21:06:00,655.77,655.79,655.7,655.7201,2924.178179,655.7947,43,
2026-04-02 21:07:00,655.75,655.75,655.722,655.75,398.64649,656.8053,12,
2026-04-02 21:08:00,655.722,655.75,655.722,655.7498,1726.50903,655.9414,27,
2026-04-02 21:09:00,655.75,655.77,655.75,655.75,1966.873707,656.0473,28,
2026-04-02 21:10:00,655.76,655.79,655.76,655.77,1063.384565,656.0151,20,
2026-04-02 21:11:00,655.77,656.02,655.77,655.78,5209.476029,655.9046,95,
2026-04-02 21:12:00,655.78,655.78,655.76,655.76,962.0494,655.8024,26,
2026-04-02 21:13:00,655.75,655.88,655.75,655.85,6940.060911,655.8404,92,
2026-04-02 21:14:00,655.85,655.87,655.85,655.85,2269.108201,655.8825,27,
2026-04-02 21:15:00,655.85,655.85,655.83,655.85,2184.547438,656.0081,34,
2026-04-02 21:16:00,655.84,655.84,655.8,655.8,2770.604551,655.9698,22,
2026-04-02 21:17:00,655.8,655.8,655.78,655.7997,773.790591,656.4653,18,
2026-04-02 21:18:00,655.8,655.96,655.8,655.96,5835.578195,655.9747,74,
2026-04-02 21:19:00,655.98,656.07,655.98,656.04,6505.034314,656.0164,59,
2026-04-02 21:20:00,656.04,656.04,655.88,655.92,3079.587005,656.1133,49,
2026-04-02 21:21:00,655.89,655.97,655.84,655.84,1447.285745,656.0034,31,
2026-04-02 21:22:00,655.82,655.87,655.8,655.81,1480.005046,655.8222,20,
2026-04-02 21:23:00,655.84,655.84,655.8,655.8,1770.476514,655.9973,42,
2026-04-02 21:24:00,655.8,655.81,655.7926,655.8,1755.460414,655.9731,21,
2026-04-02 21:25:00,655.81,655.86,655.81,655.84,2175.511159,655.9939,22,
2026-04-02 21:26:00,655.84,655.9,655.8,655.85,2012.70315,656.0699,34,
2026-04-02 21:27:00,655.82,655.9,655.8,655.8,2774.204475,655.8892,38,
2026-04-02 21:28:00,655.8,655.83,655.8,655.8,1602.141487,655.8633,22,
2026-04-02 21:29:00,655.81,655.88,655.81,655.81,1075.430567,656.0913,19,
2026-04-02 21:30:00,655.88,655.88,655.8,655.8,2515.392575,655.9153,33,
2026-04-02 21:31:00,655.82,655.84,655.8,655.8,1616.695438,656.1068,38,
2026-04-02 21:32:00,655.8,655.8,655.78,655.78,502.084284,655.8972,28,
2026-04-02 21:33:00,655.78,655.79,655.78,655.79,505.147345,655.9793,13,
2026-04-02 21:34:00,655.7899,655.79,655.7813,655.7887,820.364871,656.0765,25,
2026-04-02 21:35:00,655.78,655.78,655.78,655.78,142.788628,659.4249,17,
2026-04-02 21:36:00,655.8,655.8,655.8,655.8,514.242799,656.1059,16,
2026-04-02 21:37:00,655.8,655.84,655.8,655.83,1314.180548,655.9186,31,
2026-04-02 21:38:00,655.85,655.85,655.83,655.83,589.398265,656.2788,16,
2026-04-02 21:39:00,655.83,655.87,655.83,655.83,1967.602087,656.0394,33,
2026-04-02 21:40:00,655.83,655.83,655.8,655.8,2723.064,655.8405,31,
2026-04-02 21:41:00,655.8,655.8,655.8,655.8,537.021062,655.8242,21,
2026-04-02 21:42:00,655.81,655.85,655.81,655.85,3024.11627,655.8567,49,
2026-04-02 21:43:00,655.85,655.87,655.85,655.87,4990.064174,655.8742,13,
2026-04-02 21:44:00,655.85,655.85,655.85,655.85,1244.844427,656.2955,16,
2026-04-02 21:45:00,655.85,655.88,655.85,655.88,1007.555171,656.2265,16,
2026-04-02 21:46:00,655.88,655.88,655.87,655.87,5895.039069,655.8746,31,
2026-04-02 21:47:00,655.8,655.86,655.781,655.781,330.133183,656.077,16,
2026-04-02 21:48:00,655.78,655.8,655.78,655.78,677.32873,656.1085,22,
2026-04-02 21:50:00,655.8,655.8,655.76,655.76,1023.083868,655.8317,10,
2026-04-02 21:51:00,655.75,655.75,655.75,655.75,204.664393,657.8901,14,
2026-04-02 21:52:00,655.79,655.79,655.79,655.79,120.079077,656.2166,21,
2026-04-02 21:54:00,655.79,655.8,655.7899,655.79,526.796588,656.7863,22,
2026-04-02 21:55:00,655.75,655.75,655.73,655.73,856.076243,655.8115,17,
2026-04-02 21:56:00,655.79,655.8,655.79,655.79,256.149854,656.1718,9,
2026-04-02 21:57:00,655.8,655.8,655.75,655.75,288.252664,656.3472,12,
2026-04-02 21:58:00,655.7909,655.8,655.75,655.8,437.076246,655.9004,10,
2026-04-02 22:00:00,655.72,655.72,655.55,655.66,5105.926702,655.7739,81,
2026-04-02 22:01:00,655.6,655.6,655.55,655.58,695.300171,655.8574,23,
2026-04-02 22:02:00,655.6,655.66,655.6,655.66,354.180479,655.9578,17,
2026-04-02 22:03:00,655.6797,655.7459,655.63,655.63,494.498635,656.3472,22,
2026-04-02 22:04:00,655.66,655.6892,655.65,655.65,909.708126,656.1663,16,
2026-04-02 22:05:00,655.65,655.65,655.6,655.65,1031.677962,656.0759,34,
2026-04-02 22:07:00,655.61,655.61,655.61,655.61,525.969061,656.8211,9,
2026-04-02 22:08:00,655.58,655.58,655.58,655.58,429.847071,656.8757,22,
2026-04-02 22:09:00,655.68,655.68,655.68,655.68,205.214682,656.3567,33,
2026-04-02 22:10:00,655.73,655.73,655.7,655.7,156.664314,658.5006,21,
2026-04-02 22:11:00,655.6,655.6,655.6,655.6,601.28471,655.9107,15,
2026-04-02 22:12:00,655.5955,655.5955,655.55,655.57,777.391053,655.8935,21,
2026-04-02 22:13:00,655.57,655.57,655.57,655.57,92.43588,658.6707,22,
2026-04-02 22:15:00,655.6,655.62,655.6,655.62,1351.059487,655.6301,25,
2026-04-02 22:16:00,655.74,655.74,655.74,655.74,280.116046,656.0044,20,
2026-04-02 22:18:00,655.76,655.88,655.76,655.88,1976.752301,656.0907,26,
2026-04-02 22:19:00,655.85,656.1,655.6499,655.6499,3416.291861,655.9427,86,
2026-04-02 22:20:00,655.68,655.72,655.5,655.54,6527.585305,655.5947,104,
2026-04-02 22:21:00,655.58,655.5999,655.56,655.56,937.435815,655.8817,26,
2026-04-02 22:22:00,655.7004,655.82,655.7004,655.81,1519.771168,656.1288,33,
2026-04-02 22:23:00,655.69,655.76,655.68,655.76,431.886232,657.0511,25,
2026-04-02 22:24:00,655.65,655.66,655.65,655.66,226.226067,656.3133,17,
2026-04-02 22:25:00,655.63,655.63,655.6,655.63,2215.644812,655.8199,25,
2026-04-02 22:26:00,655.77,655.87,655.77,655.85,1792.147081,655.8866,30,
2026-04-02 22:27:00,655.85,655.93,655.83,655.9,5314.549524,655.9608,59,
2026-04-02 22:28:00,655.88,655.9,655.8,655.83,1896.611838,656.0723,41,
2026-04-02 22:29:00,655.7998,655.89,655.7998,655.81,1407.645366,656.1247,16,
2026-04-02 22:30:00,655.79,655.86,655.79,655.86,2928.262184,655.8867,27,
2026-04-02 22:31:00,655.9,655.94,655.88,655.89,2570.416803,656.0147,35,
2026-04-02 22:32:00,655.91,655.98,655.91,655.98,2394.631399,656.1204,30,
2026-04-02 22:33:00,655.97,656.05,655.97,656.0299,5671.08926,656.0435,41,
2026-04-02 22:34:00,655.96,655.96,655.89,655.95,1028.871923,656.4974,30,
2026-04-02 22:35:00,655.87,655.95,655.84,655.95,1639.166289,655.9647,33,
2026-04-02 22:36:00,655.9,655.9,655.89,655.89,416.160085,656.1478,14,
2026-04-02 22:37:00,655.9,655.9,655.84,655.84,1624.423865,656.0385,33,
2026-04-02 22:38:00,655.85,655.861,655.83,655.83,1865.387894,655.977,26,
2026-04-02 22:39:00,655.83,655.91,655.8,655.881,4346.077545,655.8556,34,
2026-04-02 22:40:00,655.89,655.95,655.89,655.93,1309.668986,656.2545,19,
2026-04-02 22:41:00,655.99,656.0,655.99,656.0,164.131822,656.5245,29,
2026-04-02 22:43:00,655.911,655.911,655.9,655.9104,278.364038,656.7711,12,
2026-04-02 22:44:00,655.95,655.95,655.95,655.95,116.523992,658.9083,13,
2026-04-02 22:46:00,655.84,655.85,655.84,655.85,245.137847,656.2164,14,
2026-04-02 22:47:00,655.85,655.85,655.8,655.8,468.094914,655.9587,21,
2026-04-02 22:48:00,655.87,655.89,655.823,655.823,226.355715,656.8845,11,
2026-04-02 22:50:00,655.9,655.95,655.88,655.93,759.050205,655.9659,14,
2026-04-02 22:51:00,655.9,655.9,655.9,655.9,123.707455,659.6694,12,
2026-04-02 22:53:00,655.95,655.95,655.95,655.95,199.596486,657.9028,17,
2026-04-02 22:54:00,655.979,655.98,655.97,655.97,465.311605,656.4171,15,
2026-04-02 22:55:00,655.95,655.9581,655.95,655.9581,359.180002,656.2846,9,
2026-04-02 22:56:00,655.83,655.8883,655.83,655.8883,227.148846,656.2936,13,
2026-04-02 22:57:00,655.83,655.87,655.83,655.83,216.571271,657.5728,17,
2026-04-02 22:58:00,655.8539,655.8539,655.85,655.85,426.791321,657.0728,12,
2026-04-02 22:59:00,655.9,655.9,655.9,655.9,367.72518,657.189,11,
2026-04-02 23:00:00,655.84,655.84,655.63,655.63,2701.946763,655.9922,44,
2026-04-02 23:01:00,655.65,655.75,655.65,655.75,293.02635,655.761,18,
2026-04-02 23:02:00,655.8,655.8,655.8,655.8,1008.270976,655.9756,15,
2026-04-02 23:03:00,655.75,655.75,655.7065,655.7065,762.136604,655.8483,16,
2026-04-02 23:04:00,655.77,655.77,655.77,655.77,576.031989,655.807,7,
2026-04-02 23:05:00,655.76,655.8,655.76,655.8,476.192124,656.0487,13,
2026-04-02 23:06:00,655.8,655.8,655.75,655.75,429.642332,656.7502,14,
2026-04-02 23:07:00,655.7499,655.7499,655.7499,655.7499,230.165444,656.219,12,
2026-04-02 23:08:00,655.7497,655.75,655.7207,655.74,1002.152516,655.8375,10,
2026-04-02 23:09:00,655.7,655.72,655.6997,655.6997,1253.342829,655.881,18,
2026-04-02 23:10:00,655.69,655.7488,655.68,655.7488,1855.309951,655.8026,21,
2026-04-02 23:11:00,655.7,655.7,655.66,655.66,217.99671,658.6948,21,
2026-04-02 23:12:00,655.74,655.74,655.74,655.74,155.156297,656.3979,16,
2026-04-02 23:13:00,655.73,655.73,655.64,655.65,1036.875107,656.2322,22,
2026-04-02 23:14:00,655.6693,655.6693,655.6693,655.6693,331.808351,657.2707,7,
2026-04-02 23:15:00,655.66,655.71,655.66,655.71,254.257368,656.3454,11,
2026-04-02 23:16:00,655.67,655.67,655.67,655.67,84.17843,657.0745,12,
2026-04-02 23:17:00,655.67,655.67,655.67,655.67,295.474563,656.7229,15,
2026-04-02 23:18:00,655.7581,655.7581,655.7581,655.7581,308.082794,655.9326,8,
2026-04-02 23:19:00,655.7,655.7,655.7,655.7,160.810558,659.0237,13,
2026-04-02 23:20:00,655.72,655.72,655.72,655.72,110.70989,659.9516,10,
2026-04-02 23:21:00,655.72,655.74,655.7,655.74,1176.849176,656.1912,16,
2026-04-02 23:22:00,655.77,655.77,655.77,655.77,60.735119,663.8009,11,
2026-04-02 23:24:00,655.77,655.78,655.77,655.78,130.14139,656.4871,4,
2026-04-02 23:25:00,655.76,655.76,655.76,655.76,515.34318,656.1977,14,
2026-04-02 23:26:00,655.8,655.8,655.79,655.79,260.132438,656.1274,13,
2026-04-02 23:27:00,655.82,655.83,655.7862,655.83,1236.504865,656.087,19,
2026-04-02 23:28:00,655.85,655.93,655.85,655.8996,355.195629,656.2596,16,
2026-04-02 23:29:00,655.9,655.9,655.9,655.9,74.783138,662.8402,10,
2026-04-02 23:30:00,655.9,655.93,655.86,655.86,662.27184,656.168,12,
2026-04-02 23:31:00,655.93,656.08,655.93,656.08,1211.418469,656.219,35,
2026-04-02 23:32:00,656.03,656.03,655.98,655.99,494.114013,656.1422,17,
2026-04-02 23:33:00,655.97,655.97,655.97,655.97,187.526651,657.826,17,
2026-04-02 23:34:00,655.96,655.96,655.96,655.96,87.80732,662.0507,17,
2026-04-02 23:35:00,656.0,656.08,656.0,656.0,447.506029,656.7649,18,
2026-04-02 23:36:00,656.01,656.01,656.0,656.0,294.860969,657.9209,17,
2026-04-02 23:38:00,655.96,655.96,655.96,655.96,119.643362,659.5038,10,
2026-04-02 23:39:00,655.93,655.953,655.93,655.953,1002.598835,656.3267,17,
2026-04-02 23:40:00,655.99,655.99,655.99,655.99,249.446649,657.1693,14,
2026-04-02 23:41:00,655.9625,655.9909,655.9625,655.9909,935.083843,656.0485,10,
2026-04-02 23:42:00,656.0,656.0,655.97,655.97,1078.657368,656.3981,16,
2026-04-02 23:43:00,655.95,655.95,655.95,655.95,192.421147,657.3886,20,
2026-04-02 23:44:00,655.9674,655.97,655.95,655.96,481.310672,656.3812,14,
2026-04-02 23:45:00,655.94,655.94,655.9019,655.91,580.221522,656.1755,15,
2026-04-02 23:46:00,655.9,655.9,655.87,655.87,640.055814,655.9348,14,
2026-04-02 23:47:00,655.86,655.87,655.83,655.87,1442.601339,656.1316,21,
2026-04-02 23:48:00,655.87,655.94,655.87,655.93,2151.963802,656.2203,33,
2026-04-02 23:49:00,655.9396,655.97,655.9,655.9,462.371115,656.4821,24,
2026-04-02 23:50:00,655.8607,655.87,655.78,655.78,4137.383832,655.9056,51,
2026-04-02 23:51:00,655.75,655.7765,655.75,655.7765,323.15915,656.0882,18,
2026-04-02 23:52:00,655.83,655.83,655.8,655.8,703.110356,655.9144,21,
2026-04-02 23:53:00,655.8,655.8413,655.752,655.8413,928.142687,655.9007,13,
2026-04-02 23:54:00,655.78,655.84,655.77,655.8,777.062516,655.8643,23,
2026-04-02 23:55:00,655.8,655.84,655.8,655.8192,1417.187626,655.8891,27,
2026-04-02 23:56:00,655.86,655.95,655.85,655.93,937.320105,656.0995,26,
2026-04-02 23:57:00,655.97,655.97,655.9,655.92,2051.123842,655.958,25,
2026-04-02 23:58:00,655.88,655.92,655.87,655.8775,1780.340495,656.0037,24,
2026-04-02 23:59:00,655.93,655.96,655.9,655.92,1417.404629,656.1197,28,
2026-04-06 08:00:00,656.07,657.5,656.07,657.39,5996.416856,657.152,729,
2026-04-06 08:01:00,657.2,657.5,654.89,657.317,10383.044036,656.5429,228,
2026-04-06 08:02:00,657.45,657.5,654.94,655.1,33436.022266,655.9682,910,
2026-04-06 08:03:00,655.32,657.7,655.32,657.66,9852.045374,656.9743,261,
2026-04-06 08:04:00,657.7,657.7,657.62,657.66,5426.706603,657.6552,55,
2026-04-06 08:05:00,657.68,657.74,657.5,657.55,13634.056274,657.5974,128,
2026-04-06 08:06:00,657.58,657.63,657.37,657.37,3293.034993,657.5459,42,
2026-04-06 08:07:00,657.33,657.33,657.32,657.32,652.055469,657.3253,23,
2026-04-06 08:08:00,657.31,657.43,657.31,657.43,2562.010055,657.3422,36,
2026-04-06 08:09:00,657.47,657.51,657.47,657.51,642.032568,657.4875,25,
2026-04-06 08:10:00,657.48,657.49,657.48,657.49,125.013339,657.468,14,
2026-04-06 08:11:00,657.29,657.54,657.29,657.54,239.836017,657.4004,17,
2026-04-06 08:12:00,657.34,657.42,657.33,657.42,677.015133,657.3449,12,
2026-04-06 08:13:00,657.45,657.46,657.387,657.387,150.010068,657.4379,5,
2026-04-06 08:14:00,657.41,657.46,657.4,657.41,948.00505,657.4217,23,
2026-04-06 08:15:00,657.46,657.52,657.43,657.52,3803.08194,657.4999,39,
2026-04-06 08:16:00,657.48,657.49,657.42,657.49,656.517602,657.4505,28,
2026-04-06 08:17:00,657.5,657.56,657.5,657.5,795.055298,657.5242,28,
2026-04-06 08:18:00,657.4,657.4,657.4,657.4,174.599246,657.3358,21,
2026-04-06 08:19:00,657.25,657.25,657.19,657.19,2765.092271,657.2023,22,
2026-04-06 08:20:00,657.3,657.54,657.3,657.54,297.028043,657.4039,17,
2026-04-06 08:21:00,657.51,657.52,657.51,657.52,191.014798,657.4986,13,
2026-04-06 08:22:00,657.57,657.57,657.57,657.57,88.005018,657.5556,11,
2026-04-06 08:23:00,657.6,657.6,657.5,657.5,572.016499,657.534,15,
2026-04-06 08:25:00,657.63,657.91,657.63,657.9,2063.263579,657.8243,46,
2026-04-06 08:26:00,657.87,657.87,657.87,657.87,1312.180256,657.8699,16,
2026-04-06 08:27:00,657.89,657.94,657.82,657.82,744.025108,657.8912,19,
2026-04-06 08:28:00,657.77,657.77,657.72,657.73,405.102529,657.7269,18,
2026-04-06 08:29:00,657.83,657.83,657.81,657.81,208.019824,657.8309,13,
2026-04-06 08:30:00,657.82,657.87,657.82,657.87,1080.019274,657.8668,15,
2026-04-06 08:32:00,657.99,658.0,657.99,658.0,1014.027801,657.999,51,
2026-04-06 08:34:00,657.98,658.11,657.98,658.05,26863.534135,658.0805,194,
2026-04-06 08:35:00,658.1,658.3,658.05,658.3,2117.060605,658.1538,48,
2026-04-06 08:36:00,658.25,658.52,658.09,658.49,17602.189416,658.3047,190,
2026-04-06 08:37:00,658.46,658.49,658.32,658.32,3503.180469,658.4725,27,
2026-04-06 08:38:00,658.31,658.48,658.31,658.38,11120.024937,658.4238,113,
2026-04-06 08:39:00,658.42,658.42,658.38,658.38,5149.01985,658.3917,25,
2026-04-06 08:41:00,658.44,658.55,658.38,658.55,4994.010052,658.4777,55,
2026-04-06 08:42:00,658.61,658.61,658.42,658.45,980.038903,658.4924,50,
2026-04-06 08:43:00,658.41,658.5,658.39,658.49,4350.565964,658.4233,41,
2026-04-06 08:44:00,658.55,658.58,658.49,658.49,916.020072,658.5348,21,
2026-04-06 08:45:00,658.52,658.54,658.52,658.54,542.030251,658.5165,17,
2026-04-06 08:46:00,658.38,658.45,658.38,658.45,271.202482,658.427,21,
2026-04-06 08:47:00,658.48,658.49,658.39,658.39,402.041679,658.4264,13,
2026-04-06 08:48:00,658.37,658.41,658.37,658.41,236.011556,658.4029,11,
2026-04-06 08:49:00,658.47,658.5,658.42,658.42,443.039877,658.4457,21,
2026-04-06 08:50:00,658.45,658.45,658.28,658.28,329.037514,658.3376,27,
2026-04-06 08:51:00,658.23,658.23,658.23,658.23,133.010041,658.2513,13,
2026-04-06 08:52:00,658.17,658.17,658.02,658.07,1851.035265,658.1001,36,
2026-04-06 08:53:00,658.07,658.09,658.02,658.02,393.00503,658.0569,17,
2026-04-06 08:54:00,658.15,658.21,658.15,658.21,246.01498,658.1808,14,
2026-04-06 08:55:00,658.15,658.15,658.15,658.15,50.0,658.1504,4,
2026-04-06 08:56:00,658.16,658.17,658.16,658.17,209.004922,658.1604,9,
2026-04-06 08:58:00,658.22,658.22,658.16,658.16,248.018487,658.1911,15,
2026-04-06 08:59:00,658.14,658.14,658.14,658.14,111.009162,658.1364,5,
2026-04-06 09:00:00,658.1501,658.1501,658.1501,658.1501,346.096418,658.1536,11,
2026-04-06 09:01:00,658.37,658.37,658.37,658.37,101.015098,658.3702,10,
2026-04-06 09:02:00,658.43,658.43,658.37,658.37,1115.020029,658.4328,24,
2026-04-06 09:03:00,658.47,658.59,658.47,658.59,743.065032,658.5424,21,
2026-04-06 09:04:00,658.52,658.52,658.51,658.51,254.076094,658.5187,13,
2026-04-06 09:05:00,658.4928,658.6,658.4928,658.6,459.040142,658.5455,24,
2026-04-06 09:07:00,658.5,658.5,658.33,658.37,903.00703,658.4014,29,
2026-04-06 09:08:00,658.42,658.42,658.42,658.42,159.009734,658.4077,9,
2026-04-06 09:09:00,658.45,658.45,658.45,658.45,126.07848,658.4381,14,
2026-04-06 09:10:00,658.4,658.4,658.4,658.4,221.04211,658.4031,12,
2026-04-06 09:13:00,658.31,658.31,658.31,658.31,231.005013,658.3071,12,
2026-04-06 09:14:00,658.28,658.28,658.22,658.22,586.345248,658.2568,23,
2026-04-06 09:15:00,658.2,658.22,658.2,658.22,614.024487,658.2249,40,
2026-04-06 09:16:00,658.21,658.21,658.21,658.21,210.045042,658.2186,20,
2026-04-06 09:17:00,658.17,658.18,658.17,658.18,223.566833,658.1571,21,
2026-04-06 09:18:00,658.13,658.23,658.13,658.23,188.02511,658.2121,18,
2026-04-06 09:19:00,658.36,658.5,658.36,658.5,2205.188868,658.4181,38,
2026-04-06 09:21:00,658.47,658.55,658.47,658.55,2061.009718,658.5092,25,
2026-04-06 09:22:00,658.63,658.69,658.61,658.69,3169.020116,658.6367,44,
2026-04-06 09:23:00,658.66,658.69,658.62,658.62,281.020858,658.6243,20,
2026-04-06 09:24:00,658.54,658.54,658.26,658.26,599.043447,658.4174,30,
2026-04-06 09:25:00,658.15,658.2,658.15,658.2,263.0151,658.1973,15,
2026-04-06 09:26:00,658.17,658.2,658.17,658.2,604.820608,658.1876,11,
2026-04-06 09:28:00,658.29,658.29,658.29,658.29,132.004937,658.2973,11,
2026-04-06 09:29:00,658.25,658.25,658.24,658.24,319.057222,658.242,12,
2026-04-06 09:30:00,658.34,658.34,658.34,658.34,193.022764,658.3365,10,
2026-04-06 09:31:00,658.33,658.33,658.32,658.32,608.034537,658.3327,21,
2026-04-06 09:32:00,658.39,658.4,658.39,658.4,140.007563,658.3949,8,
2026-04-06 09:33:00,658.41,658.43,658.41,658.43,1005.799061,658.4209,16,
2026-04-06 09:34:00,658.42,658.42,658.42,658.42,139.0,658.4115,12,
2026-04-06 09:35:00,658.41,658.41,658.41,658.41,136.344344,658.4016,18,
2026-04-06 09:37:00,658.27,658.27,658.27,658.27,74.0,658.2693,4,
2026-04-06 09:38:00,658.25,658.25,658.25,658.25,100.166398,658.2487,7,
2026-04-06 09:39:00,658.22,658.22,658.22,658.22,185.305015,658.2206,8,
2026-04-06 09:40:00,658.19,658.19,658.19,658.19,212.012625,658.2091,13,
2026-04-06 09:41:00,658.16,658.16,658.16,658.16,444.0,658.161,8,
2026-04-06 09:43:00,658.16,658.16,658.16,658.16,526.084888,658.1603,14,
2026-04-06 09:44:00,658.11,658.12,658.02,658.02,1417.010089,658.0968,36,
2026-04-06 09:45:00,658.09,658.09,658.09,658.09,70.0,658.0867,4,
2026-04-06 09:46:00,658.09,658.09,658.06,658.09,441.010058,658.0732,7,
2026-04-06 09:48:00,658.05,658.09,657.98,657.98,1079.147025,658.0062,32,
2026-04-06 09:49:00,657.99,658.02,657.97,658.02,1128.015103,657.9873,17,
2026-04-06 09:50:00,657.98,657.98,657.77,657.77,235.380663,657.9118,26,
2026-04-06 09:51:00,657.97,657.97,657.84,657.89,433.156879,657.8819,22,
2026-04-06 09:52:00,657.87,657.87,657.85,657.87,258.00503,657.8706,7,
2026-04-06 09:53:00,657.88,657.89,657.56,657.72,10767.023788,657.6455,99,
2026-04-06 09:54:00,657.62,657.7,657.21,657.52,23668.847767,657.4374,357,
2026-04-06 09:55:00,657.69,657.81,657.62,657.65,8531.02513,657.7509,117,
2026-04-06 09:56:00,657.64,657.66,657.32,657.5,21071.045377,657.5128,201,
2026-04-06 09:57:00,657.53,657.53,657.24,657.45,9384.031818,657.3183,77,
2026-04-06 09:58:00,657.36,657.36,657.27,657.32,919.090116,657.3412,21,
2026-04-06 09:59:00,657.29,657.35,657.26,657.3,528.148107,657.3142,20,
2026-04-06 10:00:00,657.39,657.39,657.17,657.17,4658.220141,657.2576,56,
2026-04-06 10:01:00,657.26,657.29,657.24,657.24,1073.034807,657.2633,20,
2026-04-06 10:02:00,657.21,657.53,657.21,657.52,4307.068846,657.4466,91,
2026-04-06 10:03:00,657.21,657.36,657.21,657.33,3952.025208,657.3057,70,
2026-04-06 10:06:00,657.57,657.71,657.57,657.71,5450.030289,657.6421,71,
2026-04-06 10:07:00,657.66,657.66,657.65,657.65,2052.005032,657.6503,27,
2026-04-06 10:08:00,657.75,657.75,657.75,657.75,50.010064,657.75,3,
2026-04-06 10:09:00,657.78,657.82,657.74,657.82,1091.005047,657.7494,11,
2026-04-06 10:12:00,657.62,657.62,657.62,657.62,548.480174,657.6243,18,
2026-04-06 10:13:00,657.73,657.75,657.73,657.75,309.016965,657.7373,9,
2026-04-06 10:14:00,657.71,657.71,657.68,657.68,197.022152,657.6854,10,
2026-04-06 10:15:00,657.67,657.67,657.51,657.51,249.01522,657.6396,8,
2026-04-06 10:16:00,657.5,657.52,657.5,657.5,5043.014963,657.5011,46,
2026-04-06 10:18:00,657.58,657.58,657.55,657.58,1860.00999,657.5645,22,
2026-04-06 10:19:00,657.56,657.56,657.56,657.56,1034.015038,657.5613,13,
2026-04-06 10:20:00,657.5,657.5,657.5,657.5,253.063189,657.5026,9,
2026-04-06 10:21:00,657.48,657.48,657.44,657.44,225.004547,657.474,12,
2026-04-06 10:22:00,657.51,657.58,657.5004,657.58,685.005033,657.5409,12,
2026-04-06 10:23:00,657.65,657.66,657.65,657.66,3017.262598,657.6574,37,
2026-04-06 10:25:00,657.41,657.42,657.37,657.42,776.010145,657.4028,18,
2026-04-06 10:26:00,657.28,657.28,657.1,657.1,1181.069276,657.148,41,
2026-04-06 10:27:00,657.04,657.18,657.04,657.18,268.642816,657.1495,15,
2026-04-06 10:28:00,657.11,657.28,657.11,657.28,1085.020128,657.1231,8,
2026-04-06 10:29:00,657.35,657.36,657.35,657.35,251.009949,657.339,12,
2026-04-06 10:31:00,657.4594,657.4594,657.4594,657.4594,151.015104,657.421,11,
2026-04-06 10:33:00,657.46,657.46,657.46,657.46,106.010007,657.4492,10,
2026-04-06 10:34:00,657.42,657.43,657.42,657.42,1305.004943,657.4206,11,
2026-04-06 10:35:00,657.46,657.46,657.44,657.44,1052.440814,657.4408,16,
2026-04-06 10:36:00,657.4,657.5,657.4,657.5,180.100976,657.4538,11,
2026-04-06 10:37:00,657.61,657.62,657.6,657.62,1046.26601,657.604,24,
2026-04-06 10:38:00,657.61,657.63,657.6047,657.6047,399.103283,657.6096,14,
2026-04-06 10:40:00,657.5,657.6019,657.5,657.6019,294.29813,657.5236,12,
2026-04-06 10:41:00,657.57,657.57,657.57,657.57,152.010021,657.5578,15,
2026-04-06 10:43:00,657.51,657.51,657.42,657.42,242.079855,657.4792,12,
2026-04-06 10:44:00,657.48,657.48,657.4,657.4,973.009977,657.4619,17,
2026-04-06 10:45:00,657.39,657.39,657.39,657.39,59.015087,657.3942,9,
2026-04-06 10:46:00,657.33,657.34,655.62,656.09,63208.201246,656.3815,798,
2026-04-06 10:47:00,656.23,656.59,656.23,656.56,7728.102762,656.3903,91,
2026-04-06 10:48:00,656.77,657.0,656.68,656.96,5877.070796,656.8295,41,
2026-04-06 10:49:00,657.05,657.1,656.94,656.94,4197.074385,657.0317,65,
2026-04-06 10:50:00,656.92,657.1,656.92,657.1,406.035338,657.0156,22,
2026-04-06 10:51:00,656.93,656.99,656.89,656.89,1364.061603,656.9362,37,
2026-04-06 10:52:00,657.0,657.0,656.99,656.99,4036.039074,656.9905,38,
2026-04-06 10:53:00,657.08,657.08,657.08,657.08,241.025096,657.0703,14,
2026-04-06 10:54:00,656.84,656.84,656.68,656.68,683.055976,656.7449,33,
2026-04-06 10:55:00,656.79,656.79,656.79,656.79,90.019227,656.7897,7,
2026-04-06 10:56:00,656.8704,656.94,656.81,656.81,540.045122,656.8616,21,
2026-04-06 10:57:00,656.73,656.73,656.73,656.73,144.040347,656.7319,14,
2026-04-06 10:58:00,656.69,656.72,656.57,656.57,364.015196,656.6367,16,
2026-04-06 10:59:00,656.7,656.74,656.69,656.74,401.010064,656.7046,9,
2026-04-06 11:00:00,656.74,656.79,656.53,656.63,7495.902912,656.6418,129,
2026-04-06 11:01:00,656.52,656.6487,656.5,656.6,1391.364192,656.5956,38,
2026-04-06 11:02:00,656.5989,656.65,656.52,656.6,2037.060911,656.5772,62,
2026-04-06 11:03:00,656.55,656.55,656.23,656.3696,6435.114735,656.2673,90,
2026-04-06 11:04:00,656.2201,656.43,656.2201,656.42,1388.144437,656.3943,27,
2026-04-06 11:05:00,656.46,656.53,656.4,656.44,1843.025163,656.4543,37,
2026-04-06 11:06:00,656.482,656.6,656.482,656.58,1081.020134,656.5488,33,
2026-04-06 11:07:00,656.5,656.5,656.39,656.43,26078.58395,656.4946,106,
2026-04-06 11:08:00,656.49,656.58,656.46,656.46,1048.024566,656.5156,38,
2026-04-06 11:09:00,656.5796,656.5796,656.39,656.53,9486.039965,656.4792,103,
2026-04-06 11:10:00,656.52,656.5201,656.28,656.39,1995.04049,656.379,37,
2026-04-06 11:11:00,656.3883,656.3883,656.16,656.16,1309.030336,656.233,36,
2026-04-06 11:12:00,656.17,656.27,656.17,656.17,2104.025232,656.2406,55,
2026-04-06 11:13:00,656.17,656.33,656.17,656.33,4410.041192,656.2868,51,
2026-04-06 11:14:00,656.3665,656.49,656.19,656.19,2946.046764,656.3518,58,
2026-04-06 11:15:00,656.2291,656.4199,656.2291,656.4199,658.030105,656.3045,30,
2026-04-06 11:16:00,656.37,656.5,656.35,656.48,1339.024495,656.4518,36,
2026-04-06 11:17:00,656.44,656.54,656.44,656.54,323.015171,656.4933,21,
2026-04-06 11:18:00,656.62,656.68,656.56,656.66,5774.040263,656.6189,114,
2026-04-06 11:19:00,656.6596,656.71,656.64,656.699,928.989383,656.6777,45,
2026-04-06 11:20:00,656.62,656.62,656.5272,656.5272,735.031811,656.5426,35,
2026-04-06 11:21:00,656.53,656.53,656.39,656.39,375.363506,656.4735,28,
2026-04-06 11:22:00,656.32,656.32,656.07,656.07,4001.035517,656.141,86,
2026-04-06 11:23:00,656.16,656.3,656.16,656.3,1221.012662,656.2275,37,
2026-04-06 11:24:00,656.2991,656.36,656.2991,656.36,305.015206,656.32,15,
2026-04-06 11:25:00,656.42,656.46,656.42,656.46,514.059063,656.427,37,
2026-04-06 11:26:00,656.32,656.4,656.28,656.4,414.014671,656.3199,19,
2026-04-06 11:27:00,656.2699,656.42,656.2699,656.42,323.464449,656.3265,22,
2026-04-06 11:28:00,656.37,656.46,656.37,656.46,761.232683,656.4365,19,
2026-04-06 11:29:00,656.401,656.43,656.4,656.43,1017.010115,656.4027,25,
2026-04-06 11:30:00,656.36,656.36,656.22,656.3,5425.045096,656.2489,74,
2026-04-06 11:31:00,656.34,656.41,656.32,656.39,1192.327084,656.3565,29,
2026-04-06 11:32:00,656.3699,656.48,656.3,656.48,3226.339258,656.4621,64,
2026-04-06 11:33:00,656.53,656.54,656.43,656.51,1740.015123,656.5132,42,
2026-04-06 11:34:00,656.5389,656.65,656.5389,656.6198,3131.024703,656.5794,45,
2026-04-06 11:35:00,656.54,656.68,656.43,656.64,2927.807275,656.5614,91,
2026-04-06 11:36:00,656.59,656.59,656.48,656.53,943.322872,656.5198,47,
2026-04-06 11:37:00,656.511,656.62,656.511,656.59,1943.378934,656.6027,52,
2026-04-06 11:38:00,656.62,656.62,656.52,656.52,28499.701067,656.5405,79,
2026-04-06 11:39:00,656.5,656.5,656.46,656.49,817.606621,656.472,52,
2026-04-06 11:40:00,656.54,656.56,656.46,656.46,2309.021203,656.5247,39,
2026-04-06 11:41:00,656.38,656.38,656.38,656.38,256.319966,656.3973,27,
2026-04-06 11:42:00,656.33,656.49,656.33,656.49,1277.227466,656.4083,24,
2026-04-06 11:43:00,656.38,656.38,656.38,656.38,194.501244,656.393,34,
2026-04-06 11:44:00,656.26,656.26,656.25,656.25,1348.74322,656.2528,31,
2026-04-06 11:45:00,656.26,656.36,656.26,656.36,697.577483,656.3164,25,
2026-04-06 11:46:00,656.3935,656.3935,656.38,656.38,338.0,656.3862,13,
2026-04-06 11:47:00,656.4,656.4,656.2305,656.26,606.216428,656.2632,39,
2026-04-06 11:48:00,656.25,656.35,656.25,656.25,8799.369885,656.2692,99,
2026-04-06 11:49:00,656.26,656.38,656.26,656.38,7141.119043,656.3348,74,
2026-04-06 11:50:00,656.41,656.49,656.41,656.49,1901.21275,656.4356,39,
2026-04-06 11:51:00,656.5,656.6,656.5,656.55,1873.271204,656.5632,22,
2026-04-06 11:52:00,656.63,656.66,656.52,656.52,1245.54996,656.6054,29,
2026-04-06 11:53:00,656.5,656.5,656.44,656.48,940.084033,656.46,32,
2026-04-06 11:54:00,656.42,656.42,656.42,656.42,2130.914,656.4206,23,
2026-04-06 11:55:00,656.51,656.51,656.35,656.36,2158.089036,656.4372,52,
2026-04-06 11:56:00,656.37,656.45,656.0,656.44,10706.696183,656.2834,151,
2026-04-06 11:57:00,656.44,656.44,656.36,656.39,5376.445499,656.3926,58,
2026-04-06 11:58:00,656.4,656.41,656.36,656.41,679.199,656.3809,30,
2026-04-06 11:59:00,656.39,656.39,656.3,656.35,1857.404723,656.3431,37,
2026-04-06 12:00:00,656.36,658.5,656.34,656.4,4837.078155,656.6749,83,
2026-04-06 12:01:00,656.36,656.38,656.34,656.38,409.52902,656.3552,297,
2026-04-06 12:02:00,656.39,656.39,656.24,656.26,1221.670768,656.3059,58,
2026-04-06 12:03:00,656.3,656.42,655.36,655.36,6315.916876,656.3805,98,
2026-04-06 12:04:00,656.37,656.4,655.26,656.4,8887.106876,656.3116,45,
2026-04-06 12:05:00,656.39,656.39,656.33,656.3496,757.21967,656.3575,32,
2026-04-06 12:06:00,656.37,656.43,656.37,656.43,539.767317,656.3538,27,
2026-04-06 12:07:00,656.39,656.41,656.37,656.37,372.160916,656.3945,29,
2026-04-06 12:08:00,656.39,656.41,656.36,656.41,929.342904,656.3907,21,
2026-04-06 12:09:00,656.37,656.41,656.28,656.32,985.57058,656.349,59,
2026-04-06 12:10:00,656.39,656.39,656.37,656.39,647.344798,656.381,41,
2026-04-06 12:11:00,656.39,656.39,656.21,656.28,3230.070043,656.282,87,
2026-04-06 12:12:00,656.2699,656.34,656.2319,656.27,870.513828,656.3102,43,
2026-04-06 12:13:00,656.3,656.3,656.09,656.19,12092.698324,656.1816,161,
2026-04-06 12:14:00,656.16,656.29,656.11,656.29,9851.752571,656.1489,86,
2026-04-06 12:15:00,656.29,656.37,656.24,656.25,8646.151207,656.3171,87,
2026-04-06 12:16:00,656.26,656.36,656.22,656.29,667.241224,656.2674,28,
2026-04-06 12:17:00,656.3,656.3,656.21,656.28,471.180573,656.2711,27,
2026-04-06 12:18:00,656.3,656.33,656.3,656.33,469.124022,656.3013,40,
2026-04-06 12:19:00,656.319,656.32,656.26,656.27,364.849182,656.2891,28,
2026-04-06 12:20:00,656.23,656.23,655.95,655.95,3419.464266,656.0689,121,
2026-04-06 12:21:00,656.04,656.17,656.04,656.13,1856.99027,656.1128,50,
2026-04-06 12:22:00,656.13,656.13,656.02,656.09,5794.33483,656.0505,80,
2026-04-06 12:23:00,656.07,656.37,656.07,656.37,1041.828437,656.1495,48,
2026-04-06 12:24:00,656.37,656.37,656.2633,656.29,1457.993989,656.3244,45,
2026-04-06 12:25:00,656.2411,656.34,656.2411,656.34,1152.956356,656.2951,28,
2026-04-06 12:26:00,656.29,656.2948,656.24,656.28,2281.229785,656.2677,52,
2026-04-06 12:27:00,656.28,656.33,656.28,656.31,917.003206,656.3146,38,
2026-04-06 12:28:00,656.28,656.4448,656.25,656.36,1690.751539,656.3756,58,
2026-04-06 12:29:00,656.4,656.4,656.3,656.31,1507.02506,656.3657,50,
2026-04-06 12:30:00,656.32,656.33,656.27,656.33,707.158609,656.3077,35,
2026-04-06 12:31:00,656.22,656.3,656.17,656.29,731.973771,656.219,41,
2026-04-06 12:32:00,656.32,656.32,656.19,656.28,1397.166343,656.2624,46,
2026-04-06 12:33:00,656.25,656.57,656.25,656.56,2827.712751,656.4571,86,
2026-04-06 12:34:00,656.61,656.8,656.6099,656.73,6738.956574,656.7228,126,
2026-04-06 12:35:00,656.7587,656.81,656.69,656.81,6818.081941,656.773,93,
2026-04-06 12:36:00,656.81,656.83,656.57,656.73,5001.139547,656.6987,90,
2026-04-06 12:37:00,656.67,656.75,656.67,656.72,2202.647086,656.7054,51,
2026-04-06 12:38:00,656.66,656.76,656.61,656.7,8372.876139,656.6566,145,
2026-04-06 12:39:00,656.68,656.7,656.63,656.65,2990.867337,656.6685,80,
2026-04-06 12:40:00,656.65,656.68,656.63,656.65,8116.064919,656.6632,148,
2026-04-06 12:41:00,656.5273,656.57,656.5273,656.55,1507.185853,656.5379,36,
2026-04-06 12:42:00,656.6,656.66,656.52,656.52,2218.220439,656.6075,46,
2026-04-06 12:43:00,656.54,656.64,656.53,656.64,2391.362786,656.5775,72,
2026-04-06 12:44:00,656.62,656.6391,656.6,656.6391,445.527856,656.6185,30,
2026-04-06 12:45:00,656.62,657.06,656.62,656.79,13584.054891,656.8611,265,
2026-04-06 12:46:00,656.77,657.15,656.73,657.13,13952.9519,657.0218,181,
2026-04-06 12:47:00,657.07,657.2,656.95,657.0187,8718.473388,657.0876,141,
2026-04-06 12:48:00,657.06,657.07,656.94,656.94,1493.822721,657.0084,65,
2026-04-06 12:49:00,656.89,656.97,656.68,656.7,6223.698639,656.8246,118,
2026-04-06 12:50:00,656.68,656.83,656.6278,656.83,4326.59738,656.7784,73,
2026-04-06 12:51:00,656.89,656.97,656.83,656.96,8785.918517,656.9,104,
2026-04-06 12:52:00,656.88,656.93,656.63,656.6601,3940.340153,656.8469,90,
2026-04-06 12:53:00,656.6691,656.71,656.6204,656.6618,5342.755549,656.6671,118,
2026-04-06 12:54:00,656.7,656.76,656.69,656.71,1855.119103,656.7074,39,
2026-04-06 12:55:00,656.68,656.74,656.5703,656.66,14730.030262,656.6487,191,
2026-04-06 12:56:00,656.68,656.68,656.5,656.5078,1901.781434,656.585,58,
2026-04-06 12:57:00,656.51,656.5576,656.51,656.5576,380.460067,656.5375,27,
2026-04-06 12:58:00,656.57,656.6,656.54,656.58,1760.035237,656.5663,43,
2026-04-06 12:59:00,656.54,656.58,656.47,656.58,26251.043695,656.5018,70,
2026-04-06 13:00:00,656.68,656.72,656.39,656.4,28686.609475,656.4601,111,
2026-04-06 13:01:00,656.4,656.4,656.15,656.15,29983.43238,656.1637,129,
2026-04-06 13:02:00,656.11,656.17,656.07,656.11,4900.375748,656.1046,117,
2026-04-06 13:03:00,656.07,656.3,656.06,656.3,4539.816789,656.1907,80,
2026-04-06 13:04:00,656.25,656.25,656.11,656.12,1082.920056,656.1404,61,
2026-04-06 13:05:00,656.03,656.13,656.02,656.03,3958.036132,656.0661,98,
2026-04-06 13:06:00,655.98,655.98,655.8,655.83,12579.494949,655.8661,285,
2026-04-06 13:07:00,655.86,655.97,655.71,655.96,30992.732427,655.8049,245,
2026-04-06 13:08:00,656.0,656.06,655.96,656.06,5309.177243,656.0064,76,
2026-04-06 13:09:00,656.09,656.37,656.09,656.36,6962.342728,656.2389,111,
2026-04-06 13:10:00,656.3,656.3202,656.2,656.25,2051.242151,656.2688,134,
2026-04-06 13:11:00,656.33,656.56,656.33,656.5,5907.321468,656.4648,124,
2026-04-06 13:12:00,656.55,656.69,656.55,656.66,3381.411165,656.6259,64,
2026-04-06 13:13:00,656.69,656.7,656.4604,656.4604,8176.970913,656.6542,136,
2026-04-06 13:14:00,656.45,656.489,656.42,656.42,2027.904,656.4508,50,
2026-04-06 13:15:00,656.47,656.47,656.3678,656.4486,2086.703244,656.4361,58,
2026-04-06 13:16:00,656.4,656.46,656.4,656.41,3471.303494,656.4443,57,
2026-04-06 13:17:00,656.45,656.57,656.37,656.5,3109.341509,656.4811,68,
2026-04-06 13:18:00,656.5,656.51,656.41,656.41,1236.85053,656.4703,68,
2026-04-06 13:19:00,656.45,656.45,656.1601,656.2,30387.921418,656.3783,115,
2026-04-06 13:20:00,656.18,656.21,655.85,655.85,32130.018891,656.0027,173,
2026-04-06 13:21:00,655.88,656.1,655.85,656.02,15918.057851,655.9926,127,
2026-04-06 13:22:00,655.97,655.99,655.64,655.8,8794.17589,655.8009,155,
2026-04-06 13:23:00,655.87,656.0,655.83,655.88,11702.461589,655.8692,118,
2026-04-06 13:24:00,655.85,655.9,655.85,655.9,5112.959925,655.8856,64,
2026-04-06 13:25:00,655.93,656.31,655.79,656.2,10224.323582,656.0979,155,
2026-04-06 13:26:00,656.18,656.24,656.16,656.24,1255.432965,656.1755,45,
2026-04-06 13:27:00,656.18,656.33,656.14,656.24,23051.986413,656.2537,218,
2026-04-06 13:28:00,656.2,656.2,656.06,656.11,3606.490289,656.1082,108,
2026-04-06 13:29:00,656.07,656.07,655.69,655.76,33187.751681,655.8149,272,
2026-04-06 13:30:00,655.86,656.85,655.8,656.75,535620.569047,656.2654,18107,
2026-04-06 13:31:00,656.765,657.19,656.59,656.74,248578.177577,656.8375,3779,
2026-04-06 13:32:00,656.74,656.96,655.92,656.1,197918.238916,656.4495,3546,
2026-04-06 13:33:00,656.09,657.33,656.01,657.27,213342.059199,656.7118,4305,
2026-04-06 13:34:00,657.26,657.42,656.85,657.37,175354.062929,657.0965,3293,
2026-04-06 13:35:00,657.36,657.91,657.13,657.13,259768.171296,657.5094,3783,
2026-04-06 13:36:00,657.13,657.13,655.83,655.87,210263.463536,656.296,3333,
2026-04-06 13:37:00,655.83,656.12,655.52,655.92,220492.851179,655.7924,3434,
2026-04-06 13:38:00,655.98,656.35,655.77,656.255,101093.881119,656.0577,1574,
2026-04-06 13:39:00,656.25,656.76,656.24,656.5952,165319.687891,656.5616,2150,
2026-04-06 13:40:00,656.56,656.69,655.89,656.58,149358.310251,656.4237,2148,
2026-04-06 13:41:00,656.56,656.99,656.49,656.825,108258.283037,656.6956,1862,
2026-04-06 13:42:00,656.81,657.03,656.67,656.9333,89658.687961,656.8885,1572,
2026-04-06 13:43:00,656.96,657.29,656.83,656.9699,101607.753079,657.0305,1849,
2026-04-06 13:44:00,656.96,657.0499,656.6,656.755,144667.712626,656.8408,2585,
2026-04-06 13:45:00,656.76,657.58,656.69,657.4644,155506.45747,657.1596,3320,
2026-04-06 13:46:00,657.42,657.84,657.28,657.435,165625.797077,657.5369,2761,
2026-04-06 13:47:00,657.44,657.44,656.91,657.29,72967.257337,657.2123,2135,
2026-04-06 13:48:00,657.33,657.36,656.97,657.23,70152.595761,657.1095,1843,
2026-04-06 13:49:00,657.22,657.55,657.06,657.08,89487.627278,657.2866,1839,
2026-04-06 13:50:00,657.1,657.37,656.86,657.33,128309.932809,657.1273,2380,
2026-04-06 13:51:00,657.35,657.94,657.3401,657.64,101497.035113,657.5669,1927,
2026-04-06 13:52:00,657.63,657.95,657.46,657.56,102821.300578,657.7027,2264,
2026-04-06 13:53:00,657.56,657.822,657.23,657.7512,100093.234735,657.5285,1966,
2026-04-06 13:54:00,657.75,657.94,657.575,657.575,79523.661459,657.7635,1623,
2026-04-06 13:55:00,657.61,657.8,657.28,657.31,66873.031111,657.6062,1594,
2026-04-06 13:56:00,657.35,657.8,657.3,657.79,65157.758662,657.5554,1428,
2026-04-06 13:57:00,657.8,658.1294,657.78,657.92,84522.619785,657.9432,1905,
2026-04-06 13:58:00,657.95,658.03,657.63,657.87,82599.826526,657.8167,1675,
2026-04-06 13:59:00,657.88,658.55,657.88,658.53,107348.338464,658.1648,2292,
2026-04-06 14:00:00,657.93,659.72,657.62,658.4301,378637.265743,658.6158,6702,
2026-04-06 14:01:00,658.455,658.48,657.81,657.92,133410.592298,658.197,2532,
2026-04-06 14:02:00,657.89,658.34,657.72,657.8,130740.242271,658.1449,2609,
2026-04-06 14:03:00,657.8,657.94,657.2,657.2399,154007.094044,657.7013,2848,
2026-04-06 14:04:00,657.22,657.43,656.34,656.44,199264.074389,656.9501,3451,
2026-04-06 14:05:00,656.41,656.76,656.06,656.104,178465.292483,656.4882,2943,
2026-04-06 14:06:00,656.14,656.66,656.03,656.5971,239192.228352,656.3291,3271,
2026-04-06 14:07:00,656.63,656.79,656.34,656.5291,203059.63456,656.6122,3099,
2026-04-06 14:08:00,656.51,656.85,656.45,656.71,87888.353907,656.6455,1992,
2026-04-06 14:09:00,656.71,657.22,656.7,657.1651,118335.83487,656.9889,2096,
2026-04-06 14:10:00,657.16,657.345,656.42,656.57,109918.918197,656.7131,2080,
2026-04-06 14:11:00,656.5699,657.53,656.513,657.3908,151540.213474,657.0035,2746,
2026-04-06 14:12:00,657.39,657.65,657.23,657.34,90648.023414,657.4594,1944,
2026-04-06 14:13:00,657.33,657.83,657.3,657.73,96048.412138,657.4944,1997,
2026-04-06 14:14:00,657.68,658.115,657.57,658.06,106569.984274,657.9204,1991,
2026-04-06 14:15:00,658.08,658.49,657.96,658.4597,75752.870981,658.1942,1857,
2026-04-06 14:16:00,658.43,658.54,658.07,658.245,149631.36795,658.2697,2215,
2026-04-06 14:17:00,658.23,658.28,657.82,657.91,141260.889958,658.0336,2389,
2026-04-06 14:18:00,657.92,657.93,657.58,657.8779,88008.969663,657.7825,1584,
2026-04-06 14:19:00,657.87,658.43,657.81,658.285,143527.413744,658.1118,2476,
2026-04-06 14:20:00,658.28,658.63,658.26,658.46,109216.476321,658.4847,2002,
2026-04-06 14:21:00,658.45,658.98,658.3,658.885,95308.589132,658.6348,1909,
2026-04-06 14:22:00,658.86,658.86,658.53,658.59,57184.395591,658.6791,1377,
2026-04-06 14:23:00,658.56,658.88,658.41,658.865,60126.666058,658.638,1421,
2026-04-06 14:24:00,658.85,658.86,658.53,658.6301,64082.183371,658.6609,1428,
2026-04-06 14:25:00,658.67,658.75,658.16,658.32,101601.091316,658.4356,1589,
2026-04-06 14:26:00,658.315,658.59,658.16,658.57,55026.195509,658.3383,1460,
2026-04-06 14:27:00,658.57,658.79,658.45,658.555,66367.0042,658.6339,1591,
2026-04-06 14:28:00,658.54,658.76,658.3,658.68,84983.053843,658.5164,1575,
2026-04-06 14:29:00,658.6438,658.6438,658.31,658.37,38456.192529,658.4356,1176,
2026-04-06 14:30:00,658.43,658.91,658.36,658.82,59787.802726,658.6877,1740,
2026-04-06 14:31:00,658.83,658.99,658.76,658.915,99320.541972,658.8972,1899,
2026-04-06 14:32:00,658.95,659.06,658.24,658.63,97782.109993,658.6272,2167,
2026-04-06 14:33:00,658.615,658.66,658.29,658.335,104959.027147,658.5286,1689,
2026-04-06 14:34:00,658.3561,658.58,658.34,658.45,57179.824491,658.4859,1390,
2026-04-06 14:35:00,658.47,658.88,658.32,658.38,112138.307131,658.545,1960,
2026-04-06 14:36:00,658.4,658.5,658.03,658.19,88920.11159,658.2181,1799,
2026-04-06 14:37:00,658.21,658.35,657.97,658.06,80416.453778,658.1383,1619,
2026-04-06 14:38:00,658.09,658.55,656.78,656.84,476832.616156,657.5267,6775,
2026-04-06 14:39:00,656.87,657.47,656.7715,657.1,235813.58044,657.0844,3959,
2026-04-06 14:40:00,657.08,658.1,657.01,658.03,202449.660804,657.5435,3159,
2026-04-06 14:41:00,658.04,658.34,657.63,657.885,160629.020161,658.0463,3136,
2026-04-06 14:42:00,657.91,658.07,657.56,657.6101,78494.854422,657.8788,1682,
2026-04-06 14:43:00,657.63,657.83,657.44,657.795,63082.75858,657.6267,1533,
2026-04-06 14:44:00,657.8,658.0599,657.57,657.68,76360.485511,657.8422,1677,
2026-04-06 14:45:00,657.66,657.66,657.201,657.51,79489.168802,657.399,1739,
2026-04-06 14:46:00,657.49,657.67,657.29,657.38,60881.755413,657.4607,1458,
2026-04-06 14:47:00,657.45,657.49,657.06,657.24,104485.667725,657.1844,2146,
2026-04-06 14:48:00,657.24,657.3,656.85,656.92,49080.416718,657.1073,1524,
2026-04-06 14:49:00,656.89,657.01,656.62,656.7757,81228.500292,656.7514,1745,
2026-04-06 14:50:00,656.81,657.1,656.76,656.9001,119110.188329,656.9566,1814,
2026-04-06 14:51:00,656.92,657.25,656.84,657.06,90901.008581,657.0602,1651,
2026-04-06 14:52:00,657.08,657.41,657.03,657.35,65878.680332,657.2559,1517,
2026-04-06 14:53:00,657.341,657.59,657.3,657.3,79833.17636,657.4513,1868,
2026-04-06 14:54:00,657.29,657.35,656.95,657.32,72795.453997,657.1402,1651,
2026-04-06 14:55:00,657.34,657.49,656.99,657.39,61186.746598,657.1759,1504,
2026-04-06 14:56:00,657.39,657.63,657.39,657.6198,75111.343258,657.5165,1745,
2026-04-06 14:57:00,657.56,657.9,657.53,657.64,73999.629575,657.7141,1650,
2026-04-06 14:58:00,657.64,657.8699,657.63,657.8699,62459.765008,657.7548,1429,
2026-04-06 14:59:00,657.84,657.905,657.37,657.49,55624.557926,657.6182,1296,
2026-04-06 15:00:00,657.51,657.72,657.483,657.67,43434.700456,657.6205,1117,
2026-04-06 15:01:00,657.68,657.9,657.65,657.895,54135.397304,657.7693,1327,
2026-04-06 15:02:00,657.86,658.04,657.54,657.64,69750.733347,657.86,1642,
2026-04-06 15:03:00,657.6499,657.6499,657.09,657.225,89199.465883,657.3736,1707,
2026-04-06 15:04:00,657.26,657.565,657.09,657.54,43620.823261,657.3073,1246,
2026-04-06 15:05:00,657.54,657.79,657.44,657.58,55688.337404,657.6382,1328,
2026-04-06 15:06:00,657.5903,657.65,657.22,657.32,110107.741322,657.3212,1974,
2026-04-06 15:07:00,657.3,657.73,657.09,657.715,37057.728352,657.4106,1114,
2026-04-06 15:08:00,657.78,657.83,657.59,657.765,227283.471012,657.6811,1000,
2026-04-06 15:09:00,657.765,657.795,657.5,657.74,41745.395263,657.6622,1172,
2026-04-06 15:10:00,657.73,657.74,657.12,657.29,82760.065762,657.429,1734,
2026-04-06 15:11:00,657.29,657.38,657.15,657.26,63095.000096,657.2632,1383,
2026-04-06 15:12:00,657.3,657.39,657.09,657.28,28808.339166,657.2301,1073,
2026-04-06 15:13:00,657.29,657.66,657.19,657.42,73138.030728,657.4849,1421,
2026-04-06 15:14:00,657.39,657.54,657.04,657.4901,59897.459699,657.2113,1378,
2026-04-06 15:15:00,657.52,657.65,657.27,657.3,33084.348447,657.4721,1109,
2026-04-06 15:16:00,657.33,657.44,657.14,657.32,43870.52478,657.2808,1035,
2026-04-06 15:17:00,657.315,657.7,657.22,657.54,48321.141805,657.5449,1010,
2026-04-06 15:18:00,657.58,657.71,657.39,657.3909,49522.725806,657.5679,1213,
2026-04-06 15:19:00,657.38,657.42,657.19,657.3455,47153.936538,657.3021,1168,
2026-04-06 15:20:00,657.36,657.48,657.16,657.245,42857.938591,657.3376,1217,
2026-04-06 15:21:00,657.23,657.43,657.0701,657.4191,35174.223294,657.2127,1024,
2026-04-06 15:22:00,657.39,657.57,657.33,657.3708,28825.924226,657.4463,905,
2026-04-06 15:23:00,657.3704,657.46,657.02,657.1,40745.142322,657.208,1134,
2026-04-06 15:24:00,657.115,657.14,656.915,657.03,51722.209771,657.0179,1212,
2026-04-06 15:25:00,657.02,657.02,656.66,656.87,66814.106362,656.8192,1482,
2026-04-06 15:26:00,656.89,657.08,656.84,656.9107,67952.526213,656.948,1349,
2026-04-06 15:27:00,656.94,657.2,656.9,657.11,38288.412668,657.0874,1069,
2026-04-06 15:28:00,657.12,657.135,656.79,657.01,47447.338154,656.9299,1138,
2026-04-06 15:29:00,657.02,657.195,656.925,656.925,19573.071997,657.0336,959,
2026-04-06 15:30:00,656.93,656.99,656.82,656.82,29050.628941,656.9187,987,
2026-04-06 15:31:00,656.825,657.065,656.82,656.86,64259.945285,656.9122,1270,
2026-04-06 15:32:00,656.9,656.98,656.6,656.67,53539.731949,656.7683,1267,
2026-04-06 15:33:00,656.64,656.86,656.38,656.78,110056.944414,656.5982,1638,
2026-04-06 15:34:00,656.8,656.9499,656.8,656.89,36070.727436,656.895,946,
2026-04-06 15:35:00,656.9,657.13,656.7507,656.985,51021.633563,656.9557,1116,
2026-04-06 15:36:00,656.98,657.03,656.58,656.595,75775.055365,656.7552,1416,
2026-04-06 15:37:00,656.6,656.6598,656.34,656.645,58191.477417,656.4571,1277,
2026-04-06 15:38:00,656.63,656.795,656.58,656.66,49611.025595,656.6934,1184,
2026-04-06 15:39:00,656.68,657.06,656.66,656.975,64237.826857,656.8336,1256,
2026-04-06 15:40:00,656.97,657.14,656.85,657.04,57130.870606,656.9929,1210,
2026-04-06 15:41:00,657.0101,657.07,656.71,656.89,35906.410753,656.902,1106,
2026-04-06 15:42:00,656.89,657.1812,656.83,657.11,38682.997743,657.0143,975,
2026-04-06 15:43:00,657.1,657.15,656.97,657.04,21844.572696,657.0649,845,
2026-04-06 15:44:00,657.0,657.18,656.89,657.1,24404.90874,657.0063,909,
2026-04-06 15:45:00,657.09,657.13,656.925,657.033,34474.822599,657.0359,980,
2026-04-06 15:46:00,657.06,657.35,657.055,657.315,54657.921073,657.1773,1053,
2026-04-06 15:47:00,657.31,657.6,657.2801,657.48,49897.035078,657.4336,1193,
2026-04-06 15:48:00,657.47,657.53,657.3301,657.38,52486.048488,657.4221,1241,
2026-04-06 15:49:00,657.39,657.4699,657.27,657.4699,35858.554371,657.3483,945,
2026-04-06 15:50:00,657.47,657.73,657.26,657.72,50989.839973,657.4894,1191,
2026-04-06 15:51:00,657.74,657.79,657.6301,657.75,36084.977433,657.7108,1044,
2026-04-06 15:52:00,657.76,657.95,657.65,657.8899,122289.904635,657.7834,2398,
2026-04-06 15:53:00,657.88,657.97,657.78,657.85,61536.138889,657.8565,1212,
2026-04-06 15:54:00,657.84,657.9,657.7,657.88,52818.332086,657.8137,1174,
2026-04-06 15:55:00,657.91,657.91,657.73,657.7501,57811.373004,657.8216,1293,
2026-04-06 15:56:00,657.75,657.82,657.4699,657.67,63608.66414,657.6627,1095,
2026-04-06 15:57:00,657.6799,657.755,657.57,657.72,34555.429625,657.6416,600,
2026-04-06 15:58:00,657.74,657.81,657.6601,657.74,45299.648895,657.7375,629,
2026-04-06 15:59:00,657.75,657.9,657.74,657.85,80992.422786,657.8327,1089,
2026-04-06 16:00:00,657.868,658.04,657.78,657.855,80884.772887,657.9293,1045,
2026-04-06 16:01:00,657.87,657.9451,657.81,657.91,44019.853673,657.9044,598,
2026-04-06 16:02:00,657.91,657.92,657.4,657.595,97146.430239,657.6445,1078,
2026-04-06 16:03:00,657.61,657.76,657.57,657.7455,113176.380297,657.6791,1114,
2026-04-06 16:04:00,657.72,657.725,657.42,657.465,76021.826116,657.5314,1171,
2026-04-06 16:05:00,657.47,657.71,657.45,657.69,26080.60478,657.5472,576,
2026-04-06 16:06:00,657.73,657.75,657.55,657.57,35132.341002,657.6792,540,
2026-04-06 16:07:00,657.57,657.65,657.48,657.58,25423.341404,657.5837,581,
2026-04-06 16:08:00,657.61,657.64,657.31,657.37,26272.106497,657.4482,647,
2026-04-06 16:09:00,657.36,657.5,657.28,657.29,23754.231848,657.3983,668,
2026-04-06 16:10:00,657.3,657.41,657.2,657.37,23546.809062,657.3106,604,
2026-04-06 16:11:00,657.3501,657.55,657.29,657.4801,26907.81739,657.4131,666,
2026-04-06 16:12:00,657.48,657.63,657.4012,657.5099,26323.432193,657.5105,601,
2026-04-06 16:13:00,657.49,657.59,657.45,657.4999,21032.046408,657.5262,541,
2026-04-06 16:14:00,657.49,657.69,657.411,657.6192,19643.063773,657.5268,509,
2026-04-06 16:15:00,657.65,657.82,657.46,657.5,36635.81041,657.6392,710,
2026-04-06 16:16:00,657.48,657.6999,657.41,657.66,19703.901019,657.5266,514,
2026-04-06 16:17:00,657.665,657.69,657.57,657.6,16452.475167,657.62,494,
2026-04-06 16:18:00,657.61,657.64,657.5,657.6,28761.495387,657.5838,717,
2026-04-06 16:19:00,657.61,657.71,657.47,657.58,27847.816083,657.5861,662,
2026-04-06 16:20:00,657.58,657.75,657.47,657.745,21854.620097,657.6233,607,
2026-04-06 16:21:00,657.73,657.9,657.72,657.75,54120.202982,657.8039,912,
2026-04-06 16:22:00,657.745,657.757,657.46,657.46,41226.877267,657.6534,911,
2026-04-06 16:23:00,657.49,657.559,657.4101,657.525,37343.982589,657.4751,757,
2026-04-06 16:24:00,657.54,657.79,657.53,657.74,36529.624453,657.7138,680,
2026-04-06 16:25:00,657.72,657.88,657.72,657.865,44123.900208,657.818,780,
2026-04-06 16:26:00,657.85,657.88,657.73,657.75,17775.783599,657.7972,493,
2026-04-06 16:27:00,657.75,657.77,657.6301,657.76,15251.019756,657.6981,403,
2026-04-06 16:28:00,657.75,657.94,657.71,657.9,18602.28107,657.8049,569,
2026-04-06 16:29:00,657.905,658.0,657.79,657.7932,18045.237087,657.8886,553,
2026-04-06 16:30:00,657.78,657.84,657.62,657.68,20163.312154,657.735,467,
2026-04-06 16:31:00,657.63,657.8394,657.58,657.81,34471.978195,657.6711,619,
2026-04-06 16:32:00,657.81,658.04,657.81,658.03,40252.53787,657.9055,711,
2026-04-06 16:33:00,658.03,658.07,657.79,657.85,33798.818309,657.9199,697,
2026-04-06 16:34:00,657.8693,658.02,657.8401,657.99,23290.56969,657.9088,463,
2026-04-06 16:35:00,658.0,658.08,657.97,658.07,37243.728619,658.0243,636,
2026-04-06 16:36:00,658.1,658.14,657.9,658.03,58266.181725,658.0005,840,
2026-04-06 16:37:00,658.03,658.3715,658.0,658.29,63523.653139,658.2376,1060,
2026-04-06 16:38:00,658.29,658.51,658.23,658.245,89535.315202,658.3744,1229,
2026-04-06 16:39:00,658.235,658.27,658.091,658.14,94917.568396,658.1941,1301,
2026-04-06 16:40:00,658.13,658.205,657.94,658.19,80390.339891,658.0808,1186,
2026-04-06 16:41:00,658.18,658.31,658.045,658.26,50649.733235,658.1738,908,
2026-04-06 16:42:00,658.26,658.33,658.1341,658.18,20445.745149,658.2376,497,
2026-04-06 16:43:00,658.18,658.2,658.08,658.17,37730.475985,658.1298,615,
2026-04-06 16:44:00,658.18,658.32,658.155,658.265,18823.632212,658.2556,483,
2026-04-06 16:45:00,658.28,658.35,658.18,658.22,39969.027402,658.2831,681,
2026-04-06 16:46:00,658.23,658.36,658.14,658.3521,16853.651954,658.2323,462,
2026-04-06 16:47:00,658.3435,658.45,658.285,658.345,59595.394431,658.348,856,
2026-04-06 16:48:00,658.35,658.46,658.3,658.35,82630.550547,658.3884,959,
2026-04-06 16:49:00,658.355,658.3851,658.26,658.35,24469.648071,658.3223,473,
2026-04-06 16:50:00,658.37,658.4626,658.3,658.32,28585.578592,658.3739,513,
2026-04-06 16:51:00,658.31,658.32,658.13,658.17,37756.929628,658.1953,707,
2026-04-06 16:52:00,658.165,658.18,658.02,658.1,51846.828635,658.091,816,
2026-04-06 16:53:00,658.1,658.16,658.05,658.12,43088.999026,658.1139,721,
2026-04-06 16:54:00,658.115,658.18,656.88,658.01,275531.716637,657.9548,3139,
2026-04-06 16:55:00,658.03,658.11,657.75,657.94,57959.625304,657.9202,897,
2026-04-06 16:56:00,657.935,657.935,657.63,657.72,56107.190341,657.7649,1066,
2026-04-06 16:57:00,657.75,657.93,657.69,657.77,44995.991782,657.8266,732,
2026-04-06 16:58:00,657.78,657.9251,657.71,657.85,23403.054061,657.849,537,
2026-04-06 16:59:00,657.85,658.01,657.8,657.93,58218.473266,657.9422,894,
2026-04-06 17:00:00,657.93,657.99,657.56,657.61,52722.656047,657.6959,951,
2026-04-06 17:01:00,657.63,657.73,657.3302,657.37,68377.29052,657.5428,1035,
2026-04-06 17:02:00,657.35,657.36,656.84,656.925,87199.266855,657.1553,1634,
2026-04-06 17:03:00,656.94,657.2,656.815,657.19,110926.256979,656.9903,1470,
2026-04-06 17:04:00,657.22,657.5,657.1725,657.33,74983.37155,657.3459,1237,
2026-04-06 17:05:00,657.34,657.36,657.1,657.19,55771.28637,657.2535,900,
2026-04-06 17:06:00,657.17,657.21,656.97,656.9807,79997.883695,657.1051,1127,
2026-04-06 17:07:00,656.98,657.22,656.92,657.135,52536.211236,657.0926,797,
2026-04-06 17:08:00,657.14,657.45,657.14,657.32,35857.196618,657.3533,734,
2026-04-06 17:09:00,657.33,657.48,657.1601,657.26,51480.976772,657.3432,930,
2026-04-06 17:10:00,657.28,657.31,656.66,656.95,142478.052203,657.0652,2000,
2026-04-06 17:11:00,656.94,657.04,656.77,656.8999,64250.994143,656.9028,1012,
2026-04-06 17:12:00,656.89,656.98,656.05,656.1,153500.00224,656.5321,2368,
2026-04-06 17:13:00,656.09,656.33,655.56,655.68,240205.072873,655.8892,3931,
2026-04-06 17:14:00,655.68,656.208,655.52,656.04,143257.282222,655.869,2350,
2026-04-06 17:15:00,656.05,656.35,655.83,655.94,119551.074921,656.1267,1903,
2026-04-06 17:16:00,655.97,656.278,655.93,656.2197,63743.82998,656.0859,1212,
2026-04-06 17:17:00,656.22,656.76,656.2,656.35,176012.11761,656.5145,2560,
2026-04-06 17:18:00,656.38,656.38,656.01,656.28,64489.417287,656.1658,994,
2026-04-06 17:19:00,656.2658,656.55,656.24,656.48,44884.108055,656.4285,858,
2026-04-06 17:20:00,656.46,656.46,656.09,656.11,45059.696401,656.2959,812,
2026-04-06 17:21:00,656.12,656.51,656.031,656.45,42777.982499,656.2678,941,
2026-04-06 17:22:00,656.4333,656.86,656.3201,656.7501,65027.800265,656.5966,1208,
2026-04-06 17:23:00,656.765,657.15,656.711,656.975,87220.263114,657.0086,1540,
2026-04-06 17:24:00,656.97,657.28,656.95,657.255,56735.030033,657.1201,929,
2026-04-06 17:25:00,657.26,657.39,657.03,657.265,79716.345979,657.2122,1311,
2026-04-06 17:26:00,657.29,657.3,656.98,657.09,32897.093964,657.1141,697,
2026-04-06 17:27:00,657.08,657.48,657.07,657.285,70914.960552,657.3387,959,
2026-04-06 17:28:00,657.3,657.46,657.21,657.43,59427.705601,657.2993,978,
2026-04-06 17:29:00,657.42,657.57,657.39,657.3901,44623.841723,657.4705,801,
2026-04-06 17:30:00,657.41,657.43,657.16,657.2601,36122.050222,657.2865,924,
2026-04-06 17:31:00,657.2603,657.72,657.255,657.616,66881.809023,657.4659,1368,
2026-04-06 17:32:00,657.63,657.75,657.48,657.5,42583.903134,657.6311,972,
2026-04-06 17:33:00,657.48,657.485,657.3,657.465,64075.267196,657.3862,1321,
2026-04-06 17:34:00,657.46,658.0,657.22,657.42,146143.313356,657.5884,2585,
2026-04-06 17:35:00,657.42,657.57,657.34,657.496,44323.894532,657.4736,840,
2026-04-06 17:36:00,657.475,657.71,657.46,657.69,26218.844651,657.5871,596,
2026-04-06 17:37:00,657.679,657.69,657.24,657.28,44078.871619,657.4095,1046,
2026-04-06 17:38:00,657.28,657.3,657.07,657.24,76527.846967,657.1865,1327,
2026-04-06 17:39:00,657.2401,657.35,657.06,657.21,39349.374414,657.1865,792,
2026-04-06 17:40:00,657.19,657.24,657.04,657.15,45401.849738,657.1057,828,
2026-04-06 17:41:00,657.1101,657.14,656.88,656.94,77051.788623,657.0181,1114,
2026-04-06 17:42:00,656.98,657.1,656.87,656.93,44655.320984,656.9851,864,
2026-04-06 17:43:00,656.9171,657.042,656.8099,657.0,60211.991411,656.9283,939,
2026-04-06 17:44:00,656.99,657.18,656.91,657.13,44485.40519,657.0348,696,
2026-04-06 17:45:00,657.12,657.12,656.9,656.91,24879.034778,656.9926,541,
2026-04-06 17:46:00,656.915,656.99,656.72,656.79,85927.562997,656.8609,1360,
2026-04-06 17:47:00,656.795,656.795,656.62,656.67,30761.494977,656.7122,719,
2026-04-06 17:48:00,656.66,656.72,656.6015,656.68,42052.256671,656.6846,734,
2026-04-06 17:49:00,656.67,656.8899,656.67,656.83,21776.719684,656.7818,632,
2026-04-06 17:50:00,656.83,656.9,656.62,656.69,81311.888343,656.8988,639,
2026-04-06 17:51:00,656.71,656.84,656.6,656.796,35995.203134,656.7253,671,
2026-04-06 17:52:00,656.78,656.98,656.775,656.81,61357.817254,656.8714,983,
2026-04-06 17:53:00,656.8,656.82,656.55,656.61,27988.032307,656.68,614,
2026-04-06 17:54:00,656.62,656.66,656.4501,656.605,44423.117297,656.5533,749,
2026-04-06 17:55:00,656.615,656.88,656.61,656.75,43705.460265,656.7294,756,
2026-04-06 17:56:00,656.75,656.8,656.6,656.66,21354.651264,656.6979,557,
2026-04-06 17:57:00,656.69,656.73,656.5,656.5,50599.028471,656.5688,512,
2026-04-06 17:58:00,656.48,656.54,656.43,656.495,61212.003754,656.4776,1087,
2026-04-06 17:59:00,656.48,656.63,656.4559,656.47,127705.099409,656.5916,598,
2026-04-06 18:00:00,656.5,656.59,656.38,656.48,48801.077588,656.4711,980,
2026-04-06 18:01:00,656.51,656.63,656.42,656.47,60782.953004,656.5141,842,
2026-04-06 18:02:00,656.46,656.53,656.35,656.45,38755.224792,656.4362,869,
2026-04-06 18:03:00,656.45,656.5755,656.37,656.434549,53908.778873,656.4784,1061,
2026-04-06 18:04:00,656.42,656.63,656.22,656.33,82791.551488,656.4145,7634,
2026-04-06 18:05:00,656.31,656.61,656.3001,656.4801,49093.700206,656.4527,7446,
2026-04-06 18:06:00,656.49,656.52,656.3701,656.42,36949.283827,656.4628,695,
2026-04-06 18:07:00,656.39,656.64,656.39,656.52,27855.766098,656.545,822,
2026-04-06 18:08:00,656.55,656.6,656.39,656.54,28752.907704,656.5194,655,
2026-04-06 18:09:00,656.516,656.87,656.516,656.745,56017.001138,656.6959,976,
2026-04-06 18:10:00,656.73,657.47,656.72,657.33,139206.204391,657.122,1809,
2026-04-06 18:11:00,657.33,657.87,657.19,657.47,183774.612602,657.4863,2661,
2026-04-06 18:12:00,657.46,657.58,657.2401,657.44,80534.668424,657.4349,1579,
2026-04-06 18:13:00,657.46,657.56,657.23,657.35,54654.113363,657.3781,939,
2026-04-06 18:14:00,657.4,657.4346,657.09,657.34,76751.936306,657.2322,1222,
2026-04-06 18:15:00,657.37,657.57,657.28,657.53,28814.113014,657.4117,677,
2026-04-06 18:16:00,657.5,657.6967,657.37,657.57,50161.206176,657.5168,740,
2026-04-06 18:17:00,657.57,657.77,657.5101,657.72,47099.694012,657.6628,808,
2026-04-06 18:18:00,657.72,657.97,657.72,657.91,93614.75651,657.816,1357,
2026-04-06 18:19:00,657.89,658.13,657.8,657.965,115916.231069,657.9087,1763,
2026-04-06 18:20:00,657.96,658.03,657.86,657.89,106677.413237,657.9532,1608,
2026-04-06 18:21:00,657.89,658.15,657.8,658.11,55595.483788,657.9717,1041,
2026-04-06 18:22:00,658.1,658.1,657.94,658.05,78059.348879,658.0144,868,
2026-04-06 18:23:00,658.08,658.25,657.9981,658.1701,90110.075792,658.1081,1005,
2026-04-06 18:24:00,658.2,658.65,658.12,658.3601,131431.903904,658.3972,1766,
2026-04-06 18:25:00,658.39,658.41,658.0699,658.22,108268.320883,658.2071,1271,
2026-04-06 18:26:00,658.2,658.2299,657.95,657.95,61611.387677,658.082,1140,
2026-04-06 18:27:00,657.94,658.53,657.87,658.3901,116486.708948,658.2685,1632,
2026-04-06 18:28:00,658.49,658.62,658.27,658.295,145846.386155,658.3878,1701,
2026-04-06 18:29:00,658.28,658.36,658.155,658.24,43195.560018,658.2398,709,
2026-04-06 18:30:00,658.23,658.5224,658.21,658.3606,59367.057472,658.3911,943,
2026-04-06 18:31:00,658.36,658.44,658.27,658.38,40044.789609,658.342,763,
2026-04-06 18:32:00,658.375,658.41,658.03,658.26,82412.269772,658.2111,1345,
2026-04-06 18:33:00,658.2409,658.29,658.02,658.02,66968.727817,658.1592,1117,
2026-04-06 18:34:00,658.04,658.07,657.73,657.96,101469.90254,657.8915,2008,
2026-04-06 18:35:00,657.93,658.22,657.9,658.18,70045.757092,658.0966,1159,
2026-04-06 18:36:00,658.195,658.23,658.03,658.07,36383.012588,658.1264,636,
2026-04-06 18:37:00,658.07,658.1,657.94,658.05,38622.343915,658.0448,760,
2026-04-06 18:38:00,658.04,658.12,658.02,658.07,19197.55782,658.0544,523,
2026-04-06 18:39:00,658.08,658.13,657.88,657.8901,27523.188557,658.0134,635,
2026-04-06 18:40:00,657.93,657.95,657.77,657.7954,543349.228013,657.9876,854,
2026-04-06 18:41:00,657.8,657.88,657.77,657.87,20564.245338,657.8278,473,
2026-04-06 18:42:00,657.88,657.99,657.84,657.84,22397.67893,657.8898,533,
2026-04-06 18:43:00,657.88,657.91,657.74,657.86,55139.812212,657.842,882,
2026-04-06 18:44:00,657.88,657.95,657.755,657.9,31065.795322,657.8636,767,
2026-04-06 18:45:00,657.8999,658.28,657.8999,658.02,47957.802959,658.113,982,
2026-04-06 18:46:00,658.02,658.13,657.87,657.95,39468.323939,658.0218,741,
2026-04-06 18:47:00,657.98,658.1094,657.96,658.0,33326.339179,658.0271,737,
2026-04-06 18:48:00,658.0,658.11,657.86,658.09,56015.263769,658.0014,914,
2026-04-06 18:49:00,658.1199,658.1399,658.024,658.1299,25015.174576,658.0864,539,
2026-04-06 18:50:00,658.13,658.26,658.12,658.2,38253.860163,658.2074,663,
2026-04-06 18:51:00,658.24,658.29,658.105,658.105,42948.6549,658.2015,664,
2026-04-06 18:52:00,658.15,658.21,658.14,658.2,28370.81785,658.1866,538,
2026-04-06 18:53:00,658.195,658.29,658.19,658.23,69601.236736,658.2317,874,
2026-04-06 18:54:00,658.25,658.39,658.21,658.28,45110.323108,658.3009,537,
2026-04-06 18:55:00,658.27,658.41,658.25,658.3,41829.240442,658.3457,771,
2026-04-06 18:56:00,658.3,658.37,658.23,658.33,51167.794114,658.3196,796,
2026-04-06 18:57:00,658.33,658.37,658.2383,658.25,53235.462913,658.302,807,
2026-04-06 18:58:00,658.265,658.36,658.25,658.315,38049.707819,658.293,637,
2026-04-06 18:59:00,658.32,658.38,658.29,658.29,25438.85713,658.3411,521,
2026-04-06 19:00:00,658.32,658.355,658.13,658.28,82575.237778,658.2293,1371,
2026-04-06 19:01:00,658.28,658.37,658.28,658.32,53374.386011,658.3229,886,
2026-04-06 19:02:00,658.31,658.34,658.145,658.2925,65118.958188,658.2767,886,
2026-04-06 19:03:00,658.3,658.31,658.1207,658.31,46437.847509,658.2066,764,
2026-04-06 19:04:00,658.31,658.3701,658.225,658.3701,35365.959099,658.2831,564,
2026-04-06 19:05:00,658.38,658.42,658.25,658.305,59767.726196,658.3134,917,
2026-04-06 19:06:00,658.305,658.33,658.17,658.2109,41771.87037,658.2487,690,
2026-04-06 19:07:00,658.205,658.21,658.09,658.15,32098.746803,658.1358,658,
2026-04-06 19:08:00,658.16,658.19,657.91,657.98,77491.371882,658.0774,1434,
2026-04-06 19:09:00,657.9709,658.06,657.95,657.98,52441.627466,657.9982,787,
2026-04-06 19:10:00,657.98,658.01,657.91,657.93,37049.085918,657.9627,851,
2026-04-06 19:11:00,657.91,658.0299,657.86,657.995,86578.721294,657.9349,1297,
2026-04-06 19:12:00,657.99,658.03,657.88,657.94,44876.936109,657.9407,897,
2026-04-06 19:13:00,657.94,658.2199,657.9201,658.11,112319.365484,658.0889,1564,
2026-04-06 19:14:00,658.105,658.15,658.06,658.13,44990.75021,658.0955,701,
2026-04-06 19:15:00,658.1349,658.19,658.06,658.1399,97257.851457,658.1094,1041,
2026-04-06 19:16:00,658.135,658.18,657.95,658.04,75083.750742,658.0744,1205,
2026-04-06 19:17:00,658.03,658.1,657.94,658.0499,68229.553114,658.0386,1075,
2026-04-06 19:18:00,658.01,658.06,657.87,658.0408,63703.060139,657.9516,881,
2026-04-06 19:19:00,658.0536,658.11,658.0038,658.05,54074.201408,658.0547,818,
2026-04-06 19:20:00,658.06,658.15,658.05,658.12,31900.152452,658.0873,644,
2026-04-06 19:21:00,658.13,658.29,658.115,658.2064,58620.663356,658.2002,1051,
2026-04-06 19:22:00,658.2,658.21,657.99,657.9928,66756.118225,658.0757,1009,
2026-04-06 19:23:00,658.02,658.0995,657.92,658.0,61976.210069,658.0147,876,
2026-04-06 19:24:00,658.01,658.02,657.89,657.9701,65480.750972,657.946,885,
2026-04-06 19:25:00,657.975,658.075,657.92,658.07,48458.347268,657.9823,864,
2026-04-06 19:26:00,658.061,658.16,657.98,658.01,70862.533751,658.0649,1037,
2026-04-06 19:27:00,658.02,658.05,657.8701,657.89,52504.838563,657.9592,1010,
2026-04-06 19:28:00,657.89,657.95,657.86,657.92,47832.19294,657.9062,857,
2026-04-06 19:29:00,657.9,657.98,657.88,657.8801,43895.451871,657.9302,988,
2026-04-06 19:30:00,657.88,658.0,657.81,657.95,61363.375835,657.885,1208,
2026-04-06 19:31:00,657.94,657.97,657.85,657.91,52412.922437,657.8965,920,
2026-04-06 19:32:00,657.9,658.04,657.895,658.03,48726.533926,657.9854,911,
2026-04-06 19:33:00,658.03,658.1895,658.03,658.17,54331.630634,658.1285,1091,
2026-04-06 19:34:00,658.17,658.17,658.06,658.1,82483.010205,658.1163,1317,
2026-04-06 19:35:00,658.11,658.19,658.11,658.16,39495.614838,658.1568,765,
2026-04-06 19:36:00,658.16,658.27,658.02,658.15,162182.148387,658.1312,2597,
2026-04-06 19:37:00,658.16,658.21,658.11,658.2,52987.44605,658.1696,912,
2026-04-06 19:38:00,658.19,658.19,658.06,658.14,64319.638036,658.1299,1013,
2026-04-06 19:39:00,658.14,658.21,658.09,658.11,64476.012705,658.1526,875,
2026-04-06 19:40:00,658.11,658.22,658.07,658.07,81338.694433,658.1512,1337,
2026-04-06 19:41:00,658.07,658.09,657.83,657.89,94152.765428,657.9483,1442,
2026-04-06 19:42:00,657.88,657.9999,657.84,657.99,55127.457744,657.9311,946,
2026-04-06 19:43:00,657.99,658.1,657.99,658.05,65766.890272,658.0484,1129,
2026-04-06 19:44:00,658.045,658.29,658.0401,658.27,102121.111416,658.2139,1548,
2026-04-06 19:45:00,658.24,658.53,658.21,658.49,277400.871826,658.4091,3337,
2026-04-06 19:46:00,658.47,658.48,658.33,658.4,123636.916132,658.4057,1736,
2026-04-06 19:47:00,658.4,658.46,658.27,658.28,151259.195531,658.3754,1760,
2026-04-06 19:48:00,658.29,658.52,658.2801,658.5191,223605.132411,658.3885,2117,
2026-04-06 19:49:00,658.51,658.78,658.45,658.73,427397.509649,658.5725,3945,
2026-04-06 19:50:00,658.74,658.9,658.48,658.63,797999.335621,658.5663,2782,
2026-04-06 19:51:00,658.62,658.65,658.51,658.6,168134.139991,658.5852,1751,
2026-04-06 19:52:00,658.61,658.65,658.34,658.355,160941.260044,658.4987,2081,
2026-04-06 19:53:00,658.37,658.55,658.3,658.53,152620.437816,658.4643,2318,
2026-04-06 19:54:00,658.53,658.53,658.28,658.3,163927.793873,658.3865,2540,
2026-04-06 19:55:00,658.31,658.43,658.07,658.25,173096.802622,658.2594,2586,
2026-04-06 19:56:00,658.25,658.41,658.2,658.24,154840.806569,658.2914,2386,
2026-04-06 19:57:00,658.24,658.51,658.17,658.4501,280478.487804,657.225,2608,
2026-04-06 19:58:00,658.4696,658.65,658.46,658.6399,233426.77797,658.573,3682,
2026-04-06 19:59:00,658.64,658.92,658.455,658.87,692811.972796,658.7261,9293,
2026-04-06 20:00:00,658.86,659.04,658.7,658.78,128351.920741,658.8292,626,
2026-04-06 20:01:00,658.8,658.94,658.72,658.86,51984.425322,658.8566,343,
2026-04-06 20:02:00,658.87,658.91,658.82,658.84,226160.378742,657.2089,398,
2026-04-06 20:03:00,658.83,658.93,658.83,658.87,76050.030892,658.8703,317,
2026-04-06 20:04:00,658.87,658.88,658.67,658.71,44055.481657,658.7583,354,
2026-04-06 20:05:00,658.7199,658.7199,658.49,658.4979,152239.172828,656.3493,231,
2026-04-06 20:06:00,658.49,658.58,658.46,658.58,21409.980808,658.5042,142,
2026-04-06 20:07:00,658.5664,658.62,658.47,658.47,7493.414631,658.5354,95,
2026-04-06 20:08:00,658.51,658.54,658.43,658.44,18182.979118,658.4835,157,
2026-04-06 20:09:00,658.42,658.47,658.4,658.47,18223.042396,658.4343,159,
2026-04-06 20:10:00,658.45,658.55,658.41,658.45,37062.230143,658.4885,375,
2026-04-06 20:11:00,658.445,658.54,658.38,658.53,289705.804757,656.2309,230,
2026-04-06 20:12:00,658.5,658.57,658.36,658.55,995521.6709,658.7976,175,
2026-04-06 20:13:00,658.53,658.65,658.52,658.54,2022.895786,658.5505,56,
2026-04-06 20:14:00,658.46,658.54,658.32,658.48,46529.617527,658.418,400,
2026-04-06 20:15:00,658.42,658.43,658.34,658.38,3568.385295,658.4022,73,
2026-04-06 20:16:00,658.38,658.46,658.34,658.34,8124.598015,658.3922,87,
2026-04-06 20:17:00,658.39,658.45,658.35,658.36,20657.233324,658.3902,215,
2026-04-06 20:18:00,658.34,658.37,658.3,658.37,2544.254456,658.3231,57,
2026-04-06 20:19:00,658.37,658.54,658.37,658.51,15651.142437,658.4701,151,
2026-04-06 20:20:00,658.54,658.67,658.54,658.5778,26297.951612,658.566,201,
2026-04-06 20:21:00,658.5706,658.64,658.5706,658.63,4204.538531,658.6248,49,
2026-04-06 20:22:00,658.63,658.64,658.6,658.6,3989.488932,658.6091,56,
2026-04-06 20:23:00,658.6,658.72,658.6,658.67,2184.788415,658.673,53,
2026-04-06 20:24:00,658.67,658.69,658.63,658.69,5285.321159,658.6587,99,
2026-04-06 20:25:00,658.73,658.79,658.63,658.78,14877.86352,658.6769,145,
2026-04-06 20:26:00,658.75,658.8,658.74,658.8,1240.736067,658.7712,37,
2026-04-06 20:27:00,658.8,658.8,658.7,658.7005,2340.928905,658.7334,59,
2026-04-06 20:28:00,658.75,658.81,658.7323,658.8,4995.510297,658.7812,53,
2026-04-06 20:29:00,658.795,658.795,658.7,658.7,13287.044369,658.7732,79,
2026-04-06 20:30:00,658.7,658.84,658.7,658.84,4409.506311,658.7705,68,
2026-04-06 20:31:00,658.81,658.81,658.75,658.75,1394.669718,658.7892,44,
2026-04-06 20:32:00,658.74,658.79,658.68,658.75,14836.000935,658.7452,121,
2026-04-06 20:33:00,658.76,658.8,658.7,658.74,9427.408118,658.7678,82,
2026-04-06 20:34:00,658.73,658.78,658.73,658.78,15237.08053,658.7773,99,
2026-04-06 20:35:00,658.8,658.93,658.8,658.8538,55065.187513,658.856,299,
2026-04-06 20:36:00,658.89,658.94,658.88,658.94,3709.629594,658.9074,42,
2026-04-06 20:37:00,658.95,659.0,658.95,658.99,1533.025931,658.9759,32,
2026-04-06 20:38:00,658.9274,658.9274,658.85,658.85,1833.886422,658.8799,42,
2026-04-06 20:39:00,658.82,658.83,658.74,658.75,2130.561135,658.7993,31,
2026-04-06 20:40:00,658.73,658.8,658.73,658.77,275.502818,658.7636,23,
2026-04-06 20:41:00,658.71,658.71,658.68,658.68,254.241259,658.6996,27,
2026-04-06 20:42:00,658.76,658.76,658.72,658.72,762000.501212,658.8,23,
2026-04-06 20:43:00,658.7,658.73,658.65,658.73,2907.339703,658.6881,45,
2026-04-06 20:44:00,658.71,658.78,658.71,658.72,2440.774194,658.7528,35,
2026-04-06 20:45:00,658.7,658.7215,658.7,658.71,983.368954,658.7077,21,
2026-04-06 20:46:00,658.68,658.68,658.66,658.66,844.977493,658.6717,30,
2026-04-06 20:47:00,658.64,658.64,658.57,658.57,1293.902104,658.6016,28,
2026-04-06 20:48:00,658.55,658.57,658.51,658.55,1087.98558,658.5531,29,
2026-04-06 20:49:00,658.57,658.57,658.54,658.57,544.474203,658.5618,20,
2026-04-06 20:50:00,658.5492,658.57,658.53,658.5352,775.030389,658.5564,15,
2026-04-06 20:51:00,658.53,658.58,658.53,658.58,3678.404621,658.559,29,
2026-04-06 20:53:00,658.5339,658.58,658.53,658.58,3175.155799,658.5613,34,
2026-04-06 20:54:00,658.51,658.56,658.51,658.55,1021.0,658.5236,21,
2026-04-06 20:55:00,658.6,658.63,658.6,658.63,325.943634,658.6196,17,
2026-04-06 20:56:00,658.62,658.62,658.58,658.58,5261.724333,658.5871,46,
2026-04-06 20:57:00,658.62,658.65,658.61,658.65,560.217514,658.6216,13,
2026-04-06 20:58:00,658.63,658.65,658.6009,658.65,993.677001,658.6416,24,
2026-04-06 20:59:00,658.65,658.65,658.65,658.65,133.132497,658.6443,17,
2026-04-06 21:00:00,658.67,658.67,658.67,658.67,227.059567,658.6706,13,
2026-04-06 21:01:00,658.63,658.63,658.63,658.63,98.166163,658.6376,16,
2026-04-06 21:02:00,658.63,658.63,658.61,658.61,639.51567,658.6216,26,
2026-04-06 21:03:00,658.55,658.55,658.55,658.55,111.0,658.5567,6,
2026-04-06 21:04:00,658.57,658.62,658.57,658.62,276.889494,658.598,16,
2026-04-06 21:05:00,658.56,658.61,658.56,658.61,334.096045,658.5787,12,
2026-04-06 21:06:00,658.62,658.65,658.5704,658.5704,977.296154,658.6134,28,
2026-04-06 21:08:00,658.66,658.66,658.63,658.63,159.170153,658.6446,10,
2026-04-06 21:09:00,658.66,658.8,658.64,658.8,401.943793,658.7158,26,
2026-04-06 21:10:00,658.7,658.7,658.7,658.7,150.975098,658.6977,24,
2026-04-06 21:11:00,658.74,658.93,658.73,658.93,3202.111286,658.9118,16,
2026-04-06 21:12:00,658.71,658.86,658.71,658.85,8820.317367,658.8361,64,
2026-04-06 21:13:00,658.86,658.86,658.79,658.79,1772.339607,658.8469,32,
2026-04-06 21:14:00,658.8,658.8,658.6722,658.72,386.037949,658.7567,13,
2026-04-06 21:15:00,658.79,658.82,658.68,658.71,11302.28029,658.7022,53,
2026-04-06 21:16:00,658.68,658.69,658.65,658.65,3097.023854,658.6593,36,
2026-04-06 21:17:00,658.64,658.65,658.64,658.65,3031.094046,658.6487,22,
2026-04-06 21:18:00,658.62,658.65,658.62,658.65,564.103397,658.6228,15,
2026-04-06 21:19:00,658.64,658.65,658.64,658.65,307.940167,658.6459,22,
2026-04-06 21:20:00,658.65,658.65,658.65,658.65,125.473042,658.64,20,
2026-04-06 21:21:00,658.65,658.65,658.65,658.65,541.150679,658.6488,28,
2026-04-06 21:22:00,658.65,658.81,658.65,658.81,1262.516532,658.7084,45,
2026-04-06 21:23:00,658.83,658.88,658.83,658.88,6575.572527,658.844,148,
2026-04-06 21:25:00,658.71,658.85,658.6312,658.85,2764.333975,658.8121,29,
2026-04-06 21:26:00,658.85,659.09,658.85,658.96,7676.55017,658.937,87,
2026-04-06 21:27:00,658.99,658.99,658.91,658.93,4124.495859,658.961,38,
2026-04-06 21:28:00,658.83,658.892,658.83,658.892,218.541538,658.8532,15,
2026-04-06 21:29:00,658.83,658.83,658.83,658.83,111.774468,658.8344,12,
2026-04-06 21:30:00,658.85,658.85,658.8,658.8001,420.429094,658.817,19,
2026-04-06 21:31:00,658.85,658.86,658.85,658.86,136.195454,658.8544,8,
2026-04-06 21:32:00,658.9523,658.9523,658.92,658.92,127.623032,658.9226,13,
2026-04-06 21:33:00,658.89,658.89,658.81,658.89,272.227522,658.8716,16,
2026-04-06 21:34:00,658.82,658.82,658.82,658.82,263.168333,658.8524,12,
2026-04-06 21:36:00,658.82,658.8882,658.82,658.8882,235.902511,658.849,13,
2026-04-06 21:38:00,658.8461,658.85,658.8461,658.85,245.8699,658.8446,10,
2026-04-06 21:39:00,658.83,658.83,658.83,658.83,49.455455,658.8318,5,
2026-04-06 21:42:00,658.8,658.9,658.78,658.78,1147.714219,658.8769,20,
2026-04-06 21:43:00,658.88,658.9,658.7629,658.9,426.551853,658.8563,20,
2026-04-06 21:44:00,658.9,658.9,658.85,658.85,293.167046,658.8597,9,
2026-04-06 21:45:00,658.85,658.8996,658.85,658.8996,722.789223,658.8635,11,
2026-04-06 21:47:00,658.86,658.86,658.76,658.82,834.939318,658.8329,29,
2026-04-06 21:48:00,658.76,658.76,658.76,658.76,282.614991,658.7639,28,
2026-04-06 21:49:00,658.8473,658.8473,658.8473,658.8473,130.00639,658.8298,19,
2026-04-06 21:50:00,658.85,658.85,658.79,658.8,829.687452,658.8039,25,
2026-04-06 21:52:00,658.79,658.79,658.73,658.73,678.780272,658.7711,27,
2026-04-06 21:54:00,658.75,658.75,658.73,658.7499,607.393447,658.7461,17,
2026-04-06 21:55:00,658.7307,658.74,658.7307,658.74,517.405711,658.7384,19,
2026-04-06 21:56:00,658.75,658.75,658.71,658.71,1136.448376,658.7366,30,
2026-04-06 21:57:00,658.7039,658.7039,658.7,658.7,421.137812,658.7009,21,
2026-04-06 21:58:00,658.7,658.73,658.7,658.73,349.241377,658.708,30,
2026-04-06 21:59:00,658.7,658.7,658.68,658.68,1397.569112,658.6967,34,
2026-04-06 22:00:00,658.75,658.97,658.52,658.97,8606.261532,658.7019,126,
2026-04-06 22:01:00,658.98,659.02,658.9,659.01,7018.301883,658.9659,87,
2026-04-06 22:02:00,659.01,659.01,658.9206,658.93,378.203386,658.9538,27,
2026-04-06 22:03:00,658.99,659.14,658.99,659.03,4778.170789,659.0603,60,
2026-04-06 22:04:00,659.1,659.33,659.1,659.32,2865.546133,659.2567,66,
2026-04-06 22:05:00,659.32,659.4874,659.26,659.4,6403.928964,659.3923,83,
2026-04-06 22:06:00,659.42,659.49,659.3614,659.48,1172.462001,659.4651,57,
2026-04-06 22:07:00,659.4,659.4,659.29,659.38,611.141807,659.3759,36,
2026-04-06 22:08:00,659.35,659.35,659.25,659.25,1424.103419,659.2946,28,
2026-04-06 22:09:00,659.25,659.25,659.17,659.17,1962.767452,659.217,45,
2026-04-06 22:10:00,659.3,659.3,659.23,659.28,1245.8347,659.2377,25,
2026-04-06 22:11:00,659.28,659.28,659.28,659.28,361.870944,659.2689,26,
2026-04-06 22:12:00,659.29,659.29,659.2516,659.2516,1211.428539,659.2738,12,
2026-04-06 22:13:00,659.21,659.25,659.16,659.17,1770.448239,659.1816,30,
2026-04-06 22:14:00,659.15,659.26,659.15,659.25,3931.222307,659.2221,36,
2026-04-06 22:15:00,659.21,659.22,659.21,659.22,331.217089,659.2302,20,
2026-04-06 22:16:00,659.25,659.25,659.25,659.25,313.240263,659.2506,12,
2026-04-06 22:17:00,659.28,659.29,659.28,659.29,512.353007,659.2832,29,
2026-04-06 22:18:00,659.34,659.35,659.25,659.25,1010.091552,659.3228,33,
2026-04-06 22:19:00,659.25,659.25,659.25,659.25,267.279788,659.2492,14,
2026-04-06 22:20:00,659.2,659.2,659.12,659.12,1983.096745,659.1387,41,
2026-04-06 22:21:00,659.0912,659.0912,658.96,658.97,2106.244612,659.0163,41,
2026-04-06 22:22:00,658.98,658.99,658.97,658.97,651.201742,658.9674,16,
2026-04-06 22:23:00,658.88,658.88,658.0,658.0,12128.544306,658.3656,215,
2026-04-06 22:24:00,658.15,658.31,657.98,658.12,2894.760403,658.1094,79,
2026-04-06 22:25:00,658.26,658.27,658.15,658.27,893.202302,658.2371,36,
2026-04-06 22:26:00,658.38,658.38,658.26,658.26,1442.357649,658.3216,23,
2026-04-06 22:27:00,658.23,658.23,658.23,658.23,233.234809,658.2075,19,
2026-04-06 22:28:00,658.24,658.24,658.16,658.16,1236.148039,658.2199,24,
2026-04-06 22:29:00,658.2015,658.3436,658.2,658.26,1714.025081,658.2994,11,
2026-04-06 22:30:00,658.37,658.37,658.35,658.35,1228.096956,658.3541,22,
2026-04-06 22:31:00,658.37,658.37,658.2809,658.31,1414.639831,658.3336,36,
2026-04-06 22:32:00,658.22,658.22,658.11,658.11,1353.009305,658.1578,30,
2026-04-06 22:33:00,658.1,658.11,658.0,658.05,3573.339872,658.0659,60,
2026-04-06 22:34:00,657.91,658.02,657.91,658.02,1746.401397,657.9432,22,
2026-04-06 22:35:00,657.92,658.0,657.92,658.0,841.454635,657.9488,25,
2026-04-06 22:36:00,658.12,658.12,658.07,658.07,930.064309,658.1126,19,
2026-04-06 22:37:00,658.0929,658.1,658.0929,658.1,1703.704852,658.1027,40,
2026-04-06 22:38:00,658.2301,658.2483,658.0856,658.0856,351.372193,658.1924,16,
2026-04-06 22:39:00,658.1987,658.3183,658.1987,658.26,768.247042,658.2574,24,
2026-04-06 22:40:00,658.27,658.27,658.27,658.27,74.378648,658.2722,9,
2026-04-06 22:41:00,658.33,658.33,658.33,658.33,280.400611,658.3296,13,
2026-04-06 22:42:00,658.35,658.35,658.3499,658.3499,421.208896,658.3485,14,
2026-04-06 22:43:00,658.33,658.35,658.29,658.29,303.278878,658.3177,17,
2026-04-06 22:45:00,658.27,658.27,658.24,658.24,1059.123882,658.2661,16,
2026-04-06 22:46:00,658.27,658.31,658.23,658.23,216.373411,658.2677,15,
2026-04-06 22:47:00,658.2696,658.2696,658.2696,658.2696,203.041844,658.2742,17,
2026-04-06 22:48:00,658.2898,658.2898,658.2898,658.2898,511.274751,658.2898,8,
2026-04-06 22:49:00,658.2948,658.2948,658.29,658.29,175.643106,658.2912,13,
2026-04-06 22:50:00,658.29,658.39,658.29,658.39,1351.176947,658.3475,23,
2026-04-06 22:51:00,658.38,658.38,658.27,658.29,583.223372,658.3222,22,
2026-04-06 22:52:00,658.2701,658.3,658.17,658.17,1343.715989,658.2554,33,
2026-04-06 22:53:00,658.26,658.26,658.09,658.09,566.014812,658.1399,18,
2026-04-06 22:54:00,658.07,658.07,658.07,658.07,439.312473,658.0759,16,
2026-04-06 22:55:00,658.12,658.18,658.0848,658.0848,272.402164,658.1284,17,
2026-04-06 22:56:00,658.09,658.1,657.93,657.93,4907.290817,658.0522,61,
2026-04-06 22:57:00,658.0,658.05,657.99,658.05,6119.182455,658.0097,41,
2026-04-06 22:58:00,658.04,658.09,658.04,658.08,9668.236973,658.064,53,
2026-04-06 22:59:00,658.01,658.05,657.94,657.94,3429.19475,658.0197,24,
2026-04-06 23:00:00,658.0,658.02,657.95,658.02,1849.518392,657.9766,22,
2026-04-06 23:01:00,658.04,658.22,658.04,658.22,969.282689,658.0856,27,
2026-04-06 23:02:00,658.08,658.08,658.08,658.08,154.736237,658.0815,19,
2026-04-06 23:03:00,658.03,658.03,658.03,658.03,266.535144,658.0392,15,
2026-04-06 23:04:00,658.08,658.16,658.0711,658.159,481.017806,658.1213,19,
2026-04-06 23:05:00,658.24,658.31,658.23,658.31,920.422045,658.2734,18,
2026-04-06 23:06:00,658.18,658.25,658.18,658.25,269.133774,658.2278,18,
2026-04-06 23:07:00,658.29,658.29,658.29,658.29,107.08,658.2876,6,
2026-04-06 23:08:00,658.23,658.23,658.23,658.23,268.947165,658.2202,14,
2026-04-06 23:09:00,658.19,658.29,658.19,658.29,611.092596,658.2076,12,
2026-04-06 23:10:00,658.29,658.55,658.29,658.5,1099.407932,658.4855,40,
2026-04-06 23:11:00,658.5,658.53,658.5,658.53,715.186264,658.5047,16,
2026-04-06 23:12:00,658.5,658.5,658.5,658.5,147.513687,658.4977,18,
2026-04-06 23:13:00,658.51,658.51,658.51,658.51,130.406218,658.5113,11,
2026-04-06 23:14:00,658.47,658.5,658.47,658.5,1569.127564,658.4974,16,
2026-04-06 23:16:00,658.36,658.36,658.36,658.36,813.682412,658.3612,9,
2026-04-06 23:17:00,658.36,658.36,658.36,658.36,205.5,658.3607,6,
2026-04-06 23:18:00,658.35,658.35,658.35,658.35,65.065013,658.3479,11,
2026-04-06 23:19:00,658.33,658.38,658.33,658.38,209.413241,658.3562,14,
2026-04-06 23:20:00,658.36,658.36,658.36,658.36,1526.930986,658.36,21,
2026-04-06 23:21:00,658.27,658.27,658.25,658.26,598.718947,658.259,26,
2026-04-06 23:22:00,658.26,658.26,658.17,658.17,1179.059193,658.218,19,
2026-04-06 23:23:00,658.34,658.34,658.34,658.34,116.302995,658.3272,12,
2026-04-06 23:24:00,658.22,658.22,658.22,658.22,75.969607,658.243,17,
2026-04-06 23:25:00,658.19,658.22,658.19,658.22,248.374094,658.2138,12,
2026-04-06 23:26:00,658.2225,658.2225,658.2225,658.2225,226.45336,658.2288,12,
2026-04-06 23:28:00,658.2636,658.2636,658.2636,658.2636,205.218494,658.2651,11,
2026-04-06 23:29:00,658.3,658.3,658.3,658.3,166.51019,658.2825,26,
2026-04-06 23:30:00,658.09,658.09,658.05,658.08,2614.017988,658.0714,19,
2026-04-06 23:31:00,658.15,658.15,658.15,658.15,122.423109,658.139,11,
2026-04-06 23:35:00,658.32,658.32,658.27,658.27,266.195277,658.3073,14,
2026-04-06 23:36:00,658.2004,658.2195,658.2,658.2,1753.02771,658.2079,15,
2026-04-06 23:40:00,658.22,658.22,658.22,658.22,50.013035,658.2212,7,
2026-04-06 23:44:00,658.18,658.18,658.18,658.18,57.947433,658.1755,11,
2026-04-06 23:45:00,658.17,658.37,658.17,658.37,1249.024529,658.2623,18,
2026-04-06 23:46:00,658.261,658.2951,658.26,658.2951,1137.070486,658.2908,12,
2026-04-06 23:47:00,658.13,658.13,658.13,658.13,257.349846,658.1342,20,
2026-04-06 23:49:00,658.2195,658.2195,658.2195,658.2195,189.916271,658.207,12,
2026-04-06 23:52:00,658.2,658.2,658.2,658.2,570.010026,658.1975,13,
2026-04-06 23:53:00,658.19,658.19,658.19,658.19,791.310719,658.1885,12,
2026-04-06 23:54:00,658.16,658.16,658.16,658.16,109.031688,658.1601,8,
2026-04-06 23:55:00,658.2,658.2,658.1378,658.1378,706.214573,658.1854,14,
2026-04-06 23:56:00,658.15,658.15,658.09,658.09,433.490962,658.1216,21,
2026-04-06 23:57:00,658.17,658.17,658.02,658.02,2880.864971,658.0983,26,
2026-04-06 23:58:00,658.0,658.03,657.9112,658.01,2805.941127,658.0032,44,
2026-04-06 23:59:00,657.96,657.96,657.82,657.91,6334.457277,657.9042,62,
